solid OpenSCAD_Model
  facet normal 0.302357 -0.639208 -0.707102
    outer loop
      vertex 65.3481 0.228363 0.599999
      vertex 65.331 0.884003 0
      vertex 65.6142 0.354233 0.599999
    endloop
  endfacet
  facet normal 0.904125 0.427269 0
    outer loop
      vertex 66.9716 53.048 24.9
      vertex 66.8458 53.3142 0.599999
      vertex 66.8458 53.3142 24.9
    endloop
  endfacet
  facet normal 0.904125 0.427269 0
    outer loop
      vertex 66.8458 53.3142 0.599999
      vertex 66.9716 53.048 24.9
      vertex 66.9716 53.048 0.599999
    endloop
  endfacet
  facet normal -0.857715 0.514126 0
    outer loop
      vertex 0.354233 53.3142 0.599999
      vertex 0.505585 53.5667 24.9
      vertex 0.505585 53.5667 0.599999
    endloop
  endfacet
  facet normal -0.857715 0.514126 0
    outer loop
      vertex 0.505585 53.5667 24.9
      vertex 0.354233 53.3142 0.599999
      vertex 0.354233 53.3142 24.9
    endloop
  endfacet
  facet normal -0.665777 -0.238205 -0.707106
    outer loop
      vertex 0.783371 2.08179 0
      vertex 0.129181 2.12915 0.599999
      vertex 0.704025 2.30356 0
    endloop
  endfacet
  facet normal 0.514126 -0.857715 0
    outer loop
      vertex 65.6142 0.354233 0.599999
      vertex 65.8667 0.505585 24.9
      vertex 65.6142 0.354233 24.9
    endloop
  endfacet
  facet normal 0.514126 -0.857715 0
    outer loop
      vertex 65.8667 0.505585 24.9
      vertex 65.6142 0.354233 0.599999
      vertex 65.8667 0.505585 0.599999
    endloop
  endfacet
  facet normal -0.0347951 0.706256 -0.707101
    outer loop
      vertex 3.01454 54.3 0
      vertex 2.76488 54.2877 0
      vertex 3 54.9 0.599999
    endloop
  endfacet
  facet normal 0.238174 0.665783 -0.707111
    outer loop
      vertex 65.1182 54.1166 0
      vertex 65.0708 54.7708 0.599999
      vertex 65.3481 54.6716 0.599999
    endloop
  endfacet
  facet normal -0.740894 0.671622 0
    outer loop
      vertex 0.680969 53.8032 0.599999
      vertex 0.878677 54.0213 24.9
      vertex 0.878677 54.0213 0.599999
    endloop
  endfacet
  facet normal -0.740894 0.671622 0
    outer loop
      vertex 0.878677 54.0213 24.9
      vertex 0.680969 53.8032 0.599999
      vertex 0.680969 53.8032 24.9
    endloop
  endfacet
  facet normal 0.171856 -0.685901 -0.707111
    outer loop
      vertex 64.7853 0.0576477 0.599999
      vertex 64.6681 0.646835 0
      vertex 65.0708 0.129181 0.599999
    endloop
  endfacet
  facet normal 0.427594 -0.903971 0
    outer loop
      vertex 65.3481 0.228363 0.599999
      vertex 65.6142 0.354233 24.9
      vertex 65.3481 0.228363 24.9
    endloop
  endfacet
  facet normal 0.427594 -0.903971 0
    outer loop
      vertex 65.6142 0.354233 24.9
      vertex 65.3481 0.228363 0.599999
      vertex 65.6142 0.354233 0.599999
    endloop
  endfacet
  facet normal 0.699503 0.103737 -0.70706
    outer loop
      vertex 67.1855 52.194 0.599999
      vertex 66.5532 52.3681 0
      vertex 67.1423 52.4853 0.599999
    endloop
  endfacet
  facet normal -0.302196 0.639271 -0.707114
    outer loop
      vertex 1.86902 54.016 0
      vertex 1.58582 54.5458 0.599999
      vertex 1.85194 54.6716 0.599999
    endloop
  endfacet
  facet normal 0 -1 0
    outer loop
      vertex 3 0 0.599999
      vertex 64.2 0 24.9
      vertex 3 0 24.9
    endloop
  endfacet
  facet normal 0 -1 -0
    outer loop
      vertex 64.2 0 24.9
      vertex 3 0 0.599999
      vertex 64.2 0 0.599999
    endloop
  endfacet
  facet normal -0.103572 0.699489 -0.707098
    outer loop
      vertex 2.76488 54.2877 0
      vertex 2.53188 54.2532 0
      vertex 2.70595 54.8855 0.599999
    endloop
  endfacet
  facet normal 0.567949 0.421219 -0.707113
    outer loop
      vertex 66.6944 53.5667 0.599999
      vertex 66.0547 53.422 0
      vertex 66.519 53.8032 0.599999
    endloop
  endfacet
  facet normal 0.707106 0 -0.707107
    outer loop
      vertex 66.6 3.01454 0
      vertex 67.2 51.9 0.599999
      vertex 67.2 3 0.599999
    endloop
  endfacet
  facet normal 0.707106 0 -0.707107
    outer loop
      vertex 67.2 51.9 0.599999
      vertex 66.6 3.01454 0
      vertex 66.6 51.8855 0
    endloop
  endfacet
  facet normal 0.242935 0.970042 -0
    outer loop
      vertex 65.0708 54.7708 0.599999
      vertex 64.7853 54.8423 24.9
      vertex 65.0708 54.7708 24.9
    endloop
  endfacet
  facet normal 0.242935 0.970042 0
    outer loop
      vertex 64.7853 54.8423 24.9
      vertex 65.0708 54.7708 0.599999
      vertex 64.7853 54.8423 0.599999
    endloop
  endfacet
  facet normal -0.665783 0.238217 -0.707097
    outer loop
      vertex 0.783371 52.8182 0
      vertex 0.129181 52.7708 0.599999
      vertex 0.228363 53.048 0.599999
    endloop
  endfacet
  facet normal -0.363455 0.60658 -0.70708
    outer loop
      vertex 1.66708 53.895 0
      vertex 1.33328 54.3944 0.599999
      vertex 1.86902 54.016 0
    endloop
  endfacet
  facet normal -0.427568 -0.903983 0
    outer loop
      vertex 1.58582 0.354233 0.599999
      vertex 1.85194 0.228363 24.9
      vertex 1.58582 0.354233 24.9
    endloop
  endfacet
  facet normal -0.427568 -0.903983 -0
    outer loop
      vertex 1.85194 0.228363 24.9
      vertex 1.58582 0.354233 0.599999
      vertex 1.85194 0.228363 0.599999
    endloop
  endfacet
  facet normal -0.639254 0.302265 -0.7071
    outer loop
      vertex 0.884003 53.031 0
      vertex 0.228363 53.048 0.599999
      vertex 0.354233 53.3142 0.599999
    endloop
  endfacet
  facet normal -0.685916 0.171825 -0.707103
    outer loop
      vertex 0.646835 52.3681 0
      vertex 0.129181 52.7708 0.599999
      vertex 0.704025 52.5964 0
    endloop
  endfacet
  facet normal 0.474918 0.523851 -0.70713
    outer loop
      vertex 65.8965 53.5965 0
      vertex 65.722 53.7547 0
      vertex 66.3213 54.0213 0.599999
    endloop
  endfacet
  facet normal 0.474889 0.523892 -0.707119
    outer loop
      vertex 66.3213 54.0213 0.599999
      vertex 65.722 53.7547 0
      vertex 66.1032 54.219 0.599999
    endloop
  endfacet
  facet normal 0.171859 0.685933 -0.707079
    outer loop
      vertex 64.8964 54.196 0
      vertex 64.6681 54.2532 0
      vertex 65.0708 54.7708 0.599999
    endloop
  endfacet
  facet normal -1 0 0
    outer loop
      vertex 0 35.0107 22.8393
      vertex 0 51.9 24.9
      vertex 0 51.9 0.599999
    endloop
  endfacet
  facet normal -1 0 0
    outer loop
      vertex 0 51.9 24.9
      vertex 0 35.4428 23.753
      vertex 0 35.45 23.9
    endloop
  endfacet
  facet normal -1 0 0
    outer loop
      vertex 0 51.9 24.9
      vertex 0 35.4212 23.6074
      vertex 0 35.4428 23.753
    endloop
  endfacet
  facet normal -1 0 0
    outer loop
      vertex 0 51.9 24.9
      vertex 0 35.3854 23.4646
      vertex 0 35.4212 23.6074
    endloop
  endfacet
  facet normal -1 0 0
    outer loop
      vertex 0 51.9 24.9
      vertex 0 35.3358 23.326
      vertex 0 35.3854 23.4646
    endloop
  endfacet
  facet normal -1 0 0
    outer loop
      vertex 0 51.9 24.9
      vertex 0 35.2729 23.1929
      vertex 0 35.3358 23.326
    endloop
  endfacet
  facet normal -1 0 0
    outer loop
      vertex 0 51.9 24.9
      vertex 0 35.1972 23.0666
      vertex 0 35.2729 23.1929
    endloop
  endfacet
  facet normal -1 0 0
    outer loop
      vertex 0 51.9 24.9
      vertex 0 35.1095 22.9484
      vertex 0 35.1972 23.0666
    endloop
  endfacet
  facet normal -1 0 0
    outer loop
      vertex 0 51.9 24.9
      vertex 0 35.0107 22.8393
      vertex 0 35.1095 22.9484
    endloop
  endfacet
  facet normal -1 0 0
    outer loop
      vertex 0 51.9 0.599999
      vertex 0 34.9016 22.7405
      vertex 0 35.0107 22.8393
    endloop
  endfacet
  facet normal -1 0 0
    outer loop
      vertex 0 51.9 0.599999
      vertex 0 34.7834 22.6528
      vertex 0 34.9016 22.7405
    endloop
  endfacet
  facet normal -1 0 0
    outer loop
      vertex 0 51.9 0.599999
      vertex 0 34.6571 22.5771
      vertex 0 34.7834 22.6528
    endloop
  endfacet
  facet normal -1 0 0
    outer loop
      vertex 0 51.9 0.599999
      vertex 0 34.524 22.5142
      vertex 0 34.6571 22.5771
    endloop
  endfacet
  facet normal -1 0 0
    outer loop
      vertex 0 51.9 0.599999
      vertex 0 34.3854 22.4646
      vertex 0 34.524 22.5142
    endloop
  endfacet
  facet normal -1 0 0
    outer loop
      vertex 0 51.9 0.599999
      vertex 0 34.2426 22.4288
      vertex 0 34.3854 22.4646
    endloop
  endfacet
  facet normal -1 0 0
    outer loop
      vertex 0 51.9 0.599999
      vertex 0 34.097 22.4072
      vertex 0 34.2426 22.4288
    endloop
  endfacet
  facet normal -1 0 0
    outer loop
      vertex 0 51.9 0.599999
      vertex 0 33.95 22.4
      vertex 0 34.097 22.4072
    endloop
  endfacet
  facet normal -1 0 0
    outer loop
      vertex 0 51.9 0.599999
      vertex 0 20.95 22.4
      vertex 0 33.95 22.4
    endloop
  endfacet
  facet normal -1 0 0
    outer loop
      vertex 0 3 0.599999
      vertex 0 20.95 22.4
      vertex 0 51.9 0.599999
    endloop
  endfacet
  facet normal -1 -0 0
    outer loop
      vertex 0 20.95 22.4
      vertex 0 3 0.599999
      vertex 0 20.803 22.4072
    endloop
  endfacet
  facet normal -1 -0 0
    outer loop
      vertex 0 20.803 22.4072
      vertex 0 3 0.599999
      vertex 0 20.6574 22.4288
    endloop
  endfacet
  facet normal -1 -0 0
    outer loop
      vertex 0 20.6574 22.4288
      vertex 0 3 0.599999
      vertex 0 20.5146 22.4646
    endloop
  endfacet
  facet normal -1 -0 0
    outer loop
      vertex 0 20.5146 22.4646
      vertex 0 3 0.599999
      vertex 0 20.376 22.5142
    endloop
  endfacet
  facet normal -1 -0 0
    outer loop
      vertex 0 20.376 22.5142
      vertex 0 3 0.599999
      vertex 0 20.2429 22.5771
    endloop
  endfacet
  facet normal -1 -0 0
    outer loop
      vertex 0 20.2429 22.5771
      vertex 0 3 0.599999
      vertex 0 20.1166 22.6528
    endloop
  endfacet
  facet normal -1 0 0
    outer loop
      vertex 0 3 0.599999
      vertex 0 19.9984 22.7405
      vertex 0 20.1166 22.6528
    endloop
  endfacet
  facet normal -1 0 0
    outer loop
      vertex 0 3 0.599999
      vertex 0 19.8893 22.8393
      vertex 0 19.9984 22.7405
    endloop
  endfacet
  facet normal -1 0 0
    outer loop
      vertex 0 3 24.9
      vertex 0 19.8893 22.8393
      vertex 0 3 0.599999
    endloop
  endfacet
  facet normal -1 0 0
    outer loop
      vertex 0 19.8893 22.8393
      vertex 0 3 24.9
      vertex 0 19.7905 22.9484
    endloop
  endfacet
  facet normal -1 0 0
    outer loop
      vertex 0 19.7905 22.9484
      vertex 0 3 24.9
      vertex 0 19.7028 23.0666
    endloop
  endfacet
  facet normal -1 0 0
    outer loop
      vertex 0 19.7028 23.0666
      vertex 0 3 24.9
      vertex 0 19.6271 23.1929
    endloop
  endfacet
  facet normal -1 0 0
    outer loop
      vertex 0 19.6271 23.1929
      vertex 0 3 24.9
      vertex 0 19.5642 23.326
    endloop
  endfacet
  facet normal -1 0 0
    outer loop
      vertex 0 19.5642 23.326
      vertex 0 3 24.9
      vertex 0 19.5146 23.4646
    endloop
  endfacet
  facet normal -1 0 0
    outer loop
      vertex 0 19.5146 23.4646
      vertex 0 3 24.9
      vertex 0 19.4788 23.6074
    endloop
  endfacet
  facet normal -1 0 0
    outer loop
      vertex 0 19.4788 23.6074
      vertex 0 3 24.9
      vertex 0 19.4572 23.753
    endloop
  endfacet
  facet normal -1 0 0
    outer loop
      vertex 0 19.4572 23.753
      vertex 0 3 24.9
      vertex 0 19.45 23.9
    endloop
  endfacet
  facet normal -1 0 0
    outer loop
      vertex 0 19.45 23.9
      vertex 0 3 24.9
      vertex 0 19.45 24.9
    endloop
  endfacet
  facet normal -1 -0 0
    outer loop
      vertex 0 51.9 24.9
      vertex 0 35.45 23.9
      vertex 0 35.45 24.9
    endloop
  endfacet
  facet normal 0.243042 -0.970016 0
    outer loop
      vertex 64.7853 0.0576477 0.599999
      vertex 65.0708 0.129181 24.9
      vertex 64.7853 0.0576477 24.9
    endloop
  endfacet
  facet normal 0.243042 -0.970016 0
    outer loop
      vertex 65.0708 0.129181 24.9
      vertex 64.7853 0.0576477 0.599999
      vertex 65.0708 0.129181 0.599999
    endloop
  endfacet
  facet normal -0.103752 -0.699453 -0.707107
    outer loop
      vertex 2.70595 0.0144501 0.599999
      vertex 2.41473 0.0576477 0.599999
      vertex 2.53188 0.646835 0
    endloop
  endfacet
  facet normal 0.103724 -0.699454 -0.707111
    outer loop
      vertex 64.7853 0.0576477 0.599999
      vertex 64.494 0.0144501 0.599999
      vertex 64.6681 0.646835 0
    endloop
  endfacet
  facet normal 0.665752 -0.238358 -0.707078
    outer loop
      vertex 67.0708 2.12915 0.599999
      vertex 66.4166 2.08179 0
      vertex 66.496 2.30356 0
    endloop
  endfacet
  facet normal 0.4274 0.904063 -0
    outer loop
      vertex 65.6142 54.5458 0.599999
      vertex 65.3481 54.6716 24.9
      vertex 65.6142 54.5458 24.9
    endloop
  endfacet
  facet normal 0.4274 0.904063 0
    outer loop
      vertex 65.3481 54.6716 24.9
      vertex 65.6142 54.5458 0.599999
      vertex 65.3481 54.6716 0.599999
    endloop
  endfacet
  facet normal -0.567946 -0.421222 -0.707113
    outer loop
      vertex 1.14531 1.47795 0
      vertex 0.505585 1.33328 0.599999
      vertex 1.00504 1.66708 0
    endloop
  endfacet
  facet normal 0 1 -0
    outer loop
      vertex 64.2 54.9 0.599999
      vertex 3 54.9 24.9
      vertex 64.2 54.9 24.9
    endloop
  endfacet
  facet normal 0 1 0
    outer loop
      vertex 3 54.9 24.9
      vertex 64.2 54.9 0.599999
      vertex 3 54.9 0.599999
    endloop
  endfacet
  facet normal 0.23833 0.665763 -0.707077
    outer loop
      vertex 65.1182 54.1166 0
      vertex 64.8964 54.196 0
      vertex 65.0708 54.7708 0.599999
    endloop
  endfacet
  facet normal 0.685984 -0.171748 -0.707057
    outer loop
      vertex 67.0708 2.12915 0.599999
      vertex 66.5532 2.53188 0
      vertex 67.1423 2.41473 0.599999
    endloop
  endfacet
  facet normal 0.363507 0.606546 -0.707081
    outer loop
      vertex 65.5329 53.895 0
      vertex 65.331 54.016 0
      vertex 65.8667 54.3944 0.599999
    endloop
  endfacet
  facet normal 0.685966 0.171792 -0.707063
    outer loop
      vertex 67.1423 52.4853 0.599999
      vertex 66.5532 52.3681 0
      vertex 67.0708 52.7708 0.599999
    endloop
  endfacet
  facet normal 0.94153 -0.336928 0
    outer loop
      vertex 66.9716 1.85194 24.9
      vertex 67.0708 2.12915 0.599999
      vertex 67.0708 2.12915 24.9
    endloop
  endfacet
  facet normal 0.94153 -0.336928 0
    outer loop
      vertex 67.0708 2.12915 0.599999
      vertex 66.9716 1.85194 24.9
      vertex 66.9716 1.85194 0.599999
    endloop
  endfacet
  facet normal 0.699503 -0.103765 -0.707056
    outer loop
      vertex 67.1423 2.41473 0.599999
      vertex 66.5532 2.53188 0
      vertex 67.1855 2.70595 0.599999
    endloop
  endfacet
  facet normal 0.567925 -0.421297 -0.707086
    outer loop
      vertex 66.6944 1.33328 0.599999
      vertex 66.0547 1.47795 0
      vertex 66.195 1.66708 0
    endloop
  endfacet
  facet normal -0.665788 0.238177 -0.707105
    outer loop
      vertex 0.704025 52.5964 0
      vertex 0.129181 52.7708 0.599999
      vertex 0.783371 52.8182 0
    endloop
  endfacet
  facet normal -0.685918 -0.171812 -0.707105
    outer loop
      vertex 0.129181 2.12915 0.599999
      vertex 0.0576477 2.41473 0.599999
      vertex 0.646835 2.53188 0
    endloop
  endfacet
  facet normal 0.0347125 -0.706257 -0.707104
    outer loop
      vertex 64.494 0.0144501 0.599999
      vertex 64.2 0 0.599999
      vertex 64.4351 0.612274 0
    endloop
  endfacet
  facet normal -0.567952 0.421183 -0.707132
    outer loop
      vertex 1.14531 53.422 0
      vertex 0.505585 53.5667 0.599999
      vertex 0.680969 53.8032 0.599999
    endloop
  endfacet
  facet normal 0.336777 -0.941584 0
    outer loop
      vertex 65.0708 0.129181 0.599999
      vertex 65.3481 0.228363 24.9
      vertex 65.0708 0.129181 24.9
    endloop
  endfacet
  facet normal 0.336777 -0.941584 0
    outer loop
      vertex 65.3481 0.228363 24.9
      vertex 65.0708 0.129181 0.599999
      vertex 65.3481 0.228363 0.599999
    endloop
  endfacet
  facet normal 0.363622 0.606438 -0.707115
    outer loop
      vertex 65.8667 54.3944 0.599999
      vertex 65.331 54.016 0
      vertex 65.6142 54.5458 0.599999
    endloop
  endfacet
  facet normal 0.989182 0.146696 0
    outer loop
      vertex 67.1855 52.194 24.9
      vertex 67.1423 52.4853 0.599999
      vertex 67.1423 52.4853 24.9
    endloop
  endfacet
  facet normal 0.989182 0.146696 0
    outer loop
      vertex 67.1423 52.4853 0.599999
      vertex 67.1855 52.194 24.9
      vertex 67.1855 52.194 0.599999
    endloop
  endfacet
  facet normal -0.242978 -0.970032 0
    outer loop
      vertex 2.12915 0.129181 0.599999
      vertex 2.41473 0.0576477 24.9
      vertex 2.12915 0.129181 24.9
    endloop
  endfacet
  facet normal -0.242978 -0.970032 -0
    outer loop
      vertex 2.41473 0.0576477 24.9
      vertex 2.12915 0.129181 0.599999
      vertex 2.41473 0.0576477 0.599999
    endloop
  endfacet
  facet normal -0.146728 -0.989177 0
    outer loop
      vertex 2.41473 0.0576477 0.599999
      vertex 2.70595 0.0144501 24.9
      vertex 2.41473 0.0576477 24.9
    endloop
  endfacet
  facet normal -0.146728 -0.989177 -0
    outer loop
      vertex 2.70595 0.0144501 24.9
      vertex 2.41473 0.0576477 0.599999
      vertex 2.70595 0.0144501 0.599999
    endloop
  endfacet
  facet normal -0.238245 0.665766 -0.707103
    outer loop
      vertex 2.08179 54.1166 0
      vertex 1.85194 54.6716 0.599999
      vertex 2.12915 54.7708 0.599999
    endloop
  endfacet
  facet normal -0.0348267 0.706262 -0.707094
    outer loop
      vertex 2.76488 54.2877 0
      vertex 2.70595 54.8855 0.599999
      vertex 3 54.9 0.599999
    endloop
  endfacet
  facet normal 0.740908 0.671607 0
    outer loop
      vertex 66.519 53.8032 24.9
      vertex 66.3213 54.0213 0.599999
      vertex 66.3213 54.0213 24.9
    endloop
  endfacet
  facet normal 0.740908 0.671607 0
    outer loop
      vertex 66.3213 54.0213 0.599999
      vertex 66.519 53.8032 24.9
      vertex 66.519 53.8032 0.599999
    endloop
  endfacet
  facet normal 0.665766 -0.238245 -0.707103
    outer loop
      vertex 66.9716 1.85194 0.599999
      vertex 66.4166 2.08179 0
      vertex 67.0708 2.12915 0.599999
    endloop
  endfacet
  facet normal 0 0.707106 -0.707107
    outer loop
      vertex 3.01454 54.3 0
      vertex 64.2 54.9 0.599999
      vertex 64.1855 54.3 0
    endloop
  endfacet
  facet normal 0 0.707106 -0.707107
    outer loop
      vertex 64.2 54.9 0.599999
      vertex 3.01454 54.3 0
      vertex 3 54.9 0.599999
    endloop
  endfacet
  facet normal 0.523851 0.474918 -0.70713
    outer loop
      vertex 66.0547 53.422 0
      vertex 65.8965 53.5965 0
      vertex 66.3213 54.0213 0.599999
    endloop
  endfacet
  facet normal -0.514066 -0.857751 0
    outer loop
      vertex 1.33328 0.505585 0.599999
      vertex 1.58582 0.354233 24.9
      vertex 1.33328 0.505585 24.9
    endloop
  endfacet
  facet normal -0.514066 -0.857751 -0
    outer loop
      vertex 1.58582 0.354233 24.9
      vertex 1.33328 0.505585 0.599999
      vertex 1.58582 0.354233 0.599999
    endloop
  endfacet
  facet normal 1 -0 0
    outer loop
      vertex 67.2 3 24.9
      vertex 67.2 51.9 0.599999
      vertex 67.2 51.9 24.9
    endloop
  endfacet
  facet normal 1 0 0
    outer loop
      vertex 67.2 51.9 0.599999
      vertex 67.2 3 24.9
      vertex 67.2 3 0.599999
    endloop
  endfacet
  facet normal -0.0492515 0.998786 0
    outer loop
      vertex 3 54.9 0.599999
      vertex 2.70595 54.8855 24.9
      vertex 3 54.9 24.9
    endloop
  endfacet
  facet normal -0.0492515 0.998786 0
    outer loop
      vertex 2.70595 54.8855 24.9
      vertex 3 54.9 0.599999
      vertex 2.70595 54.8855 0.599999
    endloop
  endfacet
  facet normal -0.803234 0.595663 0
    outer loop
      vertex 0.505585 53.5667 0.599999
      vertex 0.680969 53.8032 24.9
      vertex 0.680969 53.8032 0.599999
    endloop
  endfacet
  facet normal -0.803234 0.595663 0
    outer loop
      vertex 0.680969 53.8032 24.9
      vertex 0.505585 53.5667 0.599999
      vertex 0.505585 53.5667 24.9
    endloop
  endfacet
  facet normal 0.740974 -0.671534 0
    outer loop
      vertex 66.3213 0.878677 24.9
      vertex 66.519 1.09682 0.599999
      vertex 66.519 1.09682 24.9
    endloop
  endfacet
  facet normal 0.740974 -0.671534 0
    outer loop
      vertex 66.519 1.09682 0.599999
      vertex 66.3213 0.878677 24.9
      vertex 66.3213 0.878677 0.599999
    endloop
  endfacet
  facet normal -0.427374 0.904075 0
    outer loop
      vertex 1.85194 54.6716 0.599999
      vertex 1.58582 54.5458 24.9
      vertex 1.85194 54.6716 24.9
    endloop
  endfacet
  facet normal -0.427374 0.904075 0
    outer loop
      vertex 1.58582 54.5458 24.9
      vertex 1.85194 54.6716 0.599999
      vertex 1.58582 54.5458 0.599999
    endloop
  endfacet
  facet normal 0.639259 -0.302249 -0.707102
    outer loop
      vertex 66.9716 1.85194 0.599999
      vertex 66.316 1.86902 0
      vertex 66.4166 2.08179 0
    endloop
  endfacet
  facet normal -0.567937 -0.421243 -0.707109
    outer loop
      vertex 0.680969 1.09682 0.599999
      vertex 0.505585 1.33328 0.599999
      vertex 1.14531 1.47795 0
    endloop
  endfacet
  facet normal 0.474888 -0.523869 -0.707137
    outer loop
      vertex 66.1032 0.680969 0.599999
      vertex 65.722 1.14531 0
      vertex 66.3213 0.878677 0.599999
    endloop
  endfacet
  facet normal -0.606499 0.363544 -0.707103
    outer loop
      vertex 0.884003 53.031 0
      vertex 0.354233 53.3142 0.599999
      vertex 0.505585 53.5667 0.599999
    endloop
  endfacet
  facet normal -0.567915 0.421266 -0.707112
    outer loop
      vertex 1.00504 53.2329 0
      vertex 0.505585 53.5667 0.599999
      vertex 1.14531 53.422 0
    endloop
  endfacet
  facet normal 0.0492599 0.998786 -0
    outer loop
      vertex 64.494 54.8855 0.599999
      vertex 64.2 54.9 24.9
      vertex 64.494 54.8855 24.9
    endloop
  endfacet
  facet normal 0.0492599 0.998786 0
    outer loop
      vertex 64.2 54.9 24.9
      vertex 64.494 54.8855 0.599999
      vertex 64.2 54.9 0.599999
    endloop
  endfacet
  facet normal 0.421219 0.567949 -0.707113
    outer loop
      vertex 66.1032 54.219 0.599999
      vertex 65.722 53.7547 0
      vertex 65.8667 54.3944 0.599999
    endloop
  endfacet
  facet normal -0.0347066 -0.706256 -0.707105
    outer loop
      vertex 3 0 0.599999
      vertex 2.70595 0.0144501 0.599999
      vertex 2.76488 0.612274 0
    endloop
  endfacet
  facet normal 0.685936 -0.171844 -0.70708
    outer loop
      vertex 67.0708 2.12915 0.599999
      vertex 66.496 2.30356 0
      vertex 66.5532 2.53188 0
    endloop
  endfacet
  facet normal 0 0 -1
    outer loop
      vertex 64.1855 0.600006 0
      vertex 66.6 3.01454 0
      vertex 66.5877 2.76488 0
    endloop
  endfacet
  facet normal -0 0 -1
    outer loop
      vertex 66.6 3.01454 0
      vertex 64.1855 0.600006 0
      vertex 66.6 51.8855 0
    endloop
  endfacet
  facet normal 0 0 -1
    outer loop
      vertex 64.1855 0.600006 0
      vertex 66.5877 2.76488 0
      vertex 66.5532 2.53188 0
    endloop
  endfacet
  facet normal 0 0 -1
    outer loop
      vertex 64.1855 54.3 0
      vertex 66.6 51.8855 0
      vertex 64.1855 0.600006 0
    endloop
  endfacet
  facet normal 0 0 -1
    outer loop
      vertex 64.1855 0.600006 0
      vertex 66.5532 2.53188 0
      vertex 66.496 2.30356 0
    endloop
  endfacet
  facet normal 0 0 -1
    outer loop
      vertex 66.6 51.8855 0
      vertex 64.1855 54.3 0
      vertex 66.5877 52.1351 0
    endloop
  endfacet
  facet normal 0 0 -1
    outer loop
      vertex 64.1855 0.600006 0
      vertex 66.496 2.30356 0
      vertex 66.4166 2.08179 0
    endloop
  endfacet
  facet normal 0 0 -1
    outer loop
      vertex 66.5877 52.1351 0
      vertex 64.1855 54.3 0
      vertex 66.5532 52.3681 0
    endloop
  endfacet
  facet normal 0 0 -1
    outer loop
      vertex 64.1855 0.600006 0
      vertex 66.4166 2.08179 0
      vertex 66.316 1.86902 0
    endloop
  endfacet
  facet normal 0 0 -1
    outer loop
      vertex 66.5532 52.3681 0
      vertex 64.1855 54.3 0
      vertex 66.496 52.5964 0
    endloop
  endfacet
  facet normal 0 0 -1
    outer loop
      vertex 64.1855 0.600006 0
      vertex 66.316 1.86902 0
      vertex 66.195 1.66708 0
    endloop
  endfacet
  facet normal 0 0 -1
    outer loop
      vertex 66.496 52.5964 0
      vertex 64.1855 54.3 0
      vertex 66.4166 52.8182 0
    endloop
  endfacet
  facet normal 0 0 -1
    outer loop
      vertex 64.1855 0.600006 0
      vertex 66.195 1.66708 0
      vertex 66.0547 1.47795 0
    endloop
  endfacet
  facet normal 0 0 -1
    outer loop
      vertex 66.4166 52.8182 0
      vertex 64.1855 54.3 0
      vertex 66.316 53.031 0
    endloop
  endfacet
  facet normal 0 0 -1
    outer loop
      vertex 64.1855 0.600006 0
      vertex 66.0547 1.47795 0
      vertex 65.8965 1.30347 0
    endloop
  endfacet
  facet normal 0 0 -1
    outer loop
      vertex 66.316 53.031 0
      vertex 64.1855 54.3 0
      vertex 66.195 53.2329 0
    endloop
  endfacet
  facet normal 0 0 -1
    outer loop
      vertex 64.1855 0.600006 0
      vertex 65.8965 1.30347 0
      vertex 65.722 1.14531 0
    endloop
  endfacet
  facet normal 0 0 -1
    outer loop
      vertex 66.195 53.2329 0
      vertex 64.1855 54.3 0
      vertex 66.0547 53.422 0
    endloop
  endfacet
  facet normal 0 0 -1
    outer loop
      vertex 64.1855 0.600006 0
      vertex 65.722 1.14531 0
      vertex 65.5329 1.00504 0
    endloop
  endfacet
  facet normal 0 0 -1
    outer loop
      vertex 66.0547 53.422 0
      vertex 64.1855 54.3 0
      vertex 65.8965 53.5965 0
    endloop
  endfacet
  facet normal 0 0 -1
    outer loop
      vertex 64.1855 0.600006 0
      vertex 65.5329 1.00504 0
      vertex 65.331 0.884003 0
    endloop
  endfacet
  facet normal 0 0 -1
    outer loop
      vertex 65.8965 53.5965 0
      vertex 64.1855 54.3 0
      vertex 65.722 53.7547 0
    endloop
  endfacet
  facet normal 0 0 -1
    outer loop
      vertex 64.1855 0.600006 0
      vertex 65.331 0.884003 0
      vertex 65.1182 0.783371 0
    endloop
  endfacet
  facet normal 0 0 -1
    outer loop
      vertex 65.722 53.7547 0
      vertex 64.1855 54.3 0
      vertex 65.5329 53.895 0
    endloop
  endfacet
  facet normal 0 0 -1
    outer loop
      vertex 64.1855 0.600006 0
      vertex 65.1182 0.783371 0
      vertex 64.8964 0.704025 0
    endloop
  endfacet
  facet normal 0 0 -1
    outer loop
      vertex 65.5329 53.895 0
      vertex 64.1855 54.3 0
      vertex 65.331 54.016 0
    endloop
  endfacet
  facet normal 0 0 -1
    outer loop
      vertex 64.1855 0.600006 0
      vertex 64.8964 0.704025 0
      vertex 64.6681 0.646835 0
    endloop
  endfacet
  facet normal 0 0 -1
    outer loop
      vertex 65.331 54.016 0
      vertex 64.1855 54.3 0
      vertex 65.1182 54.1166 0
    endloop
  endfacet
  facet normal 0 0 -1
    outer loop
      vertex 64.1855 0.600006 0
      vertex 64.6681 0.646835 0
      vertex 64.4351 0.612274 0
    endloop
  endfacet
  facet normal 0 0 -1
    outer loop
      vertex 65.1182 54.1166 0
      vertex 64.1855 54.3 0
      vertex 64.8964 54.196 0
    endloop
  endfacet
  facet normal 0 0 -1
    outer loop
      vertex 64.8964 54.196 0
      vertex 64.1855 54.3 0
      vertex 64.6681 54.2532 0
    endloop
  endfacet
  facet normal 0 0 -1
    outer loop
      vertex 64.6681 54.2532 0
      vertex 64.1855 54.3 0
      vertex 64.4351 54.2877 0
    endloop
  endfacet
  facet normal 0 0 -1
    outer loop
      vertex 3.01454 0.600006 0
      vertex 64.1855 54.3 0
      vertex 64.1855 0.600006 0
    endloop
  endfacet
  facet normal 0 0 -1
    outer loop
      vertex 3.01454 0.600006 0
      vertex 3.01454 54.3 0
      vertex 64.1855 54.3 0
    endloop
  endfacet
  facet normal 0 0 -1
    outer loop
      vertex 0.600006 3.01454 0
      vertex 3.01454 0.600006 0
      vertex 2.76488 0.612274 0
    endloop
  endfacet
  facet normal 0 0 -1
    outer loop
      vertex 3.01454 0.600006 0
      vertex 0.600006 3.01454 0
      vertex 3.01454 54.3 0
    endloop
  endfacet
  facet normal 0 0 -1
    outer loop
      vertex 0.600006 3.01454 0
      vertex 2.76488 0.612274 0
      vertex 2.53188 0.646835 0
    endloop
  endfacet
  facet normal 0 0 -1
    outer loop
      vertex 0.600006 51.8855 0
      vertex 3.01454 54.3 0
      vertex 0.600006 3.01454 0
    endloop
  endfacet
  facet normal 0 0 -1
    outer loop
      vertex 0.600006 3.01454 0
      vertex 2.53188 0.646835 0
      vertex 2.30356 0.704025 0
    endloop
  endfacet
  facet normal 0 0 -1
    outer loop
      vertex 3.01454 54.3 0
      vertex 0.600006 51.8855 0
      vertex 2.76488 54.2877 0
    endloop
  endfacet
  facet normal 0 0 -1
    outer loop
      vertex 0.600006 3.01454 0
      vertex 2.30356 0.704025 0
      vertex 2.08179 0.783371 0
    endloop
  endfacet
  facet normal 0 0 -1
    outer loop
      vertex 2.76488 54.2877 0
      vertex 0.600006 51.8855 0
      vertex 2.53188 54.2532 0
    endloop
  endfacet
  facet normal 0 0 -1
    outer loop
      vertex 0.600006 3.01454 0
      vertex 2.08179 0.783371 0
      vertex 1.86902 0.884003 0
    endloop
  endfacet
  facet normal 0 0 -1
    outer loop
      vertex 2.53188 54.2532 0
      vertex 0.600006 51.8855 0
      vertex 2.30356 54.196 0
    endloop
  endfacet
  facet normal 0 0 -1
    outer loop
      vertex 0.600006 3.01454 0
      vertex 1.86902 0.884003 0
      vertex 1.66708 1.00504 0
    endloop
  endfacet
  facet normal 0 0 -1
    outer loop
      vertex 2.30356 54.196 0
      vertex 0.600006 51.8855 0
      vertex 2.08179 54.1166 0
    endloop
  endfacet
  facet normal 0 0 -1
    outer loop
      vertex 0.600006 3.01454 0
      vertex 1.66708 1.00504 0
      vertex 1.47795 1.14531 0
    endloop
  endfacet
  facet normal 0 0 -1
    outer loop
      vertex 2.08179 54.1166 0
      vertex 0.600006 51.8855 0
      vertex 1.86902 54.016 0
    endloop
  endfacet
  facet normal 0 0 -1
    outer loop
      vertex 0.600006 3.01454 0
      vertex 1.47795 1.14531 0
      vertex 1.30347 1.30347 0
    endloop
  endfacet
  facet normal 0 0 -1
    outer loop
      vertex 1.86902 54.016 0
      vertex 0.600006 51.8855 0
      vertex 1.66708 53.895 0
    endloop
  endfacet
  facet normal 0 0 -1
    outer loop
      vertex 0.600006 3.01454 0
      vertex 1.30347 1.30347 0
      vertex 1.14531 1.47795 0
    endloop
  endfacet
  facet normal 0 0 -1
    outer loop
      vertex 1.66708 53.895 0
      vertex 0.600006 51.8855 0
      vertex 1.47795 53.7547 0
    endloop
  endfacet
  facet normal 0 0 -1
    outer loop
      vertex 0.600006 3.01454 0
      vertex 1.14531 1.47795 0
      vertex 1.00504 1.66708 0
    endloop
  endfacet
  facet normal 0 0 -1
    outer loop
      vertex 1.47795 53.7547 0
      vertex 0.600006 51.8855 0
      vertex 1.30347 53.5965 0
    endloop
  endfacet
  facet normal 0 0 -1
    outer loop
      vertex 0.600006 3.01454 0
      vertex 1.00504 1.66708 0
      vertex 0.884003 1.86902 0
    endloop
  endfacet
  facet normal 0 0 -1
    outer loop
      vertex 1.30347 53.5965 0
      vertex 0.600006 51.8855 0
      vertex 1.14531 53.422 0
    endloop
  endfacet
  facet normal 0 0 -1
    outer loop
      vertex 0.600006 3.01454 0
      vertex 0.884003 1.86902 0
      vertex 0.783371 2.08179 0
    endloop
  endfacet
  facet normal 0 0 -1
    outer loop
      vertex 1.14531 53.422 0
      vertex 0.600006 51.8855 0
      vertex 1.00504 53.2329 0
    endloop
  endfacet
  facet normal 0 0 -1
    outer loop
      vertex 0.600006 3.01454 0
      vertex 0.783371 2.08179 0
      vertex 0.704025 2.30356 0
    endloop
  endfacet
  facet normal 0 0 -1
    outer loop
      vertex 1.00504 53.2329 0
      vertex 0.600006 51.8855 0
      vertex 0.884003 53.031 0
    endloop
  endfacet
  facet normal 0 0 -1
    outer loop
      vertex 0.600006 3.01454 0
      vertex 0.704025 2.30356 0
      vertex 0.646835 2.53188 0
    endloop
  endfacet
  facet normal 0 0 -1
    outer loop
      vertex 0.884003 53.031 0
      vertex 0.600006 51.8855 0
      vertex 0.783371 52.8182 0
    endloop
  endfacet
  facet normal 0 0 -1
    outer loop
      vertex 0.600006 3.01454 0
      vertex 0.646835 2.53188 0
      vertex 0.612274 2.76488 0
    endloop
  endfacet
  facet normal 0 0 -1
    outer loop
      vertex 0.783371 52.8182 0
      vertex 0.600006 51.8855 0
      vertex 0.704025 52.5964 0
    endloop
  endfacet
  facet normal 0 0 -1
    outer loop
      vertex 0.704025 52.5964 0
      vertex 0.600006 51.8855 0
      vertex 0.646835 52.3681 0
    endloop
  endfacet
  facet normal 0 0 -1
    outer loop
      vertex 0.646835 52.3681 0
      vertex 0.600006 51.8855 0
      vertex 0.612274 52.1351 0
    endloop
  endfacet
  facet normal 0.363544 -0.606499 -0.707103
    outer loop
      vertex 65.6142 0.354233 0.599999
      vertex 65.331 0.884003 0
      vertex 65.8667 0.505585 0.599999
    endloop
  endfacet
  facet normal 0.671622 -0.740894 0
    outer loop
      vertex 66.1032 0.680969 0.599999
      vertex 66.3213 0.878677 24.9
      vertex 66.1032 0.680969 24.9
    endloop
  endfacet
  facet normal 0.671622 -0.740894 0
    outer loop
      vertex 66.3213 0.878677 24.9
      vertex 66.1032 0.680969 0.599999
      vertex 66.3213 0.878677 0.599999
    endloop
  endfacet
  facet normal -0.74096 -0.671549 0
    outer loop
      vertex 0.878677 0.878677 0.599999
      vertex 0.680969 1.09682 24.9
      vertex 0.680969 1.09682 0.599999
    endloop
  endfacet
  facet normal -0.74096 -0.671549 0
    outer loop
      vertex 0.680969 1.09682 24.9
      vertex 0.878677 0.878677 0.599999
      vertex 0.878677 0.878677 24.9
    endloop
  endfacet
  facet normal -0.421243 -0.567937 -0.707109
    outer loop
      vertex 1.33328 0.505585 0.599999
      vertex 1.09682 0.680969 0.599999
      vertex 1.47795 1.14531 0
    endloop
  endfacet
  facet normal -0.904033 0.427463 0
    outer loop
      vertex 0.228363 53.048 0.599999
      vertex 0.354233 53.3142 24.9
      vertex 0.354233 53.3142 0.599999
    endloop
  endfacet
  facet normal -0.904033 0.427463 0
    outer loop
      vertex 0.354233 53.3142 24.9
      vertex 0.228363 53.048 0.599999
      vertex 0.228363 53.048 24.9
    endloop
  endfacet
  facet normal 0.0348327 0.706262 -0.707093
    outer loop
      vertex 64.4351 54.2877 0
      vertex 64.2 54.9 0.599999
      vertex 64.494 54.8855 0.599999
    endloop
  endfacet
  facet normal -0.363501 -0.606524 -0.707104
    outer loop
      vertex 1.58582 0.354233 0.599999
      vertex 1.33328 0.505585 0.599999
      vertex 1.86902 0.884003 0
    endloop
  endfacet
  facet normal -0.302338 -0.639217 -0.707102
    outer loop
      vertex 1.85194 0.228363 0.599999
      vertex 1.58582 0.354233 0.599999
      vertex 1.86902 0.884003 0
    endloop
  endfacet
  facet normal -0.242871 0.970059 0
    outer loop
      vertex 2.41473 54.8423 0.599999
      vertex 2.12915 54.7708 24.9
      vertex 2.41473 54.8423 24.9
    endloop
  endfacet
  facet normal -0.242871 0.970059 0
    outer loop
      vertex 2.12915 54.7708 24.9
      vertex 2.41473 54.8423 0.599999
      vertex 2.12915 54.7708 0.599999
    endloop
  endfacet
  facet normal -0.171844 0.685936 -0.70708
    outer loop
      vertex 2.30356 54.196 0
      vertex 2.12915 54.7708 0.599999
      vertex 2.53188 54.2532 0
    endloop
  endfacet
  facet normal -0.302249 0.639259 -0.707102
    outer loop
      vertex 1.86902 54.016 0
      vertex 1.85194 54.6716 0.599999
      vertex 2.08179 54.1166 0
    endloop
  endfacet
  facet normal -0.941546 0.336885 0
    outer loop
      vertex 0.129181 52.7708 0.599999
      vertex 0.228363 53.048 24.9
      vertex 0.228363 53.048 0.599999
    endloop
  endfacet
  facet normal -0.941546 0.336885 0
    outer loop
      vertex 0.228363 53.048 24.9
      vertex 0.129181 52.7708 0.599999
      vertex 0.129181 52.7708 24.9
    endloop
  endfacet
  facet normal -0.706257 0.0347125 -0.707104
    outer loop
      vertex 0.612274 52.1351 0
      vertex 0 51.9 0.599999
      vertex 0.0144501 52.194 0.599999
    endloop
  endfacet
  facet normal 0.0348035 0.706257 -0.707099
    outer loop
      vertex 64.4351 54.2877 0
      vertex 64.1855 54.3 0
      vertex 64.2 54.9 0.599999
    endloop
  endfacet
  facet normal -0.171748 0.685984 -0.707057
    outer loop
      vertex 2.53188 54.2532 0
      vertex 2.12915 54.7708 0.599999
      vertex 2.41473 54.8423 0.599999
    endloop
  endfacet
  facet normal -0.639217 -0.302338 -0.707102
    outer loop
      vertex 0.354233 1.58582 0.599999
      vertex 0.228363 1.85194 0.599999
      vertex 0.884003 1.86902 0
    endloop
  endfacet
  facet normal -0.998794 0.0490907 0
    outer loop
      vertex 0 51.9 0.599999
      vertex 0.0144501 52.194 24.9
      vertex 0.0144501 52.194 0.599999
    endloop
  endfacet
  facet normal -0.998794 0.0490907 0
    outer loop
      vertex 0.0144501 52.194 24.9
      vertex 0 51.9 0.599999
      vertex 0 51.9 24.9
    endloop
  endfacet
  facet normal 0.0490907 -0.998794 0
    outer loop
      vertex 64.2 0 0.599999
      vertex 64.494 0.0144501 24.9
      vertex 64.2 0 24.9
    endloop
  endfacet
  facet normal 0.0490907 -0.998794 0
    outer loop
      vertex 64.494 0.0144501 24.9
      vertex 64.2 0 0.599999
      vertex 64.494 0.0144501 0.599999
    endloop
  endfacet
  facet normal 0.998786 -0.0492515 0
    outer loop
      vertex 67.1855 2.70595 24.9
      vertex 67.2 3 0.599999
      vertex 67.2 3 24.9
    endloop
  endfacet
  facet normal 0.998786 -0.0492515 0
    outer loop
      vertex 67.2 3 0.599999
      vertex 67.1855 2.70595 24.9
      vertex 67.1855 2.70595 0.599999
    endloop
  endfacet
  facet normal 0.904075 -0.427374 0
    outer loop
      vertex 66.8458 1.58582 24.9
      vertex 66.9716 1.85194 0.599999
      vertex 66.9716 1.85194 24.9
    endloop
  endfacet
  facet normal 0.904075 -0.427374 0
    outer loop
      vertex 66.9716 1.85194 0.599999
      vertex 66.8458 1.58582 24.9
      vertex 66.8458 1.58582 0.599999
    endloop
  endfacet
  facet normal 0.665773 0.238256 -0.707093
    outer loop
      vertex 67.0708 52.7708 0.599999
      vertex 66.4166 52.8182 0
      vertex 66.9716 53.048 0.599999
    endloop
  endfacet
  facet normal 0.970059 -0.242871 0
    outer loop
      vertex 67.0708 2.12915 24.9
      vertex 67.1423 2.41473 0.599999
      vertex 67.1423 2.41473 24.9
    endloop
  endfacet
  facet normal 0.970059 -0.242871 0
    outer loop
      vertex 67.1423 2.41473 0.599999
      vertex 67.0708 2.12915 24.9
      vertex 67.0708 2.12915 0.599999
    endloop
  endfacet
  facet normal 0.606546 0.363507 -0.707081
    outer loop
      vertex 66.316 53.031 0
      vertex 66.195 53.2329 0
      vertex 66.6944 53.5667 0.599999
    endloop
  endfacet
  facet normal 0.671607 0.740908 -0
    outer loop
      vertex 66.3213 54.0213 0.599999
      vertex 66.1032 54.219 24.9
      vertex 66.3213 54.0213 24.9
    endloop
  endfacet
  facet normal 0.671607 0.740908 0
    outer loop
      vertex 66.1032 54.219 24.9
      vertex 66.3213 54.0213 0.599999
      vertex 66.1032 54.219 0.599999
    endloop
  endfacet
  facet normal 0.989176 -0.146736 0
    outer loop
      vertex 67.1423 2.41473 24.9
      vertex 67.1855 2.70595 0.599999
      vertex 67.1855 2.70595 24.9
    endloop
  endfacet
  facet normal 0.989176 -0.146736 0
    outer loop
      vertex 67.1855 2.70595 0.599999
      vertex 67.1423 2.41473 24.9
      vertex 67.1423 2.41473 0.599999
    endloop
  endfacet
  facet normal 0.706256 -0.0347951 -0.707101
    outer loop
      vertex 67.2 3 0.599999
      vertex 66.5877 2.76488 0
      vertex 66.6 3.01454 0
    endloop
  endfacet
  facet normal 0.421183 -0.567952 -0.707132
    outer loop
      vertex 65.8667 0.505585 0.599999
      vertex 65.722 1.14531 0
      vertex 66.1032 0.680969 0.599999
    endloop
  endfacet
  facet normal -0.421297 0.567925 -0.707086
    outer loop
      vertex 1.47795 53.7547 0
      vertex 1.33328 54.3944 0.599999
      vertex 1.66708 53.895 0
    endloop
  endfacet
  facet normal 0.523958 -0.474856 -0.707093
    outer loop
      vertex 66.3213 0.878677 0.599999
      vertex 66.0547 1.47795 0
      vertex 66.519 1.09682 0.599999
    endloop
  endfacet
  facet normal 0.567933 -0.421278 -0.70709
    outer loop
      vertex 66.519 1.09682 0.599999
      vertex 66.0547 1.47795 0
      vertex 66.6944 1.33328 0.599999
    endloop
  endfacet
  facet normal 0.146688 -0.989183 0
    outer loop
      vertex 64.494 0.0144501 0.599999
      vertex 64.7853 0.0576477 24.9
      vertex 64.494 0.0144501 24.9
    endloop
  endfacet
  facet normal 0.146688 -0.989183 0
    outer loop
      vertex 64.7853 0.0576477 24.9
      vertex 64.494 0.0144501 0.599999
      vertex 64.7853 0.0576477 0.599999
    endloop
  endfacet
  facet normal 0.103737 0.699503 -0.70706
    outer loop
      vertex 64.6681 54.2532 0
      vertex 64.494 54.8855 0.599999
      vertex 64.7853 54.8423 0.599999
    endloop
  endfacet
  facet normal -0.103765 0.699503 -0.707056
    outer loop
      vertex 2.53188 54.2532 0
      vertex 2.41473 54.8423 0.599999
      vertex 2.70595 54.8855 0.599999
    endloop
  endfacet
  facet normal 0.103573 0.699492 -0.707095
    outer loop
      vertex 64.6681 54.2532 0
      vertex 64.4351 54.2877 0
      vertex 64.494 54.8855 0.599999
    endloop
  endfacet
  facet normal 0.514246 0.857643 -0
    outer loop
      vertex 65.8667 54.3944 0.599999
      vertex 65.6142 54.5458 24.9
      vertex 65.8667 54.3944 24.9
    endloop
  endfacet
  facet normal 0.514246 0.857643 0
    outer loop
      vertex 65.6142 54.5458 24.9
      vertex 65.8667 54.3944 0.599999
      vertex 65.6142 54.5458 0.599999
    endloop
  endfacet
  facet normal 0.421341 0.567894 -0.707084
    outer loop
      vertex 65.722 53.7547 0
      vertex 65.5329 53.895 0
      vertex 65.8667 54.3944 0.599999
    endloop
  endfacet
  facet normal 0.171792 0.685966 -0.707063
    outer loop
      vertex 65.0708 54.7708 0.599999
      vertex 64.6681 54.2532 0
      vertex 64.7853 54.8423 0.599999
    endloop
  endfacet
  facet normal 0.103751 -0.699456 -0.707105
    outer loop
      vertex 64.494 0.0144501 0.599999
      vertex 64.4351 0.612274 0
      vertex 64.6681 0.646835 0
    endloop
  endfacet
  facet normal 0.699489 -0.103572 -0.707098
    outer loop
      vertex 67.1855 2.70595 0.599999
      vertex 66.5532 2.53188 0
      vertex 66.5877 2.76488 0
    endloop
  endfacet
  facet normal -0.970016 0.243042 0
    outer loop
      vertex 0.0576477 52.4853 0.599999
      vertex 0.129181 52.7708 24.9
      vertex 0.129181 52.7708 0.599999
    endloop
  endfacet
  facet normal -0.970016 0.243042 0
    outer loop
      vertex 0.129181 52.7708 24.9
      vertex 0.0576477 52.4853 0.599999
      vertex 0.0576477 52.4853 24.9
    endloop
  endfacet
  facet normal 0.857643 0.514246 0
    outer loop
      vertex 66.8458 53.3142 24.9
      vertex 66.6944 53.5667 0.599999
      vertex 66.6944 53.5667 24.9
    endloop
  endfacet
  facet normal 0.857643 0.514246 0
    outer loop
      vertex 66.6944 53.5667 0.599999
      vertex 66.8458 53.3142 24.9
      vertex 66.8458 53.3142 0.599999
    endloop
  endfacet
  facet normal 0.523892 0.474889 -0.707119
    outer loop
      vertex 66.519 53.8032 0.599999
      vertex 66.0547 53.422 0
      vertex 66.3213 54.0213 0.599999
    endloop
  endfacet
  facet normal 0 -0.707103 -0.707111
    outer loop
      vertex 64.2 0 0.599999
      vertex 3.01454 0.600006 0
      vertex 64.1855 0.600006 0
    endloop
  endfacet
  facet normal 0 -0.707103 -0.707111
    outer loop
      vertex 3.01454 0.600006 0
      vertex 64.2 0 0.599999
      vertex 3 0 0.599999
    endloop
  endfacet
  facet normal 0.171825 -0.685916 -0.707103
    outer loop
      vertex 65.0708 0.129181 0.599999
      vertex 64.6681 0.646835 0
      vertex 64.8964 0.704025 0
    endloop
  endfacet
  facet normal -0.699454 0.103724 -0.707111
    outer loop
      vertex 0.646835 52.3681 0
      vertex 0.0144501 52.194 0.599999
      vertex 0.0576477 52.4853 0.599999
    endloop
  endfacet
  facet normal -0.706256 -0.0347046 -0.707105
    outer loop
      vertex 0.612274 2.76488 0
      vertex 0 3 0.599999
      vertex 0.600006 3.01454 0
    endloop
  endfacet
  facet normal 0.699492 0.103573 -0.707095
    outer loop
      vertex 66.5877 52.1351 0
      vertex 66.5532 52.3681 0
      vertex 67.1855 52.194 0.599999
    endloop
  endfacet
  facet normal 0.706257 0.0348035 -0.707099
    outer loop
      vertex 66.6 51.8855 0
      vertex 66.5877 52.1351 0
      vertex 67.2 51.9 0.599999
    endloop
  endfacet
  facet normal -0.94155 -0.336874 0
    outer loop
      vertex 0.228363 1.85194 0.599999
      vertex 0.129181 2.12915 24.9
      vertex 0.129181 2.12915 0.599999
    endloop
  endfacet
  facet normal -0.94155 -0.336874 0
    outer loop
      vertex 0.129181 2.12915 24.9
      vertex 0.228363 1.85194 0.599999
      vertex 0.228363 1.85194 24.9
    endloop
  endfacet
  facet normal -0.707103 0 -0.707111
    outer loop
      vertex 0 3 0.599999
      vertex 0.600006 51.8855 0
      vertex 0.600006 3.01454 0
    endloop
  endfacet
  facet normal -0.707103 0 -0.707111
    outer loop
      vertex 0.600006 51.8855 0
      vertex 0 3 0.599999
      vertex 0 51.9 0.599999
    endloop
  endfacet
  facet normal -0.523935 -0.474854 -0.707111
    outer loop
      vertex 0.878677 0.878677 0.599999
      vertex 0.680969 1.09682 0.599999
      vertex 1.14531 1.47795 0
    endloop
  endfacet
  facet normal 0.706262 0.0348327 -0.707093
    outer loop
      vertex 67.2 51.9 0.599999
      vertex 66.5877 52.1351 0
      vertex 67.1855 52.194 0.599999
    endloop
  endfacet
  facet normal 0.302208 0.639263 -0.707116
    outer loop
      vertex 65.331 54.016 0
      vertex 65.1182 54.1166 0
      vertex 65.3481 54.6716 0.599999
    endloop
  endfacet
  facet normal 0.998786 0.0492599 0
    outer loop
      vertex 67.2 51.9 24.9
      vertex 67.1855 52.194 0.599999
      vertex 67.1855 52.194 24.9
    endloop
  endfacet
  facet normal 0.998786 0.0492599 0
    outer loop
      vertex 67.1855 52.194 0.599999
      vertex 67.2 51.9 24.9
      vertex 67.2 51.9 0.599999
    endloop
  endfacet
  facet normal -0.989183 0.146688 0
    outer loop
      vertex 0.0144501 52.194 0.599999
      vertex 0.0576477 52.4853 24.9
      vertex 0.0576477 52.4853 0.599999
    endloop
  endfacet
  facet normal -0.989183 0.146688 0
    outer loop
      vertex 0.0576477 52.4853 24.9
      vertex 0.0144501 52.194 0.599999
      vertex 0.0144501 52.194 24.9
    endloop
  endfacet
  facet normal -0.970032 -0.242978 0
    outer loop
      vertex 0.129181 2.12915 0.599999
      vertex 0.0576477 2.41473 24.9
      vertex 0.0576477 2.41473 0.599999
    endloop
  endfacet
  facet normal -0.970032 -0.242978 0
    outer loop
      vertex 0.0576477 2.41473 24.9
      vertex 0.129181 2.12915 0.599999
      vertex 0.129181 2.12915 24.9
    endloop
  endfacet
  facet normal -0.302326 -0.63922 -0.707104
    outer loop
      vertex 2.08179 0.783371 0
      vertex 1.85194 0.228363 0.599999
      vertex 1.86902 0.884003 0
    endloop
  endfacet
  facet normal 0.639286 0.302219 -0.707091
    outer loop
      vertex 66.4166 52.8182 0
      vertex 66.316 53.031 0
      vertex 66.9716 53.048 0.599999
    endloop
  endfacet
  facet normal 0.523825 -0.474949 -0.707128
    outer loop
      vertex 66.3213 0.878677 0.599999
      vertex 65.8965 1.30347 0
      vertex 66.0547 1.47795 0
    endloop
  endfacet
  facet normal 0.567894 0.421341 -0.707084
    outer loop
      vertex 66.195 53.2329 0
      vertex 66.0547 53.422 0
      vertex 66.6944 53.5667 0.599999
    endloop
  endfacet
  facet normal -0.595764 0.80316 0
    outer loop
      vertex 1.33328 54.3944 0.599999
      vertex 1.09682 54.219 24.9
      vertex 1.33328 54.3944 24.9
    endloop
  endfacet
  facet normal -0.595764 0.80316 0
    outer loop
      vertex 1.09682 54.219 24.9
      vertex 1.33328 54.3944 0.599999
      vertex 1.09682 54.219 0.599999
    endloop
  endfacet
  facet normal 0.803208 0.595699 0
    outer loop
      vertex 66.6944 53.5667 24.9
      vertex 66.519 53.8032 0.599999
      vertex 66.519 53.8032 24.9
    endloop
  endfacet
  facet normal 0.803208 0.595699 0
    outer loop
      vertex 66.519 53.8032 0.599999
      vertex 66.6944 53.5667 24.9
      vertex 66.6944 53.5667 0.599999
    endloop
  endfacet
  facet normal -0.671534 0.740974 0
    outer loop
      vertex 1.09682 54.219 0.599999
      vertex 0.878677 54.0213 24.9
      vertex 1.09682 54.219 24.9
    endloop
  endfacet
  facet normal -0.671534 0.740974 0
    outer loop
      vertex 0.878677 54.0213 24.9
      vertex 1.09682 54.219 0.599999
      vertex 0.878677 54.0213 0.599999
    endloop
  endfacet
  facet normal -0.803186 -0.595728 0
    outer loop
      vertex 0.680969 1.09682 0.599999
      vertex 0.505585 1.33328 24.9
      vertex 0.505585 1.33328 0.599999
    endloop
  endfacet
  facet normal -0.803186 -0.595728 0
    outer loop
      vertex 0.505585 1.33328 24.9
      vertex 0.680969 1.09682 0.599999
      vertex 0.680969 1.09682 24.9
    endloop
  endfacet
  facet normal -0.989177 -0.146728 0
    outer loop
      vertex 0.0576477 2.41473 0.599999
      vertex 0.0144501 2.70595 24.9
      vertex 0.0144501 2.70595 0.599999
    endloop
  endfacet
  facet normal -0.989177 -0.146728 0
    outer loop
      vertex 0.0144501 2.70595 24.9
      vertex 0.0576477 2.41473 0.599999
      vertex 0.0576477 2.41473 24.9
    endloop
  endfacet
  facet normal 0.80316 -0.595764 0
    outer loop
      vertex 66.519 1.09682 24.9
      vertex 66.6944 1.33328 0.599999
      vertex 66.6944 1.33328 24.9
    endloop
  endfacet
  facet normal 0.80316 -0.595764 0
    outer loop
      vertex 66.6944 1.33328 0.599999
      vertex 66.519 1.09682 24.9
      vertex 66.519 1.09682 0.599999
    endloop
  endfacet
  facet normal 0.034713 -0.706257 -0.707104
    outer loop
      vertex 64.2 0 0.599999
      vertex 64.1855 0.600006 0
      vertex 64.4351 0.612274 0
    endloop
  endfacet
  facet normal 0.302214 0.639262 -0.707114
    outer loop
      vertex 65.6142 54.5458 0.599999
      vertex 65.331 54.016 0
      vertex 65.3481 54.6716 0.599999
    endloop
  endfacet
  facet normal 0.639308 0.302122 -0.707112
    outer loop
      vertex 66.9716 53.048 0.599999
      vertex 66.316 53.031 0
      vertex 66.8458 53.3142 0.599999
    endloop
  endfacet
  facet normal 0.606438 0.363622 -0.707115
    outer loop
      vertex 66.8458 53.3142 0.599999
      vertex 66.316 53.031 0
      vertex 66.6944 53.5667 0.599999
    endloop
  endfacet
  facet normal 0.706262 -0.0348267 -0.707094
    outer loop
      vertex 67.1855 2.70595 0.599999
      vertex 66.5877 2.76488 0
      vertex 67.2 3 0.599999
    endloop
  endfacet
  facet normal -0.706256 -0.0347066 -0.707105
    outer loop
      vertex 0.0144501 2.70595 0.599999
      vertex 0 3 0.599999
      vertex 0.612274 2.76488 0
    endloop
  endfacet
  facet normal -0.0490824 -0.998795 0
    outer loop
      vertex 2.70595 0.0144501 0.599999
      vertex 3 0 24.9
      vertex 2.70595 0.0144501 24.9
    endloop
  endfacet
  facet normal -0.0490824 -0.998795 -0
    outer loop
      vertex 3 0 24.9
      vertex 2.70595 0.0144501 0.599999
      vertex 3 0 0.599999
    endloop
  endfacet
  facet normal -0.685919 -0.17181 -0.707104
    outer loop
      vertex 0.704025 2.30356 0
      vertex 0.129181 2.12915 0.599999
      vertex 0.646835 2.53188 0
    endloop
  endfacet
  facet normal -0.523889 -0.474887 -0.707123
    outer loop
      vertex 1.30347 1.30347 0
      vertex 0.878677 0.878677 0.599999
      vertex 1.14531 1.47795 0
    endloop
  endfacet
  facet normal 0.474856 -0.523915 -0.707125
    outer loop
      vertex 66.3213 0.878677 0.599999
      vertex 65.722 1.14531 0
      vertex 65.8965 1.30347 0
    endloop
  endfacet
  facet normal -0.523915 0.474856 -0.707125
    outer loop
      vertex 1.14531 53.422 0
      vertex 0.878677 54.0213 0.599999
      vertex 1.30347 53.5965 0
    endloop
  endfacet
  facet normal 0.595663 -0.803234 0
    outer loop
      vertex 65.8667 0.505585 0.599999
      vertex 66.1032 0.680969 24.9
      vertex 65.8667 0.505585 24.9
    endloop
  endfacet
  facet normal 0.595663 -0.803234 0
    outer loop
      vertex 66.1032 0.680969 24.9
      vertex 65.8667 0.505585 0.599999
      vertex 66.1032 0.680969 0.599999
    endloop
  endfacet
  facet normal 0.421266 -0.567915 -0.707112
    outer loop
      vertex 65.8667 0.505585 0.599999
      vertex 65.5329 1.00504 0
      vertex 65.722 1.14531 0
    endloop
  endfacet
  facet normal 0.363574 -0.606472 -0.707111
    outer loop
      vertex 65.8667 0.505585 0.599999
      vertex 65.331 0.884003 0
      vertex 65.5329 1.00504 0
    endloop
  endfacet
  facet normal -0.998795 -0.0490824 0
    outer loop
      vertex 0.0144501 2.70595 0.599999
      vertex 0 3 24.9
      vertex 0 3 0.599999
    endloop
  endfacet
  facet normal -0.998795 -0.0490824 0
    outer loop
      vertex 0 3 24.9
      vertex 0.0144501 2.70595 0.599999
      vertex 0.0144501 2.70595 24.9
    endloop
  endfacet
  facet normal 0.595699 0.803208 -0
    outer loop
      vertex 66.1032 54.219 0.599999
      vertex 65.8667 54.3944 24.9
      vertex 66.1032 54.219 24.9
    endloop
  endfacet
  facet normal 0.595699 0.803208 0
    outer loop
      vertex 65.8667 54.3944 24.9
      vertex 66.1032 54.219 0.599999
      vertex 65.8667 54.3944 0.599999
    endloop
  endfacet
  facet normal 0.685933 0.171859 -0.707079
    outer loop
      vertex 66.5532 52.3681 0
      vertex 66.496 52.5964 0
      vertex 67.0708 52.7708 0.599999
    endloop
  endfacet
  facet normal -0.523869 0.474888 -0.707137
    outer loop
      vertex 1.14531 53.422 0
      vertex 0.680969 53.8032 0.599999
      vertex 0.878677 54.0213 0.599999
    endloop
  endfacet
  facet normal 0.146696 0.989182 -0
    outer loop
      vertex 64.7853 54.8423 0.599999
      vertex 64.494 54.8855 24.9
      vertex 64.7853 54.8423 24.9
    endloop
  endfacet
  facet normal 0.146696 0.989182 0
    outer loop
      vertex 64.494 54.8855 24.9
      vertex 64.7853 54.8423 0.599999
      vertex 64.494 54.8855 0.599999
    endloop
  endfacet
  facet normal -0.0347046 -0.706256 -0.707105
    outer loop
      vertex 3 0 0.599999
      vertex 2.76488 0.612274 0
      vertex 3.01454 0.600006 0
    endloop
  endfacet
  facet normal 0.302286 -0.639224 -0.707118
    outer loop
      vertex 65.3481 0.228363 0.599999
      vertex 65.1182 0.783371 0
      vertex 65.331 0.884003 0
    endloop
  endfacet
  facet normal 0.238135 -0.665794 -0.707114
    outer loop
      vertex 65.3481 0.228363 0.599999
      vertex 65.0708 0.129181 0.599999
      vertex 65.1182 0.783371 0
    endloop
  endfacet
  facet normal 0.606462 -0.363579 -0.707117
    outer loop
      vertex 66.6944 1.33328 0.599999
      vertex 66.316 1.86902 0
      vertex 66.8458 1.58582 0.599999
    endloop
  endfacet
  facet normal -0.706257 0.034713 -0.707104
    outer loop
      vertex 0.600006 51.8855 0
      vertex 0 51.9 0.599999
      vertex 0.612274 52.1351 0
    endloop
  endfacet
  facet normal -0.238358 0.665752 -0.707078
    outer loop
      vertex 2.30356 54.196 0
      vertex 2.08179 54.1166 0
      vertex 2.12915 54.7708 0.599999
    endloop
  endfacet
  facet normal -0.336928 0.94153 0
    outer loop
      vertex 2.12915 54.7708 0.599999
      vertex 1.85194 54.6716 24.9
      vertex 2.12915 54.7708 24.9
    endloop
  endfacet
  facet normal -0.336928 0.94153 0
    outer loop
      vertex 1.85194 54.6716 24.9
      vertex 2.12915 54.7708 0.599999
      vertex 1.85194 54.6716 0.599999
    endloop
  endfacet
  facet normal 0.970042 0.242935 0
    outer loop
      vertex 67.1423 52.4853 24.9
      vertex 67.0708 52.7708 0.599999
      vertex 67.0708 52.7708 24.9
    endloop
  endfacet
  facet normal 0.970042 0.242935 0
    outer loop
      vertex 67.0708 52.7708 0.599999
      vertex 67.1423 52.4853 24.9
      vertex 67.1423 52.4853 0.599999
    endloop
  endfacet
  facet normal 0.639271 -0.302196 -0.707114
    outer loop
      vertex 66.8458 1.58582 0.599999
      vertex 66.316 1.86902 0
      vertex 66.9716 1.85194 0.599999
    endloop
  endfacet
  facet normal 0.665763 0.23833 -0.707077
    outer loop
      vertex 66.496 52.5964 0
      vertex 66.4166 52.8182 0
      vertex 67.0708 52.7708 0.599999
    endloop
  endfacet
  facet normal -0.421278 0.567933 -0.70709
    outer loop
      vertex 1.47795 53.7547 0
      vertex 1.09682 54.219 0.599999
      vertex 1.33328 54.3944 0.599999
    endloop
  endfacet
  facet normal -0.474856 0.523958 -0.707093
    outer loop
      vertex 1.47795 53.7547 0
      vertex 0.878677 54.0213 0.599999
      vertex 1.09682 54.219 0.599999
    endloop
  endfacet
  facet normal -0.171812 -0.685918 -0.707105
    outer loop
      vertex 2.41473 0.0576477 0.599999
      vertex 2.12915 0.129181 0.599999
      vertex 2.53188 0.646835 0
    endloop
  endfacet
  facet normal 0 0 1
    outer loop
      vertex 0 3 24.9
      vertex 2 3 24.9
      vertex 2 19.45 24.9
    endloop
  endfacet
  facet normal 0 -0 1
    outer loop
      vertex 0.0144501 2.70595 24.9
      vertex 2 3 24.9
      vertex 0 3 24.9
    endloop
  endfacet
  facet normal 0 0 1
    outer loop
      vertex 2 3 24.9
      vertex 1.58582 0.354233 24.9
      vertex 1.85194 0.228363 24.9
    endloop
  endfacet
  facet normal 0 0 1
    outer loop
      vertex 2 3 24.9
      vertex 1.33328 0.505585 24.9
      vertex 1.58582 0.354233 24.9
    endloop
  endfacet
  facet normal 0 0 1
    outer loop
      vertex 2 3 24.9
      vertex 1.09682 0.680969 24.9
      vertex 1.33328 0.505585 24.9
    endloop
  endfacet
  facet normal 0 0 1
    outer loop
      vertex 2 3 24.9
      vertex 0.878677 0.878677 24.9
      vertex 1.09682 0.680969 24.9
    endloop
  endfacet
  facet normal 0 0 1
    outer loop
      vertex 2 3 24.9
      vertex 0.680969 1.09682 24.9
      vertex 0.878677 0.878677 24.9
    endloop
  endfacet
  facet normal 0 0 1
    outer loop
      vertex 2 3 24.9
      vertex 0.505585 1.33328 24.9
      vertex 0.680969 1.09682 24.9
    endloop
  endfacet
  facet normal 0 0 1
    outer loop
      vertex 2 3 24.9
      vertex 0.354233 1.58582 24.9
      vertex 0.505585 1.33328 24.9
    endloop
  endfacet
  facet normal 0 0 1
    outer loop
      vertex 2 3 24.9
      vertex 0.228363 1.85194 24.9
      vertex 0.354233 1.58582 24.9
    endloop
  endfacet
  facet normal 0 0 1
    outer loop
      vertex 2 3 24.9
      vertex 0.129181 2.12915 24.9
      vertex 0.228363 1.85194 24.9
    endloop
  endfacet
  facet normal 0 0 1
    outer loop
      vertex 2 3 24.9
      vertex 0.0576477 2.41473 24.9
      vertex 0.129181 2.12915 24.9
    endloop
  endfacet
  facet normal 0 0 1
    outer loop
      vertex 0 3 24.9
      vertex 2 19.45 24.9
      vertex 0 19.45 24.9
    endloop
  endfacet
  facet normal 0 0 1
    outer loop
      vertex 2 3 24.9
      vertex 0.0144501 2.70595 24.9
      vertex 0.0576477 2.41473 24.9
    endloop
  endfacet
  facet normal 0 0 1
    outer loop
      vertex 65.2 51.9 24.9
      vertex 67.2 51.9 24.9
      vertex 67.1855 52.194 24.9
    endloop
  endfacet
  facet normal 0 0 1
    outer loop
      vertex 67.2 51.9 24.9
      vertex 65.2 51.9 24.9
      vertex 67.2 3 24.9
    endloop
  endfacet
  facet normal 0 0 1
    outer loop
      vertex 65.1952 51.998 24.9
      vertex 67.1855 52.194 24.9
      vertex 67.1423 52.4853 24.9
    endloop
  endfacet
  facet normal 0 0 1
    outer loop
      vertex 65.2 3 24.9
      vertex 67.2 3 24.9
      vertex 65.2 51.9 24.9
    endloop
  endfacet
  facet normal 0 0 1
    outer loop
      vertex 65.1808 52.0951 24.9
      vertex 67.1423 52.4853 24.9
      vertex 67.0708 52.7708 24.9
    endloop
  endfacet
  facet normal 0 0 1
    outer loop
      vertex 67.2 3 24.9
      vertex 65.2 3 24.9
      vertex 67.1855 2.70595 24.9
    endloop
  endfacet
  facet normal 0 0 1
    outer loop
      vertex 65.1569 52.1903 24.9
      vertex 67.0708 52.7708 24.9
      vertex 66.9716 53.048 24.9
    endloop
  endfacet
  facet normal -0 0 1
    outer loop
      vertex 65.1952 2.90198 24.9
      vertex 67.1855 2.70595 24.9
      vertex 65.2 3 24.9
    endloop
  endfacet
  facet normal 0 0 1
    outer loop
      vertex 65.1239 52.2827 24.9
      vertex 66.9716 53.048 24.9
      vertex 66.8458 53.3142 24.9
    endloop
  endfacet
  facet normal 0 0 1
    outer loop
      vertex 67.1855 2.70595 24.9
      vertex 65.1952 2.90198 24.9
      vertex 67.1423 2.41473 24.9
    endloop
  endfacet
  facet normal 0 0 1
    outer loop
      vertex 65.0819 52.3714 24.9
      vertex 66.8458 53.3142 24.9
      vertex 66.6944 53.5667 24.9
    endloop
  endfacet
  facet normal -0 0 1
    outer loop
      vertex 65.1808 2.80492 24.9
      vertex 67.1423 2.41473 24.9
      vertex 65.1952 2.90198 24.9
    endloop
  endfacet
  facet normal 0 0 1
    outer loop
      vertex 65.0315 52.4556 24.9
      vertex 66.6944 53.5667 24.9
      vertex 66.519 53.8032 24.9
    endloop
  endfacet
  facet normal 0 0 1
    outer loop
      vertex 67.1423 2.41473 24.9
      vertex 65.1808 2.80492 24.9
      vertex 67.0708 2.12915 24.9
    endloop
  endfacet
  facet normal 0 0 1
    outer loop
      vertex 64.973 52.5344 24.9
      vertex 66.519 53.8032 24.9
      vertex 66.3213 54.0213 24.9
    endloop
  endfacet
  facet normal -0 0 1
    outer loop
      vertex 65.1569 2.70972 24.9
      vertex 67.0708 2.12915 24.9
      vertex 65.1808 2.80492 24.9
    endloop
  endfacet
  facet normal 0 0 1
    outer loop
      vertex 64.9071 52.6071 24.9
      vertex 66.3213 54.0213 24.9
      vertex 66.1032 54.219 24.9
    endloop
  endfacet
  facet normal 0 0 1
    outer loop
      vertex 67.0708 2.12915 24.9
      vertex 65.1569 2.70972 24.9
      vertex 66.9716 1.85194 24.9
    endloop
  endfacet
  facet normal 0 0 1
    outer loop
      vertex 64.8344 52.673 24.9
      vertex 66.1032 54.219 24.9
      vertex 65.8667 54.3944 24.9
    endloop
  endfacet
  facet normal -0 0 1
    outer loop
      vertex 65.1239 2.61731 24.9
      vertex 66.9716 1.85194 24.9
      vertex 65.1569 2.70972 24.9
    endloop
  endfacet
  facet normal 0 0 1
    outer loop
      vertex 64.7556 52.7315 24.9
      vertex 65.8667 54.3944 24.9
      vertex 65.6142 54.5458 24.9
    endloop
  endfacet
  facet normal 0 0 1
    outer loop
      vertex 66.9716 1.85194 24.9
      vertex 65.1239 2.61731 24.9
      vertex 66.8458 1.58582 24.9
    endloop
  endfacet
  facet normal 0 0 1
    outer loop
      vertex 64.6714 52.7819 24.9
      vertex 65.6142 54.5458 24.9
      vertex 65.3481 54.6716 24.9
    endloop
  endfacet
  facet normal -0 0 1
    outer loop
      vertex 65.0819 2.52861 24.9
      vertex 66.8458 1.58582 24.9
      vertex 65.1239 2.61731 24.9
    endloop
  endfacet
  facet normal 0 0 1
    outer loop
      vertex 66.8458 1.58582 24.9
      vertex 65.0819 2.52861 24.9
      vertex 66.6944 1.33328 24.9
    endloop
  endfacet
  facet normal 0 0 1
    outer loop
      vertex 67.1855 52.194 24.9
      vertex 65.1952 51.998 24.9
      vertex 65.2 51.9 24.9
    endloop
  endfacet
  facet normal 0 0 1
    outer loop
      vertex 67.1423 52.4853 24.9
      vertex 65.1808 52.0951 24.9
      vertex 65.1952 51.998 24.9
    endloop
  endfacet
  facet normal 0 0 1
    outer loop
      vertex 67.0708 52.7708 24.9
      vertex 65.1569 52.1903 24.9
      vertex 65.1808 52.0951 24.9
    endloop
  endfacet
  facet normal 0 0 1
    outer loop
      vertex 66.9716 53.048 24.9
      vertex 65.1239 52.2827 24.9
      vertex 65.1569 52.1903 24.9
    endloop
  endfacet
  facet normal 0 0 1
    outer loop
      vertex 66.8458 53.3142 24.9
      vertex 65.0819 52.3714 24.9
      vertex 65.1239 52.2827 24.9
    endloop
  endfacet
  facet normal 0 0 1
    outer loop
      vertex 64.5827 52.8239 24.9
      vertex 65.3481 54.6716 24.9
      vertex 65.0708 54.7708 24.9
    endloop
  endfacet
  facet normal 0 0 1
    outer loop
      vertex 66.6944 53.5667 24.9
      vertex 65.0315 52.4556 24.9
      vertex 65.0819 52.3714 24.9
    endloop
  endfacet
  facet normal 0 0 1
    outer loop
      vertex 66.519 53.8032 24.9
      vertex 64.973 52.5344 24.9
      vertex 65.0315 52.4556 24.9
    endloop
  endfacet
  facet normal 0 0 1
    outer loop
      vertex 66.3213 54.0213 24.9
      vertex 64.9071 52.6071 24.9
      vertex 64.973 52.5344 24.9
    endloop
  endfacet
  facet normal 0 0 1
    outer loop
      vertex 66.1032 54.219 24.9
      vertex 64.8344 52.673 24.9
      vertex 64.9071 52.6071 24.9
    endloop
  endfacet
  facet normal 0 0 1
    outer loop
      vertex 64.4903 52.8569 24.9
      vertex 65.0708 54.7708 24.9
      vertex 64.7853 54.8423 24.9
    endloop
  endfacet
  facet normal 0 0 1
    outer loop
      vertex 65.8667 54.3944 24.9
      vertex 64.7556 52.7315 24.9
      vertex 64.8344 52.673 24.9
    endloop
  endfacet
  facet normal 0 0 1
    outer loop
      vertex 65.6142 54.5458 24.9
      vertex 64.6714 52.7819 24.9
      vertex 64.7556 52.7315 24.9
    endloop
  endfacet
  facet normal 0 0 1
    outer loop
      vertex 65.3481 54.6716 24.9
      vertex 64.5827 52.8239 24.9
      vertex 64.6714 52.7819 24.9
    endloop
  endfacet
  facet normal 0 0 1
    outer loop
      vertex 64.3951 52.8808 24.9
      vertex 64.7853 54.8423 24.9
      vertex 64.494 54.8855 24.9
    endloop
  endfacet
  facet normal 0 0 1
    outer loop
      vertex 65.0708 54.7708 24.9
      vertex 64.4903 52.8569 24.9
      vertex 64.5827 52.8239 24.9
    endloop
  endfacet
  facet normal 0 0 1
    outer loop
      vertex 64.7853 54.8423 24.9
      vertex 64.3951 52.8808 24.9
      vertex 64.4903 52.8569 24.9
    endloop
  endfacet
  facet normal 0 0 1
    outer loop
      vertex 64.494 54.8855 24.9
      vertex 64.298 52.8952 24.9
      vertex 64.3951 52.8808 24.9
    endloop
  endfacet
  facet normal 0 0 1
    outer loop
      vertex 64.2 54.9 24.9
      vertex 64.298 52.8952 24.9
      vertex 64.494 54.8855 24.9
    endloop
  endfacet
  facet normal 0 0 1
    outer loop
      vertex 64.2 54.9 24.9
      vertex 64.2 52.9 24.9
      vertex 64.298 52.8952 24.9
    endloop
  endfacet
  facet normal -0 0 1
    outer loop
      vertex 3 54.9 24.9
      vertex 64.2 52.9 24.9
      vertex 64.2 54.9 24.9
    endloop
  endfacet
  facet normal 0 0 1
    outer loop
      vertex 3 54.9 24.9
      vertex 3 52.9 24.9
      vertex 64.2 52.9 24.9
    endloop
  endfacet
  facet normal 0 0 1
    outer loop
      vertex 3 54.9 24.9
      vertex 2.90198 52.8952 24.9
      vertex 3 52.9 24.9
    endloop
  endfacet
  facet normal -0 0 1
    outer loop
      vertex 2.70595 54.8855 24.9
      vertex 2.90198 52.8952 24.9
      vertex 3 54.9 24.9
    endloop
  endfacet
  facet normal 0 0 1
    outer loop
      vertex 2.90198 52.8952 24.9
      vertex 2.70595 54.8855 24.9
      vertex 2.80492 52.8808 24.9
    endloop
  endfacet
  facet normal -0 0 1
    outer loop
      vertex 2.41473 54.8423 24.9
      vertex 2.80492 52.8808 24.9
      vertex 2.70595 54.8855 24.9
    endloop
  endfacet
  facet normal 0 0 1
    outer loop
      vertex 2.80492 52.8808 24.9
      vertex 2.41473 54.8423 24.9
      vertex 2.70972 52.8569 24.9
    endloop
  endfacet
  facet normal -0 0 1
    outer loop
      vertex 2.12915 54.7708 24.9
      vertex 2.70972 52.8569 24.9
      vertex 2.41473 54.8423 24.9
    endloop
  endfacet
  facet normal 0 0 1
    outer loop
      vertex 2.70972 52.8569 24.9
      vertex 2.12915 54.7708 24.9
      vertex 2.61731 52.8239 24.9
    endloop
  endfacet
  facet normal -0 0 1
    outer loop
      vertex 1.85194 54.6716 24.9
      vertex 2.61731 52.8239 24.9
      vertex 2.12915 54.7708 24.9
    endloop
  endfacet
  facet normal 0 0 1
    outer loop
      vertex 2.61731 52.8239 24.9
      vertex 1.85194 54.6716 24.9
      vertex 2.52861 52.7819 24.9
    endloop
  endfacet
  facet normal -0 0 1
    outer loop
      vertex 1.58582 54.5458 24.9
      vertex 2.52861 52.7819 24.9
      vertex 1.85194 54.6716 24.9
    endloop
  endfacet
  facet normal 0 0 1
    outer loop
      vertex 2.52861 52.7819 24.9
      vertex 1.58582 54.5458 24.9
      vertex 2.44443 52.7315 24.9
    endloop
  endfacet
  facet normal -0 0 1
    outer loop
      vertex 1.33328 54.3944 24.9
      vertex 2.44443 52.7315 24.9
      vertex 1.58582 54.5458 24.9
    endloop
  endfacet
  facet normal 0 0 1
    outer loop
      vertex 2.44443 52.7315 24.9
      vertex 1.33328 54.3944 24.9
      vertex 2.3656 52.673 24.9
    endloop
  endfacet
  facet normal -0 0 1
    outer loop
      vertex 1.09682 54.219 24.9
      vertex 2.3656 52.673 24.9
      vertex 1.33328 54.3944 24.9
    endloop
  endfacet
  facet normal 0 0 1
    outer loop
      vertex 2.3656 52.673 24.9
      vertex 1.09682 54.219 24.9
      vertex 2.29289 52.6071 24.9
    endloop
  endfacet
  facet normal -0 0 1
    outer loop
      vertex 0.878677 54.0213 24.9
      vertex 2.29289 52.6071 24.9
      vertex 1.09682 54.219 24.9
    endloop
  endfacet
  facet normal 0 0 1
    outer loop
      vertex 2.29289 52.6071 24.9
      vertex 0.878677 54.0213 24.9
      vertex 2.22699 52.5344 24.9
    endloop
  endfacet
  facet normal -0 0 1
    outer loop
      vertex 0.680969 53.8032 24.9
      vertex 2.22699 52.5344 24.9
      vertex 0.878677 54.0213 24.9
    endloop
  endfacet
  facet normal 0 0 1
    outer loop
      vertex 2.22699 52.5344 24.9
      vertex 0.680969 53.8032 24.9
      vertex 2.16853 52.4556 24.9
    endloop
  endfacet
  facet normal -0 0 1
    outer loop
      vertex 0.505585 53.5667 24.9
      vertex 2.16853 52.4556 24.9
      vertex 0.680969 53.8032 24.9
    endloop
  endfacet
  facet normal 0 0 1
    outer loop
      vertex 2.16853 52.4556 24.9
      vertex 0.505585 53.5667 24.9
      vertex 2.11807 52.3714 24.9
    endloop
  endfacet
  facet normal -0 0 1
    outer loop
      vertex 0.354233 53.3142 24.9
      vertex 2.11807 52.3714 24.9
      vertex 0.505585 53.5667 24.9
    endloop
  endfacet
  facet normal 0 0 1
    outer loop
      vertex 2.11807 52.3714 24.9
      vertex 0.354233 53.3142 24.9
      vertex 2.07613 52.2827 24.9
    endloop
  endfacet
  facet normal -0 0 1
    outer loop
      vertex 0.228363 53.048 24.9
      vertex 2.07613 52.2827 24.9
      vertex 0.354233 53.3142 24.9
    endloop
  endfacet
  facet normal 0 0 1
    outer loop
      vertex 2.07613 52.2827 24.9
      vertex 0.228363 53.048 24.9
      vertex 2.04306 52.1903 24.9
    endloop
  endfacet
  facet normal -0 0 1
    outer loop
      vertex 0.129181 52.7708 24.9
      vertex 2.04306 52.1903 24.9
      vertex 0.228363 53.048 24.9
    endloop
  endfacet
  facet normal 0 0 1
    outer loop
      vertex 2.04306 52.1903 24.9
      vertex 0.129181 52.7708 24.9
      vertex 2.01921 52.0951 24.9
    endloop
  endfacet
  facet normal -0 0 1
    outer loop
      vertex 0.0576477 52.4853 24.9
      vertex 2.01921 52.0951 24.9
      vertex 0.129181 52.7708 24.9
    endloop
  endfacet
  facet normal 0 0 1
    outer loop
      vertex 2.01921 52.0951 24.9
      vertex 0.0576477 52.4853 24.9
      vertex 2.00482 51.998 24.9
    endloop
  endfacet
  facet normal -0 0 1
    outer loop
      vertex 0.0144501 52.194 24.9
      vertex 2.00482 51.998 24.9
      vertex 0.0576477 52.4853 24.9
    endloop
  endfacet
  facet normal 0 0 1
    outer loop
      vertex 2.00482 51.998 24.9
      vertex 0.0144501 52.194 24.9
      vertex 2 51.9 24.9
    endloop
  endfacet
  facet normal 0 0 1
    outer loop
      vertex 2 51.9 24.9
      vertex 0.0144501 52.194 24.9
      vertex 0 51.9 24.9
    endloop
  endfacet
  facet normal 0 0 1
    outer loop
      vertex 2 51.9 24.9
      vertex 0 51.9 24.9
      vertex 2 35.45 24.9
    endloop
  endfacet
  facet normal 0 0 1
    outer loop
      vertex 2 35.45 24.9
      vertex 0 51.9 24.9
      vertex 0 35.45 24.9
    endloop
  endfacet
  facet normal -0 0 1
    outer loop
      vertex 65.0315 2.44443 24.9
      vertex 66.6944 1.33328 24.9
      vertex 65.0819 2.52861 24.9
    endloop
  endfacet
  facet normal 0 0 1
    outer loop
      vertex 66.6944 1.33328 24.9
      vertex 65.0315 2.44443 24.9
      vertex 66.519 1.09682 24.9
    endloop
  endfacet
  facet normal -0 0 1
    outer loop
      vertex 64.973 2.3656 24.9
      vertex 66.519 1.09682 24.9
      vertex 65.0315 2.44443 24.9
    endloop
  endfacet
  facet normal 0 0 1
    outer loop
      vertex 66.519 1.09682 24.9
      vertex 64.973 2.3656 24.9
      vertex 66.3213 0.878677 24.9
    endloop
  endfacet
  facet normal -0 0 1
    outer loop
      vertex 64.9071 2.29289 24.9
      vertex 66.3213 0.878677 24.9
      vertex 64.973 2.3656 24.9
    endloop
  endfacet
  facet normal 0 0 1
    outer loop
      vertex 66.3213 0.878677 24.9
      vertex 64.9071 2.29289 24.9
      vertex 66.1032 0.680969 24.9
    endloop
  endfacet
  facet normal -0 0 1
    outer loop
      vertex 64.8344 2.22699 24.9
      vertex 66.1032 0.680969 24.9
      vertex 64.9071 2.29289 24.9
    endloop
  endfacet
  facet normal 0 0 1
    outer loop
      vertex 66.1032 0.680969 24.9
      vertex 64.8344 2.22699 24.9
      vertex 65.8667 0.505585 24.9
    endloop
  endfacet
  facet normal -0 0 1
    outer loop
      vertex 64.7556 2.16853 24.9
      vertex 65.8667 0.505585 24.9
      vertex 64.8344 2.22699 24.9
    endloop
  endfacet
  facet normal 0 0 1
    outer loop
      vertex 65.8667 0.505585 24.9
      vertex 64.7556 2.16853 24.9
      vertex 65.6142 0.354233 24.9
    endloop
  endfacet
  facet normal -0 0 1
    outer loop
      vertex 64.6714 2.11807 24.9
      vertex 65.6142 0.354233 24.9
      vertex 64.7556 2.16853 24.9
    endloop
  endfacet
  facet normal 0 0 1
    outer loop
      vertex 65.6142 0.354233 24.9
      vertex 64.6714 2.11807 24.9
      vertex 65.3481 0.228363 24.9
    endloop
  endfacet
  facet normal -0 0 1
    outer loop
      vertex 64.5827 2.07613 24.9
      vertex 65.3481 0.228363 24.9
      vertex 64.6714 2.11807 24.9
    endloop
  endfacet
  facet normal 0 0 1
    outer loop
      vertex 65.3481 0.228363 24.9
      vertex 64.5827 2.07613 24.9
      vertex 65.0708 0.129181 24.9
    endloop
  endfacet
  facet normal -0 0 1
    outer loop
      vertex 64.4903 2.04306 24.9
      vertex 65.0708 0.129181 24.9
      vertex 64.5827 2.07613 24.9
    endloop
  endfacet
  facet normal 0 0 1
    outer loop
      vertex 65.0708 0.129181 24.9
      vertex 64.4903 2.04306 24.9
      vertex 64.7853 0.0576477 24.9
    endloop
  endfacet
  facet normal -0 0 1
    outer loop
      vertex 64.3951 2.01921 24.9
      vertex 64.7853 0.0576477 24.9
      vertex 64.4903 2.04306 24.9
    endloop
  endfacet
  facet normal 0 0 1
    outer loop
      vertex 64.7853 0.0576477 24.9
      vertex 64.3951 2.01921 24.9
      vertex 64.494 0.0144501 24.9
    endloop
  endfacet
  facet normal -0 0 1
    outer loop
      vertex 64.298 2.00482 24.9
      vertex 64.494 0.0144501 24.9
      vertex 64.3951 2.01921 24.9
    endloop
  endfacet
  facet normal -0 0 1
    outer loop
      vertex 64.2 2 24.9
      vertex 64.494 0.0144501 24.9
      vertex 64.298 2.00482 24.9
    endloop
  endfacet
  facet normal 0 0 1
    outer loop
      vertex 64.2 2 24.9
      vertex 64.2 0 24.9
      vertex 64.494 0.0144501 24.9
    endloop
  endfacet
  facet normal -0 0 1
    outer loop
      vertex 3 2 24.9
      vertex 64.2 0 24.9
      vertex 64.2 2 24.9
    endloop
  endfacet
  facet normal 0 0 1
    outer loop
      vertex 3 2 24.9
      vertex 3 0 24.9
      vertex 64.2 0 24.9
    endloop
  endfacet
  facet normal 0 0 1
    outer loop
      vertex 2.90198 2.00482 24.9
      vertex 3 0 24.9
      vertex 3 2 24.9
    endloop
  endfacet
  facet normal 0 0 1
    outer loop
      vertex 2.70595 0.0144501 24.9
      vertex 2.90198 2.00482 24.9
      vertex 2.80492 2.01921 24.9
    endloop
  endfacet
  facet normal 0 0 1
    outer loop
      vertex 2.41473 0.0576477 24.9
      vertex 2.80492 2.01921 24.9
      vertex 2.70972 2.04306 24.9
    endloop
  endfacet
  facet normal 0 0 1
    outer loop
      vertex 2.90198 2.00482 24.9
      vertex 2.70595 0.0144501 24.9
      vertex 3 0 24.9
    endloop
  endfacet
  facet normal 0 0 1
    outer loop
      vertex 2.12915 0.129181 24.9
      vertex 2.70972 2.04306 24.9
      vertex 2.61731 2.07613 24.9
    endloop
  endfacet
  facet normal 0 0 1
    outer loop
      vertex 1.85194 0.228363 24.9
      vertex 2.61731 2.07613 24.9
      vertex 2.52861 2.11807 24.9
    endloop
  endfacet
  facet normal 0 0 1
    outer loop
      vertex 1.85194 0.228363 24.9
      vertex 2.52861 2.11807 24.9
      vertex 2.44443 2.16853 24.9
    endloop
  endfacet
  facet normal 0 0 1
    outer loop
      vertex 2.80492 2.01921 24.9
      vertex 2.41473 0.0576477 24.9
      vertex 2.70595 0.0144501 24.9
    endloop
  endfacet
  facet normal 0 0 1
    outer loop
      vertex 1.85194 0.228363 24.9
      vertex 2.44443 2.16853 24.9
      vertex 2.3656 2.22699 24.9
    endloop
  endfacet
  facet normal 0 0 1
    outer loop
      vertex 1.85194 0.228363 24.9
      vertex 2.3656 2.22699 24.9
      vertex 2.29289 2.29289 24.9
    endloop
  endfacet
  facet normal 0 0 1
    outer loop
      vertex 1.85194 0.228363 24.9
      vertex 2.29289 2.29289 24.9
      vertex 2.22699 2.3656 24.9
    endloop
  endfacet
  facet normal 0 0 1
    outer loop
      vertex 1.85194 0.228363 24.9
      vertex 2.22699 2.3656 24.9
      vertex 2.16853 2.44443 24.9
    endloop
  endfacet
  facet normal 0 0 1
    outer loop
      vertex 2.70972 2.04306 24.9
      vertex 2.12915 0.129181 24.9
      vertex 2.41473 0.0576477 24.9
    endloop
  endfacet
  facet normal 0 0 1
    outer loop
      vertex 1.85194 0.228363 24.9
      vertex 2.16853 2.44443 24.9
      vertex 2.11807 2.52861 24.9
    endloop
  endfacet
  facet normal 0 0 1
    outer loop
      vertex 1.85194 0.228363 24.9
      vertex 2.11807 2.52861 24.9
      vertex 2.07613 2.61731 24.9
    endloop
  endfacet
  facet normal 0 0 1
    outer loop
      vertex 1.85194 0.228363 24.9
      vertex 2.07613 2.61731 24.9
      vertex 2.04306 2.70972 24.9
    endloop
  endfacet
  facet normal 0 0 1
    outer loop
      vertex 1.85194 0.228363 24.9
      vertex 2.04306 2.70972 24.9
      vertex 2.01921 2.80492 24.9
    endloop
  endfacet
  facet normal 0 0 1
    outer loop
      vertex 1.85194 0.228363 24.9
      vertex 2.01921 2.80492 24.9
      vertex 2.00482 2.90198 24.9
    endloop
  endfacet
  facet normal 0 0 1
    outer loop
      vertex 1.85194 0.228363 24.9
      vertex 2.00482 2.90198 24.9
      vertex 2 3 24.9
    endloop
  endfacet
  facet normal 0 0 1
    outer loop
      vertex 2.61731 2.07613 24.9
      vertex 1.85194 0.228363 24.9
      vertex 2.12915 0.129181 24.9
    endloop
  endfacet
  facet normal 0.941527 0.336939 0
    outer loop
      vertex 67.0708 52.7708 24.9
      vertex 66.9716 53.048 0.599999
      vertex 66.9716 53.048 24.9
    endloop
  endfacet
  facet normal 0.941527 0.336939 0
    outer loop
      vertex 66.9716 53.048 0.599999
      vertex 67.0708 52.7708 24.9
      vertex 67.0708 52.7708 0.599999
    endloop
  endfacet
  facet normal -0.146736 0.989176 0
    outer loop
      vertex 2.70595 54.8855 0.599999
      vertex 2.41473 54.8423 24.9
      vertex 2.70595 54.8855 24.9
    endloop
  endfacet
  facet normal -0.146736 0.989176 0
    outer loop
      vertex 2.41473 54.8423 24.9
      vertex 2.70595 54.8855 0.599999
      vertex 2.41473 54.8423 0.599999
    endloop
  endfacet
  facet normal -0.671549 -0.74096 0
    outer loop
      vertex 0.878677 0.878677 0.599999
      vertex 1.09682 0.680969 24.9
      vertex 0.878677 0.878677 24.9
    endloop
  endfacet
  facet normal -0.671549 -0.74096 -0
    outer loop
      vertex 1.09682 0.680969 24.9
      vertex 0.878677 0.878677 0.599999
      vertex 1.09682 0.680969 0.599999
    endloop
  endfacet
  facet normal -0.474949 0.523825 -0.707128
    outer loop
      vertex 1.30347 53.5965 0
      vertex 0.878677 54.0213 0.599999
      vertex 1.47795 53.7547 0
    endloop
  endfacet
  facet normal -0.699456 0.103751 -0.707105
    outer loop
      vertex 0.612274 52.1351 0
      vertex 0.0144501 52.194 0.599999
      vertex 0.646835 52.3681 0
    endloop
  endfacet
  facet normal -0.363521 -0.606505 -0.70711
    outer loop
      vertex 1.86902 0.884003 0
      vertex 1.33328 0.505585 0.599999
      vertex 1.66708 1.00504 0
    endloop
  endfacet
  facet normal -0.474854 -0.523935 -0.707111
    outer loop
      vertex 1.09682 0.680969 0.599999
      vertex 0.878677 0.878677 0.599999
      vertex 1.47795 1.14531 0
    endloop
  endfacet
  facet normal -0.514186 0.857679 0
    outer loop
      vertex 1.58582 54.5458 0.599999
      vertex 1.33328 54.3944 24.9
      vertex 1.58582 54.5458 24.9
    endloop
  endfacet
  facet normal -0.514186 0.857679 0
    outer loop
      vertex 1.33328 54.3944 24.9
      vertex 1.58582 54.5458 0.599999
      vertex 1.33328 54.3944 0.599999
    endloop
  endfacet
  facet normal 0.60658 -0.363455 -0.70708
    outer loop
      vertex 66.6944 1.33328 0.599999
      vertex 66.195 1.66708 0
      vertex 66.316 1.86902 0
    endloop
  endfacet
  facet normal -0.474887 -0.523889 -0.707123
    outer loop
      vertex 1.47795 1.14531 0
      vertex 0.878677 0.878677 0.599999
      vertex 1.30347 1.30347 0
    endloop
  endfacet
  facet normal -0.857751 -0.514066 0
    outer loop
      vertex 0.505585 1.33328 0.599999
      vertex 0.354233 1.58582 24.9
      vertex 0.354233 1.58582 0.599999
    endloop
  endfacet
  facet normal -0.857751 -0.514066 0
    outer loop
      vertex 0.354233 1.58582 24.9
      vertex 0.505585 1.33328 0.599999
      vertex 0.505585 1.33328 24.9
    endloop
  endfacet
  facet normal -0.10375 -0.699453 -0.707108
    outer loop
      vertex 2.70595 0.0144501 0.599999
      vertex 2.53188 0.646835 0
      vertex 2.76488 0.612274 0
    endloop
  endfacet
  facet normal -0.63922 -0.302326 -0.707104
    outer loop
      vertex 0.884003 1.86902 0
      vertex 0.228363 1.85194 0.599999
      vertex 0.783371 2.08179 0
    endloop
  endfacet
  facet normal 0.857679 -0.514186 0
    outer loop
      vertex 66.6944 1.33328 24.9
      vertex 66.8458 1.58582 0.599999
      vertex 66.8458 1.58582 24.9
    endloop
  endfacet
  facet normal 0.857679 -0.514186 0
    outer loop
      vertex 66.8458 1.58582 0.599999
      vertex 66.6944 1.33328 24.9
      vertex 66.6944 1.33328 0.599999
    endloop
  endfacet
  facet normal 0.336831 0.941565 -0
    outer loop
      vertex 65.3481 54.6716 0.599999
      vertex 65.0708 54.7708 24.9
      vertex 65.3481 54.6716 24.9
    endloop
  endfacet
  facet normal 0.336831 0.941565 0
    outer loop
      vertex 65.0708 54.7708 24.9
      vertex 65.3481 54.6716 0.599999
      vertex 65.0708 54.7708 0.599999
    endloop
  endfacet
  facet normal -0.336874 -0.94155 0
    outer loop
      vertex 1.85194 0.228363 0.599999
      vertex 2.12915 0.129181 24.9
      vertex 1.85194 0.228363 24.9
    endloop
  endfacet
  facet normal -0.336874 -0.94155 -0
    outer loop
      vertex 2.12915 0.129181 24.9
      vertex 1.85194 0.228363 0.599999
      vertex 2.12915 0.129181 0.599999
    endloop
  endfacet
  facet normal 0.238177 -0.665788 -0.707105
    outer loop
      vertex 65.0708 0.129181 0.599999
      vertex 64.8964 0.704025 0
      vertex 65.1182 0.783371 0
    endloop
  endfacet
  facet normal -0.421222 -0.567946 -0.707113
    outer loop
      vertex 1.66708 1.00504 0
      vertex 1.33328 0.505585 0.599999
      vertex 1.47795 1.14531 0
    endloop
  endfacet
  facet normal -0.363579 0.606462 -0.707117
    outer loop
      vertex 1.86902 54.016 0
      vertex 1.33328 54.3944 0.599999
      vertex 1.58582 54.5458 0.599999
    endloop
  endfacet
  facet normal -0.699453 -0.103752 -0.707107
    outer loop
      vertex 0.0576477 2.41473 0.599999
      vertex 0.0144501 2.70595 0.599999
      vertex 0.646835 2.53188 0
    endloop
  endfacet
  facet normal -0.699453 -0.10375 -0.707108
    outer loop
      vertex 0.646835 2.53188 0
      vertex 0.0144501 2.70595 0.599999
      vertex 0.612274 2.76488 0
    endloop
  endfacet
  facet normal -0.606524 -0.363501 -0.707104
    outer loop
      vertex 0.505585 1.33328 0.599999
      vertex 0.354233 1.58582 0.599999
      vertex 0.884003 1.86902 0
    endloop
  endfacet
  facet normal -0.685901 0.171856 -0.707111
    outer loop
      vertex 0.646835 52.3681 0
      vertex 0.0576477 52.4853 0.599999
      vertex 0.129181 52.7708 0.599999
    endloop
  endfacet
  facet normal -0.606472 0.363574 -0.707111
    outer loop
      vertex 0.884003 53.031 0
      vertex 0.505585 53.5667 0.599999
      vertex 1.00504 53.2329 0
    endloop
  endfacet
  facet normal -0.595728 -0.803186 0
    outer loop
      vertex 1.09682 0.680969 0.599999
      vertex 1.33328 0.505585 24.9
      vertex 1.09682 0.680969 24.9
    endloop
  endfacet
  facet normal -0.595728 -0.803186 -0
    outer loop
      vertex 1.33328 0.505585 24.9
      vertex 1.09682 0.680969 0.599999
      vertex 1.33328 0.505585 0.599999
    endloop
  endfacet
  facet normal -0.17181 -0.685919 -0.707104
    outer loop
      vertex 2.53188 0.646835 0
      vertex 2.12915 0.129181 0.599999
      vertex 2.30356 0.704025 0
    endloop
  endfacet
  facet normal -0.238206 -0.665777 -0.707106
    outer loop
      vertex 2.12915 0.129181 0.599999
      vertex 1.85194 0.228363 0.599999
      vertex 2.08179 0.783371 0
    endloop
  endfacet
  facet normal -0.606505 -0.363521 -0.70711
    outer loop
      vertex 1.00504 1.66708 0
      vertex 0.505585 1.33328 0.599999
      vertex 0.884003 1.86902 0
    endloop
  endfacet
  facet normal -0.238205 -0.665777 -0.707106
    outer loop
      vertex 2.12915 0.129181 0.599999
      vertex 2.08179 0.783371 0
      vertex 2.30356 0.704025 0
    endloop
  endfacet
  facet normal -0.665777 -0.238206 -0.707106
    outer loop
      vertex 0.228363 1.85194 0.599999
      vertex 0.129181 2.12915 0.599999
      vertex 0.783371 2.08179 0
    endloop
  endfacet
  facet normal -0.903983 -0.427568 0
    outer loop
      vertex 0.354233 1.58582 0.599999
      vertex 0.228363 1.85194 24.9
      vertex 0.228363 1.85194 0.599999
    endloop
  endfacet
  facet normal -0.903983 -0.427568 0
    outer loop
      vertex 0.228363 1.85194 24.9
      vertex 0.354233 1.58582 0.599999
      vertex 0.354233 1.58582 24.9
    endloop
  endfacet
  facet normal -0.639247 0.302297 -0.707093
    outer loop
      vertex 0.783371 52.8182 0
      vertex 0.228363 53.048 0.599999
      vertex 0.884003 53.031 0
    endloop
  endfacet
  facet normal -0.243015 0.970023 0
    outer loop
      vertex 64.4903 2.04306 2
      vertex 64.3951 2.01921 24.9
      vertex 64.4903 2.04306 24.9
    endloop
  endfacet
  facet normal -0.243015 0.970023 0
    outer loop
      vertex 64.3951 2.01921 24.9
      vertex 64.4903 2.04306 2
      vertex 64.3951 2.01921 2
    endloop
  endfacet
  facet normal 0 1 -0
    outer loop
      vertex 33 2 2
      vertex 18.1 2 12
      vertex 33 2 12
    endloop
  endfacet
  facet normal 0 1 0
    outer loop
      vertex 18.1 2 12
      vertex 33 2 2
      vertex 18.1 2 2
    endloop
  endfacet
  facet normal 0 1 -0
    outer loop
      vertex 49.1 2 2
      vertex 34.2 2 12
      vertex 49.1 2 12
    endloop
  endfacet
  facet normal 0 1 0
    outer loop
      vertex 34.2 2 12
      vertex 49.1 2 2
      vertex 34.2 2 2
    endloop
  endfacet
  facet normal 0 1 0
    outer loop
      vertex 64.2 2 24.9
      vertex 44.6 2 18.725
      vertex 3 2 24.9
    endloop
  endfacet
  facet normal 0 1 -0
    outer loop
      vertex 50.3 2 12
      vertex 44.6 2 18.725
      vertex 64.2 2 24.9
    endloop
  endfacet
  facet normal 0 1 -0
    outer loop
      vertex 49.1 2 12
      vertex 44.6 2 17.075
      vertex 50.3 2 12
    endloop
  endfacet
  facet normal 0 1 0
    outer loop
      vertex 44.6 2 18.725
      vertex 50.3 2 12
      vertex 44.6 2 17.075
    endloop
  endfacet
  facet normal 0 1 -0
    outer loop
      vertex 64.2 2 2
      vertex 50.3 2 12
      vertex 64.2 2 24.9
    endloop
  endfacet
  facet normal 0 1 0
    outer loop
      vertex 50.3 2 12
      vertex 64.2 2 2
      vertex 50.3 2 2
    endloop
  endfacet
  facet normal 0 1 -0
    outer loop
      vertex 22.6 2 18.725
      vertex 3 2 24.9
      vertex 44.6 2 18.725
    endloop
  endfacet
  facet normal 0 1 0
    outer loop
      vertex 16.9 2 12
      vertex 22.6 2 18.725
      vertex 22.6 2 17.075
    endloop
  endfacet
  facet normal 0 1 0
    outer loop
      vertex 34.2 2 12
      vertex 44.6 2 17.075
      vertex 49.1 2 12
    endloop
  endfacet
  facet normal 0 1 0
    outer loop
      vertex 44.6 2 17.075
      vertex 34.2 2 12
      vertex 22.6 2 17.075
    endloop
  endfacet
  facet normal 0 1 -0
    outer loop
      vertex 33 2 12
      vertex 22.6 2 17.075
      vertex 34.2 2 12
    endloop
  endfacet
  facet normal 0 1 0
    outer loop
      vertex 18.1 2 12
      vertex 22.6 2 17.075
      vertex 33 2 12
    endloop
  endfacet
  facet normal 0 1 0
    outer loop
      vertex 16.9 2 12
      vertex 22.6 2 17.075
      vertex 18.1 2 12
    endloop
  endfacet
  facet normal 0 1 0
    outer loop
      vertex 22.6 2 18.725
      vertex 16.9 2 12
      vertex 3 2 24.9
    endloop
  endfacet
  facet normal 0 1 0
    outer loop
      vertex 3 2 2
      vertex 16.9 2 12
      vertex 16.9 2 2
    endloop
  endfacet
  facet normal 0 1 0
    outer loop
      vertex 16.9 2 12
      vertex 3 2 2
      vertex 3 2 24.9
    endloop
  endfacet
  facet normal -0.146597 0.989196 0
    outer loop
      vertex 64.3951 2.01921 2
      vertex 64.298 2.00482 24.9
      vertex 64.3951 2.01921 24.9
    endloop
  endfacet
  facet normal -0.146597 0.989196 0
    outer loop
      vertex 64.298 2.00482 24.9
      vertex 64.3951 2.01921 2
      vertex 64.298 2.00482 2
    endloop
  endfacet
  facet normal -0.243494 -0.969902 0
    outer loop
      vertex 64.3951 52.8808 2
      vertex 64.4903 52.8569 24.9
      vertex 64.3951 52.8808 24.9
    endloop
  endfacet
  facet normal -0.243494 -0.969902 -0
    outer loop
      vertex 64.4903 52.8569 24.9
      vertex 64.3951 52.8808 2
      vertex 64.4903 52.8569 2
    endloop
  endfacet
  facet normal 0.941527 0.336937 0
    outer loop
      vertex 2.07613 2.61731 24.9
      vertex 2.04306 2.70972 2
      vertex 2.04306 2.70972 24.9
    endloop
  endfacet
  facet normal 0.941527 0.336937 0
    outer loop
      vertex 2.04306 2.70972 2
      vertex 2.07613 2.61731 24.9
      vertex 2.07613 2.61731 2
    endloop
  endfacet
  facet normal -0.0491243 0.998793 0
    outer loop
      vertex 64.298 2.00482 2
      vertex 64.2 2 24.9
      vertex 64.298 2.00482 24.9
    endloop
  endfacet
  facet normal -0.0491243 0.998793 0
    outer loop
      vertex 64.2 2 24.9
      vertex 64.298 2.00482 2
      vertex 64.2 2 2
    endloop
  endfacet
  facet normal 0.048911 -0.998803 0
    outer loop
      vertex 2.90198 52.8952 2
      vertex 3 52.9 24.9
      vertex 2.90198 52.8952 24.9
    endloop
  endfacet
  facet normal 0.048911 -0.998803 0
    outer loop
      vertex 3 52.9 24.9
      vertex 2.90198 52.8952 2
      vertex 3 52.9 2
    endloop
  endfacet
  facet normal 0.595671 0.803229 -0
    outer loop
      vertex 2.44443 2.16853 2
      vertex 2.3656 2.22699 24.9
      vertex 2.44443 2.16853 24.9
    endloop
  endfacet
  facet normal 0.595671 0.803229 0
    outer loop
      vertex 2.3656 2.22699 24.9
      vertex 2.44443 2.16853 2
      vertex 2.3656 2.22699 2
    endloop
  endfacet
  facet normal 0.514136 0.857709 -0
    outer loop
      vertex 2.52861 2.11807 2
      vertex 2.44443 2.16853 24.9
      vertex 2.52861 2.11807 24.9
    endloop
  endfacet
  facet normal 0.514136 0.857709 0
    outer loop
      vertex 2.44443 2.16853 24.9
      vertex 2.52861 2.11807 2
      vertex 2.44443 2.16853 2
    endloop
  endfacet
  facet normal 0.989196 -0.146597 0
    outer loop
      vertex 2.00482 51.998 24.9
      vertex 2.01921 52.0951 2
      vertex 2.01921 52.0951 24.9
    endloop
  endfacet
  facet normal 0.989196 -0.146597 0
    outer loop
      vertex 2.01921 52.0951 2
      vertex 2.00482 51.998 24.9
      vertex 2.00482 51.998 2
    endloop
  endfacet
  facet normal -0.671607 -0.740908 0
    outer loop
      vertex 64.8344 52.673 2
      vertex 64.9071 52.6071 24.9
      vertex 64.8344 52.673 24.9
    endloop
  endfacet
  facet normal -0.671607 -0.740908 -0
    outer loop
      vertex 64.9071 52.6071 24.9
      vertex 64.8344 52.673 2
      vertex 64.9071 52.6071 2
    endloop
  endfacet
  facet normal -1 0 0
    outer loop
      vertex 65.2 3 2
      vertex 65.2 51.9 24.9
      vertex 65.2 51.9 2
    endloop
  endfacet
  facet normal -1 -0 0
    outer loop
      vertex 65.2 51.9 24.9
      vertex 65.2 3 2
      vertex 65.2 3 24.9
    endloop
  endfacet
  facet normal 0.336304 -0.941753 0
    outer loop
      vertex 2.61731 52.8239 2
      vertex 2.70972 52.8569 24.9
      vertex 2.61731 52.8239 24.9
    endloop
  endfacet
  facet normal 0.336304 -0.941753 0
    outer loop
      vertex 2.70972 52.8569 24.9
      vertex 2.61731 52.8239 2
      vertex 2.70972 52.8569 2
    endloop
  endfacet
  facet normal 1 0 0
    outer loop
      vertex 2 19.45 24.9
      vertex 2 3 24.9
      vertex 2 19.45 23.9
    endloop
  endfacet
  facet normal 1 0 0
    outer loop
      vertex 2 35.45 23.9
      vertex 2 51.9 24.9
      vertex 2 35.45 24.9
    endloop
  endfacet
  facet normal 1 0 0
    outer loop
      vertex 2 35.4428 23.753
      vertex 2 51.9 24.9
      vertex 2 35.45 23.9
    endloop
  endfacet
  facet normal 1 0 0
    outer loop
      vertex 2 35.4212 23.6074
      vertex 2 51.9 24.9
      vertex 2 35.4428 23.753
    endloop
  endfacet
  facet normal 1 0 0
    outer loop
      vertex 2 35.3854 23.4646
      vertex 2 51.9 24.9
      vertex 2 35.4212 23.6074
    endloop
  endfacet
  facet normal 1 0 0
    outer loop
      vertex 2 35.3358 23.326
      vertex 2 51.9 24.9
      vertex 2 35.3854 23.4646
    endloop
  endfacet
  facet normal 1 0 0
    outer loop
      vertex 2 35.2729 23.1929
      vertex 2 51.9 24.9
      vertex 2 35.3358 23.326
    endloop
  endfacet
  facet normal 1 0 0
    outer loop
      vertex 2 35.1972 23.0666
      vertex 2 51.9 24.9
      vertex 2 35.2729 23.1929
    endloop
  endfacet
  facet normal 1 0 0
    outer loop
      vertex 2 35.1095 22.9484
      vertex 2 51.9 24.9
      vertex 2 35.1972 23.0666
    endloop
  endfacet
  facet normal 1 0 0
    outer loop
      vertex 2 35.0107 22.8393
      vertex 2 51.9 24.9
      vertex 2 35.1095 22.9484
    endloop
  endfacet
  facet normal 1 0 0
    outer loop
      vertex 2 51.9 24.9
      vertex 2 35.0107 22.8393
      vertex 2 51.9 2
    endloop
  endfacet
  facet normal 1 -0 0
    outer loop
      vertex 2 34.9016 22.7405
      vertex 2 51.9 2
      vertex 2 35.0107 22.8393
    endloop
  endfacet
  facet normal 1 -0 0
    outer loop
      vertex 2 34.7834 22.6528
      vertex 2 51.9 2
      vertex 2 34.9016 22.7405
    endloop
  endfacet
  facet normal 1 -0 0
    outer loop
      vertex 2 34.6571 22.5771
      vertex 2 51.9 2
      vertex 2 34.7834 22.6528
    endloop
  endfacet
  facet normal 1 -0 0
    outer loop
      vertex 2 34.524 22.5142
      vertex 2 51.9 2
      vertex 2 34.6571 22.5771
    endloop
  endfacet
  facet normal 1 -0 0
    outer loop
      vertex 2 34.3854 22.4646
      vertex 2 51.9 2
      vertex 2 34.524 22.5142
    endloop
  endfacet
  facet normal 1 -0 0
    outer loop
      vertex 2 34.2426 22.4288
      vertex 2 51.9 2
      vertex 2 34.3854 22.4646
    endloop
  endfacet
  facet normal 1 -0 0
    outer loop
      vertex 2 34.097 22.4072
      vertex 2 51.9 2
      vertex 2 34.2426 22.4288
    endloop
  endfacet
  facet normal 1 -0 0
    outer loop
      vertex 2 33.95 22.4
      vertex 2 51.9 2
      vertex 2 34.097 22.4072
    endloop
  endfacet
  facet normal 1 -0 0
    outer loop
      vertex 2 20.95 22.4
      vertex 2 51.9 2
      vertex 2 33.95 22.4
    endloop
  endfacet
  facet normal 1 0 0
    outer loop
      vertex 2 3 2
      vertex 2 20.95 22.4
      vertex 2 20.803 22.4072
    endloop
  endfacet
  facet normal 1 0 0
    outer loop
      vertex 2 3 2
      vertex 2 20.803 22.4072
      vertex 2 20.6574 22.4288
    endloop
  endfacet
  facet normal 1 0 0
    outer loop
      vertex 2 3 2
      vertex 2 20.6574 22.4288
      vertex 2 20.5146 22.4646
    endloop
  endfacet
  facet normal 1 0 0
    outer loop
      vertex 2 3 2
      vertex 2 20.5146 22.4646
      vertex 2 20.376 22.5142
    endloop
  endfacet
  facet normal 1 0 0
    outer loop
      vertex 2 3 2
      vertex 2 20.376 22.5142
      vertex 2 20.2429 22.5771
    endloop
  endfacet
  facet normal 1 0 0
    outer loop
      vertex 2 3 2
      vertex 2 20.2429 22.5771
      vertex 2 20.1166 22.6528
    endloop
  endfacet
  facet normal 1 0 0
    outer loop
      vertex 2 3 24.9
      vertex 2 19.4572 23.753
      vertex 2 19.45 23.9
    endloop
  endfacet
  facet normal 1 0 0
    outer loop
      vertex 2 3 24.9
      vertex 2 19.4788 23.6074
      vertex 2 19.4572 23.753
    endloop
  endfacet
  facet normal 1 0 0
    outer loop
      vertex 2 3 24.9
      vertex 2 19.5146 23.4646
      vertex 2 19.4788 23.6074
    endloop
  endfacet
  facet normal 1 0 0
    outer loop
      vertex 2 3 24.9
      vertex 2 19.5642 23.326
      vertex 2 19.5146 23.4646
    endloop
  endfacet
  facet normal 1 0 0
    outer loop
      vertex 2 3 24.9
      vertex 2 19.6271 23.1929
      vertex 2 19.5642 23.326
    endloop
  endfacet
  facet normal 1 0 0
    outer loop
      vertex 2 3 24.9
      vertex 2 19.7028 23.0666
      vertex 2 19.6271 23.1929
    endloop
  endfacet
  facet normal 1 0 0
    outer loop
      vertex 2 3 24.9
      vertex 2 19.7905 22.9484
      vertex 2 19.7028 23.0666
    endloop
  endfacet
  facet normal 1 0 0
    outer loop
      vertex 2 3 24.9
      vertex 2 19.8893 22.8393
      vertex 2 19.7905 22.9484
    endloop
  endfacet
  facet normal 1 0 0
    outer loop
      vertex 2 3 2
      vertex 2 19.8893 22.8393
      vertex 2 3 24.9
    endloop
  endfacet
  facet normal 1 0 0
    outer loop
      vertex 2 19.8893 22.8393
      vertex 2 3 2
      vertex 2 19.9984 22.7405
    endloop
  endfacet
  facet normal 1 0 0
    outer loop
      vertex 2 19.9984 22.7405
      vertex 2 3 2
      vertex 2 20.1166 22.6528
    endloop
  endfacet
  facet normal 1 0 0
    outer loop
      vertex 2 20.95 22.4
      vertex 2 3 2
      vertex 2 51.9 2
    endloop
  endfacet
  facet normal -0.513596 -0.858032 0
    outer loop
      vertex 64.6714 52.7819 2
      vertex 64.7556 52.7315 24.9
      vertex 64.6714 52.7819 24.9
    endloop
  endfacet
  facet normal -0.513596 -0.858032 -0
    outer loop
      vertex 64.7556 52.7315 24.9
      vertex 64.6714 52.7819 2
      vertex 64.7556 52.7315 2
    endloop
  endfacet
  facet normal 0.243015 0.970023 -0
    outer loop
      vertex 2.80492 2.01921 2
      vertex 2.70972 2.04306 24.9
      vertex 2.80492 2.01921 24.9
    endloop
  endfacet
  facet normal 0.243015 0.970023 0
    outer loop
      vertex 2.70972 2.04306 24.9
      vertex 2.80492 2.01921 2
      vertex 2.70972 2.04306 2
    endloop
  endfacet
  facet normal 0.989188 0.146656 0
    outer loop
      vertex 2.01921 2.80492 24.9
      vertex 2.00482 2.90198 2
      vertex 2.00482 2.90198 24.9
    endloop
  endfacet
  facet normal 0.989188 0.146656 0
    outer loop
      vertex 2.00482 2.90198 2
      vertex 2.01921 2.80492 24.9
      vertex 2.01921 2.80492 2
    endloop
  endfacet
  facet normal -0.9038 0.427955 0
    outer loop
      vertex 65.0819 2.52861 2
      vertex 65.1239 2.61731 24.9
      vertex 65.1239 2.61731 2
    endloop
  endfacet
  facet normal -0.9038 0.427955 0
    outer loop
      vertex 65.1239 2.61731 24.9
      vertex 65.0819 2.52861 2
      vertex 65.0819 2.52861 24.9
    endloop
  endfacet
  facet normal -0.336336 -0.941742 0
    outer loop
      vertex 64.4903 52.8569 2
      vertex 64.5827 52.8239 24.9
      vertex 64.4903 52.8569 24.9
    endloop
  endfacet
  facet normal -0.336336 -0.941742 -0
    outer loop
      vertex 64.5827 52.8239 24.9
      vertex 64.4903 52.8569 2
      vertex 64.5827 52.8239 2
    endloop
  endfacet
  facet normal -0.427955 -0.9038 0
    outer loop
      vertex 64.5827 52.8239 2
      vertex 64.6714 52.7819 24.9
      vertex 64.5827 52.8239 24.9
    endloop
  endfacet
  facet normal -0.427955 -0.9038 -0
    outer loop
      vertex 64.6714 52.7819 24.9
      vertex 64.5827 52.8239 2
      vertex 64.6714 52.7819 2
    endloop
  endfacet
  facet normal 0 -1 0
    outer loop
      vertex 34.2 52.9 2
      vertex 49.1 52.9 12
      vertex 34.2 52.9 12
    endloop
  endfacet
  facet normal 0 -1 -0
    outer loop
      vertex 49.1 52.9 12
      vertex 34.2 52.9 2
      vertex 49.1 52.9 2
    endloop
  endfacet
  facet normal 0 -1 0
    outer loop
      vertex 18.1 52.9 2
      vertex 33 52.9 12
      vertex 18.1 52.9 12
    endloop
  endfacet
  facet normal 0 -1 -0
    outer loop
      vertex 33 52.9 12
      vertex 18.1 52.9 2
      vertex 33 52.9 2
    endloop
  endfacet
  facet normal 0 -1 0
    outer loop
      vertex 3 52.9 24.9
      vertex 22.6 52.9 18.725
      vertex 64.2 52.9 24.9
    endloop
  endfacet
  facet normal 0 -1 0
    outer loop
      vertex 16.9 52.9 12
      vertex 22.6 52.9 18.725
      vertex 3 52.9 24.9
    endloop
  endfacet
  facet normal 0 -1 0
    outer loop
      vertex 18.1 52.9 12
      vertex 22.6 52.9 17.075
      vertex 16.9 52.9 12
    endloop
  endfacet
  facet normal 0 -1 -0
    outer loop
      vertex 22.6 52.9 18.725
      vertex 16.9 52.9 12
      vertex 22.6 52.9 17.075
    endloop
  endfacet
  facet normal 0 -1 0
    outer loop
      vertex 3 52.9 2
      vertex 16.9 52.9 12
      vertex 3 52.9 24.9
    endloop
  endfacet
  facet normal 0 -1 -0
    outer loop
      vertex 16.9 52.9 12
      vertex 3 52.9 2
      vertex 16.9 52.9 2
    endloop
  endfacet
  facet normal 0 -1 0
    outer loop
      vertex 44.6 52.9 18.725
      vertex 64.2 52.9 24.9
      vertex 22.6 52.9 18.725
    endloop
  endfacet
  facet normal 0 -1 0
    outer loop
      vertex 50.3 52.9 12
      vertex 44.6 52.9 18.725
      vertex 44.6 52.9 17.075
    endloop
  endfacet
  facet normal 0 -1 0
    outer loop
      vertex 33 52.9 12
      vertex 22.6 52.9 17.075
      vertex 18.1 52.9 12
    endloop
  endfacet
  facet normal 0 -1 0
    outer loop
      vertex 22.6 52.9 17.075
      vertex 33 52.9 12
      vertex 44.6 52.9 17.075
    endloop
  endfacet
  facet normal 0 -1 0
    outer loop
      vertex 34.2 52.9 12
      vertex 44.6 52.9 17.075
      vertex 33 52.9 12
    endloop
  endfacet
  facet normal 0 -1 0
    outer loop
      vertex 49.1 52.9 12
      vertex 44.6 52.9 17.075
      vertex 34.2 52.9 12
    endloop
  endfacet
  facet normal 0 -1 0
    outer loop
      vertex 50.3 52.9 12
      vertex 44.6 52.9 17.075
      vertex 49.1 52.9 12
    endloop
  endfacet
  facet normal 0 -1 0
    outer loop
      vertex 44.6 52.9 18.725
      vertex 50.3 52.9 12
      vertex 64.2 52.9 24.9
    endloop
  endfacet
  facet normal 0 -1 0
    outer loop
      vertex 64.2 52.9 2
      vertex 50.3 52.9 12
      vertex 50.3 52.9 2
    endloop
  endfacet
  facet normal 0 -1 0
    outer loop
      vertex 50.3 52.9 12
      vertex 64.2 52.9 2
      vertex 64.2 52.9 24.9
    endloop
  endfacet
  facet normal -0.671607 0.740908 0
    outer loop
      vertex 64.9071 2.29289 2
      vertex 64.8344 2.22699 24.9
      vertex 64.9071 2.29289 24.9
    endloop
  endfacet
  facet normal -0.671607 0.740908 0
    outer loop
      vertex 64.8344 2.22699 24.9
      vertex 64.9071 2.29289 2
      vertex 64.8344 2.22699 2
    endloop
  endfacet
  facet normal 0.427955 -0.9038 0
    outer loop
      vertex 2.52861 52.7819 2
      vertex 2.61731 52.8239 24.9
      vertex 2.52861 52.7819 24.9
    endloop
  endfacet
  facet normal 0.427955 -0.9038 0
    outer loop
      vertex 2.61731 52.8239 24.9
      vertex 2.52861 52.7819 2
      vertex 2.61731 52.8239 2
    endloop
  endfacet
  facet normal 0.857762 -0.514046 0
    outer loop
      vertex 2.11807 52.3714 24.9
      vertex 2.16853 52.4556 2
      vertex 2.16853 52.4556 24.9
    endloop
  endfacet
  facet normal 0.857762 -0.514046 0
    outer loop
      vertex 2.16853 52.4556 2
      vertex 2.11807 52.3714 24.9
      vertex 2.11807 52.3714 2
    endloop
  endfacet
  facet normal 0.243494 -0.969902 0
    outer loop
      vertex 2.70972 52.8569 2
      vertex 2.80492 52.8808 24.9
      vertex 2.70972 52.8569 24.9
    endloop
  endfacet
  facet normal 0.243494 -0.969902 0
    outer loop
      vertex 2.80492 52.8808 24.9
      vertex 2.70972 52.8569 2
      vertex 2.80492 52.8808 2
    endloop
  endfacet
  facet normal -0.802925 -0.59608 0
    outer loop
      vertex 65.0315 52.4556 2
      vertex 64.973 52.5344 24.9
      vertex 64.973 52.5344 2
    endloop
  endfacet
  facet normal -0.802925 -0.59608 0
    outer loop
      vertex 64.973 52.5344 24.9
      vertex 65.0315 52.4556 2
      vertex 65.0315 52.4556 24.9
    endloop
  endfacet
  facet normal 0.998793 0.0491143 0
    outer loop
      vertex 2.00482 2.90198 24.9
      vertex 2 3 2
      vertex 2 3 24.9
    endloop
  endfacet
  facet normal 0.998793 0.0491143 0
    outer loop
      vertex 2 3 2
      vertex 2.00482 2.90198 24.9
      vertex 2.00482 2.90198 2
    endloop
  endfacet
  facet normal -0.740908 -0.671607 0
    outer loop
      vertex 64.973 52.5344 2
      vertex 64.9071 52.6071 24.9
      vertex 64.9071 52.6071 2
    endloop
  endfacet
  facet normal -0.740908 -0.671607 0
    outer loop
      vertex 64.9071 52.6071 24.9
      vertex 64.973 52.5344 2
      vertex 64.973 52.5344 24.9
    endloop
  endfacet
  facet normal -0.969902 0.243494 0
    outer loop
      vertex 65.1569 2.70972 2
      vertex 65.1808 2.80492 24.9
      vertex 65.1808 2.80492 2
    endloop
  endfacet
  facet normal -0.969902 0.243494 0
    outer loop
      vertex 65.1808 2.80492 24.9
      vertex 65.1569 2.70972 2
      vertex 65.1569 2.70972 24.9
    endloop
  endfacet
  facet normal 0.146755 -0.989173 0
    outer loop
      vertex 2.80492 52.8808 2
      vertex 2.90198 52.8952 24.9
      vertex 2.80492 52.8808 24.9
    endloop
  endfacet
  facet normal 0.146755 -0.989173 0
    outer loop
      vertex 2.90198 52.8952 24.9
      vertex 2.80492 52.8808 2
      vertex 2.90198 52.8952 2
    endloop
  endfacet
  facet normal 0.904036 0.427455 0
    outer loop
      vertex 2.11807 2.52861 24.9
      vertex 2.07613 2.61731 2
      vertex 2.07613 2.61731 24.9
    endloop
  endfacet
  facet normal 0.904036 0.427455 0
    outer loop
      vertex 2.07613 2.61731 2
      vertex 2.11807 2.52861 24.9
      vertex 2.11807 2.52861 2
    endloop
  endfacet
  facet normal 0.998793 -0.0491243 0
    outer loop
      vertex 2 51.9 24.9
      vertex 2.00482 51.998 2
      vertex 2.00482 51.998 24.9
    endloop
  endfacet
  facet normal 0.998793 -0.0491243 0
    outer loop
      vertex 2.00482 51.998 2
      vertex 2 51.9 24.9
      vertex 2 51.9 2
    endloop
  endfacet
  facet normal 0.146656 0.989188 -0
    outer loop
      vertex 2.90198 2.00482 2
      vertex 2.80492 2.01921 24.9
      vertex 2.90198 2.00482 24.9
    endloop
  endfacet
  facet normal 0.146656 0.989188 0
    outer loop
      vertex 2.80492 2.01921 24.9
      vertex 2.90198 2.00482 2
      vertex 2.80492 2.01921 2
    endloop
  endfacet
  facet normal 0.0491143 0.998793 -0
    outer loop
      vertex 3 2 2
      vertex 2.90198 2.00482 24.9
      vertex 3 2 24.9
    endloop
  endfacet
  facet normal 0.0491143 0.998793 0
    outer loop
      vertex 2.90198 2.00482 24.9
      vertex 3 2 2
      vertex 2.90198 2.00482 2
    endloop
  endfacet
  facet normal 0.80312 -0.595817 0
    outer loop
      vertex 2.16853 52.4556 24.9
      vertex 2.22699 52.5344 2
      vertex 2.22699 52.5344 24.9
    endloop
  endfacet
  facet normal 0.80312 -0.595817 0
    outer loop
      vertex 2.22699 52.5344 2
      vertex 2.16853 52.4556 24.9
      vertex 2.16853 52.4556 2
    endloop
  endfacet
  facet normal 0.427455 0.904036 -0
    outer loop
      vertex 2.61731 2.07613 2
      vertex 2.52861 2.11807 24.9
      vertex 2.61731 2.07613 24.9
    endloop
  endfacet
  facet normal 0.427455 0.904036 0
    outer loop
      vertex 2.52861 2.11807 24.9
      vertex 2.61731 2.07613 2
      vertex 2.52861 2.11807 2
    endloop
  endfacet
  facet normal -0.941742 -0.336336 0
    outer loop
      vertex 65.1569 52.1903 2
      vertex 65.1239 52.2827 24.9
      vertex 65.1239 52.2827 2
    endloop
  endfacet
  facet normal -0.941742 -0.336336 0
    outer loop
      vertex 65.1239 52.2827 24.9
      vertex 65.1569 52.1903 2
      vertex 65.1569 52.1903 24.9
    endloop
  endfacet
  facet normal 0.336937 0.941527 -0
    outer loop
      vertex 2.70972 2.04306 2
      vertex 2.61731 2.07613 24.9
      vertex 2.70972 2.04306 24.9
    endloop
  endfacet
  facet normal 0.336937 0.941527 0
    outer loop
      vertex 2.61731 2.07613 24.9
      vertex 2.70972 2.04306 2
      vertex 2.61731 2.07613 2
    endloop
  endfacet
  facet normal -0.998803 -0.0489209 0
    outer loop
      vertex 65.2 51.9 2
      vertex 65.1952 51.998 24.9
      vertex 65.1952 51.998 2
    endloop
  endfacet
  facet normal -0.998803 -0.0489209 0
    outer loop
      vertex 65.1952 51.998 24.9
      vertex 65.2 51.9 2
      vertex 65.2 51.9 24.9
    endloop
  endfacet
  facet normal -0.9038 -0.427955 0
    outer loop
      vertex 65.1239 52.2827 2
      vertex 65.0819 52.3714 24.9
      vertex 65.0819 52.3714 2
    endloop
  endfacet
  facet normal -0.9038 -0.427955 0
    outer loop
      vertex 65.0819 52.3714 24.9
      vertex 65.1239 52.2827 2
      vertex 65.1239 52.2827 24.9
    endloop
  endfacet
  facet normal -0.998803 0.048911 0
    outer loop
      vertex 65.1952 2.90198 2
      vertex 65.2 3 24.9
      vertex 65.2 3 2
    endloop
  endfacet
  facet normal -0.998803 0.048911 0
    outer loop
      vertex 65.2 3 24.9
      vertex 65.1952 2.90198 2
      vertex 65.1952 2.90198 24.9
    endloop
  endfacet
  facet normal 0.513686 -0.857978 0
    outer loop
      vertex 2.44443 52.7315 2
      vertex 2.52861 52.7819 24.9
      vertex 2.44443 52.7315 24.9
    endloop
  endfacet
  facet normal 0.513686 -0.857978 0
    outer loop
      vertex 2.52861 52.7819 24.9
      vertex 2.44443 52.7315 2
      vertex 2.52861 52.7819 2
    endloop
  endfacet
  facet normal 0.904036 -0.427455 0
    outer loop
      vertex 2.07613 52.2827 24.9
      vertex 2.11807 52.3714 2
      vertex 2.11807 52.3714 24.9
    endloop
  endfacet
  facet normal 0.904036 -0.427455 0
    outer loop
      vertex 2.11807 52.3714 2
      vertex 2.07613 52.2827 24.9
      vertex 2.07613 52.2827 2
    endloop
  endfacet
  facet normal -0.146696 -0.989182 0
    outer loop
      vertex 64.298 52.8952 2
      vertex 64.3951 52.8808 24.9
      vertex 64.298 52.8952 24.9
    endloop
  endfacet
  facet normal -0.146696 -0.989182 -0
    outer loop
      vertex 64.3951 52.8808 24.9
      vertex 64.298 52.8952 2
      vertex 64.3951 52.8808 2
    endloop
  endfacet
  facet normal 0.671556 -0.740954 0
    outer loop
      vertex 2.29289 52.6071 2
      vertex 2.3656 52.673 24.9
      vertex 2.29289 52.6071 24.9
    endloop
  endfacet
  facet normal 0.671556 -0.740954 0
    outer loop
      vertex 2.3656 52.673 24.9
      vertex 2.29289 52.6071 2
      vertex 2.3656 52.673 2
    endloop
  endfacet
  facet normal 0.941516 -0.336969 0
    outer loop
      vertex 2.04306 52.1903 24.9
      vertex 2.07613 52.2827 2
      vertex 2.07613 52.2827 24.9
    endloop
  endfacet
  facet normal 0.941516 -0.336969 0
    outer loop
      vertex 2.07613 52.2827 2
      vertex 2.04306 52.1903 24.9
      vertex 2.04306 52.1903 2
    endloop
  endfacet
  facet normal 0.595934 -0.803034 0
    outer loop
      vertex 2.3656 52.673 2
      vertex 2.44443 52.7315 24.9
      vertex 2.3656 52.673 24.9
    endloop
  endfacet
  facet normal 0.595934 -0.803034 0
    outer loop
      vertex 2.44443 52.7315 24.9
      vertex 2.3656 52.673 2
      vertex 2.44443 52.7315 2
    endloop
  endfacet
  facet normal -0.595817 0.80312 0
    outer loop
      vertex 64.8344 2.22699 2
      vertex 64.7556 2.16853 24.9
      vertex 64.8344 2.22699 24.9
    endloop
  endfacet
  facet normal -0.595817 0.80312 0
    outer loop
      vertex 64.7556 2.16853 24.9
      vertex 64.8344 2.22699 2
      vertex 64.7556 2.16853 2
    endloop
  endfacet
  facet normal -0.59608 -0.802925 0
    outer loop
      vertex 64.7556 52.7315 2
      vertex 64.8344 52.673 24.9
      vertex 64.7556 52.7315 24.9
    endloop
  endfacet
  facet normal -0.59608 -0.802925 -0
    outer loop
      vertex 64.8344 52.673 24.9
      vertex 64.7556 52.7315 2
      vertex 64.8344 52.673 2
    endloop
  endfacet
  facet normal -0.336969 0.941516 0
    outer loop
      vertex 64.5827 2.07613 2
      vertex 64.4903 2.04306 24.9
      vertex 64.5827 2.07613 24.9
    endloop
  endfacet
  facet normal -0.336969 0.941516 0
    outer loop
      vertex 64.4903 2.04306 24.9
      vertex 64.5827 2.07613 2
      vertex 64.4903 2.04306 2
    endloop
  endfacet
  facet normal 0.970023 -0.243015 0
    outer loop
      vertex 2.01921 52.0951 24.9
      vertex 2.04306 52.1903 2
      vertex 2.04306 52.1903 24.9
    endloop
  endfacet
  facet normal 0.970023 -0.243015 0
    outer loop
      vertex 2.04306 52.1903 2
      vertex 2.01921 52.0951 24.9
      vertex 2.01921 52.0951 2
    endloop
  endfacet
  facet normal -0.858032 -0.513596 0
    outer loop
      vertex 65.0819 52.3714 2
      vertex 65.0315 52.4556 24.9
      vertex 65.0315 52.4556 2
    endloop
  endfacet
  facet normal -0.858032 -0.513596 0
    outer loop
      vertex 65.0315 52.4556 24.9
      vertex 65.0819 52.3714 2
      vertex 65.0819 52.3714 24.9
    endloop
  endfacet
  facet normal -0.514046 0.857762 0
    outer loop
      vertex 64.7556 2.16853 2
      vertex 64.6714 2.11807 24.9
      vertex 64.7556 2.16853 24.9
    endloop
  endfacet
  facet normal -0.514046 0.857762 0
    outer loop
      vertex 64.6714 2.11807 24.9
      vertex 64.7556 2.16853 2
      vertex 64.6714 2.11807 2
    endloop
  endfacet
  facet normal 0.740908 -0.671607 0
    outer loop
      vertex 2.22699 52.5344 24.9
      vertex 2.29289 52.6071 2
      vertex 2.29289 52.6071 24.9
    endloop
  endfacet
  facet normal 0.740908 -0.671607 0
    outer loop
      vertex 2.29289 52.6071 2
      vertex 2.22699 52.5344 24.9
      vertex 2.22699 52.5344 2
    endloop
  endfacet
  facet normal -0.969902 -0.243494 0
    outer loop
      vertex 65.1808 52.0951 2
      vertex 65.1569 52.1903 24.9
      vertex 65.1569 52.1903 2
    endloop
  endfacet
  facet normal -0.969902 -0.243494 0
    outer loop
      vertex 65.1569 52.1903 24.9
      vertex 65.1808 52.0951 2
      vertex 65.1808 52.0951 24.9
    endloop
  endfacet
  facet normal -0.989182 -0.146696 0
    outer loop
      vertex 65.1952 51.998 2
      vertex 65.1808 52.0951 24.9
      vertex 65.1808 52.0951 2
    endloop
  endfacet
  facet normal -0.989182 -0.146696 0
    outer loop
      vertex 65.1808 52.0951 24.9
      vertex 65.1952 51.998 2
      vertex 65.1952 51.998 24.9
    endloop
  endfacet
  facet normal -0.0489209 -0.998803 0
    outer loop
      vertex 64.2 52.9 2
      vertex 64.298 52.8952 24.9
      vertex 64.2 52.9 24.9
    endloop
  endfacet
  facet normal -0.0489209 -0.998803 -0
    outer loop
      vertex 64.298 52.8952 24.9
      vertex 64.2 52.9 2
      vertex 64.298 52.8952 2
    endloop
  endfacet
  facet normal 0.740954 0.671556 0
    outer loop
      vertex 2.29289 2.29289 24.9
      vertex 2.22699 2.3656 2
      vertex 2.22699 2.3656 24.9
    endloop
  endfacet
  facet normal 0.740954 0.671556 0
    outer loop
      vertex 2.22699 2.3656 2
      vertex 2.29289 2.29289 24.9
      vertex 2.29289 2.29289 2
    endloop
  endfacet
  facet normal 0.671556 0.740954 -0
    outer loop
      vertex 2.3656 2.22699 2
      vertex 2.29289 2.29289 24.9
      vertex 2.3656 2.22699 24.9
    endloop
  endfacet
  facet normal 0.671556 0.740954 0
    outer loop
      vertex 2.29289 2.29289 24.9
      vertex 2.3656 2.22699 2
      vertex 2.29289 2.29289 2
    endloop
  endfacet
  facet normal 0.857709 0.514136 0
    outer loop
      vertex 2.16853 2.44443 24.9
      vertex 2.11807 2.52861 2
      vertex 2.11807 2.52861 24.9
    endloop
  endfacet
  facet normal 0.857709 0.514136 0
    outer loop
      vertex 2.11807 2.52861 2
      vertex 2.16853 2.44443 24.9
      vertex 2.16853 2.44443 2
    endloop
  endfacet
  facet normal 0.803229 0.595671 0
    outer loop
      vertex 2.22699 2.3656 24.9
      vertex 2.16853 2.44443 2
      vertex 2.16853 2.44443 24.9
    endloop
  endfacet
  facet normal 0.803229 0.595671 0
    outer loop
      vertex 2.16853 2.44443 2
      vertex 2.22699 2.3656 24.9
      vertex 2.22699 2.3656 2
    endloop
  endfacet
  facet normal -0.941753 0.336304 0
    outer loop
      vertex 65.1239 2.61731 2
      vertex 65.1569 2.70972 24.9
      vertex 65.1569 2.70972 2
    endloop
  endfacet
  facet normal -0.941753 0.336304 0
    outer loop
      vertex 65.1569 2.70972 24.9
      vertex 65.1239 2.61731 2
      vertex 65.1239 2.61731 24.9
    endloop
  endfacet
  facet normal -0.989173 0.146755 0
    outer loop
      vertex 65.1808 2.80492 2
      vertex 65.1952 2.90198 24.9
      vertex 65.1952 2.90198 2
    endloop
  endfacet
  facet normal -0.989173 0.146755 0
    outer loop
      vertex 65.1952 2.90198 24.9
      vertex 65.1808 2.80492 2
      vertex 65.1808 2.80492 24.9
    endloop
  endfacet
  facet normal -0.740954 0.671556 0
    outer loop
      vertex 64.9071 2.29289 2
      vertex 64.973 2.3656 24.9
      vertex 64.973 2.3656 2
    endloop
  endfacet
  facet normal -0.740954 0.671556 0
    outer loop
      vertex 64.973 2.3656 24.9
      vertex 64.9071 2.29289 2
      vertex 64.9071 2.29289 24.9
    endloop
  endfacet
  facet normal 0 0 1
    outer loop
      vertex 64.2 52.9 2
      vertex 65.2 51.9 2
      vertex 65.1952 51.998 2
    endloop
  endfacet
  facet normal 0 0 1
    outer loop
      vertex 65.2 51.9 2
      vertex 50.3 52.9 2
      vertex 65.2 3 2
    endloop
  endfacet
  facet normal 0 0 1
    outer loop
      vertex 64.2 52.9 2
      vertex 65.1952 51.998 2
      vertex 65.1808 52.0951 2
    endloop
  endfacet
  facet normal 0 0 1
    outer loop
      vertex 50.3 2 2
      vertex 65.2 3 2
      vertex 50.3 52.9 2
    endloop
  endfacet
  facet normal 0 0 1
    outer loop
      vertex 64.2 52.9 2
      vertex 65.1808 52.0951 2
      vertex 65.1569 52.1903 2
    endloop
  endfacet
  facet normal 0 -0 1
    outer loop
      vertex 64.2 2 2
      vertex 65.2 3 2
      vertex 50.3 2 2
    endloop
  endfacet
  facet normal 0 0 1
    outer loop
      vertex 64.2 52.9 2
      vertex 65.1569 52.1903 2
      vertex 65.1239 52.2827 2
    endloop
  endfacet
  facet normal 0 0 1
    outer loop
      vertex 65.2 3 2
      vertex 64.2 2 2
      vertex 65.1952 2.90198 2
    endloop
  endfacet
  facet normal 0 0 1
    outer loop
      vertex 64.2 52.9 2
      vertex 65.1239 52.2827 2
      vertex 65.0819 52.3714 2
    endloop
  endfacet
  facet normal 0 0 1
    outer loop
      vertex 65.1952 2.90198 2
      vertex 64.2 2 2
      vertex 65.1808 2.80492 2
    endloop
  endfacet
  facet normal 0 0 1
    outer loop
      vertex 64.2 52.9 2
      vertex 65.0819 52.3714 2
      vertex 65.0315 52.4556 2
    endloop
  endfacet
  facet normal 0 0 1
    outer loop
      vertex 65.1808 2.80492 2
      vertex 64.2 2 2
      vertex 65.1569 2.70972 2
    endloop
  endfacet
  facet normal 0 0 1
    outer loop
      vertex 64.2 52.9 2
      vertex 65.0315 52.4556 2
      vertex 64.973 52.5344 2
    endloop
  endfacet
  facet normal 0 0 1
    outer loop
      vertex 65.1569 2.70972 2
      vertex 64.2 2 2
      vertex 65.1239 2.61731 2
    endloop
  endfacet
  facet normal 0 0 1
    outer loop
      vertex 64.2 52.9 2
      vertex 64.973 52.5344 2
      vertex 64.9071 52.6071 2
    endloop
  endfacet
  facet normal 0 0 1
    outer loop
      vertex 65.1239 2.61731 2
      vertex 64.2 2 2
      vertex 65.0819 2.52861 2
    endloop
  endfacet
  facet normal 0 0 1
    outer loop
      vertex 64.2 52.9 2
      vertex 64.9071 52.6071 2
      vertex 64.8344 52.673 2
    endloop
  endfacet
  facet normal 0 0 1
    outer loop
      vertex 65.0819 2.52861 2
      vertex 64.2 2 2
      vertex 65.0315 2.44443 2
    endloop
  endfacet
  facet normal 0 0 1
    outer loop
      vertex 64.2 52.9 2
      vertex 64.8344 52.673 2
      vertex 64.7556 52.7315 2
    endloop
  endfacet
  facet normal 0 0 1
    outer loop
      vertex 65.0315 2.44443 2
      vertex 64.2 2 2
      vertex 64.973 2.3656 2
    endloop
  endfacet
  facet normal 0 0 1
    outer loop
      vertex 64.2 52.9 2
      vertex 64.7556 52.7315 2
      vertex 64.6714 52.7819 2
    endloop
  endfacet
  facet normal 0 0 1
    outer loop
      vertex 65.2 51.9 2
      vertex 64.2 52.9 2
      vertex 50.3 52.9 2
    endloop
  endfacet
  facet normal 0 0 1
    outer loop
      vertex 64.2 52.9 2
      vertex 64.6714 52.7819 2
      vertex 64.5827 52.8239 2
    endloop
  endfacet
  facet normal 0 0 1
    outer loop
      vertex 64.973 2.3656 2
      vertex 64.2 2 2
      vertex 64.9071 2.29289 2
    endloop
  endfacet
  facet normal 0 0 1
    outer loop
      vertex 64.2 52.9 2
      vertex 64.5827 52.8239 2
      vertex 64.4903 52.8569 2
    endloop
  endfacet
  facet normal 0 0 1
    outer loop
      vertex 64.7556 2.16853 2
      vertex 64.2 2 2
      vertex 64.6714 2.11807 2
    endloop
  endfacet
  facet normal 0 0 1
    outer loop
      vertex 64.2 52.9 2
      vertex 64.4903 52.8569 2
      vertex 64.3951 52.8808 2
    endloop
  endfacet
  facet normal 0 0 1
    outer loop
      vertex 64.6714 2.11807 2
      vertex 64.2 2 2
      vertex 64.5827 2.07613 2
    endloop
  endfacet
  facet normal 0 0 1
    outer loop
      vertex 64.2 52.9 2
      vertex 64.3951 52.8808 2
      vertex 64.298 52.8952 2
    endloop
  endfacet
  facet normal 0 0 1
    outer loop
      vertex 64.5827 2.07613 2
      vertex 64.2 2 2
      vertex 64.4903 2.04306 2
    endloop
  endfacet
  facet normal 0 0 1
    outer loop
      vertex 64.4903 2.04306 2
      vertex 64.2 2 2
      vertex 64.3951 2.01921 2
    endloop
  endfacet
  facet normal 0 0 1
    outer loop
      vertex 64.3951 2.01921 2
      vertex 64.2 2 2
      vertex 64.298 2.00482 2
    endloop
  endfacet
  facet normal 0 0 1
    outer loop
      vertex 64.9071 2.29289 2
      vertex 64.2 2 2
      vertex 64.8344 2.22699 2
    endloop
  endfacet
  facet normal 0 0 1
    outer loop
      vertex 64.8344 2.22699 2
      vertex 64.2 2 2
      vertex 64.7556 2.16853 2
    endloop
  endfacet
  facet normal 0 0 1
    outer loop
      vertex 2 51.9 2
      vertex 16.9 52.9 2
      vertex 3 52.9 2
    endloop
  endfacet
  facet normal 0 0 1
    outer loop
      vertex 16.9 52.9 2
      vertex 2 51.9 2
      vertex 16.9 2 2
    endloop
  endfacet
  facet normal 0 0 1
    outer loop
      vertex 2 51.9 2
      vertex 3 52.9 2
      vertex 2.90198 52.8952 2
    endloop
  endfacet
  facet normal -0 0 1
    outer loop
      vertex 2 3 2
      vertex 16.9 2 2
      vertex 2 51.9 2
    endloop
  endfacet
  facet normal 0 0 1
    outer loop
      vertex 2 51.9 2
      vertex 2.90198 52.8952 2
      vertex 2.80492 52.8808 2
    endloop
  endfacet
  facet normal 0 0 1
    outer loop
      vertex 16.9 2 2
      vertex 2 3 2
      vertex 3 2 2
    endloop
  endfacet
  facet normal 0 0 1
    outer loop
      vertex 2 51.9 2
      vertex 2.80492 52.8808 2
      vertex 2.70972 52.8569 2
    endloop
  endfacet
  facet normal 0 0 1
    outer loop
      vertex 3 2 2
      vertex 2 3 2
      vertex 2.90198 2.00482 2
    endloop
  endfacet
  facet normal 0 0 1
    outer loop
      vertex 2 51.9 2
      vertex 2.70972 52.8569 2
      vertex 2.61731 52.8239 2
    endloop
  endfacet
  facet normal 0 0 1
    outer loop
      vertex 2.90198 2.00482 2
      vertex 2 3 2
      vertex 2.80492 2.01921 2
    endloop
  endfacet
  facet normal 0 0 1
    outer loop
      vertex 2 51.9 2
      vertex 2.61731 52.8239 2
      vertex 2.52861 52.7819 2
    endloop
  endfacet
  facet normal 0 0 1
    outer loop
      vertex 2.80492 2.01921 2
      vertex 2 3 2
      vertex 2.70972 2.04306 2
    endloop
  endfacet
  facet normal 0 0 1
    outer loop
      vertex 2 51.9 2
      vertex 2.52861 52.7819 2
      vertex 2.44443 52.7315 2
    endloop
  endfacet
  facet normal 0 0 1
    outer loop
      vertex 2.70972 2.04306 2
      vertex 2 3 2
      vertex 2.61731 2.07613 2
    endloop
  endfacet
  facet normal 0 0 1
    outer loop
      vertex 2 51.9 2
      vertex 2.44443 52.7315 2
      vertex 2.3656 52.673 2
    endloop
  endfacet
  facet normal 0 0 1
    outer loop
      vertex 2.61731 2.07613 2
      vertex 2 3 2
      vertex 2.52861 2.11807 2
    endloop
  endfacet
  facet normal 0 0 1
    outer loop
      vertex 2 51.9 2
      vertex 2.3656 52.673 2
      vertex 2.29289 52.6071 2
    endloop
  endfacet
  facet normal 0 0 1
    outer loop
      vertex 2.52861 2.11807 2
      vertex 2 3 2
      vertex 2.44443 2.16853 2
    endloop
  endfacet
  facet normal 0 0 1
    outer loop
      vertex 2 51.9 2
      vertex 2.29289 52.6071 2
      vertex 2.22699 52.5344 2
    endloop
  endfacet
  facet normal 0 0 1
    outer loop
      vertex 2.44443 2.16853 2
      vertex 2 3 2
      vertex 2.3656 2.22699 2
    endloop
  endfacet
  facet normal 0 0 1
    outer loop
      vertex 2 51.9 2
      vertex 2.22699 52.5344 2
      vertex 2.16853 52.4556 2
    endloop
  endfacet
  facet normal 0 0 1
    outer loop
      vertex 2.3656 2.22699 2
      vertex 2 3 2
      vertex 2.29289 2.29289 2
    endloop
  endfacet
  facet normal 0 0 1
    outer loop
      vertex 2 51.9 2
      vertex 2.16853 52.4556 2
      vertex 2.11807 52.3714 2
    endloop
  endfacet
  facet normal 0 0 1
    outer loop
      vertex 2.29289 2.29289 2
      vertex 2 3 2
      vertex 2.22699 2.3656 2
    endloop
  endfacet
  facet normal 0 0 1
    outer loop
      vertex 2 51.9 2
      vertex 2.11807 52.3714 2
      vertex 2.07613 52.2827 2
    endloop
  endfacet
  facet normal 0 0 1
    outer loop
      vertex 2.22699 2.3656 2
      vertex 2 3 2
      vertex 2.16853 2.44443 2
    endloop
  endfacet
  facet normal 0 0 1
    outer loop
      vertex 2 51.9 2
      vertex 2.07613 52.2827 2
      vertex 2.04306 52.1903 2
    endloop
  endfacet
  facet normal 0 0 1
    outer loop
      vertex 2.16853 2.44443 2
      vertex 2 3 2
      vertex 2.11807 2.52861 2
    endloop
  endfacet
  facet normal 0 0 1
    outer loop
      vertex 2 51.9 2
      vertex 2.04306 52.1903 2
      vertex 2.01921 52.0951 2
    endloop
  endfacet
  facet normal 0 0 1
    outer loop
      vertex 2.11807 2.52861 2
      vertex 2 3 2
      vertex 2.07613 2.61731 2
    endloop
  endfacet
  facet normal 0 0 1
    outer loop
      vertex 2 51.9 2
      vertex 2.01921 52.0951 2
      vertex 2.00482 51.998 2
    endloop
  endfacet
  facet normal 0 0 1
    outer loop
      vertex 2.07613 2.61731 2
      vertex 2 3 2
      vertex 2.04306 2.70972 2
    endloop
  endfacet
  facet normal 0 0 1
    outer loop
      vertex 2.04306 2.70972 2
      vertex 2 3 2
      vertex 2.01921 2.80492 2
    endloop
  endfacet
  facet normal 0 0 1
    outer loop
      vertex 2.01921 2.80492 2
      vertex 2 3 2
      vertex 2.00482 2.90198 2
    endloop
  endfacet
  facet normal -0 0 1
    outer loop
      vertex 18.1 52.9 2
      vertex 33 2 2
      vertex 33 52.9 2
    endloop
  endfacet
  facet normal 0 0 1
    outer loop
      vertex 33 2 2
      vertex 18.1 52.9 2
      vertex 18.1 2 2
    endloop
  endfacet
  facet normal -0 0 1
    outer loop
      vertex 34.2 52.9 2
      vertex 49.1 2 2
      vertex 49.1 52.9 2
    endloop
  endfacet
  facet normal 0 0 1
    outer loop
      vertex 49.1 2 2
      vertex 34.2 52.9 2
      vertex 34.2 2 2
    endloop
  endfacet
  facet normal 0.970023 0.243015 0
    outer loop
      vertex 2.04306 2.70972 24.9
      vertex 2.01921 2.80492 2
      vertex 2.01921 2.80492 24.9
    endloop
  endfacet
  facet normal 0.970023 0.243015 0
    outer loop
      vertex 2.01921 2.80492 2
      vertex 2.04306 2.70972 24.9
      vertex 2.04306 2.70972 2
    endloop
  endfacet
  facet normal -0.803034 0.595934 0
    outer loop
      vertex 64.973 2.3656 2
      vertex 65.0315 2.44443 24.9
      vertex 65.0315 2.44443 2
    endloop
  endfacet
  facet normal -0.803034 0.595934 0
    outer loop
      vertex 65.0315 2.44443 24.9
      vertex 64.973 2.3656 2
      vertex 64.973 2.3656 24.9
    endloop
  endfacet
  facet normal -0.857978 0.513686 0
    outer loop
      vertex 65.0315 2.44443 2
      vertex 65.0819 2.52861 24.9
      vertex 65.0819 2.52861 2
    endloop
  endfacet
  facet normal -0.857978 0.513686 0
    outer loop
      vertex 65.0819 2.52861 24.9
      vertex 65.0315 2.44443 2
      vertex 65.0315 2.44443 24.9
    endloop
  endfacet
  facet normal -0.427455 0.904036 0
    outer loop
      vertex 64.6714 2.11807 2
      vertex 64.5827 2.07613 24.9
      vertex 64.6714 2.11807 24.9
    endloop
  endfacet
  facet normal -0.427455 0.904036 0
    outer loop
      vertex 64.5827 2.07613 24.9
      vertex 64.6714 2.11807 2
      vertex 64.5827 2.07613 2
    endloop
  endfacet
  facet normal 1 -0 0
    outer loop
      vertex 18.1 2 12
      vertex 18.1 52.9 2
      vertex 18.1 52.9 12
    endloop
  endfacet
  facet normal 1 0 0
    outer loop
      vertex 18.1 52.9 2
      vertex 18.1 2 12
      vertex 18.1 2 2
    endloop
  endfacet
  facet normal -0 0 1
    outer loop
      vertex 16.9 52.9 12
      vertex 18.1 2 12
      vertex 18.1 52.9 12
    endloop
  endfacet
  facet normal 0 0 1
    outer loop
      vertex 18.1 2 12
      vertex 16.9 52.9 12
      vertex 16.9 2 12
    endloop
  endfacet
  facet normal -1 0 0
    outer loop
      vertex 16.9 2 2
      vertex 16.9 52.9 12
      vertex 16.9 52.9 2
    endloop
  endfacet
  facet normal -1 -0 0
    outer loop
      vertex 16.9 52.9 12
      vertex 16.9 2 2
      vertex 16.9 2 12
    endloop
  endfacet
  facet normal 1 -0 0
    outer loop
      vertex 34.2 2 12
      vertex 34.2 52.9 2
      vertex 34.2 52.9 12
    endloop
  endfacet
  facet normal 1 0 0
    outer loop
      vertex 34.2 52.9 2
      vertex 34.2 2 12
      vertex 34.2 2 2
    endloop
  endfacet
  facet normal -0 0 1
    outer loop
      vertex 33 52.9 12
      vertex 34.2 2 12
      vertex 34.2 52.9 12
    endloop
  endfacet
  facet normal 0 0 1
    outer loop
      vertex 34.2 2 12
      vertex 33 52.9 12
      vertex 33 2 12
    endloop
  endfacet
  facet normal -1 0 0
    outer loop
      vertex 33 2 2
      vertex 33 52.9 12
      vertex 33 52.9 2
    endloop
  endfacet
  facet normal -1 -0 0
    outer loop
      vertex 33 52.9 12
      vertex 33 2 2
      vertex 33 2 12
    endloop
  endfacet
  facet normal 1 -0 0
    outer loop
      vertex 50.3 2 12
      vertex 50.3 52.9 2
      vertex 50.3 52.9 12
    endloop
  endfacet
  facet normal 1 0 0
    outer loop
      vertex 50.3 52.9 2
      vertex 50.3 2 12
      vertex 50.3 2 2
    endloop
  endfacet
  facet normal -0 0 1
    outer loop
      vertex 49.1 52.9 12
      vertex 50.3 2 12
      vertex 50.3 52.9 12
    endloop
  endfacet
  facet normal 0 0 1
    outer loop
      vertex 50.3 2 12
      vertex 49.1 52.9 12
      vertex 49.1 2 12
    endloop
  endfacet
  facet normal -1 0 0
    outer loop
      vertex 49.1 2 2
      vertex 49.1 52.9 12
      vertex 49.1 52.9 2
    endloop
  endfacet
  facet normal -1 -0 0
    outer loop
      vertex 49.1 52.9 12
      vertex 49.1 2 2
      vertex 49.1 2 12
    endloop
  endfacet
  facet normal 0 0.707107 -0.707107
    outer loop
      vertex 44.6 1.5 18.225
      vertex 22.6 2 18.725
      vertex 44.6 2 18.725
    endloop
  endfacet
  facet normal 0 0.707107 -0.707107
    outer loop
      vertex 22.6 2 18.725
      vertex 44.6 1.5 18.225
      vertex 22.6 1.5 18.225
    endloop
  endfacet
  facet normal -1 0 0
    outer loop
      vertex 44.6 1.5 17.575
      vertex 44.6 2 18.725
      vertex 44.6 2 17.075
    endloop
  endfacet
  facet normal -1 0 0
    outer loop
      vertex 44.6 2 18.725
      vertex 44.6 1.5 17.575
      vertex 44.6 1.5 18.225
    endloop
  endfacet
  facet normal 0 1 -0
    outer loop
      vertex 44.6 1.5 17.575
      vertex 22.6 1.5 18.225
      vertex 44.6 1.5 18.225
    endloop
  endfacet
  facet normal 0 1 0
    outer loop
      vertex 22.6 1.5 18.225
      vertex 44.6 1.5 17.575
      vertex 22.6 1.5 17.575
    endloop
  endfacet
  facet normal 0 0.707107 0.707107
    outer loop
      vertex 44.6 2 17.075
      vertex 22.6 1.5 17.575
      vertex 44.6 1.5 17.575
    endloop
  endfacet
  facet normal 0 0.707107 0.707107
    outer loop
      vertex 22.6 1.5 17.575
      vertex 44.6 2 17.075
      vertex 22.6 2 17.075
    endloop
  endfacet
  facet normal 1 -0 0
    outer loop
      vertex 22.6 1.5 18.225
      vertex 22.6 2 17.075
      vertex 22.6 2 18.725
    endloop
  endfacet
  facet normal 1 0 0
    outer loop
      vertex 22.6 2 17.075
      vertex 22.6 1.5 18.225
      vertex 22.6 1.5 17.575
    endloop
  endfacet
  facet normal 0 -0.707107 -0.707107
    outer loop
      vertex 22.6 53.4 18.225
      vertex 44.6 52.9 18.725
      vertex 22.6 52.9 18.725
    endloop
  endfacet
  facet normal 0 -0.707107 -0.707107
    outer loop
      vertex 44.6 52.9 18.725
      vertex 22.6 53.4 18.225
      vertex 44.6 53.4 18.225
    endloop
  endfacet
  facet normal 0 -0.707107 0.707107
    outer loop
      vertex 22.6 52.9 17.075
      vertex 44.6 53.4 17.575
      vertex 22.6 53.4 17.575
    endloop
  endfacet
  facet normal 0 -0.707107 0.707107
    outer loop
      vertex 44.6 53.4 17.575
      vertex 22.6 52.9 17.075
      vertex 44.6 52.9 17.075
    endloop
  endfacet
  facet normal 0 -1 0
    outer loop
      vertex 22.6 53.4 17.575
      vertex 44.6 53.4 18.225
      vertex 22.6 53.4 18.225
    endloop
  endfacet
  facet normal 0 -1 -0
    outer loop
      vertex 44.6 53.4 18.225
      vertex 22.6 53.4 17.575
      vertex 44.6 53.4 17.575
    endloop
  endfacet
  facet normal -1 -0 0
    outer loop
      vertex 44.6 53.4 17.575
      vertex 44.6 52.9 17.075
      vertex 44.6 53.4 18.225
    endloop
  endfacet
  facet normal -1 0 0
    outer loop
      vertex 44.6 52.9 18.725
      vertex 44.6 53.4 18.225
      vertex 44.6 52.9 17.075
    endloop
  endfacet
  facet normal 1 0 0
    outer loop
      vertex 22.6 53.4 18.225
      vertex 22.6 52.9 18.725
      vertex 22.6 53.4 17.575
    endloop
  endfacet
  facet normal 1 0 0
    outer loop
      vertex 22.6 52.9 17.075
      vertex 22.6 53.4 17.575
      vertex 22.6 52.9 18.725
    endloop
  endfacet
  facet normal -0 0.243175 0.969982
    outer loop
      vertex 0 20.6574 22.4288
      vertex 2 20.5146 22.4646
      vertex 2 20.6574 22.4288
    endloop
  endfacet
  facet normal 0 0.243175 0.969982
    outer loop
      vertex 2 20.5146 22.4646
      vertex 0 20.6574 22.4288
      vertex 0 20.5146 22.4646
    endloop
  endfacet
  facet normal 0 -0.0489209 0.998803
    outer loop
      vertex 0 34.097 22.4072
      vertex 2 33.95 22.4
      vertex 2 34.097 22.4072
    endloop
  endfacet
  facet normal 0 -0.0489209 0.998803
    outer loop
      vertex 2 33.95 22.4
      vertex 0 34.097 22.4072
      vertex 0 33.95 22.4
    endloop
  endfacet
  facet normal 0 0.941527 0.336939
    outer loop
      vertex 2 19.5642 23.326
      vertex 0 19.5146 23.4646
      vertex 2 19.5146 23.4646
    endloop
  endfacet
  facet normal 0 0.941527 0.336939
    outer loop
      vertex 0 19.5146 23.4646
      vertex 2 19.5642 23.326
      vertex 0 19.5642 23.326
    endloop
  endfacet
  facet normal -0 0.595861 0.803088
    outer loop
      vertex 0 20.1166 22.6528
      vertex 2 19.9984 22.7405
      vertex 2 20.1166 22.6528
    endloop
  endfacet
  facet normal 0 0.595861 0.803088
    outer loop
      vertex 2 19.9984 22.7405
      vertex 0 20.1166 22.6528
      vertex 0 19.9984 22.7405
    endloop
  endfacet
  facet normal -0 0.336939 0.941527
    outer loop
      vertex 0 20.5146 22.4646
      vertex 2 20.376 22.5142
      vertex 2 20.5146 22.4646
    endloop
  endfacet
  facet normal 0 0.336939 0.941527
    outer loop
      vertex 2 20.376 22.5142
      vertex 0 20.5146 22.4646
      vertex 0 20.376 22.5142
    endloop
  endfacet
  facet normal -0 0 1
    outer loop
      vertex 0 33.95 22.4
      vertex 2 20.95 22.4
      vertex 2 33.95 22.4
    endloop
  endfacet
  facet normal 0 0 1
    outer loop
      vertex 2 20.95 22.4
      vertex 0 33.95 22.4
      vertex 0 20.95 22.4
    endloop
  endfacet
  facet normal -0 0.146746 0.989174
    outer loop
      vertex 0 20.803 22.4072
      vertex 2 20.6574 22.4288
      vertex 2 20.803 22.4072
    endloop
  endfacet
  facet normal 0 0.146746 0.989174
    outer loop
      vertex 2 20.6574 22.4288
      vertex 0 20.803 22.4072
      vertex 0 20.6574 22.4288
    endloop
  endfacet
  facet normal 0 0.998803 0.0489209
    outer loop
      vertex 2 19.4572 23.753
      vertex 0 19.45 23.9
      vertex 2 19.45 23.9
    endloop
  endfacet
  facet normal 0 0.998803 0.0489209
    outer loop
      vertex 0 19.45 23.9
      vertex 2 19.4572 23.753
      vertex 0 19.4572 23.753
    endloop
  endfacet
  facet normal -0 0.671251 0.74123
    outer loop
      vertex 0 19.9984 22.7405
      vertex 2 19.8893 22.8393
      vertex 2 19.9984 22.7405
    endloop
  endfacet
  facet normal 0 0.671251 0.74123
    outer loop
      vertex 2 19.8893 22.8393
      vertex 0 19.9984 22.7405
      vertex 0 19.8893 22.8393
    endloop
  endfacet
  facet normal -0 0.0489209 0.998803
    outer loop
      vertex 0 20.95 22.4
      vertex 2 20.803 22.4072
      vertex 2 20.95 22.4
    endloop
  endfacet
  facet normal 0 0.0489209 0.998803
    outer loop
      vertex 2 20.803 22.4072
      vertex 0 20.95 22.4
      vertex 0 20.803 22.4072
    endloop
  endfacet
  facet normal 0 0.803088 0.595861
    outer loop
      vertex 2 19.7905 22.9484
      vertex 0 19.7028 23.0666
      vertex 2 19.7028 23.0666
    endloop
  endfacet
  facet normal 0 0.803088 0.595861
    outer loop
      vertex 0 19.7028 23.0666
      vertex 2 19.7905 22.9484
      vertex 0 19.7905 22.9484
    endloop
  endfacet
  facet normal 0 -0.941527 0.336939
    outer loop
      vertex 0 35.3358 23.326
      vertex 2 35.3854 23.4646
      vertex 0 35.3854 23.4646
    endloop
  endfacet
  facet normal 0 -0.941527 0.336939
    outer loop
      vertex 2 35.3854 23.4646
      vertex 0 35.3358 23.326
      vertex 2 35.3358 23.326
    endloop
  endfacet
  facet normal 0 -0.336939 0.941527
    outer loop
      vertex 0 34.524 22.5142
      vertex 2 34.3854 22.4646
      vertex 2 34.524 22.5142
    endloop
  endfacet
  facet normal 0 -0.336939 0.941527
    outer loop
      vertex 2 34.3854 22.4646
      vertex 0 34.524 22.5142
      vertex 0 34.3854 22.4646
    endloop
  endfacet
  facet normal -0 0.427269 0.904125
    outer loop
      vertex 0 20.376 22.5142
      vertex 2 20.2429 22.5771
      vertex 2 20.376 22.5142
    endloop
  endfacet
  facet normal 0 0.427269 0.904125
    outer loop
      vertex 2 20.2429 22.5771
      vertex 0 20.376 22.5142
      vertex 0 20.2429 22.5771
    endloop
  endfacet
  facet normal 0 -0.427269 0.904125
    outer loop
      vertex 0 34.6571 22.5771
      vertex 2 34.524 22.5142
      vertex 2 34.6571 22.5771
    endloop
  endfacet
  facet normal 0 -0.427269 0.904125
    outer loop
      vertex 2 34.524 22.5142
      vertex 0 34.6571 22.5771
      vertex 0 34.524 22.5142
    endloop
  endfacet
  facet normal 0 -0.857733 0.514096
    outer loop
      vertex 0 35.1972 23.0666
      vertex 2 35.2729 23.1929
      vertex 0 35.2729 23.1929
    endloop
  endfacet
  facet normal 0 -0.857733 0.514096
    outer loop
      vertex 2 35.2729 23.1929
      vertex 0 35.1972 23.0666
      vertex 2 35.1972 23.0666
    endloop
  endfacet
  facet normal 0 0.904125 0.427269
    outer loop
      vertex 2 19.6271 23.1929
      vertex 0 19.5642 23.326
      vertex 2 19.5642 23.326
    endloop
  endfacet
  facet normal 0 0.904125 0.427269
    outer loop
      vertex 0 19.5642 23.326
      vertex 2 19.6271 23.1929
      vertex 0 19.6271 23.1929
    endloop
  endfacet
  facet normal 0 1 -0
    outer loop
      vertex 2 19.45 23.9
      vertex 0 19.45 24.9
      vertex 2 19.45 24.9
    endloop
  endfacet
  facet normal 0 1 0
    outer loop
      vertex 0 19.45 24.9
      vertex 2 19.45 23.9
      vertex 0 19.45 23.9
    endloop
  endfacet
  facet normal 0 0.989174 0.146746
    outer loop
      vertex 2 19.4788 23.6074
      vertex 0 19.4572 23.753
      vertex 2 19.4572 23.753
    endloop
  endfacet
  facet normal 0 0.989174 0.146746
    outer loop
      vertex 0 19.4572 23.753
      vertex 2 19.4788 23.6074
      vertex 0 19.4788 23.6074
    endloop
  endfacet
  facet normal 0 -0.671251 0.74123
    outer loop
      vertex 0 35.0107 22.8393
      vertex 2 34.9016 22.7405
      vertex 2 35.0107 22.8393
    endloop
  endfacet
  facet normal 0 -0.671251 0.74123
    outer loop
      vertex 2 34.9016 22.7405
      vertex 0 35.0107 22.8393
      vertex 0 34.9016 22.7405
    endloop
  endfacet
  facet normal 0 0.969982 0.243175
    outer loop
      vertex 2 19.5146 23.4646
      vertex 0 19.4788 23.6074
      vertex 2 19.4788 23.6074
    endloop
  endfacet
  facet normal 0 0.969982 0.243175
    outer loop
      vertex 0 19.4788 23.6074
      vertex 2 19.5146 23.4646
      vertex 0 19.5146 23.4646
    endloop
  endfacet
  facet normal 0 -0.595861 0.803088
    outer loop
      vertex 0 34.9016 22.7405
      vertex 2 34.7834 22.6528
      vertex 2 34.9016 22.7405
    endloop
  endfacet
  facet normal 0 -0.595861 0.803088
    outer loop
      vertex 2 34.7834 22.6528
      vertex 0 34.9016 22.7405
      vertex 0 34.7834 22.6528
    endloop
  endfacet
  facet normal 0 -0.803088 0.595861
    outer loop
      vertex 0 35.1095 22.9484
      vertex 2 35.1972 23.0666
      vertex 0 35.1972 23.0666
    endloop
  endfacet
  facet normal 0 -0.803088 0.595861
    outer loop
      vertex 2 35.1972 23.0666
      vertex 0 35.1095 22.9484
      vertex 2 35.1095 22.9484
    endloop
  endfacet
  facet normal 0 -0.904125 0.427269
    outer loop
      vertex 0 35.2729 23.1929
      vertex 2 35.3358 23.326
      vertex 0 35.3358 23.326
    endloop
  endfacet
  facet normal 0 -0.904125 0.427269
    outer loop
      vertex 2 35.3358 23.326
      vertex 0 35.2729 23.1929
      vertex 2 35.2729 23.1929
    endloop
  endfacet
  facet normal 0 0.74123 0.671251
    outer loop
      vertex 2 19.8893 22.8393
      vertex 0 19.7905 22.9484
      vertex 2 19.7905 22.9484
    endloop
  endfacet
  facet normal 0 0.74123 0.671251
    outer loop
      vertex 0 19.7905 22.9484
      vertex 2 19.8893 22.8393
      vertex 0 19.8893 22.8393
    endloop
  endfacet
  facet normal -0 0.514096 0.857733
    outer loop
      vertex 0 20.2429 22.5771
      vertex 2 20.1166 22.6528
      vertex 2 20.2429 22.5771
    endloop
  endfacet
  facet normal 0 0.514096 0.857733
    outer loop
      vertex 2 20.1166 22.6528
      vertex 0 20.2429 22.5771
      vertex 0 20.1166 22.6528
    endloop
  endfacet
  facet normal 0 -0.146746 0.989174
    outer loop
      vertex 0 34.2426 22.4288
      vertex 2 34.097 22.4072
      vertex 2 34.2426 22.4288
    endloop
  endfacet
  facet normal 0 -0.146746 0.989174
    outer loop
      vertex 2 34.097 22.4072
      vertex 0 34.2426 22.4288
      vertex 0 34.097 22.4072
    endloop
  endfacet
  facet normal 0 0.857733 0.514096
    outer loop
      vertex 2 19.7028 23.0666
      vertex 0 19.6271 23.1929
      vertex 2 19.6271 23.1929
    endloop
  endfacet
  facet normal 0 0.857733 0.514096
    outer loop
      vertex 0 19.6271 23.1929
      vertex 2 19.7028 23.0666
      vertex 0 19.7028 23.0666
    endloop
  endfacet
  facet normal 0 -0.998803 0.0489209
    outer loop
      vertex 0 35.4428 23.753
      vertex 2 35.45 23.9
      vertex 0 35.45 23.9
    endloop
  endfacet
  facet normal 0 -0.998803 0.0489209
    outer loop
      vertex 2 35.45 23.9
      vertex 0 35.4428 23.753
      vertex 2 35.4428 23.753
    endloop
  endfacet
  facet normal 0 -1 0
    outer loop
      vertex 0 35.45 23.9
      vertex 2 35.45 24.9
      vertex 0 35.45 24.9
    endloop
  endfacet
  facet normal 0 -1 -0
    outer loop
      vertex 2 35.45 24.9
      vertex 0 35.45 23.9
      vertex 2 35.45 23.9
    endloop
  endfacet
  facet normal 0 -0.969982 0.243175
    outer loop
      vertex 0 35.3854 23.4646
      vertex 2 35.4212 23.6074
      vertex 0 35.4212 23.6074
    endloop
  endfacet
  facet normal 0 -0.969982 0.243175
    outer loop
      vertex 2 35.4212 23.6074
      vertex 0 35.3854 23.4646
      vertex 2 35.3854 23.4646
    endloop
  endfacet
  facet normal 0 -0.514096 0.857733
    outer loop
      vertex 0 34.7834 22.6528
      vertex 2 34.6571 22.5771
      vertex 2 34.7834 22.6528
    endloop
  endfacet
  facet normal 0 -0.514096 0.857733
    outer loop
      vertex 2 34.6571 22.5771
      vertex 0 34.7834 22.6528
      vertex 0 34.6571 22.5771
    endloop
  endfacet
  facet normal 0 -0.74123 0.671251
    outer loop
      vertex 0 35.0107 22.8393
      vertex 2 35.1095 22.9484
      vertex 0 35.1095 22.9484
    endloop
  endfacet
  facet normal 0 -0.74123 0.671251
    outer loop
      vertex 2 35.1095 22.9484
      vertex 0 35.0107 22.8393
      vertex 2 35.0107 22.8393
    endloop
  endfacet
  facet normal 0 -0.243175 0.969982
    outer loop
      vertex 0 34.3854 22.4646
      vertex 2 34.2426 22.4288
      vertex 2 34.3854 22.4646
    endloop
  endfacet
  facet normal 0 -0.243175 0.969982
    outer loop
      vertex 2 34.2426 22.4288
      vertex 0 34.3854 22.4646
      vertex 0 34.2426 22.4288
    endloop
  endfacet
  facet normal 0 -0.989174 0.146746
    outer loop
      vertex 0 35.4212 23.6074
      vertex 2 35.4428 23.753
      vertex 0 35.4428 23.753
    endloop
  endfacet
  facet normal 0 -0.989174 0.146746
    outer loop
      vertex 2 35.4428 23.753
      vertex 0 35.4212 23.6074
      vertex 2 35.4212 23.6074
    endloop
  endfacet
endsolid OpenSCAD_Model
