solid OpenSCAD_Model
  facet normal -0.935903 -0.352257 0
    outer loop
      vertex -21.7112 -8.99306 94
      vertex -22.2529 -7.55383 100
      vertex -22.2529 -7.55383 94
    endloop
  endfacet
  facet normal -0.935903 -0.352257 0
    outer loop
      vertex -22.2529 -7.55383 100
      vertex -21.7112 -8.99306 94
      vertex -21.7112 -8.99306 100
    endloop
  endfacet
  facet normal 0.999465 -0.0327092 0
    outer loop
      vertex 23.4497 -1.53697 100
      vertex 23.5 0 94
      vertex 23.5 0 100
    endloop
  endfacet
  facet normal 0.999465 -0.0327092 0
    outer loop
      vertex 23.5 0 94
      vertex 23.4497 -1.53697 100
      vertex 23.4497 -1.53697 94
    endloop
  endfacet
  facet normal 0.995187 0.0979977 0
    outer loop
      vertex 23.4497 1.53697 100
      vertex 23.299 3.06736 94
      vertex 23.299 3.06736 100
    endloop
  endfacet
  facet normal 0.995187 0.0979977 0
    outer loop
      vertex 23.299 3.06736 94
      vertex 23.4497 1.53697 100
      vertex 23.4497 1.53697 94
    endloop
  endfacet
  facet normal 0.999465 0.0327092 0
    outer loop
      vertex 23.5 0 100
      vertex 23.4497 1.53697 94
      vertex 23.4497 1.53697 100
    endloop
  endfacet
  facet normal 0.999465 0.0327092 0
    outer loop
      vertex 23.4497 1.53697 94
      vertex 23.5 0 100
      vertex 23.5 0 94
    endloop
  endfacet
  facet normal -0.973877 -0.227077 0
    outer loop
      vertex -22.6993 -6.08225 94
      vertex -23.0485 -4.58462 100
      vertex -23.0485 -4.58462 94
    endloop
  endfacet
  facet normal -0.973877 -0.227077 0
    outer loop
      vertex -23.0485 -4.58462 100
      vertex -22.6993 -6.08225 94
      vertex -22.6993 -6.08225 100
    endloop
  endfacet
  facet normal 0.582462 -0.812858 0
    outer loop
      vertex 13.0559 -19.5395 94
      vertex 14.3059 -18.6438 100
      vertex 13.0559 -19.5395 100
    endloop
  endfacet
  facet normal 0.582462 -0.812858 0
    outer loop
      vertex 14.3059 -18.6438 100
      vertex 13.0559 -19.5395 94
      vertex 14.3059 -18.6438 94
    endloop
  endfacet
  facet normal 0.772992 0.634416 0
    outer loop
      vertex 18.6438 14.3059 100
      vertex 17.6682 15.4946 94
      vertex 17.6682 15.4946 100
    endloop
  endfacet
  facet normal 0.772992 0.634416 0
    outer loop
      vertex 17.6682 15.4946 94
      vertex 18.6438 14.3059 100
      vertex 18.6438 14.3059 94
    endloop
  endfacet
  facet normal -0.528086 0.849191 0
    outer loop
      vertex -11.75 20.3516 94
      vertex -13.0559 19.5395 100
      vertex -11.75 20.3516 100
    endloop
  endfacet
  facet normal -0.528086 0.849191 0
    outer loop
      vertex -13.0559 19.5395 100
      vertex -11.75 20.3516 94
      vertex -13.0559 19.5395 94
    endloop
  endfacet
  facet normal -0.528086 -0.849191 0
    outer loop
      vertex -13.0559 -19.5395 94
      vertex -11.75 -20.3516 100
      vertex -13.0559 -19.5395 100
    endloop
  endfacet
  facet normal -0.528086 -0.849191 -0
    outer loop
      vertex -11.75 -20.3516 100
      vertex -13.0559 -19.5395 94
      vertex -11.75 -20.3516 94
    endloop
  endfacet
  facet normal 0.227077 0.973877 -0
    outer loop
      vertex 6.08225 22.6993 94
      vertex 4.58462 23.0485 100
      vertex 6.08225 22.6993 100
    endloop
  endfacet
  facet normal 0.227077 0.973877 0
    outer loop
      vertex 4.58462 23.0485 100
      vertex 6.08225 22.6993 94
      vertex 4.58462 23.0485 94
    endloop
  endfacet
  facet normal -0.986643 -0.162895 0
    outer loop
      vertex -23.0485 -4.58462 94
      vertex -23.299 -3.06736 100
      vertex -23.299 -3.06736 94
    endloop
  endfacet
  facet normal -0.986643 -0.162895 0
    outer loop
      vertex -23.299 -3.06736 100
      vertex -23.0485 -4.58462 94
      vertex -23.0485 -4.58462 100
    endloop
  endfacet
  facet normal 0.412725 -0.910856 0
    outer loop
      vertex 8.99306 -21.7112 94
      vertex 10.3938 -21.0765 100
      vertex 8.99306 -21.7112 100
    endloop
  endfacet
  facet normal 0.412725 -0.910856 0
    outer loop
      vertex 10.3938 -21.0765 100
      vertex 8.99306 -21.7112 94
      vertex 10.3938 -21.0765 94
    endloop
  endfacet
  facet normal 0.290285 -0.95694 0
    outer loop
      vertex 6.08225 -22.6993 94
      vertex 7.55383 -22.2529 100
      vertex 6.08225 -22.6993 100
    endloop
  endfacet
  facet normal 0.290285 -0.95694 0
    outer loop
      vertex 7.55383 -22.2529 100
      vertex 6.08225 -22.6993 94
      vertex 7.55383 -22.2529 94
    endloop
  endfacet
  facet normal 0.910856 -0.412725 0
    outer loop
      vertex 21.0765 -10.3938 100
      vertex 21.7112 -8.99306 94
      vertex 21.7112 -8.99306 100
    endloop
  endfacet
  facet normal 0.910856 -0.412725 0
    outer loop
      vertex 21.7112 -8.99306 94
      vertex 21.0765 -10.3938 100
      vertex 21.0765 -10.3938 94
    endloop
  endfacet
  facet normal 0.162895 -0.986643 0
    outer loop
      vertex 3.06736 -23.299 94
      vertex 4.58462 -23.0485 100
      vertex 3.06736 -23.299 100
    endloop
  endfacet
  facet normal 0.162895 -0.986643 0
    outer loop
      vertex 4.58462 -23.0485 100
      vertex 3.06736 -23.299 94
      vertex 4.58462 -23.0485 94
    endloop
  endfacet
  facet normal 0.881922 -0.471395 0
    outer loop
      vertex 20.3516 -11.75 100
      vertex 21.0765 -10.3938 94
      vertex 21.0765 -10.3938 100
    endloop
  endfacet
  facet normal 0.881922 -0.471395 0
    outer loop
      vertex 21.0765 -10.3938 94
      vertex 20.3516 -11.75 100
      vertex 20.3516 -11.75 94
    endloop
  endfacet
  facet normal -0.973877 0.227077 0
    outer loop
      vertex -23.0485 4.58462 94
      vertex -22.6993 6.08225 100
      vertex -22.6993 6.08225 94
    endloop
  endfacet
  facet normal -0.973877 0.227077 0
    outer loop
      vertex -22.6993 6.08225 100
      vertex -23.0485 4.58462 94
      vertex -23.0485 4.58462 100
    endloop
  endfacet
  facet normal 0.910856 0.412725 0
    outer loop
      vertex 21.7112 8.99306 100
      vertex 21.0765 10.3938 94
      vertex 21.0765 10.3938 100
    endloop
  endfacet
  facet normal 0.910856 0.412725 0
    outer loop
      vertex 21.0765 10.3938 94
      vertex 21.7112 8.99306 100
      vertex 21.7112 8.99306 94
    endloop
  endfacet
  facet normal 0.471395 0.881922 -0
    outer loop
      vertex 11.75 20.3516 94
      vertex 10.3938 21.0765 100
      vertex 11.75 20.3516 100
    endloop
  endfacet
  facet normal 0.471395 0.881922 0
    outer loop
      vertex 10.3938 21.0765 100
      vertex 11.75 20.3516 94
      vertex 10.3938 21.0765 94
    endloop
  endfacet
  facet normal -0.999465 0.0327092 0
    outer loop
      vertex -23.5 0 94
      vertex -23.4497 1.53697 100
      vertex -23.4497 1.53697 94
    endloop
  endfacet
  facet normal -0.999465 0.0327092 0
    outer loop
      vertex -23.4497 1.53697 100
      vertex -23.5 0 94
      vertex -23.5 0 100
    endloop
  endfacet
  facet normal -0.471395 0.881922 0
    outer loop
      vertex -10.3938 21.0765 94
      vertex -11.75 20.3516 100
      vertex -10.3938 21.0765 100
    endloop
  endfacet
  facet normal -0.471395 0.881922 0
    outer loop
      vertex -11.75 20.3516 100
      vertex -10.3938 21.0765 94
      vertex -11.75 20.3516 94
    endloop
  endfacet
  facet normal -0.582462 0.812858 0
    outer loop
      vertex -13.0559 19.5395 94
      vertex -14.3059 18.6438 100
      vertex -13.0559 19.5395 100
    endloop
  endfacet
  facet normal -0.582462 0.812858 0
    outer loop
      vertex -14.3059 18.6438 100
      vertex -13.0559 19.5395 94
      vertex -14.3059 18.6438 94
    endloop
  endfacet
  facet normal -0.227077 0.973877 0
    outer loop
      vertex -4.58462 23.0485 94
      vertex -6.08225 22.6993 100
      vertex -4.58462 23.0485 100
    endloop
  endfacet
  facet normal -0.227077 0.973877 0
    outer loop
      vertex -6.08225 22.6993 100
      vertex -4.58462 23.0485 94
      vertex -6.08225 22.6993 94
    endloop
  endfacet
  facet normal 0.0328408 -0.999461 0
    outer loop
      vertex 0.401722 -23.4868 98.2364
      vertex 0 -23.5 100
      vertex 0 -23.5 98.3
    endloop
  endfacet
  facet normal 0.0327092 -0.999465 -3.00095e-05
    outer loop
      vertex 0 -23.5 100
      vertex 0.401722 -23.4868 98.2364
      vertex 1.53697 -23.4497 100
    endloop
  endfacet
  facet normal 0.032573 -0.999469 5.77439e-05
    outer loop
      vertex 0.76412 -23.475 98.0517
      vertex 1.53697 -23.4497 100
      vertex 0.401722 -23.4868 98.2364
    endloop
  endfacet
  facet normal 0.0326815 -0.999466 1.46739e-05
    outer loop
      vertex 1.05172 -23.4656 97.7641
      vertex 1.53697 -23.4497 100
      vertex 0.76412 -23.475 98.0517
    endloop
  endfacet
  facet normal 0.0329373 -0.999457 -4.08975e-05
    outer loop
      vertex 1.23637 -23.4595 97.4017
      vertex 1.53697 -23.4497 100
      vertex 1.05172 -23.4656 97.7641
    endloop
  endfacet
  facet normal 0.032816 -0.999461 -2.68521e-05
    outer loop
      vertex 1.3 -23.4574 97
      vertex 1.53697 -23.4497 100
      vertex 1.23637 -23.4595 97.4017
    endloop
  endfacet
  facet normal 0.0328408 -0.999461 0
    outer loop
      vertex 0 -23.5 94
      vertex 0.401722 -23.4868 95.7636
      vertex 0 -23.5 95.7
    endloop
  endfacet
  facet normal 0.0327092 -0.999465 3.00095e-05
    outer loop
      vertex 1.53697 -23.4497 94
      vertex 0.401722 -23.4868 95.7636
      vertex 0 -23.5 94
    endloop
  endfacet
  facet normal 0.032573 -0.999469 -5.77439e-05
    outer loop
      vertex 0.401722 -23.4868 95.7636
      vertex 1.53697 -23.4497 94
      vertex 0.76412 -23.475 95.9483
    endloop
  endfacet
  facet normal 0.0326815 -0.999466 -1.46739e-05
    outer loop
      vertex 0.76412 -23.475 95.9483
      vertex 1.53697 -23.4497 94
      vertex 1.05172 -23.4656 96.2359
    endloop
  endfacet
  facet normal 0.0324764 -0.999473 0
    outer loop
      vertex 1.3 -23.4574 97
      vertex 1.53697 -23.4497 94
      vertex 1.53697 -23.4497 100
    endloop
  endfacet
  facet normal 0.032816 -0.999461 2.68521e-05
    outer loop
      vertex 1.23637 -23.4595 96.5983
      vertex 1.53697 -23.4497 94
      vertex 1.3 -23.4574 97
    endloop
  endfacet
  facet normal 0.0329373 -0.999457 4.08975e-05
    outer loop
      vertex 1.05172 -23.4656 96.2359
      vertex 1.53697 -23.4497 94
      vertex 1.23637 -23.4595 96.5983
    endloop
  endfacet
  facet normal -0.0979977 -0.995187 0
    outer loop
      vertex -3.06736 -23.299 94
      vertex -1.53697 -23.4497 100
      vertex -3.06736 -23.299 100
    endloop
  endfacet
  facet normal -0.0979977 -0.995187 -0
    outer loop
      vertex -1.53697 -23.4497 100
      vertex -3.06736 -23.299 94
      vertex -1.53697 -23.4497 94
    endloop
  endfacet
  facet normal 0.582462 0.812858 -0
    outer loop
      vertex 14.3059 18.6438 94
      vertex 13.0559 19.5395 100
      vertex 14.3059 18.6438 100
    endloop
  endfacet
  facet normal 0.582462 0.812858 0
    outer loop
      vertex 13.0559 19.5395 100
      vertex 14.3059 18.6438 94
      vertex 13.0559 19.5395 94
    endloop
  endfacet
  facet normal 0.471395 -0.881922 0
    outer loop
      vertex 10.3938 -21.0765 94
      vertex 11.75 -20.3516 100
      vertex 10.3938 -21.0765 100
    endloop
  endfacet
  facet normal 0.471395 -0.881922 0
    outer loop
      vertex 11.75 -20.3516 100
      vertex 10.3938 -21.0765 94
      vertex 11.75 -20.3516 94
    endloop
  endfacet
  facet normal -0.910856 -0.412725 0
    outer loop
      vertex -21.0765 -10.3938 94
      vertex -21.7112 -8.99306 100
      vertex -21.7112 -8.99306 94
    endloop
  endfacet
  facet normal -0.910856 -0.412725 0
    outer loop
      vertex -21.7112 -8.99306 100
      vertex -21.0765 -10.3938 94
      vertex -21.0765 -10.3938 100
    endloop
  endfacet
  facet normal -0.634416 -0.772992 0
    outer loop
      vertex -15.4946 -17.6682 94
      vertex -14.3059 -18.6438 100
      vertex -15.4946 -17.6682 100
    endloop
  endfacet
  facet normal -0.634416 -0.772992 -0
    outer loop
      vertex -14.3059 -18.6438 100
      vertex -15.4946 -17.6682 94
      vertex -14.3059 -18.6438 94
    endloop
  endfacet
  facet normal 0.935903 -0.352257 0
    outer loop
      vertex 21.7112 -8.99306 100
      vertex 22.2529 -7.55383 94
      vertex 22.2529 -7.55383 100
    endloop
  endfacet
  facet normal 0.935903 -0.352257 0
    outer loop
      vertex 22.2529 -7.55383 94
      vertex 21.7112 -8.99306 100
      vertex 21.7112 -8.99306 94
    endloop
  endfacet
  facet normal -0.352257 -0.935903 0
    outer loop
      vertex -8.99306 -21.7112 94
      vertex -7.55383 -22.2529 100
      vertex -8.99306 -21.7112 100
    endloop
  endfacet
  facet normal -0.352257 -0.935903 -0
    outer loop
      vertex -7.55383 -22.2529 100
      vertex -8.99306 -21.7112 94
      vertex -7.55383 -22.2529 94
    endloop
  endfacet
  facet normal 0.973877 -0.227077 0
    outer loop
      vertex 22.6993 -6.08225 100
      vertex 23.0485 -4.58462 94
      vertex 23.0485 -4.58462 100
    endloop
  endfacet
  facet normal 0.973877 -0.227077 0
    outer loop
      vertex 23.0485 -4.58462 94
      vertex 22.6993 -6.08225 100
      vertex 22.6993 -6.08225 94
    endloop
  endfacet
  facet normal 0.88195 0.471342 0
    outer loop
      vertex 20.3516 11.75 100
      vertex 20.5332 11.4102 98.239
      vertex 20.3516 11.75 98.3
    endloop
  endfacet
  facet normal 0.880817 0.473457 -0.000524899
    outer loop
      vertex 20.3516 11.75 100
      vertex 20.5411 11.3955 98.2364
      vertex 20.5332 11.4102 98.239
    endloop
  endfacet
  facet normal 0.881922 0.471395 8.42544e-06
    outer loop
      vertex 21.0765 10.3938 100
      vertex 20.5411 11.3955 98.2364
      vertex 20.3516 11.75 100
    endloop
  endfacet
  facet normal 0.881955 0.471334 -3.57839e-05
    outer loop
      vertex 20.5411 11.3955 98.2364
      vertex 21.0765 10.3938 100
      vertex 20.712 11.0757 98.0517
    endloop
  endfacet
  facet normal 0.881924 0.471391 -1.02321e-05
    outer loop
      vertex 20.712 11.0757 98.0517
      vertex 21.0765 10.3938 100
      vertex 20.8476 10.822 97.7641
    endloop
  endfacet
  facet normal 0.881977 0.471293 -3.44028e-05
    outer loop
      vertex 20.8476 10.822 97.7641
      vertex 21.0765 10.3938 100
      vertex 20.931 10.6659 97.4171
    endloop
  endfacet
  facet normal 0.881841 0.471547 3.56518e-06
    outer loop
      vertex 20.9347 10.659 97.4017
      vertex 21.0765 10.3938 100
      vertex 20.9647 10.6029 97
    endloop
  endfacet
  facet normal 0.881395 0.47238 0.000112915
    outer loop
      vertex 20.931 10.6659 97.4171
      vertex 21.0765 10.3938 100
      vertex 20.9347 10.659 97.4017
    endloop
  endfacet
  facet normal 0.88195 0.471342 0
    outer loop
      vertex 20.5332 11.4102 95.761
      vertex 20.3516 11.75 94
      vertex 20.3516 11.75 95.7
    endloop
  endfacet
  facet normal 0.880817 0.473457 0.000524899
    outer loop
      vertex 20.5411 11.3955 95.7636
      vertex 20.3516 11.75 94
      vertex 20.5332 11.4102 95.761
    endloop
  endfacet
  facet normal 0.881955 0.471334 3.57839e-05
    outer loop
      vertex 21.0765 10.3938 94
      vertex 20.5411 11.3955 95.7636
      vertex 20.712 11.0757 95.9483
    endloop
  endfacet
  facet normal 0.881924 0.471391 1.02321e-05
    outer loop
      vertex 21.0765 10.3938 94
      vertex 20.712 11.0757 95.9483
      vertex 20.8476 10.822 96.2359
    endloop
  endfacet
  facet normal 0.881977 0.471293 3.44028e-05
    outer loop
      vertex 21.0765 10.3938 94
      vertex 20.8476 10.822 96.2359
      vertex 20.931 10.6659 96.5829
    endloop
  endfacet
  facet normal 0.881395 0.47238 -0.000112915
    outer loop
      vertex 21.0765 10.3938 94
      vertex 20.931 10.6659 96.5829
      vertex 20.9347 10.659 96.5983
    endloop
  endfacet
  facet normal 0.881922 0.471395 -8.42544e-06
    outer loop
      vertex 20.5411 11.3955 95.7636
      vertex 21.0765 10.3938 94
      vertex 20.3516 11.75 94
    endloop
  endfacet
  facet normal 0.881841 0.471547 -3.56518e-06
    outer loop
      vertex 20.9647 10.6029 97
      vertex 21.0765 10.3938 94
      vertex 20.9347 10.659 96.5983
    endloop
  endfacet
  facet normal 0.881862 0.471507 -0
    outer loop
      vertex 21.0765 10.3938 94
      vertex 20.9647 10.6029 97
      vertex 21.0765 10.3938 100
    endloop
  endfacet
  facet normal -0.634416 0.772992 0
    outer loop
      vertex -14.3059 18.6438 94
      vertex -15.4946 17.6682 100
      vertex -14.3059 18.6438 100
    endloop
  endfacet
  facet normal -0.634416 0.772992 0
    outer loop
      vertex -15.4946 17.6682 100
      vertex -14.3059 18.6438 94
      vertex -15.4946 17.6682 94
    endloop
  endfacet
  facet normal 0.352257 -0.935903 0
    outer loop
      vertex 7.55383 -22.2529 94
      vertex 8.99306 -21.7112 100
      vertex 7.55383 -22.2529 100
    endloop
  endfacet
  facet normal 0.352257 -0.935903 0
    outer loop
      vertex 8.99306 -21.7112 100
      vertex 7.55383 -22.2529 94
      vertex 8.99306 -21.7112 94
    endloop
  endfacet
  facet normal 0.935903 0.352257 0
    outer loop
      vertex 22.2529 7.55383 100
      vertex 21.7112 8.99306 94
      vertex 21.7112 8.99306 100
    endloop
  endfacet
  facet normal 0.935903 0.352257 0
    outer loop
      vertex 21.7112 8.99306 94
      vertex 22.2529 7.55383 100
      vertex 22.2529 7.55383 94
    endloop
  endfacet
  facet normal 0.683578 -0.729878 0
    outer loop
      vertex 15.4946 -17.6682 94
      vertex 16.617 -16.617 100
      vertex 15.4946 -17.6682 100
    endloop
  endfacet
  facet normal 0.683578 -0.729878 0
    outer loop
      vertex 16.617 -16.617 100
      vertex 15.4946 -17.6682 94
      vertex 16.617 -16.617 94
    endloop
  endfacet
  facet normal -0.0979977 0.995187 0
    outer loop
      vertex -1.53697 23.4497 94
      vertex -3.06736 23.299 100
      vertex -1.53697 23.4497 100
    endloop
  endfacet
  facet normal -0.0979977 0.995187 0
    outer loop
      vertex -3.06736 23.299 100
      vertex -1.53697 23.4497 94
      vertex -3.06736 23.299 94
    endloop
  endfacet
  facet normal 0.95694 -0.290285 0
    outer loop
      vertex 22.2529 -7.55383 100
      vertex 22.6993 -6.08225 94
      vertex 22.6993 -6.08225 100
    endloop
  endfacet
  facet normal 0.95694 -0.290285 0
    outer loop
      vertex 22.6993 -6.08225 94
      vertex 22.2529 -7.55383 100
      vertex 22.2529 -7.55383 94
    endloop
  endfacet
  facet normal -0.412725 0.910856 0
    outer loop
      vertex -8.99306 21.7112 94
      vertex -10.3938 21.0765 100
      vertex -8.99306 21.7112 100
    endloop
  endfacet
  facet normal -0.412725 0.910856 0
    outer loop
      vertex -10.3938 21.0765 100
      vertex -8.99306 21.7112 94
      vertex -10.3938 21.0765 94
    endloop
  endfacet
  facet normal -0.910856 0.412725 0
    outer loop
      vertex -21.7112 8.99306 94
      vertex -21.0765 10.3938 100
      vertex -21.0765 10.3938 94
    endloop
  endfacet
  facet normal -0.910856 0.412725 0
    outer loop
      vertex -21.0765 10.3938 100
      vertex -21.7112 8.99306 94
      vertex -21.7112 8.99306 100
    endloop
  endfacet
  facet normal 0.528086 -0.849191 0
    outer loop
      vertex 11.75 -20.3516 94
      vertex 13.0559 -19.5395 100
      vertex 11.75 -20.3516 100
    endloop
  endfacet
  facet normal 0.528086 -0.849191 0
    outer loop
      vertex 13.0559 -19.5395 100
      vertex 11.75 -20.3516 94
      vertex 13.0559 -19.5395 94
    endloop
  endfacet
  facet normal 0.729878 0.683578 0
    outer loop
      vertex 17.6682 15.4946 100
      vertex 16.617 16.617 94
      vertex 16.617 16.617 100
    endloop
  endfacet
  facet normal 0.729878 0.683578 0
    outer loop
      vertex 16.617 16.617 94
      vertex 17.6682 15.4946 100
      vertex 17.6682 15.4946 94
    endloop
  endfacet
  facet normal 0.528086 0.849191 -0
    outer loop
      vertex 13.0559 19.5395 94
      vertex 11.75 20.3516 100
      vertex 13.0559 19.5395 100
    endloop
  endfacet
  facet normal 0.528086 0.849191 0
    outer loop
      vertex 11.75 20.3516 100
      vertex 13.0559 19.5395 94
      vertex 11.75 20.3516 94
    endloop
  endfacet
  facet normal -0.812858 0.582462 0
    outer loop
      vertex -19.5395 13.0559 94
      vertex -18.6438 14.3059 100
      vertex -18.6438 14.3059 94
    endloop
  endfacet
  facet normal -0.812858 0.582462 0
    outer loop
      vertex -18.6438 14.3059 100
      vertex -19.5395 13.0559 94
      vertex -19.5395 13.0559 100
    endloop
  endfacet
  facet normal 0.849158 0.52814 0
    outer loop
      vertex 19.5395 13.0559 100
      vertex 19.6647 12.8546 97
      vertex 19.5395 13.0559 94
    endloop
  endfacet
  facet normal 0.849243 0.528003 1.27656e-05
    outer loop
      vertex 19.5395 13.0559 100
      vertex 19.6969 12.8028 97.3847
      vertex 19.6647 12.8546 97
    endloop
  endfacet
  facet normal 0.842445 0.538781 -0.00143947
    outer loop
      vertex 19.5395 13.0559 100
      vertex 19.6984 12.8005 97.4017
      vertex 19.6969 12.8028 97.3847
    endloop
  endfacet
  facet normal 0.852251 0.523132 0.000698437
    outer loop
      vertex 19.5395 13.0559 100
      vertex 19.7025 12.7938 97.4171
      vertex 19.6984 12.8005 97.4017
    endloop
  endfacet
  facet normal 0.849199 0.528074 4.36214e-06
    outer loop
      vertex 19.5395 13.0559 100
      vertex 19.7959 12.6436 97.7641
      vertex 19.7025 12.7938 97.4171
    endloop
  endfacet
  facet normal 0.849171 0.528118 -6.94627e-06
    outer loop
      vertex 19.5395 13.0559 100
      vertex 19.9479 12.3992 98.0517
      vertex 19.7959 12.6436 97.7641
    endloop
  endfacet
  facet normal 0.849265 0.527967 6.35676e-05
    outer loop
      vertex 19.5395 13.0559 100
      vertex 20.1393 12.0913 98.2364
      vertex 19.9479 12.3992 98.0517
    endloop
  endfacet
  facet normal 0.849191 0.528086 -2.68575e-05
    outer loop
      vertex 20.3516 11.75 100
      vertex 20.1393 12.0913 98.2364
      vertex 19.5395 13.0559 100
    endloop
  endfacet
  facet normal 0.849129 0.528186 0
    outer loop
      vertex 20.1393 12.0913 98.2364
      vertex 20.3516 11.75 100
      vertex 20.3516 11.75 98.3
    endloop
  endfacet
  facet normal 0.849243 0.528003 -1.27656e-05
    outer loop
      vertex 19.6969 12.8028 96.6153
      vertex 19.5395 13.0559 94
      vertex 19.6647 12.8546 97
    endloop
  endfacet
  facet normal 0.842445 0.538781 0.00143947
    outer loop
      vertex 19.6984 12.8005 96.5983
      vertex 19.5395 13.0559 94
      vertex 19.6969 12.8028 96.6153
    endloop
  endfacet
  facet normal 0.852251 0.523132 -0.000698437
    outer loop
      vertex 19.7025 12.7938 96.5829
      vertex 19.5395 13.0559 94
      vertex 19.6984 12.8005 96.5983
    endloop
  endfacet
  facet normal 0.849199 0.528074 -4.36214e-06
    outer loop
      vertex 19.7959 12.6436 96.2359
      vertex 19.5395 13.0559 94
      vertex 19.7025 12.7938 96.5829
    endloop
  endfacet
  facet normal 0.849171 0.528118 6.94627e-06
    outer loop
      vertex 19.9479 12.3992 95.9483
      vertex 19.5395 13.0559 94
      vertex 19.7959 12.6436 96.2359
    endloop
  endfacet
  facet normal 0.849265 0.527967 -6.35676e-05
    outer loop
      vertex 20.1393 12.0913 95.7636
      vertex 19.5395 13.0559 94
      vertex 19.9479 12.3992 95.9483
    endloop
  endfacet
  facet normal 0.849129 0.528186 -0
    outer loop
      vertex 20.3516 11.75 94
      vertex 20.1393 12.0913 95.7636
      vertex 20.3516 11.75 95.7
    endloop
  endfacet
  facet normal 0.849191 0.528086 2.68575e-05
    outer loop
      vertex 20.1393 12.0913 95.7636
      vertex 20.3516 11.75 94
      vertex 19.5395 13.0559 94
    endloop
  endfacet
  facet normal 0.95694 0.290285 0
    outer loop
      vertex 22.6993 6.08225 100
      vertex 22.2529 7.55383 94
      vertex 22.2529 7.55383 100
    endloop
  endfacet
  facet normal 0.95694 0.290285 0
    outer loop
      vertex 22.2529 7.55383 94
      vertex 22.6993 6.08225 100
      vertex 22.6993 6.08225 94
    endloop
  endfacet
  facet normal -0.999465 -0.0327092 0
    outer loop
      vertex -23.4497 -1.53697 94
      vertex -23.5 0 100
      vertex -23.5 0 94
    endloop
  endfacet
  facet normal -0.999465 -0.0327092 0
    outer loop
      vertex -23.5 0 100
      vertex -23.4497 -1.53697 94
      vertex -23.4497 -1.53697 100
    endloop
  endfacet
  facet normal -0.412725 -0.910856 0
    outer loop
      vertex -10.3938 -21.0765 94
      vertex -8.99306 -21.7112 100
      vertex -10.3938 -21.0765 100
    endloop
  endfacet
  facet normal -0.412725 -0.910856 -0
    outer loop
      vertex -8.99306 -21.7112 100
      vertex -10.3938 -21.0765 94
      vertex -8.99306 -21.7112 94
    endloop
  endfacet
  facet normal 0.729878 -0.683578 0
    outer loop
      vertex 16.617 -16.617 100
      vertex 17.6682 -15.4946 94
      vertex 17.6682 -15.4946 100
    endloop
  endfacet
  facet normal 0.729878 -0.683578 0
    outer loop
      vertex 17.6682 -15.4946 94
      vertex 16.617 -16.617 100
      vertex 16.617 -16.617 94
    endloop
  endfacet
  facet normal 0.227077 -0.973877 0
    outer loop
      vertex 4.58462 -23.0485 94
      vertex 6.08225 -22.6993 100
      vertex 4.58462 -23.0485 100
    endloop
  endfacet
  facet normal 0.227077 -0.973877 0
    outer loop
      vertex 6.08225 -22.6993 100
      vertex 4.58462 -23.0485 94
      vertex 6.08225 -22.6993 94
    endloop
  endfacet
  facet normal -0.812858 -0.582462 0
    outer loop
      vertex -18.6438 -14.3059 94
      vertex -19.5395 -13.0559 100
      vertex -19.5395 -13.0559 94
    endloop
  endfacet
  facet normal -0.812858 -0.582462 0
    outer loop
      vertex -19.5395 -13.0559 100
      vertex -18.6438 -14.3059 94
      vertex -18.6438 -14.3059 100
    endloop
  endfacet
  facet normal -0.582462 -0.812858 0
    outer loop
      vertex -14.3059 -18.6438 94
      vertex -13.0559 -19.5395 100
      vertex -14.3059 -18.6438 100
    endloop
  endfacet
  facet normal -0.582462 -0.812858 -0
    outer loop
      vertex -13.0559 -19.5395 100
      vertex -14.3059 -18.6438 94
      vertex -13.0559 -19.5395 94
    endloop
  endfacet
  facet normal 0.412725 0.910856 -0
    outer loop
      vertex 10.3938 21.0765 94
      vertex 8.99306 21.7112 100
      vertex 10.3938 21.0765 100
    endloop
  endfacet
  facet normal 0.412725 0.910856 0
    outer loop
      vertex 8.99306 21.7112 100
      vertex 10.3938 21.0765 94
      vertex 8.99306 21.7112 94
    endloop
  endfacet
  facet normal 0.0979977 -0.995187 0
    outer loop
      vertex 1.53697 -23.4497 94
      vertex 3.06736 -23.299 100
      vertex 1.53697 -23.4497 100
    endloop
  endfacet
  facet normal 0.0979977 -0.995187 0
    outer loop
      vertex 3.06736 -23.299 100
      vertex 1.53697 -23.4497 94
      vertex 3.06736 -23.299 94
    endloop
  endfacet
  facet normal 0.0979977 0.995187 -0
    outer loop
      vertex 3.06736 23.299 94
      vertex 1.53697 23.4497 100
      vertex 3.06736 23.299 100
    endloop
  endfacet
  facet normal 0.0979977 0.995187 0
    outer loop
      vertex 1.53697 23.4497 100
      vertex 3.06736 23.299 94
      vertex 1.53697 23.4497 94
    endloop
  endfacet
  facet normal -0.95694 0.290285 0
    outer loop
      vertex -22.6993 6.08225 94
      vertex -22.2529 7.55383 100
      vertex -22.2529 7.55383 94
    endloop
  endfacet
  facet normal -0.95694 0.290285 0
    outer loop
      vertex -22.2529 7.55383 100
      vertex -22.6993 6.08225 94
      vertex -22.6993 6.08225 100
    endloop
  endfacet
  facet normal -0.162895 0.986643 0
    outer loop
      vertex -3.06736 23.299 94
      vertex -4.58462 23.0485 100
      vertex -3.06736 23.299 100
    endloop
  endfacet
  facet normal -0.162895 0.986643 0
    outer loop
      vertex -4.58462 23.0485 100
      vertex -3.06736 23.299 94
      vertex -4.58462 23.0485 94
    endloop
  endfacet
  facet normal -0.290285 -0.95694 0
    outer loop
      vertex -7.55383 -22.2529 94
      vertex -6.08225 -22.6993 100
      vertex -7.55383 -22.2529 100
    endloop
  endfacet
  facet normal -0.290285 -0.95694 -0
    outer loop
      vertex -6.08225 -22.6993 100
      vertex -7.55383 -22.2529 94
      vertex -6.08225 -22.6993 94
    endloop
  endfacet
  facet normal -0.162895 -0.986643 0
    outer loop
      vertex -4.58462 -23.0485 94
      vertex -3.06736 -23.299 100
      vertex -4.58462 -23.0485 100
    endloop
  endfacet
  facet normal -0.162895 -0.986643 -0
    outer loop
      vertex -3.06736 -23.299 100
      vertex -4.58462 -23.0485 94
      vertex -3.06736 -23.299 94
    endloop
  endfacet
  facet normal 0.352257 0.935903 -0
    outer loop
      vertex 8.99306 21.7112 94
      vertex 7.55383 22.2529 100
      vertex 8.99306 21.7112 100
    endloop
  endfacet
  facet normal 0.352257 0.935903 0
    outer loop
      vertex 7.55383 22.2529 100
      vertex 8.99306 21.7112 94
      vertex 7.55383 22.2529 94
    endloop
  endfacet
  facet normal 0.683578 0.729878 -0
    outer loop
      vertex 16.617 16.617 94
      vertex 15.4946 17.6682 100
      vertex 16.617 16.617 100
    endloop
  endfacet
  facet normal 0.683578 0.729878 0
    outer loop
      vertex 15.4946 17.6682 100
      vertex 16.617 16.617 94
      vertex 15.4946 17.6682 94
    endloop
  endfacet
  facet normal -0.0327092 0.999465 0
    outer loop
      vertex 0 23.5 94
      vertex -1.53697 23.4497 100
      vertex 0 23.5 100
    endloop
  endfacet
  facet normal -0.0327092 0.999465 0
    outer loop
      vertex -1.53697 23.4497 100
      vertex 0 23.5 94
      vertex -1.53697 23.4497 94
    endloop
  endfacet
  facet normal 0.995187 -0.0979977 0
    outer loop
      vertex 23.299 -3.06736 100
      vertex 23.4497 -1.53697 94
      vertex 23.4497 -1.53697 100
    endloop
  endfacet
  facet normal 0.995187 -0.0979977 0
    outer loop
      vertex 23.4497 -1.53697 94
      vertex 23.299 -3.06736 100
      vertex 23.299 -3.06736 94
    endloop
  endfacet
  facet normal 0.0327092 0.999465 -0
    outer loop
      vertex 1.53697 23.4497 94
      vertex 0 23.5 100
      vertex 1.53697 23.4497 100
    endloop
  endfacet
  facet normal 0.0327092 0.999465 0
    outer loop
      vertex 0 23.5 100
      vertex 1.53697 23.4497 94
      vertex 0 23.5 94
    endloop
  endfacet
  facet normal -0.683578 0.729878 0
    outer loop
      vertex -15.4946 17.6682 94
      vertex -16.617 16.617 100
      vertex -15.4946 17.6682 100
    endloop
  endfacet
  facet normal -0.683578 0.729878 0
    outer loop
      vertex -16.617 16.617 100
      vertex -15.4946 17.6682 94
      vertex -16.617 16.617 94
    endloop
  endfacet
  facet normal -0.995187 0.0979977 0
    outer loop
      vertex -23.4497 1.53697 94
      vertex -23.299 3.06736 100
      vertex -23.299 3.06736 94
    endloop
  endfacet
  facet normal -0.995187 0.0979977 0
    outer loop
      vertex -23.299 3.06736 100
      vertex -23.4497 1.53697 94
      vertex -23.4497 1.53697 100
    endloop
  endfacet
  facet normal 0.812858 -0.582462 0
    outer loop
      vertex 18.6438 -14.3059 100
      vertex 19.5395 -13.0559 94
      vertex 19.5395 -13.0559 100
    endloop
  endfacet
  facet normal 0.812858 -0.582462 0
    outer loop
      vertex 19.5395 -13.0559 94
      vertex 18.6438 -14.3059 100
      vertex 18.6438 -14.3059 94
    endloop
  endfacet
  facet normal 0.634416 0.772992 -0
    outer loop
      vertex 15.4946 17.6682 94
      vertex 14.3059 18.6438 100
      vertex 15.4946 17.6682 100
    endloop
  endfacet
  facet normal 0.634416 0.772992 0
    outer loop
      vertex 14.3059 18.6438 100
      vertex 15.4946 17.6682 94
      vertex 14.3059 18.6438 94
    endloop
  endfacet
  facet normal 0.772992 -0.634416 0
    outer loop
      vertex 17.6682 -15.4946 100
      vertex 18.6438 -14.3059 94
      vertex 18.6438 -14.3059 100
    endloop
  endfacet
  facet normal 0.772992 -0.634416 0
    outer loop
      vertex 18.6438 -14.3059 94
      vertex 17.6682 -15.4946 100
      vertex 17.6682 -15.4946 94
    endloop
  endfacet
  facet normal -0.683578 -0.729878 0
    outer loop
      vertex -16.617 -16.617 94
      vertex -15.4946 -17.6682 100
      vertex -16.617 -16.617 100
    endloop
  endfacet
  facet normal -0.683578 -0.729878 -0
    outer loop
      vertex -15.4946 -17.6682 100
      vertex -16.617 -16.617 94
      vertex -15.4946 -17.6682 94
    endloop
  endfacet
  facet normal 0.162895 0.986643 -0
    outer loop
      vertex 4.58462 23.0485 94
      vertex 3.06736 23.299 100
      vertex 4.58462 23.0485 100
    endloop
  endfacet
  facet normal 0.162895 0.986643 0
    outer loop
      vertex 3.06736 23.299 100
      vertex 4.58462 23.0485 94
      vertex 3.06736 23.299 94
    endloop
  endfacet
  facet normal -0.352257 0.935903 0
    outer loop
      vertex -7.55383 22.2529 94
      vertex -8.99306 21.7112 100
      vertex -7.55383 22.2529 100
    endloop
  endfacet
  facet normal -0.352257 0.935903 0
    outer loop
      vertex -8.99306 21.7112 100
      vertex -7.55383 22.2529 94
      vertex -8.99306 21.7112 94
    endloop
  endfacet
  facet normal 0.812858 0.582462 0
    outer loop
      vertex 19.5395 13.0559 100
      vertex 18.6438 14.3059 94
      vertex 18.6438 14.3059 100
    endloop
  endfacet
  facet normal 0.812858 0.582462 0
    outer loop
      vertex 18.6438 14.3059 94
      vertex 19.5395 13.0559 100
      vertex 19.5395 13.0559 94
    endloop
  endfacet
  facet normal -0.986643 0.162895 0
    outer loop
      vertex -23.299 3.06736 94
      vertex -23.0485 4.58462 100
      vertex -23.0485 4.58462 94
    endloop
  endfacet
  facet normal -0.986643 0.162895 0
    outer loop
      vertex -23.0485 4.58462 100
      vertex -23.299 3.06736 94
      vertex -23.299 3.06736 100
    endloop
  endfacet
  facet normal -0.95694 -0.290285 0
    outer loop
      vertex -22.2529 -7.55383 94
      vertex -22.6993 -6.08225 100
      vertex -22.6993 -6.08225 94
    endloop
  endfacet
  facet normal -0.95694 -0.290285 0
    outer loop
      vertex -22.6993 -6.08225 100
      vertex -22.2529 -7.55383 94
      vertex -22.2529 -7.55383 100
    endloop
  endfacet
  facet normal 0.973877 0.227077 0
    outer loop
      vertex 23.0485 4.58462 100
      vertex 22.6993 6.08225 94
      vertex 22.6993 6.08225 100
    endloop
  endfacet
  facet normal 0.973877 0.227077 0
    outer loop
      vertex 22.6993 6.08225 94
      vertex 23.0485 4.58462 100
      vertex 23.0485 4.58462 94
    endloop
  endfacet
  facet normal -0.290285 0.95694 0
    outer loop
      vertex -6.08225 22.6993 94
      vertex -7.55383 22.2529 100
      vertex -6.08225 22.6993 100
    endloop
  endfacet
  facet normal -0.290285 0.95694 0
    outer loop
      vertex -7.55383 22.2529 100
      vertex -6.08225 22.6993 94
      vertex -7.55383 22.2529 94
    endloop
  endfacet
  facet normal -0.772992 0.634416 0
    outer loop
      vertex -18.6438 14.3059 94
      vertex -17.6682 15.4946 100
      vertex -17.6682 15.4946 94
    endloop
  endfacet
  facet normal -0.772992 0.634416 0
    outer loop
      vertex -17.6682 15.4946 100
      vertex -18.6438 14.3059 94
      vertex -18.6438 14.3059 100
    endloop
  endfacet
  facet normal 0.986643 0.162895 0
    outer loop
      vertex 23.299 3.06736 100
      vertex 23.0485 4.58462 94
      vertex 23.0485 4.58462 100
    endloop
  endfacet
  facet normal 0.986643 0.162895 0
    outer loop
      vertex 23.0485 4.58462 94
      vertex 23.299 3.06736 100
      vertex 23.299 3.06736 94
    endloop
  endfacet
  facet normal 0.634416 -0.772992 0
    outer loop
      vertex 14.3059 -18.6438 94
      vertex 15.4946 -17.6682 100
      vertex 14.3059 -18.6438 100
    endloop
  endfacet
  facet normal 0.634416 -0.772992 0
    outer loop
      vertex 15.4946 -17.6682 100
      vertex 14.3059 -18.6438 94
      vertex 15.4946 -17.6682 94
    endloop
  endfacet
  facet normal -0.729878 -0.683578 0
    outer loop
      vertex -16.617 -16.617 94
      vertex -17.6682 -15.4946 100
      vertex -17.6682 -15.4946 94
    endloop
  endfacet
  facet normal -0.729878 -0.683578 0
    outer loop
      vertex -17.6682 -15.4946 100
      vertex -16.617 -16.617 94
      vertex -16.617 -16.617 100
    endloop
  endfacet
  facet normal -0.849191 -0.528086 0
    outer loop
      vertex -19.5395 -13.0559 94
      vertex -20.3516 -11.75 100
      vertex -20.3516 -11.75 94
    endloop
  endfacet
  facet normal -0.849191 -0.528086 0
    outer loop
      vertex -20.3516 -11.75 100
      vertex -19.5395 -13.0559 94
      vertex -19.5395 -13.0559 100
    endloop
  endfacet
  facet normal -0.0327092 -0.999465 -3.00095e-05
    outer loop
      vertex -0.401722 -23.4868 98.2364
      vertex 0 -23.5 100
      vertex -1.53697 -23.4497 100
    endloop
  endfacet
  facet normal -0.0328408 -0.999461 -0
    outer loop
      vertex 0 -23.5 100
      vertex -0.401722 -23.4868 98.2364
      vertex 0 -23.5 98.3
    endloop
  endfacet
  facet normal -0.032573 -0.999469 5.77439e-05
    outer loop
      vertex -1.53697 -23.4497 100
      vertex -0.76412 -23.475 98.0517
      vertex -0.401722 -23.4868 98.2364
    endloop
  endfacet
  facet normal -0.0326815 -0.999466 1.46739e-05
    outer loop
      vertex -1.53697 -23.4497 100
      vertex -1.05172 -23.4656 97.7641
      vertex -0.76412 -23.475 98.0517
    endloop
  endfacet
  facet normal -0.0329373 -0.999457 -4.08975e-05
    outer loop
      vertex -1.53697 -23.4497 100
      vertex -1.23637 -23.4595 97.4017
      vertex -1.05172 -23.4656 97.7641
    endloop
  endfacet
  facet normal -0.032816 -0.999461 -2.68521e-05
    outer loop
      vertex -1.53697 -23.4497 100
      vertex -1.3 -23.4574 97
      vertex -1.23637 -23.4595 97.4017
    endloop
  endfacet
  facet normal -0.0324764 -0.999473 0
    outer loop
      vertex -1.53697 -23.4497 94
      vertex -1.3 -23.4574 97
      vertex -1.53697 -23.4497 100
    endloop
  endfacet
  facet normal -0.032816 -0.999461 2.68521e-05
    outer loop
      vertex -1.53697 -23.4497 94
      vertex -1.23637 -23.4595 96.5983
      vertex -1.3 -23.4574 97
    endloop
  endfacet
  facet normal -0.0329373 -0.999457 4.08975e-05
    outer loop
      vertex -1.53697 -23.4497 94
      vertex -1.05172 -23.4656 96.2359
      vertex -1.23637 -23.4595 96.5983
    endloop
  endfacet
  facet normal -0.0326815 -0.999466 -1.46739e-05
    outer loop
      vertex -1.53697 -23.4497 94
      vertex -0.76412 -23.475 95.9483
      vertex -1.05172 -23.4656 96.2359
    endloop
  endfacet
  facet normal -0.032573 -0.999469 -5.77439e-05
    outer loop
      vertex -1.53697 -23.4497 94
      vertex -0.401722 -23.4868 95.7636
      vertex -0.76412 -23.475 95.9483
    endloop
  endfacet
  facet normal -0.0327092 -0.999465 3.00095e-05
    outer loop
      vertex 0 -23.5 94
      vertex -0.401722 -23.4868 95.7636
      vertex -1.53697 -23.4497 94
    endloop
  endfacet
  facet normal -0.0328408 -0.999461 0
    outer loop
      vertex -0.401722 -23.4868 95.7636
      vertex 0 -23.5 94
      vertex 0 -23.5 95.7
    endloop
  endfacet
  facet normal -0.995187 -0.0979977 0
    outer loop
      vertex -23.299 -3.06736 94
      vertex -23.4497 -1.53697 100
      vertex -23.4497 -1.53697 94
    endloop
  endfacet
  facet normal -0.995187 -0.0979977 0
    outer loop
      vertex -23.4497 -1.53697 100
      vertex -23.299 -3.06736 94
      vertex -23.299 -3.06736 100
    endloop
  endfacet
  facet normal -0.227077 -0.973877 0
    outer loop
      vertex -6.08225 -22.6993 94
      vertex -4.58462 -23.0485 100
      vertex -6.08225 -22.6993 100
    endloop
  endfacet
  facet normal -0.227077 -0.973877 -0
    outer loop
      vertex -4.58462 -23.0485 100
      vertex -6.08225 -22.6993 94
      vertex -4.58462 -23.0485 94
    endloop
  endfacet
  facet normal -0.772992 -0.634416 0
    outer loop
      vertex -17.6682 -15.4946 94
      vertex -18.6438 -14.3059 100
      vertex -18.6438 -14.3059 94
    endloop
  endfacet
  facet normal -0.772992 -0.634416 0
    outer loop
      vertex -18.6438 -14.3059 100
      vertex -17.6682 -15.4946 94
      vertex -17.6682 -15.4946 100
    endloop
  endfacet
  facet normal -0.88195 0.471342 0
    outer loop
      vertex -20.3516 11.75 94
      vertex -20.5332 11.4102 95.761
      vertex -20.3516 11.75 95.7
    endloop
  endfacet
  facet normal -0.880817 0.473457 0.000524899
    outer loop
      vertex -20.3516 11.75 94
      vertex -20.5411 11.3955 95.7636
      vertex -20.5332 11.4102 95.761
    endloop
  endfacet
  facet normal -0.881922 0.471395 -8.42544e-06
    outer loop
      vertex -21.0765 10.3938 94
      vertex -20.5411 11.3955 95.7636
      vertex -20.3516 11.75 94
    endloop
  endfacet
  facet normal -0.881955 0.471334 3.57839e-05
    outer loop
      vertex -20.5411 11.3955 95.7636
      vertex -21.0765 10.3938 94
      vertex -20.712 11.0757 95.9483
    endloop
  endfacet
  facet normal -0.881924 0.471391 1.02321e-05
    outer loop
      vertex -20.712 11.0757 95.9483
      vertex -21.0765 10.3938 94
      vertex -20.8476 10.822 96.2359
    endloop
  endfacet
  facet normal -0.881977 0.471293 3.44028e-05
    outer loop
      vertex -20.8476 10.822 96.2359
      vertex -21.0765 10.3938 94
      vertex -20.931 10.6659 96.5829
    endloop
  endfacet
  facet normal -0.881841 0.471547 -3.56518e-06
    outer loop
      vertex -20.9347 10.659 96.5983
      vertex -21.0765 10.3938 94
      vertex -20.9647 10.6029 97
    endloop
  endfacet
  facet normal -0.881395 0.47238 -0.000112915
    outer loop
      vertex -20.931 10.6659 96.5829
      vertex -21.0765 10.3938 94
      vertex -20.9347 10.659 96.5983
    endloop
  endfacet
  facet normal -0.88195 0.471342 0
    outer loop
      vertex -20.5332 11.4102 98.239
      vertex -20.3516 11.75 100
      vertex -20.3516 11.75 98.3
    endloop
  endfacet
  facet normal -0.880817 0.473457 -0.000524899
    outer loop
      vertex -20.5411 11.3955 98.2364
      vertex -20.3516 11.75 100
      vertex -20.5332 11.4102 98.239
    endloop
  endfacet
  facet normal -0.881955 0.471334 -3.57839e-05
    outer loop
      vertex -21.0765 10.3938 100
      vertex -20.5411 11.3955 98.2364
      vertex -20.712 11.0757 98.0517
    endloop
  endfacet
  facet normal -0.881924 0.471391 -1.02321e-05
    outer loop
      vertex -21.0765 10.3938 100
      vertex -20.712 11.0757 98.0517
      vertex -20.8476 10.822 97.7641
    endloop
  endfacet
  facet normal -0.881977 0.471293 -3.44028e-05
    outer loop
      vertex -21.0765 10.3938 100
      vertex -20.8476 10.822 97.7641
      vertex -20.931 10.6659 97.4171
    endloop
  endfacet
  facet normal -0.881395 0.47238 0.000112915
    outer loop
      vertex -21.0765 10.3938 100
      vertex -20.931 10.6659 97.4171
      vertex -20.9347 10.659 97.4017
    endloop
  endfacet
  facet normal -0.881922 0.471395 8.42544e-06
    outer loop
      vertex -20.5411 11.3955 98.2364
      vertex -21.0765 10.3938 100
      vertex -20.3516 11.75 100
    endloop
  endfacet
  facet normal -0.881841 0.471547 3.56518e-06
    outer loop
      vertex -20.9647 10.6029 97
      vertex -21.0765 10.3938 100
      vertex -20.9347 10.659 97.4017
    endloop
  endfacet
  facet normal -0.881862 0.471507 0
    outer loop
      vertex -21.0765 10.3938 100
      vertex -20.9647 10.6029 97
      vertex -21.0765 10.3938 94
    endloop
  endfacet
  facet normal 0.849191 -0.528086 0
    outer loop
      vertex 19.5395 -13.0559 100
      vertex 20.3516 -11.75 94
      vertex 20.3516 -11.75 100
    endloop
  endfacet
  facet normal 0.849191 -0.528086 0
    outer loop
      vertex 20.3516 -11.75 94
      vertex 19.5395 -13.0559 100
      vertex 19.5395 -13.0559 94
    endloop
  endfacet
  facet normal -0.729878 0.683578 0
    outer loop
      vertex -17.6682 15.4946 94
      vertex -16.617 16.617 100
      vertex -16.617 16.617 94
    endloop
  endfacet
  facet normal -0.729878 0.683578 0
    outer loop
      vertex -16.617 16.617 100
      vertex -17.6682 15.4946 94
      vertex -17.6682 15.4946 100
    endloop
  endfacet
  facet normal -0.935903 0.352257 0
    outer loop
      vertex -22.2529 7.55383 94
      vertex -21.7112 8.99306 100
      vertex -21.7112 8.99306 94
    endloop
  endfacet
  facet normal -0.935903 0.352257 0
    outer loop
      vertex -21.7112 8.99306 100
      vertex -22.2529 7.55383 94
      vertex -22.2529 7.55383 100
    endloop
  endfacet
  facet normal 0.986643 -0.162895 0
    outer loop
      vertex 23.0485 -4.58462 100
      vertex 23.299 -3.06736 94
      vertex 23.299 -3.06736 100
    endloop
  endfacet
  facet normal 0.986643 -0.162895 0
    outer loop
      vertex 23.299 -3.06736 94
      vertex 23.0485 -4.58462 100
      vertex 23.0485 -4.58462 94
    endloop
  endfacet
  facet normal 0 0 1
    outer loop
      vertex 17 0 100
      vertex 23.5 0 100
      vertex 23.4497 1.53697 100
    endloop
  endfacet
  facet normal 0 0 1
    outer loop
      vertex 16.9636 1.11185 100
      vertex 23.4497 1.53697 100
      vertex 23.299 3.06736 100
    endloop
  endfacet
  facet normal 0 0 1
    outer loop
      vertex 23.5 0 100
      vertex 17 0 100
      vertex 23.4497 -1.53697 100
    endloop
  endfacet
  facet normal 0 0 1
    outer loop
      vertex 16.8546 2.21894 100
      vertex 23.299 3.06736 100
      vertex 23.0485 4.58462 100
    endloop
  endfacet
  facet normal -0 0 1
    outer loop
      vertex 16.9636 -1.11185 100
      vertex 23.4497 -1.53697 100
      vertex 17 0 100
    endloop
  endfacet
  facet normal 0 0 1
    outer loop
      vertex 16.6733 3.31653 100
      vertex 23.0485 4.58462 100
      vertex 22.6993 6.08225 100
    endloop
  endfacet
  facet normal 0 0 1
    outer loop
      vertex 23.4497 -1.53697 100
      vertex 16.9636 -1.11185 100
      vertex 23.299 -3.06736 100
    endloop
  endfacet
  facet normal 0 0 1
    outer loop
      vertex 16.4207 4.39992 100
      vertex 22.6993 6.08225 100
      vertex 22.2529 7.55383 100
    endloop
  endfacet
  facet normal -0 0 1
    outer loop
      vertex 16.8546 -2.21894 100
      vertex 23.299 -3.06736 100
      vertex 16.9636 -1.11185 100
    endloop
  endfacet
  facet normal 0 0 1
    outer loop
      vertex 16.0978 5.46447 100
      vertex 22.2529 7.55383 100
      vertex 21.7112 8.99306 100
    endloop
  endfacet
  facet normal 0 0 1
    outer loop
      vertex 23.299 -3.06736 100
      vertex 16.8546 -2.21894 100
      vertex 23.0485 -4.58462 100
    endloop
  endfacet
  facet normal 0 0 1
    outer loop
      vertex 15.706 6.50562 100
      vertex 21.7112 8.99306 100
      vertex 21.0765 10.3938 100
    endloop
  endfacet
  facet normal -0 0 1
    outer loop
      vertex 16.6733 -3.31653 100
      vertex 23.0485 -4.58462 100
      vertex 16.8546 -2.21894 100
    endloop
  endfacet
  facet normal 0 0 1
    outer loop
      vertex 15.2468 7.51891 100
      vertex 21.0765 10.3938 100
      vertex 20.3516 11.75 100
    endloop
  endfacet
  facet normal 0 0 1
    outer loop
      vertex 23.0485 -4.58462 100
      vertex 16.6733 -3.31653 100
      vertex 22.6993 -6.08225 100
    endloop
  endfacet
  facet normal 0 0 1
    outer loop
      vertex 14.7224 8.5 100
      vertex 20.3516 11.75 100
      vertex 19.5395 13.0559 100
    endloop
  endfacet
  facet normal -0 0 1
    outer loop
      vertex 16.4207 -4.39992 100
      vertex 22.6993 -6.08225 100
      vertex 16.6733 -3.31653 100
    endloop
  endfacet
  facet normal 0 0 1
    outer loop
      vertex 14.135 9.44469 100
      vertex 19.5395 13.0559 100
      vertex 18.6438 14.3059 100
    endloop
  endfacet
  facet normal 0 0 1
    outer loop
      vertex 22.6993 -6.08225 100
      vertex 16.4207 -4.39992 100
      vertex 22.2529 -7.55383 100
    endloop
  endfacet
  facet normal 0 0 1
    outer loop
      vertex 13.487 10.3489 100
      vertex 18.6438 14.3059 100
      vertex 17.6682 15.4946 100
    endloop
  endfacet
  facet normal -0 0 1
    outer loop
      vertex 16.0978 -5.46447 100
      vertex 22.2529 -7.55383 100
      vertex 16.4207 -4.39992 100
    endloop
  endfacet
  facet normal 0 0 1
    outer loop
      vertex 22.2529 -7.55383 100
      vertex 16.0978 -5.46447 100
      vertex 21.7112 -8.99306 100
    endloop
  endfacet
  facet normal 0 0 1
    outer loop
      vertex 23.4497 1.53697 100
      vertex 16.9636 1.11185 100
      vertex 17 0 100
    endloop
  endfacet
  facet normal 0 0 1
    outer loop
      vertex 23.299 3.06736 100
      vertex 16.8546 2.21894 100
      vertex 16.9636 1.11185 100
    endloop
  endfacet
  facet normal 0 0 1
    outer loop
      vertex 23.0485 4.58462 100
      vertex 16.6733 3.31653 100
      vertex 16.8546 2.21894 100
    endloop
  endfacet
  facet normal 0 0 1
    outer loop
      vertex 12.7813 11.2089 100
      vertex 17.6682 15.4946 100
      vertex 16.617 16.617 100
    endloop
  endfacet
  facet normal 0 0 1
    outer loop
      vertex 22.6993 6.08225 100
      vertex 16.4207 4.39992 100
      vertex 16.6733 3.31653 100
    endloop
  endfacet
  facet normal 0 0 1
    outer loop
      vertex 22.2529 7.55383 100
      vertex 16.0978 5.46447 100
      vertex 16.4207 4.39992 100
    endloop
  endfacet
  facet normal 0 0 1
    outer loop
      vertex 21.7112 8.99306 100
      vertex 15.706 6.50562 100
      vertex 16.0978 5.46447 100
    endloop
  endfacet
  facet normal 0 0 1
    outer loop
      vertex 12.0208 12.0208 100
      vertex 16.617 16.617 100
      vertex 15.4946 17.6682 100
    endloop
  endfacet
  facet normal 0 0 1
    outer loop
      vertex 21.0765 10.3938 100
      vertex 15.2468 7.51891 100
      vertex 15.706 6.50562 100
    endloop
  endfacet
  facet normal 0 0 1
    outer loop
      vertex 20.3516 11.75 100
      vertex 14.7224 8.5 100
      vertex 15.2468 7.51891 100
    endloop
  endfacet
  facet normal 0 0 1
    outer loop
      vertex 11.2089 12.7813 100
      vertex 15.4946 17.6682 100
      vertex 14.3059 18.6438 100
    endloop
  endfacet
  facet normal 0 0 1
    outer loop
      vertex 19.5395 13.0559 100
      vertex 14.135 9.44469 100
      vertex 14.7224 8.5 100
    endloop
  endfacet
  facet normal 0 0 1
    outer loop
      vertex 18.6438 14.3059 100
      vertex 13.487 10.3489 100
      vertex 14.135 9.44469 100
    endloop
  endfacet
  facet normal 0 0 1
    outer loop
      vertex 10.3489 13.487 100
      vertex 14.3059 18.6438 100
      vertex 13.0559 19.5395 100
    endloop
  endfacet
  facet normal 0 0 1
    outer loop
      vertex 17.6682 15.4946 100
      vertex 12.7813 11.2089 100
      vertex 13.487 10.3489 100
    endloop
  endfacet
  facet normal 0 0 1
    outer loop
      vertex 16.617 16.617 100
      vertex 12.0208 12.0208 100
      vertex 12.7813 11.2089 100
    endloop
  endfacet
  facet normal 0 0 1
    outer loop
      vertex 9.44469 14.135 100
      vertex 13.0559 19.5395 100
      vertex 11.75 20.3516 100
    endloop
  endfacet
  facet normal 0 0 1
    outer loop
      vertex 15.4946 17.6682 100
      vertex 11.2089 12.7813 100
      vertex 12.0208 12.0208 100
    endloop
  endfacet
  facet normal 0 0 1
    outer loop
      vertex 8.5 14.7224 100
      vertex 11.75 20.3516 100
      vertex 10.3938 21.0765 100
    endloop
  endfacet
  facet normal 0 0 1
    outer loop
      vertex 14.3059 18.6438 100
      vertex 10.3489 13.487 100
      vertex 11.2089 12.7813 100
    endloop
  endfacet
  facet normal 0 0 1
    outer loop
      vertex 13.0559 19.5395 100
      vertex 9.44469 14.135 100
      vertex 10.3489 13.487 100
    endloop
  endfacet
  facet normal 0 0 1
    outer loop
      vertex 7.51891 15.2468 100
      vertex 10.3938 21.0765 100
      vertex 8.99306 21.7112 100
    endloop
  endfacet
  facet normal 0 0 1
    outer loop
      vertex 11.75 20.3516 100
      vertex 8.5 14.7224 100
      vertex 9.44469 14.135 100
    endloop
  endfacet
  facet normal 0 0 1
    outer loop
      vertex 6.50562 15.706 100
      vertex 8.99306 21.7112 100
      vertex 7.55383 22.2529 100
    endloop
  endfacet
  facet normal 0 0 1
    outer loop
      vertex 10.3938 21.0765 100
      vertex 7.51891 15.2468 100
      vertex 8.5 14.7224 100
    endloop
  endfacet
  facet normal 0 0 1
    outer loop
      vertex 8.99306 21.7112 100
      vertex 6.50562 15.706 100
      vertex 7.51891 15.2468 100
    endloop
  endfacet
  facet normal 0 0 1
    outer loop
      vertex 5.46447 16.0978 100
      vertex 7.55383 22.2529 100
      vertex 6.08225 22.6993 100
    endloop
  endfacet
  facet normal 0 0 1
    outer loop
      vertex 7.55383 22.2529 100
      vertex 5.46447 16.0978 100
      vertex 6.50562 15.706 100
    endloop
  endfacet
  facet normal 0 0 1
    outer loop
      vertex 4.39992 16.4207 100
      vertex 6.08225 22.6993 100
      vertex 4.58462 23.0485 100
    endloop
  endfacet
  facet normal 0 0 1
    outer loop
      vertex 6.08225 22.6993 100
      vertex 4.39992 16.4207 100
      vertex 5.46447 16.0978 100
    endloop
  endfacet
  facet normal 0 0 1
    outer loop
      vertex 4.58462 23.0485 100
      vertex 3.31653 16.6733 100
      vertex 4.39992 16.4207 100
    endloop
  endfacet
  facet normal 0 0 1
    outer loop
      vertex 3.06736 23.299 100
      vertex 3.31653 16.6733 100
      vertex 4.58462 23.0485 100
    endloop
  endfacet
  facet normal 0 0 1
    outer loop
      vertex 3.06736 23.299 100
      vertex 2.21894 16.8546 100
      vertex 3.31653 16.6733 100
    endloop
  endfacet
  facet normal 0 0 1
    outer loop
      vertex 1.53697 23.4497 100
      vertex 2.21894 16.8546 100
      vertex 3.06736 23.299 100
    endloop
  endfacet
  facet normal 0 0 1
    outer loop
      vertex 1.53697 23.4497 100
      vertex 1.11185 16.9636 100
      vertex 2.21894 16.8546 100
    endloop
  endfacet
  facet normal 0 0 1
    outer loop
      vertex 0 23.5 100
      vertex 1.11185 16.9636 100
      vertex 1.53697 23.4497 100
    endloop
  endfacet
  facet normal 0 0 1
    outer loop
      vertex 0 23.5 100
      vertex 0 17 100
      vertex 1.11185 16.9636 100
    endloop
  endfacet
  facet normal 0 0 1
    outer loop
      vertex 0 23.5 100
      vertex -1.11185 16.9636 100
      vertex 0 17 100
    endloop
  endfacet
  facet normal -0 0 1
    outer loop
      vertex -1.53697 23.4497 100
      vertex -1.11185 16.9636 100
      vertex 0 23.5 100
    endloop
  endfacet
  facet normal 0 0 1
    outer loop
      vertex -1.53697 23.4497 100
      vertex -2.21894 16.8546 100
      vertex -1.11185 16.9636 100
    endloop
  endfacet
  facet normal -0 0 1
    outer loop
      vertex -3.06736 23.299 100
      vertex -2.21894 16.8546 100
      vertex -1.53697 23.4497 100
    endloop
  endfacet
  facet normal 0 0 1
    outer loop
      vertex -3.06736 23.299 100
      vertex -3.31653 16.6733 100
      vertex -2.21894 16.8546 100
    endloop
  endfacet
  facet normal -0 0 1
    outer loop
      vertex -4.58462 23.0485 100
      vertex -3.31653 16.6733 100
      vertex -3.06736 23.299 100
    endloop
  endfacet
  facet normal 0 0 1
    outer loop
      vertex -3.31653 16.6733 100
      vertex -4.58462 23.0485 100
      vertex -4.39992 16.4207 100
    endloop
  endfacet
  facet normal -0 0 1
    outer loop
      vertex -6.08225 22.6993 100
      vertex -4.39992 16.4207 100
      vertex -4.58462 23.0485 100
    endloop
  endfacet
  facet normal 0 0 1
    outer loop
      vertex -4.39992 16.4207 100
      vertex -6.08225 22.6993 100
      vertex -5.46447 16.0978 100
    endloop
  endfacet
  facet normal -0 0 1
    outer loop
      vertex -7.55383 22.2529 100
      vertex -5.46447 16.0978 100
      vertex -6.08225 22.6993 100
    endloop
  endfacet
  facet normal 0 0 1
    outer loop
      vertex -5.46447 16.0978 100
      vertex -7.55383 22.2529 100
      vertex -6.50562 15.706 100
    endloop
  endfacet
  facet normal -0 0 1
    outer loop
      vertex -8.99306 21.7112 100
      vertex -6.50562 15.706 100
      vertex -7.55383 22.2529 100
    endloop
  endfacet
  facet normal 0 0 1
    outer loop
      vertex -6.50562 15.706 100
      vertex -8.99306 21.7112 100
      vertex -7.51891 15.2468 100
    endloop
  endfacet
  facet normal -0 0 1
    outer loop
      vertex -10.3938 21.0765 100
      vertex -7.51891 15.2468 100
      vertex -8.99306 21.7112 100
    endloop
  endfacet
  facet normal 0 0 1
    outer loop
      vertex -7.51891 15.2468 100
      vertex -10.3938 21.0765 100
      vertex -8.5 14.7224 100
    endloop
  endfacet
  facet normal -0 0 1
    outer loop
      vertex -11.75 20.3516 100
      vertex -8.5 14.7224 100
      vertex -10.3938 21.0765 100
    endloop
  endfacet
  facet normal 0 0 1
    outer loop
      vertex -8.5 14.7224 100
      vertex -11.75 20.3516 100
      vertex -9.44469 14.135 100
    endloop
  endfacet
  facet normal -0 0 1
    outer loop
      vertex -13.0559 19.5395 100
      vertex -9.44469 14.135 100
      vertex -11.75 20.3516 100
    endloop
  endfacet
  facet normal 0 0 1
    outer loop
      vertex -9.44469 14.135 100
      vertex -13.0559 19.5395 100
      vertex -10.3489 13.487 100
    endloop
  endfacet
  facet normal -0 0 1
    outer loop
      vertex -14.3059 18.6438 100
      vertex -10.3489 13.487 100
      vertex -13.0559 19.5395 100
    endloop
  endfacet
  facet normal 0 0 1
    outer loop
      vertex -10.3489 13.487 100
      vertex -14.3059 18.6438 100
      vertex -11.2089 12.7813 100
    endloop
  endfacet
  facet normal -0 0 1
    outer loop
      vertex -15.4946 17.6682 100
      vertex -11.2089 12.7813 100
      vertex -14.3059 18.6438 100
    endloop
  endfacet
  facet normal 0 0 1
    outer loop
      vertex -11.2089 12.7813 100
      vertex -15.4946 17.6682 100
      vertex -12.0208 12.0208 100
    endloop
  endfacet
  facet normal -0 0 1
    outer loop
      vertex -16.617 16.617 100
      vertex -12.0208 12.0208 100
      vertex -15.4946 17.6682 100
    endloop
  endfacet
  facet normal 0 0 1
    outer loop
      vertex -12.0208 12.0208 100
      vertex -16.617 16.617 100
      vertex -12.7813 11.2089 100
    endloop
  endfacet
  facet normal -0 0 1
    outer loop
      vertex -17.6682 15.4946 100
      vertex -12.7813 11.2089 100
      vertex -16.617 16.617 100
    endloop
  endfacet
  facet normal 0 0 1
    outer loop
      vertex -12.7813 11.2089 100
      vertex -17.6682 15.4946 100
      vertex -13.487 10.3489 100
    endloop
  endfacet
  facet normal -0 0 1
    outer loop
      vertex -18.6438 14.3059 100
      vertex -13.487 10.3489 100
      vertex -17.6682 15.4946 100
    endloop
  endfacet
  facet normal 0 0 1
    outer loop
      vertex -13.487 10.3489 100
      vertex -18.6438 14.3059 100
      vertex -14.135 9.44469 100
    endloop
  endfacet
  facet normal -0 0 1
    outer loop
      vertex -19.5395 13.0559 100
      vertex -14.135 9.44469 100
      vertex -18.6438 14.3059 100
    endloop
  endfacet
  facet normal 0 0 1
    outer loop
      vertex -14.135 9.44469 100
      vertex -19.5395 13.0559 100
      vertex -14.7224 8.5 100
    endloop
  endfacet
  facet normal -0 0 1
    outer loop
      vertex -20.3516 11.75 100
      vertex -14.7224 8.5 100
      vertex -19.5395 13.0559 100
    endloop
  endfacet
  facet normal 0 0 1
    outer loop
      vertex -14.7224 8.5 100
      vertex -20.3516 11.75 100
      vertex -15.2468 7.51891 100
    endloop
  endfacet
  facet normal -0 0 1
    outer loop
      vertex -21.0765 10.3938 100
      vertex -15.2468 7.51891 100
      vertex -20.3516 11.75 100
    endloop
  endfacet
  facet normal 0 0 1
    outer loop
      vertex -15.2468 7.51891 100
      vertex -21.0765 10.3938 100
      vertex -15.706 6.50562 100
    endloop
  endfacet
  facet normal -0 0 1
    outer loop
      vertex -21.7112 8.99306 100
      vertex -15.706 6.50562 100
      vertex -21.0765 10.3938 100
    endloop
  endfacet
  facet normal 0 0 1
    outer loop
      vertex -15.706 6.50562 100
      vertex -21.7112 8.99306 100
      vertex -16.0978 5.46447 100
    endloop
  endfacet
  facet normal -0 0 1
    outer loop
      vertex 15.706 -6.50562 100
      vertex 21.7112 -8.99306 100
      vertex 16.0978 -5.46447 100
    endloop
  endfacet
  facet normal 0 0 1
    outer loop
      vertex 21.7112 -8.99306 100
      vertex 15.706 -6.50562 100
      vertex 21.0765 -10.3938 100
    endloop
  endfacet
  facet normal -0 0 1
    outer loop
      vertex 15.2468 -7.51891 100
      vertex 21.0765 -10.3938 100
      vertex 15.706 -6.50562 100
    endloop
  endfacet
  facet normal 0 0 1
    outer loop
      vertex 21.0765 -10.3938 100
      vertex 15.2468 -7.51891 100
      vertex 20.3516 -11.75 100
    endloop
  endfacet
  facet normal -0 0 1
    outer loop
      vertex 14.7224 -8.5 100
      vertex 20.3516 -11.75 100
      vertex 15.2468 -7.51891 100
    endloop
  endfacet
  facet normal 0 0 1
    outer loop
      vertex 20.3516 -11.75 100
      vertex 14.7224 -8.5 100
      vertex 19.5395 -13.0559 100
    endloop
  endfacet
  facet normal -0 0 1
    outer loop
      vertex 14.135 -9.44469 100
      vertex 19.5395 -13.0559 100
      vertex 14.7224 -8.5 100
    endloop
  endfacet
  facet normal 0 0 1
    outer loop
      vertex 19.5395 -13.0559 100
      vertex 14.135 -9.44469 100
      vertex 18.6438 -14.3059 100
    endloop
  endfacet
  facet normal -0 0 1
    outer loop
      vertex 13.487 -10.3489 100
      vertex 18.6438 -14.3059 100
      vertex 14.135 -9.44469 100
    endloop
  endfacet
  facet normal 0 0 1
    outer loop
      vertex 18.6438 -14.3059 100
      vertex 13.487 -10.3489 100
      vertex 17.6682 -15.4946 100
    endloop
  endfacet
  facet normal -0 0 1
    outer loop
      vertex 12.7813 -11.2089 100
      vertex 17.6682 -15.4946 100
      vertex 13.487 -10.3489 100
    endloop
  endfacet
  facet normal 0 0 1
    outer loop
      vertex 17.6682 -15.4946 100
      vertex 12.7813 -11.2089 100
      vertex 16.617 -16.617 100
    endloop
  endfacet
  facet normal -0 0 1
    outer loop
      vertex 12.0208 -12.0208 100
      vertex 16.617 -16.617 100
      vertex 12.7813 -11.2089 100
    endloop
  endfacet
  facet normal 0 0 1
    outer loop
      vertex 16.617 -16.617 100
      vertex 12.0208 -12.0208 100
      vertex 15.4946 -17.6682 100
    endloop
  endfacet
  facet normal -0 0 1
    outer loop
      vertex 11.2089 -12.7813 100
      vertex 15.4946 -17.6682 100
      vertex 12.0208 -12.0208 100
    endloop
  endfacet
  facet normal 0 0 1
    outer loop
      vertex 15.4946 -17.6682 100
      vertex 11.2089 -12.7813 100
      vertex 14.3059 -18.6438 100
    endloop
  endfacet
  facet normal -0 0 1
    outer loop
      vertex 10.3489 -13.487 100
      vertex 14.3059 -18.6438 100
      vertex 11.2089 -12.7813 100
    endloop
  endfacet
  facet normal 0 0 1
    outer loop
      vertex 14.3059 -18.6438 100
      vertex 10.3489 -13.487 100
      vertex 13.0559 -19.5395 100
    endloop
  endfacet
  facet normal -0 0 1
    outer loop
      vertex 9.44469 -14.135 100
      vertex 13.0559 -19.5395 100
      vertex 10.3489 -13.487 100
    endloop
  endfacet
  facet normal 0 0 1
    outer loop
      vertex 13.0559 -19.5395 100
      vertex 9.44469 -14.135 100
      vertex 11.75 -20.3516 100
    endloop
  endfacet
  facet normal -0 0 1
    outer loop
      vertex 8.5 -14.7224 100
      vertex 11.75 -20.3516 100
      vertex 9.44469 -14.135 100
    endloop
  endfacet
  facet normal 0 0 1
    outer loop
      vertex 11.75 -20.3516 100
      vertex 8.5 -14.7224 100
      vertex 10.3938 -21.0765 100
    endloop
  endfacet
  facet normal -0 0 1
    outer loop
      vertex 7.51891 -15.2468 100
      vertex 10.3938 -21.0765 100
      vertex 8.5 -14.7224 100
    endloop
  endfacet
  facet normal 0 0 1
    outer loop
      vertex 10.3938 -21.0765 100
      vertex 7.51891 -15.2468 100
      vertex 8.99306 -21.7112 100
    endloop
  endfacet
  facet normal -0 0 1
    outer loop
      vertex 6.50562 -15.706 100
      vertex 8.99306 -21.7112 100
      vertex 7.51891 -15.2468 100
    endloop
  endfacet
  facet normal 0 0 1
    outer loop
      vertex 8.99306 -21.7112 100
      vertex 6.50562 -15.706 100
      vertex 7.55383 -22.2529 100
    endloop
  endfacet
  facet normal -0 0 1
    outer loop
      vertex 5.46447 -16.0978 100
      vertex 7.55383 -22.2529 100
      vertex 6.50562 -15.706 100
    endloop
  endfacet
  facet normal 0 0 1
    outer loop
      vertex 7.55383 -22.2529 100
      vertex 5.46447 -16.0978 100
      vertex 6.08225 -22.6993 100
    endloop
  endfacet
  facet normal -0 0 1
    outer loop
      vertex 4.39992 -16.4207 100
      vertex 6.08225 -22.6993 100
      vertex 5.46447 -16.0978 100
    endloop
  endfacet
  facet normal 0 0 1
    outer loop
      vertex 6.08225 -22.6993 100
      vertex 4.39992 -16.4207 100
      vertex 4.58462 -23.0485 100
    endloop
  endfacet
  facet normal -0 0 1
    outer loop
      vertex 3.31653 -16.6733 100
      vertex 4.58462 -23.0485 100
      vertex 4.39992 -16.4207 100
    endloop
  endfacet
  facet normal 0 0 1
    outer loop
      vertex 3.31653 -16.6733 100
      vertex 3.06736 -23.299 100
      vertex 4.58462 -23.0485 100
    endloop
  endfacet
  facet normal -0 0 1
    outer loop
      vertex 2.21894 -16.8546 100
      vertex 3.06736 -23.299 100
      vertex 3.31653 -16.6733 100
    endloop
  endfacet
  facet normal 0 0 1
    outer loop
      vertex 2.21894 -16.8546 100
      vertex 1.53697 -23.4497 100
      vertex 3.06736 -23.299 100
    endloop
  endfacet
  facet normal -0 0 1
    outer loop
      vertex 1.11185 -16.9636 100
      vertex 1.53697 -23.4497 100
      vertex 2.21894 -16.8546 100
    endloop
  endfacet
  facet normal -0 0 1
    outer loop
      vertex 0 -17 100
      vertex 1.53697 -23.4497 100
      vertex 1.11185 -16.9636 100
    endloop
  endfacet
  facet normal 0 0 1
    outer loop
      vertex 0 -17 100
      vertex 0 -23.5 100
      vertex 1.53697 -23.4497 100
    endloop
  endfacet
  facet normal 0 0 1
    outer loop
      vertex -1.11185 -16.9636 100
      vertex 0 -23.5 100
      vertex 0 -17 100
    endloop
  endfacet
  facet normal 0 0 1
    outer loop
      vertex -1.11185 -16.9636 100
      vertex -1.53697 -23.4497 100
      vertex 0 -23.5 100
    endloop
  endfacet
  facet normal 0 0 1
    outer loop
      vertex -2.21894 -16.8546 100
      vertex -1.53697 -23.4497 100
      vertex -1.11185 -16.9636 100
    endloop
  endfacet
  facet normal 0 0 1
    outer loop
      vertex -2.21894 -16.8546 100
      vertex -3.06736 -23.299 100
      vertex -1.53697 -23.4497 100
    endloop
  endfacet
  facet normal 0 0 1
    outer loop
      vertex -3.31653 -16.6733 100
      vertex -3.06736 -23.299 100
      vertex -2.21894 -16.8546 100
    endloop
  endfacet
  facet normal 0 0 1
    outer loop
      vertex -4.58462 -23.0485 100
      vertex -3.31653 -16.6733 100
      vertex -4.39992 -16.4207 100
    endloop
  endfacet
  facet normal 0 0 1
    outer loop
      vertex -3.31653 -16.6733 100
      vertex -4.58462 -23.0485 100
      vertex -3.06736 -23.299 100
    endloop
  endfacet
  facet normal 0 0 1
    outer loop
      vertex -6.08225 -22.6993 100
      vertex -4.39992 -16.4207 100
      vertex -5.46447 -16.0978 100
    endloop
  endfacet
  facet normal 0 0 1
    outer loop
      vertex -4.39992 -16.4207 100
      vertex -6.08225 -22.6993 100
      vertex -4.58462 -23.0485 100
    endloop
  endfacet
  facet normal 0 0 1
    outer loop
      vertex -7.55383 -22.2529 100
      vertex -5.46447 -16.0978 100
      vertex -6.50562 -15.706 100
    endloop
  endfacet
  facet normal 0 0 1
    outer loop
      vertex -8.99306 -21.7112 100
      vertex -6.50562 -15.706 100
      vertex -7.51891 -15.2468 100
    endloop
  endfacet
  facet normal 0 0 1
    outer loop
      vertex -5.46447 -16.0978 100
      vertex -7.55383 -22.2529 100
      vertex -6.08225 -22.6993 100
    endloop
  endfacet
  facet normal 0 0 1
    outer loop
      vertex -10.3938 -21.0765 100
      vertex -7.51891 -15.2468 100
      vertex -8.5 -14.7224 100
    endloop
  endfacet
  facet normal 0 0 1
    outer loop
      vertex -6.50562 -15.706 100
      vertex -8.99306 -21.7112 100
      vertex -7.55383 -22.2529 100
    endloop
  endfacet
  facet normal 0 0 1
    outer loop
      vertex -11.75 -20.3516 100
      vertex -8.5 -14.7224 100
      vertex -9.44469 -14.135 100
    endloop
  endfacet
  facet normal 0 0 1
    outer loop
      vertex -13.0559 -19.5395 100
      vertex -9.44469 -14.135 100
      vertex -10.3489 -13.487 100
    endloop
  endfacet
  facet normal 0 0 1
    outer loop
      vertex -7.51891 -15.2468 100
      vertex -10.3938 -21.0765 100
      vertex -8.99306 -21.7112 100
    endloop
  endfacet
  facet normal 0 0 1
    outer loop
      vertex -14.3059 -18.6438 100
      vertex -10.3489 -13.487 100
      vertex -11.2089 -12.7813 100
    endloop
  endfacet
  facet normal 0 0 1
    outer loop
      vertex -8.5 -14.7224 100
      vertex -11.75 -20.3516 100
      vertex -10.3938 -21.0765 100
    endloop
  endfacet
  facet normal 0 0 1
    outer loop
      vertex -15.4946 -17.6682 100
      vertex -11.2089 -12.7813 100
      vertex -12.0208 -12.0208 100
    endloop
  endfacet
  facet normal 0 0 1
    outer loop
      vertex -16.617 -16.617 100
      vertex -12.0208 -12.0208 100
      vertex -12.7813 -11.2089 100
    endloop
  endfacet
  facet normal 0 0 1
    outer loop
      vertex -9.44469 -14.135 100
      vertex -13.0559 -19.5395 100
      vertex -11.75 -20.3516 100
    endloop
  endfacet
  facet normal 0 0 1
    outer loop
      vertex -17.6682 -15.4946 100
      vertex -12.7813 -11.2089 100
      vertex -13.487 -10.3489 100
    endloop
  endfacet
  facet normal 0 0 1
    outer loop
      vertex -18.6438 -14.3059 100
      vertex -13.487 -10.3489 100
      vertex -14.135 -9.44469 100
    endloop
  endfacet
  facet normal 0 0 1
    outer loop
      vertex -10.3489 -13.487 100
      vertex -14.3059 -18.6438 100
      vertex -13.0559 -19.5395 100
    endloop
  endfacet
  facet normal 0 0 1
    outer loop
      vertex -19.5395 -13.0559 100
      vertex -14.135 -9.44469 100
      vertex -14.7224 -8.5 100
    endloop
  endfacet
  facet normal 0 0 1
    outer loop
      vertex -20.3516 -11.75 100
      vertex -14.7224 -8.5 100
      vertex -15.2468 -7.51891 100
    endloop
  endfacet
  facet normal 0 0 1
    outer loop
      vertex -11.2089 -12.7813 100
      vertex -15.4946 -17.6682 100
      vertex -14.3059 -18.6438 100
    endloop
  endfacet
  facet normal 0 0 1
    outer loop
      vertex -21.0765 -10.3938 100
      vertex -15.2468 -7.51891 100
      vertex -15.706 -6.50562 100
    endloop
  endfacet
  facet normal 0 0 1
    outer loop
      vertex -21.7112 -8.99306 100
      vertex -15.706 -6.50562 100
      vertex -16.0978 -5.46447 100
    endloop
  endfacet
  facet normal 0 0 1
    outer loop
      vertex -22.2529 -7.55383 100
      vertex -16.0978 -5.46447 100
      vertex -16.4207 -4.39992 100
    endloop
  endfacet
  facet normal 0 0 1
    outer loop
      vertex -12.0208 -12.0208 100
      vertex -16.617 -16.617 100
      vertex -15.4946 -17.6682 100
    endloop
  endfacet
  facet normal 0 0 1
    outer loop
      vertex -22.6993 -6.08225 100
      vertex -16.4207 -4.39992 100
      vertex -16.6733 -3.31653 100
    endloop
  endfacet
  facet normal 0 0 1
    outer loop
      vertex -23.0485 -4.58462 100
      vertex -16.6733 -3.31653 100
      vertex -16.8546 -2.21894 100
    endloop
  endfacet
  facet normal 0 0 1
    outer loop
      vertex -23.299 -3.06736 100
      vertex -16.8546 -2.21894 100
      vertex -16.9636 -1.11185 100
    endloop
  endfacet
  facet normal 0 0 1
    outer loop
      vertex -23.4497 -1.53697 100
      vertex -16.9636 -1.11185 100
      vertex -17 0 100
    endloop
  endfacet
  facet normal -0 0 1
    outer loop
      vertex -22.2529 7.55383 100
      vertex -16.0978 5.46447 100
      vertex -21.7112 8.99306 100
    endloop
  endfacet
  facet normal 0 0 1
    outer loop
      vertex -12.7813 -11.2089 100
      vertex -17.6682 -15.4946 100
      vertex -16.617 -16.617 100
    endloop
  endfacet
  facet normal 0 0 1
    outer loop
      vertex -16.0978 5.46447 100
      vertex -22.2529 7.55383 100
      vertex -16.4207 4.39992 100
    endloop
  endfacet
  facet normal 0 0 1
    outer loop
      vertex -13.487 -10.3489 100
      vertex -18.6438 -14.3059 100
      vertex -17.6682 -15.4946 100
    endloop
  endfacet
  facet normal -0 0 1
    outer loop
      vertex -22.6993 6.08225 100
      vertex -16.4207 4.39992 100
      vertex -22.2529 7.55383 100
    endloop
  endfacet
  facet normal 0 0 1
    outer loop
      vertex -14.135 -9.44469 100
      vertex -19.5395 -13.0559 100
      vertex -18.6438 -14.3059 100
    endloop
  endfacet
  facet normal 0 0 1
    outer loop
      vertex -16.4207 4.39992 100
      vertex -22.6993 6.08225 100
      vertex -16.6733 3.31653 100
    endloop
  endfacet
  facet normal 0 0 1
    outer loop
      vertex -14.7224 -8.5 100
      vertex -20.3516 -11.75 100
      vertex -19.5395 -13.0559 100
    endloop
  endfacet
  facet normal -0 0 1
    outer loop
      vertex -23.0485 4.58462 100
      vertex -16.6733 3.31653 100
      vertex -22.6993 6.08225 100
    endloop
  endfacet
  facet normal 0 0 1
    outer loop
      vertex -15.2468 -7.51891 100
      vertex -21.0765 -10.3938 100
      vertex -20.3516 -11.75 100
    endloop
  endfacet
  facet normal 0 0 1
    outer loop
      vertex -16.6733 3.31653 100
      vertex -23.0485 4.58462 100
      vertex -16.8546 2.21894 100
    endloop
  endfacet
  facet normal 0 0 1
    outer loop
      vertex -15.706 -6.50562 100
      vertex -21.7112 -8.99306 100
      vertex -21.0765 -10.3938 100
    endloop
  endfacet
  facet normal -0 0 1
    outer loop
      vertex -23.299 3.06736 100
      vertex -16.8546 2.21894 100
      vertex -23.0485 4.58462 100
    endloop
  endfacet
  facet normal 0 0 1
    outer loop
      vertex -16.0978 -5.46447 100
      vertex -22.2529 -7.55383 100
      vertex -21.7112 -8.99306 100
    endloop
  endfacet
  facet normal 0 0 1
    outer loop
      vertex -16.8546 2.21894 100
      vertex -23.299 3.06736 100
      vertex -16.9636 1.11185 100
    endloop
  endfacet
  facet normal 0 0 1
    outer loop
      vertex -16.4207 -4.39992 100
      vertex -22.6993 -6.08225 100
      vertex -22.2529 -7.55383 100
    endloop
  endfacet
  facet normal -0 0 1
    outer loop
      vertex -23.4497 1.53697 100
      vertex -16.9636 1.11185 100
      vertex -23.299 3.06736 100
    endloop
  endfacet
  facet normal 0 0 1
    outer loop
      vertex -16.6733 -3.31653 100
      vertex -23.0485 -4.58462 100
      vertex -22.6993 -6.08225 100
    endloop
  endfacet
  facet normal 0 0 1
    outer loop
      vertex -16.9636 1.11185 100
      vertex -23.4497 1.53697 100
      vertex -17 0 100
    endloop
  endfacet
  facet normal 0 0 1
    outer loop
      vertex -16.8546 -2.21894 100
      vertex -23.299 -3.06736 100
      vertex -23.0485 -4.58462 100
    endloop
  endfacet
  facet normal 0 0 1
    outer loop
      vertex -23.5 0 100
      vertex -17 0 100
      vertex -23.4497 1.53697 100
    endloop
  endfacet
  facet normal 0 0 1
    outer loop
      vertex -16.9636 -1.11185 100
      vertex -23.4497 -1.53697 100
      vertex -23.299 -3.06736 100
    endloop
  endfacet
  facet normal 0 0 1
    outer loop
      vertex -17 0 100
      vertex -23.5 0 100
      vertex -23.4497 -1.53697 100
    endloop
  endfacet
  facet normal 0.290285 0.95694 -0
    outer loop
      vertex 7.55383 22.2529 94
      vertex 6.08225 22.6993 100
      vertex 7.55383 22.2529 100
    endloop
  endfacet
  facet normal 0.290285 0.95694 0
    outer loop
      vertex 6.08225 22.6993 100
      vertex 7.55383 22.2529 94
      vertex 6.08225 22.6993 94
    endloop
  endfacet
  facet normal -0.881922 -0.471395 0
    outer loop
      vertex -20.3516 -11.75 94
      vertex -21.0765 -10.3938 100
      vertex -21.0765 -10.3938 94
    endloop
  endfacet
  facet normal -0.881922 -0.471395 0
    outer loop
      vertex -21.0765 -10.3938 100
      vertex -20.3516 -11.75 94
      vertex -20.3516 -11.75 100
    endloop
  endfacet
  facet normal -0 0 -1
    outer loop
      vertex 23.5 0 94
      vertex 23.4899 -0.00373705 94
      vertex 23.49 0 94
    endloop
  endfacet
  facet normal 0 0 -1
    outer loop
      vertex 23.4497 -1.53697 94
      vertex 23.4899 -0.00373705 94
      vertex 23.5 0 94
    endloop
  endfacet
  facet normal 0 0 -1
    outer loop
      vertex 23.4497 -1.53697 94
      vertex 23.4397 -1.53632 94
      vertex 23.4899 -0.00373705 94
    endloop
  endfacet
  facet normal 0 0 -1
    outer loop
      vertex 23.2894 -3.06234 94
      vertex 23.4497 -1.53697 94
      vertex 23.299 -3.06736 94
    endloop
  endfacet
  facet normal -0 0 -1
    outer loop
      vertex 23.4497 -1.53697 94
      vertex 23.2894 -3.06234 94
      vertex 23.4397 -1.53632 94
    endloop
  endfacet
  facet normal 0 0 -1
    outer loop
      vertex 23.299 -3.06736 94
      vertex 23.289 -3.06606 94
      vertex 23.2894 -3.06234 94
    endloop
  endfacet
  facet normal -0 0 -1
    outer loop
      vertex 23.299 -3.06736 94
      vertex 23.2884 -3.06975 94
      vertex 23.289 -3.06606 94
    endloop
  endfacet
  facet normal 0 0 -1
    outer loop
      vertex 23.0485 -4.58462 94
      vertex 23.2884 -3.06975 94
      vertex 23.299 -3.06736 94
    endloop
  endfacet
  facet normal 0 0 -1
    outer loop
      vertex 23.0485 -4.58462 94
      vertex 23.0386 -4.58267 94
      vertex 23.2884 -3.06975 94
    endloop
  endfacet
  facet normal 0 0 -1
    outer loop
      vertex 22.6904 -6.07602 94
      vertex 23.0485 -4.58462 94
      vertex 22.6993 -6.08225 94
    endloop
  endfacet
  facet normal -0 0 -1
    outer loop
      vertex 23.0485 -4.58462 94
      vertex 22.6904 -6.07602 94
      vertex 23.0386 -4.58267 94
    endloop
  endfacet
  facet normal 0 0 -1
    outer loop
      vertex 22.6993 -6.08225 94
      vertex 22.6896 -6.07966 94
      vertex 22.6904 -6.07602 94
    endloop
  endfacet
  facet normal -0 0 -1
    outer loop
      vertex 22.6993 -6.08225 94
      vertex 22.6885 -6.08324 94
      vertex 22.6896 -6.07966 94
    endloop
  endfacet
  facet normal 0 0 -1
    outer loop
      vertex 22.2529 -7.55383 94
      vertex 22.6885 -6.08324 94
      vertex 22.6993 -6.08225 94
    endloop
  endfacet
  facet normal 0 0 -1
    outer loop
      vertex 22.2529 -7.55383 94
      vertex 22.2434 -7.55061 94
      vertex 22.6885 -6.08324 94
    endloop
  endfacet
  facet normal -0 0 -1
    outer loop
      vertex 22.2529 -7.55383 94
      vertex 22.2421 -7.55411 94
      vertex 22.2434 -7.55061 94
    endloop
  endfacet
  facet normal 0 0 -1
    outer loop
      vertex 21.7112 -8.99306 94
      vertex 22.2421 -7.55411 94
      vertex 22.2529 -7.55383 94
    endloop
  endfacet
  facet normal 0 0 -1
    outer loop
      vertex 21.7112 -8.99306 94
      vertex 21.7019 -8.98923 94
      vertex 22.2421 -7.55411 94
    endloop
  endfacet
  facet normal 0 0 -1
    outer loop
      vertex 21.0691 -10.386 94
      vertex 21.7112 -8.99306 94
      vertex 21.0765 -10.3938 94
    endloop
  endfacet
  facet normal -0 0 -1
    outer loop
      vertex 21.7112 -8.99306 94
      vertex 21.0691 -10.386 94
      vertex 21.7019 -8.98923 94
    endloop
  endfacet
  facet normal 0 0 -1
    outer loop
      vertex 21.0765 -10.3938 94
      vertex 21.0675 -10.3894 94
      vertex 21.0691 -10.386 94
    endloop
  endfacet
  facet normal 0 0 -1
    outer loop
      vertex 20.3447 -11.7417 94
      vertex 21.0765 -10.3938 94
      vertex 20.3516 -11.75 94
    endloop
  endfacet
  facet normal -0 0 -1
    outer loop
      vertex 21.0765 -10.3938 94
      vertex 20.3447 -11.7417 94
      vertex 21.0675 -10.3894 94
    endloop
  endfacet
  facet normal 0 0 -1
    outer loop
      vertex 20.3516 -11.75 94
      vertex 20.3429 -11.745 94
      vertex 20.3447 -11.7417 94
    endloop
  endfacet
  facet normal 0 0 -1
    outer loop
      vertex 19.5332 -13.0472 94
      vertex 20.3516 -11.75 94
      vertex 19.5395 -13.0559 94
    endloop
  endfacet
  facet normal -0 0 -1
    outer loop
      vertex 20.3516 -11.75 94
      vertex 19.5332 -13.0472 94
      vertex 20.3429 -11.745 94
    endloop
  endfacet
  facet normal 0 0 -1
    outer loop
      vertex 19.5395 -13.0559 94
      vertex 19.5312 -13.0503 94
      vertex 19.5332 -13.0472 94
    endloop
  endfacet
  facet normal 0 0 -1
    outer loop
      vertex 19.5395 -13.0559 94
      vertex 19.529 -13.0534 94
      vertex 19.5312 -13.0503 94
    endloop
  endfacet
  facet normal 0 0 -1
    outer loop
      vertex 18.6438 -14.3059 94
      vertex 19.529 -13.0534 94
      vertex 19.5395 -13.0559 94
    endloop
  endfacet
  facet normal 0 0 -1
    outer loop
      vertex 18.6438 -14.3059 94
      vertex 18.6359 -14.2998 94
      vertex 19.529 -13.0534 94
    endloop
  endfacet
  facet normal 0 0 -1
    outer loop
      vertex 17.6631 -15.4851 94
      vertex 18.6438 -14.3059 94
      vertex 17.6682 -15.4946 94
    endloop
  endfacet
  facet normal -0 0 -1
    outer loop
      vertex 18.6438 -14.3059 94
      vertex 17.6631 -15.4851 94
      vertex 18.6359 -14.2998 94
    endloop
  endfacet
  facet normal 0 0 -1
    outer loop
      vertex 17.6682 -15.4946 94
      vertex 17.6607 -15.488 94
      vertex 17.6631 -15.4851 94
    endloop
  endfacet
  facet normal 0 0 -1
    outer loop
      vertex 17.6682 -15.4946 94
      vertex 17.6582 -15.4908 94
      vertex 17.6607 -15.488 94
    endloop
  endfacet
  facet normal 0 0 -1
    outer loop
      vertex 16.617 -16.617 94
      vertex 17.6582 -15.4908 94
      vertex 17.6682 -15.4946 94
    endloop
  endfacet
  facet normal 0 0 -1
    outer loop
      vertex 16.617 -16.617 94
      vertex 16.6099 -16.6099 94
      vertex 17.6582 -15.4908 94
    endloop
  endfacet
  facet normal 0 0 -1
    outer loop
      vertex 15.4908 -17.6582 94
      vertex 16.617 -16.617 94
      vertex 15.4946 -17.6682 94
    endloop
  endfacet
  facet normal -0 0 -1
    outer loop
      vertex 16.617 -16.617 94
      vertex 15.4908 -17.6582 94
      vertex 16.6099 -16.6099 94
    endloop
  endfacet
  facet normal 0 0 -1
    outer loop
      vertex 15.4946 -17.6682 94
      vertex 15.488 -17.6607 94
      vertex 15.4908 -17.6582 94
    endloop
  endfacet
  facet normal 0 0 -1
    outer loop
      vertex 15.4946 -17.6682 94
      vertex 15.4851 -17.6631 94
      vertex 15.488 -17.6607 94
    endloop
  endfacet
  facet normal 0 0 -1
    outer loop
      vertex 14.3059 -18.6438 94
      vertex 15.4851 -17.6631 94
      vertex 15.4946 -17.6682 94
    endloop
  endfacet
  facet normal 0 0 -1
    outer loop
      vertex 14.3059 -18.6438 94
      vertex 14.2998 -18.6359 94
      vertex 15.4851 -17.6631 94
    endloop
  endfacet
  facet normal 0 0 -1
    outer loop
      vertex 13.0534 -19.529 94
      vertex 14.3059 -18.6438 94
      vertex 13.0559 -19.5395 94
    endloop
  endfacet
  facet normal -0 0 -1
    outer loop
      vertex 14.3059 -18.6438 94
      vertex 13.0534 -19.529 94
      vertex 14.2998 -18.6359 94
    endloop
  endfacet
  facet normal 0 0 -1
    outer loop
      vertex 13.0559 -19.5395 94
      vertex 13.0503 -19.5312 94
      vertex 13.0534 -19.529 94
    endloop
  endfacet
  facet normal 0 0 -1
    outer loop
      vertex 13.0559 -19.5395 94
      vertex 13.0472 -19.5332 94
      vertex 13.0503 -19.5312 94
    endloop
  endfacet
  facet normal 0 0 -1
    outer loop
      vertex 11.75 -20.3516 94
      vertex 13.0472 -19.5332 94
      vertex 13.0559 -19.5395 94
    endloop
  endfacet
  facet normal 0 0 -1
    outer loop
      vertex 11.75 -20.3516 94
      vertex 11.745 -20.3429 94
      vertex 13.0472 -19.5332 94
    endloop
  endfacet
  facet normal 0 0 -1
    outer loop
      vertex 11.75 -20.3516 94
      vertex 11.7417 -20.3447 94
      vertex 11.745 -20.3429 94
    endloop
  endfacet
  facet normal 0 0 -1
    outer loop
      vertex 10.3938 -21.0765 94
      vertex 11.7417 -20.3447 94
      vertex 11.75 -20.3516 94
    endloop
  endfacet
  facet normal 0 0 -1
    outer loop
      vertex 10.3938 -21.0765 94
      vertex 10.3894 -21.0675 94
      vertex 11.7417 -20.3447 94
    endloop
  endfacet
  facet normal 0 0 -1
    outer loop
      vertex 10.3938 -21.0765 94
      vertex 10.386 -21.0691 94
      vertex 10.3894 -21.0675 94
    endloop
  endfacet
  facet normal 0 0 -1
    outer loop
      vertex 8.99306 -21.7112 94
      vertex 10.386 -21.0691 94
      vertex 10.3938 -21.0765 94
    endloop
  endfacet
  facet normal 0 0 -1
    outer loop
      vertex 8.99306 -21.7112 94
      vertex 8.98923 -21.7019 94
      vertex 10.386 -21.0691 94
    endloop
  endfacet
  facet normal -0 0 -1
    outer loop
      vertex 8.99306 -21.7112 94
      vertex 7.55411 -22.2421 94
      vertex 8.98923 -21.7019 94
    endloop
  endfacet
  facet normal 0 0 -1
    outer loop
      vertex 7.55383 -22.2529 94
      vertex 7.55411 -22.2421 94
      vertex 8.99306 -21.7112 94
    endloop
  endfacet
  facet normal 0 0 -1
    outer loop
      vertex 7.55383 -22.2529 94
      vertex 7.55061 -22.2434 94
      vertex 7.55411 -22.2421 94
    endloop
  endfacet
  facet normal -0 0 -1
    outer loop
      vertex 7.55383 -22.2529 94
      vertex 6.08324 -22.6885 94
      vertex 7.55061 -22.2434 94
    endloop
  endfacet
  facet normal 0 0 -1
    outer loop
      vertex 6.08225 -22.6993 94
      vertex 6.08324 -22.6885 94
      vertex 7.55383 -22.2529 94
    endloop
  endfacet
  facet normal 0 0 -1
    outer loop
      vertex 6.08225 -22.6993 94
      vertex 6.07966 -22.6896 94
      vertex 6.08324 -22.6885 94
    endloop
  endfacet
  facet normal 0 0 -1
    outer loop
      vertex 6.08225 -22.6993 94
      vertex 6.07602 -22.6904 94
      vertex 6.07966 -22.6896 94
    endloop
  endfacet
  facet normal 0 0 -1
    outer loop
      vertex 4.58462 -23.0485 94
      vertex 6.07602 -22.6904 94
      vertex 6.08225 -22.6993 94
    endloop
  endfacet
  facet normal 0 0 -1
    outer loop
      vertex 4.58462 -23.0485 94
      vertex 4.58267 -23.0386 94
      vertex 6.07602 -22.6904 94
    endloop
  endfacet
  facet normal -0 0 -1
    outer loop
      vertex 4.58462 -23.0485 94
      vertex 3.06975 -23.2884 94
      vertex 4.58267 -23.0386 94
    endloop
  endfacet
  facet normal 0 0 -1
    outer loop
      vertex 3.06736 -23.299 94
      vertex 3.06975 -23.2884 94
      vertex 4.58462 -23.0485 94
    endloop
  endfacet
  facet normal 0 0 -1
    outer loop
      vertex 3.06736 -23.299 94
      vertex 3.06606 -23.289 94
      vertex 3.06975 -23.2884 94
    endloop
  endfacet
  facet normal 0 0 -1
    outer loop
      vertex 3.06736 -23.299 94
      vertex 3.06234 -23.2894 94
      vertex 3.06606 -23.289 94
    endloop
  endfacet
  facet normal 0 0 -1
    outer loop
      vertex 1.53697 -23.4497 94
      vertex 3.06234 -23.2894 94
      vertex 3.06736 -23.299 94
    endloop
  endfacet
  facet normal 0 0 -1
    outer loop
      vertex 1.53697 -23.4497 94
      vertex 1.53632 -23.4397 94
      vertex 3.06234 -23.2894 94
    endloop
  endfacet
  facet normal -0 0 -1
    outer loop
      vertex 1.53697 -23.4497 94
      vertex 0.00373705 -23.4899 94
      vertex 1.53632 -23.4397 94
    endloop
  endfacet
  facet normal 0 0 -1
    outer loop
      vertex 0 -23.5 94
      vertex 0.00373705 -23.4899 94
      vertex 1.53697 -23.4497 94
    endloop
  endfacet
  facet normal 0 0 -1
    outer loop
      vertex 0 -23.5 94
      vertex 0 -23.49 94
      vertex 0.00373705 -23.4899 94
    endloop
  endfacet
  facet normal 0 0 -1
    outer loop
      vertex 0 -23.5 94
      vertex -0.00373705 -23.4899 94
      vertex 0 -23.49 94
    endloop
  endfacet
  facet normal 0 0 -1
    outer loop
      vertex -1.53697 -23.4497 94
      vertex -0.00373705 -23.4899 94
      vertex 0 -23.5 94
    endloop
  endfacet
  facet normal 0 0 -1
    outer loop
      vertex -0.00373705 -23.4899 94
      vertex -1.53697 -23.4497 94
      vertex -1.53632 -23.4397 94
    endloop
  endfacet
  facet normal 0 0 -1
    outer loop
      vertex -1.53697 -23.4497 94
      vertex -3.06234 -23.2894 94
      vertex -1.53632 -23.4397 94
    endloop
  endfacet
  facet normal 0 0 -1
    outer loop
      vertex -3.06736 -23.299 94
      vertex -3.06234 -23.2894 94
      vertex -1.53697 -23.4497 94
    endloop
  endfacet
  facet normal -0 0 -1
    outer loop
      vertex -3.06234 -23.2894 94
      vertex -3.06736 -23.299 94
      vertex -3.06606 -23.289 94
    endloop
  endfacet
  facet normal 0 0 -1
    outer loop
      vertex -3.06736 -23.299 94
      vertex -3.06975 -23.2884 94
      vertex -3.06606 -23.289 94
    endloop
  endfacet
  facet normal 0 0 -1
    outer loop
      vertex -4.58462 -23.0485 94
      vertex -3.06975 -23.2884 94
      vertex -3.06736 -23.299 94
    endloop
  endfacet
  facet normal 0 0 -1
    outer loop
      vertex -3.06975 -23.2884 94
      vertex -4.58462 -23.0485 94
      vertex -4.58267 -23.0386 94
    endloop
  endfacet
  facet normal 0 0 -1
    outer loop
      vertex -4.58462 -23.0485 94
      vertex -6.07602 -22.6904 94
      vertex -4.58267 -23.0386 94
    endloop
  endfacet
  facet normal 0 0 -1
    outer loop
      vertex -6.08225 -22.6993 94
      vertex -6.07602 -22.6904 94
      vertex -4.58462 -23.0485 94
    endloop
  endfacet
  facet normal -0 0 -1
    outer loop
      vertex -6.07602 -22.6904 94
      vertex -6.08225 -22.6993 94
      vertex -6.07966 -22.6896 94
    endloop
  endfacet
  facet normal 0 0 -1
    outer loop
      vertex -6.08225 -22.6993 94
      vertex -6.08324 -22.6885 94
      vertex -6.07966 -22.6896 94
    endloop
  endfacet
  facet normal 0 0 -1
    outer loop
      vertex -7.55383 -22.2529 94
      vertex -6.08324 -22.6885 94
      vertex -6.08225 -22.6993 94
    endloop
  endfacet
  facet normal 0 0 -1
    outer loop
      vertex -6.08324 -22.6885 94
      vertex -7.55383 -22.2529 94
      vertex -7.55061 -22.2434 94
    endloop
  endfacet
  facet normal 0 0 -1
    outer loop
      vertex -7.55383 -22.2529 94
      vertex -7.55411 -22.2421 94
      vertex -7.55061 -22.2434 94
    endloop
  endfacet
  facet normal 0 0 -1
    outer loop
      vertex -8.99306 -21.7112 94
      vertex -7.55411 -22.2421 94
      vertex -7.55383 -22.2529 94
    endloop
  endfacet
  facet normal 0 0 -1
    outer loop
      vertex -7.55411 -22.2421 94
      vertex -8.99306 -21.7112 94
      vertex -8.98923 -21.7019 94
    endloop
  endfacet
  facet normal 0 0 -1
    outer loop
      vertex -8.99306 -21.7112 94
      vertex -10.386 -21.0691 94
      vertex -8.98923 -21.7019 94
    endloop
  endfacet
  facet normal 0 0 -1
    outer loop
      vertex -10.3938 -21.0765 94
      vertex -10.386 -21.0691 94
      vertex -8.99306 -21.7112 94
    endloop
  endfacet
  facet normal -0 0 -1
    outer loop
      vertex -10.386 -21.0691 94
      vertex -10.3938 -21.0765 94
      vertex -10.3894 -21.0675 94
    endloop
  endfacet
  facet normal 0 0 -1
    outer loop
      vertex -10.3938 -21.0765 94
      vertex -11.7417 -20.3447 94
      vertex -10.3894 -21.0675 94
    endloop
  endfacet
  facet normal 0 0 -1
    outer loop
      vertex -11.75 -20.3516 94
      vertex -11.7417 -20.3447 94
      vertex -10.3938 -21.0765 94
    endloop
  endfacet
  facet normal -0 0 -1
    outer loop
      vertex -11.7417 -20.3447 94
      vertex -11.75 -20.3516 94
      vertex -11.745 -20.3429 94
    endloop
  endfacet
  facet normal 0 0 -1
    outer loop
      vertex -11.75 -20.3516 94
      vertex -13.0472 -19.5332 94
      vertex -11.745 -20.3429 94
    endloop
  endfacet
  facet normal 0 0 -1
    outer loop
      vertex -13.0559 -19.5395 94
      vertex -13.0472 -19.5332 94
      vertex -11.75 -20.3516 94
    endloop
  endfacet
  facet normal -0 0 -1
    outer loop
      vertex -13.0472 -19.5332 94
      vertex -13.0559 -19.5395 94
      vertex -13.0503 -19.5312 94
    endloop
  endfacet
  facet normal 0 0 -1
    outer loop
      vertex -13.0559 -19.5395 94
      vertex -13.0534 -19.529 94
      vertex -13.0503 -19.5312 94
    endloop
  endfacet
  facet normal 0 0 -1
    outer loop
      vertex -14.3059 -18.6438 94
      vertex -13.0534 -19.529 94
      vertex -13.0559 -19.5395 94
    endloop
  endfacet
  facet normal 0 0 -1
    outer loop
      vertex -13.0534 -19.529 94
      vertex -14.3059 -18.6438 94
      vertex -14.2998 -18.6359 94
    endloop
  endfacet
  facet normal 0 0 -1
    outer loop
      vertex -14.3059 -18.6438 94
      vertex -15.4851 -17.6631 94
      vertex -14.2998 -18.6359 94
    endloop
  endfacet
  facet normal 0 0 -1
    outer loop
      vertex -15.4946 -17.6682 94
      vertex -15.4851 -17.6631 94
      vertex -14.3059 -18.6438 94
    endloop
  endfacet
  facet normal -0 0 -1
    outer loop
      vertex -15.4851 -17.6631 94
      vertex -15.4946 -17.6682 94
      vertex -15.488 -17.6607 94
    endloop
  endfacet
  facet normal 0 0 -1
    outer loop
      vertex -15.4946 -17.6682 94
      vertex -15.4908 -17.6582 94
      vertex -15.488 -17.6607 94
    endloop
  endfacet
  facet normal 0 0 -1
    outer loop
      vertex -16.617 -16.617 94
      vertex -15.4908 -17.6582 94
      vertex -15.4946 -17.6682 94
    endloop
  endfacet
  facet normal 0 0 -1
    outer loop
      vertex -15.4908 -17.6582 94
      vertex -16.617 -16.617 94
      vertex -16.6099 -16.6099 94
    endloop
  endfacet
  facet normal 0 0 -1
    outer loop
      vertex -16.617 -16.617 94
      vertex -17.6582 -15.4908 94
      vertex -16.6099 -16.6099 94
    endloop
  endfacet
  facet normal 0 0 -1
    outer loop
      vertex -17.6682 -15.4946 94
      vertex -17.6582 -15.4908 94
      vertex -16.617 -16.617 94
    endloop
  endfacet
  facet normal -0 0 -1
    outer loop
      vertex -17.6582 -15.4908 94
      vertex -17.6682 -15.4946 94
      vertex -17.6607 -15.488 94
    endloop
  endfacet
  facet normal 0 0 -1
    outer loop
      vertex -17.6682 -15.4946 94
      vertex -17.6631 -15.4851 94
      vertex -17.6607 -15.488 94
    endloop
  endfacet
  facet normal 0 0 -1
    outer loop
      vertex -18.6438 -14.3059 94
      vertex -17.6631 -15.4851 94
      vertex -17.6682 -15.4946 94
    endloop
  endfacet
  facet normal 0 0 -1
    outer loop
      vertex -17.6631 -15.4851 94
      vertex -18.6438 -14.3059 94
      vertex -18.6359 -14.2998 94
    endloop
  endfacet
  facet normal 0 0 -1
    outer loop
      vertex -18.6438 -14.3059 94
      vertex -19.529 -13.0534 94
      vertex -18.6359 -14.2998 94
    endloop
  endfacet
  facet normal 0 0 -1
    outer loop
      vertex -19.5395 -13.0559 94
      vertex -19.529 -13.0534 94
      vertex -18.6438 -14.3059 94
    endloop
  endfacet
  facet normal -0 0 -1
    outer loop
      vertex -19.529 -13.0534 94
      vertex -19.5395 -13.0559 94
      vertex -19.5312 -13.0503 94
    endloop
  endfacet
  facet normal 0 0 -1
    outer loop
      vertex -19.5395 -13.0559 94
      vertex -19.5332 -13.0472 94
      vertex -19.5312 -13.0503 94
    endloop
  endfacet
  facet normal 0 0 -1
    outer loop
      vertex -20.3516 -11.75 94
      vertex -19.5332 -13.0472 94
      vertex -19.5395 -13.0559 94
    endloop
  endfacet
  facet normal 0 0 -1
    outer loop
      vertex -19.5332 -13.0472 94
      vertex -20.3516 -11.75 94
      vertex -20.3429 -11.745 94
    endloop
  endfacet
  facet normal 0 0 -1
    outer loop
      vertex -20.3516 -11.75 94
      vertex -20.3447 -11.7417 94
      vertex -20.3429 -11.745 94
    endloop
  endfacet
  facet normal 0 0 -1
    outer loop
      vertex -21.0765 -10.3938 94
      vertex -20.3447 -11.7417 94
      vertex -20.3516 -11.75 94
    endloop
  endfacet
  facet normal 0 0 -1
    outer loop
      vertex -20.3447 -11.7417 94
      vertex -21.0765 -10.3938 94
      vertex -21.0675 -10.3894 94
    endloop
  endfacet
  facet normal 0 0 -1
    outer loop
      vertex -21.0765 -10.3938 94
      vertex -21.0691 -10.386 94
      vertex -21.0675 -10.3894 94
    endloop
  endfacet
  facet normal 0 0 -1
    outer loop
      vertex -21.7112 -8.99306 94
      vertex -21.0691 -10.386 94
      vertex -21.0765 -10.3938 94
    endloop
  endfacet
  facet normal 0 0 -1
    outer loop
      vertex -21.0691 -10.386 94
      vertex -21.7112 -8.99306 94
      vertex -21.7019 -8.98923 94
    endloop
  endfacet
  facet normal 0 0 -1
    outer loop
      vertex -21.7112 -8.99306 94
      vertex -22.2421 -7.55411 94
      vertex -21.7019 -8.98923 94
    endloop
  endfacet
  facet normal 0 0 -1
    outer loop
      vertex -22.2529 -7.55383 94
      vertex -22.2421 -7.55411 94
      vertex -21.7112 -8.99306 94
    endloop
  endfacet
  facet normal 0 0 -1
    outer loop
      vertex -22.2421 -7.55411 94
      vertex -22.2529 -7.55383 94
      vertex -22.2434 -7.55061 94
    endloop
  endfacet
  facet normal 0 0 -1
    outer loop
      vertex -22.2529 -7.55383 94
      vertex -22.6885 -6.08324 94
      vertex -22.2434 -7.55061 94
    endloop
  endfacet
  facet normal 0 0 -1
    outer loop
      vertex -22.6993 -6.08225 94
      vertex -22.6885 -6.08324 94
      vertex -22.2529 -7.55383 94
    endloop
  endfacet
  facet normal 0 0 -1
    outer loop
      vertex -22.6885 -6.08324 94
      vertex -22.6993 -6.08225 94
      vertex -22.6896 -6.07966 94
    endloop
  endfacet
  facet normal 0 0 -1
    outer loop
      vertex -22.6993 -6.08225 94
      vertex -22.6904 -6.07602 94
      vertex -22.6896 -6.07966 94
    endloop
  endfacet
  facet normal 0 0 -1
    outer loop
      vertex -23.0485 -4.58462 94
      vertex -22.6904 -6.07602 94
      vertex -22.6993 -6.08225 94
    endloop
  endfacet
  facet normal 0 0 -1
    outer loop
      vertex -22.6904 -6.07602 94
      vertex -23.0485 -4.58462 94
      vertex -23.0386 -4.58267 94
    endloop
  endfacet
  facet normal 0 0 -1
    outer loop
      vertex -23.0485 -4.58462 94
      vertex -23.2884 -3.06975 94
      vertex -23.0386 -4.58267 94
    endloop
  endfacet
  facet normal 0 0 -1
    outer loop
      vertex -23.299 -3.06736 94
      vertex -23.2884 -3.06975 94
      vertex -23.0485 -4.58462 94
    endloop
  endfacet
  facet normal 0 0 -1
    outer loop
      vertex -23.2884 -3.06975 94
      vertex -23.299 -3.06736 94
      vertex -23.289 -3.06606 94
    endloop
  endfacet
  facet normal 0 0 -1
    outer loop
      vertex -23.299 -3.06736 94
      vertex -23.2894 -3.06234 94
      vertex -23.289 -3.06606 94
    endloop
  endfacet
  facet normal 0 0 -1
    outer loop
      vertex -23.4497 -1.53697 94
      vertex -23.2894 -3.06234 94
      vertex -23.299 -3.06736 94
    endloop
  endfacet
  facet normal 0 0 -1
    outer loop
      vertex -23.2894 -3.06234 94
      vertex -23.4497 -1.53697 94
      vertex -23.4397 -1.53632 94
    endloop
  endfacet
  facet normal 0 0 -1
    outer loop
      vertex -23.4497 -1.53697 94
      vertex -23.4899 -0.00373705 94
      vertex -23.4397 -1.53632 94
    endloop
  endfacet
  facet normal 0 0 -1
    outer loop
      vertex -23.5 0 94
      vertex -23.4899 -0.00373705 94
      vertex -23.4497 -1.53697 94
    endloop
  endfacet
  facet normal 0 0 -1
    outer loop
      vertex -23.4899 -0.00373705 94
      vertex -23.5 0 94
      vertex -23.49 0 94
    endloop
  endfacet
  facet normal 0 0 -1
    outer loop
      vertex 23.4899 0.00373705 94
      vertex 23.5 0 94
      vertex 23.49 0 94
    endloop
  endfacet
  facet normal 0 0 -1
    outer loop
      vertex 23.4899 0.00373705 94
      vertex 23.4497 1.53697 94
      vertex 23.5 0 94
    endloop
  endfacet
  facet normal 0 0 -1
    outer loop
      vertex 23.4397 1.53632 94
      vertex 23.4497 1.53697 94
      vertex 23.4899 0.00373705 94
    endloop
  endfacet
  facet normal 0 0 -1
    outer loop
      vertex 23.2894 3.06234 94
      vertex 23.4497 1.53697 94
      vertex 23.4397 1.53632 94
    endloop
  endfacet
  facet normal 0 0 -1
    outer loop
      vertex 23.4497 1.53697 94
      vertex 23.2894 3.06234 94
      vertex 23.299 3.06736 94
    endloop
  endfacet
  facet normal 0 0 -1
    outer loop
      vertex 23.289 3.06606 94
      vertex 23.299 3.06736 94
      vertex 23.2894 3.06234 94
    endloop
  endfacet
  facet normal 0 0 -1
    outer loop
      vertex 23.2884 3.06975 94
      vertex 23.299 3.06736 94
      vertex 23.289 3.06606 94
    endloop
  endfacet
  facet normal 0 0 -1
    outer loop
      vertex 23.2884 3.06975 94
      vertex 23.0485 4.58462 94
      vertex 23.299 3.06736 94
    endloop
  endfacet
  facet normal 0 0 -1
    outer loop
      vertex 23.0386 4.58267 94
      vertex 23.0485 4.58462 94
      vertex 23.2884 3.06975 94
    endloop
  endfacet
  facet normal 0 0 -1
    outer loop
      vertex 22.6904 6.07602 94
      vertex 23.0485 4.58462 94
      vertex 23.0386 4.58267 94
    endloop
  endfacet
  facet normal 0 0 -1
    outer loop
      vertex 23.0485 4.58462 94
      vertex 22.6904 6.07602 94
      vertex 22.6993 6.08225 94
    endloop
  endfacet
  facet normal 0 0 -1
    outer loop
      vertex 22.6896 6.07966 94
      vertex 22.6993 6.08225 94
      vertex 22.6904 6.07602 94
    endloop
  endfacet
  facet normal 0 0 -1
    outer loop
      vertex 22.6885 6.08324 94
      vertex 22.6993 6.08225 94
      vertex 22.6896 6.07966 94
    endloop
  endfacet
  facet normal 0 0 -1
    outer loop
      vertex 22.6885 6.08324 94
      vertex 22.2529 7.55383 94
      vertex 22.6993 6.08225 94
    endloop
  endfacet
  facet normal 0 0 -1
    outer loop
      vertex 22.2434 7.55061 94
      vertex 22.2529 7.55383 94
      vertex 22.6885 6.08324 94
    endloop
  endfacet
  facet normal 0 0 -1
    outer loop
      vertex 22.2421 7.55411 94
      vertex 22.2529 7.55383 94
      vertex 22.2434 7.55061 94
    endloop
  endfacet
  facet normal 0 0 -1
    outer loop
      vertex 22.2421 7.55411 94
      vertex 21.7112 8.99306 94
      vertex 22.2529 7.55383 94
    endloop
  endfacet
  facet normal 0 0 -1
    outer loop
      vertex 21.7019 8.98923 94
      vertex 21.7112 8.99306 94
      vertex 22.2421 7.55411 94
    endloop
  endfacet
  facet normal 0 0 -1
    outer loop
      vertex 21.0691 10.386 94
      vertex 21.7112 8.99306 94
      vertex 21.7019 8.98923 94
    endloop
  endfacet
  facet normal 0 0 -1
    outer loop
      vertex 21.7112 8.99306 94
      vertex 21.0691 10.386 94
      vertex 21.0765 10.3938 94
    endloop
  endfacet
  facet normal 0 0 -1
    outer loop
      vertex 21.0675 10.3894 94
      vertex 21.0765 10.3938 94
      vertex 21.0691 10.386 94
    endloop
  endfacet
  facet normal 0 0 -1
    outer loop
      vertex 20.3447 11.7417 94
      vertex 21.0765 10.3938 94
      vertex 21.0675 10.3894 94
    endloop
  endfacet
  facet normal 0 0 -1
    outer loop
      vertex 21.0765 10.3938 94
      vertex 20.3447 11.7417 94
      vertex 20.3516 11.75 94
    endloop
  endfacet
  facet normal 0 0 -1
    outer loop
      vertex 20.3429 11.745 94
      vertex 20.3516 11.75 94
      vertex 20.3447 11.7417 94
    endloop
  endfacet
  facet normal 0 0 -1
    outer loop
      vertex 19.5332 13.0472 94
      vertex 20.3516 11.75 94
      vertex 20.3429 11.745 94
    endloop
  endfacet
  facet normal 0 0 -1
    outer loop
      vertex 20.3516 11.75 94
      vertex 19.5332 13.0472 94
      vertex 19.5395 13.0559 94
    endloop
  endfacet
  facet normal 0 0 -1
    outer loop
      vertex 19.5312 13.0503 94
      vertex 19.5395 13.0559 94
      vertex 19.5332 13.0472 94
    endloop
  endfacet
  facet normal 0 0 -1
    outer loop
      vertex 19.529 13.0534 94
      vertex 19.5395 13.0559 94
      vertex 19.5312 13.0503 94
    endloop
  endfacet
  facet normal 0 0 -1
    outer loop
      vertex 19.529 13.0534 94
      vertex 18.6438 14.3059 94
      vertex 19.5395 13.0559 94
    endloop
  endfacet
  facet normal 0 0 -1
    outer loop
      vertex 18.6359 14.2998 94
      vertex 18.6438 14.3059 94
      vertex 19.529 13.0534 94
    endloop
  endfacet
  facet normal 0 0 -1
    outer loop
      vertex 17.6631 15.4851 94
      vertex 18.6438 14.3059 94
      vertex 18.6359 14.2998 94
    endloop
  endfacet
  facet normal 0 0 -1
    outer loop
      vertex 18.6438 14.3059 94
      vertex 17.6631 15.4851 94
      vertex 17.6682 15.4946 94
    endloop
  endfacet
  facet normal 0 0 -1
    outer loop
      vertex 17.6607 15.488 94
      vertex 17.6682 15.4946 94
      vertex 17.6631 15.4851 94
    endloop
  endfacet
  facet normal 0 0 -1
    outer loop
      vertex 17.6582 15.4908 94
      vertex 17.6682 15.4946 94
      vertex 17.6607 15.488 94
    endloop
  endfacet
  facet normal 0 0 -1
    outer loop
      vertex 17.6582 15.4908 94
      vertex 16.617 16.617 94
      vertex 17.6682 15.4946 94
    endloop
  endfacet
  facet normal 0 0 -1
    outer loop
      vertex 16.6099 16.6099 94
      vertex 16.617 16.617 94
      vertex 17.6582 15.4908 94
    endloop
  endfacet
  facet normal 0 0 -1
    outer loop
      vertex 15.4908 17.6582 94
      vertex 16.617 16.617 94
      vertex 16.6099 16.6099 94
    endloop
  endfacet
  facet normal 0 0 -1
    outer loop
      vertex 16.617 16.617 94
      vertex 15.4908 17.6582 94
      vertex 15.4946 17.6682 94
    endloop
  endfacet
  facet normal 0 0 -1
    outer loop
      vertex 15.488 17.6607 94
      vertex 15.4946 17.6682 94
      vertex 15.4908 17.6582 94
    endloop
  endfacet
  facet normal 0 0 -1
    outer loop
      vertex 15.4851 17.6631 94
      vertex 15.4946 17.6682 94
      vertex 15.488 17.6607 94
    endloop
  endfacet
  facet normal 0 0 -1
    outer loop
      vertex 15.4851 17.6631 94
      vertex 14.3059 18.6438 94
      vertex 15.4946 17.6682 94
    endloop
  endfacet
  facet normal 0 0 -1
    outer loop
      vertex 14.2998 18.6359 94
      vertex 14.3059 18.6438 94
      vertex 15.4851 17.6631 94
    endloop
  endfacet
  facet normal 0 0 -1
    outer loop
      vertex 13.0534 19.529 94
      vertex 14.3059 18.6438 94
      vertex 14.2998 18.6359 94
    endloop
  endfacet
  facet normal 0 0 -1
    outer loop
      vertex 14.3059 18.6438 94
      vertex 13.0534 19.529 94
      vertex 13.0559 19.5395 94
    endloop
  endfacet
  facet normal 0 0 -1
    outer loop
      vertex 13.0503 19.5312 94
      vertex 13.0559 19.5395 94
      vertex 13.0534 19.529 94
    endloop
  endfacet
  facet normal 0 0 -1
    outer loop
      vertex 13.0472 19.5332 94
      vertex 13.0559 19.5395 94
      vertex 13.0503 19.5312 94
    endloop
  endfacet
  facet normal 0 0 -1
    outer loop
      vertex 13.0472 19.5332 94
      vertex 11.75 20.3516 94
      vertex 13.0559 19.5395 94
    endloop
  endfacet
  facet normal 0 0 -1
    outer loop
      vertex 11.745 20.3429 94
      vertex 11.75 20.3516 94
      vertex 13.0472 19.5332 94
    endloop
  endfacet
  facet normal 0 0 -1
    outer loop
      vertex 11.7417 20.3447 94
      vertex 11.75 20.3516 94
      vertex 11.745 20.3429 94
    endloop
  endfacet
  facet normal 0 0 -1
    outer loop
      vertex 11.7417 20.3447 94
      vertex 10.3938 21.0765 94
      vertex 11.75 20.3516 94
    endloop
  endfacet
  facet normal 0 0 -1
    outer loop
      vertex 10.3894 21.0675 94
      vertex 10.3938 21.0765 94
      vertex 11.7417 20.3447 94
    endloop
  endfacet
  facet normal 0 0 -1
    outer loop
      vertex 10.386 21.0691 94
      vertex 10.3938 21.0765 94
      vertex 10.3894 21.0675 94
    endloop
  endfacet
  facet normal 0 0 -1
    outer loop
      vertex 10.386 21.0691 94
      vertex 8.99306 21.7112 94
      vertex 10.3938 21.0765 94
    endloop
  endfacet
  facet normal 0 0 -1
    outer loop
      vertex 8.98923 21.7019 94
      vertex 8.99306 21.7112 94
      vertex 10.386 21.0691 94
    endloop
  endfacet
  facet normal 0 0 -1
    outer loop
      vertex 7.55411 22.2421 94
      vertex 8.99306 21.7112 94
      vertex 8.98923 21.7019 94
    endloop
  endfacet
  facet normal 0 0 -1
    outer loop
      vertex 7.55411 22.2421 94
      vertex 7.55383 22.2529 94
      vertex 8.99306 21.7112 94
    endloop
  endfacet
  facet normal 0 0 -1
    outer loop
      vertex 7.55061 22.2434 94
      vertex 7.55383 22.2529 94
      vertex 7.55411 22.2421 94
    endloop
  endfacet
  facet normal 0 0 -1
    outer loop
      vertex 6.08324 22.6885 94
      vertex 7.55383 22.2529 94
      vertex 7.55061 22.2434 94
    endloop
  endfacet
  facet normal 0 0 -1
    outer loop
      vertex 6.08324 22.6885 94
      vertex 6.08225 22.6993 94
      vertex 7.55383 22.2529 94
    endloop
  endfacet
  facet normal 0 0 -1
    outer loop
      vertex 6.07966 22.6896 94
      vertex 6.08225 22.6993 94
      vertex 6.08324 22.6885 94
    endloop
  endfacet
  facet normal 0 0 -1
    outer loop
      vertex 6.07602 22.6904 94
      vertex 6.08225 22.6993 94
      vertex 6.07966 22.6896 94
    endloop
  endfacet
  facet normal 0 0 -1
    outer loop
      vertex 6.07602 22.6904 94
      vertex 4.58462 23.0485 94
      vertex 6.08225 22.6993 94
    endloop
  endfacet
  facet normal 0 0 -1
    outer loop
      vertex 4.58267 23.0386 94
      vertex 4.58462 23.0485 94
      vertex 6.07602 22.6904 94
    endloop
  endfacet
  facet normal 0 0 -1
    outer loop
      vertex 3.06975 23.2884 94
      vertex 4.58462 23.0485 94
      vertex 4.58267 23.0386 94
    endloop
  endfacet
  facet normal 0 0 -1
    outer loop
      vertex 3.06975 23.2884 94
      vertex 3.06736 23.299 94
      vertex 4.58462 23.0485 94
    endloop
  endfacet
  facet normal 0 0 -1
    outer loop
      vertex 3.06606 23.289 94
      vertex 3.06736 23.299 94
      vertex 3.06975 23.2884 94
    endloop
  endfacet
  facet normal 0 0 -1
    outer loop
      vertex 3.06234 23.2894 94
      vertex 3.06736 23.299 94
      vertex 3.06606 23.289 94
    endloop
  endfacet
  facet normal 0 0 -1
    outer loop
      vertex 3.06234 23.2894 94
      vertex 1.53697 23.4497 94
      vertex 3.06736 23.299 94
    endloop
  endfacet
  facet normal 0 0 -1
    outer loop
      vertex 1.53632 23.4397 94
      vertex 1.53697 23.4497 94
      vertex 3.06234 23.2894 94
    endloop
  endfacet
  facet normal 0 0 -1
    outer loop
      vertex 0.00373705 23.4899 94
      vertex 1.53697 23.4497 94
      vertex 1.53632 23.4397 94
    endloop
  endfacet
  facet normal 0 0 -1
    outer loop
      vertex 0 23.5 94
      vertex 0.00373705 23.4899 94
      vertex 0 23.49 94
    endloop
  endfacet
  facet normal 0 0 -1
    outer loop
      vertex 0.00373705 23.4899 94
      vertex 0 23.5 94
      vertex 1.53697 23.4497 94
    endloop
  endfacet
  facet normal 0 0 -1
    outer loop
      vertex -0.00373705 23.4899 94
      vertex 0 23.5 94
      vertex 0 23.49 94
    endloop
  endfacet
  facet normal 0 0 -1
    outer loop
      vertex -1.53697 23.4497 94
      vertex -0.00373705 23.4899 94
      vertex -1.53632 23.4397 94
    endloop
  endfacet
  facet normal -0 0 -1
    outer loop
      vertex -0.00373705 23.4899 94
      vertex -1.53697 23.4497 94
      vertex 0 23.5 94
    endloop
  endfacet
  facet normal 0 0 -1
    outer loop
      vertex -3.06234 23.2894 94
      vertex -1.53697 23.4497 94
      vertex -1.53632 23.4397 94
    endloop
  endfacet
  facet normal 0 0 -1
    outer loop
      vertex -3.06736 23.299 94
      vertex -3.06234 23.2894 94
      vertex -3.06606 23.289 94
    endloop
  endfacet
  facet normal 0 0 -1
    outer loop
      vertex -3.06234 23.2894 94
      vertex -3.06736 23.299 94
      vertex -1.53697 23.4497 94
    endloop
  endfacet
  facet normal 0 0 -1
    outer loop
      vertex -3.06975 23.2884 94
      vertex -3.06736 23.299 94
      vertex -3.06606 23.289 94
    endloop
  endfacet
  facet normal 0 0 -1
    outer loop
      vertex -4.58462 23.0485 94
      vertex -3.06975 23.2884 94
      vertex -4.58267 23.0386 94
    endloop
  endfacet
  facet normal -0 0 -1
    outer loop
      vertex -3.06975 23.2884 94
      vertex -4.58462 23.0485 94
      vertex -3.06736 23.299 94
    endloop
  endfacet
  facet normal 0 0 -1
    outer loop
      vertex -6.07602 22.6904 94
      vertex -4.58462 23.0485 94
      vertex -4.58267 23.0386 94
    endloop
  endfacet
  facet normal 0 0 -1
    outer loop
      vertex -6.08225 22.6993 94
      vertex -6.07602 22.6904 94
      vertex -6.07966 22.6896 94
    endloop
  endfacet
  facet normal 0 0 -1
    outer loop
      vertex -6.07602 22.6904 94
      vertex -6.08225 22.6993 94
      vertex -4.58462 23.0485 94
    endloop
  endfacet
  facet normal 0 0 -1
    outer loop
      vertex -6.08324 22.6885 94
      vertex -6.08225 22.6993 94
      vertex -6.07966 22.6896 94
    endloop
  endfacet
  facet normal 0 0 -1
    outer loop
      vertex -7.55383 22.2529 94
      vertex -6.08324 22.6885 94
      vertex -7.55061 22.2434 94
    endloop
  endfacet
  facet normal -0 0 -1
    outer loop
      vertex -6.08324 22.6885 94
      vertex -7.55383 22.2529 94
      vertex -6.08225 22.6993 94
    endloop
  endfacet
  facet normal 0 0 -1
    outer loop
      vertex -7.55411 22.2421 94
      vertex -7.55383 22.2529 94
      vertex -7.55061 22.2434 94
    endloop
  endfacet
  facet normal 0 0 -1
    outer loop
      vertex -8.99306 21.7112 94
      vertex -7.55411 22.2421 94
      vertex -8.98923 21.7019 94
    endloop
  endfacet
  facet normal -0 0 -1
    outer loop
      vertex -7.55411 22.2421 94
      vertex -8.99306 21.7112 94
      vertex -7.55383 22.2529 94
    endloop
  endfacet
  facet normal 0 0 -1
    outer loop
      vertex -10.386 21.0691 94
      vertex -8.99306 21.7112 94
      vertex -8.98923 21.7019 94
    endloop
  endfacet
  facet normal 0 0 -1
    outer loop
      vertex -10.3938 21.0765 94
      vertex -10.386 21.0691 94
      vertex -10.3894 21.0675 94
    endloop
  endfacet
  facet normal 0 0 -1
    outer loop
      vertex -10.386 21.0691 94
      vertex -10.3938 21.0765 94
      vertex -8.99306 21.7112 94
    endloop
  endfacet
  facet normal 0 0 -1
    outer loop
      vertex -11.7417 20.3447 94
      vertex -10.3938 21.0765 94
      vertex -10.3894 21.0675 94
    endloop
  endfacet
  facet normal 0 0 -1
    outer loop
      vertex -11.75 20.3516 94
      vertex -11.7417 20.3447 94
      vertex -11.745 20.3429 94
    endloop
  endfacet
  facet normal 0 0 -1
    outer loop
      vertex -11.7417 20.3447 94
      vertex -11.75 20.3516 94
      vertex -10.3938 21.0765 94
    endloop
  endfacet
  facet normal 0 0 -1
    outer loop
      vertex -13.0472 19.5332 94
      vertex -11.75 20.3516 94
      vertex -11.745 20.3429 94
    endloop
  endfacet
  facet normal 0 0 -1
    outer loop
      vertex -13.0559 19.5395 94
      vertex -13.0472 19.5332 94
      vertex -13.0503 19.5312 94
    endloop
  endfacet
  facet normal 0 0 -1
    outer loop
      vertex -13.0472 19.5332 94
      vertex -13.0559 19.5395 94
      vertex -11.75 20.3516 94
    endloop
  endfacet
  facet normal 0 0 -1
    outer loop
      vertex -13.0534 19.529 94
      vertex -13.0559 19.5395 94
      vertex -13.0503 19.5312 94
    endloop
  endfacet
  facet normal 0 0 -1
    outer loop
      vertex -14.3059 18.6438 94
      vertex -13.0534 19.529 94
      vertex -14.2998 18.6359 94
    endloop
  endfacet
  facet normal -0 0 -1
    outer loop
      vertex -13.0534 19.529 94
      vertex -14.3059 18.6438 94
      vertex -13.0559 19.5395 94
    endloop
  endfacet
  facet normal 0 0 -1
    outer loop
      vertex -15.4851 17.6631 94
      vertex -14.3059 18.6438 94
      vertex -14.2998 18.6359 94
    endloop
  endfacet
  facet normal 0 0 -1
    outer loop
      vertex -15.4946 17.6682 94
      vertex -15.4851 17.6631 94
      vertex -15.488 17.6607 94
    endloop
  endfacet
  facet normal 0 0 -1
    outer loop
      vertex -15.4851 17.6631 94
      vertex -15.4946 17.6682 94
      vertex -14.3059 18.6438 94
    endloop
  endfacet
  facet normal 0 0 -1
    outer loop
      vertex -15.4908 17.6582 94
      vertex -15.4946 17.6682 94
      vertex -15.488 17.6607 94
    endloop
  endfacet
  facet normal 0 0 -1
    outer loop
      vertex -16.617 16.617 94
      vertex -15.4908 17.6582 94
      vertex -16.6099 16.6099 94
    endloop
  endfacet
  facet normal -0 0 -1
    outer loop
      vertex -15.4908 17.6582 94
      vertex -16.617 16.617 94
      vertex -15.4946 17.6682 94
    endloop
  endfacet
  facet normal 0 0 -1
    outer loop
      vertex -17.6582 15.4908 94
      vertex -16.617 16.617 94
      vertex -16.6099 16.6099 94
    endloop
  endfacet
  facet normal 0 0 -1
    outer loop
      vertex -17.6682 15.4946 94
      vertex -17.6582 15.4908 94
      vertex -17.6607 15.488 94
    endloop
  endfacet
  facet normal 0 0 -1
    outer loop
      vertex -17.6582 15.4908 94
      vertex -17.6682 15.4946 94
      vertex -16.617 16.617 94
    endloop
  endfacet
  facet normal 0 0 -1
    outer loop
      vertex -17.6631 15.4851 94
      vertex -17.6682 15.4946 94
      vertex -17.6607 15.488 94
    endloop
  endfacet
  facet normal 0 0 -1
    outer loop
      vertex -18.6438 14.3059 94
      vertex -17.6631 15.4851 94
      vertex -18.6359 14.2998 94
    endloop
  endfacet
  facet normal -0 0 -1
    outer loop
      vertex -17.6631 15.4851 94
      vertex -18.6438 14.3059 94
      vertex -17.6682 15.4946 94
    endloop
  endfacet
  facet normal 0 0 -1
    outer loop
      vertex -19.529 13.0534 94
      vertex -18.6438 14.3059 94
      vertex -18.6359 14.2998 94
    endloop
  endfacet
  facet normal 0 0 -1
    outer loop
      vertex -19.5395 13.0559 94
      vertex -19.529 13.0534 94
      vertex -19.5312 13.0503 94
    endloop
  endfacet
  facet normal 0 0 -1
    outer loop
      vertex -19.529 13.0534 94
      vertex -19.5395 13.0559 94
      vertex -18.6438 14.3059 94
    endloop
  endfacet
  facet normal 0 0 -1
    outer loop
      vertex -19.5332 13.0472 94
      vertex -19.5395 13.0559 94
      vertex -19.5312 13.0503 94
    endloop
  endfacet
  facet normal 0 0 -1
    outer loop
      vertex -20.3516 11.75 94
      vertex -19.5332 13.0472 94
      vertex -20.3429 11.745 94
    endloop
  endfacet
  facet normal -0 0 -1
    outer loop
      vertex -19.5332 13.0472 94
      vertex -20.3516 11.75 94
      vertex -19.5395 13.0559 94
    endloop
  endfacet
  facet normal 0 0 -1
    outer loop
      vertex -20.3447 11.7417 94
      vertex -20.3516 11.75 94
      vertex -20.3429 11.745 94
    endloop
  endfacet
  facet normal 0 0 -1
    outer loop
      vertex -21.0765 10.3938 94
      vertex -20.3447 11.7417 94
      vertex -21.0675 10.3894 94
    endloop
  endfacet
  facet normal -0 0 -1
    outer loop
      vertex -20.3447 11.7417 94
      vertex -21.0765 10.3938 94
      vertex -20.3516 11.75 94
    endloop
  endfacet
  facet normal 0 0 -1
    outer loop
      vertex -21.0691 10.386 94
      vertex -21.0765 10.3938 94
      vertex -21.0675 10.3894 94
    endloop
  endfacet
  facet normal 0 0 -1
    outer loop
      vertex -21.7112 8.99306 94
      vertex -21.0691 10.386 94
      vertex -21.7019 8.98923 94
    endloop
  endfacet
  facet normal -0 0 -1
    outer loop
      vertex -21.0691 10.386 94
      vertex -21.7112 8.99306 94
      vertex -21.0765 10.3938 94
    endloop
  endfacet
  facet normal 0 0 -1
    outer loop
      vertex -22.2421 7.55411 94
      vertex -21.7112 8.99306 94
      vertex -21.7019 8.98923 94
    endloop
  endfacet
  facet normal 0 0 -1
    outer loop
      vertex -22.2529 7.55383 94
      vertex -22.2421 7.55411 94
      vertex -22.2434 7.55061 94
    endloop
  endfacet
  facet normal -0 0 -1
    outer loop
      vertex -22.2421 7.55411 94
      vertex -22.2529 7.55383 94
      vertex -21.7112 8.99306 94
    endloop
  endfacet
  facet normal 0 0 -1
    outer loop
      vertex -22.6885 6.08324 94
      vertex -22.2529 7.55383 94
      vertex -22.2434 7.55061 94
    endloop
  endfacet
  facet normal 0 0 -1
    outer loop
      vertex -22.6993 6.08225 94
      vertex -22.6885 6.08324 94
      vertex -22.6896 6.07966 94
    endloop
  endfacet
  facet normal -0 0 -1
    outer loop
      vertex -22.6885 6.08324 94
      vertex -22.6993 6.08225 94
      vertex -22.2529 7.55383 94
    endloop
  endfacet
  facet normal 0 0 -1
    outer loop
      vertex -22.6904 6.07602 94
      vertex -22.6993 6.08225 94
      vertex -22.6896 6.07966 94
    endloop
  endfacet
  facet normal 0 0 -1
    outer loop
      vertex -23.0485 4.58462 94
      vertex -22.6904 6.07602 94
      vertex -23.0386 4.58267 94
    endloop
  endfacet
  facet normal -0 0 -1
    outer loop
      vertex -22.6904 6.07602 94
      vertex -23.0485 4.58462 94
      vertex -22.6993 6.08225 94
    endloop
  endfacet
  facet normal 0 0 -1
    outer loop
      vertex -23.2884 3.06975 94
      vertex -23.0485 4.58462 94
      vertex -23.0386 4.58267 94
    endloop
  endfacet
  facet normal 0 0 -1
    outer loop
      vertex -23.299 3.06736 94
      vertex -23.2884 3.06975 94
      vertex -23.289 3.06606 94
    endloop
  endfacet
  facet normal -0 0 -1
    outer loop
      vertex -23.2884 3.06975 94
      vertex -23.299 3.06736 94
      vertex -23.0485 4.58462 94
    endloop
  endfacet
  facet normal 0 0 -1
    outer loop
      vertex -23.2894 3.06234 94
      vertex -23.299 3.06736 94
      vertex -23.289 3.06606 94
    endloop
  endfacet
  facet normal 0 0 -1
    outer loop
      vertex -23.4497 1.53697 94
      vertex -23.2894 3.06234 94
      vertex -23.4397 1.53632 94
    endloop
  endfacet
  facet normal -0 0 -1
    outer loop
      vertex -23.2894 3.06234 94
      vertex -23.4497 1.53697 94
      vertex -23.299 3.06736 94
    endloop
  endfacet
  facet normal 0 0 -1
    outer loop
      vertex -23.4899 0.00373705 94
      vertex -23.4497 1.53697 94
      vertex -23.4397 1.53632 94
    endloop
  endfacet
  facet normal 0 0 -1
    outer loop
      vertex -23.5 0 94
      vertex -23.4899 0.00373705 94
      vertex -23.49 0 94
    endloop
  endfacet
  facet normal -0 0 -1
    outer loop
      vertex -23.4899 0.00373705 94
      vertex -23.5 0 94
      vertex -23.4497 1.53697 94
    endloop
  endfacet
  facet normal -0.471395 -0.881922 0
    outer loop
      vertex -11.75 -20.3516 94
      vertex -10.3938 -21.0765 100
      vertex -11.75 -20.3516 100
    endloop
  endfacet
  facet normal -0.471395 -0.881922 -0
    outer loop
      vertex -10.3938 -21.0765 100
      vertex -11.75 -20.3516 94
      vertex -10.3938 -21.0765 94
    endloop
  endfacet
  facet normal -0.849158 0.52814 0
    outer loop
      vertex -19.5395 13.0559 94
      vertex -19.6647 12.8546 97
      vertex -19.5395 13.0559 100
    endloop
  endfacet
  facet normal -0.849243 0.528003 -1.27656e-05
    outer loop
      vertex -19.5395 13.0559 94
      vertex -19.6969 12.8028 96.6153
      vertex -19.6647 12.8546 97
    endloop
  endfacet
  facet normal -0.842445 0.538781 0.00143947
    outer loop
      vertex -19.5395 13.0559 94
      vertex -19.6984 12.8005 96.5983
      vertex -19.6969 12.8028 96.6153
    endloop
  endfacet
  facet normal -0.852251 0.523132 -0.000698437
    outer loop
      vertex -19.5395 13.0559 94
      vertex -19.7025 12.7938 96.5829
      vertex -19.6984 12.8005 96.5983
    endloop
  endfacet
  facet normal -0.849199 0.528074 -4.36214e-06
    outer loop
      vertex -19.5395 13.0559 94
      vertex -19.7959 12.6436 96.2359
      vertex -19.7025 12.7938 96.5829
    endloop
  endfacet
  facet normal -0.849171 0.528118 6.94627e-06
    outer loop
      vertex -19.5395 13.0559 94
      vertex -19.9479 12.3992 95.9483
      vertex -19.7959 12.6436 96.2359
    endloop
  endfacet
  facet normal -0.849265 0.527967 -6.35676e-05
    outer loop
      vertex -19.5395 13.0559 94
      vertex -20.1393 12.0913 95.7636
      vertex -19.9479 12.3992 95.9483
    endloop
  endfacet
  facet normal -0.849191 0.528086 2.68575e-05
    outer loop
      vertex -20.3516 11.75 94
      vertex -20.1393 12.0913 95.7636
      vertex -19.5395 13.0559 94
    endloop
  endfacet
  facet normal -0.849129 0.528186 0
    outer loop
      vertex -20.1393 12.0913 95.7636
      vertex -20.3516 11.75 94
      vertex -20.3516 11.75 95.7
    endloop
  endfacet
  facet normal -0.849243 0.528003 1.27656e-05
    outer loop
      vertex -19.6969 12.8028 97.3847
      vertex -19.5395 13.0559 100
      vertex -19.6647 12.8546 97
    endloop
  endfacet
  facet normal -0.842445 0.538781 -0.00143947
    outer loop
      vertex -19.6984 12.8005 97.4017
      vertex -19.5395 13.0559 100
      vertex -19.6969 12.8028 97.3847
    endloop
  endfacet
  facet normal -0.852251 0.523132 0.000698437
    outer loop
      vertex -19.7025 12.7938 97.4171
      vertex -19.5395 13.0559 100
      vertex -19.6984 12.8005 97.4017
    endloop
  endfacet
  facet normal -0.849199 0.528074 4.36214e-06
    outer loop
      vertex -19.7959 12.6436 97.7641
      vertex -19.5395 13.0559 100
      vertex -19.7025 12.7938 97.4171
    endloop
  endfacet
  facet normal -0.849171 0.528118 -6.94627e-06
    outer loop
      vertex -19.9479 12.3992 98.0517
      vertex -19.5395 13.0559 100
      vertex -19.7959 12.6436 97.7641
    endloop
  endfacet
  facet normal -0.849265 0.527967 6.35676e-05
    outer loop
      vertex -20.1393 12.0913 98.2364
      vertex -19.5395 13.0559 100
      vertex -19.9479 12.3992 98.0517
    endloop
  endfacet
  facet normal -0.849129 0.528186 0
    outer loop
      vertex -20.3516 11.75 100
      vertex -20.1393 12.0913 98.2364
      vertex -20.3516 11.75 98.3
    endloop
  endfacet
  facet normal -0.849191 0.528086 -2.68575e-05
    outer loop
      vertex -20.1393 12.0913 98.2364
      vertex -20.3516 11.75 100
      vertex -19.5395 13.0559 100
    endloop
  endfacet
  facet normal 0.70698 0.0189181 -0.70698
    outer loop
      vertex 20 0 90.51
      vertex 23.4899 0.00373705 94
      vertex 23.49 0 94
    endloop
  endfacet
  facet normal 0.706915 0.0231304 -0.70692
    outer loop
      vertex 23.4899 0.00373705 94
      vertex 20 0 90.51
      vertex 19.9572 1.30806 90.51
    endloop
  endfacet
  facet normal 0.160611 0.688823 -0.706913
    outer loop
      vertex 6.07602 22.6904 94
      vertex 3.90181 19.6157 90.51
      vertex 4.58267 23.0386 94
    endloop
  endfacet
  facet normal -0.661957 -0.24917 -0.706914
    outer loop
      vertex -21.7019 -8.98923 94
      vertex -22.2421 -7.55411 94
      vertex -18.4776 -7.65367 90.51
    endloop
  endfacet
  facet normal 0.546735 0.448717 -0.706918
    outer loop
      vertex 18.6359 14.2998 94
      vertex 15.8671 12.1752 90.51
      vertex 17.6631 15.4851 94
    endloop
  endfacet
  facet normal 0.574935 0.411966 -0.706918
    outer loop
      vertex 19.529 13.0534 94
      vertex 15.8671 12.1752 90.51
      vertex 18.6359 14.2998 94
    endloop
  endfacet
  facet normal 0.600652 0.373481 -0.706915
    outer loop
      vertex 20.3429 11.745 94
      vertex 17.3205 10 90.51
      vertex 19.5332 13.0472 94
    endloop
  endfacet
  facet normal 0.205308 0.676842 -0.706918
    outer loop
      vertex 6.42879 18.9386 90.51
      vertex 6.08324 22.6885 94
      vertex 7.55061 22.2434 94
    endloop
  endfacet
  facet normal 0.661957 -0.24917 -0.706914
    outer loop
      vertex 21.7019 -8.98923 94
      vertex 18.4776 -7.65367 90.51
      vertex 22.2421 -7.55411 94
    endloop
  endfacet
  facet normal -0.483538 0.516196 -0.706918
    outer loop
      vertex -14.1421 14.1421 90.51
      vertex -16.6099 16.6099 94
      vertex -15.4908 17.6582 94
    endloop
  endfacet
  facet normal 0.411966 0.574935 -0.706918
    outer loop
      vertex 14.2998 18.6359 94
      vertex 12.1752 15.8671 90.51
      vertex 13.0534 19.529 94
    endloop
  endfacet
  facet normal -0.688823 0.160611 -0.706913
    outer loop
      vertex -19.6157 3.90181 90.51
      vertex -23.0386 4.58267 94
      vertex -22.6904 6.07602 94
    endloop
  endfacet
  facet normal 0.0756084 -0.703158 -0.707003
    outer loop
      vertex 3.06234 -23.2894 94
      vertex 2.61052 -19.8289 90.51
      vertex 3.06606 -23.289 94
    endloop
  endfacet
  facet normal 0.0693373 -0.70389 -0.706917
    outer loop
      vertex 2.61052 -19.8289 90.51
      vertex 3.06234 -23.2894 94
      vertex 1.30806 -19.9572 90.51
    endloop
  endfacet
  facet normal -0.160611 -0.688823 -0.706913
    outer loop
      vertex -4.58267 -23.0386 94
      vertex -6.07602 -22.6904 94
      vertex -3.90181 -19.6157 90.51
    endloop
  endfacet
  facet normal 0.688823 0.160611 -0.706913
    outer loop
      vertex 23.0386 4.58267 94
      vertex 19.6157 3.90181 90.51
      vertex 22.6904 6.07602 94
    endloop
  endfacet
  facet normal -0.661957 0.24917 -0.706914
    outer loop
      vertex -18.4776 7.65367 90.51
      vertex -22.2421 7.55411 94
      vertex -21.7019 8.98923 94
    endloop
  endfacet
  facet normal 0.0693275 -0.703893 -0.706915
    outer loop
      vertex 1.53632 -23.4397 94
      vertex 1.30806 -19.9572 90.51
      vertex 3.06234 -23.2894 94
    endloop
  endfacet
  facet normal -0.688821 0.160617 -0.706915
    outer loop
      vertex -22.6904 6.07602 94
      vertex -19.3185 5.17638 90.51
      vertex -19.6157 3.90181 90.51
    endloop
  endfacet
  facet normal -0.690979 0.151863 -0.706743
    outer loop
      vertex -19.3185 5.17638 90.51
      vertex -22.6904 6.07602 94
      vertex -22.6896 6.07966 94
    endloop
  endfacet
  facet normal -0.448711 0.546743 -0.706916
    outer loop
      vertex -13.1869 15.0368 90.51
      vertex -15.4851 17.6631 94
      vertex -12.1752 15.8671 90.51
    endloop
  endfacet
  facet normal -0.450922 0.544865 -0.706959
    outer loop
      vertex -15.4851 17.6631 94
      vertex -13.1869 15.0368 90.51
      vertex -15.488 17.6607 94
    endloop
  endfacet
  facet normal -0.70692 0.0231553 -0.706915
    outer loop
      vertex -19.9572 1.30806 90.51
      vertex -23.4899 0.00373705 94
      vertex -23.4397 1.53632 94
    endloop
  endfacet
  facet normal -0.373481 0.600652 -0.706915
    outer loop
      vertex -10 17.3205 90.51
      vertex -13.0472 19.5332 94
      vertex -11.745 20.3429 94
    endloop
  endfacet
  facet normal 0.448717 0.546735 -0.706918
    outer loop
      vertex 15.4851 17.6631 94
      vertex 12.1752 15.8671 90.51
      vertex 14.2998 18.6359 94
    endloop
  endfacet
  facet normal -0.373481 -0.600652 -0.706915
    outer loop
      vertex -11.745 -20.3429 94
      vertex -13.0472 -19.5332 94
      vertex -10 -17.3205 90.51
    endloop
  endfacet
  facet normal -0.160611 0.688823 -0.706913
    outer loop
      vertex -3.90181 19.6157 90.51
      vertex -6.07602 22.6904 94
      vertex -4.58267 23.0386 94
    endloop
  endfacet
  facet normal 0.246254 -0.662992 -0.706965
    outer loop
      vertex 6.42879 -18.9386 90.51
      vertex 7.55411 -22.2421 94
      vertex 7.55061 -22.2434 94
    endloop
  endfacet
  facet normal 0.249138 -0.661962 -0.70692
    outer loop
      vertex 7.55411 -22.2421 94
      vertex 6.42879 -18.9386 90.51
      vertex 7.65367 -18.4776 90.51
    endloop
  endfacet
  facet normal 0.52747 -0.470955 -0.70709
    outer loop
      vertex 17.6582 -15.4908 94
      vertex 15.0368 -13.1869 90.51
      vertex 17.6607 -15.488 94
    endloop
  endfacet
  facet normal 0.51621 -0.483515 -0.706923
    outer loop
      vertex 15.0368 -13.1869 90.51
      vertex 17.6582 -15.4908 94
      vertex 14.1421 -14.1421 90.51
    endloop
  endfacet
  facet normal 0.703158 -0.0756084 -0.707003
    outer loop
      vertex 19.8289 -2.61052 90.51
      vertex 23.2894 -3.06234 94
      vertex 23.289 -3.06606 94
    endloop
  endfacet
  facet normal 0.70389 -0.0693373 -0.706917
    outer loop
      vertex 23.2894 -3.06234 94
      vertex 19.8289 -2.61052 90.51
      vertex 19.9572 -1.30806 90.51
    endloop
  endfacet
  facet normal 0.688823 -0.160611 -0.706913
    outer loop
      vertex 22.6904 -6.07602 94
      vertex 19.6157 -3.90181 90.51
      vertex 23.0386 -4.58267 94
    endloop
  endfacet
  facet normal -0.697852 0.115223 -0.706913
    outer loop
      vertex -19.6157 3.90181 90.51
      vertex -23.2884 3.06975 94
      vertex -23.0386 4.58267 94
    endloop
  endfacet
  facet normal 0.70698 -0.0189181 -0.70698
    outer loop
      vertex 23.4899 -0.00373705 94
      vertex 20 0 90.51
      vertex 23.49 0 94
    endloop
  endfacet
  facet normal 0.706915 -0.0231304 -0.70692
    outer loop
      vertex 20 0 90.51
      vertex 23.4899 -0.00373705 94
      vertex 19.9572 -1.30806 90.51
    endloop
  endfacet
  facet normal -0.574928 0.411983 -0.706914
    outer loop
      vertex -16.6294 11.1114 90.51
      vertex -19.529 13.0534 94
      vertex -15.8671 12.1752 90.51
    endloop
  endfacet
  facet normal -0.576769 0.40932 -0.706962
    outer loop
      vertex -19.529 13.0534 94
      vertex -16.6294 11.1114 90.51
      vertex -19.5312 13.0503 94
    endloop
  endfacet
  facet normal 0.115223 0.697852 -0.706913
    outer loop
      vertex 3.90181 19.6157 90.51
      vertex 3.06975 23.2884 94
      vertex 4.58267 23.0386 94
    endloop
  endfacet
  facet normal -0.115223 -0.697852 -0.706913
    outer loop
      vertex -3.06975 -23.2884 94
      vertex -4.58267 -23.0386 94
      vertex -3.90181 -19.6157 90.51
    endloop
  endfacet
  facet normal -0.703158 -0.0756084 -0.707003
    outer loop
      vertex -23.2894 -3.06234 94
      vertex -19.8289 -2.61052 90.51
      vertex -23.289 -3.06606 94
    endloop
  endfacet
  facet normal -0.70389 -0.0693373 -0.706917
    outer loop
      vertex -19.8289 -2.61052 90.51
      vertex -23.2894 -3.06234 94
      vertex -19.9572 -1.30806 90.51
    endloop
  endfacet
  facet normal 0.151863 0.690979 -0.706743
    outer loop
      vertex 5.17638 19.3185 90.51
      vertex 6.07602 22.6904 94
      vertex 6.07966 22.6896 94
    endloop
  endfacet
  facet normal 0.160617 0.688821 -0.706915
    outer loop
      vertex 6.07602 22.6904 94
      vertex 5.17638 19.3185 90.51
      vertex 3.90181 19.6157 90.51
    endloop
  endfacet
  facet normal -0.516196 -0.483538 -0.706918
    outer loop
      vertex -16.6099 -16.6099 94
      vertex -17.6582 -15.4908 94
      vertex -14.1421 -14.1421 90.51
    endloop
  endfacet
  facet normal 0.662992 -0.246254 -0.706965
    outer loop
      vertex 22.2421 -7.55411 94
      vertex 18.9386 -6.42879 90.51
      vertex 22.2434 -7.55061 94
    endloop
  endfacet
  facet normal 0.661962 -0.249138 -0.70692
    outer loop
      vertex 18.9386 -6.42879 90.51
      vertex 22.2421 -7.55411 94
      vertex 18.4776 -7.65367 90.51
    endloop
  endfacet
  facet normal 0.690979 -0.151863 -0.706743
    outer loop
      vertex 19.3185 -5.17638 90.51
      vertex 22.6904 -6.07602 94
      vertex 22.6896 -6.07966 94
    endloop
  endfacet
  facet normal 0.688821 -0.160617 -0.706915
    outer loop
      vertex 22.6904 -6.07602 94
      vertex 19.3185 -5.17638 90.51
      vertex 19.6157 -3.90181 90.51
    endloop
  endfacet
  facet normal -0.24917 -0.661957 -0.706914
    outer loop
      vertex -7.55411 -22.2421 94
      vertex -8.98923 -21.7019 94
      vertex -7.65367 -18.4776 90.51
    endloop
  endfacet
  facet normal -0.697852 -0.115223 -0.706913
    outer loop
      vertex -23.0386 -4.58267 94
      vertex -23.2884 -3.06975 94
      vertex -19.6157 -3.90181 90.51
    endloop
  endfacet
  facet normal 0.600639 0.373495 -0.706919
    outer loop
      vertex 16.6294 11.1114 90.51
      vertex 19.5332 13.0472 94
      vertex 17.3205 10 90.51
    endloop
  endfacet
  facet normal 0.594222 0.383369 -0.707056
    outer loop
      vertex 19.5332 13.0472 94
      vertex 16.6294 11.1114 90.51
      vertex 19.5312 13.0503 94
    endloop
  endfacet
  facet normal 0.291881 0.644265 -0.706914
    outer loop
      vertex 10.386 21.0691 94
      vertex 7.65367 18.4776 90.51
      vertex 8.98923 21.7019 94
    endloop
  endfacet
  facet normal 0.703893 0.0693275 -0.706915
    outer loop
      vertex 23.4397 1.53632 94
      vertex 19.9572 1.30806 90.51
      vertex 23.2894 3.06234 94
    endloop
  endfacet
  facet normal 0.697852 -0.115223 -0.706913
    outer loop
      vertex 23.0386 -4.58267 94
      vertex 19.6157 -3.90181 90.51
      vertex 23.2884 -3.06975 94
    endloop
  endfacet
  facet normal 0.67614 -0.207753 -0.706876
    outer loop
      vertex 22.6885 -6.08324 94
      vertex 19.3185 -5.17638 90.51
      vertex 22.6896 -6.07966 94
    endloop
  endfacet
  facet normal 0.676842 -0.20531 -0.706918
    outer loop
      vertex 19.3185 -5.17638 90.51
      vertex 22.6885 -6.08324 94
      vertex 18.9386 -6.42879 90.51
    endloop
  endfacet
  facet normal -0.706915 0.0231304 -0.70692
    outer loop
      vertex -20 0 90.51
      vertex -23.4899 0.00373705 94
      vertex -19.9572 1.30806 90.51
    endloop
  endfacet
  facet normal -0.70698 0.0189181 -0.70698
    outer loop
      vertex -23.4899 0.00373705 94
      vertex -20 0 90.51
      vertex -23.49 0 94
    endloop
  endfacet
  facet normal -0.0693275 -0.703893 -0.706915
    outer loop
      vertex -1.53632 -23.4397 94
      vertex -3.06234 -23.2894 94
      vertex -1.30806 -19.9572 90.51
    endloop
  endfacet
  facet normal 0.644265 -0.291881 -0.706914
    outer loop
      vertex 21.0691 -10.386 94
      vertex 18.4776 -7.65367 90.51
      vertex 21.7019 -8.98923 94
    endloop
  endfacet
  facet normal -0.51621 -0.483515 -0.706923
    outer loop
      vertex -17.6582 -15.4908 94
      vertex -15.0368 -13.1869 90.51
      vertex -14.1421 -14.1421 90.51
    endloop
  endfacet
  facet normal -0.52747 -0.470955 -0.70709
    outer loop
      vertex -15.0368 -13.1869 90.51
      vertex -17.6582 -15.4908 94
      vertex -17.6607 -15.488 94
    endloop
  endfacet
  facet normal 0.644258 0.291891 -0.706916
    outer loop
      vertex 17.9375 8.84577 90.51
      vertex 21.0691 10.386 94
      vertex 18.4776 7.65367 90.51
    endloop
  endfacet
  facet normal 0.639863 0.301112 -0.707041
    outer loop
      vertex 21.0691 10.386 94
      vertex 17.9375 8.84577 90.51
      vertex 21.0675 10.3894 94
    endloop
  endfacet
  facet normal 0.207753 -0.67614 -0.706876
    outer loop
      vertex 5.17638 -19.3185 90.51
      vertex 6.08324 -22.6885 94
      vertex 6.07966 -22.6896 94
    endloop
  endfacet
  facet normal 0.20531 -0.676842 -0.706918
    outer loop
      vertex 6.08324 -22.6885 94
      vertex 5.17638 -19.3185 90.51
      vertex 6.42879 -18.9386 90.51
    endloop
  endfacet
  facet normal -0.676842 0.20531 -0.706918
    outer loop
      vertex -19.3185 5.17638 90.51
      vertex -22.6885 6.08324 94
      vertex -18.9386 6.42879 90.51
    endloop
  endfacet
  facet normal -0.67614 0.207753 -0.706876
    outer loop
      vertex -22.6885 6.08324 94
      vertex -19.3185 5.17638 90.51
      vertex -22.6896 6.07966 94
    endloop
  endfacet
  facet normal 0.639863 -0.301112 -0.707041
    outer loop
      vertex 17.9375 -8.84577 90.51
      vertex 21.0691 -10.386 94
      vertex 21.0675 -10.3894 94
    endloop
  endfacet
  facet normal 0.644258 -0.291891 -0.706916
    outer loop
      vertex 21.0691 -10.386 94
      vertex 17.9375 -8.84577 90.51
      vertex 18.4776 -7.65367 90.51
    endloop
  endfacet
  facet normal 0.516196 0.483538 -0.706918
    outer loop
      vertex 17.6582 15.4908 94
      vertex 14.1421 14.1421 90.51
      vertex 16.6099 16.6099 94
    endloop
  endfacet
  facet normal 0.661957 0.24917 -0.706914
    outer loop
      vertex 22.2421 7.55411 94
      vertex 18.4776 7.65367 90.51
      vertex 21.7019 8.98923 94
    endloop
  endfacet
  facet normal 0.483538 -0.516196 -0.706918
    outer loop
      vertex 15.4908 -17.6582 94
      vertex 14.1421 -14.1421 90.51
      vertex 16.6099 -16.6099 94
    endloop
  endfacet
  facet normal -0.644265 0.291881 -0.706914
    outer loop
      vertex -18.4776 7.65367 90.51
      vertex -21.7019 8.98923 94
      vertex -21.0691 10.386 94
    endloop
  endfacet
  facet normal -0.697852 0.11522 -0.706914
    outer loop
      vertex -19.8289 2.61052 90.51
      vertex -23.2884 3.06975 94
      vertex -19.6157 3.90181 90.51
    endloop
  endfacet
  facet normal -0.698105 0.113513 -0.70694
    outer loop
      vertex -23.2884 3.06975 94
      vertex -19.8289 2.61052 90.51
      vertex -23.289 3.06606 94
    endloop
  endfacet
  facet normal 0.620859 -0.338651 -0.707
    outer loop
      vertex 17.3205 -10 90.51
      vertex 20.3447 -11.7417 94
      vertex 20.3429 -11.745 94
    endloop
  endfacet
  facet normal 0.623767 -0.333438 -0.706918
    outer loop
      vertex 20.3447 -11.7417 94
      vertex 17.3205 -10 90.51
      vertex 17.9375 -8.84577 90.51
    endloop
  endfacet
  facet normal -0.411966 -0.574935 -0.706918
    outer loop
      vertex -13.0534 -19.529 94
      vertex -14.2998 -18.6359 94
      vertex -12.1752 -15.8671 90.51
    endloop
  endfacet
  facet normal -0.516196 0.483538 -0.706918
    outer loop
      vertex -14.1421 14.1421 90.51
      vertex -17.6582 15.4908 94
      vertex -16.6099 16.6099 94
    endloop
  endfacet
  facet normal 0.703893 -0.0693275 -0.706915
    outer loop
      vertex 23.2894 -3.06234 94
      vertex 19.9572 -1.30806 90.51
      vertex 23.4397 -1.53632 94
    endloop
  endfacet
  facet normal 0.373481 0.600652 -0.706915
    outer loop
      vertex 13.0472 19.5332 94
      vertex 10 17.3205 90.51
      vertex 11.745 20.3429 94
    endloop
  endfacet
  facet normal -0.205308 0.676842 -0.706918
    outer loop
      vertex -6.42879 18.9386 90.51
      vertex -7.55061 22.2434 94
      vertex -6.08324 22.6885 94
    endloop
  endfacet
  facet normal -0.411966 0.574935 -0.706918
    outer loop
      vertex -12.1752 15.8671 90.51
      vertex -14.2998 18.6359 94
      vertex -13.0534 19.529 94
    endloop
  endfacet
  facet normal 0.24917 0.661957 -0.706914
    outer loop
      vertex 7.65367 18.4776 90.51
      vertex 7.55411 22.2421 94
      vertex 8.98923 21.7019 94
    endloop
  endfacet
  facet normal -0.24917 0.661957 -0.706914
    outer loop
      vertex -7.65367 18.4776 90.51
      vertex -8.98923 21.7019 94
      vertex -7.55411 22.2421 94
    endloop
  endfacet
  facet normal 0.301112 0.639863 -0.707041
    outer loop
      vertex 8.84577 17.9375 90.51
      vertex 10.386 21.0691 94
      vertex 10.3894 21.0675 94
    endloop
  endfacet
  facet normal 0.291891 0.644258 -0.706916
    outer loop
      vertex 10.386 21.0691 94
      vertex 8.84577 17.9375 90.51
      vertex 7.65367 18.4776 90.51
    endloop
  endfacet
  facet normal -0.546735 -0.448717 -0.706918
    outer loop
      vertex -17.6631 -15.4851 94
      vertex -18.6359 -14.2998 94
      vertex -15.8671 -12.1752 90.51
    endloop
  endfacet
  facet normal 0.698105 -0.113513 -0.70694
    outer loop
      vertex 23.2884 -3.06975 94
      vertex 19.8289 -2.61052 90.51
      vertex 23.289 -3.06606 94
    endloop
  endfacet
  facet normal 0.697852 -0.11522 -0.706914
    outer loop
      vertex 19.8289 -2.61052 90.51
      vertex 23.2884 -3.06975 94
      vertex 19.6157 -3.90181 90.51
    endloop
  endfacet
  facet normal 0.70692 0.0231553 -0.706915
    outer loop
      vertex 23.4899 0.00373705 94
      vertex 19.9572 1.30806 90.51
      vertex 23.4397 1.53632 94
    endloop
  endfacet
  facet normal 0.70692 -0.0231553 -0.706915
    outer loop
      vertex 23.4397 -1.53632 94
      vertex 19.9572 -1.30806 90.51
      vertex 23.4899 -0.00373705 94
    endloop
  endfacet
  facet normal 0.0231304 0.706915 -0.70692
    outer loop
      vertex 0 20 90.51
      vertex 0.00373705 23.4899 94
      vertex 1.30806 19.9572 90.51
    endloop
  endfacet
  facet normal 0.0189181 0.70698 -0.70698
    outer loop
      vertex 0.00373705 23.4899 94
      vertex 0 20 90.51
      vertex 0 23.49 94
    endloop
  endfacet
  facet normal -0.600652 0.373481 -0.706915
    outer loop
      vertex -17.3205 10 90.51
      vertex -20.3429 11.745 94
      vertex -19.5332 13.0472 94
    endloop
  endfacet
  facet normal 0.411966 -0.574935 -0.706918
    outer loop
      vertex 13.0534 -19.529 94
      vertex 12.1752 -15.8671 90.51
      vertex 14.2998 -18.6359 94
    endloop
  endfacet
  facet normal -0.676842 -0.205308 -0.706918
    outer loop
      vertex -22.2434 -7.55061 94
      vertex -22.6885 -6.08324 94
      vertex -18.9386 -6.42879 90.51
    endloop
  endfacet
  facet normal -0.0693373 0.70389 -0.706917
    outer loop
      vertex -2.61052 19.8289 90.51
      vertex -3.06234 23.2894 94
      vertex -1.30806 19.9572 90.51
    endloop
  endfacet
  facet normal -0.0756084 0.703158 -0.707003
    outer loop
      vertex -3.06234 23.2894 94
      vertex -2.61052 19.8289 90.51
      vertex -3.06606 23.289 94
    endloop
  endfacet
  facet normal 0.0231553 0.70692 -0.706915
    outer loop
      vertex 1.30806 19.9572 90.51
      vertex 0.00373705 23.4899 94
      vertex 1.53632 23.4397 94
    endloop
  endfacet
  facet normal 0.0756084 0.703158 -0.707003
    outer loop
      vertex 2.61052 19.8289 90.51
      vertex 3.06234 23.2894 94
      vertex 3.06606 23.289 94
    endloop
  endfacet
  facet normal 0.0693373 0.70389 -0.706917
    outer loop
      vertex 3.06234 23.2894 94
      vertex 2.61052 19.8289 90.51
      vertex 1.30806 19.9572 90.51
    endloop
  endfacet
  facet normal 0.448717 -0.546735 -0.706918
    outer loop
      vertex 14.2998 -18.6359 94
      vertex 12.1752 -15.8671 90.51
      vertex 15.4851 -17.6631 94
    endloop
  endfacet
  facet normal 0.160611 -0.688823 -0.706913
    outer loop
      vertex 4.58267 -23.0386 94
      vertex 3.90181 -19.6157 90.51
      vertex 6.07602 -22.6904 94
    endloop
  endfacet
  facet normal -0.544865 -0.450922 -0.706959
    outer loop
      vertex -17.6631 -15.4851 94
      vertex -15.0368 -13.1869 90.51
      vertex -17.6607 -15.488 94
    endloop
  endfacet
  facet normal -0.546743 -0.448711 -0.706916
    outer loop
      vertex -15.0368 -13.1869 90.51
      vertex -17.6631 -15.4851 94
      vertex -15.8671 -12.1752 90.51
    endloop
  endfacet
  facet normal 0.688821 0.160617 -0.706915
    outer loop
      vertex 19.3185 5.17638 90.51
      vertex 22.6904 6.07602 94
      vertex 19.6157 3.90181 90.51
    endloop
  endfacet
  facet normal 0.690979 0.151863 -0.706743
    outer loop
      vertex 22.6904 6.07602 94
      vertex 19.3185 5.17638 90.51
      vertex 22.6896 6.07966 94
    endloop
  endfacet
  facet normal 0.333413 0.623788 -0.706912
    outer loop
      vertex 11.7417 20.3447 94
      vertex 8.84577 17.9375 90.51
      vertex 10.3894 21.0675 94
    endloop
  endfacet
  facet normal -0.333413 0.623788 -0.706912
    outer loop
      vertex -8.84577 17.9375 90.51
      vertex -11.7417 20.3447 94
      vertex -10.3894 21.0675 94
    endloop
  endfacet
  facet normal -0.661962 0.249138 -0.70692
    outer loop
      vertex -18.9386 6.42879 90.51
      vertex -22.2421 7.55411 94
      vertex -18.4776 7.65367 90.51
    endloop
  endfacet
  facet normal -0.662992 0.246254 -0.706965
    outer loop
      vertex -22.2421 7.55411 94
      vertex -18.9386 6.42879 90.51
      vertex -22.2434 7.55061 94
    endloop
  endfacet
  facet normal -0.70389 0.0693373 -0.706917
    outer loop
      vertex -23.2894 3.06234 94
      vertex -19.8289 2.61052 90.51
      vertex -19.9572 1.30806 90.51
    endloop
  endfacet
  facet normal -0.703158 0.0756084 -0.707003
    outer loop
      vertex -19.8289 2.61052 90.51
      vertex -23.2894 3.06234 94
      vertex -23.289 3.06606 94
    endloop
  endfacet
  facet normal -0.706915 -0.0231304 -0.70692
    outer loop
      vertex -23.4899 -0.00373705 94
      vertex -20 0 90.51
      vertex -19.9572 -1.30806 90.51
    endloop
  endfacet
  facet normal -0.70698 -0.0189181 -0.70698
    outer loop
      vertex -20 0 90.51
      vertex -23.4899 -0.00373705 94
      vertex -23.49 0 94
    endloop
  endfacet
  facet normal -0.546735 0.448717 -0.706918
    outer loop
      vertex -15.8671 12.1752 90.51
      vertex -18.6359 14.2998 94
      vertex -17.6631 15.4851 94
    endloop
  endfacet
  facet normal -0.703893 0.0693275 -0.706915
    outer loop
      vertex -19.9572 1.30806 90.51
      vertex -23.4397 1.53632 94
      vertex -23.2894 3.06234 94
    endloop
  endfacet
  facet normal 0.544865 -0.450922 -0.706959
    outer loop
      vertex 15.0368 -13.1869 90.51
      vertex 17.6631 -15.4851 94
      vertex 17.6607 -15.488 94
    endloop
  endfacet
  facet normal 0.546743 -0.448711 -0.706916
    outer loop
      vertex 17.6631 -15.4851 94
      vertex 15.0368 -13.1869 90.51
      vertex 15.8671 -12.1752 90.51
    endloop
  endfacet
  facet normal -0.411983 0.574928 -0.706914
    outer loop
      vertex -13.0534 19.529 94
      vertex -11.1114 16.6294 90.51
      vertex -12.1752 15.8671 90.51
    endloop
  endfacet
  facet normal -0.40932 0.576769 -0.706962
    outer loop
      vertex -11.1114 16.6294 90.51
      vertex -13.0534 19.529 94
      vertex -13.0503 19.5312 94
    endloop
  endfacet
  facet normal 0.0693275 0.703893 -0.706915
    outer loop
      vertex 3.06234 23.2894 94
      vertex 1.30806 19.9572 90.51
      vertex 1.53632 23.4397 94
    endloop
  endfacet
  facet normal 0.24917 -0.661957 -0.706914
    outer loop
      vertex 8.98923 -21.7019 94
      vertex 7.55411 -22.2421 94
      vertex 7.65367 -18.4776 90.51
    endloop
  endfacet
  facet normal -0.207753 0.67614 -0.706876
    outer loop
      vertex -5.17638 19.3185 90.51
      vertex -6.08324 22.6885 94
      vertex -6.07966 22.6896 94
    endloop
  endfacet
  facet normal -0.20531 0.676842 -0.706918
    outer loop
      vertex -6.08324 22.6885 94
      vertex -5.17638 19.3185 90.51
      vertex -6.42879 18.9386 90.51
    endloop
  endfacet
  facet normal -0.644258 0.291891 -0.706916
    outer loop
      vertex -21.0691 10.386 94
      vertex -17.9375 8.84577 90.51
      vertex -18.4776 7.65367 90.51
    endloop
  endfacet
  facet normal -0.639863 0.301112 -0.707041
    outer loop
      vertex -17.9375 8.84577 90.51
      vertex -21.0691 10.386 94
      vertex -21.0675 10.3894 94
    endloop
  endfacet
  facet normal -0.623767 0.333438 -0.706918
    outer loop
      vertex -20.3447 11.7417 94
      vertex -17.3205 10 90.51
      vertex -17.9375 8.84577 90.51
    endloop
  endfacet
  facet normal -0.620859 0.338651 -0.707
    outer loop
      vertex -17.3205 10 90.51
      vertex -20.3447 11.7417 94
      vertex -20.3429 11.745 94
    endloop
  endfacet
  facet normal 0.546743 0.448711 -0.706916
    outer loop
      vertex 15.0368 13.1869 90.51
      vertex 17.6631 15.4851 94
      vertex 15.8671 12.1752 90.51
    endloop
  endfacet
  facet normal 0.544865 0.450922 -0.706959
    outer loop
      vertex 17.6631 15.4851 94
      vertex 15.0368 13.1869 90.51
      vertex 17.6607 15.488 94
    endloop
  endfacet
  facet normal 0.40932 -0.576769 -0.706962
    outer loop
      vertex 11.1114 -16.6294 90.51
      vertex 13.0534 -19.529 94
      vertex 13.0503 -19.5312 94
    endloop
  endfacet
  facet normal 0.411983 -0.574928 -0.706914
    outer loop
      vertex 13.0534 -19.529 94
      vertex 11.1114 -16.6294 90.51
      vertex 12.1752 -15.8671 90.51
    endloop
  endfacet
  facet normal 0.151863 -0.690979 -0.706743
    outer loop
      vertex 6.07602 -22.6904 94
      vertex 5.17638 -19.3185 90.51
      vertex 6.07966 -22.6896 94
    endloop
  endfacet
  facet normal 0.160617 -0.688821 -0.706915
    outer loop
      vertex 5.17638 -19.3185 90.51
      vertex 6.07602 -22.6904 94
      vertex 3.90181 -19.6157 90.51
    endloop
  endfacet
  facet normal -0.373495 0.600639 -0.706919
    outer loop
      vertex -11.1114 16.6294 90.51
      vertex -13.0472 19.5332 94
      vertex -10 17.3205 90.51
    endloop
  endfacet
  facet normal -0.383369 0.594222 -0.707056
    outer loop
      vertex -13.0472 19.5332 94
      vertex -11.1114 16.6294 90.51
      vertex -13.0503 19.5312 94
    endloop
  endfacet
  facet normal 0.338651 0.620859 -0.707
    outer loop
      vertex 10 17.3205 90.51
      vertex 11.7417 20.3447 94
      vertex 11.745 20.3429 94
    endloop
  endfacet
  facet normal 0.333438 0.623767 -0.706918
    outer loop
      vertex 11.7417 20.3447 94
      vertex 10 17.3205 90.51
      vertex 8.84577 17.9375 90.51
    endloop
  endfacet
  facet normal 0.676842 -0.205308 -0.706918
    outer loop
      vertex 22.2434 -7.55061 94
      vertex 18.9386 -6.42879 90.51
      vertex 22.6885 -6.08324 94
    endloop
  endfacet
  facet normal 0.470955 -0.52747 -0.70709
    outer loop
      vertex 13.1869 -15.0368 90.51
      vertex 15.4908 -17.6582 94
      vertex 15.488 -17.6607 94
    endloop
  endfacet
  facet normal 0.483515 -0.51621 -0.706923
    outer loop
      vertex 15.4908 -17.6582 94
      vertex 13.1869 -15.0368 90.51
      vertex 14.1421 -14.1421 90.51
    endloop
  endfacet
  facet normal -0.291881 -0.644265 -0.706914
    outer loop
      vertex -8.98923 -21.7019 94
      vertex -10.386 -21.0691 94
      vertex -7.65367 -18.4776 90.51
    endloop
  endfacet
  facet normal -0.620859 -0.338651 -0.707
    outer loop
      vertex -20.3447 -11.7417 94
      vertex -17.3205 -10 90.51
      vertex -20.3429 -11.745 94
    endloop
  endfacet
  facet normal -0.623767 -0.333438 -0.706918
    outer loop
      vertex -17.3205 -10 90.51
      vertex -20.3447 -11.7417 94
      vertex -17.9375 -8.84577 90.51
    endloop
  endfacet
  facet normal 0.11522 0.697852 -0.706914
    outer loop
      vertex 2.61052 19.8289 90.51
      vertex 3.06975 23.2884 94
      vertex 3.90181 19.6157 90.51
    endloop
  endfacet
  facet normal 0.113513 0.698105 -0.70694
    outer loop
      vertex 3.06975 23.2884 94
      vertex 2.61052 19.8289 90.51
      vertex 3.06606 23.289 94
    endloop
  endfacet
  facet normal -0.639863 -0.301112 -0.707041
    outer loop
      vertex -21.0691 -10.386 94
      vertex -17.9375 -8.84577 90.51
      vertex -21.0675 -10.3894 94
    endloop
  endfacet
  facet normal -0.644258 -0.291891 -0.706916
    outer loop
      vertex -17.9375 -8.84577 90.51
      vertex -21.0691 -10.386 94
      vertex -18.4776 -7.65367 90.51
    endloop
  endfacet
  facet normal -0.676842 -0.20531 -0.706918
    outer loop
      vertex -22.6885 -6.08324 94
      vertex -19.3185 -5.17638 90.51
      vertex -18.9386 -6.42879 90.51
    endloop
  endfacet
  facet normal -0.67614 -0.207753 -0.706876
    outer loop
      vertex -19.3185 -5.17638 90.51
      vertex -22.6885 -6.08324 94
      vertex -22.6896 -6.07966 94
    endloop
  endfacet
  facet normal -0.483515 0.51621 -0.706923
    outer loop
      vertex -15.4908 17.6582 94
      vertex -13.1869 15.0368 90.51
      vertex -14.1421 14.1421 90.51
    endloop
  endfacet
  facet normal -0.470955 0.52747 -0.70709
    outer loop
      vertex -13.1869 15.0368 90.51
      vertex -15.4908 17.6582 94
      vertex -15.488 17.6607 94
    endloop
  endfacet
  facet normal 0.516196 -0.483538 -0.706918
    outer loop
      vertex 16.6099 -16.6099 94
      vertex 14.1421 -14.1421 90.51
      vertex 17.6582 -15.4908 94
    endloop
  endfacet
  facet normal 0.0231553 -0.70692 -0.706915
    outer loop
      vertex 1.53632 -23.4397 94
      vertex 0.00373705 -23.4899 94
      vertex 1.30806 -19.9572 90.51
    endloop
  endfacet
  facet normal -0.594222 -0.383369 -0.707056
    outer loop
      vertex -19.5332 -13.0472 94
      vertex -16.6294 -11.1114 90.51
      vertex -19.5312 -13.0503 94
    endloop
  endfacet
  facet normal -0.600639 -0.373495 -0.706919
    outer loop
      vertex -16.6294 -11.1114 90.51
      vertex -19.5332 -13.0472 94
      vertex -17.3205 -10 90.51
    endloop
  endfacet
  facet normal 0.576769 -0.40932 -0.706962
    outer loop
      vertex 19.529 -13.0534 94
      vertex 16.6294 -11.1114 90.51
      vertex 19.5312 -13.0503 94
    endloop
  endfacet
  facet normal 0.574928 -0.411983 -0.706914
    outer loop
      vertex 16.6294 -11.1114 90.51
      vertex 19.529 -13.0534 94
      vertex 15.8671 -12.1752 90.51
    endloop
  endfacet
  facet normal 0.600652 -0.373481 -0.706915
    outer loop
      vertex 19.5332 -13.0472 94
      vertex 17.3205 -10 90.51
      vertex 20.3429 -11.745 94
    endloop
  endfacet
  facet normal 0.594222 -0.383369 -0.707056
    outer loop
      vertex 16.6294 -11.1114 90.51
      vertex 19.5332 -13.0472 94
      vertex 19.5312 -13.0503 94
    endloop
  endfacet
  facet normal 0.600639 -0.373495 -0.706919
    outer loop
      vertex 19.5332 -13.0472 94
      vertex 16.6294 -11.1114 90.51
      vertex 17.3205 -10 90.51
    endloop
  endfacet
  facet normal 0.623788 -0.333413 -0.706912
    outer loop
      vertex 20.3447 -11.7417 94
      vertex 17.9375 -8.84577 90.51
      vertex 21.0675 -10.3894 94
    endloop
  endfacet
  facet normal 0.52747 0.470955 -0.70709
    outer loop
      vertex 15.0368 13.1869 90.51
      vertex 17.6582 15.4908 94
      vertex 17.6607 15.488 94
    endloop
  endfacet
  facet normal 0.51621 0.483515 -0.706923
    outer loop
      vertex 17.6582 15.4908 94
      vertex 15.0368 13.1869 90.51
      vertex 14.1421 14.1421 90.51
    endloop
  endfacet
  facet normal -0.51621 0.483515 -0.706923
    outer loop
      vertex -15.0368 13.1869 90.51
      vertex -17.6582 15.4908 94
      vertex -14.1421 14.1421 90.51
    endloop
  endfacet
  facet normal -0.52747 0.470955 -0.70709
    outer loop
      vertex -17.6582 15.4908 94
      vertex -15.0368 13.1869 90.51
      vertex -17.6607 15.488 94
    endloop
  endfacet
  facet normal -0.448717 -0.546735 -0.706918
    outer loop
      vertex -14.2998 -18.6359 94
      vertex -15.4851 -17.6631 94
      vertex -12.1752 -15.8671 90.51
    endloop
  endfacet
  facet normal -0.448711 -0.546743 -0.706916
    outer loop
      vertex -15.4851 -17.6631 94
      vertex -13.1869 -15.0368 90.51
      vertex -12.1752 -15.8671 90.51
    endloop
  endfacet
  facet normal -0.450922 -0.544865 -0.706959
    outer loop
      vertex -13.1869 -15.0368 90.51
      vertex -15.4851 -17.6631 94
      vertex -15.488 -17.6607 94
    endloop
  endfacet
  facet normal -0.291881 0.644265 -0.706914
    outer loop
      vertex -7.65367 18.4776 90.51
      vertex -10.386 21.0691 94
      vertex -8.98923 21.7019 94
    endloop
  endfacet
  facet normal 0.249138 0.661962 -0.70692
    outer loop
      vertex 6.42879 18.9386 90.51
      vertex 7.55411 22.2421 94
      vertex 7.65367 18.4776 90.51
    endloop
  endfacet
  facet normal 0.246254 0.662992 -0.706965
    outer loop
      vertex 7.55411 22.2421 94
      vertex 6.42879 18.9386 90.51
      vertex 7.55061 22.2434 94
    endloop
  endfacet
  facet normal 0.411983 0.574928 -0.706914
    outer loop
      vertex 11.1114 16.6294 90.51
      vertex 13.0534 19.529 94
      vertex 12.1752 15.8671 90.51
    endloop
  endfacet
  facet normal 0.40932 0.576769 -0.706962
    outer loop
      vertex 13.0534 19.529 94
      vertex 11.1114 16.6294 90.51
      vertex 13.0503 19.5312 94
    endloop
  endfacet
  facet normal 0.697852 0.115223 -0.706913
    outer loop
      vertex 23.2884 3.06975 94
      vertex 19.6157 3.90181 90.51
      vertex 23.0386 4.58267 94
    endloop
  endfacet
  facet normal 0.113513 -0.698105 -0.70694
    outer loop
      vertex 2.61052 -19.8289 90.51
      vertex 3.06975 -23.2884 94
      vertex 3.06606 -23.289 94
    endloop
  endfacet
  facet normal 0.11522 -0.697852 -0.706914
    outer loop
      vertex 3.06975 -23.2884 94
      vertex 2.61052 -19.8289 90.51
      vertex 3.90181 -19.6157 90.51
    endloop
  endfacet
  facet normal -0.661962 -0.249138 -0.70692
    outer loop
      vertex -22.2421 -7.55411 94
      vertex -18.9386 -6.42879 90.51
      vertex -18.4776 -7.65367 90.51
    endloop
  endfacet
  facet normal -0.662992 -0.246254 -0.706965
    outer loop
      vertex -18.9386 -6.42879 90.51
      vertex -22.2421 -7.55411 94
      vertex -22.2434 -7.55061 94
    endloop
  endfacet
  facet normal 0.483515 0.51621 -0.706923
    outer loop
      vertex 13.1869 15.0368 90.51
      vertex 15.4908 17.6582 94
      vertex 14.1421 14.1421 90.51
    endloop
  endfacet
  facet normal 0.470955 0.52747 -0.70709
    outer loop
      vertex 15.4908 17.6582 94
      vertex 13.1869 15.0368 90.51
      vertex 15.488 17.6607 94
    endloop
  endfacet
  facet normal 0.338651 -0.620859 -0.707
    outer loop
      vertex 11.7417 -20.3447 94
      vertex 10 -17.3205 90.51
      vertex 11.745 -20.3429 94
    endloop
  endfacet
  facet normal 0.333438 -0.623767 -0.706918
    outer loop
      vertex 10 -17.3205 90.51
      vertex 11.7417 -20.3447 94
      vertex 8.84577 -17.9375 90.51
    endloop
  endfacet
  facet normal 0.205308 -0.676842 -0.706918
    outer loop
      vertex 7.55061 -22.2434 94
      vertex 6.08324 -22.6885 94
      vertex 6.42879 -18.9386 90.51
    endloop
  endfacet
  facet normal -0.113513 -0.698105 -0.70694
    outer loop
      vertex -3.06975 -23.2884 94
      vertex -2.61052 -19.8289 90.51
      vertex -3.06606 -23.289 94
    endloop
  endfacet
  facet normal -0.11522 -0.697852 -0.706914
    outer loop
      vertex -2.61052 -19.8289 90.51
      vertex -3.06975 -23.2884 94
      vertex -3.90181 -19.6157 90.51
    endloop
  endfacet
  facet normal 0.20531 0.676842 -0.706918
    outer loop
      vertex 5.17638 19.3185 90.51
      vertex 6.08324 22.6885 94
      vertex 6.42879 18.9386 90.51
    endloop
  endfacet
  facet normal 0.207753 0.67614 -0.706876
    outer loop
      vertex 6.08324 22.6885 94
      vertex 5.17638 19.3185 90.51
      vertex 6.07966 22.6896 94
    endloop
  endfacet
  facet normal -0.160617 0.688821 -0.706915
    outer loop
      vertex -5.17638 19.3185 90.51
      vertex -6.07602 22.6904 94
      vertex -3.90181 19.6157 90.51
    endloop
  endfacet
  facet normal -0.151863 0.690979 -0.706743
    outer loop
      vertex -6.07602 22.6904 94
      vertex -5.17638 19.3185 90.51
      vertex -6.07966 22.6896 94
    endloop
  endfacet
  facet normal 0.115223 -0.697852 -0.706913
    outer loop
      vertex 4.58267 -23.0386 94
      vertex 3.06975 -23.2884 94
      vertex 3.90181 -19.6157 90.51
    endloop
  endfacet
  facet normal -0.0693275 0.703893 -0.706915
    outer loop
      vertex -1.30806 19.9572 90.51
      vertex -3.06234 23.2894 94
      vertex -1.53632 23.4397 94
    endloop
  endfacet
  facet normal -0.676842 0.205308 -0.706918
    outer loop
      vertex -18.9386 6.42879 90.51
      vertex -22.6885 6.08324 94
      vertex -22.2434 7.55061 94
    endloop
  endfacet
  facet normal 0.383369 -0.594222 -0.707056
    outer loop
      vertex 13.0472 -19.5332 94
      vertex 11.1114 -16.6294 90.51
      vertex 13.0503 -19.5312 94
    endloop
  endfacet
  facet normal 0.373495 -0.600639 -0.706919
    outer loop
      vertex 11.1114 -16.6294 90.51
      vertex 13.0472 -19.5332 94
      vertex 10 -17.3205 90.51
    endloop
  endfacet
  facet normal -0.600639 0.373495 -0.706919
    outer loop
      vertex -19.5332 13.0472 94
      vertex -16.6294 11.1114 90.51
      vertex -17.3205 10 90.51
    endloop
  endfacet
  facet normal -0.594222 0.383369 -0.707056
    outer loop
      vertex -16.6294 11.1114 90.51
      vertex -19.5332 13.0472 94
      vertex -19.5312 13.0503 94
    endloop
  endfacet
  facet normal 0.483538 0.516196 -0.706918
    outer loop
      vertex 16.6099 16.6099 94
      vertex 14.1421 14.1421 90.51
      vertex 15.4908 17.6582 94
    endloop
  endfacet
  facet normal -0.688823 -0.160611 -0.706913
    outer loop
      vertex -22.6904 -6.07602 94
      vertex -23.0386 -4.58267 94
      vertex -19.6157 -3.90181 90.51
    endloop
  endfacet
  facet normal 0.644265 0.291881 -0.706914
    outer loop
      vertex 21.7019 8.98923 94
      vertex 18.4776 7.65367 90.51
      vertex 21.0691 10.386 94
    endloop
  endfacet
  facet normal -0.115223 0.697852 -0.706913
    outer loop
      vertex -3.90181 19.6157 90.51
      vertex -4.58267 23.0386 94
      vertex -3.06975 23.2884 94
    endloop
  endfacet
  facet normal -0.0189181 0.70698 -0.70698
    outer loop
      vertex 0 20 90.51
      vertex -0.00373705 23.4899 94
      vertex 0 23.49 94
    endloop
  endfacet
  facet normal -0.0231304 0.706915 -0.70692
    outer loop
      vertex -0.00373705 23.4899 94
      vertex 0 20 90.51
      vertex -1.30806 19.9572 90.51
    endloop
  endfacet
  facet normal 0.301112 -0.639863 -0.707041
    outer loop
      vertex 10.386 -21.0691 94
      vertex 8.84577 -17.9375 90.51
      vertex 10.3894 -21.0675 94
    endloop
  endfacet
  facet normal 0.291891 -0.644258 -0.706916
    outer loop
      vertex 8.84577 -17.9375 90.51
      vertex 10.386 -21.0691 94
      vertex 7.65367 -18.4776 90.51
    endloop
  endfacet
  facet normal -0.333413 -0.623788 -0.706912
    outer loop
      vertex -10.3894 -21.0675 94
      vertex -11.7417 -20.3447 94
      vertex -8.84577 -17.9375 90.51
    endloop
  endfacet
  facet normal -0.333438 0.623767 -0.706918
    outer loop
      vertex -10 17.3205 90.51
      vertex -11.7417 20.3447 94
      vertex -8.84577 17.9375 90.51
    endloop
  endfacet
  facet normal -0.338651 0.620859 -0.707
    outer loop
      vertex -11.7417 20.3447 94
      vertex -10 17.3205 90.51
      vertex -11.745 20.3429 94
    endloop
  endfacet
  facet normal -0.690979 -0.151863 -0.706743
    outer loop
      vertex -22.6904 -6.07602 94
      vertex -19.3185 -5.17638 90.51
      vertex -22.6896 -6.07966 94
    endloop
  endfacet
  facet normal -0.688821 -0.160617 -0.706915
    outer loop
      vertex -19.3185 -5.17638 90.51
      vertex -22.6904 -6.07602 94
      vertex -19.6157 -3.90181 90.51
    endloop
  endfacet
  facet normal 0.373481 -0.600652 -0.706915
    outer loop
      vertex 11.745 -20.3429 94
      vertex 10 -17.3205 90.51
      vertex 13.0472 -19.5332 94
    endloop
  endfacet
  facet normal 0.291881 -0.644265 -0.706914
    outer loop
      vertex 8.98923 -21.7019 94
      vertex 7.65367 -18.4776 90.51
      vertex 10.386 -21.0691 94
    endloop
  endfacet
  facet normal 0.333413 -0.623788 -0.706912
    outer loop
      vertex 10.3894 -21.0675 94
      vertex 8.84577 -17.9375 90.51
      vertex 11.7417 -20.3447 94
    endloop
  endfacet
  facet normal 0.0189181 -0.70698 -0.70698
    outer loop
      vertex 0 -20 90.51
      vertex 0.00373705 -23.4899 94
      vertex 0 -23.49 94
    endloop
  endfacet
  facet normal 0.0231304 -0.706915 -0.70692
    outer loop
      vertex 0.00373705 -23.4899 94
      vertex 0 -20 90.51
      vertex 1.30806 -19.9572 90.51
    endloop
  endfacet
  facet normal -0.483538 -0.516196 -0.706918
    outer loop
      vertex -15.4908 -17.6582 94
      vertex -16.6099 -16.6099 94
      vertex -14.1421 -14.1421 90.51
    endloop
  endfacet
  facet normal 0.576769 0.40932 -0.706962
    outer loop
      vertex 16.6294 11.1114 90.51
      vertex 19.529 13.0534 94
      vertex 19.5312 13.0503 94
    endloop
  endfacet
  facet normal 0.574928 0.411983 -0.706914
    outer loop
      vertex 19.529 13.0534 94
      vertex 16.6294 11.1114 90.51
      vertex 15.8671 12.1752 90.51
    endloop
  endfacet
  facet normal 0.676842 0.205308 -0.706918
    outer loop
      vertex 22.6885 6.08324 94
      vertex 18.9386 6.42879 90.51
      vertex 22.2434 7.55061 94
    endloop
  endfacet
  facet normal 0.623788 0.333413 -0.706912
    outer loop
      vertex 21.0675 10.3894 94
      vertex 17.9375 8.84577 90.51
      vertex 20.3447 11.7417 94
    endloop
  endfacet
  facet normal -0.291891 0.644258 -0.706916
    outer loop
      vertex -8.84577 17.9375 90.51
      vertex -10.386 21.0691 94
      vertex -7.65367 18.4776 90.51
    endloop
  endfacet
  facet normal -0.301112 0.639863 -0.707041
    outer loop
      vertex -10.386 21.0691 94
      vertex -8.84577 17.9375 90.51
      vertex -10.3894 21.0675 94
    endloop
  endfacet
  facet normal -0.160617 -0.688821 -0.706915
    outer loop
      vertex -6.07602 -22.6904 94
      vertex -5.17638 -19.3185 90.51
      vertex -3.90181 -19.6157 90.51
    endloop
  endfacet
  facet normal -0.151863 -0.690979 -0.706743
    outer loop
      vertex -5.17638 -19.3185 90.51
      vertex -6.07602 -22.6904 94
      vertex -6.07966 -22.6896 94
    endloop
  endfacet
  facet normal 0.662992 0.246254 -0.706965
    outer loop
      vertex 18.9386 6.42879 90.51
      vertex 22.2421 7.55411 94
      vertex 22.2434 7.55061 94
    endloop
  endfacet
  facet normal 0.661962 0.249138 -0.70692
    outer loop
      vertex 22.2421 7.55411 94
      vertex 18.9386 6.42879 90.51
      vertex 18.4776 7.65367 90.51
    endloop
  endfacet
  facet normal -0.0231553 -0.70692 -0.706915
    outer loop
      vertex -0.00373705 -23.4899 94
      vertex -1.53632 -23.4397 94
      vertex -1.30806 -19.9572 90.51
    endloop
  endfacet
  facet normal -0.205308 -0.676842 -0.706918
    outer loop
      vertex -6.08324 -22.6885 94
      vertex -7.55061 -22.2434 94
      vertex -6.42879 -18.9386 90.51
    endloop
  endfacet
  facet normal -0.113513 0.698105 -0.70694
    outer loop
      vertex -2.61052 19.8289 90.51
      vertex -3.06975 23.2884 94
      vertex -3.06606 23.289 94
    endloop
  endfacet
  facet normal -0.11522 0.697852 -0.706914
    outer loop
      vertex -3.06975 23.2884 94
      vertex -2.61052 19.8289 90.51
      vertex -3.90181 19.6157 90.51
    endloop
  endfacet
  facet normal 0.574935 -0.411966 -0.706918
    outer loop
      vertex 18.6359 -14.2998 94
      vertex 15.8671 -12.1752 90.51
      vertex 19.529 -13.0534 94
    endloop
  endfacet
  facet normal 0.546735 -0.448717 -0.706918
    outer loop
      vertex 17.6631 -15.4851 94
      vertex 15.8671 -12.1752 90.51
      vertex 18.6359 -14.2998 94
    endloop
  endfacet
  facet normal -0.470955 -0.52747 -0.70709
    outer loop
      vertex -15.4908 -17.6582 94
      vertex -13.1869 -15.0368 90.51
      vertex -15.488 -17.6607 94
    endloop
  endfacet
  facet normal -0.483515 -0.51621 -0.706923
    outer loop
      vertex -13.1869 -15.0368 90.51
      vertex -15.4908 -17.6582 94
      vertex -14.1421 -14.1421 90.51
    endloop
  endfacet
  facet normal -0.40932 -0.576769 -0.706962
    outer loop
      vertex -13.0534 -19.529 94
      vertex -11.1114 -16.6294 90.51
      vertex -13.0503 -19.5312 94
    endloop
  endfacet
  facet normal -0.411983 -0.574928 -0.706914
    outer loop
      vertex -11.1114 -16.6294 90.51
      vertex -13.0534 -19.529 94
      vertex -12.1752 -15.8671 90.51
    endloop
  endfacet
  facet normal -0.574928 -0.411983 -0.706914
    outer loop
      vertex -19.529 -13.0534 94
      vertex -16.6294 -11.1114 90.51
      vertex -15.8671 -12.1752 90.51
    endloop
  endfacet
  facet normal -0.576769 -0.40932 -0.706962
    outer loop
      vertex -16.6294 -11.1114 90.51
      vertex -19.529 -13.0534 94
      vertex -19.5312 -13.0503 94
    endloop
  endfacet
  facet normal 0.698105 0.113513 -0.70694
    outer loop
      vertex 19.8289 2.61052 90.51
      vertex 23.2884 3.06975 94
      vertex 23.289 3.06606 94
    endloop
  endfacet
  facet normal 0.697852 0.11522 -0.706914
    outer loop
      vertex 23.2884 3.06975 94
      vertex 19.8289 2.61052 90.51
      vertex 19.6157 3.90181 90.51
    endloop
  endfacet
  facet normal 0.70389 0.0693373 -0.706917
    outer loop
      vertex 19.8289 2.61052 90.51
      vertex 23.2894 3.06234 94
      vertex 19.9572 1.30806 90.51
    endloop
  endfacet
  facet normal 0.703158 0.0756084 -0.707003
    outer loop
      vertex 23.2894 3.06234 94
      vertex 19.8289 2.61052 90.51
      vertex 23.289 3.06606 94
    endloop
  endfacet
  facet normal 0.623767 0.333438 -0.706918
    outer loop
      vertex 17.3205 10 90.51
      vertex 20.3447 11.7417 94
      vertex 17.9375 8.84577 90.51
    endloop
  endfacet
  facet normal 0.620859 0.338651 -0.707
    outer loop
      vertex 20.3447 11.7417 94
      vertex 17.3205 10 90.51
      vertex 20.3429 11.745 94
    endloop
  endfacet
  facet normal -0.373495 -0.600639 -0.706919
    outer loop
      vertex -13.0472 -19.5332 94
      vertex -11.1114 -16.6294 90.51
      vertex -10 -17.3205 90.51
    endloop
  endfacet
  facet normal -0.383369 -0.594222 -0.707056
    outer loop
      vertex -11.1114 -16.6294 90.51
      vertex -13.0472 -19.5332 94
      vertex -13.0503 -19.5312 94
    endloop
  endfacet
  facet normal -0.574935 -0.411966 -0.706918
    outer loop
      vertex -18.6359 -14.2998 94
      vertex -19.529 -13.0534 94
      vertex -15.8671 -12.1752 90.51
    endloop
  endfacet
  facet normal -0.0693373 -0.70389 -0.706917
    outer loop
      vertex -3.06234 -23.2894 94
      vertex -2.61052 -19.8289 90.51
      vertex -1.30806 -19.9572 90.51
    endloop
  endfacet
  facet normal -0.0756084 -0.703158 -0.707003
    outer loop
      vertex -2.61052 -19.8289 90.51
      vertex -3.06234 -23.2894 94
      vertex -3.06606 -23.289 94
    endloop
  endfacet
  facet normal 0.383369 0.594222 -0.707056
    outer loop
      vertex 11.1114 16.6294 90.51
      vertex 13.0472 19.5332 94
      vertex 13.0503 19.5312 94
    endloop
  endfacet
  facet normal 0.373495 0.600639 -0.706919
    outer loop
      vertex 13.0472 19.5332 94
      vertex 11.1114 16.6294 90.51
      vertex 10 17.3205 90.51
    endloop
  endfacet
  facet normal -0.703893 -0.0693275 -0.706915
    outer loop
      vertex -23.2894 -3.06234 94
      vertex -23.4397 -1.53632 94
      vertex -19.9572 -1.30806 90.51
    endloop
  endfacet
  facet normal -0.70692 -0.0231553 -0.706915
    outer loop
      vertex -23.4397 -1.53632 94
      vertex -23.4899 -0.00373705 94
      vertex -19.9572 -1.30806 90.51
    endloop
  endfacet
  facet normal 0.67614 0.207753 -0.706876
    outer loop
      vertex 19.3185 5.17638 90.51
      vertex 22.6885 6.08324 94
      vertex 22.6896 6.07966 94
    endloop
  endfacet
  facet normal 0.676842 0.20531 -0.706918
    outer loop
      vertex 22.6885 6.08324 94
      vertex 19.3185 5.17638 90.51
      vertex 18.9386 6.42879 90.51
    endloop
  endfacet
  facet normal -0.574935 0.411966 -0.706918
    outer loop
      vertex -15.8671 12.1752 90.51
      vertex -19.529 13.0534 94
      vertex -18.6359 14.2998 94
    endloop
  endfacet
  facet normal -0.0231553 0.70692 -0.706915
    outer loop
      vertex -1.30806 19.9572 90.51
      vertex -1.53632 23.4397 94
      vertex -0.00373705 23.4899 94
    endloop
  endfacet
  facet normal -0.246254 -0.662992 -0.706965
    outer loop
      vertex -7.55411 -22.2421 94
      vertex -6.42879 -18.9386 90.51
      vertex -7.55061 -22.2434 94
    endloop
  endfacet
  facet normal -0.249138 -0.661962 -0.70692
    outer loop
      vertex -6.42879 -18.9386 90.51
      vertex -7.55411 -22.2421 94
      vertex -7.65367 -18.4776 90.51
    endloop
  endfacet
  facet normal -0.246254 0.662992 -0.706965
    outer loop
      vertex -6.42879 18.9386 90.51
      vertex -7.55411 22.2421 94
      vertex -7.55061 22.2434 94
    endloop
  endfacet
  facet normal -0.249138 0.661962 -0.70692
    outer loop
      vertex -7.55411 22.2421 94
      vertex -6.42879 18.9386 90.51
      vertex -7.65367 18.4776 90.51
    endloop
  endfacet
  facet normal -0.448717 0.546735 -0.706918
    outer loop
      vertex -12.1752 15.8671 90.51
      vertex -15.4851 17.6631 94
      vertex -14.2998 18.6359 94
    endloop
  endfacet
  facet normal -0.333438 -0.623767 -0.706918
    outer loop
      vertex -11.7417 -20.3447 94
      vertex -10 -17.3205 90.51
      vertex -8.84577 -17.9375 90.51
    endloop
  endfacet
  facet normal -0.338651 -0.620859 -0.707
    outer loop
      vertex -10 -17.3205 90.51
      vertex -11.7417 -20.3447 94
      vertex -11.745 -20.3429 94
    endloop
  endfacet
  facet normal -0.623788 0.333413 -0.706912
    outer loop
      vertex -17.9375 8.84577 90.51
      vertex -21.0675 10.3894 94
      vertex -20.3447 11.7417 94
    endloop
  endfacet
  facet normal -0.291891 -0.644258 -0.706916
    outer loop
      vertex -10.386 -21.0691 94
      vertex -8.84577 -17.9375 90.51
      vertex -7.65367 -18.4776 90.51
    endloop
  endfacet
  facet normal -0.301112 -0.639863 -0.707041
    outer loop
      vertex -8.84577 -17.9375 90.51
      vertex -10.386 -21.0691 94
      vertex -10.3894 -21.0675 94
    endloop
  endfacet
  facet normal -0.697852 -0.11522 -0.706914
    outer loop
      vertex -23.2884 -3.06975 94
      vertex -19.8289 -2.61052 90.51
      vertex -19.6157 -3.90181 90.51
    endloop
  endfacet
  facet normal -0.698105 -0.113513 -0.70694
    outer loop
      vertex -19.8289 -2.61052 90.51
      vertex -23.2884 -3.06975 94
      vertex -23.289 -3.06606 94
    endloop
  endfacet
  facet normal -0.600652 -0.373481 -0.706915
    outer loop
      vertex -19.5332 -13.0472 94
      vertex -20.3429 -11.745 94
      vertex -17.3205 -10 90.51
    endloop
  endfacet
  facet normal -0.623788 -0.333413 -0.706912
    outer loop
      vertex -20.3447 -11.7417 94
      vertex -21.0675 -10.3894 94
      vertex -17.9375 -8.84577 90.51
    endloop
  endfacet
  facet normal -0.644265 -0.291881 -0.706914
    outer loop
      vertex -21.0691 -10.386 94
      vertex -21.7019 -8.98923 94
      vertex -18.4776 -7.65367 90.51
    endloop
  endfacet
  facet normal 0.450922 0.544865 -0.706959
    outer loop
      vertex 13.1869 15.0368 90.51
      vertex 15.4851 17.6631 94
      vertex 15.488 17.6607 94
    endloop
  endfacet
  facet normal 0.448711 0.546743 -0.706916
    outer loop
      vertex 15.4851 17.6631 94
      vertex 13.1869 15.0368 90.51
      vertex 12.1752 15.8671 90.51
    endloop
  endfacet
  facet normal -0.0189181 -0.70698 -0.70698
    outer loop
      vertex -0.00373705 -23.4899 94
      vertex 0 -20 90.51
      vertex 0 -23.49 94
    endloop
  endfacet
  facet normal -0.0231304 -0.706915 -0.70692
    outer loop
      vertex 0 -20 90.51
      vertex -0.00373705 -23.4899 94
      vertex -1.30806 -19.9572 90.51
    endloop
  endfacet
  facet normal -0.546743 0.448711 -0.706916
    outer loop
      vertex -17.6631 15.4851 94
      vertex -15.0368 13.1869 90.51
      vertex -15.8671 12.1752 90.51
    endloop
  endfacet
  facet normal -0.544865 0.450922 -0.706959
    outer loop
      vertex -15.0368 13.1869 90.51
      vertex -17.6631 15.4851 94
      vertex -17.6607 15.488 94
    endloop
  endfacet
  facet normal 0.450922 -0.544865 -0.706959
    outer loop
      vertex 15.4851 -17.6631 94
      vertex 13.1869 -15.0368 90.51
      vertex 15.488 -17.6607 94
    endloop
  endfacet
  facet normal 0.448711 -0.546743 -0.706916
    outer loop
      vertex 13.1869 -15.0368 90.51
      vertex 15.4851 -17.6631 94
      vertex 12.1752 -15.8671 90.51
    endloop
  endfacet
  facet normal -0.207753 -0.67614 -0.706876
    outer loop
      vertex -6.08324 -22.6885 94
      vertex -5.17638 -19.3185 90.51
      vertex -6.07966 -22.6896 94
    endloop
  endfacet
  facet normal -0.20531 -0.676842 -0.706918
    outer loop
      vertex -5.17638 -19.3185 90.51
      vertex -6.08324 -22.6885 94
      vertex -6.42879 -18.9386 90.51
    endloop
  endfacet
  facet normal 0 -0.146739 0.989175
    outer loop
      vertex -24.7 -1.07819 60.947
      vertex -19.9572 -1.30806 60.9129
      vertex -19.9647 -1.07819 60.947
    endloop
  endfacet
  facet normal 1.11724e-07 -0.146737 0.989176
    outer loop
      vertex -24.7 -2.14599 60.7886
      vertex -19.9572 -1.30806 60.9129
      vertex -24.7 -1.07819 60.947
    endloop
  endfacet
  facet normal 0 -0.146736 0.989176
    outer loop
      vertex -19.9572 -1.30806 60.9129
      vertex -24.7 -2.14599 60.7886
      vertex -19.8746 -2.14599 60.7886
    endloop
  endfacet
  facet normal 0.000175236 0.803181 -0.595735
    outer loop
      vertex -18.0927 8.50311 43.0217
      vertex -18 9.14616 43.8887
      vertex -18 8.70773 43.2976
    endloop
  endfacet
  facet normal 0 0.80319 -0.595723
    outer loop
      vertex -18 9.14616 43.8887
      vertex -18.0927 8.50311 43.0217
      vertex -24.7 9.14616 43.8887
    endloop
  endfacet
  facet normal 0 0.80319 -0.595723
    outer loop
      vertex -24.7 9.14616 43.8887
      vertex -18.0927 8.50311 43.0217
      vertex -24.7 8.50311 43.0217
    endloop
  endfacet
  facet normal 0 -0.0490972 0.998794
    outer loop
      vertex -24.7 -1.07819 60.947
      vertex -20 0 61
      vertex -24.7 0 61
    endloop
  endfacet
  facet normal 0 -0.0490972 0.998794
    outer loop
      vertex -20 0 61
      vertex -24.7 -1.07819 60.947
      vertex -19.9647 -1.07819 60.947
    endloop
  endfacet
  facet normal 0 0.740973 -0.671535
    outer loop
      vertex -18.4212 7.77817 42.2218
      vertex -24.7 8.50311 43.0217
      vertex -18.0927 8.50311 43.0217
    endloop
  endfacet
  facet normal 0 0.740973 -0.671535
    outer loop
      vertex -24.7 8.50311 43.0217
      vertex -18.4212 7.77817 42.2218
      vertex -24.7 7.77817 42.2218
    endloop
  endfacet
  facet normal 0 -0.636681 -0.771127
    outer loop
      vertex -24.7 -0.00353527 34.4401
      vertex -19.9999 -0.00317192 34.4398
      vertex -19.9999 -0.00353527 34.4401
    endloop
  endfacet
  facet normal -0 -0.636681 -0.771127
    outer loop
      vertex -19.9999 -0.00317192 34.4398
      vertex -24.7 -0.00353527 34.4401
      vertex -24.7 -0.00317192 34.4398
    endloop
  endfacet
  facet normal -0 -0.740973 -0.671535
    outer loop
      vertex -18.4212 -7.77817 42.2218
      vertex -24.7 -8.50311 43.0217
      vertex -24.7 -7.77817 42.2218
    endloop
  endfacet
  facet normal 0 -0.740973 -0.671535
    outer loop
      vertex -24.7 -8.50311 43.0217
      vertex -18.4212 -7.77817 42.2218
      vertex -18.0927 -8.50311 43.0217
    endloop
  endfacet
  facet normal 0 0.941566 0.336829
    outer loop
      vertex -18 10.5263 53.1931
      vertex -24.7 10.1627 54.2095
      vertex -18 10.1627 54.2095
    endloop
  endfacet
  facet normal 0 0.941566 0.336829
    outer loop
      vertex -24.7 10.1627 54.2095
      vertex -18 10.5263 53.1931
      vertex -24.7 10.5263 53.1931
    endloop
  endfacet
  facet normal 0 -0.989176 0.146737
    outer loop
      vertex -24.7 -10.947 51.0782
      vertex -18 -10.7886 52.146
      vertex -24.7 -10.7886 52.146
    endloop
  endfacet
  facet normal 0 -0.989176 0.146737
    outer loop
      vertex -18 -10.7886 52.146
      vertex -24.7 -10.947 51.0782
      vertex -18 -10.947 51.0782
    endloop
  endfacet
  facet normal -0 0.0490972 0.998794
    outer loop
      vertex -24.7 1.07819 60.947
      vertex -20 0 61
      vertex -19.9647 1.07819 60.947
    endloop
  endfacet
  facet normal 0 0.0490972 0.998794
    outer loop
      vertex -20 0 61
      vertex -24.7 1.07819 60.947
      vertex -24.7 0 61
    endloop
  endfacet
  facet normal 0 0.989176 0.146737
    outer loop
      vertex -18 10.947 51.0782
      vertex -24.7 10.7886 52.146
      vertex -18 10.7886 52.146
    endloop
  endfacet
  facet normal 0 0.989176 0.146737
    outer loop
      vertex -24.7 10.7886 52.146
      vertex -18 10.947 51.0782
      vertex -24.7 10.947 51.0782
    endloop
  endfacet
  facet normal 0 -0.80319 0.595723
    outer loop
      vertex -24.7 -9.14616 56.1113
      vertex -18.0927 -8.50311 56.9783
      vertex -24.7 -8.50311 56.9783
    endloop
  endfacet
  facet normal 0 -0.80319 0.595723
    outer loop
      vertex -18 -9.14616 56.1113
      vertex -18.0927 -8.50311 56.9783
      vertex -24.7 -9.14616 56.1113
    endloop
  endfacet
  facet normal 0.000175236 -0.803181 0.595735
    outer loop
      vertex -18.0927 -8.50311 56.9783
      vertex -18 -9.14616 56.1113
      vertex -18 -8.70773 56.7024
    endloop
  endfacet
  facet normal 0 0.707391 -0.706823
    outer loop
      vertex -18.4776 7.65367 42.0972
      vertex -24.7 7.77817 42.2218
      vertex -18.4212 7.77817 42.2218
    endloop
  endfacet
  facet normal 1.56026e-06 0.70743 -0.706784
    outer loop
      vertex -18.9386 6.42879 40.8712
      vertex -24.7 7.77817 42.2218
      vertex -18.4776 7.65367 42.0972
    endloop
  endfacet
  facet normal -5.22362e-06 0.707415 -0.706798
    outer loop
      vertex -19.3185 5.17638 39.6177
      vertex -24.7 7.77817 42.2218
      vertex -18.9386 6.42879 40.8712
    endloop
  endfacet
  facet normal 2.37009e-05 0.707445 -0.706768
    outer loop
      vertex -19.6157 3.90181 38.3419
      vertex -24.7 7.77817 42.2218
      vertex -19.3185 5.17638 39.6177
    endloop
  endfacet
  facet normal -2.56652e-05 0.707413 -0.706801
    outer loop
      vertex -19.8289 2.61052 37.0495
      vertex -24.7 7.77817 42.2218
      vertex -19.6157 3.90181 38.3419
    endloop
  endfacet
  facet normal -1.02158e-05 0.707444 -0.70677
    outer loop
      vertex -24.7 0.00353527 34.4401
      vertex -19.8289 2.61052 37.0495
      vertex -19.9572 1.30806 35.7458
    endloop
  endfacet
  facet normal 0 0.707425 -0.706788
    outer loop
      vertex -24.7 0.00353527 34.4401
      vertex -19.9572 1.30806 35.7458
      vertex -19.9999 0.00353527 34.4401
    endloop
  endfacet
  facet normal 6.6961e-06 0.707428 -0.706786
    outer loop
      vertex -19.8289 2.61052 37.0495
      vertex -24.7 0.00353527 34.4401
      vertex -24.7 7.77817 42.2218
    endloop
  endfacet
  facet normal 0 -0.970028 -0.242993
    outer loop
      vertex -24.7 -10.5263 46.8069
      vertex -18 -10.7886 47.854
      vertex -24.7 -10.7886 47.854
    endloop
  endfacet
  facet normal 0 -0.970028 -0.242993
    outer loop
      vertex -18 -10.7886 47.854
      vertex -24.7 -10.5263 46.8069
      vertex -18 -10.5263 46.8069
    endloop
  endfacet
  facet normal 0 -0.21132 -0.977417
    outer loop
      vertex -24.7 -0.00191307 34.439
      vertex -20 -0.00145054 34.4389
      vertex -19.9999 -0.00191307 34.439
    endloop
  endfacet
  facet normal -0 -0.21132 -0.977417
    outer loop
      vertex -20 -0.00145054 34.4389
      vertex -24.7 -0.00191307 34.439
      vertex -24.7 -0.00145054 34.4389
    endloop
  endfacet
  facet normal 0 -0.903988 0.427558
    outer loop
      vertex -24.7 -10.1627 54.2095
      vertex -18 -9.70113 55.1854
      vertex -24.7 -9.70113 55.1854
    endloop
  endfacet
  facet normal 0 -0.903988 0.427558
    outer loop
      vertex -18 -9.70113 55.1854
      vertex -24.7 -10.1627 54.2095
      vertex -18 -10.1627 54.2095
    endloop
  endfacet
  facet normal 0 0 -1
    outer loop
      vertex -24.7 0.000974655 34.4387
      vertex -20 0.000489235 34.4387
      vertex -24.7 0.000489235 34.4387
    endloop
  endfacet
  facet normal 0 0 -1
    outer loop
      vertex -20 0.000489235 34.4387
      vertex -24.7 0.000974655 34.4387
      vertex -20 0.000974655 34.4387
    endloop
  endfacet
  facet normal -0 0.336889 0.941544
    outer loop
      vertex -24.7 4.20952 60.1627
      vertex -19.6157 3.90181 60.2728
      vertex -19.544 4.20952 60.1627
    endloop
  endfacet
  facet normal -5.48078e-06 0.336808 0.941573
    outer loop
      vertex -24.7 4.20952 60.1627
      vertex -19.7327 3.19313 60.5263
      vertex -19.6157 3.90181 60.2728
    endloop
  endfacet
  facet normal 0 0.336832 0.941565
    outer loop
      vertex -19.7327 3.19313 60.5263
      vertex -24.7 4.20952 60.1627
      vertex -24.7 3.19313 60.5263
    endloop
  endfacet
  facet normal 0 0.998794 0.0490967
    outer loop
      vertex -18 11 50
      vertex -24.7 10.947 51.0782
      vertex -18 10.947 51.0782
    endloop
  endfacet
  facet normal 0 0.998794 0.0490967
    outer loop
      vertex -24.7 10.947 51.0782
      vertex -18 11 50
      vertex -24.7 11 50
    endloop
  endfacet
  facet normal 0 0.857726 0.514107
    outer loop
      vertex -18 9.70113 55.1854
      vertex -24.7 9.14616 56.1113
      vertex -18 9.14616 56.1113
    endloop
  endfacet
  facet normal 0 0.857726 0.514107
    outer loop
      vertex -24.7 9.14616 56.1113
      vertex -18 9.70113 55.1854
      vertex -24.7 9.70113 55.1854
    endloop
  endfacet
  facet normal 0 -0.740973 0.671535
    outer loop
      vertex -24.7 -8.50311 56.9783
      vertex -18.4212 -7.77817 57.7782
      vertex -24.7 -7.77817 57.7782
    endloop
  endfacet
  facet normal 0 -0.740973 0.671535
    outer loop
      vertex -18.4212 -7.77817 57.7782
      vertex -24.7 -8.50311 56.9783
      vertex -18.0927 -8.50311 56.9783
    endloop
  endfacet
  facet normal 0 -0.242865 0.97006
    outer loop
      vertex -24.7 -2.14599 60.7886
      vertex -19.8289 -2.61052 60.6723
      vertex -19.8746 -2.14599 60.7886
    endloop
  endfacet
  facet normal -1.21402e-05 -0.242985 0.97003
    outer loop
      vertex -24.7 -3.19313 60.5263
      vertex -19.8289 -2.61052 60.6723
      vertex -24.7 -2.14599 60.7886
    endloop
  endfacet
  facet normal 0 -0.24308 0.970006
    outer loop
      vertex -19.8289 -2.61052 60.6723
      vertex -24.7 -3.19313 60.5263
      vertex -19.7327 -3.19313 60.5263
    endloop
  endfacet
  facet normal 0 0.636681 -0.771127
    outer loop
      vertex -24.7 0.00353527 34.4401
      vertex -19.9999 0.00317192 34.4398
      vertex -24.7 0.00317192 34.4398
    endloop
  endfacet
  facet normal 0 0.636681 -0.771127
    outer loop
      vertex -19.9999 0.00317192 34.4398
      vertex -24.7 0.00353527 34.4401
      vertex -19.9999 0.00353527 34.4401
    endloop
  endfacet
  facet normal -0 0.146736 0.989176
    outer loop
      vertex -24.7 2.14599 60.7886
      vertex -19.9572 1.30806 60.9129
      vertex -19.8746 2.14599 60.7886
    endloop
  endfacet
  facet normal 1.11724e-07 0.146737 0.989176
    outer loop
      vertex -24.7 1.07819 60.947
      vertex -19.9572 1.30806 60.9129
      vertex -24.7 2.14599 60.7886
    endloop
  endfacet
  facet normal 0 0.146739 0.989175
    outer loop
      vertex -19.9572 1.30806 60.9129
      vertex -24.7 1.07819 60.947
      vertex -19.9647 1.07819 60.947
    endloop
  endfacet
  facet normal 0 -0.903988 -0.427558
    outer loop
      vertex -24.7 -9.70113 44.8146
      vertex -18 -10.1627 45.7905
      vertex -24.7 -10.1627 45.7905
    endloop
  endfacet
  facet normal 0 -0.903988 -0.427558
    outer loop
      vertex -18 -10.1627 45.7905
      vertex -24.7 -9.70113 44.8146
      vertex -18 -9.70113 44.8146
    endloop
  endfacet
  facet normal 0 0.970028 0.242993
    outer loop
      vertex -18 10.7886 52.146
      vertex -24.7 10.5263 53.1931
      vertex -18 10.5263 53.1931
    endloop
  endfacet
  facet normal 0 0.970028 0.242993
    outer loop
      vertex -24.7 10.5263 53.1931
      vertex -18 10.7886 52.146
      vertex -24.7 10.7886 52.146
    endloop
  endfacet
  facet normal -0 0.514056 0.857757
    outer loop
      vertex -24.7 6.11127 59.1462
      vertex -19.3158 5.18536 59.7011
      vertex -19.0349 6.11127 59.1462
    endloop
  endfacet
  facet normal 0 0.514056 0.857757
    outer loop
      vertex -19.3158 5.18536 59.7011
      vertex -24.7 6.11127 59.1462
      vertex -24.7 5.18536 59.7011
    endloop
  endfacet
  facet normal -0 0.740973 0.671535
    outer loop
      vertex -24.7 8.50311 56.9783
      vertex -18.4212 7.77817 57.7782
      vertex -18.0927 8.50311 56.9783
    endloop
  endfacet
  facet normal 0 0.740973 0.671535
    outer loop
      vertex -18.4212 7.77817 57.7782
      vertex -24.7 8.50311 56.9783
      vertex -24.7 7.77817 57.7782
    endloop
  endfacet
  facet normal 0 0.941566 -0.336829
    outer loop
      vertex -18 10.1627 45.7905
      vertex -24.7 10.5263 46.8069
      vertex -18 10.5263 46.8069
    endloop
  endfacet
  facet normal 0 0.941566 -0.336829
    outer loop
      vertex -24.7 10.5263 46.8069
      vertex -18 10.1627 45.7905
      vertex -24.7 10.1627 45.7905
    endloop
  endfacet
  facet normal 0 0 -1
    outer loop
      vertex -24.7 -0.000489235 34.4387
      vertex -20 0 34.4387
      vertex -20 -0.000489235 34.4387
    endloop
  endfacet
  facet normal -0 0 -1
    outer loop
      vertex -20 0 34.4387
      vertex -24.7 -0.000489235 34.4387
      vertex -24.7 0 34.4387
    endloop
  endfacet
  facet normal 0 -0.857726 -0.514107
    outer loop
      vertex -24.7 -9.14616 43.8887
      vertex -18 -9.70113 44.8146
      vertex -24.7 -9.70113 44.8146
    endloop
  endfacet
  facet normal 0 -0.857726 -0.514107
    outer loop
      vertex -18 -9.70113 44.8146
      vertex -24.7 -9.14616 43.8887
      vertex -18 -9.14616 43.8887
    endloop
  endfacet
  facet normal 0 0.857726 -0.514107
    outer loop
      vertex -18 9.14616 43.8887
      vertex -24.7 9.70113 44.8146
      vertex -18 9.70113 44.8146
    endloop
  endfacet
  facet normal 0 0.857726 -0.514107
    outer loop
      vertex -24.7 9.70113 44.8146
      vertex -18 9.14616 43.8887
      vertex -24.7 9.14616 43.8887
    endloop
  endfacet
  facet normal 0 -0.80319 -0.595723
    outer loop
      vertex -18.0927 -8.50311 43.0217
      vertex -18 -9.14616 43.8887
      vertex -24.7 -9.14616 43.8887
    endloop
  endfacet
  facet normal -0 -0.80319 -0.595723
    outer loop
      vertex -18.0927 -8.50311 43.0217
      vertex -24.7 -9.14616 43.8887
      vertex -24.7 -8.50311 43.0217
    endloop
  endfacet
  facet normal 0.000175236 -0.803181 -0.595735
    outer loop
      vertex -18 -9.14616 43.8887
      vertex -18.0927 -8.50311 43.0217
      vertex -18 -8.70773 43.2976
    endloop
  endfacet
  facet normal 0.000175236 0.803181 0.595735
    outer loop
      vertex -18 9.14616 56.1113
      vertex -18.0927 8.50311 56.9783
      vertex -18 8.70773 56.7024
    endloop
  endfacet
  facet normal 0 0.80319 0.595723
    outer loop
      vertex -18.0927 8.50311 56.9783
      vertex -18 9.14616 56.1113
      vertex -24.7 9.14616 56.1113
    endloop
  endfacet
  facet normal 0 0.80319 0.595723
    outer loop
      vertex -18.0927 8.50311 56.9783
      vertex -24.7 9.14616 56.1113
      vertex -24.7 8.50311 56.9783
    endloop
  endfacet
  facet normal -0 0.671428 0.74107
    outer loop
      vertex -24.7 7.77817 57.7782
      vertex -18.4776 7.65367 57.891
      vertex -18.4212 7.77817 57.7782
    endloop
  endfacet
  facet normal 4.91727e-06 0.671562 0.740948
    outer loop
      vertex -24.7 7.77817 57.7782
      vertex -18.7318 6.97833 58.5031
      vertex -18.4776 7.65367 57.891
    endloop
  endfacet
  facet normal 0 0.671542 0.740966
    outer loop
      vertex -18.7318 6.97833 58.5031
      vertex -24.7 7.77817 57.7782
      vertex -24.7 6.97833 58.5031
    endloop
  endfacet
  facet normal -0 0.595731 0.803184
    outer loop
      vertex -24.7 6.97833 58.5031
      vertex -18.9386 6.42879 58.9107
      vertex -18.7318 6.97833 58.5031
    endloop
  endfacet
  facet normal -1.91253e-06 0.595718 0.803194
    outer loop
      vertex -24.7 6.97833 58.5031
      vertex -19.0349 6.11127 59.1462
      vertex -18.9386 6.42879 58.9107
    endloop
  endfacet
  facet normal 0 0.595726 0.803188
    outer loop
      vertex -19.0349 6.11127 59.1462
      vertex -24.7 6.97833 58.5031
      vertex -24.7 6.11127 59.1462
    endloop
  endfacet
  facet normal 0 -0.941566 0.336829
    outer loop
      vertex -24.7 -10.5263 53.1931
      vertex -18 -10.1627 54.2095
      vertex -24.7 -10.1627 54.2095
    endloop
  endfacet
  facet normal 0 -0.941566 0.336829
    outer loop
      vertex -18 -10.1627 54.2095
      vertex -24.7 -10.5263 53.1931
      vertex -18 -10.5263 53.1931
    endloop
  endfacet
  facet normal 0 -0.941566 -0.336829
    outer loop
      vertex -24.7 -10.1627 45.7905
      vertex -18 -10.5263 46.8069
      vertex -24.7 -10.5263 46.8069
    endloop
  endfacet
  facet normal 0 -0.941566 -0.336829
    outer loop
      vertex -18 -10.5263 46.8069
      vertex -24.7 -10.1627 45.7905
      vertex -18 -10.1627 45.7905
    endloop
  endfacet
  facet normal -0 0.24308 0.970006
    outer loop
      vertex -24.7 3.19313 60.5263
      vertex -19.8289 2.61052 60.6723
      vertex -19.7327 3.19313 60.5263
    endloop
  endfacet
  facet normal -1.21402e-05 0.242985 0.97003
    outer loop
      vertex -24.7 2.14599 60.7886
      vertex -19.8289 2.61052 60.6723
      vertex -24.7 3.19313 60.5263
    endloop
  endfacet
  facet normal 0 0.242865 0.97006
    outer loop
      vertex -19.8289 2.61052 60.6723
      vertex -24.7 2.14599 60.7886
      vertex -19.8746 2.14599 60.7886
    endloop
  endfacet
  facet normal 0 0.21132 -0.977417
    outer loop
      vertex -24.7 0.00191307 34.439
      vertex -20 0.00145054 34.4389
      vertex -24.7 0.00145054 34.4389
    endloop
  endfacet
  facet normal 0 0.21132 -0.977417
    outer loop
      vertex -20 0.00145054 34.4389
      vertex -24.7 0.00191307 34.439
      vertex -19.9999 0.00191307 34.439
    endloop
  endfacet
  facet normal 1 0 0
    outer loop
      vertex -18 10.947 51.0782
      vertex -18 10.947 48.9218
      vertex -18 11 50
    endloop
  endfacet
  facet normal 1 0 0
    outer loop
      vertex -18 10.7886 52.146
      vertex -18 10.947 48.9218
      vertex -18 10.947 51.0782
    endloop
  endfacet
  facet normal 1 0 0
    outer loop
      vertex -18 10.7886 52.146
      vertex -18 10.7886 47.854
      vertex -18 10.947 48.9218
    endloop
  endfacet
  facet normal 1 0 0
    outer loop
      vertex -18 10.5263 53.1931
      vertex -18 10.7886 47.854
      vertex -18 10.7886 52.146
    endloop
  endfacet
  facet normal 1 0 0
    outer loop
      vertex -18 10.5263 53.1931
      vertex -18 10.5263 46.8069
      vertex -18 10.7886 47.854
    endloop
  endfacet
  facet normal 1 0 0
    outer loop
      vertex -18 10.1627 54.2095
      vertex -18 10.5263 46.8069
      vertex -18 10.5263 53.1931
    endloop
  endfacet
  facet normal 1 0 0
    outer loop
      vertex -18 10.1627 54.2095
      vertex -18 10.1627 45.7905
      vertex -18 10.5263 46.8069
    endloop
  endfacet
  facet normal 1 0 0
    outer loop
      vertex -18 9.70113 55.1854
      vertex -18 10.1627 45.7905
      vertex -18 10.1627 54.2095
    endloop
  endfacet
  facet normal 1 0 0
    outer loop
      vertex -18 9.70113 55.1854
      vertex -18 9.70113 44.8146
      vertex -18 10.1627 45.7905
    endloop
  endfacet
  facet normal 1 0 0
    outer loop
      vertex -18 8.70773 56.7024
      vertex -18 9.70113 55.1854
      vertex -18 9.14616 56.1113
    endloop
  endfacet
  facet normal 1 0 0
    outer loop
      vertex -18 9.70113 55.1854
      vertex -18 8.70773 56.7024
      vertex -18 9.70113 44.8146
    endloop
  endfacet
  facet normal 1 0 0
    outer loop
      vertex -18 8.70773 43.2976
      vertex -18 9.70113 44.8146
      vertex -18 8.70773 56.7024
    endloop
  endfacet
  facet normal 1 0 0
    outer loop
      vertex -18 9.70113 44.8146
      vertex -18 8.70773 43.2976
      vertex -18 9.14616 43.8887
    endloop
  endfacet
  facet normal 1 0 0
    outer loop
      vertex -18 -9.70113 55.1854
      vertex -18 -8.70773 56.7024
      vertex -18 -9.14616 56.1113
    endloop
  endfacet
  facet normal 1 0 0
    outer loop
      vertex -18 -8.70773 56.7024
      vertex -18 -9.70113 55.1854
      vertex -18 -8.70773 43.2976
    endloop
  endfacet
  facet normal 1 -0 0
    outer loop
      vertex -18 -9.70113 44.8146
      vertex -18 -8.70773 43.2976
      vertex -18 -9.70113 55.1854
    endloop
  endfacet
  facet normal 1 0 0
    outer loop
      vertex -18 -8.70773 43.2976
      vertex -18 -9.70113 44.8146
      vertex -18 -9.14616 43.8887
    endloop
  endfacet
  facet normal 1 -0 0
    outer loop
      vertex -18 -10.1627 54.2095
      vertex -18 -9.70113 44.8146
      vertex -18 -9.70113 55.1854
    endloop
  endfacet
  facet normal 1 0 0
    outer loop
      vertex -18 -10.1627 54.2095
      vertex -18 -10.1627 45.7905
      vertex -18 -9.70113 44.8146
    endloop
  endfacet
  facet normal 1 -0 0
    outer loop
      vertex -18 -10.5263 53.1931
      vertex -18 -10.1627 45.7905
      vertex -18 -10.1627 54.2095
    endloop
  endfacet
  facet normal 1 0 0
    outer loop
      vertex -18 -10.5263 53.1931
      vertex -18 -10.5263 46.8069
      vertex -18 -10.1627 45.7905
    endloop
  endfacet
  facet normal 1 -0 0
    outer loop
      vertex -18 -10.7886 52.146
      vertex -18 -10.5263 46.8069
      vertex -18 -10.5263 53.1931
    endloop
  endfacet
  facet normal 1 0 0
    outer loop
      vertex -18 -10.7886 52.146
      vertex -18 -10.7886 47.854
      vertex -18 -10.5263 46.8069
    endloop
  endfacet
  facet normal 1 -0 0
    outer loop
      vertex -18 -10.947 51.0782
      vertex -18 -10.7886 47.854
      vertex -18 -10.7886 52.146
    endloop
  endfacet
  facet normal 1 0 0
    outer loop
      vertex -18 -10.947 51.0782
      vertex -18 -10.947 48.9218
      vertex -18 -10.7886 47.854
    endloop
  endfacet
  facet normal 1 0 -0
    outer loop
      vertex -18 -10.947 48.9218
      vertex -18 -10.947 51.0782
      vertex -18 -11 50
    endloop
  endfacet
  facet normal 0 0.989176 -0.146737
    outer loop
      vertex -18 10.7886 47.854
      vertex -24.7 10.947 48.9218
      vertex -18 10.947 48.9218
    endloop
  endfacet
  facet normal 0 0.989176 -0.146737
    outer loop
      vertex -24.7 10.947 48.9218
      vertex -18 10.7886 47.854
      vertex -24.7 10.7886 47.854
    endloop
  endfacet
  facet normal 0 -0.707391 -0.706823
    outer loop
      vertex -24.7 -7.77817 42.2218
      vertex -18.4776 -7.65367 42.0972
      vertex -18.4212 -7.77817 42.2218
    endloop
  endfacet
  facet normal 1.56026e-06 -0.70743 -0.706784
    outer loop
      vertex -24.7 -7.77817 42.2218
      vertex -18.9386 -6.42879 40.8712
      vertex -18.4776 -7.65367 42.0972
    endloop
  endfacet
  facet normal -5.22362e-06 -0.707415 -0.706798
    outer loop
      vertex -24.7 -7.77817 42.2218
      vertex -19.3185 -5.17638 39.6177
      vertex -18.9386 -6.42879 40.8712
    endloop
  endfacet
  facet normal 2.37009e-05 -0.707445 -0.706768
    outer loop
      vertex -24.7 -7.77817 42.2218
      vertex -19.6157 -3.90181 38.3419
      vertex -19.3185 -5.17638 39.6177
    endloop
  endfacet
  facet normal -2.56652e-05 -0.707413 -0.706801
    outer loop
      vertex -24.7 -7.77817 42.2218
      vertex -19.8289 -2.61052 37.0495
      vertex -19.6157 -3.90181 38.3419
    endloop
  endfacet
  facet normal 6.6961e-06 -0.707428 -0.706786
    outer loop
      vertex -24.7 -0.00353527 34.4401
      vertex -19.8289 -2.61052 37.0495
      vertex -24.7 -7.77817 42.2218
    endloop
  endfacet
  facet normal -1.02158e-05 -0.707444 -0.70677
    outer loop
      vertex -19.8289 -2.61052 37.0495
      vertex -24.7 -0.00353527 34.4401
      vertex -19.9572 -1.30806 35.7458
    endloop
  endfacet
  facet normal 0 -0.707425 -0.706788
    outer loop
      vertex -19.9572 -1.30806 35.7458
      vertex -24.7 -0.00353527 34.4401
      vertex -19.9999 -0.00353527 34.4401
    endloop
  endfacet
  facet normal 0 0.903988 -0.427558
    outer loop
      vertex -18 9.70113 44.8146
      vertex -24.7 10.1627 45.7905
      vertex -18 10.1627 45.7905
    endloop
  endfacet
  facet normal 0 0.903988 -0.427558
    outer loop
      vertex -24.7 10.1627 45.7905
      vertex -18 9.70113 44.8146
      vertex -24.7 9.70113 44.8146
    endloop
  endfacet
  facet normal 0 -0.998794 -0.0490967
    outer loop
      vertex -24.7 -10.947 48.9218
      vertex -18 -11 50
      vertex -24.7 -11 50
    endloop
  endfacet
  facet normal 0 -0.998794 -0.0490967
    outer loop
      vertex -18 -11 50
      vertex -24.7 -10.947 48.9218
      vertex -18 -10.947 48.9218
    endloop
  endfacet
  facet normal 0 -0.605002 -0.796224
    outer loop
      vertex -24.7 -0.00317192 34.4398
      vertex -19.9999 -0.0027771 34.4395
      vertex -19.9999 -0.00317192 34.4398
    endloop
  endfacet
  facet normal -0 -0.605002 -0.796224
    outer loop
      vertex -19.9999 -0.0027771 34.4395
      vertex -24.7 -0.00317192 34.4398
      vertex -24.7 -0.0027771 34.4395
    endloop
  endfacet
  facet normal 0 0.411122 -0.91158
    outer loop
      vertex -24.7 0.00235653 34.4392
      vertex -19.9999 0.00191307 34.439
      vertex -24.7 0.00191307 34.439
    endloop
  endfacet
  facet normal 0 0.411122 -0.91158
    outer loop
      vertex -19.9999 0.00191307 34.439
      vertex -24.7 0.00235653 34.4392
      vertex -19.9999 0.00235653 34.4392
    endloop
  endfacet
  facet normal 0 -0.671542 0.740966
    outer loop
      vertex -24.7 -7.77817 57.7782
      vertex -18.7318 -6.97833 58.5031
      vertex -24.7 -6.97833 58.5031
    endloop
  endfacet
  facet normal 4.91727e-06 -0.671562 0.740948
    outer loop
      vertex -18.7318 -6.97833 58.5031
      vertex -24.7 -7.77817 57.7782
      vertex -18.4776 -7.65367 57.891
    endloop
  endfacet
  facet normal 0 -0.671428 0.74107
    outer loop
      vertex -18.4776 -7.65367 57.891
      vertex -24.7 -7.77817 57.7782
      vertex -18.4212 -7.77817 57.7782
    endloop
  endfacet
  facet normal 0 0.903988 0.427558
    outer loop
      vertex -18 10.1627 54.2095
      vertex -24.7 9.70113 55.1854
      vertex -18 9.70113 55.1854
    endloop
  endfacet
  facet normal 0 0.903988 0.427558
    outer loop
      vertex -24.7 9.70113 55.1854
      vertex -18 10.1627 54.2095
      vertex -24.7 10.1627 54.2095
    endloop
  endfacet
  facet normal 0 0.998794 -0.0490967
    outer loop
      vertex -18 10.947 48.9218
      vertex -24.7 11 50
      vertex -18 11 50
    endloop
  endfacet
  facet normal 0 0.998794 -0.0490967
    outer loop
      vertex -24.7 11 50
      vertex -18 10.947 48.9218
      vertex -24.7 10.947 48.9218
    endloop
  endfacet
  facet normal 0 -0.970028 0.242993
    outer loop
      vertex -24.7 -10.7886 52.146
      vertex -18 -10.5263 53.1931
      vertex -24.7 -10.5263 53.1931
    endloop
  endfacet
  facet normal 0 -0.970028 0.242993
    outer loop
      vertex -18 -10.5263 53.1931
      vertex -24.7 -10.7886 52.146
      vertex -18 -10.7886 52.146
    endloop
  endfacet
  facet normal -0 0.431882 0.90193
    outer loop
      vertex -24.7 5.18536 59.7011
      vertex -19.3185 5.17638 59.7054
      vertex -19.3158 5.18536 59.7011
    endloop
  endfacet
  facet normal -8.84746e-06 0.427564 0.903985
    outer loop
      vertex -24.7 5.18536 59.7011
      vertex -19.544 4.20952 60.1627
      vertex -19.3185 5.17638 59.7054
    endloop
  endfacet
  facet normal 0 0.427602 0.903967
    outer loop
      vertex -19.544 4.20952 60.1627
      vertex -24.7 5.18536 59.7011
      vertex -24.7 4.20952 60.1627
    endloop
  endfacet
  facet normal 0 -0.387444 -0.921893
    outer loop
      vertex -24.7 -0.00145054 34.4389
      vertex -20 -0.000974655 34.4387
      vertex -20 -0.00145054 34.4389
    endloop
  endfacet
  facet normal -0 -0.387444 -0.921893
    outer loop
      vertex -20 -0.000974655 34.4387
      vertex -24.7 -0.00145054 34.4389
      vertex -24.7 -0.000974655 34.4387
    endloop
  endfacet
  facet normal 0 -0.989176 -0.146737
    outer loop
      vertex -24.7 -10.7886 47.854
      vertex -18 -10.947 48.9218
      vertex -24.7 -10.947 48.9218
    endloop
  endfacet
  facet normal 0 -0.989176 -0.146737
    outer loop
      vertex -18 -10.947 48.9218
      vertex -24.7 -10.7886 47.854
      vertex -18 -10.7886 47.854
    endloop
  endfacet
  facet normal 0 -0.514056 0.857757
    outer loop
      vertex -24.7 -6.11127 59.1462
      vertex -19.3158 -5.18536 59.7011
      vertex -24.7 -5.18536 59.7011
    endloop
  endfacet
  facet normal 0 -0.514056 0.857757
    outer loop
      vertex -19.3158 -5.18536 59.7011
      vertex -24.7 -6.11127 59.1462
      vertex -19.0349 -6.11127 59.1462
    endloop
  endfacet
  facet normal 0 -0.857726 0.514107
    outer loop
      vertex -24.7 -9.70113 55.1854
      vertex -18 -9.14616 56.1113
      vertex -24.7 -9.14616 56.1113
    endloop
  endfacet
  facet normal 0 -0.857726 0.514107
    outer loop
      vertex -18 -9.14616 56.1113
      vertex -24.7 -9.70113 55.1854
      vertex -18 -9.70113 55.1854
    endloop
  endfacet
  facet normal 0 -0.998794 0.0490967
    outer loop
      vertex -24.7 -11 50
      vertex -18 -10.947 51.0782
      vertex -24.7 -10.947 51.0782
    endloop
  endfacet
  facet normal 0 -0.998794 0.0490967
    outer loop
      vertex -18 -10.947 51.0782
      vertex -24.7 -11 50
      vertex -18 -11 50
    endloop
  endfacet
  facet normal 0 0.605002 -0.796224
    outer loop
      vertex -24.7 0.00317192 34.4398
      vertex -19.9999 0.0027771 34.4395
      vertex -24.7 0.0027771 34.4395
    endloop
  endfacet
  facet normal 0 0.605002 -0.796224
    outer loop
      vertex -19.9999 0.0027771 34.4395
      vertex -24.7 0.00317192 34.4398
      vertex -19.9999 0.00317192 34.4398
    endloop
  endfacet
  facet normal 0 -0.595726 0.803188
    outer loop
      vertex -24.7 -6.97833 58.5031
      vertex -19.0349 -6.11127 59.1462
      vertex -24.7 -6.11127 59.1462
    endloop
  endfacet
  facet normal -1.91253e-06 -0.595718 0.803194
    outer loop
      vertex -19.0349 -6.11127 59.1462
      vertex -24.7 -6.97833 58.5031
      vertex -18.9386 -6.42879 58.9107
    endloop
  endfacet
  facet normal 0 -0.595731 0.803184
    outer loop
      vertex -18.9386 -6.42879 58.9107
      vertex -24.7 -6.97833 58.5031
      vertex -18.7318 -6.97833 58.5031
    endloop
  endfacet
  facet normal 0 0 -1
    outer loop
      vertex -24.7 0.000489235 34.4387
      vertex -20 0 34.4387
      vertex -24.7 0 34.4387
    endloop
  endfacet
  facet normal 0 0 -1
    outer loop
      vertex -20 0 34.4387
      vertex -24.7 0.000489235 34.4387
      vertex -20 0.000489235 34.4387
    endloop
  endfacet
  facet normal 0 0 -1
    outer loop
      vertex -24.7 -0.000974655 34.4387
      vertex -20 -0.000489235 34.4387
      vertex -20 -0.000974655 34.4387
    endloop
  endfacet
  facet normal -0 0 -1
    outer loop
      vertex -20 -0.000489235 34.4387
      vertex -24.7 -0.000974655 34.4387
      vertex -24.7 -0.000489235 34.4387
    endloop
  endfacet
  facet normal 0 -0.336832 0.941565
    outer loop
      vertex -24.7 -4.20952 60.1627
      vertex -19.7327 -3.19313 60.5263
      vertex -24.7 -3.19313 60.5263
    endloop
  endfacet
  facet normal -5.48078e-06 -0.336808 0.941573
    outer loop
      vertex -19.7327 -3.19313 60.5263
      vertex -24.7 -4.20952 60.1627
      vertex -19.6157 -3.90181 60.2728
    endloop
  endfacet
  facet normal 0 -0.336889 0.941544
    outer loop
      vertex -19.6157 -3.90181 60.2728
      vertex -24.7 -4.20952 60.1627
      vertex -19.544 -4.20952 60.1627
    endloop
  endfacet
  facet normal 0 0.387444 -0.921893
    outer loop
      vertex -24.7 0.00145054 34.4389
      vertex -20 0.000974655 34.4387
      vertex -24.7 0.000974655 34.4387
    endloop
  endfacet
  facet normal 0 0.387444 -0.921893
    outer loop
      vertex -20 0.000974655 34.4387
      vertex -24.7 0.00145054 34.4389
      vertex -20 0.00145054 34.4389
    endloop
  endfacet
  facet normal 0 -0.427602 0.903967
    outer loop
      vertex -24.7 -5.18536 59.7011
      vertex -19.544 -4.20952 60.1627
      vertex -24.7 -4.20952 60.1627
    endloop
  endfacet
  facet normal -8.84746e-06 -0.427564 0.903985
    outer loop
      vertex -19.544 -4.20952 60.1627
      vertex -24.7 -5.18536 59.7011
      vertex -19.3185 -5.17638 59.7054
    endloop
  endfacet
  facet normal 0 -0.431882 0.90193
    outer loop
      vertex -19.3185 -5.17638 59.7054
      vertex -24.7 -5.18536 59.7011
      vertex -19.3158 -5.18536 59.7011
    endloop
  endfacet
  facet normal 0 -0.411122 -0.91158
    outer loop
      vertex -24.7 -0.00235653 34.4392
      vertex -19.9999 -0.00191307 34.439
      vertex -19.9999 -0.00235653 34.4392
    endloop
  endfacet
  facet normal -0 -0.411122 -0.91158
    outer loop
      vertex -19.9999 -0.00191307 34.439
      vertex -24.7 -0.00235653 34.4392
      vertex -24.7 -0.00191307 34.439
    endloop
  endfacet
  facet normal 0 0.970028 -0.242993
    outer loop
      vertex -18 10.5263 46.8069
      vertex -24.7 10.7886 47.854
      vertex -18 10.7886 47.854
    endloop
  endfacet
  facet normal 0 0.970028 -0.242993
    outer loop
      vertex -24.7 10.7886 47.854
      vertex -18 10.5263 46.8069
      vertex -24.7 10.5263 46.8069
    endloop
  endfacet
  facet normal 0 -0.580716 -0.814106
    outer loop
      vertex -24.7 -0.0027771 34.4395
      vertex -19.9999 -0.00235653 34.4392
      vertex -19.9999 -0.0027771 34.4395
    endloop
  endfacet
  facet normal -0 -0.580716 -0.814106
    outer loop
      vertex -19.9999 -0.00235653 34.4392
      vertex -24.7 -0.0027771 34.4395
      vertex -24.7 -0.00235653 34.4392
    endloop
  endfacet
  facet normal 0 0.580716 -0.814106
    outer loop
      vertex -24.7 0.0027771 34.4395
      vertex -19.9999 0.00235653 34.4392
      vertex -24.7 0.00235653 34.4392
    endloop
  endfacet
  facet normal 0 0.580716 -0.814106
    outer loop
      vertex -19.9999 0.00235653 34.4392
      vertex -24.7 0.0027771 34.4395
      vertex -19.9999 0.0027771 34.4395
    endloop
  endfacet
  facet normal -1 0 0
    outer loop
      vertex -24.7 5.75 50
      vertex -24.7 11 50
      vertex -24.7 10.947 48.9218
    endloop
  endfacet
  facet normal -1 0 0
    outer loop
      vertex -24.7 5.72231 49.4364
      vertex -24.7 10.947 48.9218
      vertex -24.7 10.7886 47.854
    endloop
  endfacet
  facet normal -1 0 0
    outer loop
      vertex -24.7 11 50
      vertex -24.7 5.75 50
      vertex -24.7 10.947 51.0782
    endloop
  endfacet
  facet normal -1 0 0
    outer loop
      vertex -24.7 5.63951 48.8782
      vertex -24.7 10.7886 47.854
      vertex -24.7 10.5263 46.8069
    endloop
  endfacet
  facet normal -1 0 0
    outer loop
      vertex -24.7 5.72231 50.5636
      vertex -24.7 10.947 51.0782
      vertex -24.7 5.75 50
    endloop
  endfacet
  facet normal -1 0 0
    outer loop
      vertex -24.7 5.5024 48.3309
      vertex -24.7 10.5263 46.8069
      vertex -24.7 10.1627 45.7905
    endloop
  endfacet
  facet normal -1 -0 0
    outer loop
      vertex -24.7 10.947 51.0782
      vertex -24.7 5.72231 50.5636
      vertex -24.7 10.7886 52.146
    endloop
  endfacet
  facet normal -1 0 0
    outer loop
      vertex -24.7 5.3123 47.7996
      vertex -24.7 10.1627 45.7905
      vertex -24.7 9.70113 44.8146
    endloop
  endfacet
  facet normal -1 0 0
    outer loop
      vertex -24.7 5.63951 51.1218
      vertex -24.7 10.7886 52.146
      vertex -24.7 5.72231 50.5636
    endloop
  endfacet
  facet normal -1 0 0
    outer loop
      vertex -24.7 5.07104 47.2895
      vertex -24.7 9.70113 44.8146
      vertex -24.7 9.14616 43.8887
    endloop
  endfacet
  facet normal -1 -0 0
    outer loop
      vertex -24.7 10.7886 52.146
      vertex -24.7 5.63951 51.1218
      vertex -24.7 10.5263 53.1931
    endloop
  endfacet
  facet normal -1 0 0
    outer loop
      vertex -24.7 4.78094 46.8055
      vertex -24.7 9.14616 43.8887
      vertex -24.7 8.50311 43.0217
    endloop
  endfacet
  facet normal -1 0 0
    outer loop
      vertex -24.7 5.5024 51.6691
      vertex -24.7 10.5263 53.1931
      vertex -24.7 5.63951 51.1218
    endloop
  endfacet
  facet normal -1 0 0
    outer loop
      vertex -24.7 4.44481 46.3522
      vertex -24.7 8.50311 43.0217
      vertex -24.7 7.77817 42.2218
    endloop
  endfacet
  facet normal -1 -0 0
    outer loop
      vertex -24.7 10.5263 53.1931
      vertex -24.7 5.5024 51.6691
      vertex -24.7 10.1627 54.2095
    endloop
  endfacet
  facet normal -1 0 0
    outer loop
      vertex -24.7 5.3123 52.2004
      vertex -24.7 10.1627 54.2095
      vertex -24.7 5.5024 51.6691
    endloop
  endfacet
  facet normal -1 0 0
    outer loop
      vertex -24.7 5.07104 52.7105
      vertex -24.7 9.70113 55.1854
      vertex -24.7 5.3123 52.2004
    endloop
  endfacet
  facet normal -1 -0 0
    outer loop
      vertex -24.7 10.1627 54.2095
      vertex -24.7 5.3123 52.2004
      vertex -24.7 9.70113 55.1854
    endloop
  endfacet
  facet normal -1 0 0
    outer loop
      vertex -24.7 10.947 48.9218
      vertex -24.7 5.72231 49.4364
      vertex -24.7 5.75 50
    endloop
  endfacet
  facet normal -1 0 0
    outer loop
      vertex -24.7 10.7886 47.854
      vertex -24.7 5.63951 48.8782
      vertex -24.7 5.72231 49.4364
    endloop
  endfacet
  facet normal -1 0 0
    outer loop
      vertex -24.7 10.5263 46.8069
      vertex -24.7 5.5024 48.3309
      vertex -24.7 5.63951 48.8782
    endloop
  endfacet
  facet normal -1 0 0
    outer loop
      vertex -24.7 10.1627 45.7905
      vertex -24.7 5.3123 47.7996
      vertex -24.7 5.5024 48.3309
    endloop
  endfacet
  facet normal -1 0 0
    outer loop
      vertex -24.7 9.70113 44.8146
      vertex -24.7 5.07104 47.2895
      vertex -24.7 5.3123 47.7996
    endloop
  endfacet
  facet normal -1 0 0
    outer loop
      vertex -24.7 9.14616 43.8887
      vertex -24.7 4.78094 46.8055
      vertex -24.7 5.07104 47.2895
    endloop
  endfacet
  facet normal -1 0 0
    outer loop
      vertex -24.7 8.50311 43.0217
      vertex -24.7 4.44481 46.3522
      vertex -24.7 4.78094 46.8055
    endloop
  endfacet
  facet normal -1 0 0
    outer loop
      vertex -24.7 7.77817 42.2218
      vertex -24.7 4.06586 45.9341
      vertex -24.7 4.44481 46.3522
    endloop
  endfacet
  facet normal -1 0 0
    outer loop
      vertex -24.7 7.77817 42.2218
      vertex -24.7 0.670563 42.5329
      vertex -24.7 4.06586 45.9341
    endloop
  endfacet
  facet normal -1 0 0
    outer loop
      vertex -24.7 0.00353527 34.4401
      vertex -24.7 0.670563 42.5329
      vertex -24.7 7.77817 42.2218
    endloop
  endfacet
  facet normal -1 0 0
    outer loop
      vertex -24.7 -0.00353527 34.4401
      vertex -24.7 0.00353527 34.4401
      vertex -24.7 0.00317192 34.4398
    endloop
  endfacet
  facet normal -1 0 0
    outer loop
      vertex -24.7 -0.00353527 34.4401
      vertex -24.7 0.00317192 34.4398
      vertex -24.7 0.0027771 34.4395
    endloop
  endfacet
  facet normal -1 0 0
    outer loop
      vertex -24.7 -0.00353527 34.4401
      vertex -24.7 0.0027771 34.4395
      vertex -24.7 0.00235653 34.4392
    endloop
  endfacet
  facet normal -1 0 0
    outer loop
      vertex -24.7 -0.00353527 34.4401
      vertex -24.7 0.00235653 34.4392
      vertex -24.7 0.00191307 34.439
    endloop
  endfacet
  facet normal -1 0 0
    outer loop
      vertex -24.7 -0.00353527 34.4401
      vertex -24.7 0.00191307 34.439
      vertex -24.7 0.00145054 34.4389
    endloop
  endfacet
  facet normal -1 0 0
    outer loop
      vertex -24.7 -0.00353527 34.4401
      vertex -24.7 0.00145054 34.4389
      vertex -24.7 0.000974655 34.4387
    endloop
  endfacet
  facet normal -1 0 0
    outer loop
      vertex -24.7 -0.00353527 34.4401
      vertex -24.7 0.000974655 34.4387
      vertex -24.7 0.000489235 34.4387
    endloop
  endfacet
  facet normal -1 0 0
    outer loop
      vertex -24.7 -0.00353527 34.4401
      vertex -24.7 0.000489235 34.4387
      vertex -24.7 0 34.4387
    endloop
  endfacet
  facet normal -1 0 0
    outer loop
      vertex -24.7 0.00353527 34.4401
      vertex -24.7 -0.00353527 34.4401
      vertex -24.7 0 42.5
    endloop
  endfacet
  facet normal -1 0 0
    outer loop
      vertex -24.7 -0.00353527 34.4401
      vertex -24.7 0 34.4387
      vertex -24.7 -0.000489235 34.4387
    endloop
  endfacet
  facet normal -1 0 0
    outer loop
      vertex -24.7 -0.00353527 34.4401
      vertex -24.7 -0.000489235 34.4387
      vertex -24.7 -0.000974655 34.4387
    endloop
  endfacet
  facet normal -1 0 0
    outer loop
      vertex -24.7 -0.00353527 34.4401
      vertex -24.7 -0.000974655 34.4387
      vertex -24.7 -0.00145054 34.4389
    endloop
  endfacet
  facet normal -1 0 0
    outer loop
      vertex -24.7 -0.00353527 34.4401
      vertex -24.7 -0.00145054 34.4389
      vertex -24.7 -0.00191307 34.439
    endloop
  endfacet
  facet normal -1 0 0
    outer loop
      vertex -24.7 -0.00353527 34.4401
      vertex -24.7 -0.00191307 34.439
      vertex -24.7 -0.00235653 34.4392
    endloop
  endfacet
  facet normal -1 0 0
    outer loop
      vertex -24.7 -0.00353527 34.4401
      vertex -24.7 -0.00235653 34.4392
      vertex -24.7 -0.0027771 34.4395
    endloop
  endfacet
  facet normal -1 0 0
    outer loop
      vertex -24.7 -0.00353527 34.4401
      vertex -24.7 -0.0027771 34.4395
      vertex -24.7 -0.00317192 34.4398
    endloop
  endfacet
  facet normal -1 0 0
    outer loop
      vertex -24.7 0.00353527 34.4401
      vertex -24.7 0 42.5
      vertex -24.7 0.670563 42.5329
    endloop
  endfacet
  facet normal -1 0 0
    outer loop
      vertex -24.7 -0.00353527 34.4401
      vertex -24.7 -0.670563 42.5329
      vertex -24.7 0 42.5
    endloop
  endfacet
  facet normal -1 0 0
    outer loop
      vertex -24.7 -7.77817 42.2218
      vertex -24.7 -0.670563 42.5329
      vertex -24.7 -0.00353527 34.4401
    endloop
  endfacet
  facet normal -1 -0 0
    outer loop
      vertex -24.7 -0.670563 42.5329
      vertex -24.7 -7.77817 42.2218
      vertex -24.7 -4.06586 45.9341
    endloop
  endfacet
  facet normal -1 -0 0
    outer loop
      vertex -24.7 -4.06586 45.9341
      vertex -24.7 -7.77817 42.2218
      vertex -24.7 -4.44481 46.3522
    endloop
  endfacet
  facet normal -1 0 0
    outer loop
      vertex -24.7 -8.50311 43.0217
      vertex -24.7 -4.44481 46.3522
      vertex -24.7 -7.77817 42.2218
    endloop
  endfacet
  facet normal -1 -0 0
    outer loop
      vertex -24.7 -4.44481 46.3522
      vertex -24.7 -8.50311 43.0217
      vertex -24.7 -4.78094 46.8055
    endloop
  endfacet
  facet normal -1 0 0
    outer loop
      vertex -24.7 -3.64775 54.4448
      vertex -24.7 -6.97833 58.5031
      vertex -24.7 -6.11127 59.1462
    endloop
  endfacet
  facet normal -1 0 0
    outer loop
      vertex -24.7 -11 50
      vertex -24.7 -5.75 50
      vertex -24.7 -5.72231 49.4364
    endloop
  endfacet
  facet normal -1 0 0
    outer loop
      vertex -24.7 -9.14616 43.8887
      vertex -24.7 -4.78094 46.8055
      vertex -24.7 -8.50311 43.0217
    endloop
  endfacet
  facet normal -1 -0 0
    outer loop
      vertex -24.7 -4.78094 46.8055
      vertex -24.7 -9.14616 43.8887
      vertex -24.7 -5.07104 47.2895
    endloop
  endfacet
  facet normal -1 0 0
    outer loop
      vertex -24.7 -9.70113 44.8146
      vertex -24.7 -5.07104 47.2895
      vertex -24.7 -9.14616 43.8887
    endloop
  endfacet
  facet normal -1 -0 0
    outer loop
      vertex -24.7 -5.07104 47.2895
      vertex -24.7 -9.70113 44.8146
      vertex -24.7 -5.3123 47.7996
    endloop
  endfacet
  facet normal -1 0 0
    outer loop
      vertex -24.7 -10.1627 45.7905
      vertex -24.7 -5.3123 47.7996
      vertex -24.7 -9.70113 44.8146
    endloop
  endfacet
  facet normal -1 0 0
    outer loop
      vertex -24.7 -5.72231 50.5636
      vertex -24.7 -7.77817 57.7782
      vertex -24.7 -6.97833 58.5031
    endloop
  endfacet
  facet normal -1 -0 0
    outer loop
      vertex -24.7 -5.3123 47.7996
      vertex -24.7 -10.1627 45.7905
      vertex -24.7 -5.5024 48.3309
    endloop
  endfacet
  facet normal -1 0 0
    outer loop
      vertex -24.7 -5.72231 50.5636
      vertex -24.7 -8.50311 56.9783
      vertex -24.7 -7.77817 57.7782
    endloop
  endfacet
  facet normal -1 0 0
    outer loop
      vertex -24.7 -10.5263 46.8069
      vertex -24.7 -5.5024 48.3309
      vertex -24.7 -10.1627 45.7905
    endloop
  endfacet
  facet normal -1 0 0
    outer loop
      vertex -24.7 -5.72231 50.5636
      vertex -24.7 -9.14616 56.1113
      vertex -24.7 -8.50311 56.9783
    endloop
  endfacet
  facet normal -1 -0 0
    outer loop
      vertex -24.7 -5.5024 48.3309
      vertex -24.7 -10.5263 46.8069
      vertex -24.7 -5.63951 48.8782
    endloop
  endfacet
  facet normal -1 0 0
    outer loop
      vertex -24.7 -5.72231 50.5636
      vertex -24.7 -9.70113 55.1854
      vertex -24.7 -9.14616 56.1113
    endloop
  endfacet
  facet normal -1 0 0
    outer loop
      vertex -24.7 -10.7886 47.854
      vertex -24.7 -5.63951 48.8782
      vertex -24.7 -10.5263 46.8069
    endloop
  endfacet
  facet normal -1 0 0
    outer loop
      vertex -24.7 -5.72231 50.5636
      vertex -24.7 -10.1627 54.2095
      vertex -24.7 -9.70113 55.1854
    endloop
  endfacet
  facet normal -1 -0 0
    outer loop
      vertex -24.7 -5.63951 48.8782
      vertex -24.7 -10.7886 47.854
      vertex -24.7 -5.72231 49.4364
    endloop
  endfacet
  facet normal -1 0 0
    outer loop
      vertex -24.7 -5.72231 50.5636
      vertex -24.7 -10.5263 53.1931
      vertex -24.7 -10.1627 54.2095
    endloop
  endfacet
  facet normal -1 0 0
    outer loop
      vertex -24.7 -10.947 48.9218
      vertex -24.7 -5.72231 49.4364
      vertex -24.7 -10.7886 47.854
    endloop
  endfacet
  facet normal -1 0 0
    outer loop
      vertex -24.7 -5.72231 50.5636
      vertex -24.7 -10.7886 52.146
      vertex -24.7 -10.5263 53.1931
    endloop
  endfacet
  facet normal -1 0 0
    outer loop
      vertex -24.7 -11 50
      vertex -24.7 -5.72231 49.4364
      vertex -24.7 -10.947 48.9218
    endloop
  endfacet
  facet normal -1 0 0
    outer loop
      vertex -24.7 -5.72231 50.5636
      vertex -24.7 -10.947 51.0782
      vertex -24.7 -10.7886 52.146
    endloop
  endfacet
  facet normal -1 0 0
    outer loop
      vertex -24.7 -5.75 50
      vertex -24.7 -11 50
      vertex -24.7 -10.947 51.0782
    endloop
  endfacet
  facet normal -1 -0 0
    outer loop
      vertex -24.7 9.70113 55.1854
      vertex -24.7 5.07104 52.7105
      vertex -24.7 9.14616 56.1113
    endloop
  endfacet
  facet normal -1 0 0
    outer loop
      vertex -24.7 4.78094 53.1945
      vertex -24.7 9.14616 56.1113
      vertex -24.7 5.07104 52.7105
    endloop
  endfacet
  facet normal -1 -0 0
    outer loop
      vertex -24.7 9.14616 56.1113
      vertex -24.7 4.78094 53.1945
      vertex -24.7 8.50311 56.9783
    endloop
  endfacet
  facet normal -1 0 0
    outer loop
      vertex -24.7 4.44481 53.6478
      vertex -24.7 8.50311 56.9783
      vertex -24.7 4.78094 53.1945
    endloop
  endfacet
  facet normal -1 -0 0
    outer loop
      vertex -24.7 8.50311 56.9783
      vertex -24.7 4.44481 53.6478
      vertex -24.7 7.77817 57.7782
    endloop
  endfacet
  facet normal -1 0 0
    outer loop
      vertex -24.7 4.06586 54.0659
      vertex -24.7 7.77817 57.7782
      vertex -24.7 4.44481 53.6478
    endloop
  endfacet
  facet normal -1 -0 0
    outer loop
      vertex -24.7 7.77817 57.7782
      vertex -24.7 4.06586 54.0659
      vertex -24.7 6.97833 58.5031
    endloop
  endfacet
  facet normal -1 0 0
    outer loop
      vertex -24.7 3.64775 54.4448
      vertex -24.7 6.97833 58.5031
      vertex -24.7 4.06586 54.0659
    endloop
  endfacet
  facet normal -1 -0 0
    outer loop
      vertex -24.7 6.97833 58.5031
      vertex -24.7 3.64775 54.4448
      vertex -24.7 6.11127 59.1462
    endloop
  endfacet
  facet normal -1 0 0
    outer loop
      vertex -24.7 3.19452 54.7809
      vertex -24.7 6.11127 59.1462
      vertex -24.7 3.64775 54.4448
    endloop
  endfacet
  facet normal -1 -0 0
    outer loop
      vertex -24.7 6.11127 59.1462
      vertex -24.7 3.19452 54.7809
      vertex -24.7 5.18536 59.7011
    endloop
  endfacet
  facet normal -1 0 0
    outer loop
      vertex -24.7 2.71053 55.071
      vertex -24.7 5.18536 59.7011
      vertex -24.7 3.19452 54.7809
    endloop
  endfacet
  facet normal -1 -0 0
    outer loop
      vertex -24.7 5.18536 59.7011
      vertex -24.7 2.71053 55.071
      vertex -24.7 4.20952 60.1627
    endloop
  endfacet
  facet normal -1 0 0
    outer loop
      vertex -24.7 2.20042 55.3123
      vertex -24.7 4.20952 60.1627
      vertex -24.7 2.71053 55.071
    endloop
  endfacet
  facet normal -1 -0 0
    outer loop
      vertex -24.7 4.20952 60.1627
      vertex -24.7 2.20042 55.3123
      vertex -24.7 3.19313 60.5263
    endloop
  endfacet
  facet normal -1 0 0
    outer loop
      vertex -24.7 1.66913 55.5024
      vertex -24.7 3.19313 60.5263
      vertex -24.7 2.20042 55.3123
    endloop
  endfacet
  facet normal -1 -0 0
    outer loop
      vertex -24.7 3.19313 60.5263
      vertex -24.7 1.66913 55.5024
      vertex -24.7 2.14599 60.7886
    endloop
  endfacet
  facet normal -1 0 0
    outer loop
      vertex -24.7 1.12177 55.6395
      vertex -24.7 2.14599 60.7886
      vertex -24.7 1.66913 55.5024
    endloop
  endfacet
  facet normal -1 0 0
    outer loop
      vertex -24.7 1.12177 55.6395
      vertex -24.7 1.07819 60.947
      vertex -24.7 2.14599 60.7886
    endloop
  endfacet
  facet normal -1 0 0
    outer loop
      vertex -24.7 0.563583 55.7223
      vertex -24.7 1.07819 60.947
      vertex -24.7 1.12177 55.6395
    endloop
  endfacet
  facet normal -1 0 0
    outer loop
      vertex -24.7 0 55.9397
      vertex -24.7 0.563583 55.7223
      vertex -24.7 0.199484 55.7402
    endloop
  endfacet
  facet normal -1 0 0
    outer loop
      vertex -24.7 0.563583 55.7223
      vertex -24.7 0 55.9397
      vertex -24.7 1.07819 60.947
    endloop
  endfacet
  facet normal -1 0 0
    outer loop
      vertex -24.7 0 55.9397
      vertex -24.7 0 61
      vertex -24.7 1.07819 60.947
    endloop
  endfacet
  facet normal -1 0 0
    outer loop
      vertex -24.7 -0.563583 55.7223
      vertex -24.7 0 55.9397
      vertex -24.7 -0.199484 55.7402
    endloop
  endfacet
  facet normal -1 -0 0
    outer loop
      vertex -24.7 0 55.9397
      vertex -24.7 -0.563583 55.7223
      vertex -24.7 -1.07819 60.947
    endloop
  endfacet
  facet normal -1 0 0
    outer loop
      vertex -24.7 0 55.9397
      vertex -24.7 -1.07819 60.947
      vertex -24.7 0 61
    endloop
  endfacet
  facet normal -1 0 0
    outer loop
      vertex -24.7 -1.12177 55.6395
      vertex -24.7 -1.07819 60.947
      vertex -24.7 -0.563583 55.7223
    endloop
  endfacet
  facet normal -1 0 0
    outer loop
      vertex -24.7 -2.14599 60.7886
      vertex -24.7 -1.12177 55.6395
      vertex -24.7 -1.66913 55.5024
    endloop
  endfacet
  facet normal -1 0 0
    outer loop
      vertex -24.7 -1.12177 55.6395
      vertex -24.7 -2.14599 60.7886
      vertex -24.7 -1.07819 60.947
    endloop
  endfacet
  facet normal -1 0 0
    outer loop
      vertex -24.7 -3.19313 60.5263
      vertex -24.7 -1.66913 55.5024
      vertex -24.7 -2.20042 55.3123
    endloop
  endfacet
  facet normal -1 0 0
    outer loop
      vertex -24.7 -4.20952 60.1627
      vertex -24.7 -2.20042 55.3123
      vertex -24.7 -2.71053 55.071
    endloop
  endfacet
  facet normal -1 0 0
    outer loop
      vertex -24.7 -1.66913 55.5024
      vertex -24.7 -3.19313 60.5263
      vertex -24.7 -2.14599 60.7886
    endloop
  endfacet
  facet normal -1 0 0
    outer loop
      vertex -24.7 -5.18536 59.7011
      vertex -24.7 -2.71053 55.071
      vertex -24.7 -3.19452 54.7809
    endloop
  endfacet
  facet normal -1 0 0
    outer loop
      vertex -24.7 -6.11127 59.1462
      vertex -24.7 -3.19452 54.7809
      vertex -24.7 -3.64775 54.4448
    endloop
  endfacet
  facet normal -1 0 0
    outer loop
      vertex -24.7 -6.97833 58.5031
      vertex -24.7 -3.64775 54.4448
      vertex -24.7 -4.06586 54.0659
    endloop
  endfacet
  facet normal -1 0 0
    outer loop
      vertex -24.7 -2.20042 55.3123
      vertex -24.7 -4.20952 60.1627
      vertex -24.7 -3.19313 60.5263
    endloop
  endfacet
  facet normal -1 0 0
    outer loop
      vertex -24.7 -6.97833 58.5031
      vertex -24.7 -4.06586 54.0659
      vertex -24.7 -4.44481 53.6478
    endloop
  endfacet
  facet normal -1 0 0
    outer loop
      vertex -24.7 -6.97833 58.5031
      vertex -24.7 -4.44481 53.6478
      vertex -24.7 -4.78094 53.1945
    endloop
  endfacet
  facet normal -1 0 0
    outer loop
      vertex -24.7 -6.97833 58.5031
      vertex -24.7 -4.78094 53.1945
      vertex -24.7 -5.07104 52.7105
    endloop
  endfacet
  facet normal -1 0 0
    outer loop
      vertex -24.7 -2.71053 55.071
      vertex -24.7 -5.18536 59.7011
      vertex -24.7 -4.20952 60.1627
    endloop
  endfacet
  facet normal -1 0 0
    outer loop
      vertex -24.7 -6.97833 58.5031
      vertex -24.7 -5.07104 52.7105
      vertex -24.7 -5.3123 52.2004
    endloop
  endfacet
  facet normal -1 0 0
    outer loop
      vertex -24.7 -6.97833 58.5031
      vertex -24.7 -5.3123 52.2004
      vertex -24.7 -5.5024 51.6691
    endloop
  endfacet
  facet normal -1 0 0
    outer loop
      vertex -24.7 -6.97833 58.5031
      vertex -24.7 -5.5024 51.6691
      vertex -24.7 -5.63951 51.1218
    endloop
  endfacet
  facet normal -1 0 0
    outer loop
      vertex -24.7 -6.97833 58.5031
      vertex -24.7 -5.63951 51.1218
      vertex -24.7 -5.72231 50.5636
    endloop
  endfacet
  facet normal -1 0 0
    outer loop
      vertex -24.7 -3.19452 54.7809
      vertex -24.7 -6.11127 59.1462
      vertex -24.7 -5.18536 59.7011
    endloop
  endfacet
  facet normal -1 0 0
    outer loop
      vertex -24.7 -10.947 51.0782
      vertex -24.7 -5.72231 50.5636
      vertex -24.7 -5.75 50
    endloop
  endfacet
  facet normal -0 0.595656 0.80324
    outer loop
      vertex -30.2 3.64775 54.4448
      vertex -24.7 3.19452 54.7809
      vertex -24.7 3.64775 54.4448
    endloop
  endfacet
  facet normal 0 0.595656 0.80324
    outer loop
      vertex -24.7 3.19452 54.7809
      vertex -30.2 3.64775 54.4448
      vertex -30.2 3.19452 54.7809
    endloop
  endfacet
  facet normal 0 -0.970024 -0.243011
    outer loop
      vertex -30.2 -5.5024 48.3309
      vertex -24.7 -5.63951 48.8782
      vertex -30.2 -5.63951 48.8782
    endloop
  endfacet
  facet normal 0 -0.970024 -0.243011
    outer loop
      vertex -24.7 -5.63951 48.8782
      vertex -30.2 -5.5024 48.3309
      vertex -24.7 -5.5024 48.3309
    endloop
  endfacet
  facet normal 0 -0.242969 0.970034
    outer loop
      vertex -30.2 -1.12177 55.6395
      vertex -24.7 -1.66913 55.5024
      vertex -24.7 -1.12177 55.6395
    endloop
  endfacet
  facet normal 0 -0.242969 0.970034
    outer loop
      vertex -24.7 -1.66913 55.5024
      vertex -30.2 -1.12177 55.6395
      vertex -30.2 -1.66913 55.5024
    endloop
  endfacet
  facet normal 0 -0.336892 0.941543
    outer loop
      vertex -30.2 -1.66913 55.5024
      vertex -24.7 -2.20042 55.3123
      vertex -24.7 -1.66913 55.5024
    endloop
  endfacet
  facet normal 0 -0.336892 0.941543
    outer loop
      vertex -24.7 -2.20042 55.3123
      vertex -30.2 -1.66913 55.5024
      vertex -30.2 -2.20042 55.3123
    endloop
  endfacet
  facet normal 0 -0.989177 -0.146728
    outer loop
      vertex -30.2 -5.63951 48.8782
      vertex -24.7 -5.72231 49.4364
      vertex -30.2 -5.72231 49.4364
    endloop
  endfacet
  facet normal 0 -0.989177 -0.146728
    outer loop
      vertex -24.7 -5.72231 49.4364
      vertex -30.2 -5.63951 48.8782
      vertex -24.7 -5.63951 48.8782
    endloop
  endfacet
  facet normal 0 -0.998795 0.0490714
    outer loop
      vertex -30.2 -5.75 50
      vertex -24.7 -5.72231 50.5636
      vertex -30.2 -5.72231 50.5636
    endloop
  endfacet
  facet normal 0 -0.998795 0.0490714
    outer loop
      vertex -24.7 -5.72231 50.5636
      vertex -30.2 -5.75 50
      vertex -24.7 -5.75 50
    endloop
  endfacet
  facet normal 0 -0.146732 0.989176
    outer loop
      vertex -30.2 -0.563583 55.7223
      vertex -24.7 -1.12177 55.6395
      vertex -24.7 -0.563583 55.7223
    endloop
  endfacet
  facet normal 0 -0.146732 0.989176
    outer loop
      vertex -24.7 -1.12177 55.6395
      vertex -30.2 -0.563583 55.7223
      vertex -30.2 -1.12177 55.6395
    endloop
  endfacet
  facet normal 0 -0.0491031 0.998794
    outer loop
      vertex -30.2 -0.199484 55.7402
      vertex -24.7 -0.563583 55.7223
      vertex -24.7 -0.199484 55.7402
    endloop
  endfacet
  facet normal 0 -0.0491031 0.998794
    outer loop
      vertex -24.7 -0.563583 55.7223
      vertex -30.2 -0.199484 55.7402
      vertex -30.2 -0.563583 55.7223
    endloop
  endfacet
  facet normal 0 0.707721 -0.706492
    outer loop
      vertex -24.7 0.670563 42.5329
      vertex -30.2 4.06586 45.9341
      vertex -24.7 4.06586 45.9341
    endloop
  endfacet
  facet normal 0 0.707721 -0.706492
    outer loop
      vertex -30.2 4.06586 45.9341
      vertex -24.7 0.670563 42.5329
      vertex -30.2 0.670563 42.5329
    endloop
  endfacet
  facet normal 0 0.903989 -0.427556
    outer loop
      vertex -24.7 5.07104 47.2895
      vertex -30.2 5.3123 47.7996
      vertex -24.7 5.3123 47.7996
    endloop
  endfacet
  facet normal 0 0.903989 -0.427556
    outer loop
      vertex -30.2 5.3123 47.7996
      vertex -24.7 5.07104 47.2895
      vertex -30.2 5.07104 47.2895
    endloop
  endfacet
  facet normal 0 -0.803259 0.59563
    outer loop
      vertex -30.2 -4.78094 53.1945
      vertex -24.7 -4.44481 53.6478
      vertex -30.2 -4.44481 53.6478
    endloop
  endfacet
  facet normal 0 -0.803259 0.59563
    outer loop
      vertex -24.7 -4.44481 53.6478
      vertex -30.2 -4.78094 53.1945
      vertex -24.7 -4.78094 53.1945
    endloop
  endfacet
  facet normal 0 0.803259 0.59563
    outer loop
      vertex -24.7 4.78094 53.1945
      vertex -30.2 4.44481 53.6478
      vertex -24.7 4.44481 53.6478
    endloop
  endfacet
  facet normal 0 0.803259 0.59563
    outer loop
      vertex -30.2 4.44481 53.6478
      vertex -24.7 4.78094 53.1945
      vertex -30.2 4.78094 53.1945
    endloop
  endfacet
  facet normal 0 -0.989177 0.146728
    outer loop
      vertex -30.2 -5.72231 50.5636
      vertex -24.7 -5.63951 51.1218
      vertex -30.2 -5.63951 51.1218
    endloop
  endfacet
  facet normal 0 -0.989177 0.146728
    outer loop
      vertex -24.7 -5.63951 51.1218
      vertex -30.2 -5.72231 50.5636
      vertex -24.7 -5.72231 50.5636
    endloop
  endfacet
  facet normal 0 -0.903989 -0.427556
    outer loop
      vertex -30.2 -5.07104 47.2895
      vertex -24.7 -5.3123 47.7996
      vertex -30.2 -5.3123 47.7996
    endloop
  endfacet
  facet normal 0 -0.903989 -0.427556
    outer loop
      vertex -24.7 -5.3123 47.7996
      vertex -30.2 -5.07104 47.2895
      vertex -24.7 -5.07104 47.2895
    endloop
  endfacet
  facet normal 0 -0.0490043 -0.998799
    outer loop
      vertex -30.2 -0.670563 42.5329
      vertex -24.7 0 42.5
      vertex -24.7 -0.670563 42.5329
    endloop
  endfacet
  facet normal -0 -0.0490043 -0.998799
    outer loop
      vertex -24.7 0 42.5
      vertex -30.2 -0.670563 42.5329
      vertex -30.2 0 42.5
    endloop
  endfacet
  facet normal 0 -0.857727 0.514105
    outer loop
      vertex -30.2 -5.07104 52.7105
      vertex -24.7 -4.78094 53.1945
      vertex -30.2 -4.78094 53.1945
    endloop
  endfacet
  facet normal 0 -0.857727 0.514105
    outer loop
      vertex -24.7 -4.78094 53.1945
      vertex -30.2 -5.07104 52.7105
      vertex -24.7 -5.07104 52.7105
    endloop
  endfacet
  facet normal 0 0.903989 0.427556
    outer loop
      vertex -24.7 5.3123 52.2004
      vertex -30.2 5.07104 52.7105
      vertex -24.7 5.07104 52.7105
    endloop
  endfacet
  facet normal 0 0.903989 0.427556
    outer loop
      vertex -30.2 5.07104 52.7105
      vertex -24.7 5.3123 52.2004
      vertex -30.2 5.3123 52.2004
    endloop
  endfacet
  facet normal 0 -0.941545 0.336886
    outer loop
      vertex -30.2 -5.5024 51.6691
      vertex -24.7 -5.3123 52.2004
      vertex -30.2 -5.3123 52.2004
    endloop
  endfacet
  facet normal 0 -0.941545 0.336886
    outer loop
      vertex -24.7 -5.3123 52.2004
      vertex -30.2 -5.5024 51.6691
      vertex -24.7 -5.5024 51.6691
    endloop
  endfacet
  facet normal 0 -0.998795 -0.0490714
    outer loop
      vertex -30.2 -5.72231 49.4364
      vertex -24.7 -5.75 50
      vertex -30.2 -5.75 50
    endloop
  endfacet
  facet normal 0 -0.998795 -0.0490714
    outer loop
      vertex -24.7 -5.75 50
      vertex -30.2 -5.72231 49.4364
      vertex -24.7 -5.72231 49.4364
    endloop
  endfacet
  facet normal -0 0.242969 0.970034
    outer loop
      vertex -30.2 1.66913 55.5024
      vertex -24.7 1.12177 55.6395
      vertex -24.7 1.66913 55.5024
    endloop
  endfacet
  facet normal 0 0.242969 0.970034
    outer loop
      vertex -24.7 1.12177 55.6395
      vertex -30.2 1.66913 55.5024
      vertex -30.2 1.12177 55.6395
    endloop
  endfacet
  facet normal 0 0.941545 0.336886
    outer loop
      vertex -24.7 5.5024 51.6691
      vertex -30.2 5.3123 52.2004
      vertex -24.7 5.3123 52.2004
    endloop
  endfacet
  facet normal 0 0.941545 0.336886
    outer loop
      vertex -30.2 5.3123 52.2004
      vertex -24.7 5.5024 51.6691
      vertex -30.2 5.5024 51.6691
    endloop
  endfacet
  facet normal 0 -0.903989 0.427556
    outer loop
      vertex -30.2 -5.3123 52.2004
      vertex -24.7 -5.07104 52.7105
      vertex -30.2 -5.07104 52.7105
    endloop
  endfacet
  facet normal 0 -0.903989 0.427556
    outer loop
      vertex -24.7 -5.07104 52.7105
      vertex -30.2 -5.3123 52.2004
      vertex -24.7 -5.3123 52.2004
    endloop
  endfacet
  facet normal -0 0.514113 0.857723
    outer loop
      vertex -30.2 3.19452 54.7809
      vertex -24.7 2.71053 55.071
      vertex -24.7 3.19452 54.7809
    endloop
  endfacet
  facet normal 0 0.514113 0.857723
    outer loop
      vertex -24.7 2.71053 55.071
      vertex -30.2 3.19452 54.7809
      vertex -30.2 2.71053 55.071
    endloop
  endfacet
  facet normal 0 -0.427607 0.903965
    outer loop
      vertex -30.2 -2.20042 55.3123
      vertex -24.7 -2.71053 55.071
      vertex -24.7 -2.20042 55.3123
    endloop
  endfacet
  facet normal 0 -0.427607 0.903965
    outer loop
      vertex -24.7 -2.71053 55.071
      vertex -30.2 -2.20042 55.3123
      vertex -30.2 -2.71053 55.071
    endloop
  endfacet
  facet normal 0 0.0490043 -0.998799
    outer loop
      vertex -30.2 0 42.5
      vertex -24.7 0.670563 42.5329
      vertex -24.7 0 42.5
    endloop
  endfacet
  facet normal 0 0.0490043 -0.998799
    outer loop
      vertex -24.7 0.670563 42.5329
      vertex -30.2 0 42.5
      vertex -30.2 0.670563 42.5329
    endloop
  endfacet
  facet normal 0 -0.740946 -0.671565
    outer loop
      vertex -30.2 -4.06586 45.9341
      vertex -24.7 -4.44481 46.3522
      vertex -30.2 -4.44481 46.3522
    endloop
  endfacet
  facet normal 0 -0.740946 -0.671565
    outer loop
      vertex -24.7 -4.44481 46.3522
      vertex -30.2 -4.06586 45.9341
      vertex -24.7 -4.06586 45.9341
    endloop
  endfacet
  facet normal 0 0.970024 -0.243011
    outer loop
      vertex -24.7 5.5024 48.3309
      vertex -30.2 5.63951 48.8782
      vertex -24.7 5.63951 48.8782
    endloop
  endfacet
  facet normal 0 0.970024 -0.243011
    outer loop
      vertex -30.2 5.63951 48.8782
      vertex -24.7 5.5024 48.3309
      vertex -30.2 5.5024 48.3309
    endloop
  endfacet
  facet normal 0 0.970024 0.243011
    outer loop
      vertex -24.7 5.63951 51.1218
      vertex -30.2 5.5024 51.6691
      vertex -24.7 5.5024 51.6691
    endloop
  endfacet
  facet normal 0 0.970024 0.243011
    outer loop
      vertex -30.2 5.5024 51.6691
      vertex -24.7 5.63951 51.1218
      vertex -30.2 5.63951 51.1218
    endloop
  endfacet
  facet normal 0 -0.671508 0.740998
    outer loop
      vertex -30.2 -3.64775 54.4448
      vertex -24.7 -4.06586 54.0659
      vertex -24.7 -3.64775 54.4448
    endloop
  endfacet
  facet normal 0 -0.671508 0.740998
    outer loop
      vertex -24.7 -4.06586 54.0659
      vertex -30.2 -3.64775 54.4448
      vertex -30.2 -4.06586 54.0659
    endloop
  endfacet
  facet normal 0 -0.970024 0.243011
    outer loop
      vertex -30.2 -5.63951 51.1218
      vertex -24.7 -5.5024 51.6691
      vertex -30.2 -5.5024 51.6691
    endloop
  endfacet
  facet normal 0 -0.970024 0.243011
    outer loop
      vertex -24.7 -5.5024 51.6691
      vertex -30.2 -5.63951 51.1218
      vertex -24.7 -5.63951 51.1218
    endloop
  endfacet
  facet normal 0 0.740946 -0.671565
    outer loop
      vertex -24.7 4.06586 45.9341
      vertex -30.2 4.44481 46.3522
      vertex -24.7 4.44481 46.3522
    endloop
  endfacet
  facet normal 0 0.740946 -0.671565
    outer loop
      vertex -30.2 4.44481 46.3522
      vertex -24.7 4.06586 45.9341
      vertex -30.2 4.06586 45.9341
    endloop
  endfacet
  facet normal 0 0.857727 -0.514105
    outer loop
      vertex -24.7 4.78094 46.8055
      vertex -30.2 5.07104 47.2895
      vertex -24.7 5.07104 47.2895
    endloop
  endfacet
  facet normal 0 0.857727 -0.514105
    outer loop
      vertex -30.2 5.07104 47.2895
      vertex -24.7 4.78094 46.8055
      vertex -30.2 4.78094 46.8055
    endloop
  endfacet
  facet normal 0 -0.595656 0.80324
    outer loop
      vertex -30.2 -3.19452 54.7809
      vertex -24.7 -3.64775 54.4448
      vertex -24.7 -3.19452 54.7809
    endloop
  endfacet
  facet normal 0 -0.595656 0.80324
    outer loop
      vertex -24.7 -3.64775 54.4448
      vertex -30.2 -3.19452 54.7809
      vertex -30.2 -3.64775 54.4448
    endloop
  endfacet
  facet normal 0 -0.740946 0.671565
    outer loop
      vertex -30.2 -4.44481 53.6478
      vertex -24.7 -4.06586 54.0659
      vertex -30.2 -4.06586 54.0659
    endloop
  endfacet
  facet normal 0 -0.740946 0.671565
    outer loop
      vertex -24.7 -4.06586 54.0659
      vertex -30.2 -4.44481 53.6478
      vertex -24.7 -4.44481 53.6478
    endloop
  endfacet
  facet normal -0 0.336892 0.941543
    outer loop
      vertex -30.2 2.20042 55.3123
      vertex -24.7 1.66913 55.5024
      vertex -24.7 2.20042 55.3123
    endloop
  endfacet
  facet normal 0 0.336892 0.941543
    outer loop
      vertex -24.7 1.66913 55.5024
      vertex -30.2 2.20042 55.3123
      vertex -30.2 1.66913 55.5024
    endloop
  endfacet
  facet normal 0 0.989177 -0.146728
    outer loop
      vertex -24.7 5.63951 48.8782
      vertex -30.2 5.72231 49.4364
      vertex -24.7 5.72231 49.4364
    endloop
  endfacet
  facet normal 0 0.989177 -0.146728
    outer loop
      vertex -30.2 5.72231 49.4364
      vertex -24.7 5.63951 48.8782
      vertex -30.2 5.63951 48.8782
    endloop
  endfacet
  facet normal 0 0.998795 0.0490714
    outer loop
      vertex -24.7 5.75 50
      vertex -30.2 5.72231 50.5636
      vertex -24.7 5.72231 50.5636
    endloop
  endfacet
  facet normal 0 0.998795 0.0490714
    outer loop
      vertex -30.2 5.72231 50.5636
      vertex -24.7 5.75 50
      vertex -30.2 5.75 50
    endloop
  endfacet
  facet normal 0 -0.803259 -0.59563
    outer loop
      vertex -30.2 -4.44481 46.3522
      vertex -24.7 -4.78094 46.8055
      vertex -30.2 -4.78094 46.8055
    endloop
  endfacet
  facet normal 0 -0.803259 -0.59563
    outer loop
      vertex -24.7 -4.78094 46.8055
      vertex -30.2 -4.44481 46.3522
      vertex -24.7 -4.44481 46.3522
    endloop
  endfacet
  facet normal 0 0.989177 0.146728
    outer loop
      vertex -24.7 5.72231 50.5636
      vertex -30.2 5.63951 51.1218
      vertex -24.7 5.63951 51.1218
    endloop
  endfacet
  facet normal 0 0.989177 0.146728
    outer loop
      vertex -30.2 5.63951 51.1218
      vertex -24.7 5.72231 50.5636
      vertex -30.2 5.72231 50.5636
    endloop
  endfacet
  facet normal -0 0.427607 0.903965
    outer loop
      vertex -30.2 2.71053 55.071
      vertex -24.7 2.20042 55.3123
      vertex -24.7 2.71053 55.071
    endloop
  endfacet
  facet normal 0 0.427607 0.903965
    outer loop
      vertex -24.7 2.20042 55.3123
      vertex -30.2 2.71053 55.071
      vertex -30.2 2.20042 55.3123
    endloop
  endfacet
  facet normal 0 0.857727 0.514105
    outer loop
      vertex -24.7 5.07104 52.7105
      vertex -30.2 4.78094 53.1945
      vertex -24.7 4.78094 53.1945
    endloop
  endfacet
  facet normal 0 0.857727 0.514105
    outer loop
      vertex -30.2 4.78094 53.1945
      vertex -24.7 5.07104 52.7105
      vertex -30.2 5.07104 52.7105
    endloop
  endfacet
  facet normal -0 0.146732 0.989176
    outer loop
      vertex -30.2 1.12177 55.6395
      vertex -24.7 0.563583 55.7223
      vertex -24.7 1.12177 55.6395
    endloop
  endfacet
  facet normal 0 0.146732 0.989176
    outer loop
      vertex -24.7 0.563583 55.7223
      vertex -30.2 1.12177 55.6395
      vertex -30.2 0.563583 55.7223
    endloop
  endfacet
  facet normal 0 0.740946 0.671565
    outer loop
      vertex -24.7 4.44481 53.6478
      vertex -30.2 4.06586 54.0659
      vertex -24.7 4.06586 54.0659
    endloop
  endfacet
  facet normal 0 0.740946 0.671565
    outer loop
      vertex -30.2 4.06586 54.0659
      vertex -24.7 4.44481 53.6478
      vertex -30.2 4.44481 53.6478
    endloop
  endfacet
  facet normal -0 0.0491031 0.998794
    outer loop
      vertex -30.2 0.563583 55.7223
      vertex -24.7 0.199484 55.7402
      vertex -24.7 0.563583 55.7223
    endloop
  endfacet
  facet normal 0 0.0491031 0.998794
    outer loop
      vertex -24.7 0.199484 55.7402
      vertex -30.2 0.563583 55.7223
      vertex -30.2 0.199484 55.7402
    endloop
  endfacet
  facet normal 0 0.941545 -0.336886
    outer loop
      vertex -24.7 5.3123 47.7996
      vertex -30.2 5.5024 48.3309
      vertex -24.7 5.5024 48.3309
    endloop
  endfacet
  facet normal 0 0.941545 -0.336886
    outer loop
      vertex -30.2 5.5024 48.3309
      vertex -24.7 5.3123 47.7996
      vertex -30.2 5.3123 47.7996
    endloop
  endfacet
  facet normal 0 -0.514113 0.857723
    outer loop
      vertex -30.2 -2.71053 55.071
      vertex -24.7 -3.19452 54.7809
      vertex -24.7 -2.71053 55.071
    endloop
  endfacet
  facet normal 0 -0.514113 0.857723
    outer loop
      vertex -24.7 -3.19452 54.7809
      vertex -30.2 -2.71053 55.071
      vertex -30.2 -3.19452 54.7809
    endloop
  endfacet
  facet normal 0 -0.707721 -0.706492
    outer loop
      vertex -30.2 -0.670563 42.5329
      vertex -24.7 -4.06586 45.9341
      vertex -30.2 -4.06586 45.9341
    endloop
  endfacet
  facet normal 0 -0.707721 -0.706492
    outer loop
      vertex -24.7 -4.06586 45.9341
      vertex -30.2 -0.670563 42.5329
      vertex -24.7 -0.670563 42.5329
    endloop
  endfacet
  facet normal 0 0.998795 -0.0490714
    outer loop
      vertex -24.7 5.72231 49.4364
      vertex -30.2 5.75 50
      vertex -24.7 5.75 50
    endloop
  endfacet
  facet normal 0 0.998795 -0.0490714
    outer loop
      vertex -30.2 5.75 50
      vertex -24.7 5.72231 49.4364
      vertex -30.2 5.72231 49.4364
    endloop
  endfacet
  facet normal -0 0.671508 0.740998
    outer loop
      vertex -30.2 4.06586 54.0659
      vertex -24.7 3.64775 54.4448
      vertex -24.7 4.06586 54.0659
    endloop
  endfacet
  facet normal 0 0.671508 0.740998
    outer loop
      vertex -24.7 3.64775 54.4448
      vertex -30.2 4.06586 54.0659
      vertex -30.2 3.64775 54.4448
    endloop
  endfacet
  facet normal 0 -0.857727 -0.514105
    outer loop
      vertex -30.2 -4.78094 46.8055
      vertex -24.7 -5.07104 47.2895
      vertex -30.2 -5.07104 47.2895
    endloop
  endfacet
  facet normal 0 -0.857727 -0.514105
    outer loop
      vertex -24.7 -5.07104 47.2895
      vertex -30.2 -4.78094 46.8055
      vertex -24.7 -4.78094 46.8055
    endloop
  endfacet
  facet normal 0 0.803259 -0.59563
    outer loop
      vertex -24.7 4.44481 46.3522
      vertex -30.2 4.78094 46.8055
      vertex -24.7 4.78094 46.8055
    endloop
  endfacet
  facet normal 0 0.803259 -0.59563
    outer loop
      vertex -30.2 4.78094 46.8055
      vertex -24.7 4.44481 46.3522
      vertex -30.2 4.44481 46.3522
    endloop
  endfacet
  facet normal -1 0 0
    outer loop
      vertex -30.2 4.2 50
      vertex -30.2 5.75 50
      vertex -30.2 5.72231 49.4364
    endloop
  endfacet
  facet normal -1 0 0
    outer loop
      vertex -30.2 4.17976 49.5883
      vertex -30.2 5.72231 49.4364
      vertex -30.2 5.63951 48.8782
    endloop
  endfacet
  facet normal -1 0 0
    outer loop
      vertex -30.2 5.75 50
      vertex -30.2 4.2 50
      vertex -30.2 5.72231 50.5636
    endloop
  endfacet
  facet normal -1 0 0
    outer loop
      vertex -30.2 4.11929 49.1806
      vertex -30.2 5.63951 48.8782
      vertex -30.2 5.5024 48.3309
    endloop
  endfacet
  facet normal -1 0 0
    outer loop
      vertex -30.2 4.17976 50.4117
      vertex -30.2 5.72231 50.5636
      vertex -30.2 4.2 50
    endloop
  endfacet
  facet normal -1 0 0
    outer loop
      vertex -30.2 4.01913 48.7808
      vertex -30.2 5.5024 48.3309
      vertex -30.2 5.3123 47.7996
    endloop
  endfacet
  facet normal -1 -0 0
    outer loop
      vertex -30.2 5.72231 50.5636
      vertex -30.2 4.17976 50.4117
      vertex -30.2 5.63951 51.1218
    endloop
  endfacet
  facet normal -1 0 0
    outer loop
      vertex -30.2 3.88028 48.3927
      vertex -30.2 5.3123 47.7996
      vertex -30.2 5.07104 47.2895
    endloop
  endfacet
  facet normal -1 0 0
    outer loop
      vertex -30.2 4.11929 50.8194
      vertex -30.2 5.63951 51.1218
      vertex -30.2 4.17976 50.4117
    endloop
  endfacet
  facet normal -1 0 0
    outer loop
      vertex -30.2 3.70406 48.0201
      vertex -30.2 5.07104 47.2895
      vertex -30.2 4.78094 46.8055
    endloop
  endfacet
  facet normal -1 -0 0
    outer loop
      vertex -30.2 5.63951 51.1218
      vertex -30.2 4.11929 50.8194
      vertex -30.2 5.5024 51.6691
    endloop
  endfacet
  facet normal -1 0 0
    outer loop
      vertex -30.2 3.49217 47.6666
      vertex -30.2 4.78094 46.8055
      vertex -30.2 4.44481 46.3522
    endloop
  endfacet
  facet normal -1 0 0
    outer loop
      vertex -30.2 4.01913 51.2192
      vertex -30.2 5.5024 51.6691
      vertex -30.2 4.11929 50.8194
    endloop
  endfacet
  facet normal -1 -0 0
    outer loop
      vertex -30.2 5.5024 51.6691
      vertex -30.2 4.01913 51.2192
      vertex -30.2 5.3123 52.2004
    endloop
  endfacet
  facet normal -1 0 0
    outer loop
      vertex -30.2 5.72231 49.4364
      vertex -30.2 4.17976 49.5883
      vertex -30.2 4.2 50
    endloop
  endfacet
  facet normal -1 0 0
    outer loop
      vertex -30.2 5.63951 48.8782
      vertex -30.2 4.11929 49.1806
      vertex -30.2 4.17976 49.5883
    endloop
  endfacet
  facet normal -1 0 0
    outer loop
      vertex -30.2 3.24664 47.3356
      vertex -30.2 4.44481 46.3522
      vertex -30.2 4.06586 45.9341
    endloop
  endfacet
  facet normal -1 0 0
    outer loop
      vertex -30.2 5.5024 48.3309
      vertex -30.2 4.01913 48.7808
      vertex -30.2 4.11929 49.1806
    endloop
  endfacet
  facet normal -1 0 0
    outer loop
      vertex -30.2 5.3123 47.7996
      vertex -30.2 3.88028 48.3927
      vertex -30.2 4.01913 48.7808
    endloop
  endfacet
  facet normal -1 0 0
    outer loop
      vertex -30.2 5.07104 47.2895
      vertex -30.2 3.70406 48.0201
      vertex -30.2 3.88028 48.3927
    endloop
  endfacet
  facet normal -1 0 0
    outer loop
      vertex -30.2 4.78094 46.8055
      vertex -30.2 3.49217 47.6666
      vertex -30.2 3.70406 48.0201
    endloop
  endfacet
  facet normal -1 0 0
    outer loop
      vertex -30.2 4.44481 46.3522
      vertex -30.2 3.24664 47.3356
      vertex -30.2 3.49217 47.6666
    endloop
  endfacet
  facet normal -1 0 0
    outer loop
      vertex -30.2 4.06586 45.9341
      vertex -30.2 2.96983 47.0302
      vertex -30.2 3.24664 47.3356
    endloop
  endfacet
  facet normal -1 0 0
    outer loop
      vertex -30.2 4.06586 45.9341
      vertex -30.2 2.66444 46.7534
      vertex -30.2 2.96983 47.0302
    endloop
  endfacet
  facet normal -1 0 0
    outer loop
      vertex -30.2 4.06586 45.9341
      vertex -30.2 2.33339 46.5078
      vertex -30.2 2.66444 46.7534
    endloop
  endfacet
  facet normal -1 0 0
    outer loop
      vertex -30.2 4.06586 45.9341
      vertex -30.2 1.97986 46.2959
      vertex -30.2 2.33339 46.5078
    endloop
  endfacet
  facet normal -1 0 0
    outer loop
      vertex -30.2 4.06586 45.9341
      vertex -30.2 1.60727 46.1197
      vertex -30.2 1.97986 46.2959
    endloop
  endfacet
  facet normal -1 0 0
    outer loop
      vertex -30.2 0.670563 42.5329
      vertex -30.2 1.60727 46.1197
      vertex -30.2 4.06586 45.9341
    endloop
  endfacet
  facet normal -1 0 0
    outer loop
      vertex -30.2 1.60727 46.1197
      vertex -30.2 0.670563 42.5329
      vertex -30.2 1.21919 45.9809
    endloop
  endfacet
  facet normal -1 0 0
    outer loop
      vertex -30.2 1.21919 45.9809
      vertex -30.2 0.670563 42.5329
      vertex -30.2 0.819366 45.8807
    endloop
  endfacet
  facet normal -1 0 0
    outer loop
      vertex -30.2 0.670563 42.5329
      vertex -30.2 0.411667 45.8202
      vertex -30.2 0.819366 45.8807
    endloop
  endfacet
  facet normal -1 0 0
    outer loop
      vertex -30.2 0 45.8
      vertex -30.2 0.670563 42.5329
      vertex -30.2 0 42.5
    endloop
  endfacet
  facet normal -1 0 0
    outer loop
      vertex -30.2 0.670563 42.5329
      vertex -30.2 0 45.8
      vertex -30.2 0.411667 45.8202
    endloop
  endfacet
  facet normal -1 0 0
    outer loop
      vertex -30.2 -0.670563 42.5329
      vertex -30.2 0 45.8
      vertex -30.2 0 42.5
    endloop
  endfacet
  facet normal -1 -0 0
    outer loop
      vertex -30.2 0 45.8
      vertex -30.2 -0.670563 42.5329
      vertex -30.2 -0.411667 45.8202
    endloop
  endfacet
  facet normal -1 0 0
    outer loop
      vertex -30.2 -0.670563 42.5329
      vertex -30.2 -0.819366 45.8807
      vertex -30.2 -0.411667 45.8202
    endloop
  endfacet
  facet normal -1 0 0
    outer loop
      vertex -30.2 -0.670563 42.5329
      vertex -30.2 -1.21919 45.9809
      vertex -30.2 -0.819366 45.8807
    endloop
  endfacet
  facet normal -1 0 0
    outer loop
      vertex -30.2 -0.670563 42.5329
      vertex -30.2 -1.60727 46.1197
      vertex -30.2 -1.21919 45.9809
    endloop
  endfacet
  facet normal -1 0 0
    outer loop
      vertex -30.2 -4.06586 45.9341
      vertex -30.2 -1.60727 46.1197
      vertex -30.2 -0.670563 42.5329
    endloop
  endfacet
  facet normal -1 -0 0
    outer loop
      vertex -30.2 -1.60727 46.1197
      vertex -30.2 -4.06586 45.9341
      vertex -30.2 -1.97986 46.2959
    endloop
  endfacet
  facet normal -1 -0 0
    outer loop
      vertex -30.2 -1.97986 46.2959
      vertex -30.2 -4.06586 45.9341
      vertex -30.2 -2.33339 46.5078
    endloop
  endfacet
  facet normal -1 -0 0
    outer loop
      vertex -30.2 -2.33339 46.5078
      vertex -30.2 -4.06586 45.9341
      vertex -30.2 -2.66444 46.7534
    endloop
  endfacet
  facet normal -1 -0 0
    outer loop
      vertex -30.2 -2.66444 46.7534
      vertex -30.2 -4.06586 45.9341
      vertex -30.2 -2.96983 47.0302
    endloop
  endfacet
  facet normal -1 -0 0
    outer loop
      vertex -30.2 -2.96983 47.0302
      vertex -30.2 -4.06586 45.9341
      vertex -30.2 -3.24664 47.3356
    endloop
  endfacet
  facet normal -1 0 0
    outer loop
      vertex -30.2 -4.44481 46.3522
      vertex -30.2 -3.24664 47.3356
      vertex -30.2 -4.06586 45.9341
    endloop
  endfacet
  facet normal -1 -0 0
    outer loop
      vertex -30.2 -3.24664 47.3356
      vertex -30.2 -4.44481 46.3522
      vertex -30.2 -3.49217 47.6666
    endloop
  endfacet
  facet normal -1 0 0
    outer loop
      vertex -30.2 -4.78094 46.8055
      vertex -30.2 -3.49217 47.6666
      vertex -30.2 -4.44481 46.3522
    endloop
  endfacet
  facet normal -1 -0 0
    outer loop
      vertex -30.2 -3.49217 47.6666
      vertex -30.2 -4.78094 46.8055
      vertex -30.2 -3.70406 48.0201
    endloop
  endfacet
  facet normal -1 0 0
    outer loop
      vertex -30.2 -5.07104 47.2895
      vertex -30.2 -3.70406 48.0201
      vertex -30.2 -4.78094 46.8055
    endloop
  endfacet
  facet normal -1 -0 0
    outer loop
      vertex -30.2 -3.70406 48.0201
      vertex -30.2 -5.07104 47.2895
      vertex -30.2 -3.88028 48.3927
    endloop
  endfacet
  facet normal -1 0 0
    outer loop
      vertex -30.2 -5.3123 47.7996
      vertex -30.2 -3.88028 48.3927
      vertex -30.2 -5.07104 47.2895
    endloop
  endfacet
  facet normal -1 -0 0
    outer loop
      vertex -30.2 -3.88028 48.3927
      vertex -30.2 -5.3123 47.7996
      vertex -30.2 -4.01913 48.7808
    endloop
  endfacet
  facet normal -1 0 0
    outer loop
      vertex -30.2 3.88028 51.6073
      vertex -30.2 5.3123 52.2004
      vertex -30.2 4.01913 51.2192
    endloop
  endfacet
  facet normal -1 -0 0
    outer loop
      vertex -30.2 5.3123 52.2004
      vertex -30.2 3.88028 51.6073
      vertex -30.2 5.07104 52.7105
    endloop
  endfacet
  facet normal -1 0 0
    outer loop
      vertex -30.2 3.70406 51.9799
      vertex -30.2 5.07104 52.7105
      vertex -30.2 3.88028 51.6073
    endloop
  endfacet
  facet normal -1 -0 0
    outer loop
      vertex -30.2 5.07104 52.7105
      vertex -30.2 3.70406 51.9799
      vertex -30.2 4.78094 53.1945
    endloop
  endfacet
  facet normal -1 0 0
    outer loop
      vertex -30.2 3.49217 52.3334
      vertex -30.2 4.78094 53.1945
      vertex -30.2 3.70406 51.9799
    endloop
  endfacet
  facet normal -1 -0 0
    outer loop
      vertex -30.2 4.78094 53.1945
      vertex -30.2 3.49217 52.3334
      vertex -30.2 4.44481 53.6478
    endloop
  endfacet
  facet normal -1 0 0
    outer loop
      vertex -30.2 3.24664 52.6644
      vertex -30.2 4.44481 53.6478
      vertex -30.2 3.49217 52.3334
    endloop
  endfacet
  facet normal -1 -0 0
    outer loop
      vertex -30.2 4.44481 53.6478
      vertex -30.2 3.24664 52.6644
      vertex -30.2 4.06586 54.0659
    endloop
  endfacet
  facet normal -1 0 0
    outer loop
      vertex -30.2 2.96983 52.9698
      vertex -30.2 4.06586 54.0659
      vertex -30.2 3.24664 52.6644
    endloop
  endfacet
  facet normal -1 -0 0
    outer loop
      vertex -30.2 4.06586 54.0659
      vertex -30.2 2.96983 52.9698
      vertex -30.2 3.64775 54.4448
    endloop
  endfacet
  facet normal -1 -0 0
    outer loop
      vertex -30.2 3.64775 54.4448
      vertex -30.2 2.96983 52.9698
      vertex -30.2 3.19452 54.7809
    endloop
  endfacet
  facet normal -1 0 0
    outer loop
      vertex -30.2 2.96983 52.9698
      vertex -30.2 2.71053 55.071
      vertex -30.2 3.19452 54.7809
    endloop
  endfacet
  facet normal -1 0 0
    outer loop
      vertex -30.2 2.96983 52.9698
      vertex -30.2 2.20042 55.3123
      vertex -30.2 2.71053 55.071
    endloop
  endfacet
  facet normal -1 0 0
    outer loop
      vertex -30.2 2.96983 52.9698
      vertex -30.2 1.66913 55.5024
      vertex -30.2 2.20042 55.3123
    endloop
  endfacet
  facet normal -1 0 0
    outer loop
      vertex -30.2 2.96983 52.9698
      vertex -30.2 1.12177 55.6395
      vertex -30.2 1.66913 55.5024
    endloop
  endfacet
  facet normal -1 0 0
    outer loop
      vertex -30.2 2.96983 52.9698
      vertex -30.2 0.563583 55.7223
      vertex -30.2 1.12177 55.6395
    endloop
  endfacet
  facet normal -1 -0 -0
    outer loop
      vertex -30.2 0.563583 55.7223
      vertex -30.2 2.96983 52.9698
      vertex -30.2 0.199484 55.7402
    endloop
  endfacet
  facet normal -1 0 0
    outer loop
      vertex -30.2 -2.96983 52.9698
      vertex -30.2 -0.563583 55.7223
      vertex -30.2 -0.199484 55.7402
    endloop
  endfacet
  facet normal -1 0 0
    outer loop
      vertex -30.2 -0.563583 55.7223
      vertex -30.2 -2.96983 52.9698
      vertex -30.2 -1.12177 55.6395
    endloop
  endfacet
  facet normal -1 0 0
    outer loop
      vertex -30.2 -1.12177 55.6395
      vertex -30.2 -2.96983 52.9698
      vertex -30.2 -1.66913 55.5024
    endloop
  endfacet
  facet normal -1 0 0
    outer loop
      vertex -30.2 -1.66913 55.5024
      vertex -30.2 -2.96983 52.9698
      vertex -30.2 -2.20042 55.3123
    endloop
  endfacet
  facet normal -1 0 0
    outer loop
      vertex -30.2 -2.20042 55.3123
      vertex -30.2 -2.96983 52.9698
      vertex -30.2 -2.71053 55.071
    endloop
  endfacet
  facet normal -1 0 0
    outer loop
      vertex -30.2 -2.96983 52.9698
      vertex -30.2 -3.19452 54.7809
      vertex -30.2 -2.71053 55.071
    endloop
  endfacet
  facet normal -1 0 0
    outer loop
      vertex -30.2 -4.06586 54.0659
      vertex -30.2 -2.96983 52.9698
      vertex -30.2 -3.24664 52.6644
    endloop
  endfacet
  facet normal -1 0 0
    outer loop
      vertex -30.2 -4.44481 53.6478
      vertex -30.2 -3.24664 52.6644
      vertex -30.2 -3.49217 52.3334
    endloop
  endfacet
  facet normal -1 0 0
    outer loop
      vertex -30.2 -2.96983 52.9698
      vertex -30.2 -3.64775 54.4448
      vertex -30.2 -3.19452 54.7809
    endloop
  endfacet
  facet normal -1 0 0
    outer loop
      vertex -30.2 -4.78094 53.1945
      vertex -30.2 -3.49217 52.3334
      vertex -30.2 -3.70406 51.9799
    endloop
  endfacet
  facet normal -1 0 0
    outer loop
      vertex -30.2 -5.07104 52.7105
      vertex -30.2 -3.70406 51.9799
      vertex -30.2 -3.88028 51.6073
    endloop
  endfacet
  facet normal -1 0 0
    outer loop
      vertex -30.2 -5.3123 52.2004
      vertex -30.2 -3.88028 51.6073
      vertex -30.2 -4.01913 51.2192
    endloop
  endfacet
  facet normal -1 0 0
    outer loop
      vertex -30.2 -2.96983 52.9698
      vertex -30.2 -4.06586 54.0659
      vertex -30.2 -3.64775 54.4448
    endloop
  endfacet
  facet normal -1 0 0
    outer loop
      vertex -30.2 -5.5024 51.6691
      vertex -30.2 -4.01913 51.2192
      vertex -30.2 -4.11929 50.8194
    endloop
  endfacet
  facet normal -1 0 0
    outer loop
      vertex -30.2 -5.63951 51.1218
      vertex -30.2 -4.11929 50.8194
      vertex -30.2 -4.17976 50.4117
    endloop
  endfacet
  facet normal -1 0 0
    outer loop
      vertex -30.2 -5.72231 50.5636
      vertex -30.2 -4.17976 50.4117
      vertex -30.2 -4.2 50
    endloop
  endfacet
  facet normal -1 0 0
    outer loop
      vertex -30.2 -5.5024 48.3309
      vertex -30.2 -4.01913 48.7808
      vertex -30.2 -5.3123 47.7996
    endloop
  endfacet
  facet normal -1 0 0
    outer loop
      vertex -30.2 -3.24664 52.6644
      vertex -30.2 -4.44481 53.6478
      vertex -30.2 -4.06586 54.0659
    endloop
  endfacet
  facet normal -1 -0 0
    outer loop
      vertex -30.2 -4.01913 48.7808
      vertex -30.2 -5.5024 48.3309
      vertex -30.2 -4.11929 49.1806
    endloop
  endfacet
  facet normal -1 0 0
    outer loop
      vertex -30.2 -3.49217 52.3334
      vertex -30.2 -4.78094 53.1945
      vertex -30.2 -4.44481 53.6478
    endloop
  endfacet
  facet normal -1 0 0
    outer loop
      vertex -30.2 -5.63951 48.8782
      vertex -30.2 -4.11929 49.1806
      vertex -30.2 -5.5024 48.3309
    endloop
  endfacet
  facet normal -1 0 0
    outer loop
      vertex -30.2 -3.70406 51.9799
      vertex -30.2 -5.07104 52.7105
      vertex -30.2 -4.78094 53.1945
    endloop
  endfacet
  facet normal -1 -0 0
    outer loop
      vertex -30.2 -4.11929 49.1806
      vertex -30.2 -5.63951 48.8782
      vertex -30.2 -4.17976 49.5883
    endloop
  endfacet
  facet normal -1 0 0
    outer loop
      vertex -30.2 -3.88028 51.6073
      vertex -30.2 -5.3123 52.2004
      vertex -30.2 -5.07104 52.7105
    endloop
  endfacet
  facet normal -1 0 0
    outer loop
      vertex -30.2 -5.72231 49.4364
      vertex -30.2 -4.17976 49.5883
      vertex -30.2 -5.63951 48.8782
    endloop
  endfacet
  facet normal -1 0 0
    outer loop
      vertex -30.2 -4.01913 51.2192
      vertex -30.2 -5.5024 51.6691
      vertex -30.2 -5.3123 52.2004
    endloop
  endfacet
  facet normal -1 -0 0
    outer loop
      vertex -30.2 -4.17976 49.5883
      vertex -30.2 -5.72231 49.4364
      vertex -30.2 -4.2 50
    endloop
  endfacet
  facet normal -1 0 0
    outer loop
      vertex -30.2 -4.11929 50.8194
      vertex -30.2 -5.63951 51.1218
      vertex -30.2 -5.5024 51.6691
    endloop
  endfacet
  facet normal -1 0 0
    outer loop
      vertex -30.2 -5.75 50
      vertex -30.2 -4.2 50
      vertex -30.2 -5.72231 49.4364
    endloop
  endfacet
  facet normal -1 0 0
    outer loop
      vertex -30.2 -4.17976 50.4117
      vertex -30.2 -5.72231 50.5636
      vertex -30.2 -5.63951 51.1218
    endloop
  endfacet
  facet normal -1 0 0
    outer loop
      vertex -30.2 -4.2 50
      vertex -30.2 -5.75 50
      vertex -30.2 -5.72231 50.5636
    endloop
  endfacet
  facet normal 0 -0.941545 -0.336886
    outer loop
      vertex -30.2 -5.3123 47.7996
      vertex -24.7 -5.5024 48.3309
      vertex -30.2 -5.5024 48.3309
    endloop
  endfacet
  facet normal 0 -0.941545 -0.336886
    outer loop
      vertex -24.7 -5.5024 48.3309
      vertex -30.2 -5.3123 47.7996
      vertex -24.7 -5.3123 47.7996
    endloop
  endfacet
  facet normal 0 -0.146739 0.989175
    outer loop
      vertex 19.9572 -1.30806 60.9129
      vertex 24.7 -1.07819 60.947
      vertex 19.9647 -1.07819 60.947
    endloop
  endfacet
  facet normal -1.11724e-07 -0.146737 0.989176
    outer loop
      vertex 24.7 -1.07819 60.947
      vertex 19.9572 -1.30806 60.9129
      vertex 24.7 -2.14599 60.7886
    endloop
  endfacet
  facet normal 0 -0.146736 0.989176
    outer loop
      vertex 24.7 -2.14599 60.7886
      vertex 19.9572 -1.30806 60.9129
      vertex 19.8746 -2.14599 60.7886
    endloop
  endfacet
  facet normal 0 0.80319 -0.595723
    outer loop
      vertex 18.0927 8.50311 43.0217
      vertex 18 9.14616 43.8887
      vertex 24.7 9.14616 43.8887
    endloop
  endfacet
  facet normal 0 0.80319 -0.595723
    outer loop
      vertex 18.0927 8.50311 43.0217
      vertex 24.7 9.14616 43.8887
      vertex 24.7 8.50311 43.0217
    endloop
  endfacet
  facet normal -0.000175236 0.803181 -0.595735
    outer loop
      vertex 18 9.14616 43.8887
      vertex 18.0927 8.50311 43.0217
      vertex 18 8.70773 43.2976
    endloop
  endfacet
  facet normal 0 -0.0490972 0.998794
    outer loop
      vertex 20 0 61
      vertex 24.7 -1.07819 60.947
      vertex 24.7 0 61
    endloop
  endfacet
  facet normal 0 -0.0490972 0.998794
    outer loop
      vertex 24.7 -1.07819 60.947
      vertex 20 0 61
      vertex 19.9647 -1.07819 60.947
    endloop
  endfacet
  facet normal 0 0.740973 -0.671535
    outer loop
      vertex 18.4212 7.77817 42.2218
      vertex 24.7 8.50311 43.0217
      vertex 24.7 7.77817 42.2218
    endloop
  endfacet
  facet normal 0 0.740973 -0.671535
    outer loop
      vertex 24.7 8.50311 43.0217
      vertex 18.4212 7.77817 42.2218
      vertex 18.0927 8.50311 43.0217
    endloop
  endfacet
  facet normal 0 -0.636681 -0.771127
    outer loop
      vertex 24.7 -0.00353527 34.4401
      vertex 19.9999 -0.00317192 34.4398
      vertex 24.7 -0.00317192 34.4398
    endloop
  endfacet
  facet normal 0 -0.636681 -0.771127
    outer loop
      vertex 19.9999 -0.00317192 34.4398
      vertex 24.7 -0.00353527 34.4401
      vertex 19.9999 -0.00353527 34.4401
    endloop
  endfacet
  facet normal 0 -0.740973 -0.671535
    outer loop
      vertex 18.4212 -7.77817 42.2218
      vertex 24.7 -8.50311 43.0217
      vertex 18.0927 -8.50311 43.0217
    endloop
  endfacet
  facet normal 0 -0.740973 -0.671535
    outer loop
      vertex 24.7 -8.50311 43.0217
      vertex 18.4212 -7.77817 42.2218
      vertex 24.7 -7.77817 42.2218
    endloop
  endfacet
  facet normal 0 0.941566 0.336829
    outer loop
      vertex 24.7 10.5263 53.1931
      vertex 18 10.1627 54.2095
      vertex 24.7 10.1627 54.2095
    endloop
  endfacet
  facet normal 0 0.941566 0.336829
    outer loop
      vertex 18 10.1627 54.2095
      vertex 24.7 10.5263 53.1931
      vertex 18 10.5263 53.1931
    endloop
  endfacet
  facet normal 0 -0.989176 0.146737
    outer loop
      vertex 18 -10.947 51.0782
      vertex 24.7 -10.7886 52.146
      vertex 18 -10.7886 52.146
    endloop
  endfacet
  facet normal 0 -0.989176 0.146737
    outer loop
      vertex 24.7 -10.7886 52.146
      vertex 18 -10.947 51.0782
      vertex 24.7 -10.947 51.0782
    endloop
  endfacet
  facet normal 0 0.0490972 0.998794
    outer loop
      vertex 24.7 1.07819 60.947
      vertex 20 0 61
      vertex 24.7 0 61
    endloop
  endfacet
  facet normal 0 0.0490972 0.998794
    outer loop
      vertex 20 0 61
      vertex 24.7 1.07819 60.947
      vertex 19.9647 1.07819 60.947
    endloop
  endfacet
  facet normal 0 0.989176 0.146737
    outer loop
      vertex 24.7 10.947 51.0782
      vertex 18 10.7886 52.146
      vertex 24.7 10.7886 52.146
    endloop
  endfacet
  facet normal 0 0.989176 0.146737
    outer loop
      vertex 18 10.7886 52.146
      vertex 24.7 10.947 51.0782
      vertex 18 10.947 51.0782
    endloop
  endfacet
  facet normal -0.000175236 -0.803181 0.595735
    outer loop
      vertex 18 -9.14616 56.1113
      vertex 18.0927 -8.50311 56.9783
      vertex 18 -8.70773 56.7024
    endloop
  endfacet
  facet normal 0 -0.80319 0.595723
    outer loop
      vertex 18.0927 -8.50311 56.9783
      vertex 18 -9.14616 56.1113
      vertex 24.7 -9.14616 56.1113
    endloop
  endfacet
  facet normal 0 -0.80319 0.595723
    outer loop
      vertex 18.0927 -8.50311 56.9783
      vertex 24.7 -9.14616 56.1113
      vertex 24.7 -8.50311 56.9783
    endloop
  endfacet
  facet normal 0 0.707391 -0.706823
    outer loop
      vertex 24.7 7.77817 42.2218
      vertex 18.4776 7.65367 42.0972
      vertex 18.4212 7.77817 42.2218
    endloop
  endfacet
  facet normal -1.56026e-06 0.70743 -0.706784
    outer loop
      vertex 24.7 7.77817 42.2218
      vertex 18.9386 6.42879 40.8712
      vertex 18.4776 7.65367 42.0972
    endloop
  endfacet
  facet normal 5.22362e-06 0.707415 -0.706798
    outer loop
      vertex 24.7 7.77817 42.2218
      vertex 19.3185 5.17638 39.6177
      vertex 18.9386 6.42879 40.8712
    endloop
  endfacet
  facet normal -2.37009e-05 0.707445 -0.706768
    outer loop
      vertex 24.7 7.77817 42.2218
      vertex 19.6157 3.90181 38.3419
      vertex 19.3185 5.17638 39.6177
    endloop
  endfacet
  facet normal 2.56652e-05 0.707413 -0.706801
    outer loop
      vertex 24.7 7.77817 42.2218
      vertex 19.8289 2.61052 37.0495
      vertex 19.6157 3.90181 38.3419
    endloop
  endfacet
  facet normal -6.6961e-06 0.707428 -0.706786
    outer loop
      vertex 24.7 0.00353527 34.4401
      vertex 19.8289 2.61052 37.0495
      vertex 24.7 7.77817 42.2218
    endloop
  endfacet
  facet normal 1.02158e-05 0.707444 -0.70677
    outer loop
      vertex 19.8289 2.61052 37.0495
      vertex 24.7 0.00353527 34.4401
      vertex 19.9572 1.30806 35.7458
    endloop
  endfacet
  facet normal 0 0.707425 -0.706788
    outer loop
      vertex 19.9572 1.30806 35.7458
      vertex 24.7 0.00353527 34.4401
      vertex 19.9999 0.00353527 34.4401
    endloop
  endfacet
  facet normal 0 -0.970028 -0.242993
    outer loop
      vertex 18 -10.5263 46.8069
      vertex 24.7 -10.7886 47.854
      vertex 18 -10.7886 47.854
    endloop
  endfacet
  facet normal 0 -0.970028 -0.242993
    outer loop
      vertex 24.7 -10.7886 47.854
      vertex 18 -10.5263 46.8069
      vertex 24.7 -10.5263 46.8069
    endloop
  endfacet
  facet normal 0 -0.21132 -0.977417
    outer loop
      vertex 24.7 -0.00191307 34.439
      vertex 20 -0.00145054 34.4389
      vertex 24.7 -0.00145054 34.4389
    endloop
  endfacet
  facet normal 0 -0.21132 -0.977417
    outer loop
      vertex 20 -0.00145054 34.4389
      vertex 24.7 -0.00191307 34.439
      vertex 19.9999 -0.00191307 34.439
    endloop
  endfacet
  facet normal 0 -0.903988 0.427558
    outer loop
      vertex 18 -10.1627 54.2095
      vertex 24.7 -9.70113 55.1854
      vertex 18 -9.70113 55.1854
    endloop
  endfacet
  facet normal 0 -0.903988 0.427558
    outer loop
      vertex 24.7 -9.70113 55.1854
      vertex 18 -10.1627 54.2095
      vertex 24.7 -10.1627 54.2095
    endloop
  endfacet
  facet normal 0 0 -1
    outer loop
      vertex 20 0.000489235 34.4387
      vertex 24.7 0.000974655 34.4387
      vertex 24.7 0.000489235 34.4387
    endloop
  endfacet
  facet normal -0 0 -1
    outer loop
      vertex 24.7 0.000974655 34.4387
      vertex 20 0.000489235 34.4387
      vertex 20 0.000974655 34.4387
    endloop
  endfacet
  facet normal 0 0.336832 0.941565
    outer loop
      vertex 24.7 4.20952 60.1627
      vertex 19.7327 3.19313 60.5263
      vertex 24.7 3.19313 60.5263
    endloop
  endfacet
  facet normal 5.48078e-06 0.336808 0.941573
    outer loop
      vertex 24.7 4.20952 60.1627
      vertex 19.6157 3.90181 60.2728
      vertex 19.7327 3.19313 60.5263
    endloop
  endfacet
  facet normal 0 0.336889 0.941544
    outer loop
      vertex 19.6157 3.90181 60.2728
      vertex 24.7 4.20952 60.1627
      vertex 19.544 4.20952 60.1627
    endloop
  endfacet
  facet normal 0 0.998794 0.0490967
    outer loop
      vertex 24.7 11 50
      vertex 18 10.947 51.0782
      vertex 24.7 10.947 51.0782
    endloop
  endfacet
  facet normal 0 0.998794 0.0490967
    outer loop
      vertex 18 10.947 51.0782
      vertex 24.7 11 50
      vertex 18 11 50
    endloop
  endfacet
  facet normal 0 0.857726 0.514107
    outer loop
      vertex 24.7 9.70113 55.1854
      vertex 18 9.14616 56.1113
      vertex 24.7 9.14616 56.1113
    endloop
  endfacet
  facet normal 0 0.857726 0.514107
    outer loop
      vertex 18 9.14616 56.1113
      vertex 24.7 9.70113 55.1854
      vertex 18 9.70113 55.1854
    endloop
  endfacet
  facet normal 0 -0.740973 0.671535
    outer loop
      vertex 24.7 -8.50311 56.9783
      vertex 18.4212 -7.77817 57.7782
      vertex 18.0927 -8.50311 56.9783
    endloop
  endfacet
  facet normal 0 -0.740973 0.671535
    outer loop
      vertex 18.4212 -7.77817 57.7782
      vertex 24.7 -8.50311 56.9783
      vertex 24.7 -7.77817 57.7782
    endloop
  endfacet
  facet normal 0 -0.242865 0.97006
    outer loop
      vertex 19.8289 -2.61052 60.6723
      vertex 24.7 -2.14599 60.7886
      vertex 19.8746 -2.14599 60.7886
    endloop
  endfacet
  facet normal 1.21402e-05 -0.242985 0.97003
    outer loop
      vertex 24.7 -2.14599 60.7886
      vertex 19.8289 -2.61052 60.6723
      vertex 24.7 -3.19313 60.5263
    endloop
  endfacet
  facet normal 0 -0.24308 0.970006
    outer loop
      vertex 24.7 -3.19313 60.5263
      vertex 19.8289 -2.61052 60.6723
      vertex 19.7327 -3.19313 60.5263
    endloop
  endfacet
  facet normal 0 0.636681 -0.771127
    outer loop
      vertex 19.9999 0.00317192 34.4398
      vertex 24.7 0.00353527 34.4401
      vertex 24.7 0.00317192 34.4398
    endloop
  endfacet
  facet normal 0 0.636681 -0.771127
    outer loop
      vertex 24.7 0.00353527 34.4401
      vertex 19.9999 0.00317192 34.4398
      vertex 19.9999 0.00353527 34.4401
    endloop
  endfacet
  facet normal -1.11724e-07 0.146737 0.989176
    outer loop
      vertex 19.9572 1.30806 60.9129
      vertex 24.7 1.07819 60.947
      vertex 24.7 2.14599 60.7886
    endloop
  endfacet
  facet normal 0 0.146739 0.989175
    outer loop
      vertex 24.7 1.07819 60.947
      vertex 19.9572 1.30806 60.9129
      vertex 19.9647 1.07819 60.947
    endloop
  endfacet
  facet normal 0 0.146736 0.989176
    outer loop
      vertex 19.9572 1.30806 60.9129
      vertex 24.7 2.14599 60.7886
      vertex 19.8746 2.14599 60.7886
    endloop
  endfacet
  facet normal 0 0.970028 0.242993
    outer loop
      vertex 24.7 10.7886 52.146
      vertex 18 10.5263 53.1931
      vertex 24.7 10.5263 53.1931
    endloop
  endfacet
  facet normal 0 0.970028 0.242993
    outer loop
      vertex 18 10.5263 53.1931
      vertex 24.7 10.7886 52.146
      vertex 18 10.7886 52.146
    endloop
  endfacet
  facet normal 0 -0.427602 0.903967
    outer loop
      vertex 19.544 -4.20952 60.1627
      vertex 24.7 -5.18536 59.7011
      vertex 24.7 -4.20952 60.1627
    endloop
  endfacet
  facet normal 8.84746e-06 -0.427564 0.903985
    outer loop
      vertex 19.3185 -5.17638 59.7054
      vertex 24.7 -5.18536 59.7011
      vertex 19.544 -4.20952 60.1627
    endloop
  endfacet
  facet normal 0 -0.431882 0.90193
    outer loop
      vertex 24.7 -5.18536 59.7011
      vertex 19.3185 -5.17638 59.7054
      vertex 19.3158 -5.18536 59.7011
    endloop
  endfacet
  facet normal 0 0.514056 0.857757
    outer loop
      vertex 24.7 6.11127 59.1462
      vertex 19.3158 5.18536 59.7011
      vertex 24.7 5.18536 59.7011
    endloop
  endfacet
  facet normal 0 0.514056 0.857757
    outer loop
      vertex 19.3158 5.18536 59.7011
      vertex 24.7 6.11127 59.1462
      vertex 19.0349 6.11127 59.1462
    endloop
  endfacet
  facet normal 0 0.740973 0.671535
    outer loop
      vertex 24.7 8.50311 56.9783
      vertex 18.4212 7.77817 57.7782
      vertex 24.7 7.77817 57.7782
    endloop
  endfacet
  facet normal 0 0.740973 0.671535
    outer loop
      vertex 18.4212 7.77817 57.7782
      vertex 24.7 8.50311 56.9783
      vertex 18.0927 8.50311 56.9783
    endloop
  endfacet
  facet normal 0 0.941566 -0.336829
    outer loop
      vertex 24.7 10.1627 45.7905
      vertex 18 10.5263 46.8069
      vertex 24.7 10.5263 46.8069
    endloop
  endfacet
  facet normal 0 0.941566 -0.336829
    outer loop
      vertex 18 10.5263 46.8069
      vertex 24.7 10.1627 45.7905
      vertex 18 10.1627 45.7905
    endloop
  endfacet
  facet normal 0 0 -1
    outer loop
      vertex 24.7 -0.000489235 34.4387
      vertex 20 0 34.4387
      vertex 24.7 0 34.4387
    endloop
  endfacet
  facet normal 0 0 -1
    outer loop
      vertex 20 0 34.4387
      vertex 24.7 -0.000489235 34.4387
      vertex 20 -0.000489235 34.4387
    endloop
  endfacet
  facet normal 0 -0.857726 -0.514107
    outer loop
      vertex 18 -9.14616 43.8887
      vertex 24.7 -9.70113 44.8146
      vertex 18 -9.70113 44.8146
    endloop
  endfacet
  facet normal 0 -0.857726 -0.514107
    outer loop
      vertex 24.7 -9.70113 44.8146
      vertex 18 -9.14616 43.8887
      vertex 24.7 -9.14616 43.8887
    endloop
  endfacet
  facet normal 0 0.857726 -0.514107
    outer loop
      vertex 24.7 9.14616 43.8887
      vertex 18 9.70113 44.8146
      vertex 24.7 9.70113 44.8146
    endloop
  endfacet
  facet normal 0 0.857726 -0.514107
    outer loop
      vertex 18 9.70113 44.8146
      vertex 24.7 9.14616 43.8887
      vertex 18 9.14616 43.8887
    endloop
  endfacet
  facet normal -0.000175236 -0.803181 -0.595735
    outer loop
      vertex 18.0927 -8.50311 43.0217
      vertex 18 -9.14616 43.8887
      vertex 18 -8.70773 43.2976
    endloop
  endfacet
  facet normal 0 -0.80319 -0.595723
    outer loop
      vertex 18 -9.14616 43.8887
      vertex 18.0927 -8.50311 43.0217
      vertex 24.7 -9.14616 43.8887
    endloop
  endfacet
  facet normal 0 -0.80319 -0.595723
    outer loop
      vertex 24.7 -9.14616 43.8887
      vertex 18.0927 -8.50311 43.0217
      vertex 24.7 -8.50311 43.0217
    endloop
  endfacet
  facet normal 0 0.80319 0.595723
    outer loop
      vertex 24.7 9.14616 56.1113
      vertex 18.0927 8.50311 56.9783
      vertex 24.7 8.50311 56.9783
    endloop
  endfacet
  facet normal -0 0.80319 0.595723
    outer loop
      vertex 18 9.14616 56.1113
      vertex 18.0927 8.50311 56.9783
      vertex 24.7 9.14616 56.1113
    endloop
  endfacet
  facet normal -0.000175236 0.803181 0.595735
    outer loop
      vertex 18.0927 8.50311 56.9783
      vertex 18 9.14616 56.1113
      vertex 18 8.70773 56.7024
    endloop
  endfacet
  facet normal 0 0.671542 0.740966
    outer loop
      vertex 24.7 7.77817 57.7782
      vertex 18.7318 6.97833 58.5031
      vertex 24.7 6.97833 58.5031
    endloop
  endfacet
  facet normal -4.91727e-06 0.671562 0.740948
    outer loop
      vertex 24.7 7.77817 57.7782
      vertex 18.4776 7.65367 57.891
      vertex 18.7318 6.97833 58.5031
    endloop
  endfacet
  facet normal 0 0.671428 0.74107
    outer loop
      vertex 18.4776 7.65367 57.891
      vertex 24.7 7.77817 57.7782
      vertex 18.4212 7.77817 57.7782
    endloop
  endfacet
  facet normal 0 0.595726 0.803188
    outer loop
      vertex 24.7 6.97833 58.5031
      vertex 19.0349 6.11127 59.1462
      vertex 24.7 6.11127 59.1462
    endloop
  endfacet
  facet normal 1.91253e-06 0.595718 0.803194
    outer loop
      vertex 24.7 6.97833 58.5031
      vertex 18.9386 6.42879 58.9107
      vertex 19.0349 6.11127 59.1462
    endloop
  endfacet
  facet normal 0 0.595731 0.803184
    outer loop
      vertex 18.9386 6.42879 58.9107
      vertex 24.7 6.97833 58.5031
      vertex 18.7318 6.97833 58.5031
    endloop
  endfacet
  facet normal 0 -0.941566 0.336829
    outer loop
      vertex 18 -10.5263 53.1931
      vertex 24.7 -10.1627 54.2095
      vertex 18 -10.1627 54.2095
    endloop
  endfacet
  facet normal 0 -0.941566 0.336829
    outer loop
      vertex 24.7 -10.1627 54.2095
      vertex 18 -10.5263 53.1931
      vertex 24.7 -10.5263 53.1931
    endloop
  endfacet
  facet normal 0 -0.941566 -0.336829
    outer loop
      vertex 18 -10.1627 45.7905
      vertex 24.7 -10.5263 46.8069
      vertex 18 -10.5263 46.8069
    endloop
  endfacet
  facet normal 0 -0.941566 -0.336829
    outer loop
      vertex 24.7 -10.5263 46.8069
      vertex 18 -10.1627 45.7905
      vertex 24.7 -10.1627 45.7905
    endloop
  endfacet
  facet normal 1.21402e-05 0.242985 0.97003
    outer loop
      vertex 19.8289 2.61052 60.6723
      vertex 24.7 2.14599 60.7886
      vertex 24.7 3.19313 60.5263
    endloop
  endfacet
  facet normal 0 0.242865 0.97006
    outer loop
      vertex 24.7 2.14599 60.7886
      vertex 19.8289 2.61052 60.6723
      vertex 19.8746 2.14599 60.7886
    endloop
  endfacet
  facet normal 0 0.24308 0.970006
    outer loop
      vertex 19.8289 2.61052 60.6723
      vertex 24.7 3.19313 60.5263
      vertex 19.7327 3.19313 60.5263
    endloop
  endfacet
  facet normal 0 0.21132 -0.977417
    outer loop
      vertex 20 0.00145054 34.4389
      vertex 24.7 0.00191307 34.439
      vertex 24.7 0.00145054 34.4389
    endloop
  endfacet
  facet normal 0 0.21132 -0.977417
    outer loop
      vertex 24.7 0.00191307 34.439
      vertex 20 0.00145054 34.4389
      vertex 19.9999 0.00191307 34.439
    endloop
  endfacet
  facet normal -1 0 0
    outer loop
      vertex 18 10.947 48.9218
      vertex 18 10.947 51.0782
      vertex 18 11 50
    endloop
  endfacet
  facet normal -1 0 0
    outer loop
      vertex 18 10.7886 47.854
      vertex 18 10.947 51.0782
      vertex 18 10.947 48.9218
    endloop
  endfacet
  facet normal -1 0 0
    outer loop
      vertex 18 10.7886 47.854
      vertex 18 10.7886 52.146
      vertex 18 10.947 51.0782
    endloop
  endfacet
  facet normal -1 0 0
    outer loop
      vertex 18 10.5263 46.8069
      vertex 18 10.7886 52.146
      vertex 18 10.7886 47.854
    endloop
  endfacet
  facet normal -1 0 0
    outer loop
      vertex 18 10.5263 46.8069
      vertex 18 10.5263 53.1931
      vertex 18 10.7886 52.146
    endloop
  endfacet
  facet normal -1 0 0
    outer loop
      vertex 18 10.1627 45.7905
      vertex 18 10.5263 53.1931
      vertex 18 10.5263 46.8069
    endloop
  endfacet
  facet normal -1 0 0
    outer loop
      vertex 18 10.1627 45.7905
      vertex 18 10.1627 54.2095
      vertex 18 10.5263 53.1931
    endloop
  endfacet
  facet normal -1 0 0
    outer loop
      vertex 18 9.70113 44.8146
      vertex 18 10.1627 54.2095
      vertex 18 10.1627 45.7905
    endloop
  endfacet
  facet normal -1 0 0
    outer loop
      vertex 18 9.70113 44.8146
      vertex 18 9.70113 55.1854
      vertex 18 10.1627 54.2095
    endloop
  endfacet
  facet normal -1 0 0
    outer loop
      vertex 18 8.70773 43.2976
      vertex 18 9.70113 44.8146
      vertex 18 9.14616 43.8887
    endloop
  endfacet
  facet normal -1 -0 0
    outer loop
      vertex 18 9.70113 44.8146
      vertex 18 8.70773 43.2976
      vertex 18 9.70113 55.1854
    endloop
  endfacet
  facet normal -1 0 0
    outer loop
      vertex 18 8.70773 56.7024
      vertex 18 9.70113 55.1854
      vertex 18 8.70773 43.2976
    endloop
  endfacet
  facet normal -1 0 0
    outer loop
      vertex 18 9.70113 55.1854
      vertex 18 8.70773 56.7024
      vertex 18 9.14616 56.1113
    endloop
  endfacet
  facet normal -1 0 0
    outer loop
      vertex 18 -9.70113 44.8146
      vertex 18 -8.70773 43.2976
      vertex 18 -9.14616 43.8887
    endloop
  endfacet
  facet normal -1 0 0
    outer loop
      vertex 18 -8.70773 43.2976
      vertex 18 -9.70113 44.8146
      vertex 18 -8.70773 56.7024
    endloop
  endfacet
  facet normal -1 0 0
    outer loop
      vertex 18 -9.70113 55.1854
      vertex 18 -8.70773 56.7024
      vertex 18 -9.70113 44.8146
    endloop
  endfacet
  facet normal -1 0 0
    outer loop
      vertex 18 -8.70773 56.7024
      vertex 18 -9.70113 55.1854
      vertex 18 -9.14616 56.1113
    endloop
  endfacet
  facet normal -1 0 0
    outer loop
      vertex 18 -10.1627 45.7905
      vertex 18 -9.70113 55.1854
      vertex 18 -9.70113 44.8146
    endloop
  endfacet
  facet normal -1 0 0
    outer loop
      vertex 18 -10.1627 45.7905
      vertex 18 -10.1627 54.2095
      vertex 18 -9.70113 55.1854
    endloop
  endfacet
  facet normal -1 0 0
    outer loop
      vertex 18 -10.5263 46.8069
      vertex 18 -10.1627 54.2095
      vertex 18 -10.1627 45.7905
    endloop
  endfacet
  facet normal -1 0 0
    outer loop
      vertex 18 -10.5263 46.8069
      vertex 18 -10.5263 53.1931
      vertex 18 -10.1627 54.2095
    endloop
  endfacet
  facet normal -1 0 0
    outer loop
      vertex 18 -10.7886 47.854
      vertex 18 -10.5263 53.1931
      vertex 18 -10.5263 46.8069
    endloop
  endfacet
  facet normal -1 0 0
    outer loop
      vertex 18 -10.7886 47.854
      vertex 18 -10.7886 52.146
      vertex 18 -10.5263 53.1931
    endloop
  endfacet
  facet normal -1 0 0
    outer loop
      vertex 18 -10.947 48.9218
      vertex 18 -10.7886 52.146
      vertex 18 -10.7886 47.854
    endloop
  endfacet
  facet normal -1 0 0
    outer loop
      vertex 18 -10.947 48.9218
      vertex 18 -10.947 51.0782
      vertex 18 -10.7886 52.146
    endloop
  endfacet
  facet normal -1 0 -0
    outer loop
      vertex 18 -10.947 51.0782
      vertex 18 -10.947 48.9218
      vertex 18 -11 50
    endloop
  endfacet
  facet normal 0 0.989176 -0.146737
    outer loop
      vertex 24.7 10.7886 47.854
      vertex 18 10.947 48.9218
      vertex 24.7 10.947 48.9218
    endloop
  endfacet
  facet normal 0 0.989176 -0.146737
    outer loop
      vertex 18 10.947 48.9218
      vertex 24.7 10.7886 47.854
      vertex 18 10.7886 47.854
    endloop
  endfacet
  facet normal 0 -0.707391 -0.706823
    outer loop
      vertex 18.4776 -7.65367 42.0972
      vertex 24.7 -7.77817 42.2218
      vertex 18.4212 -7.77817 42.2218
    endloop
  endfacet
  facet normal -1.56026e-06 -0.70743 -0.706784
    outer loop
      vertex 18.9386 -6.42879 40.8712
      vertex 24.7 -7.77817 42.2218
      vertex 18.4776 -7.65367 42.0972
    endloop
  endfacet
  facet normal 5.22362e-06 -0.707415 -0.706798
    outer loop
      vertex 19.3185 -5.17638 39.6177
      vertex 24.7 -7.77817 42.2218
      vertex 18.9386 -6.42879 40.8712
    endloop
  endfacet
  facet normal -2.37009e-05 -0.707445 -0.706768
    outer loop
      vertex 19.6157 -3.90181 38.3419
      vertex 24.7 -7.77817 42.2218
      vertex 19.3185 -5.17638 39.6177
    endloop
  endfacet
  facet normal 2.56652e-05 -0.707413 -0.706801
    outer loop
      vertex 19.8289 -2.61052 37.0495
      vertex 24.7 -7.77817 42.2218
      vertex 19.6157 -3.90181 38.3419
    endloop
  endfacet
  facet normal 1.02158e-05 -0.707444 -0.70677
    outer loop
      vertex 24.7 -0.00353527 34.4401
      vertex 19.8289 -2.61052 37.0495
      vertex 19.9572 -1.30806 35.7458
    endloop
  endfacet
  facet normal -0 -0.707425 -0.706788
    outer loop
      vertex 24.7 -0.00353527 34.4401
      vertex 19.9572 -1.30806 35.7458
      vertex 19.9999 -0.00353527 34.4401
    endloop
  endfacet
  facet normal -6.6961e-06 -0.707428 -0.706786
    outer loop
      vertex 19.8289 -2.61052 37.0495
      vertex 24.7 -0.00353527 34.4401
      vertex 24.7 -7.77817 42.2218
    endloop
  endfacet
  facet normal 0 0.903988 -0.427558
    outer loop
      vertex 24.7 9.70113 44.8146
      vertex 18 10.1627 45.7905
      vertex 24.7 10.1627 45.7905
    endloop
  endfacet
  facet normal 0 0.903988 -0.427558
    outer loop
      vertex 18 10.1627 45.7905
      vertex 24.7 9.70113 44.8146
      vertex 18 9.70113 44.8146
    endloop
  endfacet
  facet normal 0 -0.998794 -0.0490967
    outer loop
      vertex 18 -10.947 48.9218
      vertex 24.7 -11 50
      vertex 18 -11 50
    endloop
  endfacet
  facet normal 0 -0.998794 -0.0490967
    outer loop
      vertex 24.7 -11 50
      vertex 18 -10.947 48.9218
      vertex 24.7 -10.947 48.9218
    endloop
  endfacet
  facet normal 0 -0.605002 -0.796224
    outer loop
      vertex 24.7 -0.00317192 34.4398
      vertex 19.9999 -0.0027771 34.4395
      vertex 24.7 -0.0027771 34.4395
    endloop
  endfacet
  facet normal 0 -0.605002 -0.796224
    outer loop
      vertex 19.9999 -0.0027771 34.4395
      vertex 24.7 -0.00317192 34.4398
      vertex 19.9999 -0.00317192 34.4398
    endloop
  endfacet
  facet normal 0 0.411122 -0.91158
    outer loop
      vertex 19.9999 0.00191307 34.439
      vertex 24.7 0.00235653 34.4392
      vertex 24.7 0.00191307 34.439
    endloop
  endfacet
  facet normal 0 0.411122 -0.91158
    outer loop
      vertex 24.7 0.00235653 34.4392
      vertex 19.9999 0.00191307 34.439
      vertex 19.9999 0.00235653 34.4392
    endloop
  endfacet
  facet normal 0 -0.671542 0.740966
    outer loop
      vertex 18.7318 -6.97833 58.5031
      vertex 24.7 -7.77817 57.7782
      vertex 24.7 -6.97833 58.5031
    endloop
  endfacet
  facet normal -4.91727e-06 -0.671562 0.740948
    outer loop
      vertex 18.4776 -7.65367 57.891
      vertex 24.7 -7.77817 57.7782
      vertex 18.7318 -6.97833 58.5031
    endloop
  endfacet
  facet normal 0 -0.671428 0.74107
    outer loop
      vertex 24.7 -7.77817 57.7782
      vertex 18.4776 -7.65367 57.891
      vertex 18.4212 -7.77817 57.7782
    endloop
  endfacet
  facet normal 0 0.903988 0.427558
    outer loop
      vertex 24.7 10.1627 54.2095
      vertex 18 9.70113 55.1854
      vertex 24.7 9.70113 55.1854
    endloop
  endfacet
  facet normal 0 0.903988 0.427558
    outer loop
      vertex 18 9.70113 55.1854
      vertex 24.7 10.1627 54.2095
      vertex 18 10.1627 54.2095
    endloop
  endfacet
  facet normal 0 0.998794 -0.0490967
    outer loop
      vertex 24.7 10.947 48.9218
      vertex 18 11 50
      vertex 24.7 11 50
    endloop
  endfacet
  facet normal 0 0.998794 -0.0490967
    outer loop
      vertex 18 11 50
      vertex 24.7 10.947 48.9218
      vertex 18 10.947 48.9218
    endloop
  endfacet
  facet normal 0 -0.970028 0.242993
    outer loop
      vertex 18 -10.7886 52.146
      vertex 24.7 -10.5263 53.1931
      vertex 18 -10.5263 53.1931
    endloop
  endfacet
  facet normal 0 -0.970028 0.242993
    outer loop
      vertex 24.7 -10.5263 53.1931
      vertex 18 -10.7886 52.146
      vertex 24.7 -10.7886 52.146
    endloop
  endfacet
  facet normal 0 0.427602 0.903967
    outer loop
      vertex 24.7 5.18536 59.7011
      vertex 19.544 4.20952 60.1627
      vertex 24.7 4.20952 60.1627
    endloop
  endfacet
  facet normal 8.84746e-06 0.427564 0.903985
    outer loop
      vertex 24.7 5.18536 59.7011
      vertex 19.3185 5.17638 59.7054
      vertex 19.544 4.20952 60.1627
    endloop
  endfacet
  facet normal 0 0.431882 0.90193
    outer loop
      vertex 19.3185 5.17638 59.7054
      vertex 24.7 5.18536 59.7011
      vertex 19.3158 5.18536 59.7011
    endloop
  endfacet
  facet normal 0 -0.387444 -0.921893
    outer loop
      vertex 24.7 -0.00145054 34.4389
      vertex 20 -0.000974655 34.4387
      vertex 24.7 -0.000974655 34.4387
    endloop
  endfacet
  facet normal 0 -0.387444 -0.921893
    outer loop
      vertex 20 -0.000974655 34.4387
      vertex 24.7 -0.00145054 34.4389
      vertex 20 -0.00145054 34.4389
    endloop
  endfacet
  facet normal 0 -0.989176 -0.146737
    outer loop
      vertex 18 -10.7886 47.854
      vertex 24.7 -10.947 48.9218
      vertex 18 -10.947 48.9218
    endloop
  endfacet
  facet normal 0 -0.989176 -0.146737
    outer loop
      vertex 24.7 -10.947 48.9218
      vertex 18 -10.7886 47.854
      vertex 24.7 -10.7886 47.854
    endloop
  endfacet
  facet normal 0 -0.514056 0.857757
    outer loop
      vertex 19.3158 -5.18536 59.7011
      vertex 24.7 -6.11127 59.1462
      vertex 24.7 -5.18536 59.7011
    endloop
  endfacet
  facet normal 0 -0.514056 0.857757
    outer loop
      vertex 24.7 -6.11127 59.1462
      vertex 19.3158 -5.18536 59.7011
      vertex 19.0349 -6.11127 59.1462
    endloop
  endfacet
  facet normal 0 -0.857726 0.514107
    outer loop
      vertex 18 -9.70113 55.1854
      vertex 24.7 -9.14616 56.1113
      vertex 18 -9.14616 56.1113
    endloop
  endfacet
  facet normal 0 -0.857726 0.514107
    outer loop
      vertex 24.7 -9.14616 56.1113
      vertex 18 -9.70113 55.1854
      vertex 24.7 -9.70113 55.1854
    endloop
  endfacet
  facet normal 0 -0.998794 0.0490967
    outer loop
      vertex 18 -11 50
      vertex 24.7 -10.947 51.0782
      vertex 18 -10.947 51.0782
    endloop
  endfacet
  facet normal 0 -0.998794 0.0490967
    outer loop
      vertex 24.7 -10.947 51.0782
      vertex 18 -11 50
      vertex 24.7 -11 50
    endloop
  endfacet
  facet normal 0 0.605002 -0.796224
    outer loop
      vertex 19.9999 0.0027771 34.4395
      vertex 24.7 0.00317192 34.4398
      vertex 24.7 0.0027771 34.4395
    endloop
  endfacet
  facet normal 0 0.605002 -0.796224
    outer loop
      vertex 24.7 0.00317192 34.4398
      vertex 19.9999 0.0027771 34.4395
      vertex 19.9999 0.00317192 34.4398
    endloop
  endfacet
  facet normal 0 -0.595726 0.803188
    outer loop
      vertex 19.0349 -6.11127 59.1462
      vertex 24.7 -6.97833 58.5031
      vertex 24.7 -6.11127 59.1462
    endloop
  endfacet
  facet normal 1.91253e-06 -0.595718 0.803194
    outer loop
      vertex 18.9386 -6.42879 58.9107
      vertex 24.7 -6.97833 58.5031
      vertex 19.0349 -6.11127 59.1462
    endloop
  endfacet
  facet normal 0 -0.595731 0.803184
    outer loop
      vertex 24.7 -6.97833 58.5031
      vertex 18.9386 -6.42879 58.9107
      vertex 18.7318 -6.97833 58.5031
    endloop
  endfacet
  facet normal 0 0 -1
    outer loop
      vertex 20 0 34.4387
      vertex 24.7 0.000489235 34.4387
      vertex 24.7 0 34.4387
    endloop
  endfacet
  facet normal -0 0 -1
    outer loop
      vertex 24.7 0.000489235 34.4387
      vertex 20 0 34.4387
      vertex 20 0.000489235 34.4387
    endloop
  endfacet
  facet normal 0 0 -1
    outer loop
      vertex 24.7 -0.000974655 34.4387
      vertex 20 -0.000489235 34.4387
      vertex 24.7 -0.000489235 34.4387
    endloop
  endfacet
  facet normal 0 0 -1
    outer loop
      vertex 20 -0.000489235 34.4387
      vertex 24.7 -0.000974655 34.4387
      vertex 20 -0.000974655 34.4387
    endloop
  endfacet
  facet normal 0 -0.336832 0.941565
    outer loop
      vertex 19.7327 -3.19313 60.5263
      vertex 24.7 -4.20952 60.1627
      vertex 24.7 -3.19313 60.5263
    endloop
  endfacet
  facet normal 5.48078e-06 -0.336808 0.941573
    outer loop
      vertex 19.6157 -3.90181 60.2728
      vertex 24.7 -4.20952 60.1627
      vertex 19.7327 -3.19313 60.5263
    endloop
  endfacet
  facet normal 0 -0.336889 0.941544
    outer loop
      vertex 24.7 -4.20952 60.1627
      vertex 19.6157 -3.90181 60.2728
      vertex 19.544 -4.20952 60.1627
    endloop
  endfacet
  facet normal 0 0.387444 -0.921893
    outer loop
      vertex 20 0.000974655 34.4387
      vertex 24.7 0.00145054 34.4389
      vertex 24.7 0.000974655 34.4387
    endloop
  endfacet
  facet normal 0 0.387444 -0.921893
    outer loop
      vertex 24.7 0.00145054 34.4389
      vertex 20 0.000974655 34.4387
      vertex 20 0.00145054 34.4389
    endloop
  endfacet
  facet normal 0 -0.903988 -0.427558
    outer loop
      vertex 18 -9.70113 44.8146
      vertex 24.7 -10.1627 45.7905
      vertex 18 -10.1627 45.7905
    endloop
  endfacet
  facet normal 0 -0.903988 -0.427558
    outer loop
      vertex 24.7 -10.1627 45.7905
      vertex 18 -9.70113 44.8146
      vertex 24.7 -9.70113 44.8146
    endloop
  endfacet
  facet normal 0 0.970028 -0.242993
    outer loop
      vertex 24.7 10.5263 46.8069
      vertex 18 10.7886 47.854
      vertex 24.7 10.7886 47.854
    endloop
  endfacet
  facet normal 0 0.970028 -0.242993
    outer loop
      vertex 18 10.7886 47.854
      vertex 24.7 10.5263 46.8069
      vertex 18 10.5263 46.8069
    endloop
  endfacet
  facet normal 0 -0.580716 -0.814106
    outer loop
      vertex 24.7 -0.0027771 34.4395
      vertex 19.9999 -0.00235653 34.4392
      vertex 24.7 -0.00235653 34.4392
    endloop
  endfacet
  facet normal 0 -0.580716 -0.814106
    outer loop
      vertex 19.9999 -0.00235653 34.4392
      vertex 24.7 -0.0027771 34.4395
      vertex 19.9999 -0.0027771 34.4395
    endloop
  endfacet
  facet normal 0 0.580716 -0.814106
    outer loop
      vertex 19.9999 0.00235653 34.4392
      vertex 24.7 0.0027771 34.4395
      vertex 24.7 0.00235653 34.4392
    endloop
  endfacet
  facet normal 0 0.580716 -0.814106
    outer loop
      vertex 24.7 0.0027771 34.4395
      vertex 19.9999 0.00235653 34.4392
      vertex 19.9999 0.0027771 34.4395
    endloop
  endfacet
  facet normal 0 -0.411122 -0.91158
    outer loop
      vertex 24.7 -0.00235653 34.4392
      vertex 19.9999 -0.00191307 34.439
      vertex 24.7 -0.00191307 34.439
    endloop
  endfacet
  facet normal 0 -0.411122 -0.91158
    outer loop
      vertex 19.9999 -0.00191307 34.439
      vertex 24.7 -0.00235653 34.4392
      vertex 19.9999 -0.00235653 34.4392
    endloop
  endfacet
  facet normal 1 0 0
    outer loop
      vertex 24.7 10.947 51.0782
      vertex 24.7 5.72231 50.5636
      vertex 24.7 5.75 50
    endloop
  endfacet
  facet normal 1 0 0
    outer loop
      vertex 24.7 6.97833 58.5031
      vertex 24.7 5.63951 51.1218
      vertex 24.7 5.72231 50.5636
    endloop
  endfacet
  facet normal 1 0 0
    outer loop
      vertex 24.7 6.97833 58.5031
      vertex 24.7 5.5024 51.6691
      vertex 24.7 5.63951 51.1218
    endloop
  endfacet
  facet normal 1 0 0
    outer loop
      vertex 24.7 6.97833 58.5031
      vertex 24.7 5.3123 52.2004
      vertex 24.7 5.5024 51.6691
    endloop
  endfacet
  facet normal 1 0 0
    outer loop
      vertex 24.7 3.19452 54.7809
      vertex 24.7 6.11127 59.1462
      vertex 24.7 5.18536 59.7011
    endloop
  endfacet
  facet normal 1 0 0
    outer loop
      vertex 24.7 6.97833 58.5031
      vertex 24.7 5.07104 52.7105
      vertex 24.7 5.3123 52.2004
    endloop
  endfacet
  facet normal 1 0 0
    outer loop
      vertex 24.7 6.97833 58.5031
      vertex 24.7 4.78094 53.1945
      vertex 24.7 5.07104 52.7105
    endloop
  endfacet
  facet normal 1 0 0
    outer loop
      vertex 24.7 6.97833 58.5031
      vertex 24.7 4.44481 53.6478
      vertex 24.7 4.78094 53.1945
    endloop
  endfacet
  facet normal 1 0 0
    outer loop
      vertex 24.7 2.71053 55.071
      vertex 24.7 5.18536 59.7011
      vertex 24.7 4.20952 60.1627
    endloop
  endfacet
  facet normal 1 0 0
    outer loop
      vertex 24.7 6.97833 58.5031
      vertex 24.7 4.06586 54.0659
      vertex 24.7 4.44481 53.6478
    endloop
  endfacet
  facet normal 1 0 0
    outer loop
      vertex 24.7 6.97833 58.5031
      vertex 24.7 3.64775 54.4448
      vertex 24.7 4.06586 54.0659
    endloop
  endfacet
  facet normal 1 0 0
    outer loop
      vertex 24.7 6.11127 59.1462
      vertex 24.7 3.19452 54.7809
      vertex 24.7 3.64775 54.4448
    endloop
  endfacet
  facet normal 1 0 0
    outer loop
      vertex 24.7 2.20042 55.3123
      vertex 24.7 4.20952 60.1627
      vertex 24.7 3.19313 60.5263
    endloop
  endfacet
  facet normal 1 0 0
    outer loop
      vertex 24.7 5.18536 59.7011
      vertex 24.7 2.71053 55.071
      vertex 24.7 3.19452 54.7809
    endloop
  endfacet
  facet normal 1 0 0
    outer loop
      vertex 24.7 4.20952 60.1627
      vertex 24.7 2.20042 55.3123
      vertex 24.7 2.71053 55.071
    endloop
  endfacet
  facet normal 1 0 0
    outer loop
      vertex 24.7 1.66913 55.5024
      vertex 24.7 3.19313 60.5263
      vertex 24.7 2.14599 60.7886
    endloop
  endfacet
  facet normal 1 0 0
    outer loop
      vertex 24.7 3.19313 60.5263
      vertex 24.7 1.66913 55.5024
      vertex 24.7 2.20042 55.3123
    endloop
  endfacet
  facet normal 1 0 0
    outer loop
      vertex 24.7 2.14599 60.7886
      vertex 24.7 1.12177 55.6395
      vertex 24.7 1.66913 55.5024
    endloop
  endfacet
  facet normal 1 0 0
    outer loop
      vertex 24.7 1.07819 60.947
      vertex 24.7 1.12177 55.6395
      vertex 24.7 2.14599 60.7886
    endloop
  endfacet
  facet normal 1 0 0
    outer loop
      vertex 24.7 1.07819 60.947
      vertex 24.7 0.563583 55.7223
      vertex 24.7 1.12177 55.6395
    endloop
  endfacet
  facet normal 1 -0 0
    outer loop
      vertex 24.7 0 55.9397
      vertex 24.7 0.563583 55.7223
      vertex 24.7 1.07819 60.947
    endloop
  endfacet
  facet normal 1 0 0
    outer loop
      vertex 24.7 0 55.9397
      vertex 24.7 1.07819 60.947
      vertex 24.7 0 61
    endloop
  endfacet
  facet normal 1 0 0
    outer loop
      vertex 24.7 0.563583 55.7223
      vertex 24.7 0 55.9397
      vertex 24.7 0.199484 55.7402
    endloop
  endfacet
  facet normal 1 -0 0
    outer loop
      vertex 24.7 -1.07819 60.947
      vertex 24.7 0 55.9397
      vertex 24.7 0 61
    endloop
  endfacet
  facet normal 1 0 -0
    outer loop
      vertex 24.7 -0.563583 55.7223
      vertex 24.7 0 55.9397
      vertex 24.7 -1.07819 60.947
    endloop
  endfacet
  facet normal 1 0 0
    outer loop
      vertex 24.7 0 55.9397
      vertex 24.7 -0.563583 55.7223
      vertex 24.7 -0.199484 55.7402
    endloop
  endfacet
  facet normal 1 0 0
    outer loop
      vertex 24.7 -1.07819 60.947
      vertex 24.7 -1.12177 55.6395
      vertex 24.7 -0.563583 55.7223
    endloop
  endfacet
  facet normal 1 -0 0
    outer loop
      vertex 24.7 -2.14599 60.7886
      vertex 24.7 -1.12177 55.6395
      vertex 24.7 -1.07819 60.947
    endloop
  endfacet
  facet normal 1 0 0
    outer loop
      vertex 24.7 -1.12177 55.6395
      vertex 24.7 -2.14599 60.7886
      vertex 24.7 -1.66913 55.5024
    endloop
  endfacet
  facet normal 1 -0 0
    outer loop
      vertex 24.7 -3.19313 60.5263
      vertex 24.7 -1.66913 55.5024
      vertex 24.7 -2.14599 60.7886
    endloop
  endfacet
  facet normal 1 0 0
    outer loop
      vertex 24.7 -1.66913 55.5024
      vertex 24.7 -3.19313 60.5263
      vertex 24.7 -2.20042 55.3123
    endloop
  endfacet
  facet normal 1 -0 0
    outer loop
      vertex 24.7 -4.20952 60.1627
      vertex 24.7 -2.20042 55.3123
      vertex 24.7 -3.19313 60.5263
    endloop
  endfacet
  facet normal 1 0 0
    outer loop
      vertex 24.7 -2.20042 55.3123
      vertex 24.7 -4.20952 60.1627
      vertex 24.7 -2.71053 55.071
    endloop
  endfacet
  facet normal 1 -0 0
    outer loop
      vertex 24.7 -5.18536 59.7011
      vertex 24.7 -2.71053 55.071
      vertex 24.7 -4.20952 60.1627
    endloop
  endfacet
  facet normal 1 0 0
    outer loop
      vertex 24.7 -2.71053 55.071
      vertex 24.7 -5.18536 59.7011
      vertex 24.7 -3.19452 54.7809
    endloop
  endfacet
  facet normal 1 -0 0
    outer loop
      vertex 24.7 -6.11127 59.1462
      vertex 24.7 -3.19452 54.7809
      vertex 24.7 -5.18536 59.7011
    endloop
  endfacet
  facet normal 1 0 0
    outer loop
      vertex 24.7 -3.19452 54.7809
      vertex 24.7 -6.11127 59.1462
      vertex 24.7 -3.64775 54.4448
    endloop
  endfacet
  facet normal 1 -0 0
    outer loop
      vertex 24.7 -6.97833 58.5031
      vertex 24.7 -3.64775 54.4448
      vertex 24.7 -6.11127 59.1462
    endloop
  endfacet
  facet normal 1 0 0
    outer loop
      vertex 24.7 -3.64775 54.4448
      vertex 24.7 -6.97833 58.5031
      vertex 24.7 -4.06586 54.0659
    endloop
  endfacet
  facet normal 1 -0 0
    outer loop
      vertex 24.7 -7.77817 57.7782
      vertex 24.7 -4.06586 54.0659
      vertex 24.7 -6.97833 58.5031
    endloop
  endfacet
  facet normal 1 0 0
    outer loop
      vertex 24.7 -4.06586 54.0659
      vertex 24.7 -7.77817 57.7782
      vertex 24.7 -4.44481 53.6478
    endloop
  endfacet
  facet normal 1 -0 0
    outer loop
      vertex 24.7 -8.50311 56.9783
      vertex 24.7 -4.44481 53.6478
      vertex 24.7 -7.77817 57.7782
    endloop
  endfacet
  facet normal 1 0 0
    outer loop
      vertex 24.7 -4.44481 53.6478
      vertex 24.7 -8.50311 56.9783
      vertex 24.7 -4.78094 53.1945
    endloop
  endfacet
  facet normal 1 -0 0
    outer loop
      vertex 24.7 -9.14616 56.1113
      vertex 24.7 -4.78094 53.1945
      vertex 24.7 -8.50311 56.9783
    endloop
  endfacet
  facet normal 1 -0 0
    outer loop
      vertex 24.7 -9.70113 55.1854
      vertex 24.7 -5.07104 52.7105
      vertex 24.7 -9.14616 56.1113
    endloop
  endfacet
  facet normal 1 0 0
    outer loop
      vertex 24.7 -4.78094 53.1945
      vertex 24.7 -9.14616 56.1113
      vertex 24.7 -5.07104 52.7105
    endloop
  endfacet
  facet normal 1 0 0
    outer loop
      vertex 24.7 5.75 50
      vertex 24.7 11 50
      vertex 24.7 10.947 51.0782
    endloop
  endfacet
  facet normal 1 0 0
    outer loop
      vertex 24.7 5.72231 50.5636
      vertex 24.7 10.947 51.0782
      vertex 24.7 10.7886 52.146
    endloop
  endfacet
  facet normal 1 0 0
    outer loop
      vertex 24.7 11 50
      vertex 24.7 5.75 50
      vertex 24.7 10.947 48.9218
    endloop
  endfacet
  facet normal 1 0 0
    outer loop
      vertex 24.7 5.72231 50.5636
      vertex 24.7 10.7886 52.146
      vertex 24.7 10.5263 53.1931
    endloop
  endfacet
  facet normal 1 -0 0
    outer loop
      vertex 24.7 5.72231 49.4364
      vertex 24.7 10.947 48.9218
      vertex 24.7 5.75 50
    endloop
  endfacet
  facet normal 1 0 0
    outer loop
      vertex 24.7 5.72231 50.5636
      vertex 24.7 10.5263 53.1931
      vertex 24.7 10.1627 54.2095
    endloop
  endfacet
  facet normal 1 0 0
    outer loop
      vertex 24.7 10.947 48.9218
      vertex 24.7 5.72231 49.4364
      vertex 24.7 10.7886 47.854
    endloop
  endfacet
  facet normal 1 0 0
    outer loop
      vertex 24.7 5.72231 50.5636
      vertex 24.7 10.1627 54.2095
      vertex 24.7 9.70113 55.1854
    endloop
  endfacet
  facet normal 1 -0 0
    outer loop
      vertex 24.7 5.63951 48.8782
      vertex 24.7 10.7886 47.854
      vertex 24.7 5.72231 49.4364
    endloop
  endfacet
  facet normal 1 0 0
    outer loop
      vertex 24.7 5.72231 50.5636
      vertex 24.7 9.70113 55.1854
      vertex 24.7 9.14616 56.1113
    endloop
  endfacet
  facet normal 1 0 0
    outer loop
      vertex 24.7 10.7886 47.854
      vertex 24.7 5.63951 48.8782
      vertex 24.7 10.5263 46.8069
    endloop
  endfacet
  facet normal 1 0 0
    outer loop
      vertex 24.7 5.72231 50.5636
      vertex 24.7 9.14616 56.1113
      vertex 24.7 8.50311 56.9783
    endloop
  endfacet
  facet normal 1 -0 0
    outer loop
      vertex 24.7 5.5024 48.3309
      vertex 24.7 10.5263 46.8069
      vertex 24.7 5.63951 48.8782
    endloop
  endfacet
  facet normal 1 0 0
    outer loop
      vertex 24.7 5.72231 50.5636
      vertex 24.7 8.50311 56.9783
      vertex 24.7 7.77817 57.7782
    endloop
  endfacet
  facet normal 1 0 0
    outer loop
      vertex 24.7 10.5263 46.8069
      vertex 24.7 5.5024 48.3309
      vertex 24.7 10.1627 45.7905
    endloop
  endfacet
  facet normal 1 0 0
    outer loop
      vertex 24.7 5.72231 50.5636
      vertex 24.7 7.77817 57.7782
      vertex 24.7 6.97833 58.5031
    endloop
  endfacet
  facet normal 1 0 0
    outer loop
      vertex 24.7 3.64775 54.4448
      vertex 24.7 6.97833 58.5031
      vertex 24.7 6.11127 59.1462
    endloop
  endfacet
  facet normal 1 -0 0
    outer loop
      vertex 24.7 5.3123 47.7996
      vertex 24.7 10.1627 45.7905
      vertex 24.7 5.5024 48.3309
    endloop
  endfacet
  facet normal 1 0 0
    outer loop
      vertex 24.7 10.1627 45.7905
      vertex 24.7 5.3123 47.7996
      vertex 24.7 9.70113 44.8146
    endloop
  endfacet
  facet normal 1 -0 0
    outer loop
      vertex 24.7 5.07104 47.2895
      vertex 24.7 9.70113 44.8146
      vertex 24.7 5.3123 47.7996
    endloop
  endfacet
  facet normal 1 0 0
    outer loop
      vertex 24.7 9.70113 44.8146
      vertex 24.7 5.07104 47.2895
      vertex 24.7 9.14616 43.8887
    endloop
  endfacet
  facet normal 1 -0 0
    outer loop
      vertex 24.7 4.78094 46.8055
      vertex 24.7 9.14616 43.8887
      vertex 24.7 5.07104 47.2895
    endloop
  endfacet
  facet normal 1 0 0
    outer loop
      vertex 24.7 9.14616 43.8887
      vertex 24.7 4.78094 46.8055
      vertex 24.7 8.50311 43.0217
    endloop
  endfacet
  facet normal 1 -0 0
    outer loop
      vertex 24.7 4.44481 46.3522
      vertex 24.7 8.50311 43.0217
      vertex 24.7 4.78094 46.8055
    endloop
  endfacet
  facet normal 1 0 0
    outer loop
      vertex 24.7 8.50311 43.0217
      vertex 24.7 4.44481 46.3522
      vertex 24.7 7.77817 42.2218
    endloop
  endfacet
  facet normal 1 -0 0
    outer loop
      vertex 24.7 4.06586 45.9341
      vertex 24.7 7.77817 42.2218
      vertex 24.7 4.44481 46.3522
    endloop
  endfacet
  facet normal 1 -0 0
    outer loop
      vertex 24.7 0.670563 42.5329
      vertex 24.7 7.77817 42.2218
      vertex 24.7 4.06586 45.9341
    endloop
  endfacet
  facet normal 1 0 0
    outer loop
      vertex 24.7 0.670563 42.5329
      vertex 24.7 0.00353527 34.4401
      vertex 24.7 7.77817 42.2218
    endloop
  endfacet
  facet normal 1 -0 0
    outer loop
      vertex 24.7 0 42.5
      vertex 24.7 0.00353527 34.4401
      vertex 24.7 0.670563 42.5329
    endloop
  endfacet
  facet normal 1 0 0
    outer loop
      vertex 24.7 -0.00353527 34.4401
      vertex 24.7 0.00353527 34.4401
      vertex 24.7 0 42.5
    endloop
  endfacet
  facet normal 1 0 0
    outer loop
      vertex 24.7 0.00353527 34.4401
      vertex 24.7 -0.00353527 34.4401
      vertex 24.7 0.00317192 34.4398
    endloop
  endfacet
  facet normal 1 0 0
    outer loop
      vertex 24.7 0.0027771 34.4395
      vertex 24.7 -0.00353527 34.4401
      vertex 24.7 0.00235653 34.4392
    endloop
  endfacet
  facet normal 1 0 0
    outer loop
      vertex 24.7 0.00235653 34.4392
      vertex 24.7 -0.00353527 34.4401
      vertex 24.7 0.00191307 34.439
    endloop
  endfacet
  facet normal 1 0 0
    outer loop
      vertex 24.7 0.00191307 34.439
      vertex 24.7 -0.00353527 34.4401
      vertex 24.7 0.00145054 34.4389
    endloop
  endfacet
  facet normal 1 0 0
    outer loop
      vertex 24.7 0.00145054 34.4389
      vertex 24.7 -0.00353527 34.4401
      vertex 24.7 0.000974655 34.4387
    endloop
  endfacet
  facet normal 1 0 0
    outer loop
      vertex 24.7 0.00317192 34.4398
      vertex 24.7 -0.00353527 34.4401
      vertex 24.7 0.0027771 34.4395
    endloop
  endfacet
  facet normal 1 0 0
    outer loop
      vertex 24.7 0.000974655 34.4387
      vertex 24.7 -0.00353527 34.4401
      vertex 24.7 0.000489235 34.4387
    endloop
  endfacet
  facet normal 1 0 0
    outer loop
      vertex 24.7 0.000489235 34.4387
      vertex 24.7 -0.00353527 34.4401
      vertex 24.7 0 34.4387
    endloop
  endfacet
  facet normal 1 0 0
    outer loop
      vertex 24.7 0 34.4387
      vertex 24.7 -0.00353527 34.4401
      vertex 24.7 -0.000489235 34.4387
    endloop
  endfacet
  facet normal 1 0 0
    outer loop
      vertex 24.7 -0.000489235 34.4387
      vertex 24.7 -0.00353527 34.4401
      vertex 24.7 -0.000974655 34.4387
    endloop
  endfacet
  facet normal 1 0 0
    outer loop
      vertex 24.7 -0.000974655 34.4387
      vertex 24.7 -0.00353527 34.4401
      vertex 24.7 -0.00145054 34.4389
    endloop
  endfacet
  facet normal 1 0 0
    outer loop
      vertex 24.7 -0.00145054 34.4389
      vertex 24.7 -0.00353527 34.4401
      vertex 24.7 -0.00191307 34.439
    endloop
  endfacet
  facet normal 1 0 0
    outer loop
      vertex 24.7 -0.00191307 34.439
      vertex 24.7 -0.00353527 34.4401
      vertex 24.7 -0.00235653 34.4392
    endloop
  endfacet
  facet normal 1 0 0
    outer loop
      vertex 24.7 -0.00235653 34.4392
      vertex 24.7 -0.00353527 34.4401
      vertex 24.7 -0.0027771 34.4395
    endloop
  endfacet
  facet normal 1 0 0
    outer loop
      vertex 24.7 -0.0027771 34.4395
      vertex 24.7 -0.00353527 34.4401
      vertex 24.7 -0.00317192 34.4398
    endloop
  endfacet
  facet normal 1 0 0
    outer loop
      vertex 24.7 -0.670563 42.5329
      vertex 24.7 -0.00353527 34.4401
      vertex 24.7 0 42.5
    endloop
  endfacet
  facet normal 1 0 0
    outer loop
      vertex 24.7 -7.77817 42.2218
      vertex 24.7 -0.670563 42.5329
      vertex 24.7 -4.06586 45.9341
    endloop
  endfacet
  facet normal 1 0 0
    outer loop
      vertex 24.7 -7.77817 42.2218
      vertex 24.7 -4.06586 45.9341
      vertex 24.7 -4.44481 46.3522
    endloop
  endfacet
  facet normal 1 0 0
    outer loop
      vertex 24.7 -8.50311 43.0217
      vertex 24.7 -4.44481 46.3522
      vertex 24.7 -4.78094 46.8055
    endloop
  endfacet
  facet normal 1 0 0
    outer loop
      vertex 24.7 -9.14616 43.8887
      vertex 24.7 -4.78094 46.8055
      vertex 24.7 -5.07104 47.2895
    endloop
  endfacet
  facet normal 1 0 0
    outer loop
      vertex 24.7 -9.70113 44.8146
      vertex 24.7 -5.07104 47.2895
      vertex 24.7 -5.3123 47.7996
    endloop
  endfacet
  facet normal 1 0 0
    outer loop
      vertex 24.7 -5.07104 52.7105
      vertex 24.7 -9.70113 55.1854
      vertex 24.7 -5.3123 52.2004
    endloop
  endfacet
  facet normal 1 -0 0
    outer loop
      vertex 24.7 -10.1627 54.2095
      vertex 24.7 -5.3123 52.2004
      vertex 24.7 -9.70113 55.1854
    endloop
  endfacet
  facet normal 1 0 0
    outer loop
      vertex 24.7 -5.3123 52.2004
      vertex 24.7 -10.1627 54.2095
      vertex 24.7 -5.5024 51.6691
    endloop
  endfacet
  facet normal 1 -0 0
    outer loop
      vertex 24.7 -10.5263 53.1931
      vertex 24.7 -5.5024 51.6691
      vertex 24.7 -10.1627 54.2095
    endloop
  endfacet
  facet normal 1 0 0
    outer loop
      vertex 24.7 -0.670563 42.5329
      vertex 24.7 -7.77817 42.2218
      vertex 24.7 -0.00353527 34.4401
    endloop
  endfacet
  facet normal 1 0 0
    outer loop
      vertex 24.7 -10.1627 45.7905
      vertex 24.7 -5.3123 47.7996
      vertex 24.7 -5.5024 48.3309
    endloop
  endfacet
  facet normal 1 0 0
    outer loop
      vertex 24.7 -10.5263 46.8069
      vertex 24.7 -5.5024 48.3309
      vertex 24.7 -5.63951 48.8782
    endloop
  endfacet
  facet normal 1 0 0
    outer loop
      vertex 24.7 -5.5024 51.6691
      vertex 24.7 -10.5263 53.1931
      vertex 24.7 -5.63951 51.1218
    endloop
  endfacet
  facet normal 1 -0 0
    outer loop
      vertex 24.7 -10.7886 52.146
      vertex 24.7 -5.63951 51.1218
      vertex 24.7 -10.5263 53.1931
    endloop
  endfacet
  facet normal 1 0 0
    outer loop
      vertex 24.7 -4.44481 46.3522
      vertex 24.7 -8.50311 43.0217
      vertex 24.7 -7.77817 42.2218
    endloop
  endfacet
  facet normal 1 0 0
    outer loop
      vertex 24.7 -5.63951 51.1218
      vertex 24.7 -10.7886 52.146
      vertex 24.7 -5.72231 50.5636
    endloop
  endfacet
  facet normal 1 0 0
    outer loop
      vertex 24.7 -4.78094 46.8055
      vertex 24.7 -9.14616 43.8887
      vertex 24.7 -8.50311 43.0217
    endloop
  endfacet
  facet normal 1 -0 0
    outer loop
      vertex 24.7 -10.947 51.0782
      vertex 24.7 -5.72231 50.5636
      vertex 24.7 -10.7886 52.146
    endloop
  endfacet
  facet normal 1 0 0
    outer loop
      vertex 24.7 -5.07104 47.2895
      vertex 24.7 -9.70113 44.8146
      vertex 24.7 -9.14616 43.8887
    endloop
  endfacet
  facet normal 1 0 0
    outer loop
      vertex 24.7 -5.72231 50.5636
      vertex 24.7 -10.947 51.0782
      vertex 24.7 -5.75 50
    endloop
  endfacet
  facet normal 1 0 0
    outer loop
      vertex 24.7 -5.3123 47.7996
      vertex 24.7 -10.1627 45.7905
      vertex 24.7 -9.70113 44.8146
    endloop
  endfacet
  facet normal 1 0 0
    outer loop
      vertex 24.7 -11 50
      vertex 24.7 -5.75 50
      vertex 24.7 -10.947 51.0782
    endloop
  endfacet
  facet normal 1 0 0
    outer loop
      vertex 24.7 -5.5024 48.3309
      vertex 24.7 -10.5263 46.8069
      vertex 24.7 -10.1627 45.7905
    endloop
  endfacet
  facet normal 1 0 0
    outer loop
      vertex 24.7 -5.75 50
      vertex 24.7 -11 50
      vertex 24.7 -5.72231 49.4364
    endloop
  endfacet
  facet normal 1 0 0
    outer loop
      vertex 24.7 -5.63951 48.8782
      vertex 24.7 -10.7886 47.854
      vertex 24.7 -10.5263 46.8069
    endloop
  endfacet
  facet normal 1 0 -0
    outer loop
      vertex 24.7 -10.947 48.9218
      vertex 24.7 -5.72231 49.4364
      vertex 24.7 -11 50
    endloop
  endfacet
  facet normal 1 0 0
    outer loop
      vertex 24.7 -5.63951 48.8782
      vertex 24.7 -10.947 48.9218
      vertex 24.7 -10.7886 47.854
    endloop
  endfacet
  facet normal 1 0 0
    outer loop
      vertex 24.7 -5.72231 49.4364
      vertex 24.7 -10.947 48.9218
      vertex 24.7 -5.63951 48.8782
    endloop
  endfacet
  facet normal -0 0.595656 0.80324
    outer loop
      vertex 24.7 3.64775 54.4448
      vertex 30.2 3.19452 54.7809
      vertex 30.2 3.64775 54.4448
    endloop
  endfacet
  facet normal 0 0.595656 0.80324
    outer loop
      vertex 30.2 3.19452 54.7809
      vertex 24.7 3.64775 54.4448
      vertex 24.7 3.19452 54.7809
    endloop
  endfacet
  facet normal 0 -0.970024 -0.243011
    outer loop
      vertex 24.7 -5.5024 48.3309
      vertex 30.2 -5.63951 48.8782
      vertex 24.7 -5.63951 48.8782
    endloop
  endfacet
  facet normal 0 -0.970024 -0.243011
    outer loop
      vertex 30.2 -5.63951 48.8782
      vertex 24.7 -5.5024 48.3309
      vertex 30.2 -5.5024 48.3309
    endloop
  endfacet
  facet normal 0 -0.242969 0.970034
    outer loop
      vertex 24.7 -1.12177 55.6395
      vertex 30.2 -1.66913 55.5024
      vertex 30.2 -1.12177 55.6395
    endloop
  endfacet
  facet normal 0 -0.242969 0.970034
    outer loop
      vertex 30.2 -1.66913 55.5024
      vertex 24.7 -1.12177 55.6395
      vertex 24.7 -1.66913 55.5024
    endloop
  endfacet
  facet normal 0 -0.336892 0.941543
    outer loop
      vertex 24.7 -1.66913 55.5024
      vertex 30.2 -2.20042 55.3123
      vertex 30.2 -1.66913 55.5024
    endloop
  endfacet
  facet normal 0 -0.336892 0.941543
    outer loop
      vertex 30.2 -2.20042 55.3123
      vertex 24.7 -1.66913 55.5024
      vertex 24.7 -2.20042 55.3123
    endloop
  endfacet
  facet normal 0 -0.989177 -0.146728
    outer loop
      vertex 24.7 -5.63951 48.8782
      vertex 30.2 -5.72231 49.4364
      vertex 24.7 -5.72231 49.4364
    endloop
  endfacet
  facet normal 0 -0.989177 -0.146728
    outer loop
      vertex 30.2 -5.72231 49.4364
      vertex 24.7 -5.63951 48.8782
      vertex 30.2 -5.63951 48.8782
    endloop
  endfacet
  facet normal 0 -0.998795 0.0490714
    outer loop
      vertex 24.7 -5.75 50
      vertex 30.2 -5.72231 50.5636
      vertex 24.7 -5.72231 50.5636
    endloop
  endfacet
  facet normal 0 -0.998795 0.0490714
    outer loop
      vertex 30.2 -5.72231 50.5636
      vertex 24.7 -5.75 50
      vertex 30.2 -5.75 50
    endloop
  endfacet
  facet normal 0 -0.146732 0.989176
    outer loop
      vertex 24.7 -0.563583 55.7223
      vertex 30.2 -1.12177 55.6395
      vertex 30.2 -0.563583 55.7223
    endloop
  endfacet
  facet normal 0 -0.146732 0.989176
    outer loop
      vertex 30.2 -1.12177 55.6395
      vertex 24.7 -0.563583 55.7223
      vertex 24.7 -1.12177 55.6395
    endloop
  endfacet
  facet normal 0 -0.0491031 0.998794
    outer loop
      vertex 24.7 -0.199484 55.7402
      vertex 30.2 -0.563583 55.7223
      vertex 30.2 -0.199484 55.7402
    endloop
  endfacet
  facet normal 0 -0.0491031 0.998794
    outer loop
      vertex 30.2 -0.563583 55.7223
      vertex 24.7 -0.199484 55.7402
      vertex 24.7 -0.563583 55.7223
    endloop
  endfacet
  facet normal 0 0.707721 -0.706492
    outer loop
      vertex 30.2 0.670563 42.5329
      vertex 24.7 4.06586 45.9341
      vertex 30.2 4.06586 45.9341
    endloop
  endfacet
  facet normal 0 0.707721 -0.706492
    outer loop
      vertex 24.7 4.06586 45.9341
      vertex 30.2 0.670563 42.5329
      vertex 24.7 0.670563 42.5329
    endloop
  endfacet
  facet normal 0 0.903989 -0.427556
    outer loop
      vertex 30.2 5.07104 47.2895
      vertex 24.7 5.3123 47.7996
      vertex 30.2 5.3123 47.7996
    endloop
  endfacet
  facet normal 0 0.903989 -0.427556
    outer loop
      vertex 24.7 5.3123 47.7996
      vertex 30.2 5.07104 47.2895
      vertex 24.7 5.07104 47.2895
    endloop
  endfacet
  facet normal 0 -0.803259 0.59563
    outer loop
      vertex 24.7 -4.78094 53.1945
      vertex 30.2 -4.44481 53.6478
      vertex 24.7 -4.44481 53.6478
    endloop
  endfacet
  facet normal 0 -0.803259 0.59563
    outer loop
      vertex 30.2 -4.44481 53.6478
      vertex 24.7 -4.78094 53.1945
      vertex 30.2 -4.78094 53.1945
    endloop
  endfacet
  facet normal 0 0.803259 0.59563
    outer loop
      vertex 30.2 4.78094 53.1945
      vertex 24.7 4.44481 53.6478
      vertex 30.2 4.44481 53.6478
    endloop
  endfacet
  facet normal 0 0.803259 0.59563
    outer loop
      vertex 24.7 4.44481 53.6478
      vertex 30.2 4.78094 53.1945
      vertex 24.7 4.78094 53.1945
    endloop
  endfacet
  facet normal 0 -0.989177 0.146728
    outer loop
      vertex 24.7 -5.72231 50.5636
      vertex 30.2 -5.63951 51.1218
      vertex 24.7 -5.63951 51.1218
    endloop
  endfacet
  facet normal 0 -0.989177 0.146728
    outer loop
      vertex 30.2 -5.63951 51.1218
      vertex 24.7 -5.72231 50.5636
      vertex 30.2 -5.72231 50.5636
    endloop
  endfacet
  facet normal 0 -0.903989 -0.427556
    outer loop
      vertex 24.7 -5.07104 47.2895
      vertex 30.2 -5.3123 47.7996
      vertex 24.7 -5.3123 47.7996
    endloop
  endfacet
  facet normal 0 -0.903989 -0.427556
    outer loop
      vertex 30.2 -5.3123 47.7996
      vertex 24.7 -5.07104 47.2895
      vertex 30.2 -5.07104 47.2895
    endloop
  endfacet
  facet normal 0 -0.0490043 -0.998799
    outer loop
      vertex 24.7 -0.670563 42.5329
      vertex 30.2 0 42.5
      vertex 30.2 -0.670563 42.5329
    endloop
  endfacet
  facet normal -0 -0.0490043 -0.998799
    outer loop
      vertex 30.2 0 42.5
      vertex 24.7 -0.670563 42.5329
      vertex 24.7 0 42.5
    endloop
  endfacet
  facet normal 0 -0.857727 0.514105
    outer loop
      vertex 24.7 -5.07104 52.7105
      vertex 30.2 -4.78094 53.1945
      vertex 24.7 -4.78094 53.1945
    endloop
  endfacet
  facet normal 0 -0.857727 0.514105
    outer loop
      vertex 30.2 -4.78094 53.1945
      vertex 24.7 -5.07104 52.7105
      vertex 30.2 -5.07104 52.7105
    endloop
  endfacet
  facet normal 0 0.903989 0.427556
    outer loop
      vertex 30.2 5.3123 52.2004
      vertex 24.7 5.07104 52.7105
      vertex 30.2 5.07104 52.7105
    endloop
  endfacet
  facet normal 0 0.903989 0.427556
    outer loop
      vertex 24.7 5.07104 52.7105
      vertex 30.2 5.3123 52.2004
      vertex 24.7 5.3123 52.2004
    endloop
  endfacet
  facet normal 0 -0.941545 0.336886
    outer loop
      vertex 24.7 -5.5024 51.6691
      vertex 30.2 -5.3123 52.2004
      vertex 24.7 -5.3123 52.2004
    endloop
  endfacet
  facet normal 0 -0.941545 0.336886
    outer loop
      vertex 30.2 -5.3123 52.2004
      vertex 24.7 -5.5024 51.6691
      vertex 30.2 -5.5024 51.6691
    endloop
  endfacet
  facet normal 0 -0.998795 -0.0490714
    outer loop
      vertex 24.7 -5.72231 49.4364
      vertex 30.2 -5.75 50
      vertex 24.7 -5.75 50
    endloop
  endfacet
  facet normal 0 -0.998795 -0.0490714
    outer loop
      vertex 30.2 -5.75 50
      vertex 24.7 -5.72231 49.4364
      vertex 30.2 -5.72231 49.4364
    endloop
  endfacet
  facet normal -0 0.242969 0.970034
    outer loop
      vertex 24.7 1.66913 55.5024
      vertex 30.2 1.12177 55.6395
      vertex 30.2 1.66913 55.5024
    endloop
  endfacet
  facet normal 0 0.242969 0.970034
    outer loop
      vertex 30.2 1.12177 55.6395
      vertex 24.7 1.66913 55.5024
      vertex 24.7 1.12177 55.6395
    endloop
  endfacet
  facet normal 0 0.941545 0.336886
    outer loop
      vertex 30.2 5.5024 51.6691
      vertex 24.7 5.3123 52.2004
      vertex 30.2 5.3123 52.2004
    endloop
  endfacet
  facet normal 0 0.941545 0.336886
    outer loop
      vertex 24.7 5.3123 52.2004
      vertex 30.2 5.5024 51.6691
      vertex 24.7 5.5024 51.6691
    endloop
  endfacet
  facet normal 0 -0.903989 0.427556
    outer loop
      vertex 24.7 -5.3123 52.2004
      vertex 30.2 -5.07104 52.7105
      vertex 24.7 -5.07104 52.7105
    endloop
  endfacet
  facet normal 0 -0.903989 0.427556
    outer loop
      vertex 30.2 -5.07104 52.7105
      vertex 24.7 -5.3123 52.2004
      vertex 30.2 -5.3123 52.2004
    endloop
  endfacet
  facet normal -0 0.514113 0.857723
    outer loop
      vertex 24.7 3.19452 54.7809
      vertex 30.2 2.71053 55.071
      vertex 30.2 3.19452 54.7809
    endloop
  endfacet
  facet normal 0 0.514113 0.857723
    outer loop
      vertex 30.2 2.71053 55.071
      vertex 24.7 3.19452 54.7809
      vertex 24.7 2.71053 55.071
    endloop
  endfacet
  facet normal 0 -0.427607 0.903965
    outer loop
      vertex 24.7 -2.20042 55.3123
      vertex 30.2 -2.71053 55.071
      vertex 30.2 -2.20042 55.3123
    endloop
  endfacet
  facet normal 0 -0.427607 0.903965
    outer loop
      vertex 30.2 -2.71053 55.071
      vertex 24.7 -2.20042 55.3123
      vertex 24.7 -2.71053 55.071
    endloop
  endfacet
  facet normal 0 0.0490043 -0.998799
    outer loop
      vertex 24.7 0 42.5
      vertex 30.2 0.670563 42.5329
      vertex 30.2 0 42.5
    endloop
  endfacet
  facet normal 0 0.0490043 -0.998799
    outer loop
      vertex 30.2 0.670563 42.5329
      vertex 24.7 0 42.5
      vertex 24.7 0.670563 42.5329
    endloop
  endfacet
  facet normal 0 -0.740946 -0.671565
    outer loop
      vertex 24.7 -4.06586 45.9341
      vertex 30.2 -4.44481 46.3522
      vertex 24.7 -4.44481 46.3522
    endloop
  endfacet
  facet normal 0 -0.740946 -0.671565
    outer loop
      vertex 30.2 -4.44481 46.3522
      vertex 24.7 -4.06586 45.9341
      vertex 30.2 -4.06586 45.9341
    endloop
  endfacet
  facet normal 0 0.970024 -0.243011
    outer loop
      vertex 30.2 5.5024 48.3309
      vertex 24.7 5.63951 48.8782
      vertex 30.2 5.63951 48.8782
    endloop
  endfacet
  facet normal 0 0.970024 -0.243011
    outer loop
      vertex 24.7 5.63951 48.8782
      vertex 30.2 5.5024 48.3309
      vertex 24.7 5.5024 48.3309
    endloop
  endfacet
  facet normal 0 0.970024 0.243011
    outer loop
      vertex 30.2 5.63951 51.1218
      vertex 24.7 5.5024 51.6691
      vertex 30.2 5.5024 51.6691
    endloop
  endfacet
  facet normal 0 0.970024 0.243011
    outer loop
      vertex 24.7 5.5024 51.6691
      vertex 30.2 5.63951 51.1218
      vertex 24.7 5.63951 51.1218
    endloop
  endfacet
  facet normal 0 -0.671508 0.740998
    outer loop
      vertex 24.7 -3.64775 54.4448
      vertex 30.2 -4.06586 54.0659
      vertex 30.2 -3.64775 54.4448
    endloop
  endfacet
  facet normal 0 -0.671508 0.740998
    outer loop
      vertex 30.2 -4.06586 54.0659
      vertex 24.7 -3.64775 54.4448
      vertex 24.7 -4.06586 54.0659
    endloop
  endfacet
  facet normal 0 -0.970024 0.243011
    outer loop
      vertex 24.7 -5.63951 51.1218
      vertex 30.2 -5.5024 51.6691
      vertex 24.7 -5.5024 51.6691
    endloop
  endfacet
  facet normal 0 -0.970024 0.243011
    outer loop
      vertex 30.2 -5.5024 51.6691
      vertex 24.7 -5.63951 51.1218
      vertex 30.2 -5.63951 51.1218
    endloop
  endfacet
  facet normal 0 0.740946 -0.671565
    outer loop
      vertex 30.2 4.06586 45.9341
      vertex 24.7 4.44481 46.3522
      vertex 30.2 4.44481 46.3522
    endloop
  endfacet
  facet normal 0 0.740946 -0.671565
    outer loop
      vertex 24.7 4.44481 46.3522
      vertex 30.2 4.06586 45.9341
      vertex 24.7 4.06586 45.9341
    endloop
  endfacet
  facet normal 0 0.857727 -0.514105
    outer loop
      vertex 30.2 4.78094 46.8055
      vertex 24.7 5.07104 47.2895
      vertex 30.2 5.07104 47.2895
    endloop
  endfacet
  facet normal 0 0.857727 -0.514105
    outer loop
      vertex 24.7 5.07104 47.2895
      vertex 30.2 4.78094 46.8055
      vertex 24.7 4.78094 46.8055
    endloop
  endfacet
  facet normal 0 -0.595656 0.80324
    outer loop
      vertex 24.7 -3.19452 54.7809
      vertex 30.2 -3.64775 54.4448
      vertex 30.2 -3.19452 54.7809
    endloop
  endfacet
  facet normal 0 -0.595656 0.80324
    outer loop
      vertex 30.2 -3.64775 54.4448
      vertex 24.7 -3.19452 54.7809
      vertex 24.7 -3.64775 54.4448
    endloop
  endfacet
  facet normal -0 0.336892 0.941543
    outer loop
      vertex 24.7 2.20042 55.3123
      vertex 30.2 1.66913 55.5024
      vertex 30.2 2.20042 55.3123
    endloop
  endfacet
  facet normal 0 0.336892 0.941543
    outer loop
      vertex 30.2 1.66913 55.5024
      vertex 24.7 2.20042 55.3123
      vertex 24.7 1.66913 55.5024
    endloop
  endfacet
  facet normal 0 0.989177 -0.146728
    outer loop
      vertex 30.2 5.63951 48.8782
      vertex 24.7 5.72231 49.4364
      vertex 30.2 5.72231 49.4364
    endloop
  endfacet
  facet normal 0 0.989177 -0.146728
    outer loop
      vertex 24.7 5.72231 49.4364
      vertex 30.2 5.63951 48.8782
      vertex 24.7 5.63951 48.8782
    endloop
  endfacet
  facet normal 0 0.998795 0.0490714
    outer loop
      vertex 30.2 5.75 50
      vertex 24.7 5.72231 50.5636
      vertex 30.2 5.72231 50.5636
    endloop
  endfacet
  facet normal 0 0.998795 0.0490714
    outer loop
      vertex 24.7 5.72231 50.5636
      vertex 30.2 5.75 50
      vertex 24.7 5.75 50
    endloop
  endfacet
  facet normal 0 -0.803259 -0.59563
    outer loop
      vertex 24.7 -4.44481 46.3522
      vertex 30.2 -4.78094 46.8055
      vertex 24.7 -4.78094 46.8055
    endloop
  endfacet
  facet normal 0 -0.803259 -0.59563
    outer loop
      vertex 30.2 -4.78094 46.8055
      vertex 24.7 -4.44481 46.3522
      vertex 30.2 -4.44481 46.3522
    endloop
  endfacet
  facet normal 0 0.989177 0.146728
    outer loop
      vertex 30.2 5.72231 50.5636
      vertex 24.7 5.63951 51.1218
      vertex 30.2 5.63951 51.1218
    endloop
  endfacet
  facet normal 0 0.989177 0.146728
    outer loop
      vertex 24.7 5.63951 51.1218
      vertex 30.2 5.72231 50.5636
      vertex 24.7 5.72231 50.5636
    endloop
  endfacet
  facet normal -0 0.427607 0.903965
    outer loop
      vertex 24.7 2.71053 55.071
      vertex 30.2 2.20042 55.3123
      vertex 30.2 2.71053 55.071
    endloop
  endfacet
  facet normal 0 0.427607 0.903965
    outer loop
      vertex 30.2 2.20042 55.3123
      vertex 24.7 2.71053 55.071
      vertex 24.7 2.20042 55.3123
    endloop
  endfacet
  facet normal 0 0.857727 0.514105
    outer loop
      vertex 30.2 5.07104 52.7105
      vertex 24.7 4.78094 53.1945
      vertex 30.2 4.78094 53.1945
    endloop
  endfacet
  facet normal 0 0.857727 0.514105
    outer loop
      vertex 24.7 4.78094 53.1945
      vertex 30.2 5.07104 52.7105
      vertex 24.7 5.07104 52.7105
    endloop
  endfacet
  facet normal -0 0.146732 0.989176
    outer loop
      vertex 24.7 1.12177 55.6395
      vertex 30.2 0.563583 55.7223
      vertex 30.2 1.12177 55.6395
    endloop
  endfacet
  facet normal 0 0.146732 0.989176
    outer loop
      vertex 30.2 0.563583 55.7223
      vertex 24.7 1.12177 55.6395
      vertex 24.7 0.563583 55.7223
    endloop
  endfacet
  facet normal 0 0.740946 0.671565
    outer loop
      vertex 30.2 4.44481 53.6478
      vertex 24.7 4.06586 54.0659
      vertex 30.2 4.06586 54.0659
    endloop
  endfacet
  facet normal 0 0.740946 0.671565
    outer loop
      vertex 24.7 4.06586 54.0659
      vertex 30.2 4.44481 53.6478
      vertex 24.7 4.44481 53.6478
    endloop
  endfacet
  facet normal -0 0.0491031 0.998794
    outer loop
      vertex 24.7 0.563583 55.7223
      vertex 30.2 0.199484 55.7402
      vertex 30.2 0.563583 55.7223
    endloop
  endfacet
  facet normal 0 0.0491031 0.998794
    outer loop
      vertex 30.2 0.199484 55.7402
      vertex 24.7 0.563583 55.7223
      vertex 24.7 0.199484 55.7402
    endloop
  endfacet
  facet normal 0 0.941545 -0.336886
    outer loop
      vertex 30.2 5.3123 47.7996
      vertex 24.7 5.5024 48.3309
      vertex 30.2 5.5024 48.3309
    endloop
  endfacet
  facet normal 0 0.941545 -0.336886
    outer loop
      vertex 24.7 5.5024 48.3309
      vertex 30.2 5.3123 47.7996
      vertex 24.7 5.3123 47.7996
    endloop
  endfacet
  facet normal 0 -0.514113 0.857723
    outer loop
      vertex 24.7 -2.71053 55.071
      vertex 30.2 -3.19452 54.7809
      vertex 30.2 -2.71053 55.071
    endloop
  endfacet
  facet normal 0 -0.514113 0.857723
    outer loop
      vertex 30.2 -3.19452 54.7809
      vertex 24.7 -2.71053 55.071
      vertex 24.7 -3.19452 54.7809
    endloop
  endfacet
  facet normal 0 -0.707721 -0.706492
    outer loop
      vertex 24.7 -0.670563 42.5329
      vertex 30.2 -4.06586 45.9341
      vertex 24.7 -4.06586 45.9341
    endloop
  endfacet
  facet normal 0 -0.707721 -0.706492
    outer loop
      vertex 30.2 -4.06586 45.9341
      vertex 24.7 -0.670563 42.5329
      vertex 30.2 -0.670563 42.5329
    endloop
  endfacet
  facet normal 0 0.998795 -0.0490714
    outer loop
      vertex 30.2 5.72231 49.4364
      vertex 24.7 5.75 50
      vertex 30.2 5.75 50
    endloop
  endfacet
  facet normal 0 0.998795 -0.0490714
    outer loop
      vertex 24.7 5.75 50
      vertex 30.2 5.72231 49.4364
      vertex 24.7 5.72231 49.4364
    endloop
  endfacet
  facet normal -0 0.671508 0.740998
    outer loop
      vertex 24.7 4.06586 54.0659
      vertex 30.2 3.64775 54.4448
      vertex 30.2 4.06586 54.0659
    endloop
  endfacet
  facet normal 0 0.671508 0.740998
    outer loop
      vertex 30.2 3.64775 54.4448
      vertex 24.7 4.06586 54.0659
      vertex 24.7 3.64775 54.4448
    endloop
  endfacet
  facet normal 0 -0.857727 -0.514105
    outer loop
      vertex 24.7 -4.78094 46.8055
      vertex 30.2 -5.07104 47.2895
      vertex 24.7 -5.07104 47.2895
    endloop
  endfacet
  facet normal 0 -0.857727 -0.514105
    outer loop
      vertex 30.2 -5.07104 47.2895
      vertex 24.7 -4.78094 46.8055
      vertex 30.2 -4.78094 46.8055
    endloop
  endfacet
  facet normal 0 -0.740946 0.671565
    outer loop
      vertex 24.7 -4.44481 53.6478
      vertex 30.2 -4.06586 54.0659
      vertex 24.7 -4.06586 54.0659
    endloop
  endfacet
  facet normal 0 -0.740946 0.671565
    outer loop
      vertex 30.2 -4.06586 54.0659
      vertex 24.7 -4.44481 53.6478
      vertex 30.2 -4.44481 53.6478
    endloop
  endfacet
  facet normal 1 0 0
    outer loop
      vertex 30.2 -2.96983 52.9698
      vertex 30.2 -0.563583 55.7223
      vertex 30.2 -1.12177 55.6395
    endloop
  endfacet
  facet normal 1 0 0
    outer loop
      vertex 30.2 -2.96983 52.9698
      vertex 30.2 -1.12177 55.6395
      vertex 30.2 -1.66913 55.5024
    endloop
  endfacet
  facet normal 1 0 0
    outer loop
      vertex 30.2 -2.96983 52.9698
      vertex 30.2 -1.66913 55.5024
      vertex 30.2 -2.20042 55.3123
    endloop
  endfacet
  facet normal 1 0 0
    outer loop
      vertex 30.2 -2.96983 52.9698
      vertex 30.2 -2.20042 55.3123
      vertex 30.2 -2.71053 55.071
    endloop
  endfacet
  facet normal 1 -0 0
    outer loop
      vertex 30.2 -0.563583 55.7223
      vertex 30.2 -2.96983 52.9698
      vertex 30.2 -0.199484 55.7402
    endloop
  endfacet
  facet normal 1 -0 0
    outer loop
      vertex 30.2 -3.19452 54.7809
      vertex 30.2 -2.96983 52.9698
      vertex 30.2 -2.71053 55.071
    endloop
  endfacet
  facet normal 1 -0 0
    outer loop
      vertex 30.2 -3.64775 54.4448
      vertex 30.2 -2.96983 52.9698
      vertex 30.2 -3.19452 54.7809
    endloop
  endfacet
  facet normal 1 -0 0
    outer loop
      vertex 30.2 -4.06586 54.0659
      vertex 30.2 -2.96983 52.9698
      vertex 30.2 -3.64775 54.4448
    endloop
  endfacet
  facet normal 1 0 0
    outer loop
      vertex 30.2 -2.96983 52.9698
      vertex 30.2 -4.06586 54.0659
      vertex 30.2 -3.24664 52.6644
    endloop
  endfacet
  facet normal 1 -0 0
    outer loop
      vertex 30.2 -4.44481 53.6478
      vertex 30.2 -3.24664 52.6644
      vertex 30.2 -4.06586 54.0659
    endloop
  endfacet
  facet normal 1 0 0
    outer loop
      vertex 30.2 -3.24664 52.6644
      vertex 30.2 -4.44481 53.6478
      vertex 30.2 -3.49217 52.3334
    endloop
  endfacet
  facet normal 1 -0 0
    outer loop
      vertex 30.2 -4.78094 53.1945
      vertex 30.2 -3.49217 52.3334
      vertex 30.2 -4.44481 53.6478
    endloop
  endfacet
  facet normal 1 0 0
    outer loop
      vertex 30.2 -3.49217 52.3334
      vertex 30.2 -4.78094 53.1945
      vertex 30.2 -3.70406 51.9799
    endloop
  endfacet
  facet normal 1 -0 0
    outer loop
      vertex 30.2 -5.07104 52.7105
      vertex 30.2 -3.70406 51.9799
      vertex 30.2 -4.78094 53.1945
    endloop
  endfacet
  facet normal 1 0 0
    outer loop
      vertex 30.2 -3.70406 51.9799
      vertex 30.2 -5.07104 52.7105
      vertex 30.2 -3.88028 51.6073
    endloop
  endfacet
  facet normal 1 -0 0
    outer loop
      vertex 30.2 -5.3123 52.2004
      vertex 30.2 -3.88028 51.6073
      vertex 30.2 -5.07104 52.7105
    endloop
  endfacet
  facet normal 1 0 0
    outer loop
      vertex 30.2 -3.88028 51.6073
      vertex 30.2 -5.3123 52.2004
      vertex 30.2 -4.01913 51.2192
    endloop
  endfacet
  facet normal 1 0 0
    outer loop
      vertex 30.2 4.2 50
      vertex 30.2 5.75 50
      vertex 30.2 5.72231 50.5636
    endloop
  endfacet
  facet normal 1 0 0
    outer loop
      vertex 30.2 4.17976 50.4117
      vertex 30.2 5.72231 50.5636
      vertex 30.2 5.63951 51.1218
    endloop
  endfacet
  facet normal 1 0 0
    outer loop
      vertex 30.2 5.75 50
      vertex 30.2 4.2 50
      vertex 30.2 5.72231 49.4364
    endloop
  endfacet
  facet normal 1 0 0
    outer loop
      vertex 30.2 4.11929 50.8194
      vertex 30.2 5.63951 51.1218
      vertex 30.2 5.5024 51.6691
    endloop
  endfacet
  facet normal 1 -0 0
    outer loop
      vertex 30.2 4.17976 49.5883
      vertex 30.2 5.72231 49.4364
      vertex 30.2 4.2 50
    endloop
  endfacet
  facet normal 1 0 0
    outer loop
      vertex 30.2 4.01913 51.2192
      vertex 30.2 5.5024 51.6691
      vertex 30.2 5.3123 52.2004
    endloop
  endfacet
  facet normal 1 0 0
    outer loop
      vertex 30.2 5.72231 49.4364
      vertex 30.2 4.17976 49.5883
      vertex 30.2 5.63951 48.8782
    endloop
  endfacet
  facet normal 1 0 0
    outer loop
      vertex 30.2 3.88028 51.6073
      vertex 30.2 5.3123 52.2004
      vertex 30.2 5.07104 52.7105
    endloop
  endfacet
  facet normal 1 -0 0
    outer loop
      vertex 30.2 4.11929 49.1806
      vertex 30.2 5.63951 48.8782
      vertex 30.2 4.17976 49.5883
    endloop
  endfacet
  facet normal 1 0 0
    outer loop
      vertex 30.2 3.70406 51.9799
      vertex 30.2 5.07104 52.7105
      vertex 30.2 4.78094 53.1945
    endloop
  endfacet
  facet normal 1 0 0
    outer loop
      vertex 30.2 5.63951 48.8782
      vertex 30.2 4.11929 49.1806
      vertex 30.2 5.5024 48.3309
    endloop
  endfacet
  facet normal 1 0 0
    outer loop
      vertex 30.2 3.49217 52.3334
      vertex 30.2 4.78094 53.1945
      vertex 30.2 4.44481 53.6478
    endloop
  endfacet
  facet normal 1 -0 0
    outer loop
      vertex 30.2 4.01913 48.7808
      vertex 30.2 5.5024 48.3309
      vertex 30.2 4.11929 49.1806
    endloop
  endfacet
  facet normal 1 0 0
    outer loop
      vertex 30.2 5.5024 48.3309
      vertex 30.2 4.01913 48.7808
      vertex 30.2 5.3123 47.7996
    endloop
  endfacet
  facet normal 1 0 0
    outer loop
      vertex 30.2 5.72231 50.5636
      vertex 30.2 4.17976 50.4117
      vertex 30.2 4.2 50
    endloop
  endfacet
  facet normal 1 0 0
    outer loop
      vertex 30.2 5.63951 51.1218
      vertex 30.2 4.11929 50.8194
      vertex 30.2 4.17976 50.4117
    endloop
  endfacet
  facet normal 1 0 0
    outer loop
      vertex 30.2 3.24664 52.6644
      vertex 30.2 4.44481 53.6478
      vertex 30.2 4.06586 54.0659
    endloop
  endfacet
  facet normal 1 0 0
    outer loop
      vertex 30.2 5.5024 51.6691
      vertex 30.2 4.01913 51.2192
      vertex 30.2 4.11929 50.8194
    endloop
  endfacet
  facet normal 1 0 0
    outer loop
      vertex 30.2 5.3123 52.2004
      vertex 30.2 3.88028 51.6073
      vertex 30.2 4.01913 51.2192
    endloop
  endfacet
  facet normal 1 0 0
    outer loop
      vertex 30.2 5.07104 52.7105
      vertex 30.2 3.70406 51.9799
      vertex 30.2 3.88028 51.6073
    endloop
  endfacet
  facet normal 1 0 0
    outer loop
      vertex 30.2 2.96983 52.9698
      vertex 30.2 4.06586 54.0659
      vertex 30.2 3.64775 54.4448
    endloop
  endfacet
  facet normal 1 0 0
    outer loop
      vertex 30.2 4.78094 53.1945
      vertex 30.2 3.49217 52.3334
      vertex 30.2 3.70406 51.9799
    endloop
  endfacet
  facet normal 1 0 0
    outer loop
      vertex 30.2 4.44481 53.6478
      vertex 30.2 3.24664 52.6644
      vertex 30.2 3.49217 52.3334
    endloop
  endfacet
  facet normal 1 0 0
    outer loop
      vertex 30.2 2.96983 52.9698
      vertex 30.2 3.64775 54.4448
      vertex 30.2 3.19452 54.7809
    endloop
  endfacet
  facet normal 1 0 0
    outer loop
      vertex 30.2 4.06586 54.0659
      vertex 30.2 2.96983 52.9698
      vertex 30.2 3.24664 52.6644
    endloop
  endfacet
  facet normal 1 0 0
    outer loop
      vertex 30.2 2.71053 55.071
      vertex 30.2 2.96983 52.9698
      vertex 30.2 3.19452 54.7809
    endloop
  endfacet
  facet normal 1 0 0
    outer loop
      vertex 30.2 2.20042 55.3123
      vertex 30.2 2.96983 52.9698
      vertex 30.2 2.71053 55.071
    endloop
  endfacet
  facet normal 1 0 0
    outer loop
      vertex 30.2 1.66913 55.5024
      vertex 30.2 2.96983 52.9698
      vertex 30.2 2.20042 55.3123
    endloop
  endfacet
  facet normal 1 0 0
    outer loop
      vertex 30.2 1.12177 55.6395
      vertex 30.2 2.96983 52.9698
      vertex 30.2 1.66913 55.5024
    endloop
  endfacet
  facet normal 1 0 0
    outer loop
      vertex 30.2 0.563583 55.7223
      vertex 30.2 2.96983 52.9698
      vertex 30.2 1.12177 55.6395
    endloop
  endfacet
  facet normal 1 0 0
    outer loop
      vertex 30.2 2.96983 52.9698
      vertex 30.2 0.563583 55.7223
      vertex 30.2 0.199484 55.7402
    endloop
  endfacet
  facet normal 1 -0 0
    outer loop
      vertex 30.2 3.88028 48.3927
      vertex 30.2 5.3123 47.7996
      vertex 30.2 4.01913 48.7808
    endloop
  endfacet
  facet normal 1 0 0
    outer loop
      vertex 30.2 5.3123 47.7996
      vertex 30.2 3.88028 48.3927
      vertex 30.2 5.07104 47.2895
    endloop
  endfacet
  facet normal 1 -0 0
    outer loop
      vertex 30.2 3.70406 48.0201
      vertex 30.2 5.07104 47.2895
      vertex 30.2 3.88028 48.3927
    endloop
  endfacet
  facet normal 1 0 0
    outer loop
      vertex 30.2 5.07104 47.2895
      vertex 30.2 3.70406 48.0201
      vertex 30.2 4.78094 46.8055
    endloop
  endfacet
  facet normal 1 -0 0
    outer loop
      vertex 30.2 3.49217 47.6666
      vertex 30.2 4.78094 46.8055
      vertex 30.2 3.70406 48.0201
    endloop
  endfacet
  facet normal 1 0 0
    outer loop
      vertex 30.2 4.78094 46.8055
      vertex 30.2 3.49217 47.6666
      vertex 30.2 4.44481 46.3522
    endloop
  endfacet
  facet normal 1 -0 0
    outer loop
      vertex 30.2 3.24664 47.3356
      vertex 30.2 4.44481 46.3522
      vertex 30.2 3.49217 47.6666
    endloop
  endfacet
  facet normal 1 0 0
    outer loop
      vertex 30.2 4.44481 46.3522
      vertex 30.2 3.24664 47.3356
      vertex 30.2 4.06586 45.9341
    endloop
  endfacet
  facet normal 1 -0 0
    outer loop
      vertex 30.2 2.96983 47.0302
      vertex 30.2 4.06586 45.9341
      vertex 30.2 3.24664 47.3356
    endloop
  endfacet
  facet normal 1 -0 0
    outer loop
      vertex 30.2 2.66444 46.7534
      vertex 30.2 4.06586 45.9341
      vertex 30.2 2.96983 47.0302
    endloop
  endfacet
  facet normal 1 -0 0
    outer loop
      vertex 30.2 2.33339 46.5078
      vertex 30.2 4.06586 45.9341
      vertex 30.2 2.66444 46.7534
    endloop
  endfacet
  facet normal 1 -0 0
    outer loop
      vertex 30.2 1.97986 46.2959
      vertex 30.2 4.06586 45.9341
      vertex 30.2 2.33339 46.5078
    endloop
  endfacet
  facet normal 1 -0 0
    outer loop
      vertex 30.2 1.60727 46.1197
      vertex 30.2 4.06586 45.9341
      vertex 30.2 1.97986 46.2959
    endloop
  endfacet
  facet normal 1 0 0
    outer loop
      vertex 30.2 0.670563 42.5329
      vertex 30.2 1.60727 46.1197
      vertex 30.2 1.21919 45.9809
    endloop
  endfacet
  facet normal 1 0 0
    outer loop
      vertex 30.2 0.670563 42.5329
      vertex 30.2 1.21919 45.9809
      vertex 30.2 0.819366 45.8807
    endloop
  endfacet
  facet normal 1 0 0
    outer loop
      vertex 30.2 1.60727 46.1197
      vertex 30.2 0.670563 42.5329
      vertex 30.2 4.06586 45.9341
    endloop
  endfacet
  facet normal 1 -0 0
    outer loop
      vertex 30.2 0.411667 45.8202
      vertex 30.2 0.670563 42.5329
      vertex 30.2 0.819366 45.8807
    endloop
  endfacet
  facet normal 1 -0 0
    outer loop
      vertex 30.2 0 45.8
      vertex 30.2 0.670563 42.5329
      vertex 30.2 0.411667 45.8202
    endloop
  endfacet
  facet normal 1 0 0
    outer loop
      vertex 30.2 0 45.8
      vertex 30.2 0 42.5
      vertex 30.2 0.670563 42.5329
    endloop
  endfacet
  facet normal 1 0 0
    outer loop
      vertex 30.2 -0.670563 42.5329
      vertex 30.2 0 45.8
      vertex 30.2 -0.411667 45.8202
    endloop
  endfacet
  facet normal 1 0 0
    outer loop
      vertex 30.2 0 45.8
      vertex 30.2 -0.670563 42.5329
      vertex 30.2 0 42.5
    endloop
  endfacet
  facet normal 1 0 0
    outer loop
      vertex 30.2 -0.819366 45.8807
      vertex 30.2 -0.670563 42.5329
      vertex 30.2 -0.411667 45.8202
    endloop
  endfacet
  facet normal 1 0 0
    outer loop
      vertex 30.2 -1.21919 45.9809
      vertex 30.2 -0.670563 42.5329
      vertex 30.2 -0.819366 45.8807
    endloop
  endfacet
  facet normal 1 0 0
    outer loop
      vertex 30.2 -1.60727 46.1197
      vertex 30.2 -0.670563 42.5329
      vertex 30.2 -1.21919 45.9809
    endloop
  endfacet
  facet normal 1 0 0
    outer loop
      vertex 30.2 -4.06586 45.9341
      vertex 30.2 -1.60727 46.1197
      vertex 30.2 -1.97986 46.2959
    endloop
  endfacet
  facet normal 1 0 0
    outer loop
      vertex 30.2 -4.06586 45.9341
      vertex 30.2 -1.97986 46.2959
      vertex 30.2 -2.33339 46.5078
    endloop
  endfacet
  facet normal 1 0 0
    outer loop
      vertex 30.2 -4.06586 45.9341
      vertex 30.2 -2.33339 46.5078
      vertex 30.2 -2.66444 46.7534
    endloop
  endfacet
  facet normal 1 0 0
    outer loop
      vertex 30.2 -4.06586 45.9341
      vertex 30.2 -2.66444 46.7534
      vertex 30.2 -2.96983 47.0302
    endloop
  endfacet
  facet normal 1 0 0
    outer loop
      vertex 30.2 -4.06586 45.9341
      vertex 30.2 -2.96983 47.0302
      vertex 30.2 -3.24664 47.3356
    endloop
  endfacet
  facet normal 1 0 0
    outer loop
      vertex 30.2 -4.44481 46.3522
      vertex 30.2 -3.24664 47.3356
      vertex 30.2 -3.49217 47.6666
    endloop
  endfacet
  facet normal 1 0 0
    outer loop
      vertex 30.2 -4.78094 46.8055
      vertex 30.2 -3.49217 47.6666
      vertex 30.2 -3.70406 48.0201
    endloop
  endfacet
  facet normal 1 0 0
    outer loop
      vertex 30.2 -1.60727 46.1197
      vertex 30.2 -4.06586 45.9341
      vertex 30.2 -0.670563 42.5329
    endloop
  endfacet
  facet normal 1 0 0
    outer loop
      vertex 30.2 -5.07104 47.2895
      vertex 30.2 -3.70406 48.0201
      vertex 30.2 -3.88028 48.3927
    endloop
  endfacet
  facet normal 1 0 0
    outer loop
      vertex 30.2 -5.3123 47.7996
      vertex 30.2 -3.88028 48.3927
      vertex 30.2 -4.01913 48.7808
    endloop
  endfacet
  facet normal 1 0 0
    outer loop
      vertex 30.2 -5.5024 48.3309
      vertex 30.2 -4.01913 48.7808
      vertex 30.2 -4.11929 49.1806
    endloop
  endfacet
  facet normal 1 0 0
    outer loop
      vertex 30.2 -5.63951 48.8782
      vertex 30.2 -4.11929 49.1806
      vertex 30.2 -4.17976 49.5883
    endloop
  endfacet
  facet normal 1 0 0
    outer loop
      vertex 30.2 -5.72231 49.4364
      vertex 30.2 -4.17976 49.5883
      vertex 30.2 -4.2 50
    endloop
  endfacet
  facet normal 1 -0 0
    outer loop
      vertex 30.2 -5.5024 51.6691
      vertex 30.2 -4.01913 51.2192
      vertex 30.2 -5.3123 52.2004
    endloop
  endfacet
  facet normal 1 0 0
    outer loop
      vertex 30.2 -3.24664 47.3356
      vertex 30.2 -4.44481 46.3522
      vertex 30.2 -4.06586 45.9341
    endloop
  endfacet
  facet normal 1 0 0
    outer loop
      vertex 30.2 -4.01913 51.2192
      vertex 30.2 -5.5024 51.6691
      vertex 30.2 -4.11929 50.8194
    endloop
  endfacet
  facet normal 1 0 0
    outer loop
      vertex 30.2 -3.49217 47.6666
      vertex 30.2 -4.78094 46.8055
      vertex 30.2 -4.44481 46.3522
    endloop
  endfacet
  facet normal 1 -0 0
    outer loop
      vertex 30.2 -5.63951 51.1218
      vertex 30.2 -4.11929 50.8194
      vertex 30.2 -5.5024 51.6691
    endloop
  endfacet
  facet normal 1 0 0
    outer loop
      vertex 30.2 -3.70406 48.0201
      vertex 30.2 -5.07104 47.2895
      vertex 30.2 -4.78094 46.8055
    endloop
  endfacet
  facet normal 1 0 0
    outer loop
      vertex 30.2 -4.11929 50.8194
      vertex 30.2 -5.63951 51.1218
      vertex 30.2 -4.17976 50.4117
    endloop
  endfacet
  facet normal 1 0 0
    outer loop
      vertex 30.2 -3.88028 48.3927
      vertex 30.2 -5.3123 47.7996
      vertex 30.2 -5.07104 47.2895
    endloop
  endfacet
  facet normal 1 -0 0
    outer loop
      vertex 30.2 -5.72231 50.5636
      vertex 30.2 -4.17976 50.4117
      vertex 30.2 -5.63951 51.1218
    endloop
  endfacet
  facet normal 1 0 0
    outer loop
      vertex 30.2 -4.01913 48.7808
      vertex 30.2 -5.5024 48.3309
      vertex 30.2 -5.3123 47.7996
    endloop
  endfacet
  facet normal 1 0 0
    outer loop
      vertex 30.2 -4.17976 50.4117
      vertex 30.2 -5.72231 50.5636
      vertex 30.2 -4.2 50
    endloop
  endfacet
  facet normal 1 0 0
    outer loop
      vertex 30.2 -4.11929 49.1806
      vertex 30.2 -5.63951 48.8782
      vertex 30.2 -5.5024 48.3309
    endloop
  endfacet
  facet normal 1 0 0
    outer loop
      vertex 30.2 -5.75 50
      vertex 30.2 -4.2 50
      vertex 30.2 -5.72231 50.5636
    endloop
  endfacet
  facet normal 1 0 0
    outer loop
      vertex 30.2 -4.17976 49.5883
      vertex 30.2 -5.72231 49.4364
      vertex 30.2 -5.63951 48.8782
    endloop
  endfacet
  facet normal 1 0 0
    outer loop
      vertex 30.2 -4.2 50
      vertex 30.2 -5.75 50
      vertex 30.2 -5.72231 49.4364
    endloop
  endfacet
  facet normal 0 0.803259 -0.59563
    outer loop
      vertex 30.2 4.44481 46.3522
      vertex 24.7 4.78094 46.8055
      vertex 30.2 4.78094 46.8055
    endloop
  endfacet
  facet normal 0 0.803259 -0.59563
    outer loop
      vertex 24.7 4.78094 46.8055
      vertex 30.2 4.44481 46.3522
      vertex 24.7 4.44481 46.3522
    endloop
  endfacet
  facet normal 0 -0.941545 -0.336886
    outer loop
      vertex 24.7 -5.3123 47.7996
      vertex 30.2 -5.5024 48.3309
      vertex 24.7 -5.5024 48.3309
    endloop
  endfacet
  facet normal 0 -0.941545 -0.336886
    outer loop
      vertex 30.2 -5.5024 48.3309
      vertex 24.7 -5.3123 47.7996
      vertex 30.2 -5.3123 47.7996
    endloop
  endfacet
  facet normal 0.910976 0.41246 0
    outer loop
      vertex 17.9375 8.84577 90.51
      vertex 18 8.70773 56.7024
      vertex 17.9375 8.84577 6
    endloop
  endfacet
  facet normal 0.910885 0.412661 -9.89745e-07
    outer loop
      vertex 17.9375 8.84577 90.51
      vertex 18.0927 8.50311 56.9783
      vertex 18 8.70773 56.7024
    endloop
  endfacet
  facet normal 0.910849 0.412741 -1.96831e-06
    outer loop
      vertex 17.9375 8.84577 90.51
      vertex 18.4212 7.77817 57.7782
      vertex 18.0927 8.50311 56.9783
    endloop
  endfacet
  facet normal 0.910873 0.412686 -0
    outer loop
      vertex 18.4776 7.65367 57.891
      vertex 17.9375 8.84577 90.51
      vertex 18.4776 7.65367 90.51
    endloop
  endfacet
  facet normal 0.910891 0.412646 1.73905e-06
    outer loop
      vertex 17.9375 8.84577 90.51
      vertex 18.4776 7.65367 57.891
      vertex 18.4212 7.77817 57.7782
    endloop
  endfacet
  facet normal 0.910976 0.41246 -0
    outer loop
      vertex 18 8.70773 43.2976
      vertex 17.9375 8.84577 6
      vertex 18 8.70773 56.7024
    endloop
  endfacet
  facet normal 0.910885 0.412661 8.97593e-07
    outer loop
      vertex 18.0927 8.50311 43.0217
      vertex 17.9375 8.84577 6
      vertex 18 8.70773 43.2976
    endloop
  endfacet
  facet normal 0.910849 0.412741 1.78463e-06
    outer loop
      vertex 18.4212 7.77817 42.2218
      vertex 17.9375 8.84577 6
      vertex 18.0927 8.50311 43.0217
    endloop
  endfacet
  facet normal 0.910891 0.412646 -1.57157e-06
    outer loop
      vertex 18.4776 7.65367 42.0972
      vertex 17.9375 8.84577 6
      vertex 18.4212 7.77817 42.2218
    endloop
  endfacet
  facet normal 0.910873 0.412686 0
    outer loop
      vertex 17.9375 8.84577 6
      vertex 18.4776 7.65367 42.0972
      vertex 18.4776 7.65367 6
    endloop
  endfacet
  facet normal 0.995196 0.0979064 0
    outer loop
      vertex 19.8289 2.61052 90.51
      vertex 19.8746 2.14599 60.7886
      vertex 19.8289 2.61052 60.6723
    endloop
  endfacet
  facet normal 0.995183 0.0980314 -0
    outer loop
      vertex 19.9572 1.30806 60.9129
      vertex 19.8289 2.61052 90.51
      vertex 19.9572 1.30806 90.51
    endloop
  endfacet
  facet normal 0.995177 0.0981003 -3.0609e-06
    outer loop
      vertex 19.8289 2.61052 90.51
      vertex 19.9572 1.30806 60.9129
      vertex 19.8746 2.14599 60.7886
    endloop
  endfacet
  facet normal 0.995183 0.0980314 0
    outer loop
      vertex 19.9572 1.30806 35.7458
      vertex 19.8289 2.61052 6
      vertex 19.8289 2.61052 37.0495
    endloop
  endfacet
  facet normal 0.995183 0.0980314 0
    outer loop
      vertex 19.8289 2.61052 6
      vertex 19.9572 1.30806 35.7458
      vertex 19.9572 1.30806 6
    endloop
  endfacet
  facet normal 0.999468 0.0326098 0
    outer loop
      vertex 19.9572 1.30806 90.51
      vertex 19.9647 1.07819 60.947
      vertex 19.9572 1.30806 60.9129
    endloop
  endfacet
  facet normal 0.999465 0.0327027 -0
    outer loop
      vertex 20 0 61
      vertex 19.9572 1.30806 90.51
      vertex 20 0 90.51
    endloop
  endfacet
  facet normal 0.999464 0.0327225 -8.772e-07
    outer loop
      vertex 19.9572 1.30806 90.51
      vertex 20 0 61
      vertex 19.9647 1.07819 60.947
    endloop
  endfacet
  facet normal 0.999465 0.0327147 0
    outer loop
      vertex 19.9999 0.00353527 34.4401
      vertex 19.9572 1.30806 6
      vertex 19.9572 1.30806 35.7458
    endloop
  endfacet
  facet normal 0.999998 0.0011944 -0.00144661
    outer loop
      vertex 19.9999 0.00317192 34.4398
      vertex 19.9572 1.30806 6
      vertex 19.9999 0.00353527 34.4401
    endloop
  endfacet
  facet normal 0.999998 0.0011024 -0.00145083
    outer loop
      vertex 19.9999 0.0027771 34.4395
      vertex 19.9572 1.30806 6
      vertex 19.9999 0.00317192 34.4398
    endloop
  endfacet
  facet normal 0.999998 0.00103705 -0.00145383
    outer loop
      vertex 19.9999 0.00235653 34.4392
      vertex 19.9572 1.30806 6
      vertex 19.9999 0.0027771 34.4395
    endloop
  endfacet
  facet normal 0.999999 0.000663414 -0.00147099
    outer loop
      vertex 19.9999 0.00191307 34.439
      vertex 19.9572 1.30806 6
      vertex 19.9999 0.00235653 34.4392
    endloop
  endfacet
  facet normal 0.977747 0.209627 0.0081597
    outer loop
      vertex 20 0.00145054 34.4389
      vertex 19.9572 1.30806 6
      vertex 19.9999 0.00191307 34.439
    endloop
  endfacet
  facet normal 0.999999 0.000620515 -0.00147647
    outer loop
      vertex 20 0.000974655 34.4387
      vertex 19.9572 1.30806 6
      vertex 20 0.00145054 34.4389
    endloop
  endfacet
  facet normal 0.999999 0 -0.00150499
    outer loop
      vertex 20 0.000489235 34.4387
      vertex 19.9572 1.30806 6
      vertex 20 0.000974655 34.4387
    endloop
  endfacet
  facet normal 0.999999 0 -0.00150499
    outer loop
      vertex 20 0 34.4387
      vertex 19.9572 1.30806 6
      vertex 20 0.000489235 34.4387
    endloop
  endfacet
  facet normal 0.999465 0.0327027 0
    outer loop
      vertex 19.9572 1.30806 6
      vertex 20 0 34.4387
      vertex 20 0 6
    endloop
  endfacet
  facet normal 0.986644 0.162891 0
    outer loop
      vertex 19.6157 3.90181 90.51
      vertex 19.7327 3.19313 60.5263
      vertex 19.6157 3.90181 60.2728
    endloop
  endfacet
  facet normal 0.986642 0.162901 -0
    outer loop
      vertex 19.8289 2.61052 60.6723
      vertex 19.6157 3.90181 90.51
      vertex 19.8289 2.61052 90.51
    endloop
  endfacet
  facet normal 0.98664 0.162913 -5.416e-07
    outer loop
      vertex 19.6157 3.90181 90.51
      vertex 19.8289 2.61052 60.6723
      vertex 19.7327 3.19313 60.5263
    endloop
  endfacet
  facet normal 0.986642 0.162901 0
    outer loop
      vertex 19.8289 2.61052 37.0495
      vertex 19.6157 3.90181 6
      vertex 19.6157 3.90181 38.3419
    endloop
  endfacet
  facet normal 0.986642 0.162901 0
    outer loop
      vertex 19.6157 3.90181 6
      vertex 19.8289 2.61052 37.0495
      vertex 19.8289 2.61052 6
    endloop
  endfacet
  facet normal -0.582474 -0.81285 0
    outer loop
      vertex -12.1752 -15.8671 6
      vertex -11.1114 -16.6294 90.51
      vertex -12.1752 -15.8671 90.51
    endloop
  endfacet
  facet normal -0.582474 -0.81285 -0
    outer loop
      vertex -11.1114 -16.6294 90.51
      vertex -12.1752 -15.8671 6
      vertex -11.1114 -16.6294 6
    endloop
  endfacet
  facet normal -0.352242 0.935909 0
    outer loop
      vertex -6.42879 18.9386 6
      vertex -7.65367 18.4776 90.51
      vertex -6.42879 18.9386 90.51
    endloop
  endfacet
  facet normal -0.352242 0.935909 0
    outer loop
      vertex -7.65367 18.4776 90.51
      vertex -6.42879 18.9386 6
      vertex -7.65367 18.4776 6
    endloop
  endfacet
  facet normal 0.471427 0.881905 -0
    outer loop
      vertex 10 17.3205 6
      vertex 8.84577 17.9375 90.51
      vertex 10 17.3205 90.51
    endloop
  endfacet
  facet normal 0.471427 0.881905 0
    outer loop
      vertex 8.84577 17.9375 90.51
      vertex 10 17.3205 6
      vertex 8.84577 17.9375 6
    endloop
  endfacet
  facet normal 0 0 -1
    outer loop
      vertex 17 0 0
      vertex 23.5 0 0
      vertex 23.4497 -1.53697 0
    endloop
  endfacet
  facet normal 0 0 -1
    outer loop
      vertex 16.9636 -1.11185 0
      vertex 23.4497 -1.53697 0
      vertex 23.299 -3.06736 0
    endloop
  endfacet
  facet normal 0 0 -1
    outer loop
      vertex 23.5 0 0
      vertex 17 0 0
      vertex 23.4497 1.53697 0
    endloop
  endfacet
  facet normal 0 0 -1
    outer loop
      vertex 16.8546 -2.21894 0
      vertex 23.299 -3.06736 0
      vertex 23.0485 -4.58462 0
    endloop
  endfacet
  facet normal 0 0 -1
    outer loop
      vertex 16.9636 1.11185 0
      vertex 23.4497 1.53697 0
      vertex 17 0 0
    endloop
  endfacet
  facet normal 0 0 -1
    outer loop
      vertex 16.6733 -3.31653 0
      vertex 23.0485 -4.58462 0
      vertex 22.6993 -6.08225 0
    endloop
  endfacet
  facet normal -0 0 -1
    outer loop
      vertex 23.4497 1.53697 0
      vertex 16.9636 1.11185 0
      vertex 23.299 3.06736 0
    endloop
  endfacet
  facet normal 0 0 -1
    outer loop
      vertex 16.4207 -4.39992 0
      vertex 22.6993 -6.08225 0
      vertex 22.2529 -7.55383 0
    endloop
  endfacet
  facet normal 0 0 -1
    outer loop
      vertex 16.8546 2.21894 0
      vertex 23.299 3.06736 0
      vertex 16.9636 1.11185 0
    endloop
  endfacet
  facet normal 0 0 -1
    outer loop
      vertex 16.0978 -5.46447 0
      vertex 22.2529 -7.55383 0
      vertex 21.7112 -8.99306 0
    endloop
  endfacet
  facet normal -0 0 -1
    outer loop
      vertex 23.299 3.06736 0
      vertex 16.8546 2.21894 0
      vertex 23.0485 4.58462 0
    endloop
  endfacet
  facet normal 0 0 -1
    outer loop
      vertex 15.706 -6.50562 0
      vertex 21.7112 -8.99306 0
      vertex 21.0765 -10.3938 0
    endloop
  endfacet
  facet normal 0 0 -1
    outer loop
      vertex 16.6733 3.31653 0
      vertex 23.0485 4.58462 0
      vertex 16.8546 2.21894 0
    endloop
  endfacet
  facet normal 0 0 -1
    outer loop
      vertex 15.2468 -7.51891 0
      vertex 21.0765 -10.3938 0
      vertex 20.3516 -11.75 0
    endloop
  endfacet
  facet normal -0 0 -1
    outer loop
      vertex 23.0485 4.58462 0
      vertex 16.6733 3.31653 0
      vertex 22.6993 6.08225 0
    endloop
  endfacet
  facet normal 0 0 -1
    outer loop
      vertex 14.7224 -8.5 0
      vertex 20.3516 -11.75 0
      vertex 19.5395 -13.0559 0
    endloop
  endfacet
  facet normal 0 0 -1
    outer loop
      vertex 16.4207 4.39992 0
      vertex 22.6993 6.08225 0
      vertex 16.6733 3.31653 0
    endloop
  endfacet
  facet normal 0 0 -1
    outer loop
      vertex 14.135 -9.44469 0
      vertex 19.5395 -13.0559 0
      vertex 18.6438 -14.3059 0
    endloop
  endfacet
  facet normal -0 0 -1
    outer loop
      vertex 22.6993 6.08225 0
      vertex 16.4207 4.39992 0
      vertex 22.2529 7.55383 0
    endloop
  endfacet
  facet normal 0 0 -1
    outer loop
      vertex 13.487 -10.3489 0
      vertex 18.6438 -14.3059 0
      vertex 17.6682 -15.4946 0
    endloop
  endfacet
  facet normal 0 0 -1
    outer loop
      vertex 16.0978 5.46447 0
      vertex 22.2529 7.55383 0
      vertex 16.4207 4.39992 0
    endloop
  endfacet
  facet normal -0 0 -1
    outer loop
      vertex 22.2529 7.55383 0
      vertex 16.0978 5.46447 0
      vertex 21.7112 8.99306 0
    endloop
  endfacet
  facet normal 0 0 -1
    outer loop
      vertex 23.4497 -1.53697 0
      vertex 16.9636 -1.11185 0
      vertex 17 0 0
    endloop
  endfacet
  facet normal 0 0 -1
    outer loop
      vertex 23.299 -3.06736 0
      vertex 16.8546 -2.21894 0
      vertex 16.9636 -1.11185 0
    endloop
  endfacet
  facet normal 0 0 -1
    outer loop
      vertex 23.0485 -4.58462 0
      vertex 16.6733 -3.31653 0
      vertex 16.8546 -2.21894 0
    endloop
  endfacet
  facet normal 0 0 -1
    outer loop
      vertex 12.7813 -11.2089 0
      vertex 17.6682 -15.4946 0
      vertex 16.617 -16.617 0
    endloop
  endfacet
  facet normal 0 0 -1
    outer loop
      vertex 22.6993 -6.08225 0
      vertex 16.4207 -4.39992 0
      vertex 16.6733 -3.31653 0
    endloop
  endfacet
  facet normal 0 0 -1
    outer loop
      vertex 22.2529 -7.55383 0
      vertex 16.0978 -5.46447 0
      vertex 16.4207 -4.39992 0
    endloop
  endfacet
  facet normal 0 0 -1
    outer loop
      vertex 21.7112 -8.99306 0
      vertex 15.706 -6.50562 0
      vertex 16.0978 -5.46447 0
    endloop
  endfacet
  facet normal 0 0 -1
    outer loop
      vertex 12.0208 -12.0208 0
      vertex 16.617 -16.617 0
      vertex 15.4946 -17.6682 0
    endloop
  endfacet
  facet normal 0 0 -1
    outer loop
      vertex 21.0765 -10.3938 0
      vertex 15.2468 -7.51891 0
      vertex 15.706 -6.50562 0
    endloop
  endfacet
  facet normal 0 0 -1
    outer loop
      vertex 20.3516 -11.75 0
      vertex 14.7224 -8.5 0
      vertex 15.2468 -7.51891 0
    endloop
  endfacet
  facet normal 0 0 -1
    outer loop
      vertex 11.2089 -12.7813 0
      vertex 15.4946 -17.6682 0
      vertex 14.3059 -18.6438 0
    endloop
  endfacet
  facet normal 0 0 -1
    outer loop
      vertex 19.5395 -13.0559 0
      vertex 14.135 -9.44469 0
      vertex 14.7224 -8.5 0
    endloop
  endfacet
  facet normal 0 0 -1
    outer loop
      vertex 18.6438 -14.3059 0
      vertex 13.487 -10.3489 0
      vertex 14.135 -9.44469 0
    endloop
  endfacet
  facet normal 0 0 -1
    outer loop
      vertex 10.3489 -13.487 0
      vertex 14.3059 -18.6438 0
      vertex 13.0559 -19.5395 0
    endloop
  endfacet
  facet normal 0 0 -1
    outer loop
      vertex 17.6682 -15.4946 0
      vertex 12.7813 -11.2089 0
      vertex 13.487 -10.3489 0
    endloop
  endfacet
  facet normal 0 0 -1
    outer loop
      vertex 16.617 -16.617 0
      vertex 12.0208 -12.0208 0
      vertex 12.7813 -11.2089 0
    endloop
  endfacet
  facet normal 0 0 -1
    outer loop
      vertex 9.44469 -14.135 0
      vertex 13.0559 -19.5395 0
      vertex 11.75 -20.3516 0
    endloop
  endfacet
  facet normal 0 0 -1
    outer loop
      vertex 15.4946 -17.6682 0
      vertex 11.2089 -12.7813 0
      vertex 12.0208 -12.0208 0
    endloop
  endfacet
  facet normal 0 0 -1
    outer loop
      vertex 8.5 -14.7224 0
      vertex 11.75 -20.3516 0
      vertex 10.3938 -21.0765 0
    endloop
  endfacet
  facet normal 0 0 -1
    outer loop
      vertex 14.3059 -18.6438 0
      vertex 10.3489 -13.487 0
      vertex 11.2089 -12.7813 0
    endloop
  endfacet
  facet normal 0 0 -1
    outer loop
      vertex 13.0559 -19.5395 0
      vertex 9.44469 -14.135 0
      vertex 10.3489 -13.487 0
    endloop
  endfacet
  facet normal 0 0 -1
    outer loop
      vertex 7.51891 -15.2468 0
      vertex 10.3938 -21.0765 0
      vertex 8.99306 -21.7112 0
    endloop
  endfacet
  facet normal 0 0 -1
    outer loop
      vertex 11.75 -20.3516 0
      vertex 8.5 -14.7224 0
      vertex 9.44469 -14.135 0
    endloop
  endfacet
  facet normal 0 0 -1
    outer loop
      vertex 6.50562 -15.706 0
      vertex 8.99306 -21.7112 0
      vertex 7.55383 -22.2529 0
    endloop
  endfacet
  facet normal 0 0 -1
    outer loop
      vertex 10.3938 -21.0765 0
      vertex 7.51891 -15.2468 0
      vertex 8.5 -14.7224 0
    endloop
  endfacet
  facet normal 0 0 -1
    outer loop
      vertex 8.99306 -21.7112 0
      vertex 6.50562 -15.706 0
      vertex 7.51891 -15.2468 0
    endloop
  endfacet
  facet normal 0 0 -1
    outer loop
      vertex 5.46447 -16.0978 0
      vertex 7.55383 -22.2529 0
      vertex 6.08225 -22.6993 0
    endloop
  endfacet
  facet normal 0 0 -1
    outer loop
      vertex 7.55383 -22.2529 0
      vertex 5.46447 -16.0978 0
      vertex 6.50562 -15.706 0
    endloop
  endfacet
  facet normal 0 0 -1
    outer loop
      vertex 4.39992 -16.4207 0
      vertex 6.08225 -22.6993 0
      vertex 4.58462 -23.0485 0
    endloop
  endfacet
  facet normal 0 0 -1
    outer loop
      vertex 6.08225 -22.6993 0
      vertex 4.39992 -16.4207 0
      vertex 5.46447 -16.0978 0
    endloop
  endfacet
  facet normal 0 0 -1
    outer loop
      vertex 4.58462 -23.0485 0
      vertex 3.31653 -16.6733 0
      vertex 4.39992 -16.4207 0
    endloop
  endfacet
  facet normal 0 0 -1
    outer loop
      vertex 3.06736 -23.299 0
      vertex 3.31653 -16.6733 0
      vertex 4.58462 -23.0485 0
    endloop
  endfacet
  facet normal 0 0 -1
    outer loop
      vertex 3.06736 -23.299 0
      vertex 2.21894 -16.8546 0
      vertex 3.31653 -16.6733 0
    endloop
  endfacet
  facet normal 0 0 -1
    outer loop
      vertex 1.53697 -23.4497 0
      vertex 2.21894 -16.8546 0
      vertex 3.06736 -23.299 0
    endloop
  endfacet
  facet normal 0 0 -1
    outer loop
      vertex 1.53697 -23.4497 0
      vertex 1.11185 -16.9636 0
      vertex 2.21894 -16.8546 0
    endloop
  endfacet
  facet normal 0 0 -1
    outer loop
      vertex 0 -23.5 0
      vertex 1.11185 -16.9636 0
      vertex 1.53697 -23.4497 0
    endloop
  endfacet
  facet normal 0 0 -1
    outer loop
      vertex 0 -23.5 0
      vertex 0 -17 0
      vertex 1.11185 -16.9636 0
    endloop
  endfacet
  facet normal 0 0 -1
    outer loop
      vertex 0 -23.5 0
      vertex -1.11185 -16.9636 0
      vertex 0 -17 0
    endloop
  endfacet
  facet normal 0 0 -1
    outer loop
      vertex -1.53697 -23.4497 0
      vertex -1.11185 -16.9636 0
      vertex 0 -23.5 0
    endloop
  endfacet
  facet normal 0 0 -1
    outer loop
      vertex -1.53697 -23.4497 0
      vertex -2.21894 -16.8546 0
      vertex -1.11185 -16.9636 0
    endloop
  endfacet
  facet normal 0 0 -1
    outer loop
      vertex -3.06736 -23.299 0
      vertex -2.21894 -16.8546 0
      vertex -1.53697 -23.4497 0
    endloop
  endfacet
  facet normal 0 0 -1
    outer loop
      vertex -3.06736 -23.299 0
      vertex -3.31653 -16.6733 0
      vertex -2.21894 -16.8546 0
    endloop
  endfacet
  facet normal 0 0 -1
    outer loop
      vertex -4.58462 -23.0485 0
      vertex -3.31653 -16.6733 0
      vertex -3.06736 -23.299 0
    endloop
  endfacet
  facet normal -0 0 -1
    outer loop
      vertex -3.31653 -16.6733 0
      vertex -4.58462 -23.0485 0
      vertex -4.39992 -16.4207 0
    endloop
  endfacet
  facet normal 0 0 -1
    outer loop
      vertex -6.08225 -22.6993 0
      vertex -4.39992 -16.4207 0
      vertex -4.58462 -23.0485 0
    endloop
  endfacet
  facet normal -0 0 -1
    outer loop
      vertex -4.39992 -16.4207 0
      vertex -6.08225 -22.6993 0
      vertex -5.46447 -16.0978 0
    endloop
  endfacet
  facet normal 0 0 -1
    outer loop
      vertex -7.55383 -22.2529 0
      vertex -5.46447 -16.0978 0
      vertex -6.08225 -22.6993 0
    endloop
  endfacet
  facet normal -0 0 -1
    outer loop
      vertex -5.46447 -16.0978 0
      vertex -7.55383 -22.2529 0
      vertex -6.50562 -15.706 0
    endloop
  endfacet
  facet normal 0 0 -1
    outer loop
      vertex -8.99306 -21.7112 0
      vertex -6.50562 -15.706 0
      vertex -7.55383 -22.2529 0
    endloop
  endfacet
  facet normal -0 0 -1
    outer loop
      vertex -6.50562 -15.706 0
      vertex -8.99306 -21.7112 0
      vertex -7.51891 -15.2468 0
    endloop
  endfacet
  facet normal 0 0 -1
    outer loop
      vertex -10.3938 -21.0765 0
      vertex -7.51891 -15.2468 0
      vertex -8.99306 -21.7112 0
    endloop
  endfacet
  facet normal -0 0 -1
    outer loop
      vertex -7.51891 -15.2468 0
      vertex -10.3938 -21.0765 0
      vertex -8.5 -14.7224 0
    endloop
  endfacet
  facet normal 0 0 -1
    outer loop
      vertex -11.75 -20.3516 0
      vertex -8.5 -14.7224 0
      vertex -10.3938 -21.0765 0
    endloop
  endfacet
  facet normal -0 0 -1
    outer loop
      vertex -8.5 -14.7224 0
      vertex -11.75 -20.3516 0
      vertex -9.44469 -14.135 0
    endloop
  endfacet
  facet normal 0 0 -1
    outer loop
      vertex -13.0559 -19.5395 0
      vertex -9.44469 -14.135 0
      vertex -11.75 -20.3516 0
    endloop
  endfacet
  facet normal -0 0 -1
    outer loop
      vertex -9.44469 -14.135 0
      vertex -13.0559 -19.5395 0
      vertex -10.3489 -13.487 0
    endloop
  endfacet
  facet normal 0 0 -1
    outer loop
      vertex -14.3059 -18.6438 0
      vertex -10.3489 -13.487 0
      vertex -13.0559 -19.5395 0
    endloop
  endfacet
  facet normal -0 0 -1
    outer loop
      vertex -10.3489 -13.487 0
      vertex -14.3059 -18.6438 0
      vertex -11.2089 -12.7813 0
    endloop
  endfacet
  facet normal 0 0 -1
    outer loop
      vertex -15.4946 -17.6682 0
      vertex -11.2089 -12.7813 0
      vertex -14.3059 -18.6438 0
    endloop
  endfacet
  facet normal -0 0 -1
    outer loop
      vertex -11.2089 -12.7813 0
      vertex -15.4946 -17.6682 0
      vertex -12.0208 -12.0208 0
    endloop
  endfacet
  facet normal 0 0 -1
    outer loop
      vertex -16.617 -16.617 0
      vertex -12.0208 -12.0208 0
      vertex -15.4946 -17.6682 0
    endloop
  endfacet
  facet normal -0 0 -1
    outer loop
      vertex -12.0208 -12.0208 0
      vertex -16.617 -16.617 0
      vertex -12.7813 -11.2089 0
    endloop
  endfacet
  facet normal 0 0 -1
    outer loop
      vertex -17.6682 -15.4946 0
      vertex -12.7813 -11.2089 0
      vertex -16.617 -16.617 0
    endloop
  endfacet
  facet normal -0 0 -1
    outer loop
      vertex -12.7813 -11.2089 0
      vertex -17.6682 -15.4946 0
      vertex -13.487 -10.3489 0
    endloop
  endfacet
  facet normal 0 0 -1
    outer loop
      vertex -18.6438 -14.3059 0
      vertex -13.487 -10.3489 0
      vertex -17.6682 -15.4946 0
    endloop
  endfacet
  facet normal -0 0 -1
    outer loop
      vertex -13.487 -10.3489 0
      vertex -18.6438 -14.3059 0
      vertex -14.135 -9.44469 0
    endloop
  endfacet
  facet normal 0 0 -1
    outer loop
      vertex -19.5395 -13.0559 0
      vertex -14.135 -9.44469 0
      vertex -18.6438 -14.3059 0
    endloop
  endfacet
  facet normal -0 0 -1
    outer loop
      vertex -14.135 -9.44469 0
      vertex -19.5395 -13.0559 0
      vertex -14.7224 -8.5 0
    endloop
  endfacet
  facet normal 0 0 -1
    outer loop
      vertex -20.3516 -11.75 0
      vertex -14.7224 -8.5 0
      vertex -19.5395 -13.0559 0
    endloop
  endfacet
  facet normal -0 0 -1
    outer loop
      vertex -14.7224 -8.5 0
      vertex -20.3516 -11.75 0
      vertex -15.2468 -7.51891 0
    endloop
  endfacet
  facet normal 0 0 -1
    outer loop
      vertex -21.0765 -10.3938 0
      vertex -15.2468 -7.51891 0
      vertex -20.3516 -11.75 0
    endloop
  endfacet
  facet normal -0 0 -1
    outer loop
      vertex -15.2468 -7.51891 0
      vertex -21.0765 -10.3938 0
      vertex -15.706 -6.50562 0
    endloop
  endfacet
  facet normal 0 0 -1
    outer loop
      vertex -21.7112 -8.99306 0
      vertex -15.706 -6.50562 0
      vertex -21.0765 -10.3938 0
    endloop
  endfacet
  facet normal -0 0 -1
    outer loop
      vertex -15.706 -6.50562 0
      vertex -21.7112 -8.99306 0
      vertex -16.0978 -5.46447 0
    endloop
  endfacet
  facet normal 0 0 -1
    outer loop
      vertex 15.706 6.50562 0
      vertex 21.7112 8.99306 0
      vertex 16.0978 5.46447 0
    endloop
  endfacet
  facet normal -0 0 -1
    outer loop
      vertex 21.7112 8.99306 0
      vertex 15.706 6.50562 0
      vertex 21.0765 10.3938 0
    endloop
  endfacet
  facet normal 0 0 -1
    outer loop
      vertex 15.2468 7.51891 0
      vertex 21.0765 10.3938 0
      vertex 15.706 6.50562 0
    endloop
  endfacet
  facet normal -0 0 -1
    outer loop
      vertex 21.0765 10.3938 0
      vertex 15.2468 7.51891 0
      vertex 20.3516 11.75 0
    endloop
  endfacet
  facet normal 0 0 -1
    outer loop
      vertex 14.7224 8.5 0
      vertex 20.3516 11.75 0
      vertex 15.2468 7.51891 0
    endloop
  endfacet
  facet normal -0 0 -1
    outer loop
      vertex 20.3516 11.75 0
      vertex 14.7224 8.5 0
      vertex 19.5395 13.0559 0
    endloop
  endfacet
  facet normal 0 0 -1
    outer loop
      vertex 14.135 9.44469 0
      vertex 19.5395 13.0559 0
      vertex 14.7224 8.5 0
    endloop
  endfacet
  facet normal -0 0 -1
    outer loop
      vertex 19.5395 13.0559 0
      vertex 14.135 9.44469 0
      vertex 18.6438 14.3059 0
    endloop
  endfacet
  facet normal 0 0 -1
    outer loop
      vertex 13.487 10.3489 0
      vertex 18.6438 14.3059 0
      vertex 14.135 9.44469 0
    endloop
  endfacet
  facet normal -0 0 -1
    outer loop
      vertex 18.6438 14.3059 0
      vertex 13.487 10.3489 0
      vertex 17.6682 15.4946 0
    endloop
  endfacet
  facet normal 0 0 -1
    outer loop
      vertex 12.7813 11.2089 0
      vertex 17.6682 15.4946 0
      vertex 13.487 10.3489 0
    endloop
  endfacet
  facet normal -0 0 -1
    outer loop
      vertex 17.6682 15.4946 0
      vertex 12.7813 11.2089 0
      vertex 16.617 16.617 0
    endloop
  endfacet
  facet normal 0 0 -1
    outer loop
      vertex 12.0208 12.0208 0
      vertex 16.617 16.617 0
      vertex 12.7813 11.2089 0
    endloop
  endfacet
  facet normal -0 0 -1
    outer loop
      vertex 16.617 16.617 0
      vertex 12.0208 12.0208 0
      vertex 15.4946 17.6682 0
    endloop
  endfacet
  facet normal 0 0 -1
    outer loop
      vertex 11.2089 12.7813 0
      vertex 15.4946 17.6682 0
      vertex 12.0208 12.0208 0
    endloop
  endfacet
  facet normal -0 0 -1
    outer loop
      vertex 15.4946 17.6682 0
      vertex 11.2089 12.7813 0
      vertex 14.3059 18.6438 0
    endloop
  endfacet
  facet normal 0 0 -1
    outer loop
      vertex 10.3489 13.487 0
      vertex 14.3059 18.6438 0
      vertex 11.2089 12.7813 0
    endloop
  endfacet
  facet normal -0 0 -1
    outer loop
      vertex 14.3059 18.6438 0
      vertex 10.3489 13.487 0
      vertex 13.0559 19.5395 0
    endloop
  endfacet
  facet normal 0 0 -1
    outer loop
      vertex 9.44469 14.135 0
      vertex 13.0559 19.5395 0
      vertex 10.3489 13.487 0
    endloop
  endfacet
  facet normal -0 0 -1
    outer loop
      vertex 13.0559 19.5395 0
      vertex 9.44469 14.135 0
      vertex 11.75 20.3516 0
    endloop
  endfacet
  facet normal 0 0 -1
    outer loop
      vertex 8.5 14.7224 0
      vertex 11.75 20.3516 0
      vertex 9.44469 14.135 0
    endloop
  endfacet
  facet normal -0 0 -1
    outer loop
      vertex 11.75 20.3516 0
      vertex 8.5 14.7224 0
      vertex 10.3938 21.0765 0
    endloop
  endfacet
  facet normal 0 0 -1
    outer loop
      vertex 7.51891 15.2468 0
      vertex 10.3938 21.0765 0
      vertex 8.5 14.7224 0
    endloop
  endfacet
  facet normal -0 0 -1
    outer loop
      vertex 10.3938 21.0765 0
      vertex 7.51891 15.2468 0
      vertex 8.99306 21.7112 0
    endloop
  endfacet
  facet normal 0 0 -1
    outer loop
      vertex 6.50562 15.706 0
      vertex 8.99306 21.7112 0
      vertex 7.51891 15.2468 0
    endloop
  endfacet
  facet normal -0 0 -1
    outer loop
      vertex 8.99306 21.7112 0
      vertex 6.50562 15.706 0
      vertex 7.55383 22.2529 0
    endloop
  endfacet
  facet normal 0 0 -1
    outer loop
      vertex 5.46447 16.0978 0
      vertex 7.55383 22.2529 0
      vertex 6.50562 15.706 0
    endloop
  endfacet
  facet normal -0 0 -1
    outer loop
      vertex 7.55383 22.2529 0
      vertex 5.46447 16.0978 0
      vertex 6.08225 22.6993 0
    endloop
  endfacet
  facet normal 0 0 -1
    outer loop
      vertex 4.39992 16.4207 0
      vertex 6.08225 22.6993 0
      vertex 5.46447 16.0978 0
    endloop
  endfacet
  facet normal -0 0 -1
    outer loop
      vertex 6.08225 22.6993 0
      vertex 4.39992 16.4207 0
      vertex 4.58462 23.0485 0
    endloop
  endfacet
  facet normal 0 0 -1
    outer loop
      vertex 3.31653 16.6733 0
      vertex 4.58462 23.0485 0
      vertex 4.39992 16.4207 0
    endloop
  endfacet
  facet normal 0 0 -1
    outer loop
      vertex 3.31653 16.6733 0
      vertex 3.06736 23.299 0
      vertex 4.58462 23.0485 0
    endloop
  endfacet
  facet normal 0 0 -1
    outer loop
      vertex 2.21894 16.8546 0
      vertex 3.06736 23.299 0
      vertex 3.31653 16.6733 0
    endloop
  endfacet
  facet normal 0 0 -1
    outer loop
      vertex 2.21894 16.8546 0
      vertex 1.53697 23.4497 0
      vertex 3.06736 23.299 0
    endloop
  endfacet
  facet normal 0 0 -1
    outer loop
      vertex 1.11185 16.9636 0
      vertex 1.53697 23.4497 0
      vertex 2.21894 16.8546 0
    endloop
  endfacet
  facet normal 0 0 -1
    outer loop
      vertex 0 17 0
      vertex 1.53697 23.4497 0
      vertex 1.11185 16.9636 0
    endloop
  endfacet
  facet normal 0 0 -1
    outer loop
      vertex 0 17 0
      vertex 0 23.5 0
      vertex 1.53697 23.4497 0
    endloop
  endfacet
  facet normal 0 0 -1
    outer loop
      vertex -1.11185 16.9636 0
      vertex 0 23.5 0
      vertex 0 17 0
    endloop
  endfacet
  facet normal 0 0 -1
    outer loop
      vertex -1.11185 16.9636 0
      vertex -1.53697 23.4497 0
      vertex 0 23.5 0
    endloop
  endfacet
  facet normal 0 0 -1
    outer loop
      vertex -2.21894 16.8546 0
      vertex -1.53697 23.4497 0
      vertex -1.11185 16.9636 0
    endloop
  endfacet
  facet normal 0 0 -1
    outer loop
      vertex -2.21894 16.8546 0
      vertex -3.06736 23.299 0
      vertex -1.53697 23.4497 0
    endloop
  endfacet
  facet normal 0 0 -1
    outer loop
      vertex -3.31653 16.6733 0
      vertex -3.06736 23.299 0
      vertex -2.21894 16.8546 0
    endloop
  endfacet
  facet normal 0 0 -1
    outer loop
      vertex -4.58462 23.0485 0
      vertex -3.31653 16.6733 0
      vertex -4.39992 16.4207 0
    endloop
  endfacet
  facet normal 0 0 -1
    outer loop
      vertex -3.31653 16.6733 0
      vertex -4.58462 23.0485 0
      vertex -3.06736 23.299 0
    endloop
  endfacet
  facet normal 0 0 -1
    outer loop
      vertex -6.08225 22.6993 0
      vertex -4.39992 16.4207 0
      vertex -5.46447 16.0978 0
    endloop
  endfacet
  facet normal 0 0 -1
    outer loop
      vertex -4.39992 16.4207 0
      vertex -6.08225 22.6993 0
      vertex -4.58462 23.0485 0
    endloop
  endfacet
  facet normal 0 0 -1
    outer loop
      vertex -7.55383 22.2529 0
      vertex -5.46447 16.0978 0
      vertex -6.50562 15.706 0
    endloop
  endfacet
  facet normal 0 0 -1
    outer loop
      vertex -8.99306 21.7112 0
      vertex -6.50562 15.706 0
      vertex -7.51891 15.2468 0
    endloop
  endfacet
  facet normal 0 0 -1
    outer loop
      vertex -5.46447 16.0978 0
      vertex -7.55383 22.2529 0
      vertex -6.08225 22.6993 0
    endloop
  endfacet
  facet normal 0 0 -1
    outer loop
      vertex -10.3938 21.0765 0
      vertex -7.51891 15.2468 0
      vertex -8.5 14.7224 0
    endloop
  endfacet
  facet normal 0 0 -1
    outer loop
      vertex -6.50562 15.706 0
      vertex -8.99306 21.7112 0
      vertex -7.55383 22.2529 0
    endloop
  endfacet
  facet normal 0 0 -1
    outer loop
      vertex -11.75 20.3516 0
      vertex -8.5 14.7224 0
      vertex -9.44469 14.135 0
    endloop
  endfacet
  facet normal 0 0 -1
    outer loop
      vertex -13.0559 19.5395 0
      vertex -9.44469 14.135 0
      vertex -10.3489 13.487 0
    endloop
  endfacet
  facet normal 0 0 -1
    outer loop
      vertex -7.51891 15.2468 0
      vertex -10.3938 21.0765 0
      vertex -8.99306 21.7112 0
    endloop
  endfacet
  facet normal 0 0 -1
    outer loop
      vertex -14.3059 18.6438 0
      vertex -10.3489 13.487 0
      vertex -11.2089 12.7813 0
    endloop
  endfacet
  facet normal 0 0 -1
    outer loop
      vertex -8.5 14.7224 0
      vertex -11.75 20.3516 0
      vertex -10.3938 21.0765 0
    endloop
  endfacet
  facet normal 0 0 -1
    outer loop
      vertex -15.4946 17.6682 0
      vertex -11.2089 12.7813 0
      vertex -12.0208 12.0208 0
    endloop
  endfacet
  facet normal 0 0 -1
    outer loop
      vertex -16.617 16.617 0
      vertex -12.0208 12.0208 0
      vertex -12.7813 11.2089 0
    endloop
  endfacet
  facet normal 0 0 -1
    outer loop
      vertex -9.44469 14.135 0
      vertex -13.0559 19.5395 0
      vertex -11.75 20.3516 0
    endloop
  endfacet
  facet normal 0 0 -1
    outer loop
      vertex -17.6682 15.4946 0
      vertex -12.7813 11.2089 0
      vertex -13.487 10.3489 0
    endloop
  endfacet
  facet normal 0 0 -1
    outer loop
      vertex -18.6438 14.3059 0
      vertex -13.487 10.3489 0
      vertex -14.135 9.44469 0
    endloop
  endfacet
  facet normal 0 0 -1
    outer loop
      vertex -10.3489 13.487 0
      vertex -14.3059 18.6438 0
      vertex -13.0559 19.5395 0
    endloop
  endfacet
  facet normal 0 0 -1
    outer loop
      vertex -19.5395 13.0559 0
      vertex -14.135 9.44469 0
      vertex -14.7224 8.5 0
    endloop
  endfacet
  facet normal 0 0 -1
    outer loop
      vertex -20.3516 11.75 0
      vertex -14.7224 8.5 0
      vertex -15.2468 7.51891 0
    endloop
  endfacet
  facet normal 0 0 -1
    outer loop
      vertex -11.2089 12.7813 0
      vertex -15.4946 17.6682 0
      vertex -14.3059 18.6438 0
    endloop
  endfacet
  facet normal 0 0 -1
    outer loop
      vertex -21.0765 10.3938 0
      vertex -15.2468 7.51891 0
      vertex -15.706 6.50562 0
    endloop
  endfacet
  facet normal 0 0 -1
    outer loop
      vertex -21.7112 8.99306 0
      vertex -15.706 6.50562 0
      vertex -16.0978 5.46447 0
    endloop
  endfacet
  facet normal 0 0 -1
    outer loop
      vertex -22.2529 7.55383 0
      vertex -16.0978 5.46447 0
      vertex -16.4207 4.39992 0
    endloop
  endfacet
  facet normal 0 0 -1
    outer loop
      vertex -12.0208 12.0208 0
      vertex -16.617 16.617 0
      vertex -15.4946 17.6682 0
    endloop
  endfacet
  facet normal 0 0 -1
    outer loop
      vertex -22.6993 6.08225 0
      vertex -16.4207 4.39992 0
      vertex -16.6733 3.31653 0
    endloop
  endfacet
  facet normal 0 0 -1
    outer loop
      vertex -23.0485 4.58462 0
      vertex -16.6733 3.31653 0
      vertex -16.8546 2.21894 0
    endloop
  endfacet
  facet normal 0 0 -1
    outer loop
      vertex -23.299 3.06736 0
      vertex -16.8546 2.21894 0
      vertex -16.9636 1.11185 0
    endloop
  endfacet
  facet normal 0 0 -1
    outer loop
      vertex -23.4497 1.53697 0
      vertex -16.9636 1.11185 0
      vertex -17 0 0
    endloop
  endfacet
  facet normal 0 0 -1
    outer loop
      vertex -22.2529 -7.55383 0
      vertex -16.0978 -5.46447 0
      vertex -21.7112 -8.99306 0
    endloop
  endfacet
  facet normal 0 0 -1
    outer loop
      vertex -12.7813 11.2089 0
      vertex -17.6682 15.4946 0
      vertex -16.617 16.617 0
    endloop
  endfacet
  facet normal -0 0 -1
    outer loop
      vertex -16.0978 -5.46447 0
      vertex -22.2529 -7.55383 0
      vertex -16.4207 -4.39992 0
    endloop
  endfacet
  facet normal 0 0 -1
    outer loop
      vertex -13.487 10.3489 0
      vertex -18.6438 14.3059 0
      vertex -17.6682 15.4946 0
    endloop
  endfacet
  facet normal 0 0 -1
    outer loop
      vertex -22.6993 -6.08225 0
      vertex -16.4207 -4.39992 0
      vertex -22.2529 -7.55383 0
    endloop
  endfacet
  facet normal 0 0 -1
    outer loop
      vertex -14.135 9.44469 0
      vertex -19.5395 13.0559 0
      vertex -18.6438 14.3059 0
    endloop
  endfacet
  facet normal -0 0 -1
    outer loop
      vertex -16.4207 -4.39992 0
      vertex -22.6993 -6.08225 0
      vertex -16.6733 -3.31653 0
    endloop
  endfacet
  facet normal 0 0 -1
    outer loop
      vertex -14.7224 8.5 0
      vertex -20.3516 11.75 0
      vertex -19.5395 13.0559 0
    endloop
  endfacet
  facet normal 0 0 -1
    outer loop
      vertex -23.0485 -4.58462 0
      vertex -16.6733 -3.31653 0
      vertex -22.6993 -6.08225 0
    endloop
  endfacet
  facet normal 0 0 -1
    outer loop
      vertex -15.2468 7.51891 0
      vertex -21.0765 10.3938 0
      vertex -20.3516 11.75 0
    endloop
  endfacet
  facet normal -0 0 -1
    outer loop
      vertex -16.6733 -3.31653 0
      vertex -23.0485 -4.58462 0
      vertex -16.8546 -2.21894 0
    endloop
  endfacet
  facet normal 0 0 -1
    outer loop
      vertex -15.706 6.50562 0
      vertex -21.7112 8.99306 0
      vertex -21.0765 10.3938 0
    endloop
  endfacet
  facet normal 0 0 -1
    outer loop
      vertex -23.299 -3.06736 0
      vertex -16.8546 -2.21894 0
      vertex -23.0485 -4.58462 0
    endloop
  endfacet
  facet normal 0 0 -1
    outer loop
      vertex -16.0978 5.46447 0
      vertex -22.2529 7.55383 0
      vertex -21.7112 8.99306 0
    endloop
  endfacet
  facet normal -0 0 -1
    outer loop
      vertex -16.8546 -2.21894 0
      vertex -23.299 -3.06736 0
      vertex -16.9636 -1.11185 0
    endloop
  endfacet
  facet normal 0 0 -1
    outer loop
      vertex -16.4207 4.39992 0
      vertex -22.6993 6.08225 0
      vertex -22.2529 7.55383 0
    endloop
  endfacet
  facet normal 0 0 -1
    outer loop
      vertex -23.4497 -1.53697 0
      vertex -16.9636 -1.11185 0
      vertex -23.299 -3.06736 0
    endloop
  endfacet
  facet normal 0 0 -1
    outer loop
      vertex -16.6733 3.31653 0
      vertex -23.0485 4.58462 0
      vertex -22.6993 6.08225 0
    endloop
  endfacet
  facet normal -0 0 -1
    outer loop
      vertex -16.9636 -1.11185 0
      vertex -23.4497 -1.53697 0
      vertex -17 0 0
    endloop
  endfacet
  facet normal 0 0 -1
    outer loop
      vertex -16.8546 2.21894 0
      vertex -23.299 3.06736 0
      vertex -23.0485 4.58462 0
    endloop
  endfacet
  facet normal 0 0 -1
    outer loop
      vertex -23.5 0 0
      vertex -17 0 0
      vertex -23.4497 -1.53697 0
    endloop
  endfacet
  facet normal 0 0 -1
    outer loop
      vertex -16.9636 1.11185 0
      vertex -23.4497 1.53697 0
      vertex -23.299 3.06736 0
    endloop
  endfacet
  facet normal 0 0 -1
    outer loop
      vertex -17 0 0
      vertex -23.5 0 0
      vertex -23.4497 1.53697 0
    endloop
  endfacet
  facet normal -0.0980314 -0.995183 0
    outer loop
      vertex -2.61052 -19.8289 90.51
      vertex -1.30806 -19.9572 87.6919
      vertex -1.30806 -19.9572 90.51
    endloop
  endfacet
  facet normal -0.0980314 -0.995183 0
    outer loop
      vertex -1.30806 -19.9572 87.6919
      vertex -2.61052 -19.8289 90.51
      vertex -2.61052 -19.8289 86.3895
    endloop
  endfacet
  facet normal -0.0980314 -0.995183 0
    outer loop
      vertex -2.61052 -19.8289 6
      vertex -1.30806 -19.9572 67
      vertex -2.61052 -19.8289 67
    endloop
  endfacet
  facet normal -0.0980314 -0.995183 -0
    outer loop
      vertex -1.30806 -19.9572 67
      vertex -2.61052 -19.8289 6
      vertex -1.30806 -19.9572 6
    endloop
  endfacet
  facet normal 0.0327027 -0.999465 0
    outer loop
      vertex 0 -20 89
      vertex 1.30806 -19.9572 90.51
      vertex 0 -20 90.51
    endloop
  endfacet
  facet normal 0.0327027 -0.999465 0
    outer loop
      vertex 1.30806 -19.9572 90.51
      vertex 0 -20 89
      vertex 1.30806 -19.9572 87.6919
    endloop
  endfacet
  facet normal 0.0327027 -0.999465 0
    outer loop
      vertex 0 -20 6
      vertex 1.30806 -19.9572 67
      vertex 0 -20 67
    endloop
  endfacet
  facet normal 0.0327027 -0.999465 0
    outer loop
      vertex 1.30806 -19.9572 67
      vertex 0 -20 6
      vertex 1.30806 -19.9572 6
    endloop
  endfacet
  facet normal 0.773003 -0.634402 0
    outer loop
      vertex 15.0368 -13.1869 90.51
      vertex 15.8671 -12.1752 6
      vertex 15.8671 -12.1752 90.51
    endloop
  endfacet
  facet normal 0.773003 -0.634402 0
    outer loop
      vertex 15.8671 -12.1752 6
      vertex 15.0368 -13.1869 90.51
      vertex 15.0368 -13.1869 6
    endloop
  endfacet
  facet normal 0.471427 -0.881905 0
    outer loop
      vertex 8.84577 -17.9375 6
      vertex 10 -17.3205 90.51
      vertex 8.84577 -17.9375 90.51
    endloop
  endfacet
  facet normal 0.471427 -0.881905 0
    outer loop
      vertex 10 -17.3205 90.51
      vertex 8.84577 -17.9375 6
      vertex 10 -17.3205 6
    endloop
  endfacet
  facet normal 0.81285 0.582474 0
    outer loop
      vertex 16.6294 11.1114 90.51
      vertex 15.8671 12.1752 6
      vertex 15.8671 12.1752 90.51
    endloop
  endfacet
  facet normal 0.81285 0.582474 0
    outer loop
      vertex 15.8671 12.1752 6
      vertex 16.6294 11.1114 90.51
      vertex 16.6294 11.1114 6
    endloop
  endfacet
  facet normal 0.582474 0.81285 -0
    outer loop
      vertex 12.1752 15.8671 6
      vertex 11.1114 16.6294 90.51
      vertex 12.1752 15.8671 90.51
    endloop
  endfacet
  facet normal 0.582474 0.81285 0
    outer loop
      vertex 11.1114 16.6294 90.51
      vertex 12.1752 15.8671 6
      vertex 11.1114 16.6294 6
    endloop
  endfacet
  facet normal 0.849207 -0.528061 0
    outer loop
      vertex 16.6294 -11.1114 90.51
      vertex 17.3205 -10 6
      vertex 17.3205 -10 90.51
    endloop
  endfacet
  facet normal 0.849207 -0.528061 0
    outer loop
      vertex 17.3205 -10 6
      vertex 16.6294 -11.1114 90.51
      vertex 16.6294 -11.1114 6
    endloop
  endfacet
  facet normal 0.162901 0.986642 -0
    outer loop
      vertex 3.90181 19.6157 6
      vertex 2.61052 19.8289 90.51
      vertex 3.90181 19.6157 90.51
    endloop
  endfacet
  facet normal 0.162901 0.986642 0
    outer loop
      vertex 2.61052 19.8289 90.51
      vertex 3.90181 19.6157 6
      vertex 2.61052 19.8289 6
    endloop
  endfacet
  facet normal -0.290275 0.956943 0
    outer loop
      vertex -5.17638 19.3185 6
      vertex -6.42879 18.9386 90.51
      vertex -5.17638 19.3185 90.51
    endloop
  endfacet
  facet normal -0.290275 0.956943 0
    outer loop
      vertex -6.42879 18.9386 90.51
      vertex -5.17638 19.3185 6
      vertex -6.42879 18.9386 6
    endloop
  endfacet
  facet normal 0.29024 -0.956954 0
    outer loop
      vertex 5.17638 -19.3185 67
      vertex 5.17638 -19.3185 6
      vertex 6 -19.0687 67
    endloop
  endfacet
  facet normal 0.290275 -0.956943 0
    outer loop
      vertex 5.17638 -19.3185 83.8236
      vertex 6.42879 -18.9386 90.51
      vertex 5.17638 -19.3185 90.51
    endloop
  endfacet
  facet normal 0.290245 -0.956952 6.03278e-06
    outer loop
      vertex 6 -19.0687 83
      vertex 6.42879 -18.9386 90.51
      vertex 5.17638 -19.3185 83.8236
    endloop
  endfacet
  facet normal 0.290342 -0.956923 0
    outer loop
      vertex 6 -19.0687 67
      vertex 6.42879 -18.9386 90.51
      vertex 6 -19.0687 83
    endloop
  endfacet
  facet normal 0.290275 -0.956943 -5.16319e-07
    outer loop
      vertex 6.42879 -18.9386 6
      vertex 6 -19.0687 67
      vertex 5.17638 -19.3185 6
    endloop
  endfacet
  facet normal 0.290342 -0.956923 0
    outer loop
      vertex 6 -19.0687 67
      vertex 6.42879 -18.9386 6
      vertex 6.42879 -18.9386 90.51
    endloop
  endfacet
  facet normal 0.729842 0.683616 0
    outer loop
      vertex 15.0368 13.1869 90.51
      vertex 14.1421 14.1421 6
      vertex 14.1421 14.1421 90.51
    endloop
  endfacet
  facet normal 0.729842 0.683616 0
    outer loop
      vertex 14.1421 14.1421 6
      vertex 15.0368 13.1869 90.51
      vertex 15.0368 13.1869 6
    endloop
  endfacet
  facet normal -0.729842 -0.683616 0
    outer loop
      vertex -14.1421 -14.1421 6
      vertex -15.0368 -13.1869 90.51
      vertex -15.0368 -13.1869 6
    endloop
  endfacet
  facet normal -0.729842 -0.683616 0
    outer loop
      vertex -15.0368 -13.1869 90.51
      vertex -14.1421 -14.1421 6
      vertex -14.1421 -14.1421 90.51
    endloop
  endfacet
  facet normal -0.582474 0.81285 0
    outer loop
      vertex -11.1114 16.6294 6
      vertex -12.1752 15.8671 90.51
      vertex -11.1114 16.6294 90.51
    endloop
  endfacet
  facet normal -0.582474 0.81285 0
    outer loop
      vertex -12.1752 15.8671 90.51
      vertex -11.1114 16.6294 6
      vertex -12.1752 15.8671 6
    endloop
  endfacet
  facet normal 0.528061 -0.849207 0
    outer loop
      vertex 10 -17.3205 6
      vertex 11.1114 -16.6294 90.51
      vertex 10 -17.3205 90.51
    endloop
  endfacet
  facet normal 0.528061 -0.849207 0
    outer loop
      vertex 11.1114 -16.6294 90.51
      vertex 10 -17.3205 6
      vertex 11.1114 -16.6294 6
    endloop
  endfacet
  facet normal 0.683616 0.729842 -0
    outer loop
      vertex 14.1421 14.1421 6
      vertex 13.1869 15.0368 90.51
      vertex 14.1421 14.1421 90.51
    endloop
  endfacet
  facet normal 0.683616 0.729842 0
    outer loop
      vertex 13.1869 15.0368 90.51
      vertex 14.1421 14.1421 6
      vertex 13.1869 15.0368 6
    endloop
  endfacet
  facet normal -0.227085 -0.973875 0
    outer loop
      vertex -5.17638 -19.3185 90.51
      vertex -3.90181 -19.6157 85.0982
      vertex -3.90181 -19.6157 90.51
    endloop
  endfacet
  facet normal -0.227085 -0.973875 0
    outer loop
      vertex -3.90181 -19.6157 85.0982
      vertex -5.17638 -19.3185 90.51
      vertex -5.17638 -19.3185 83.8236
    endloop
  endfacet
  facet normal -0.227085 -0.973875 0
    outer loop
      vertex -5.17638 -19.3185 6
      vertex -3.90181 -19.6157 67
      vertex -5.17638 -19.3185 67
    endloop
  endfacet
  facet normal -0.227085 -0.973875 -0
    outer loop
      vertex -3.90181 -19.6157 67
      vertex -5.17638 -19.3185 6
      vertex -3.90181 -19.6157 6
    endloop
  endfacet
  facet normal -0.957637 -0.28798 0.000101855
    outer loop
      vertex -18.9386 -6.42879 90.51
      vertex -19.3185 -5.17638 59.7054
      vertex -19.3158 -5.18536 59.7011
    endloop
  endfacet
  facet normal -0.956932 -0.290311 -8.59286e-07
    outer loop
      vertex -18.9386 -6.42879 90.51
      vertex -19.3158 -5.18536 59.7011
      vertex -19.0349 -6.11127 59.1462
    endloop
  endfacet
  facet normal -0.956956 -0.290233 -0
    outer loop
      vertex -18.9386 -6.42879 90.51
      vertex -19.0349 -6.11127 59.1462
      vertex -18.9386 -6.42879 58.9107
    endloop
  endfacet
  facet normal -0.956943 -0.290275 0
    outer loop
      vertex -19.3185 -5.17638 59.7054
      vertex -18.9386 -6.42879 90.51
      vertex -19.3185 -5.17638 90.51
    endloop
  endfacet
  facet normal -0.956943 -0.290275 0
    outer loop
      vertex -18.9386 -6.42879 6
      vertex -19.3185 -5.17638 39.6177
      vertex -19.3185 -5.17638 6
    endloop
  endfacet
  facet normal -0.956943 -0.290275 0
    outer loop
      vertex -19.3185 -5.17638 39.6177
      vertex -18.9386 -6.42879 6
      vertex -18.9386 -6.42879 40.8712
    endloop
  endfacet
  facet normal -0.910976 0.41246 0
    outer loop
      vertex -17.9375 8.84577 6
      vertex -18 8.70773 43.2976
      vertex -17.9375 8.84577 90.51
    endloop
  endfacet
  facet normal -0.910885 0.412661 8.97593e-07
    outer loop
      vertex -17.9375 8.84577 6
      vertex -18.0927 8.50311 43.0217
      vertex -18 8.70773 43.2976
    endloop
  endfacet
  facet normal -0.910849 0.412741 1.78463e-06
    outer loop
      vertex -17.9375 8.84577 6
      vertex -18.4212 7.77817 42.2218
      vertex -18.0927 8.50311 43.0217
    endloop
  endfacet
  facet normal -0.910873 0.412686 0
    outer loop
      vertex -18.4776 7.65367 42.0972
      vertex -17.9375 8.84577 6
      vertex -18.4776 7.65367 6
    endloop
  endfacet
  facet normal -0.910891 0.412646 -1.57157e-06
    outer loop
      vertex -17.9375 8.84577 6
      vertex -18.4776 7.65367 42.0972
      vertex -18.4212 7.77817 42.2218
    endloop
  endfacet
  facet normal -0.910976 0.41246 0
    outer loop
      vertex -18 8.70773 56.7024
      vertex -17.9375 8.84577 90.51
      vertex -18 8.70773 43.2976
    endloop
  endfacet
  facet normal -0.910885 0.412661 -9.89745e-07
    outer loop
      vertex -18.0927 8.50311 56.9783
      vertex -17.9375 8.84577 90.51
      vertex -18 8.70773 56.7024
    endloop
  endfacet
  facet normal -0.910849 0.412741 -1.96831e-06
    outer loop
      vertex -18.4212 7.77817 57.7782
      vertex -17.9375 8.84577 90.51
      vertex -18.0927 8.50311 56.9783
    endloop
  endfacet
  facet normal -0.910891 0.412646 1.73905e-06
    outer loop
      vertex -18.4776 7.65367 57.891
      vertex -17.9375 8.84577 90.51
      vertex -18.4212 7.77817 57.7782
    endloop
  endfacet
  facet normal -0.910873 0.412686 0
    outer loop
      vertex -17.9375 8.84577 90.51
      vertex -18.4776 7.65367 57.891
      vertex -18.4776 7.65367 90.51
    endloop
  endfacet
  facet normal 0.528061 0.849207 -0
    outer loop
      vertex 11.1114 16.6294 6
      vertex 10 17.3205 90.51
      vertex 11.1114 16.6294 90.51
    endloop
  endfacet
  facet normal 0.528061 0.849207 0
    outer loop
      vertex 10 17.3205 90.51
      vertex 11.1114 16.6294 6
      vertex 10 17.3205 6
    endloop
  endfacet
  facet normal -0.683616 0.729842 0
    outer loop
      vertex -13.1869 15.0368 6
      vertex -14.1421 14.1421 90.51
      vertex -13.1869 15.0368 90.51
    endloop
  endfacet
  facet normal -0.683616 0.729842 0
    outer loop
      vertex -14.1421 14.1421 90.51
      vertex -13.1869 15.0368 6
      vertex -14.1421 14.1421 6
    endloop
  endfacet
  facet normal -0.227085 0.973875 0
    outer loop
      vertex -3.90181 19.6157 6
      vertex -5.17638 19.3185 90.51
      vertex -3.90181 19.6157 90.51
    endloop
  endfacet
  facet normal -0.227085 0.973875 0
    outer loop
      vertex -5.17638 19.3185 90.51
      vertex -3.90181 19.6157 6
      vertex -5.17638 19.3185 6
    endloop
  endfacet
  facet normal -0.881905 0.471427 0
    outer loop
      vertex -17.9375 8.84577 6
      vertex -17.3205 10 90.51
      vertex -17.3205 10 6
    endloop
  endfacet
  facet normal -0.881905 0.471427 0
    outer loop
      vertex -17.3205 10 90.51
      vertex -17.9375 8.84577 6
      vertex -17.9375 8.84577 90.51
    endloop
  endfacet
  facet normal -0.935924 -0.352203 1.71611e-06
    outer loop
      vertex -18.4776 -7.65367 90.51
      vertex -18.9386 -6.42879 58.9107
      vertex -18.7318 -6.97833 58.5031
    endloop
  endfacet
  facet normal -0.935897 -0.352274 -0
    outer loop
      vertex -18.4776 -7.65367 90.51
      vertex -18.7318 -6.97833 58.5031
      vertex -18.4776 -7.65367 57.891
    endloop
  endfacet
  facet normal -0.935909 -0.352242 0
    outer loop
      vertex -18.9386 -6.42879 58.9107
      vertex -18.4776 -7.65367 90.51
      vertex -18.9386 -6.42879 90.51
    endloop
  endfacet
  facet normal -0.935909 -0.352242 0
    outer loop
      vertex -18.4776 -7.65367 6
      vertex -18.9386 -6.42879 40.8712
      vertex -18.9386 -6.42879 6
    endloop
  endfacet
  facet normal -0.935909 -0.352242 0
    outer loop
      vertex -18.9386 -6.42879 40.8712
      vertex -18.4776 -7.65367 6
      vertex -18.4776 -7.65367 42.0972
    endloop
  endfacet
  facet normal 0.0980314 -0.995183 0
    outer loop
      vertex 1.30806 -19.9572 87.6919
      vertex 2.61052 -19.8289 90.51
      vertex 1.30806 -19.9572 90.51
    endloop
  endfacet
  facet normal 0.0980314 -0.995183 0
    outer loop
      vertex 2.61052 -19.8289 90.51
      vertex 1.30806 -19.9572 87.6919
      vertex 2.61052 -19.8289 86.3895
    endloop
  endfacet
  facet normal 0.0980314 -0.995183 0
    outer loop
      vertex 1.30806 -19.9572 6
      vertex 2.61052 -19.8289 67
      vertex 1.30806 -19.9572 67
    endloop
  endfacet
  facet normal 0.0980314 -0.995183 0
    outer loop
      vertex 2.61052 -19.8289 67
      vertex 1.30806 -19.9572 6
      vertex 2.61052 -19.8289 6
    endloop
  endfacet
  facet normal 0.986642 -0.162901 0
    outer loop
      vertex 19.6157 -3.90181 90.51
      vertex 19.8289 -2.61052 60.6723
      vertex 19.8289 -2.61052 90.51
    endloop
  endfacet
  facet normal 0.98664 -0.162913 -5.416e-07
    outer loop
      vertex 19.8289 -2.61052 60.6723
      vertex 19.6157 -3.90181 90.51
      vertex 19.7327 -3.19313 60.5263
    endloop
  endfacet
  facet normal 0.986644 -0.162891 0
    outer loop
      vertex 19.7327 -3.19313 60.5263
      vertex 19.6157 -3.90181 90.51
      vertex 19.6157 -3.90181 60.2728
    endloop
  endfacet
  facet normal 0.986642 -0.162901 0
    outer loop
      vertex 19.6157 -3.90181 6
      vertex 19.8289 -2.61052 37.0495
      vertex 19.6157 -3.90181 38.3419
    endloop
  endfacet
  facet normal 0.986642 -0.162901 0
    outer loop
      vertex 19.8289 -2.61052 37.0495
      vertex 19.6157 -3.90181 6
      vertex 19.8289 -2.61052 6
    endloop
  endfacet
  facet normal 0.995183 -0.0980314 0
    outer loop
      vertex 19.8289 -2.61052 90.51
      vertex 19.9572 -1.30806 60.9129
      vertex 19.9572 -1.30806 90.51
    endloop
  endfacet
  facet normal 0.995177 -0.0981003 -3.0609e-06
    outer loop
      vertex 19.9572 -1.30806 60.9129
      vertex 19.8289 -2.61052 90.51
      vertex 19.8746 -2.14599 60.7886
    endloop
  endfacet
  facet normal 0.995196 -0.0979064 0
    outer loop
      vertex 19.8746 -2.14599 60.7886
      vertex 19.8289 -2.61052 90.51
      vertex 19.8289 -2.61052 60.6723
    endloop
  endfacet
  facet normal 0.995183 -0.0980314 0
    outer loop
      vertex 19.8289 -2.61052 6
      vertex 19.9572 -1.30806 35.7458
      vertex 19.8289 -2.61052 37.0495
    endloop
  endfacet
  facet normal 0.995183 -0.0980314 0
    outer loop
      vertex 19.9572 -1.30806 35.7458
      vertex 19.8289 -2.61052 6
      vertex 19.9572 -1.30806 6
    endloop
  endfacet
  facet normal -0.634402 0.773003 0
    outer loop
      vertex -12.1752 15.8671 6
      vertex -13.1869 15.0368 90.51
      vertex -12.1752 15.8671 90.51
    endloop
  endfacet
  facet normal -0.634402 0.773003 0
    outer loop
      vertex -13.1869 15.0368 90.51
      vertex -12.1752 15.8671 6
      vertex -13.1869 15.0368 6
    endloop
  endfacet
  facet normal 0.881905 0.471427 0
    outer loop
      vertex 17.9375 8.84577 90.51
      vertex 17.3205 10 6
      vertex 17.3205 10 90.51
    endloop
  endfacet
  facet normal 0.881905 0.471427 0
    outer loop
      vertex 17.3205 10 6
      vertex 17.9375 8.84577 90.51
      vertex 17.9375 8.84577 6
    endloop
  endfacet
  facet normal -0.81285 0.582474 0
    outer loop
      vertex -16.6294 11.1114 6
      vertex -15.8671 12.1752 90.51
      vertex -15.8671 12.1752 6
    endloop
  endfacet
  facet normal -0.81285 0.582474 0
    outer loop
      vertex -15.8671 12.1752 90.51
      vertex -16.6294 11.1114 6
      vertex -16.6294 11.1114 90.51
    endloop
  endfacet
  facet normal 0.973864 0.227133 0
    outer loop
      vertex 19.3185 5.17638 90.51
      vertex 19.544 4.20952 60.1627
      vertex 19.3185 5.17638 59.7054
    endloop
  endfacet
  facet normal 0.973875 0.227085 -0
    outer loop
      vertex 19.6157 3.90181 60.2728
      vertex 19.3185 5.17638 90.51
      vertex 19.6157 3.90181 90.51
    endloop
  endfacet
  facet normal 0.97391 0.226935 6.67617e-06
    outer loop
      vertex 19.3185 5.17638 90.51
      vertex 19.6157 3.90181 60.2728
      vertex 19.544 4.20952 60.1627
    endloop
  endfacet
  facet normal 0.973875 0.227085 0
    outer loop
      vertex 19.6157 3.90181 38.3419
      vertex 19.3185 5.17638 6
      vertex 19.3185 5.17638 39.6177
    endloop
  endfacet
  facet normal 0.973875 0.227085 0
    outer loop
      vertex 19.3185 5.17638 6
      vertex 19.6157 3.90181 38.3419
      vertex 19.6157 3.90181 6
    endloop
  endfacet
  facet normal 0.956943 -0.290275 0
    outer loop
      vertex 18.9386 -6.42879 90.51
      vertex 19.3185 -5.17638 59.7054
      vertex 19.3185 -5.17638 90.51
    endloop
  endfacet
  facet normal 0.957637 -0.28798 0.000101855
    outer loop
      vertex 19.3185 -5.17638 59.7054
      vertex 18.9386 -6.42879 90.51
      vertex 19.3158 -5.18536 59.7011
    endloop
  endfacet
  facet normal 0.956932 -0.290311 -8.59286e-07
    outer loop
      vertex 19.3158 -5.18536 59.7011
      vertex 18.9386 -6.42879 90.51
      vertex 19.0349 -6.11127 59.1462
    endloop
  endfacet
  facet normal 0.956956 -0.290233 0
    outer loop
      vertex 19.0349 -6.11127 59.1462
      vertex 18.9386 -6.42879 90.51
      vertex 18.9386 -6.42879 58.9107
    endloop
  endfacet
  facet normal 0.956943 -0.290275 0
    outer loop
      vertex 18.9386 -6.42879 6
      vertex 19.3185 -5.17638 39.6177
      vertex 18.9386 -6.42879 40.8712
    endloop
  endfacet
  facet normal 0.956943 -0.290275 0
    outer loop
      vertex 19.3185 -5.17638 39.6177
      vertex 18.9386 -6.42879 6
      vertex 19.3185 -5.17638 6
    endloop
  endfacet
  facet normal 0.849207 0.528061 0
    outer loop
      vertex 17.3205 10 90.51
      vertex 16.6294 11.1114 6
      vertex 16.6294 11.1114 90.51
    endloop
  endfacet
  facet normal 0.849207 0.528061 0
    outer loop
      vertex 16.6294 11.1114 6
      vertex 17.3205 10 90.51
      vertex 17.3205 10 6
    endloop
  endfacet
  facet normal 0.935897 0.352274 0
    outer loop
      vertex 18.4776 7.65367 90.51
      vertex 18.7318 6.97833 58.5031
      vertex 18.4776 7.65367 57.891
    endloop
  endfacet
  facet normal 0.935909 0.352242 -0
    outer loop
      vertex 18.9386 6.42879 58.9107
      vertex 18.4776 7.65367 90.51
      vertex 18.9386 6.42879 90.51
    endloop
  endfacet
  facet normal 0.935924 0.352203 1.71611e-06
    outer loop
      vertex 18.4776 7.65367 90.51
      vertex 18.9386 6.42879 58.9107
      vertex 18.7318 6.97833 58.5031
    endloop
  endfacet
  facet normal 0.935909 0.352242 0
    outer loop
      vertex 18.9386 6.42879 40.8712
      vertex 18.4776 7.65367 6
      vertex 18.4776 7.65367 42.0972
    endloop
  endfacet
  facet normal 0.935909 0.352242 0
    outer loop
      vertex 18.4776 7.65367 6
      vertex 18.9386 6.42879 40.8712
      vertex 18.9386 6.42879 6
    endloop
  endfacet
  facet normal 0.956956 0.290233 0
    outer loop
      vertex 18.9386 6.42879 90.51
      vertex 19.0349 6.11127 59.1462
      vertex 18.9386 6.42879 58.9107
    endloop
  endfacet
  facet normal 0.956932 0.290311 -8.59286e-07
    outer loop
      vertex 18.9386 6.42879 90.51
      vertex 19.3158 5.18536 59.7011
      vertex 19.0349 6.11127 59.1462
    endloop
  endfacet
  facet normal 0.956943 0.290275 -0
    outer loop
      vertex 19.3185 5.17638 59.7054
      vertex 18.9386 6.42879 90.51
      vertex 19.3185 5.17638 90.51
    endloop
  endfacet
  facet normal 0.957637 0.28798 0.000101855
    outer loop
      vertex 18.9386 6.42879 90.51
      vertex 19.3185 5.17638 59.7054
      vertex 19.3158 5.18536 59.7011
    endloop
  endfacet
  facet normal 0.956943 0.290275 0
    outer loop
      vertex 19.3185 5.17638 39.6177
      vertex 18.9386 6.42879 6
      vertex 18.9386 6.42879 40.8712
    endloop
  endfacet
  facet normal 0.956943 0.290275 0
    outer loop
      vertex 18.9386 6.42879 6
      vertex 19.3185 5.17638 39.6177
      vertex 19.3185 5.17638 6
    endloop
  endfacet
  facet normal 0.683616 -0.729842 0
    outer loop
      vertex 13.1869 -15.0368 6
      vertex 14.1421 -14.1421 90.51
      vertex 13.1869 -15.0368 90.51
    endloop
  endfacet
  facet normal 0.683616 -0.729842 0
    outer loop
      vertex 14.1421 -14.1421 90.51
      vertex 13.1869 -15.0368 6
      vertex 14.1421 -14.1421 6
    endloop
  endfacet
  facet normal 0.81285 -0.582474 0
    outer loop
      vertex 15.8671 -12.1752 90.51
      vertex 16.6294 -11.1114 6
      vertex 16.6294 -11.1114 90.51
    endloop
  endfacet
  facet normal 0.81285 -0.582474 0
    outer loop
      vertex 16.6294 -11.1114 6
      vertex 15.8671 -12.1752 90.51
      vertex 15.8671 -12.1752 6
    endloop
  endfacet
  facet normal 0.881905 -0.471427 0
    outer loop
      vertex 17.3205 -10 90.51
      vertex 17.9375 -8.84577 6
      vertex 17.9375 -8.84577 90.51
    endloop
  endfacet
  facet normal 0.881905 -0.471427 0
    outer loop
      vertex 17.9375 -8.84577 6
      vertex 17.3205 -10 90.51
      vertex 17.3205 -10 6
    endloop
  endfacet
  facet normal 0.773003 0.634402 0
    outer loop
      vertex 15.8671 12.1752 90.51
      vertex 15.0368 13.1869 6
      vertex 15.0368 13.1869 90.51
    endloop
  endfacet
  facet normal 0.773003 0.634402 0
    outer loop
      vertex 15.0368 13.1869 6
      vertex 15.8671 12.1752 90.51
      vertex 15.8671 12.1752 6
    endloop
  endfacet
  facet normal 0.227085 -0.973875 0
    outer loop
      vertex 3.90181 -19.6157 85.0982
      vertex 5.17638 -19.3185 90.51
      vertex 3.90181 -19.6157 90.51
    endloop
  endfacet
  facet normal 0.227085 -0.973875 0
    outer loop
      vertex 5.17638 -19.3185 90.51
      vertex 3.90181 -19.6157 85.0982
      vertex 5.17638 -19.3185 83.8236
    endloop
  endfacet
  facet normal 0.227085 -0.973875 0
    outer loop
      vertex 3.90181 -19.6157 6
      vertex 5.17638 -19.3185 67
      vertex 3.90181 -19.6157 67
    endloop
  endfacet
  facet normal 0.227085 -0.973875 0
    outer loop
      vertex 5.17638 -19.3185 67
      vertex 3.90181 -19.6157 6
      vertex 5.17638 -19.3185 6
    endloop
  endfacet
  facet normal -0.162901 -0.986642 0
    outer loop
      vertex -3.90181 -19.6157 90.51
      vertex -2.61052 -19.8289 86.3895
      vertex -2.61052 -19.8289 90.51
    endloop
  endfacet
  facet normal -0.162901 -0.986642 0
    outer loop
      vertex -2.61052 -19.8289 86.3895
      vertex -3.90181 -19.6157 90.51
      vertex -3.90181 -19.6157 85.0982
    endloop
  endfacet
  facet normal -0.162901 -0.986642 0
    outer loop
      vertex -3.90181 -19.6157 6
      vertex -2.61052 -19.8289 67
      vertex -3.90181 -19.6157 67
    endloop
  endfacet
  facet normal -0.162901 -0.986642 -0
    outer loop
      vertex -2.61052 -19.8289 67
      vertex -3.90181 -19.6157 6
      vertex -2.61052 -19.8289 6
    endloop
  endfacet
  facet normal -0.995177 0.0980993 -9.74966e-06
    outer loop
      vertex -19.9572 1.30806 60.9129
      vertex -19.9383 1.5 63
      vertex -19.8746 2.14599 60.7886
    endloop
  endfacet
  facet normal -0.995187 0.0979943 0
    outer loop
      vertex -19.9383 1.5 63
      vertex -19.9572 1.30806 60.9129
      vertex -19.9572 1.30806 63
    endloop
  endfacet
  facet normal -0.995197 0.0978885 -7.19306e-05
    outer loop
      vertex -19.9383 1.5 63
      vertex -19.8289 2.61052 60.6723
      vertex -19.8746 2.14599 60.7886
    endloop
  endfacet
  facet normal -0.995183 0.0980378 0
    outer loop
      vertex -19.8289 2.61052 60.6723
      vertex -19.9383 1.5 63
      vertex -19.9383 1.5 71
    endloop
  endfacet
  facet normal -0.995183 0.0980378 0
    outer loop
      vertex -19.8289 2.61052 60.6723
      vertex -19.9383 1.5 71
      vertex -19.8289 2.61052 90.51
    endloop
  endfacet
  facet normal -0.995187 0.0979943 0
    outer loop
      vertex -19.9572 1.30806 90.51
      vertex -19.9383 1.5 71
      vertex -19.9572 1.30806 71
    endloop
  endfacet
  facet normal -0.995183 0.0980314 3.6845e-07
    outer loop
      vertex -19.9383 1.5 71
      vertex -19.9572 1.30806 90.51
      vertex -19.8289 2.61052 90.51
    endloop
  endfacet
  facet normal -0.995183 0.0980314 0
    outer loop
      vertex -19.9572 1.30806 35.7458
      vertex -19.8289 2.61052 6
      vertex -19.9572 1.30806 6
    endloop
  endfacet
  facet normal -0.995183 0.0980314 0
    outer loop
      vertex -19.8289 2.61052 6
      vertex -19.9572 1.30806 35.7458
      vertex -19.8289 2.61052 37.0495
    endloop
  endfacet
  facet normal 0.412686 0.910873 -0
    outer loop
      vertex 8.84577 17.9375 6
      vertex 7.65367 18.4776 90.51
      vertex 8.84577 17.9375 90.51
    endloop
  endfacet
  facet normal 0.412686 0.910873 0
    outer loop
      vertex 7.65367 18.4776 90.51
      vertex 8.84577 17.9375 6
      vertex 7.65367 18.4776 6
    endloop
  endfacet
  facet normal -0.81285 -0.582474 0
    outer loop
      vertex -15.8671 -12.1752 6
      vertex -16.6294 -11.1114 90.51
      vertex -16.6294 -11.1114 6
    endloop
  endfacet
  facet normal -0.81285 -0.582474 0
    outer loop
      vertex -16.6294 -11.1114 90.51
      vertex -15.8671 -12.1752 6
      vertex -15.8671 -12.1752 90.51
    endloop
  endfacet
  facet normal -0.528061 0.849207 0
    outer loop
      vertex -10 17.3205 6
      vertex -11.1114 16.6294 90.51
      vertex -10 17.3205 90.51
    endloop
  endfacet
  facet normal -0.528061 0.849207 0
    outer loop
      vertex -11.1114 16.6294 90.51
      vertex -10 17.3205 6
      vertex -11.1114 16.6294 6
    endloop
  endfacet
  facet normal -0.935897 0.352274 0
    outer loop
      vertex -18.7318 6.97833 58.5031
      vertex -18.4776 7.65367 90.51
      vertex -18.4776 7.65367 57.891
    endloop
  endfacet
  facet normal -0.935924 0.352203 1.71611e-06
    outer loop
      vertex -18.9386 6.42879 58.9107
      vertex -18.4776 7.65367 90.51
      vertex -18.7318 6.97833 58.5031
    endloop
  endfacet
  facet normal -0.935909 0.352242 0
    outer loop
      vertex -18.4776 7.65367 90.51
      vertex -18.9386 6.42879 58.9107
      vertex -18.9386 6.42879 90.51
    endloop
  endfacet
  facet normal -0.935909 0.352242 0
    outer loop
      vertex -18.9386 6.42879 40.8712
      vertex -18.4776 7.65367 6
      vertex -18.9386 6.42879 6
    endloop
  endfacet
  facet normal -0.935909 0.352242 0
    outer loop
      vertex -18.4776 7.65367 6
      vertex -18.9386 6.42879 40.8712
      vertex -18.4776 7.65367 42.0972
    endloop
  endfacet
  facet normal -0.0327027 0.999465 0
    outer loop
      vertex 0 20 6
      vertex -1.30806 19.9572 90.51
      vertex 0 20 90.51
    endloop
  endfacet
  facet normal -0.0327027 0.999465 0
    outer loop
      vertex -1.30806 19.9572 90.51
      vertex 0 20 6
      vertex -1.30806 19.9572 6
    endloop
  endfacet
  facet normal -0.849207 -0.528061 0
    outer loop
      vertex -16.6294 -11.1114 6
      vertex -17.3205 -10 90.51
      vertex -17.3205 -10 6
    endloop
  endfacet
  facet normal -0.849207 -0.528061 0
    outer loop
      vertex -17.3205 -10 90.51
      vertex -16.6294 -11.1114 6
      vertex -16.6294 -11.1114 90.51
    endloop
  endfacet
  facet normal -0.999465 -0.0327027 0
    outer loop
      vertex -19.9572 -1.30806 71
      vertex -20 0 90.51
      vertex -20 0 71
    endloop
  endfacet
  facet normal -0.999465 -0.0327027 0
    outer loop
      vertex -20 0 90.51
      vertex -19.9572 -1.30806 71
      vertex -19.9572 -1.30806 90.51
    endloop
  endfacet
  facet normal -1 0 0
    outer loop
      vertex -20 0 6
      vertex -20 -0.000489235 34.4387
      vertex -20 0 34.4387
    endloop
  endfacet
  facet normal -0.999465 -0.0327027 -5.62589e-07
    outer loop
      vertex -19.9572 -1.30806 6
      vertex -20 -0.000489235 34.4387
      vertex -20 0 6
    endloop
  endfacet
  facet normal -0.999999 -0 -0.00150499
    outer loop
      vertex -20 -0.000489235 34.4387
      vertex -19.9572 -1.30806 6
      vertex -20 -0.000974655 34.4387
    endloop
  endfacet
  facet normal -0.999999 -0.000620515 -0.00147647
    outer loop
      vertex -20 -0.000974655 34.4387
      vertex -19.9572 -1.30806 6
      vertex -20 -0.00145054 34.4389
    endloop
  endfacet
  facet normal -0.977747 -0.209627 0.0081597
    outer loop
      vertex -20 -0.00145054 34.4389
      vertex -19.9572 -1.30806 6
      vertex -19.9999 -0.00191307 34.439
    endloop
  endfacet
  facet normal -0.999999 -0.000663414 -0.00147099
    outer loop
      vertex -19.9999 -0.00191307 34.439
      vertex -19.9572 -1.30806 6
      vertex -19.9999 -0.00235653 34.4392
    endloop
  endfacet
  facet normal -0.999998 -0.00103705 -0.00145383
    outer loop
      vertex -19.9999 -0.00235653 34.4392
      vertex -19.9572 -1.30806 6
      vertex -19.9999 -0.0027771 34.4395
    endloop
  endfacet
  facet normal -0.999998 -0.0011024 -0.00145083
    outer loop
      vertex -19.9999 -0.0027771 34.4395
      vertex -19.9572 -1.30806 6
      vertex -19.9999 -0.00317192 34.4398
    endloop
  endfacet
  facet normal -0.999998 -0.0011944 -0.00144661
    outer loop
      vertex -19.9999 -0.00317192 34.4398
      vertex -19.9572 -1.30806 6
      vertex -19.9999 -0.00353527 34.4401
    endloop
  endfacet
  facet normal -0.999465 -0.0327147 0
    outer loop
      vertex -19.9999 -0.00353527 34.4401
      vertex -19.9572 -1.30806 6
      vertex -19.9572 -1.30806 35.7458
    endloop
  endfacet
  facet normal -0.999464 -0.0327225 0
    outer loop
      vertex -19.9647 -1.07819 60.947
      vertex -20 0 63
      vertex -20 0 61
    endloop
  endfacet
  facet normal -0.999468 -0.0326098 -0
    outer loop
      vertex -19.9572 -1.30806 63
      vertex -19.9647 -1.07819 60.947
      vertex -19.9572 -1.30806 60.9129
    endloop
  endfacet
  facet normal -0.999465 -0.0327027 -1.04158e-05
    outer loop
      vertex -19.9647 -1.07819 60.947
      vertex -19.9572 -1.30806 63
      vertex -20 0 63
    endloop
  endfacet
  facet normal -0.290275 -0.956943 0
    outer loop
      vertex -6.42879 -18.9386 90.51
      vertex -5.17638 -19.3185 83.8236
      vertex -5.17638 -19.3185 90.51
    endloop
  endfacet
  facet normal -0.290245 -0.956952 6.03278e-06
    outer loop
      vertex -6.42879 -18.9386 90.51
      vertex -6 -19.0687 83
      vertex -5.17638 -19.3185 83.8236
    endloop
  endfacet
  facet normal -0.290342 -0.956923 0
    outer loop
      vertex -6.42879 -18.9386 90.51
      vertex -6 -19.0687 67
      vertex -6 -19.0687 83
    endloop
  endfacet
  facet normal -0.290342 -0.956923 0
    outer loop
      vertex -6.42879 -18.9386 6
      vertex -6 -19.0687 67
      vertex -6.42879 -18.9386 90.51
    endloop
  endfacet
  facet normal -0.29024 -0.956954 -7.85131e-07
    outer loop
      vertex -6.42879 -18.9386 6
      vertex -5.17638 -19.3185 67
      vertex -6 -19.0687 67
    endloop
  endfacet
  facet normal -0.290275 -0.956943 -0
    outer loop
      vertex -5.17638 -19.3185 67
      vertex -6.42879 -18.9386 6
      vertex -5.17638 -19.3185 6
    endloop
  endfacet
  facet normal 0.999465 -0.0327027 0
    outer loop
      vertex 19.9572 -1.30806 90.51
      vertex 20 0 61
      vertex 20 0 90.51
    endloop
  endfacet
  facet normal 0.999464 -0.0327225 -8.772e-07
    outer loop
      vertex 20 0 61
      vertex 19.9572 -1.30806 90.51
      vertex 19.9647 -1.07819 60.947
    endloop
  endfacet
  facet normal 0.999468 -0.0326098 0
    outer loop
      vertex 19.9647 -1.07819 60.947
      vertex 19.9572 -1.30806 90.51
      vertex 19.9572 -1.30806 60.9129
    endloop
  endfacet
  facet normal 1 -0 0
    outer loop
      vertex 20 -0.000489235 34.4387
      vertex 20 0 6
      vertex 20 0 34.4387
    endloop
  endfacet
  facet normal 0.999999 0 -0.00150499
    outer loop
      vertex 19.9572 -1.30806 6
      vertex 20 -0.000489235 34.4387
      vertex 20 -0.000974655 34.4387
    endloop
  endfacet
  facet normal 0.999999 -0.000620515 -0.00147647
    outer loop
      vertex 19.9572 -1.30806 6
      vertex 20 -0.000974655 34.4387
      vertex 20 -0.00145054 34.4389
    endloop
  endfacet
  facet normal 0.977747 -0.209627 0.0081597
    outer loop
      vertex 19.9572 -1.30806 6
      vertex 20 -0.00145054 34.4389
      vertex 19.9999 -0.00191307 34.439
    endloop
  endfacet
  facet normal 0.999999 -0.000663414 -0.00147099
    outer loop
      vertex 19.9572 -1.30806 6
      vertex 19.9999 -0.00191307 34.439
      vertex 19.9999 -0.00235653 34.4392
    endloop
  endfacet
  facet normal 0.999998 -0.00103705 -0.00145383
    outer loop
      vertex 19.9572 -1.30806 6
      vertex 19.9999 -0.00235653 34.4392
      vertex 19.9999 -0.0027771 34.4395
    endloop
  endfacet
  facet normal 0.999998 -0.0011024 -0.00145083
    outer loop
      vertex 19.9572 -1.30806 6
      vertex 19.9999 -0.0027771 34.4395
      vertex 19.9999 -0.00317192 34.4398
    endloop
  endfacet
  facet normal 0.999998 -0.0011944 -0.00144661
    outer loop
      vertex 19.9572 -1.30806 6
      vertex 19.9999 -0.00317192 34.4398
      vertex 19.9999 -0.00353527 34.4401
    endloop
  endfacet
  facet normal 0.999465 -0.0327147 0
    outer loop
      vertex 19.9572 -1.30806 6
      vertex 19.9999 -0.00353527 34.4401
      vertex 19.9572 -1.30806 35.7458
    endloop
  endfacet
  facet normal 0.999465 -0.0327027 -5.62589e-07
    outer loop
      vertex 20 -0.000489235 34.4387
      vertex 19.9572 -1.30806 6
      vertex 20 0 6
    endloop
  endfacet
  facet normal 0.910873 -0.412686 0
    outer loop
      vertex 17.9375 -8.84577 90.51
      vertex 18.4776 -7.65367 57.891
      vertex 18.4776 -7.65367 90.51
    endloop
  endfacet
  facet normal 0.910891 -0.412646 1.73905e-06
    outer loop
      vertex 18.4776 -7.65367 57.891
      vertex 17.9375 -8.84577 90.51
      vertex 18.4212 -7.77817 57.7782
    endloop
  endfacet
  facet normal 0.910849 -0.412741 -1.96831e-06
    outer loop
      vertex 18.4212 -7.77817 57.7782
      vertex 17.9375 -8.84577 90.51
      vertex 18.0927 -8.50311 56.9783
    endloop
  endfacet
  facet normal 0.910976 -0.41246 0
    outer loop
      vertex 18 -8.70773 56.7024
      vertex 17.9375 -8.84577 90.51
      vertex 18 -8.70773 43.2976
    endloop
  endfacet
  facet normal 0.910885 -0.412661 -9.89745e-07
    outer loop
      vertex 18.0927 -8.50311 56.9783
      vertex 17.9375 -8.84577 90.51
      vertex 18 -8.70773 56.7024
    endloop
  endfacet
  facet normal 0.910891 -0.412646 -1.57157e-06
    outer loop
      vertex 17.9375 -8.84577 6
      vertex 18.4776 -7.65367 42.0972
      vertex 18.4212 -7.77817 42.2218
    endloop
  endfacet
  facet normal 0.910849 -0.412741 1.78463e-06
    outer loop
      vertex 17.9375 -8.84577 6
      vertex 18.4212 -7.77817 42.2218
      vertex 18.0927 -8.50311 43.0217
    endloop
  endfacet
  facet normal 0.910885 -0.412661 8.97593e-07
    outer loop
      vertex 17.9375 -8.84577 6
      vertex 18.0927 -8.50311 43.0217
      vertex 18 -8.70773 43.2976
    endloop
  endfacet
  facet normal 0.910873 -0.412686 0
    outer loop
      vertex 18.4776 -7.65367 42.0972
      vertex 17.9375 -8.84577 6
      vertex 18.4776 -7.65367 6
    endloop
  endfacet
  facet normal 0.910976 -0.41246 0
    outer loop
      vertex 17.9375 -8.84577 6
      vertex 18 -8.70773 43.2976
      vertex 17.9375 -8.84577 90.51
    endloop
  endfacet
  facet normal 0.973875 -0.227085 0
    outer loop
      vertex 19.3185 -5.17638 90.51
      vertex 19.6157 -3.90181 60.2728
      vertex 19.6157 -3.90181 90.51
    endloop
  endfacet
  facet normal 0.97391 -0.226935 6.67617e-06
    outer loop
      vertex 19.6157 -3.90181 60.2728
      vertex 19.3185 -5.17638 90.51
      vertex 19.544 -4.20952 60.1627
    endloop
  endfacet
  facet normal 0.973864 -0.227133 0
    outer loop
      vertex 19.544 -4.20952 60.1627
      vertex 19.3185 -5.17638 90.51
      vertex 19.3185 -5.17638 59.7054
    endloop
  endfacet
  facet normal 0.973875 -0.227085 0
    outer loop
      vertex 19.3185 -5.17638 6
      vertex 19.6157 -3.90181 38.3419
      vertex 19.3185 -5.17638 39.6177
    endloop
  endfacet
  facet normal 0.973875 -0.227085 0
    outer loop
      vertex 19.6157 -3.90181 38.3419
      vertex 19.3185 -5.17638 6
      vertex 19.6157 -3.90181 6
    endloop
  endfacet
  facet normal -0.995187 -0.0979943 0
    outer loop
      vertex -19.9572 -1.30806 60.9129
      vertex -19.9383 -1.5 63
      vertex -19.9572 -1.30806 63
    endloop
  endfacet
  facet normal -0.995197 -0.0978885 -7.19306e-05
    outer loop
      vertex -19.8289 -2.61052 60.6723
      vertex -19.9383 -1.5 63
      vertex -19.8746 -2.14599 60.7886
    endloop
  endfacet
  facet normal -0.995177 -0.0980993 -9.74966e-06
    outer loop
      vertex -19.8746 -2.14599 60.7886
      vertex -19.9383 -1.5 63
      vertex -19.9572 -1.30806 60.9129
    endloop
  endfacet
  facet normal -0.995187 -0.0979943 0
    outer loop
      vertex -19.9383 -1.5 71
      vertex -19.9572 -1.30806 90.51
      vertex -19.9572 -1.30806 71
    endloop
  endfacet
  facet normal -0.995183 -0.0980378 0
    outer loop
      vertex -19.9383 -1.5 63
      vertex -19.8289 -2.61052 60.6723
      vertex -19.9383 -1.5 71
    endloop
  endfacet
  facet normal -0.995183 -0.0980378 0
    outer loop
      vertex -19.9383 -1.5 71
      vertex -19.8289 -2.61052 60.6723
      vertex -19.8289 -2.61052 90.51
    endloop
  endfacet
  facet normal -0.995183 -0.0980314 3.6845e-07
    outer loop
      vertex -19.9383 -1.5 71
      vertex -19.8289 -2.61052 90.51
      vertex -19.9572 -1.30806 90.51
    endloop
  endfacet
  facet normal -0.995183 -0.0980314 0
    outer loop
      vertex -19.8289 -2.61052 6
      vertex -19.9572 -1.30806 35.7458
      vertex -19.9572 -1.30806 6
    endloop
  endfacet
  facet normal -0.995183 -0.0980314 0
    outer loop
      vertex -19.9572 -1.30806 35.7458
      vertex -19.8289 -2.61052 6
      vertex -19.8289 -2.61052 37.0495
    endloop
  endfacet
  facet normal -0.98664 -0.162913 -5.416e-07
    outer loop
      vertex -19.6157 -3.90181 90.51
      vertex -19.8289 -2.61052 60.6723
      vertex -19.7327 -3.19313 60.5263
    endloop
  endfacet
  facet normal -0.986644 -0.162891 -0
    outer loop
      vertex -19.6157 -3.90181 90.51
      vertex -19.7327 -3.19313 60.5263
      vertex -19.6157 -3.90181 60.2728
    endloop
  endfacet
  facet normal -0.986642 -0.162901 0
    outer loop
      vertex -19.8289 -2.61052 60.6723
      vertex -19.6157 -3.90181 90.51
      vertex -19.8289 -2.61052 90.51
    endloop
  endfacet
  facet normal -0.986642 -0.162901 0
    outer loop
      vertex -19.6157 -3.90181 6
      vertex -19.8289 -2.61052 37.0495
      vertex -19.8289 -2.61052 6
    endloop
  endfacet
  facet normal -0.986642 -0.162901 0
    outer loop
      vertex -19.8289 -2.61052 37.0495
      vertex -19.6157 -3.90181 6
      vertex -19.6157 -3.90181 38.3419
    endloop
  endfacet
  facet normal 0.352242 -0.935909 0
    outer loop
      vertex 6.42879 -18.9386 6
      vertex 7.65367 -18.4776 90.51
      vertex 6.42879 -18.9386 90.51
    endloop
  endfacet
  facet normal 0.352242 -0.935909 0
    outer loop
      vertex 7.65367 -18.4776 90.51
      vertex 6.42879 -18.9386 6
      vertex 7.65367 -18.4776 6
    endloop
  endfacet
  facet normal -0.0980314 0.995183 0
    outer loop
      vertex -1.30806 19.9572 6
      vertex -2.61052 19.8289 90.51
      vertex -1.30806 19.9572 90.51
    endloop
  endfacet
  facet normal -0.0980314 0.995183 0
    outer loop
      vertex -2.61052 19.8289 90.51
      vertex -1.30806 19.9572 6
      vertex -2.61052 19.8289 6
    endloop
  endfacet
  facet normal 0.352242 0.935909 -0
    outer loop
      vertex 7.65367 18.4776 6
      vertex 6.42879 18.9386 90.51
      vertex 7.65367 18.4776 90.51
    endloop
  endfacet
  facet normal 0.352242 0.935909 0
    outer loop
      vertex 6.42879 18.9386 90.51
      vertex 7.65367 18.4776 6
      vertex 6.42879 18.9386 6
    endloop
  endfacet
  facet normal 0.0327027 0.999465 -0
    outer loop
      vertex 1.30806 19.9572 6
      vertex 0 20 90.51
      vertex 1.30806 19.9572 90.51
    endloop
  endfacet
  facet normal 0.0327027 0.999465 0
    outer loop
      vertex 0 20 90.51
      vertex 1.30806 19.9572 6
      vertex 0 20 6
    endloop
  endfacet
  facet normal 0.634402 -0.773003 0
    outer loop
      vertex 12.1752 -15.8671 6
      vertex 13.1869 -15.0368 90.51
      vertex 12.1752 -15.8671 90.51
    endloop
  endfacet
  facet normal 0.634402 -0.773003 0
    outer loop
      vertex 13.1869 -15.0368 90.51
      vertex 12.1752 -15.8671 6
      vertex 13.1869 -15.0368 6
    endloop
  endfacet
  facet normal 0.729842 -0.683616 0
    outer loop
      vertex 14.1421 -14.1421 90.51
      vertex 15.0368 -13.1869 6
      vertex 15.0368 -13.1869 90.51
    endloop
  endfacet
  facet normal 0.729842 -0.683616 0
    outer loop
      vertex 15.0368 -13.1869 6
      vertex 14.1421 -14.1421 90.51
      vertex 14.1421 -14.1421 6
    endloop
  endfacet
  facet normal -0.412686 0.910873 0
    outer loop
      vertex -7.65367 18.4776 6
      vertex -8.84577 17.9375 90.51
      vertex -7.65367 18.4776 90.51
    endloop
  endfacet
  facet normal -0.412686 0.910873 0
    outer loop
      vertex -8.84577 17.9375 90.51
      vertex -7.65367 18.4776 6
      vertex -8.84577 17.9375 6
    endloop
  endfacet
  facet normal 0.935909 -0.352242 0
    outer loop
      vertex 18.4776 -7.65367 90.51
      vertex 18.9386 -6.42879 58.9107
      vertex 18.9386 -6.42879 90.51
    endloop
  endfacet
  facet normal 0.935924 -0.352203 1.71611e-06
    outer loop
      vertex 18.9386 -6.42879 58.9107
      vertex 18.4776 -7.65367 90.51
      vertex 18.7318 -6.97833 58.5031
    endloop
  endfacet
  facet normal 0.935897 -0.352274 0
    outer loop
      vertex 18.7318 -6.97833 58.5031
      vertex 18.4776 -7.65367 90.51
      vertex 18.4776 -7.65367 57.891
    endloop
  endfacet
  facet normal 0.935909 -0.352242 0
    outer loop
      vertex 18.4776 -7.65367 6
      vertex 18.9386 -6.42879 40.8712
      vertex 18.4776 -7.65367 42.0972
    endloop
  endfacet
  facet normal 0.935909 -0.352242 0
    outer loop
      vertex 18.9386 -6.42879 40.8712
      vertex 18.4776 -7.65367 6
      vertex 18.9386 -6.42879 6
    endloop
  endfacet
  facet normal -0.881905 -0.471427 0
    outer loop
      vertex -17.3205 -10 6
      vertex -17.9375 -8.84577 90.51
      vertex -17.9375 -8.84577 6
    endloop
  endfacet
  facet normal -0.881905 -0.471427 0
    outer loop
      vertex -17.9375 -8.84577 90.51
      vertex -17.3205 -10 6
      vertex -17.3205 -10 90.51
    endloop
  endfacet
  facet normal 0.634402 0.773003 -0
    outer loop
      vertex 13.1869 15.0368 6
      vertex 12.1752 15.8671 90.51
      vertex 13.1869 15.0368 90.51
    endloop
  endfacet
  facet normal 0.634402 0.773003 0
    outer loop
      vertex 12.1752 15.8671 90.51
      vertex 13.1869 15.0368 6
      vertex 12.1752 15.8671 6
    endloop
  endfacet
  facet normal -0.528061 -0.849207 0
    outer loop
      vertex -11.1114 -16.6294 6
      vertex -10 -17.3205 90.51
      vertex -11.1114 -16.6294 90.51
    endloop
  endfacet
  facet normal -0.528061 -0.849207 -0
    outer loop
      vertex -10 -17.3205 90.51
      vertex -11.1114 -16.6294 6
      vertex -10 -17.3205 6
    endloop
  endfacet
  facet normal -0.97391 -0.226935 6.67617e-06
    outer loop
      vertex -19.3185 -5.17638 90.51
      vertex -19.6157 -3.90181 60.2728
      vertex -19.544 -4.20952 60.1627
    endloop
  endfacet
  facet normal -0.973864 -0.227133 -0
    outer loop
      vertex -19.3185 -5.17638 90.51
      vertex -19.544 -4.20952 60.1627
      vertex -19.3185 -5.17638 59.7054
    endloop
  endfacet
  facet normal -0.973875 -0.227085 0
    outer loop
      vertex -19.6157 -3.90181 60.2728
      vertex -19.3185 -5.17638 90.51
      vertex -19.6157 -3.90181 90.51
    endloop
  endfacet
  facet normal -0.973875 -0.227085 0
    outer loop
      vertex -19.3185 -5.17638 6
      vertex -19.6157 -3.90181 38.3419
      vertex -19.6157 -3.90181 6
    endloop
  endfacet
  facet normal -0.973875 -0.227085 0
    outer loop
      vertex -19.6157 -3.90181 38.3419
      vertex -19.3185 -5.17638 6
      vertex -19.3185 -5.17638 39.6177
    endloop
  endfacet
  facet normal -0.162901 0.986642 0
    outer loop
      vertex -2.61052 19.8289 6
      vertex -3.90181 19.6157 90.51
      vertex -2.61052 19.8289 90.51
    endloop
  endfacet
  facet normal -0.162901 0.986642 0
    outer loop
      vertex -3.90181 19.6157 90.51
      vertex -2.61052 19.8289 6
      vertex -3.90181 19.6157 6
    endloop
  endfacet
  facet normal -0.773003 0.634402 0
    outer loop
      vertex -15.8671 12.1752 6
      vertex -15.0368 13.1869 90.51
      vertex -15.0368 13.1869 6
    endloop
  endfacet
  facet normal -0.773003 0.634402 0
    outer loop
      vertex -15.0368 13.1869 90.51
      vertex -15.8671 12.1752 6
      vertex -15.8671 12.1752 90.51
    endloop
  endfacet
  facet normal -0.986644 0.162891 0
    outer loop
      vertex -19.7327 3.19313 60.5263
      vertex -19.6157 3.90181 90.51
      vertex -19.6157 3.90181 60.2728
    endloop
  endfacet
  facet normal -0.98664 0.162913 -5.416e-07
    outer loop
      vertex -19.8289 2.61052 60.6723
      vertex -19.6157 3.90181 90.51
      vertex -19.7327 3.19313 60.5263
    endloop
  endfacet
  facet normal -0.986642 0.162901 0
    outer loop
      vertex -19.6157 3.90181 90.51
      vertex -19.8289 2.61052 60.6723
      vertex -19.8289 2.61052 90.51
    endloop
  endfacet
  facet normal -0.986642 0.162901 0
    outer loop
      vertex -19.8289 2.61052 37.0495
      vertex -19.6157 3.90181 6
      vertex -19.8289 2.61052 6
    endloop
  endfacet
  facet normal -0.986642 0.162901 0
    outer loop
      vertex -19.6157 3.90181 6
      vertex -19.8289 2.61052 37.0495
      vertex -19.6157 3.90181 38.3419
    endloop
  endfacet
  facet normal 0.0980314 0.995183 -0
    outer loop
      vertex 2.61052 19.8289 6
      vertex 1.30806 19.9572 90.51
      vertex 2.61052 19.8289 90.51
    endloop
  endfacet
  facet normal 0.0980314 0.995183 0
    outer loop
      vertex 1.30806 19.9572 90.51
      vertex 2.61052 19.8289 6
      vertex 1.30806 19.9572 6
    endloop
  endfacet
  facet normal 0.162901 -0.986642 0
    outer loop
      vertex 2.61052 -19.8289 86.3895
      vertex 3.90181 -19.6157 90.51
      vertex 2.61052 -19.8289 90.51
    endloop
  endfacet
  facet normal 0.162901 -0.986642 0
    outer loop
      vertex 3.90181 -19.6157 90.51
      vertex 2.61052 -19.8289 86.3895
      vertex 3.90181 -19.6157 85.0982
    endloop
  endfacet
  facet normal 0.162901 -0.986642 0
    outer loop
      vertex 2.61052 -19.8289 6
      vertex 3.90181 -19.6157 67
      vertex 2.61052 -19.8289 67
    endloop
  endfacet
  facet normal 0.162901 -0.986642 0
    outer loop
      vertex 3.90181 -19.6157 67
      vertex 2.61052 -19.8289 6
      vertex 3.90181 -19.6157 6
    endloop
  endfacet
  facet normal -0.412686 -0.910873 0
    outer loop
      vertex -8.84577 -17.9375 6
      vertex -7.65367 -18.4776 90.51
      vertex -8.84577 -17.9375 90.51
    endloop
  endfacet
  facet normal -0.412686 -0.910873 -0
    outer loop
      vertex -7.65367 -18.4776 90.51
      vertex -8.84577 -17.9375 6
      vertex -7.65367 -18.4776 6
    endloop
  endfacet
  facet normal -0.999465 0.0327027 0
    outer loop
      vertex -20 0 71
      vertex -19.9572 1.30806 90.51
      vertex -19.9572 1.30806 71
    endloop
  endfacet
  facet normal -0.999465 0.0327027 0
    outer loop
      vertex -19.9572 1.30806 90.51
      vertex -20 0 71
      vertex -20 0 90.51
    endloop
  endfacet
  facet normal -0.999465 0.0327147 0
    outer loop
      vertex -19.9572 1.30806 6
      vertex -19.9999 0.00353527 34.4401
      vertex -19.9572 1.30806 35.7458
    endloop
  endfacet
  facet normal -0.999998 0.0011944 -0.00144661
    outer loop
      vertex -19.9572 1.30806 6
      vertex -19.9999 0.00317192 34.4398
      vertex -19.9999 0.00353527 34.4401
    endloop
  endfacet
  facet normal -0.999998 0.0011024 -0.00145083
    outer loop
      vertex -19.9572 1.30806 6
      vertex -19.9999 0.0027771 34.4395
      vertex -19.9999 0.00317192 34.4398
    endloop
  endfacet
  facet normal -0.999998 0.00103705 -0.00145383
    outer loop
      vertex -19.9572 1.30806 6
      vertex -19.9999 0.00235653 34.4392
      vertex -19.9999 0.0027771 34.4395
    endloop
  endfacet
  facet normal -0.999999 0.000663414 -0.00147099
    outer loop
      vertex -19.9572 1.30806 6
      vertex -19.9999 0.00191307 34.439
      vertex -19.9999 0.00235653 34.4392
    endloop
  endfacet
  facet normal -0.977747 0.209627 0.0081597
    outer loop
      vertex -19.9572 1.30806 6
      vertex -20 0.00145054 34.4389
      vertex -19.9999 0.00191307 34.439
    endloop
  endfacet
  facet normal -0.999999 0.000620515 -0.00147647
    outer loop
      vertex -19.9572 1.30806 6
      vertex -20 0.000974655 34.4387
      vertex -20 0.00145054 34.4389
    endloop
  endfacet
  facet normal -0.999999 0 -0.00150499
    outer loop
      vertex -19.9572 1.30806 6
      vertex -20 0.000489235 34.4387
      vertex -20 0.000974655 34.4387
    endloop
  endfacet
  facet normal -0.999465 0.0327027 -5.62589e-07
    outer loop
      vertex -20 0 6
      vertex -20 0.000489235 34.4387
      vertex -19.9572 1.30806 6
    endloop
  endfacet
  facet normal -1 -0 0
    outer loop
      vertex -20 0.000489235 34.4387
      vertex -20 0 6
      vertex -20 0 34.4387
    endloop
  endfacet
  facet normal -0.999468 0.0326098 0
    outer loop
      vertex -19.9647 1.07819 60.947
      vertex -19.9572 1.30806 63
      vertex -19.9572 1.30806 60.9129
    endloop
  endfacet
  facet normal -0.999464 0.0327225 0
    outer loop
      vertex -20 0 63
      vertex -19.9647 1.07819 60.947
      vertex -20 0 61
    endloop
  endfacet
  facet normal -0.999465 0.0327027 -1.04158e-05
    outer loop
      vertex -19.9647 1.07819 60.947
      vertex -20 0 63
      vertex -19.9572 1.30806 63
    endloop
  endfacet
  facet normal -0.352242 -0.935909 0
    outer loop
      vertex -7.65367 -18.4776 6
      vertex -6.42879 -18.9386 90.51
      vertex -7.65367 -18.4776 90.51
    endloop
  endfacet
  facet normal -0.352242 -0.935909 -0
    outer loop
      vertex -6.42879 -18.9386 90.51
      vertex -7.65367 -18.4776 6
      vertex -6.42879 -18.9386 6
    endloop
  endfacet
  facet normal -0.683616 -0.729842 0
    outer loop
      vertex -14.1421 -14.1421 6
      vertex -13.1869 -15.0368 90.51
      vertex -14.1421 -14.1421 90.51
    endloop
  endfacet
  facet normal -0.683616 -0.729842 -0
    outer loop
      vertex -13.1869 -15.0368 90.51
      vertex -14.1421 -14.1421 6
      vertex -13.1869 -15.0368 6
    endloop
  endfacet
  facet normal 0.412686 -0.910873 0
    outer loop
      vertex 7.65367 -18.4776 6
      vertex 8.84577 -17.9375 90.51
      vertex 7.65367 -18.4776 90.51
    endloop
  endfacet
  facet normal 0.412686 -0.910873 0
    outer loop
      vertex 8.84577 -17.9375 90.51
      vertex 7.65367 -18.4776 6
      vertex 8.84577 -17.9375 6
    endloop
  endfacet
  facet normal -0.956956 0.290233 0
    outer loop
      vertex -19.0349 6.11127 59.1462
      vertex -18.9386 6.42879 90.51
      vertex -18.9386 6.42879 58.9107
    endloop
  endfacet
  facet normal -0.956932 0.290311 -8.59286e-07
    outer loop
      vertex -19.3158 5.18536 59.7011
      vertex -18.9386 6.42879 90.51
      vertex -19.0349 6.11127 59.1462
    endloop
  endfacet
  facet normal -0.957637 0.28798 0.000101855
    outer loop
      vertex -19.3185 5.17638 59.7054
      vertex -18.9386 6.42879 90.51
      vertex -19.3158 5.18536 59.7011
    endloop
  endfacet
  facet normal -0.956943 0.290275 0
    outer loop
      vertex -18.9386 6.42879 90.51
      vertex -19.3185 5.17638 59.7054
      vertex -19.3185 5.17638 90.51
    endloop
  endfacet
  facet normal -0.956943 0.290275 0
    outer loop
      vertex -19.3185 5.17638 39.6177
      vertex -18.9386 6.42879 6
      vertex -19.3185 5.17638 6
    endloop
  endfacet
  facet normal -0.956943 0.290275 0
    outer loop
      vertex -18.9386 6.42879 6
      vertex -19.3185 5.17638 39.6177
      vertex -18.9386 6.42879 40.8712
    endloop
  endfacet
  facet normal -0.773003 -0.634402 0
    outer loop
      vertex -15.0368 -13.1869 6
      vertex -15.8671 -12.1752 90.51
      vertex -15.8671 -12.1752 6
    endloop
  endfacet
  facet normal -0.773003 -0.634402 0
    outer loop
      vertex -15.8671 -12.1752 90.51
      vertex -15.0368 -13.1869 6
      vertex -15.0368 -13.1869 90.51
    endloop
  endfacet
  facet normal -0.0327027 -0.999465 0
    outer loop
      vertex -1.30806 -19.9572 90.51
      vertex 0 -20 89
      vertex 0 -20 90.51
    endloop
  endfacet
  facet normal -0.0327027 -0.999465 0
    outer loop
      vertex 0 -20 89
      vertex -1.30806 -19.9572 90.51
      vertex -1.30806 -19.9572 87.6919
    endloop
  endfacet
  facet normal -0.0327027 -0.999465 0
    outer loop
      vertex -1.30806 -19.9572 6
      vertex 0 -20 67
      vertex -1.30806 -19.9572 67
    endloop
  endfacet
  facet normal -0.0327027 -0.999465 -0
    outer loop
      vertex 0 -20 67
      vertex -1.30806 -19.9572 6
      vertex 0 -20 6
    endloop
  endfacet
  facet normal 0.582474 -0.81285 0
    outer loop
      vertex 11.1114 -16.6294 6
      vertex 12.1752 -15.8671 90.51
      vertex 11.1114 -16.6294 90.51
    endloop
  endfacet
  facet normal 0.582474 -0.81285 0
    outer loop
      vertex 12.1752 -15.8671 90.51
      vertex 11.1114 -16.6294 6
      vertex 12.1752 -15.8671 6
    endloop
  endfacet
  facet normal -0.634402 -0.773003 0
    outer loop
      vertex -13.1869 -15.0368 6
      vertex -12.1752 -15.8671 90.51
      vertex -13.1869 -15.0368 90.51
    endloop
  endfacet
  facet normal -0.634402 -0.773003 -0
    outer loop
      vertex -12.1752 -15.8671 90.51
      vertex -13.1869 -15.0368 6
      vertex -12.1752 -15.8671 6
    endloop
  endfacet
  facet normal 0.290275 0.956943 -0
    outer loop
      vertex 6.42879 18.9386 6
      vertex 5.17638 19.3185 90.51
      vertex 6.42879 18.9386 90.51
    endloop
  endfacet
  facet normal 0.290275 0.956943 0
    outer loop
      vertex 5.17638 19.3185 90.51
      vertex 6.42879 18.9386 6
      vertex 5.17638 19.3185 6
    endloop
  endfacet
  facet normal -0.910873 -0.412686 0
    outer loop
      vertex -17.9375 -8.84577 6
      vertex -18.4776 -7.65367 42.0972
      vertex -18.4776 -7.65367 6
    endloop
  endfacet
  facet normal -0.910891 -0.412646 -1.57157e-06
    outer loop
      vertex -18.4776 -7.65367 42.0972
      vertex -17.9375 -8.84577 6
      vertex -18.4212 -7.77817 42.2218
    endloop
  endfacet
  facet normal -0.910849 -0.412741 1.78463e-06
    outer loop
      vertex -18.4212 -7.77817 42.2218
      vertex -17.9375 -8.84577 6
      vertex -18.0927 -8.50311 43.0217
    endloop
  endfacet
  facet normal -0.910976 -0.41246 0
    outer loop
      vertex -18 -8.70773 43.2976
      vertex -17.9375 -8.84577 6
      vertex -18 -8.70773 56.7024
    endloop
  endfacet
  facet normal -0.910885 -0.412661 8.97593e-07
    outer loop
      vertex -18.0927 -8.50311 43.0217
      vertex -17.9375 -8.84577 6
      vertex -18 -8.70773 43.2976
    endloop
  endfacet
  facet normal -0.910891 -0.412646 1.73905e-06
    outer loop
      vertex -17.9375 -8.84577 90.51
      vertex -18.4776 -7.65367 57.891
      vertex -18.4212 -7.77817 57.7782
    endloop
  endfacet
  facet normal -0.910849 -0.412741 -1.96831e-06
    outer loop
      vertex -17.9375 -8.84577 90.51
      vertex -18.4212 -7.77817 57.7782
      vertex -18.0927 -8.50311 56.9783
    endloop
  endfacet
  facet normal -0.910885 -0.412661 -9.89745e-07
    outer loop
      vertex -17.9375 -8.84577 90.51
      vertex -18.0927 -8.50311 56.9783
      vertex -18 -8.70773 56.7024
    endloop
  endfacet
  facet normal -0.910873 -0.412686 0
    outer loop
      vertex -18.4776 -7.65367 57.891
      vertex -17.9375 -8.84577 90.51
      vertex -18.4776 -7.65367 90.51
    endloop
  endfacet
  facet normal -0.910976 -0.41246 -0
    outer loop
      vertex -17.9375 -8.84577 90.51
      vertex -18 -8.70773 56.7024
      vertex -17.9375 -8.84577 6
    endloop
  endfacet
  facet normal -0.729842 0.683616 0
    outer loop
      vertex -15.0368 13.1869 6
      vertex -14.1421 14.1421 90.51
      vertex -14.1421 14.1421 6
    endloop
  endfacet
  facet normal -0.729842 0.683616 0
    outer loop
      vertex -14.1421 14.1421 90.51
      vertex -15.0368 13.1869 6
      vertex -15.0368 13.1869 90.51
    endloop
  endfacet
  facet normal -0.973864 0.227133 0
    outer loop
      vertex -19.544 4.20952 60.1627
      vertex -19.3185 5.17638 90.51
      vertex -19.3185 5.17638 59.7054
    endloop
  endfacet
  facet normal -0.97391 0.226935 6.67617e-06
    outer loop
      vertex -19.6157 3.90181 60.2728
      vertex -19.3185 5.17638 90.51
      vertex -19.544 4.20952 60.1627
    endloop
  endfacet
  facet normal -0.973875 0.227085 0
    outer loop
      vertex -19.3185 5.17638 90.51
      vertex -19.6157 3.90181 60.2728
      vertex -19.6157 3.90181 90.51
    endloop
  endfacet
  facet normal -0.973875 0.227085 0
    outer loop
      vertex -19.6157 3.90181 38.3419
      vertex -19.3185 5.17638 6
      vertex -19.6157 3.90181 6
    endloop
  endfacet
  facet normal -0.973875 0.227085 0
    outer loop
      vertex -19.3185 5.17638 6
      vertex -19.6157 3.90181 38.3419
      vertex -19.3185 5.17638 39.6177
    endloop
  endfacet
  facet normal 0.227085 0.973875 -0
    outer loop
      vertex 5.17638 19.3185 6
      vertex 3.90181 19.6157 90.51
      vertex 5.17638 19.3185 90.51
    endloop
  endfacet
  facet normal 0.227085 0.973875 0
    outer loop
      vertex 3.90181 19.6157 90.51
      vertex 5.17638 19.3185 6
      vertex 3.90181 19.6157 6
    endloop
  endfacet
  facet normal -0.849207 0.528061 0
    outer loop
      vertex -17.3205 10 6
      vertex -16.6294 11.1114 90.51
      vertex -16.6294 11.1114 6
    endloop
  endfacet
  facet normal -0.849207 0.528061 0
    outer loop
      vertex -16.6294 11.1114 90.51
      vertex -17.3205 10 6
      vertex -17.3205 10 90.51
    endloop
  endfacet
  facet normal -0.471427 0.881905 0
    outer loop
      vertex -8.84577 17.9375 6
      vertex -10 17.3205 90.51
      vertex -8.84577 17.9375 90.51
    endloop
  endfacet
  facet normal -0.471427 0.881905 0
    outer loop
      vertex -10 17.3205 90.51
      vertex -8.84577 17.9375 6
      vertex -10 17.3205 6
    endloop
  endfacet
  facet normal -0.471427 -0.881905 0
    outer loop
      vertex -10 -17.3205 6
      vertex -8.84577 -17.9375 90.51
      vertex -10 -17.3205 90.51
    endloop
  endfacet
  facet normal -0.471427 -0.881905 -0
    outer loop
      vertex -8.84577 -17.9375 90.51
      vertex -10 -17.3205 6
      vertex -8.84577 -17.9375 6
    endloop
  endfacet
  facet normal -0.935903 -0.352257 0
    outer loop
      vertex -21.7112 -8.99306 0
      vertex -22.2529 -7.55383 6
      vertex -22.2529 -7.55383 0
    endloop
  endfacet
  facet normal -0.935903 -0.352257 0
    outer loop
      vertex -22.2529 -7.55383 6
      vertex -21.7112 -8.99306 0
      vertex -21.7112 -8.99306 6
    endloop
  endfacet
  facet normal 0.999465 -0.0327092 0
    outer loop
      vertex 23.4497 -1.53697 6
      vertex 23.5 0 0
      vertex 23.5 0 6
    endloop
  endfacet
  facet normal 0.999465 -0.0327092 0
    outer loop
      vertex 23.5 0 0
      vertex 23.4497 -1.53697 6
      vertex 23.4497 -1.53697 0
    endloop
  endfacet
  facet normal 0.995187 0.0979977 0
    outer loop
      vertex 23.4497 1.53697 6
      vertex 23.299 3.06736 0
      vertex 23.299 3.06736 6
    endloop
  endfacet
  facet normal 0.995187 0.0979977 0
    outer loop
      vertex 23.299 3.06736 0
      vertex 23.4497 1.53697 6
      vertex 23.4497 1.53697 0
    endloop
  endfacet
  facet normal 0.999465 0.0327092 0
    outer loop
      vertex 23.5 0 6
      vertex 23.4497 1.53697 0
      vertex 23.4497 1.53697 6
    endloop
  endfacet
  facet normal 0.999465 0.0327092 0
    outer loop
      vertex 23.4497 1.53697 0
      vertex 23.5 0 6
      vertex 23.5 0 0
    endloop
  endfacet
  facet normal -0.973877 -0.227077 0
    outer loop
      vertex -22.6993 -6.08225 0
      vertex -23.0485 -4.58462 6
      vertex -23.0485 -4.58462 0
    endloop
  endfacet
  facet normal -0.973877 -0.227077 0
    outer loop
      vertex -23.0485 -4.58462 6
      vertex -22.6993 -6.08225 0
      vertex -22.6993 -6.08225 6
    endloop
  endfacet
  facet normal 0.582462 -0.812858 0
    outer loop
      vertex 13.0559 -19.5395 0
      vertex 14.3059 -18.6438 6
      vertex 13.0559 -19.5395 6
    endloop
  endfacet
  facet normal 0.582462 -0.812858 0
    outer loop
      vertex 14.3059 -18.6438 6
      vertex 13.0559 -19.5395 0
      vertex 14.3059 -18.6438 0
    endloop
  endfacet
  facet normal 0.772992 0.634416 0
    outer loop
      vertex 18.6438 14.3059 6
      vertex 17.6682 15.4946 0
      vertex 17.6682 15.4946 6
    endloop
  endfacet
  facet normal 0.772992 0.634416 0
    outer loop
      vertex 17.6682 15.4946 0
      vertex 18.6438 14.3059 6
      vertex 18.6438 14.3059 0
    endloop
  endfacet
  facet normal -0.528086 0.849191 0
    outer loop
      vertex -11.75 20.3516 0
      vertex -13.0559 19.5395 6
      vertex -11.75 20.3516 6
    endloop
  endfacet
  facet normal -0.528086 0.849191 0
    outer loop
      vertex -13.0559 19.5395 6
      vertex -11.75 20.3516 0
      vertex -13.0559 19.5395 0
    endloop
  endfacet
  facet normal -0.528086 -0.849191 0
    outer loop
      vertex -13.0559 -19.5395 0
      vertex -11.75 -20.3516 6
      vertex -13.0559 -19.5395 6
    endloop
  endfacet
  facet normal -0.528086 -0.849191 -0
    outer loop
      vertex -11.75 -20.3516 6
      vertex -13.0559 -19.5395 0
      vertex -11.75 -20.3516 0
    endloop
  endfacet
  facet normal 0.227077 0.973877 -0
    outer loop
      vertex 6.08225 22.6993 0
      vertex 4.58462 23.0485 6
      vertex 6.08225 22.6993 6
    endloop
  endfacet
  facet normal 0.227077 0.973877 0
    outer loop
      vertex 4.58462 23.0485 6
      vertex 6.08225 22.6993 0
      vertex 4.58462 23.0485 0
    endloop
  endfacet
  facet normal -0.986643 -0.162895 0
    outer loop
      vertex -23.0485 -4.58462 0
      vertex -23.299 -3.06736 6
      vertex -23.299 -3.06736 0
    endloop
  endfacet
  facet normal -0.986643 -0.162895 0
    outer loop
      vertex -23.299 -3.06736 6
      vertex -23.0485 -4.58462 0
      vertex -23.0485 -4.58462 6
    endloop
  endfacet
  facet normal 0.412725 -0.910856 0
    outer loop
      vertex 8.99306 -21.7112 0
      vertex 10.3938 -21.0765 6
      vertex 8.99306 -21.7112 6
    endloop
  endfacet
  facet normal 0.412725 -0.910856 0
    outer loop
      vertex 10.3938 -21.0765 6
      vertex 8.99306 -21.7112 0
      vertex 10.3938 -21.0765 0
    endloop
  endfacet
  facet normal 0.290285 -0.95694 0
    outer loop
      vertex 6.08225 -22.6993 0
      vertex 7.55383 -22.2529 6
      vertex 6.08225 -22.6993 6
    endloop
  endfacet
  facet normal 0.290285 -0.95694 0
    outer loop
      vertex 7.55383 -22.2529 6
      vertex 6.08225 -22.6993 0
      vertex 7.55383 -22.2529 0
    endloop
  endfacet
  facet normal 0.910856 -0.412725 0
    outer loop
      vertex 21.0765 -10.3938 6
      vertex 21.7112 -8.99306 0
      vertex 21.7112 -8.99306 6
    endloop
  endfacet
  facet normal 0.910856 -0.412725 0
    outer loop
      vertex 21.7112 -8.99306 0
      vertex 21.0765 -10.3938 6
      vertex 21.0765 -10.3938 0
    endloop
  endfacet
  facet normal 0.162895 -0.986643 0
    outer loop
      vertex 3.06736 -23.299 0
      vertex 4.58462 -23.0485 6
      vertex 3.06736 -23.299 6
    endloop
  endfacet
  facet normal 0.162895 -0.986643 0
    outer loop
      vertex 4.58462 -23.0485 6
      vertex 3.06736 -23.299 0
      vertex 4.58462 -23.0485 0
    endloop
  endfacet
  facet normal 0.881862 -0.471507 0
    outer loop
      vertex 21.0765 -10.3938 6
      vertex 20.9647 -10.6029 3
      vertex 21.0765 -10.3938 0
    endloop
  endfacet
  facet normal 0.881841 -0.471547 3.56512e-06
    outer loop
      vertex 21.0765 -10.3938 6
      vertex 20.9347 -10.659 3.40172
      vertex 20.9647 -10.6029 3
    endloop
  endfacet
  facet normal 0.881395 -0.47238 0.00011293
    outer loop
      vertex 21.0765 -10.3938 6
      vertex 20.931 -10.6659 3.41711
      vertex 20.9347 -10.659 3.40172
    endloop
  endfacet
  facet normal 0.881977 -0.471293 -3.44027e-05
    outer loop
      vertex 21.0765 -10.3938 6
      vertex 20.8476 -10.822 3.76412
      vertex 20.931 -10.6659 3.41711
    endloop
  endfacet
  facet normal 0.881924 -0.471391 -1.02322e-05
    outer loop
      vertex 21.0765 -10.3938 6
      vertex 20.712 -11.0757 4.05172
      vertex 20.8476 -10.822 3.76412
    endloop
  endfacet
  facet normal 0.881955 -0.471334 -3.57858e-05
    outer loop
      vertex 21.0765 -10.3938 6
      vertex 20.5411 -11.3955 4.23637
      vertex 20.712 -11.0757 4.05172
    endloop
  endfacet
  facet normal 0.881922 -0.471395 8.4253e-06
    outer loop
      vertex 20.3516 -11.75 6
      vertex 20.5411 -11.3955 4.23637
      vertex 21.0765 -10.3938 6
    endloop
  endfacet
  facet normal 0.880816 -0.473458 -0.000525113
    outer loop
      vertex 20.5411 -11.3955 4.23637
      vertex 20.3516 -11.75 6
      vertex 20.5332 -11.4102 4.239
    endloop
  endfacet
  facet normal 0.88195 -0.471342 0
    outer loop
      vertex 20.5332 -11.4102 4.239
      vertex 20.3516 -11.75 6
      vertex 20.3516 -11.75 4.3
    endloop
  endfacet
  facet normal 0.881841 -0.471547 -3.56512e-06
    outer loop
      vertex 20.9347 -10.659 2.59828
      vertex 21.0765 -10.3938 0
      vertex 20.9647 -10.6029 3
    endloop
  endfacet
  facet normal 0.881395 -0.47238 -0.00011293
    outer loop
      vertex 20.931 -10.6659 2.58289
      vertex 21.0765 -10.3938 0
      vertex 20.9347 -10.659 2.59828
    endloop
  endfacet
  facet normal 0.881977 -0.471293 3.44027e-05
    outer loop
      vertex 20.8476 -10.822 2.23588
      vertex 21.0765 -10.3938 0
      vertex 20.931 -10.6659 2.58289
    endloop
  endfacet
  facet normal 0.881924 -0.471391 1.02322e-05
    outer loop
      vertex 20.712 -11.0757 1.94828
      vertex 21.0765 -10.3938 0
      vertex 20.8476 -10.822 2.23588
    endloop
  endfacet
  facet normal 0.881955 -0.471334 3.57858e-05
    outer loop
      vertex 20.5411 -11.3955 1.76363
      vertex 21.0765 -10.3938 0
      vertex 20.712 -11.0757 1.94828
    endloop
  endfacet
  facet normal 0.880816 -0.473458 0.000525113
    outer loop
      vertex 20.3516 -11.75 0
      vertex 20.5411 -11.3955 1.76363
      vertex 20.5332 -11.4102 1.761
    endloop
  endfacet
  facet normal 0.88195 -0.471342 0
    outer loop
      vertex 20.3516 -11.75 0
      vertex 20.5332 -11.4102 1.761
      vertex 20.3516 -11.75 1.7
    endloop
  endfacet
  facet normal 0.881922 -0.471395 -8.4253e-06
    outer loop
      vertex 20.5411 -11.3955 1.76363
      vertex 20.3516 -11.75 0
      vertex 21.0765 -10.3938 0
    endloop
  endfacet
  facet normal -0.973877 0.227077 0
    outer loop
      vertex -23.0485 4.58462 0
      vertex -22.6993 6.08225 6
      vertex -22.6993 6.08225 0
    endloop
  endfacet
  facet normal -0.973877 0.227077 0
    outer loop
      vertex -22.6993 6.08225 6
      vertex -23.0485 4.58462 0
      vertex -23.0485 4.58462 6
    endloop
  endfacet
  facet normal 0.910856 0.412725 0
    outer loop
      vertex 21.7112 8.99306 6
      vertex 21.0765 10.3938 0
      vertex 21.0765 10.3938 6
    endloop
  endfacet
  facet normal 0.910856 0.412725 0
    outer loop
      vertex 21.0765 10.3938 0
      vertex 21.7112 8.99306 6
      vertex 21.7112 8.99306 0
    endloop
  endfacet
  facet normal 0.471395 0.881922 -0
    outer loop
      vertex 11.75 20.3516 0
      vertex 10.3938 21.0765 6
      vertex 11.75 20.3516 6
    endloop
  endfacet
  facet normal 0.471395 0.881922 0
    outer loop
      vertex 10.3938 21.0765 6
      vertex 11.75 20.3516 0
      vertex 10.3938 21.0765 0
    endloop
  endfacet
  facet normal -0.999465 0.0327092 0
    outer loop
      vertex -23.5 0 0
      vertex -23.4497 1.53697 6
      vertex -23.4497 1.53697 0
    endloop
  endfacet
  facet normal -0.999465 0.0327092 0
    outer loop
      vertex -23.4497 1.53697 6
      vertex -23.5 0 0
      vertex -23.5 0 6
    endloop
  endfacet
  facet normal -0.471395 0.881922 0
    outer loop
      vertex -10.3938 21.0765 0
      vertex -11.75 20.3516 6
      vertex -10.3938 21.0765 6
    endloop
  endfacet
  facet normal -0.471395 0.881922 0
    outer loop
      vertex -11.75 20.3516 6
      vertex -10.3938 21.0765 0
      vertex -11.75 20.3516 0
    endloop
  endfacet
  facet normal -0.582462 0.812858 0
    outer loop
      vertex -13.0559 19.5395 0
      vertex -14.3059 18.6438 6
      vertex -13.0559 19.5395 6
    endloop
  endfacet
  facet normal -0.582462 0.812858 0
    outer loop
      vertex -14.3059 18.6438 6
      vertex -13.0559 19.5395 0
      vertex -14.3059 18.6438 0
    endloop
  endfacet
  facet normal -0.227077 0.973877 0
    outer loop
      vertex -4.58462 23.0485 0
      vertex -6.08225 22.6993 6
      vertex -4.58462 23.0485 6
    endloop
  endfacet
  facet normal -0.227077 0.973877 0
    outer loop
      vertex -6.08225 22.6993 6
      vertex -4.58462 23.0485 0
      vertex -6.08225 22.6993 0
    endloop
  endfacet
  facet normal 0.0327092 -0.999465 0
    outer loop
      vertex 0 -23.5 0
      vertex 1.53697 -23.4497 6
      vertex 0 -23.5 6
    endloop
  endfacet
  facet normal 0.0327092 -0.999465 0
    outer loop
      vertex 1.53697 -23.4497 6
      vertex 0 -23.5 0
      vertex 1.53697 -23.4497 0
    endloop
  endfacet
  facet normal -0.0979977 -0.995187 0
    outer loop
      vertex -3.06736 -23.299 0
      vertex -1.53697 -23.4497 6
      vertex -3.06736 -23.299 6
    endloop
  endfacet
  facet normal -0.0979977 -0.995187 -0
    outer loop
      vertex -1.53697 -23.4497 6
      vertex -3.06736 -23.299 0
      vertex -1.53697 -23.4497 0
    endloop
  endfacet
  facet normal 0.582462 0.812858 -0
    outer loop
      vertex 14.3059 18.6438 0
      vertex 13.0559 19.5395 6
      vertex 14.3059 18.6438 6
    endloop
  endfacet
  facet normal 0.582462 0.812858 0
    outer loop
      vertex 13.0559 19.5395 6
      vertex 14.3059 18.6438 0
      vertex 13.0559 19.5395 0
    endloop
  endfacet
  facet normal 0.471395 -0.881922 0
    outer loop
      vertex 10.3938 -21.0765 0
      vertex 11.75 -20.3516 6
      vertex 10.3938 -21.0765 6
    endloop
  endfacet
  facet normal 0.471395 -0.881922 0
    outer loop
      vertex 11.75 -20.3516 6
      vertex 10.3938 -21.0765 0
      vertex 11.75 -20.3516 0
    endloop
  endfacet
  facet normal -0.910856 -0.412725 0
    outer loop
      vertex -21.0765 -10.3938 0
      vertex -21.7112 -8.99306 6
      vertex -21.7112 -8.99306 0
    endloop
  endfacet
  facet normal -0.910856 -0.412725 0
    outer loop
      vertex -21.7112 -8.99306 6
      vertex -21.0765 -10.3938 0
      vertex -21.0765 -10.3938 6
    endloop
  endfacet
  facet normal -0.634416 -0.772992 0
    outer loop
      vertex -15.4946 -17.6682 0
      vertex -14.3059 -18.6438 6
      vertex -15.4946 -17.6682 6
    endloop
  endfacet
  facet normal -0.634416 -0.772992 -0
    outer loop
      vertex -14.3059 -18.6438 6
      vertex -15.4946 -17.6682 0
      vertex -14.3059 -18.6438 0
    endloop
  endfacet
  facet normal 0.935903 -0.352257 0
    outer loop
      vertex 21.7112 -8.99306 6
      vertex 22.2529 -7.55383 0
      vertex 22.2529 -7.55383 6
    endloop
  endfacet
  facet normal 0.935903 -0.352257 0
    outer loop
      vertex 22.2529 -7.55383 0
      vertex 21.7112 -8.99306 6
      vertex 21.7112 -8.99306 0
    endloop
  endfacet
  facet normal -0.352257 -0.935903 0
    outer loop
      vertex -8.99306 -21.7112 0
      vertex -7.55383 -22.2529 6
      vertex -8.99306 -21.7112 6
    endloop
  endfacet
  facet normal -0.352257 -0.935903 -0
    outer loop
      vertex -7.55383 -22.2529 6
      vertex -8.99306 -21.7112 0
      vertex -7.55383 -22.2529 0
    endloop
  endfacet
  facet normal 0.973877 -0.227077 0
    outer loop
      vertex 22.6993 -6.08225 6
      vertex 23.0485 -4.58462 0
      vertex 23.0485 -4.58462 6
    endloop
  endfacet
  facet normal 0.973877 -0.227077 0
    outer loop
      vertex 23.0485 -4.58462 0
      vertex 22.6993 -6.08225 6
      vertex 22.6993 -6.08225 0
    endloop
  endfacet
  facet normal 0.881922 0.471395 0
    outer loop
      vertex 21.0765 10.3938 6
      vertex 20.3516 11.75 0
      vertex 20.3516 11.75 6
    endloop
  endfacet
  facet normal 0.881922 0.471395 0
    outer loop
      vertex 20.3516 11.75 0
      vertex 21.0765 10.3938 6
      vertex 21.0765 10.3938 0
    endloop
  endfacet
  facet normal -0.634416 0.772992 0
    outer loop
      vertex -14.3059 18.6438 0
      vertex -15.4946 17.6682 6
      vertex -14.3059 18.6438 6
    endloop
  endfacet
  facet normal -0.634416 0.772992 0
    outer loop
      vertex -15.4946 17.6682 6
      vertex -14.3059 18.6438 0
      vertex -15.4946 17.6682 0
    endloop
  endfacet
  facet normal 0.352257 -0.935903 0
    outer loop
      vertex 7.55383 -22.2529 0
      vertex 8.99306 -21.7112 6
      vertex 7.55383 -22.2529 6
    endloop
  endfacet
  facet normal 0.352257 -0.935903 0
    outer loop
      vertex 8.99306 -21.7112 6
      vertex 7.55383 -22.2529 0
      vertex 8.99306 -21.7112 0
    endloop
  endfacet
  facet normal 0.935903 0.352257 0
    outer loop
      vertex 22.2529 7.55383 6
      vertex 21.7112 8.99306 0
      vertex 21.7112 8.99306 6
    endloop
  endfacet
  facet normal 0.935903 0.352257 0
    outer loop
      vertex 21.7112 8.99306 0
      vertex 22.2529 7.55383 6
      vertex 22.2529 7.55383 0
    endloop
  endfacet
  facet normal 0.683578 -0.729878 0
    outer loop
      vertex 15.4946 -17.6682 0
      vertex 16.617 -16.617 6
      vertex 15.4946 -17.6682 6
    endloop
  endfacet
  facet normal 0.683578 -0.729878 0
    outer loop
      vertex 16.617 -16.617 6
      vertex 15.4946 -17.6682 0
      vertex 16.617 -16.617 0
    endloop
  endfacet
  facet normal -0.0979977 0.995187 0
    outer loop
      vertex -1.53697 23.4497 0
      vertex -3.06736 23.299 6
      vertex -1.53697 23.4497 6
    endloop
  endfacet
  facet normal -0.0979977 0.995187 0
    outer loop
      vertex -3.06736 23.299 6
      vertex -1.53697 23.4497 0
      vertex -3.06736 23.299 0
    endloop
  endfacet
  facet normal 0.95694 -0.290285 0
    outer loop
      vertex 22.2529 -7.55383 6
      vertex 22.6993 -6.08225 0
      vertex 22.6993 -6.08225 6
    endloop
  endfacet
  facet normal 0.95694 -0.290285 0
    outer loop
      vertex 22.6993 -6.08225 0
      vertex 22.2529 -7.55383 6
      vertex 22.2529 -7.55383 0
    endloop
  endfacet
  facet normal 0.986643 -0.162895 0
    outer loop
      vertex 23.0485 -4.58462 6
      vertex 23.299 -3.06736 0
      vertex 23.299 -3.06736 6
    endloop
  endfacet
  facet normal 0.986643 -0.162895 0
    outer loop
      vertex 23.299 -3.06736 0
      vertex 23.0485 -4.58462 6
      vertex 23.0485 -4.58462 0
    endloop
  endfacet
  facet normal -0.412725 0.910856 0
    outer loop
      vertex -8.99306 21.7112 0
      vertex -10.3938 21.0765 6
      vertex -8.99306 21.7112 6
    endloop
  endfacet
  facet normal -0.412725 0.910856 0
    outer loop
      vertex -10.3938 21.0765 6
      vertex -8.99306 21.7112 0
      vertex -10.3938 21.0765 0
    endloop
  endfacet
  facet normal -0.910856 0.412725 0
    outer loop
      vertex -21.7112 8.99306 0
      vertex -21.0765 10.3938 6
      vertex -21.0765 10.3938 0
    endloop
  endfacet
  facet normal -0.910856 0.412725 0
    outer loop
      vertex -21.0765 10.3938 6
      vertex -21.7112 8.99306 0
      vertex -21.7112 8.99306 6
    endloop
  endfacet
  facet normal 0.528086 -0.849191 0
    outer loop
      vertex 11.75 -20.3516 0
      vertex 13.0559 -19.5395 6
      vertex 11.75 -20.3516 6
    endloop
  endfacet
  facet normal 0.528086 -0.849191 0
    outer loop
      vertex 13.0559 -19.5395 6
      vertex 11.75 -20.3516 0
      vertex 13.0559 -19.5395 0
    endloop
  endfacet
  facet normal 0.729878 0.683578 0
    outer loop
      vertex 17.6682 15.4946 6
      vertex 16.617 16.617 0
      vertex 16.617 16.617 6
    endloop
  endfacet
  facet normal 0.729878 0.683578 0
    outer loop
      vertex 16.617 16.617 0
      vertex 17.6682 15.4946 6
      vertex 17.6682 15.4946 0
    endloop
  endfacet
  facet normal 0.528086 0.849191 -0
    outer loop
      vertex 13.0559 19.5395 0
      vertex 11.75 20.3516 6
      vertex 13.0559 19.5395 6
    endloop
  endfacet
  facet normal 0.528086 0.849191 0
    outer loop
      vertex 11.75 20.3516 6
      vertex 13.0559 19.5395 0
      vertex 11.75 20.3516 0
    endloop
  endfacet
  facet normal -0.812858 0.582462 0
    outer loop
      vertex -19.5395 13.0559 0
      vertex -18.6438 14.3059 6
      vertex -18.6438 14.3059 0
    endloop
  endfacet
  facet normal -0.812858 0.582462 0
    outer loop
      vertex -18.6438 14.3059 6
      vertex -19.5395 13.0559 0
      vertex -19.5395 13.0559 6
    endloop
  endfacet
  facet normal 0.849191 0.528086 0
    outer loop
      vertex 20.3516 11.75 6
      vertex 19.5395 13.0559 0
      vertex 19.5395 13.0559 6
    endloop
  endfacet
  facet normal 0.849191 0.528086 0
    outer loop
      vertex 19.5395 13.0559 0
      vertex 20.3516 11.75 6
      vertex 20.3516 11.75 0
    endloop
  endfacet
  facet normal 0.95694 0.290285 0
    outer loop
      vertex 22.6993 6.08225 6
      vertex 22.2529 7.55383 0
      vertex 22.2529 7.55383 6
    endloop
  endfacet
  facet normal 0.95694 0.290285 0
    outer loop
      vertex 22.2529 7.55383 0
      vertex 22.6993 6.08225 6
      vertex 22.6993 6.08225 0
    endloop
  endfacet
  facet normal -0.999465 -0.0327092 0
    outer loop
      vertex -23.4497 -1.53697 0
      vertex -23.5 0 6
      vertex -23.5 0 0
    endloop
  endfacet
  facet normal -0.999465 -0.0327092 0
    outer loop
      vertex -23.5 0 6
      vertex -23.4497 -1.53697 0
      vertex -23.4497 -1.53697 6
    endloop
  endfacet
  facet normal 0.352257 0.935903 -0
    outer loop
      vertex 8.99306 21.7112 0
      vertex 7.55383 22.2529 6
      vertex 8.99306 21.7112 6
    endloop
  endfacet
  facet normal 0.352257 0.935903 0
    outer loop
      vertex 7.55383 22.2529 6
      vertex 8.99306 21.7112 0
      vertex 7.55383 22.2529 0
    endloop
  endfacet
  facet normal -0.412725 -0.910856 0
    outer loop
      vertex -10.3938 -21.0765 0
      vertex -8.99306 -21.7112 6
      vertex -10.3938 -21.0765 6
    endloop
  endfacet
  facet normal -0.412725 -0.910856 -0
    outer loop
      vertex -8.99306 -21.7112 6
      vertex -10.3938 -21.0765 0
      vertex -8.99306 -21.7112 0
    endloop
  endfacet
  facet normal 0.729878 -0.683578 0
    outer loop
      vertex 16.617 -16.617 6
      vertex 17.6682 -15.4946 0
      vertex 17.6682 -15.4946 6
    endloop
  endfacet
  facet normal 0.729878 -0.683578 0
    outer loop
      vertex 17.6682 -15.4946 0
      vertex 16.617 -16.617 6
      vertex 16.617 -16.617 0
    endloop
  endfacet
  facet normal 0.227077 -0.973877 0
    outer loop
      vertex 4.58462 -23.0485 0
      vertex 6.08225 -22.6993 6
      vertex 4.58462 -23.0485 6
    endloop
  endfacet
  facet normal 0.227077 -0.973877 0
    outer loop
      vertex 6.08225 -22.6993 6
      vertex 4.58462 -23.0485 0
      vertex 6.08225 -22.6993 0
    endloop
  endfacet
  facet normal -0.812858 -0.582462 0
    outer loop
      vertex -18.6438 -14.3059 0
      vertex -19.5395 -13.0559 6
      vertex -19.5395 -13.0559 0
    endloop
  endfacet
  facet normal -0.812858 -0.582462 0
    outer loop
      vertex -19.5395 -13.0559 6
      vertex -18.6438 -14.3059 0
      vertex -18.6438 -14.3059 6
    endloop
  endfacet
  facet normal -0.582462 -0.812858 0
    outer loop
      vertex -14.3059 -18.6438 0
      vertex -13.0559 -19.5395 6
      vertex -14.3059 -18.6438 6
    endloop
  endfacet
  facet normal -0.582462 -0.812858 -0
    outer loop
      vertex -13.0559 -19.5395 6
      vertex -14.3059 -18.6438 0
      vertex -13.0559 -19.5395 0
    endloop
  endfacet
  facet normal 0.412725 0.910856 -0
    outer loop
      vertex 10.3938 21.0765 0
      vertex 8.99306 21.7112 6
      vertex 10.3938 21.0765 6
    endloop
  endfacet
  facet normal 0.412725 0.910856 0
    outer loop
      vertex 8.99306 21.7112 6
      vertex 10.3938 21.0765 0
      vertex 8.99306 21.7112 0
    endloop
  endfacet
  facet normal 0.0979977 -0.995187 0
    outer loop
      vertex 1.53697 -23.4497 0
      vertex 3.06736 -23.299 6
      vertex 1.53697 -23.4497 6
    endloop
  endfacet
  facet normal 0.0979977 -0.995187 0
    outer loop
      vertex 3.06736 -23.299 6
      vertex 1.53697 -23.4497 0
      vertex 3.06736 -23.299 0
    endloop
  endfacet
  facet normal 0.0979977 0.995187 -0
    outer loop
      vertex 3.06736 23.299 0
      vertex 1.53697 23.4497 6
      vertex 3.06736 23.299 6
    endloop
  endfacet
  facet normal 0.0979977 0.995187 0
    outer loop
      vertex 1.53697 23.4497 6
      vertex 3.06736 23.299 0
      vertex 1.53697 23.4497 0
    endloop
  endfacet
  facet normal -0.95694 0.290285 0
    outer loop
      vertex -22.6993 6.08225 0
      vertex -22.2529 7.55383 6
      vertex -22.2529 7.55383 0
    endloop
  endfacet
  facet normal -0.95694 0.290285 0
    outer loop
      vertex -22.2529 7.55383 6
      vertex -22.6993 6.08225 0
      vertex -22.6993 6.08225 6
    endloop
  endfacet
  facet normal -0.162895 0.986643 0
    outer loop
      vertex -3.06736 23.299 0
      vertex -4.58462 23.0485 6
      vertex -3.06736 23.299 6
    endloop
  endfacet
  facet normal -0.162895 0.986643 0
    outer loop
      vertex -4.58462 23.0485 6
      vertex -3.06736 23.299 0
      vertex -4.58462 23.0485 0
    endloop
  endfacet
  facet normal -0.290285 -0.95694 0
    outer loop
      vertex -7.55383 -22.2529 0
      vertex -6.08225 -22.6993 6
      vertex -7.55383 -22.2529 6
    endloop
  endfacet
  facet normal -0.290285 -0.95694 -0
    outer loop
      vertex -6.08225 -22.6993 6
      vertex -7.55383 -22.2529 0
      vertex -6.08225 -22.6993 0
    endloop
  endfacet
  facet normal -0.162895 -0.986643 0
    outer loop
      vertex -4.58462 -23.0485 0
      vertex -3.06736 -23.299 6
      vertex -4.58462 -23.0485 6
    endloop
  endfacet
  facet normal -0.162895 -0.986643 -0
    outer loop
      vertex -3.06736 -23.299 6
      vertex -4.58462 -23.0485 0
      vertex -3.06736 -23.299 0
    endloop
  endfacet
  facet normal 0.683578 0.729878 -0
    outer loop
      vertex 16.617 16.617 0
      vertex 15.4946 17.6682 6
      vertex 16.617 16.617 6
    endloop
  endfacet
  facet normal 0.683578 0.729878 0
    outer loop
      vertex 15.4946 17.6682 6
      vertex 16.617 16.617 0
      vertex 15.4946 17.6682 0
    endloop
  endfacet
  facet normal -0.0328408 0.999461 0
    outer loop
      vertex -0.401722 23.4868 4.23637
      vertex 0 23.5 6
      vertex 0 23.5 4.3
    endloop
  endfacet
  facet normal -0.0327092 0.999465 -3.0009e-05
    outer loop
      vertex 0 23.5 6
      vertex -0.401722 23.4868 4.23637
      vertex -1.53697 23.4497 6
    endloop
  endfacet
  facet normal -0.032573 0.999469 5.77471e-05
    outer loop
      vertex -0.76412 23.475 4.05172
      vertex -1.53697 23.4497 6
      vertex -0.401722 23.4868 4.23637
    endloop
  endfacet
  facet normal -0.0326815 0.999466 1.4674e-05
    outer loop
      vertex -1.05172 23.4656 3.76412
      vertex -1.53697 23.4497 6
      vertex -0.76412 23.475 4.05172
    endloop
  endfacet
  facet normal -0.0329373 0.999457 -4.08978e-05
    outer loop
      vertex -1.23637 23.4595 3.40172
      vertex -1.53697 23.4497 6
      vertex -1.05172 23.4656 3.76412
    endloop
  endfacet
  facet normal -0.032816 0.999461 -2.68516e-05
    outer loop
      vertex -1.3 23.4574 3
      vertex -1.53697 23.4497 6
      vertex -1.23637 23.4595 3.40172
    endloop
  endfacet
  facet normal -0.0328408 0.999461 0
    outer loop
      vertex 0 23.5 0
      vertex -0.401722 23.4868 1.76363
      vertex 0 23.5 1.7
    endloop
  endfacet
  facet normal -0.0327092 0.999465 3.0009e-05
    outer loop
      vertex -1.53697 23.4497 0
      vertex -0.401722 23.4868 1.76363
      vertex 0 23.5 0
    endloop
  endfacet
  facet normal -0.032573 0.999469 -5.77471e-05
    outer loop
      vertex -0.401722 23.4868 1.76363
      vertex -1.53697 23.4497 0
      vertex -0.76412 23.475 1.94828
    endloop
  endfacet
  facet normal -0.0326815 0.999466 -1.4674e-05
    outer loop
      vertex -0.76412 23.475 1.94828
      vertex -1.53697 23.4497 0
      vertex -1.05172 23.4656 2.23588
    endloop
  endfacet
  facet normal -0.0324764 0.999473 0
    outer loop
      vertex -1.3 23.4574 3
      vertex -1.53697 23.4497 0
      vertex -1.53697 23.4497 6
    endloop
  endfacet
  facet normal -0.032816 0.999461 2.68516e-05
    outer loop
      vertex -1.23637 23.4595 2.59828
      vertex -1.53697 23.4497 0
      vertex -1.3 23.4574 3
    endloop
  endfacet
  facet normal -0.0329373 0.999457 4.08978e-05
    outer loop
      vertex -1.05172 23.4656 2.23588
      vertex -1.53697 23.4497 0
      vertex -1.23637 23.4595 2.59828
    endloop
  endfacet
  facet normal 0.995187 -0.0979977 0
    outer loop
      vertex 23.299 -3.06736 6
      vertex 23.4497 -1.53697 0
      vertex 23.4497 -1.53697 6
    endloop
  endfacet
  facet normal 0.995187 -0.0979977 0
    outer loop
      vertex 23.4497 -1.53697 0
      vertex 23.299 -3.06736 6
      vertex 23.299 -3.06736 0
    endloop
  endfacet
  facet normal 0.0327092 0.999465 -3.0009e-05
    outer loop
      vertex 0.401722 23.4868 4.23637
      vertex 0 23.5 6
      vertex 1.53697 23.4497 6
    endloop
  endfacet
  facet normal 0.0328408 0.999461 0
    outer loop
      vertex 0 23.5 6
      vertex 0.401722 23.4868 4.23637
      vertex 0 23.5 4.3
    endloop
  endfacet
  facet normal 0.032573 0.999469 5.77471e-05
    outer loop
      vertex 1.53697 23.4497 6
      vertex 0.76412 23.475 4.05172
      vertex 0.401722 23.4868 4.23637
    endloop
  endfacet
  facet normal 0.0326815 0.999466 1.4674e-05
    outer loop
      vertex 1.53697 23.4497 6
      vertex 1.05172 23.4656 3.76412
      vertex 0.76412 23.475 4.05172
    endloop
  endfacet
  facet normal 0.0329373 0.999457 -4.08978e-05
    outer loop
      vertex 1.53697 23.4497 6
      vertex 1.23637 23.4595 3.40172
      vertex 1.05172 23.4656 3.76412
    endloop
  endfacet
  facet normal 0.032816 0.999461 -2.68516e-05
    outer loop
      vertex 1.53697 23.4497 6
      vertex 1.3 23.4574 3
      vertex 1.23637 23.4595 3.40172
    endloop
  endfacet
  facet normal 0.0324764 0.999473 -0
    outer loop
      vertex 1.53697 23.4497 0
      vertex 1.3 23.4574 3
      vertex 1.53697 23.4497 6
    endloop
  endfacet
  facet normal 0.032816 0.999461 2.68516e-05
    outer loop
      vertex 1.53697 23.4497 0
      vertex 1.23637 23.4595 2.59828
      vertex 1.3 23.4574 3
    endloop
  endfacet
  facet normal 0.0329373 0.999457 4.08978e-05
    outer loop
      vertex 1.53697 23.4497 0
      vertex 1.05172 23.4656 2.23588
      vertex 1.23637 23.4595 2.59828
    endloop
  endfacet
  facet normal 0.0326815 0.999466 -1.4674e-05
    outer loop
      vertex 1.53697 23.4497 0
      vertex 0.76412 23.475 1.94828
      vertex 1.05172 23.4656 2.23588
    endloop
  endfacet
  facet normal 0.032573 0.999469 -5.77471e-05
    outer loop
      vertex 1.53697 23.4497 0
      vertex 0.401722 23.4868 1.76363
      vertex 0.76412 23.475 1.94828
    endloop
  endfacet
  facet normal 0.0327092 0.999465 3.0009e-05
    outer loop
      vertex 0 23.5 0
      vertex 0.401722 23.4868 1.76363
      vertex 1.53697 23.4497 0
    endloop
  endfacet
  facet normal 0.0328408 0.999461 0
    outer loop
      vertex 0.401722 23.4868 1.76363
      vertex 0 23.5 0
      vertex 0 23.5 1.7
    endloop
  endfacet
  facet normal -0.683578 0.729878 0
    outer loop
      vertex -15.4946 17.6682 0
      vertex -16.617 16.617 6
      vertex -15.4946 17.6682 6
    endloop
  endfacet
  facet normal -0.683578 0.729878 0
    outer loop
      vertex -16.617 16.617 6
      vertex -15.4946 17.6682 0
      vertex -16.617 16.617 0
    endloop
  endfacet
  facet normal -0.995187 0.0979977 0
    outer loop
      vertex -23.4497 1.53697 0
      vertex -23.299 3.06736 6
      vertex -23.299 3.06736 0
    endloop
  endfacet
  facet normal -0.995187 0.0979977 0
    outer loop
      vertex -23.299 3.06736 6
      vertex -23.4497 1.53697 0
      vertex -23.4497 1.53697 6
    endloop
  endfacet
  facet normal 0.812858 -0.582462 0
    outer loop
      vertex 18.6438 -14.3059 6
      vertex 19.5395 -13.0559 0
      vertex 19.5395 -13.0559 6
    endloop
  endfacet
  facet normal 0.812858 -0.582462 0
    outer loop
      vertex 19.5395 -13.0559 0
      vertex 18.6438 -14.3059 6
      vertex 18.6438 -14.3059 0
    endloop
  endfacet
  facet normal 0.634416 0.772992 -0
    outer loop
      vertex 15.4946 17.6682 0
      vertex 14.3059 18.6438 6
      vertex 15.4946 17.6682 6
    endloop
  endfacet
  facet normal 0.634416 0.772992 0
    outer loop
      vertex 14.3059 18.6438 6
      vertex 15.4946 17.6682 0
      vertex 14.3059 18.6438 0
    endloop
  endfacet
  facet normal 0.772992 -0.634416 0
    outer loop
      vertex 17.6682 -15.4946 6
      vertex 18.6438 -14.3059 0
      vertex 18.6438 -14.3059 6
    endloop
  endfacet
  facet normal 0.772992 -0.634416 0
    outer loop
      vertex 18.6438 -14.3059 0
      vertex 17.6682 -15.4946 6
      vertex 17.6682 -15.4946 0
    endloop
  endfacet
  facet normal -0.683578 -0.729878 0
    outer loop
      vertex -16.617 -16.617 0
      vertex -15.4946 -17.6682 6
      vertex -16.617 -16.617 6
    endloop
  endfacet
  facet normal -0.683578 -0.729878 -0
    outer loop
      vertex -15.4946 -17.6682 6
      vertex -16.617 -16.617 0
      vertex -15.4946 -17.6682 0
    endloop
  endfacet
  facet normal 0.162895 0.986643 -0
    outer loop
      vertex 4.58462 23.0485 0
      vertex 3.06736 23.299 6
      vertex 4.58462 23.0485 6
    endloop
  endfacet
  facet normal 0.162895 0.986643 0
    outer loop
      vertex 3.06736 23.299 6
      vertex 4.58462 23.0485 0
      vertex 3.06736 23.299 0
    endloop
  endfacet
  facet normal -0.352257 0.935903 0
    outer loop
      vertex -7.55383 22.2529 0
      vertex -8.99306 21.7112 6
      vertex -7.55383 22.2529 6
    endloop
  endfacet
  facet normal -0.352257 0.935903 0
    outer loop
      vertex -8.99306 21.7112 6
      vertex -7.55383 22.2529 0
      vertex -8.99306 21.7112 0
    endloop
  endfacet
  facet normal 0.812858 0.582462 0
    outer loop
      vertex 19.5395 13.0559 6
      vertex 18.6438 14.3059 0
      vertex 18.6438 14.3059 6
    endloop
  endfacet
  facet normal 0.812858 0.582462 0
    outer loop
      vertex 18.6438 14.3059 0
      vertex 19.5395 13.0559 6
      vertex 19.5395 13.0559 0
    endloop
  endfacet
  facet normal -0.986643 0.162895 0
    outer loop
      vertex -23.299 3.06736 0
      vertex -23.0485 4.58462 6
      vertex -23.0485 4.58462 0
    endloop
  endfacet
  facet normal -0.986643 0.162895 0
    outer loop
      vertex -23.0485 4.58462 6
      vertex -23.299 3.06736 0
      vertex -23.299 3.06736 6
    endloop
  endfacet
  facet normal -0.95694 -0.290285 0
    outer loop
      vertex -22.2529 -7.55383 0
      vertex -22.6993 -6.08225 6
      vertex -22.6993 -6.08225 0
    endloop
  endfacet
  facet normal -0.95694 -0.290285 0
    outer loop
      vertex -22.6993 -6.08225 6
      vertex -22.2529 -7.55383 0
      vertex -22.2529 -7.55383 6
    endloop
  endfacet
  facet normal 0.973877 0.227077 0
    outer loop
      vertex 23.0485 4.58462 6
      vertex 22.6993 6.08225 0
      vertex 22.6993 6.08225 6
    endloop
  endfacet
  facet normal 0.973877 0.227077 0
    outer loop
      vertex 22.6993 6.08225 0
      vertex 23.0485 4.58462 6
      vertex 23.0485 4.58462 0
    endloop
  endfacet
  facet normal -0.290285 0.95694 0
    outer loop
      vertex -6.08225 22.6993 0
      vertex -7.55383 22.2529 6
      vertex -6.08225 22.6993 6
    endloop
  endfacet
  facet normal -0.290285 0.95694 0
    outer loop
      vertex -7.55383 22.2529 6
      vertex -6.08225 22.6993 0
      vertex -7.55383 22.2529 0
    endloop
  endfacet
  facet normal -0.772992 0.634416 0
    outer loop
      vertex -18.6438 14.3059 0
      vertex -17.6682 15.4946 6
      vertex -17.6682 15.4946 0
    endloop
  endfacet
  facet normal -0.772992 0.634416 0
    outer loop
      vertex -17.6682 15.4946 6
      vertex -18.6438 14.3059 0
      vertex -18.6438 14.3059 6
    endloop
  endfacet
  facet normal 0.986643 0.162895 0
    outer loop
      vertex 23.299 3.06736 6
      vertex 23.0485 4.58462 0
      vertex 23.0485 4.58462 6
    endloop
  endfacet
  facet normal 0.986643 0.162895 0
    outer loop
      vertex 23.0485 4.58462 0
      vertex 23.299 3.06736 6
      vertex 23.299 3.06736 0
    endloop
  endfacet
  facet normal 0.634416 -0.772992 0
    outer loop
      vertex 14.3059 -18.6438 0
      vertex 15.4946 -17.6682 6
      vertex 14.3059 -18.6438 6
    endloop
  endfacet
  facet normal 0.634416 -0.772992 0
    outer loop
      vertex 15.4946 -17.6682 6
      vertex 14.3059 -18.6438 0
      vertex 15.4946 -17.6682 0
    endloop
  endfacet
  facet normal -0.729878 -0.683578 0
    outer loop
      vertex -16.617 -16.617 0
      vertex -17.6682 -15.4946 6
      vertex -17.6682 -15.4946 0
    endloop
  endfacet
  facet normal -0.729878 -0.683578 0
    outer loop
      vertex -17.6682 -15.4946 6
      vertex -16.617 -16.617 0
      vertex -16.617 -16.617 6
    endloop
  endfacet
  facet normal -0.849129 -0.528186 0
    outer loop
      vertex -20.3516 -11.75 0
      vertex -20.1393 -12.0913 1.76363
      vertex -20.3516 -11.75 1.7
    endloop
  endfacet
  facet normal -0.849191 -0.528086 2.6857e-05
    outer loop
      vertex -19.5395 -13.0559 0
      vertex -20.1393 -12.0913 1.76363
      vertex -20.3516 -11.75 0
    endloop
  endfacet
  facet normal -0.849265 -0.527967 -6.35711e-05
    outer loop
      vertex -20.1393 -12.0913 1.76363
      vertex -19.5395 -13.0559 0
      vertex -19.9479 -12.3992 1.94828
    endloop
  endfacet
  facet normal -0.849171 -0.528118 6.94633e-06
    outer loop
      vertex -19.9479 -12.3992 1.94828
      vertex -19.5395 -13.0559 0
      vertex -19.7959 -12.6436 2.23588
    endloop
  endfacet
  facet normal -0.849199 -0.528074 -4.36213e-06
    outer loop
      vertex -19.7959 -12.6436 2.23588
      vertex -19.5395 -13.0559 0
      vertex -19.7025 -12.7938 2.58289
    endloop
  endfacet
  facet normal -0.842455 -0.538765 0.00143736
    outer loop
      vertex -19.5395 -13.0559 0
      vertex -19.6969 -12.8028 2.61534
      vertex -19.6984 -12.8005 2.59828
    endloop
  endfacet
  facet normal -0.849243 -0.528002 -1.27661e-05
    outer loop
      vertex -19.6969 -12.8028 2.61534
      vertex -19.5395 -13.0559 0
      vertex -19.6647 -12.8546 3
    endloop
  endfacet
  facet normal -0.852252 -0.523132 -0.000698525
    outer loop
      vertex -19.7025 -12.7938 2.58289
      vertex -19.5395 -13.0559 0
      vertex -19.6984 -12.8005 2.59828
    endloop
  endfacet
  facet normal -0.849129 -0.528186 0
    outer loop
      vertex -20.1393 -12.0913 4.23637
      vertex -20.3516 -11.75 6
      vertex -20.3516 -11.75 4.3
    endloop
  endfacet
  facet normal -0.849265 -0.527967 6.35711e-05
    outer loop
      vertex -19.5395 -13.0559 6
      vertex -20.1393 -12.0913 4.23637
      vertex -19.9479 -12.3992 4.05172
    endloop
  endfacet
  facet normal -0.849171 -0.528118 -6.94633e-06
    outer loop
      vertex -19.5395 -13.0559 6
      vertex -19.9479 -12.3992 4.05172
      vertex -19.7959 -12.6436 3.76412
    endloop
  endfacet
  facet normal -0.849199 -0.528074 4.36213e-06
    outer loop
      vertex -19.5395 -13.0559 6
      vertex -19.7959 -12.6436 3.76412
      vertex -19.7025 -12.7938 3.41711
    endloop
  endfacet
  facet normal -0.852252 -0.523132 0.000698525
    outer loop
      vertex -19.5395 -13.0559 6
      vertex -19.7025 -12.7938 3.41711
      vertex -19.6984 -12.8005 3.40172
    endloop
  endfacet
  facet normal -0.849243 -0.528002 1.27661e-05
    outer loop
      vertex -19.5395 -13.0559 6
      vertex -19.6969 -12.8028 3.38466
      vertex -19.6647 -12.8546 3
    endloop
  endfacet
  facet normal -0.849191 -0.528086 -2.6857e-05
    outer loop
      vertex -20.1393 -12.0913 4.23637
      vertex -19.5395 -13.0559 6
      vertex -20.3516 -11.75 6
    endloop
  endfacet
  facet normal -0.842455 -0.538765 -0.00143736
    outer loop
      vertex -19.6969 -12.8028 3.38466
      vertex -19.5395 -13.0559 6
      vertex -19.6984 -12.8005 3.40172
    endloop
  endfacet
  facet normal -0.849158 -0.52814 -0
    outer loop
      vertex -19.5395 -13.0559 6
      vertex -19.6647 -12.8546 3
      vertex -19.5395 -13.0559 0
    endloop
  endfacet
  facet normal -0.0327092 -0.999465 0
    outer loop
      vertex -1.53697 -23.4497 0
      vertex 0 -23.5 6
      vertex -1.53697 -23.4497 6
    endloop
  endfacet
  facet normal -0.0327092 -0.999465 -0
    outer loop
      vertex 0 -23.5 6
      vertex -1.53697 -23.4497 0
      vertex 0 -23.5 0
    endloop
  endfacet
  facet normal -0.995187 -0.0979977 0
    outer loop
      vertex -23.299 -3.06736 0
      vertex -23.4497 -1.53697 6
      vertex -23.4497 -1.53697 0
    endloop
  endfacet
  facet normal -0.995187 -0.0979977 0
    outer loop
      vertex -23.4497 -1.53697 6
      vertex -23.299 -3.06736 0
      vertex -23.299 -3.06736 6
    endloop
  endfacet
  facet normal -0.227077 -0.973877 0
    outer loop
      vertex -6.08225 -22.6993 0
      vertex -4.58462 -23.0485 6
      vertex -6.08225 -22.6993 6
    endloop
  endfacet
  facet normal -0.227077 -0.973877 -0
    outer loop
      vertex -4.58462 -23.0485 6
      vertex -6.08225 -22.6993 0
      vertex -4.58462 -23.0485 0
    endloop
  endfacet
  facet normal -0.772992 -0.634416 0
    outer loop
      vertex -17.6682 -15.4946 0
      vertex -18.6438 -14.3059 6
      vertex -18.6438 -14.3059 0
    endloop
  endfacet
  facet normal -0.772992 -0.634416 0
    outer loop
      vertex -18.6438 -14.3059 6
      vertex -17.6682 -15.4946 0
      vertex -17.6682 -15.4946 6
    endloop
  endfacet
  facet normal -0.881922 0.471395 0
    outer loop
      vertex -21.0765 10.3938 0
      vertex -20.3516 11.75 6
      vertex -20.3516 11.75 0
    endloop
  endfacet
  facet normal -0.881922 0.471395 0
    outer loop
      vertex -20.3516 11.75 6
      vertex -21.0765 10.3938 0
      vertex -21.0765 10.3938 6
    endloop
  endfacet
  facet normal 0.849129 -0.528186 0
    outer loop
      vertex 20.3516 -11.75 6
      vertex 20.1393 -12.0913 4.23637
      vertex 20.3516 -11.75 4.3
    endloop
  endfacet
  facet normal 0.849191 -0.528086 -2.6857e-05
    outer loop
      vertex 19.5395 -13.0559 6
      vertex 20.1393 -12.0913 4.23637
      vertex 20.3516 -11.75 6
    endloop
  endfacet
  facet normal 0.849265 -0.527967 6.35711e-05
    outer loop
      vertex 20.1393 -12.0913 4.23637
      vertex 19.5395 -13.0559 6
      vertex 19.9479 -12.3992 4.05172
    endloop
  endfacet
  facet normal 0.849171 -0.528118 -6.94633e-06
    outer loop
      vertex 19.9479 -12.3992 4.05172
      vertex 19.5395 -13.0559 6
      vertex 19.7959 -12.6436 3.76412
    endloop
  endfacet
  facet normal 0.849199 -0.528074 4.36213e-06
    outer loop
      vertex 19.7959 -12.6436 3.76412
      vertex 19.5395 -13.0559 6
      vertex 19.7025 -12.7938 3.41711
    endloop
  endfacet
  facet normal 0.842455 -0.538765 -0.00143736
    outer loop
      vertex 19.5395 -13.0559 6
      vertex 19.6969 -12.8028 3.38466
      vertex 19.6984 -12.8005 3.40172
    endloop
  endfacet
  facet normal 0.849243 -0.528002 1.27661e-05
    outer loop
      vertex 19.6969 -12.8028 3.38466
      vertex 19.5395 -13.0559 6
      vertex 19.6647 -12.8546 3
    endloop
  endfacet
  facet normal 0.852252 -0.523132 0.000698525
    outer loop
      vertex 19.7025 -12.7938 3.41711
      vertex 19.5395 -13.0559 6
      vertex 19.6984 -12.8005 3.40172
    endloop
  endfacet
  facet normal 0.849129 -0.528186 0
    outer loop
      vertex 20.1393 -12.0913 1.76363
      vertex 20.3516 -11.75 0
      vertex 20.3516 -11.75 1.7
    endloop
  endfacet
  facet normal 0.849265 -0.527967 -6.35711e-05
    outer loop
      vertex 19.5395 -13.0559 0
      vertex 20.1393 -12.0913 1.76363
      vertex 19.9479 -12.3992 1.94828
    endloop
  endfacet
  facet normal 0.849171 -0.528118 6.94633e-06
    outer loop
      vertex 19.5395 -13.0559 0
      vertex 19.9479 -12.3992 1.94828
      vertex 19.7959 -12.6436 2.23588
    endloop
  endfacet
  facet normal 0.849199 -0.528074 -4.36213e-06
    outer loop
      vertex 19.5395 -13.0559 0
      vertex 19.7959 -12.6436 2.23588
      vertex 19.7025 -12.7938 2.58289
    endloop
  endfacet
  facet normal 0.852252 -0.523132 -0.000698525
    outer loop
      vertex 19.5395 -13.0559 0
      vertex 19.7025 -12.7938 2.58289
      vertex 19.6984 -12.8005 2.59828
    endloop
  endfacet
  facet normal 0.849243 -0.528002 -1.27661e-05
    outer loop
      vertex 19.5395 -13.0559 0
      vertex 19.6969 -12.8028 2.61534
      vertex 19.6647 -12.8546 3
    endloop
  endfacet
  facet normal 0.849191 -0.528086 2.6857e-05
    outer loop
      vertex 20.1393 -12.0913 1.76363
      vertex 19.5395 -13.0559 0
      vertex 20.3516 -11.75 0
    endloop
  endfacet
  facet normal 0.842455 -0.538765 0.00143736
    outer loop
      vertex 19.6969 -12.8028 2.61534
      vertex 19.5395 -13.0559 0
      vertex 19.6984 -12.8005 2.59828
    endloop
  endfacet
  facet normal 0.849158 -0.52814 0
    outer loop
      vertex 19.5395 -13.0559 0
      vertex 19.6647 -12.8546 3
      vertex 19.5395 -13.0559 6
    endloop
  endfacet
  facet normal -0.729878 0.683578 0
    outer loop
      vertex -17.6682 15.4946 0
      vertex -16.617 16.617 6
      vertex -16.617 16.617 0
    endloop
  endfacet
  facet normal -0.729878 0.683578 0
    outer loop
      vertex -16.617 16.617 6
      vertex -17.6682 15.4946 0
      vertex -17.6682 15.4946 6
    endloop
  endfacet
  facet normal -0.935903 0.352257 0
    outer loop
      vertex -22.2529 7.55383 0
      vertex -21.7112 8.99306 6
      vertex -21.7112 8.99306 0
    endloop
  endfacet
  facet normal -0.935903 0.352257 0
    outer loop
      vertex -21.7112 8.99306 6
      vertex -22.2529 7.55383 0
      vertex -22.2529 7.55383 6
    endloop
  endfacet
  facet normal 0 0 1
    outer loop
      vertex 20 0 6
      vertex 23.5 0 6
      vertex 23.4497 1.53697 6
    endloop
  endfacet
  facet normal 0 0 1
    outer loop
      vertex 19.9572 1.30806 6
      vertex 23.4497 1.53697 6
      vertex 23.299 3.06736 6
    endloop
  endfacet
  facet normal 0 0 1
    outer loop
      vertex 23.5 0 6
      vertex 20 0 6
      vertex 23.4497 -1.53697 6
    endloop
  endfacet
  facet normal 0 0 1
    outer loop
      vertex 19.8289 2.61052 6
      vertex 23.299 3.06736 6
      vertex 23.0485 4.58462 6
    endloop
  endfacet
  facet normal -0 0 1
    outer loop
      vertex 19.9572 -1.30806 6
      vertex 23.4497 -1.53697 6
      vertex 20 0 6
    endloop
  endfacet
  facet normal 0 0 1
    outer loop
      vertex 19.6157 3.90181 6
      vertex 23.0485 4.58462 6
      vertex 22.6993 6.08225 6
    endloop
  endfacet
  facet normal 0 0 1
    outer loop
      vertex 23.4497 -1.53697 6
      vertex 19.9572 -1.30806 6
      vertex 23.299 -3.06736 6
    endloop
  endfacet
  facet normal 0 0 1
    outer loop
      vertex 19.3185 5.17638 6
      vertex 22.6993 6.08225 6
      vertex 22.2529 7.55383 6
    endloop
  endfacet
  facet normal -0 0 1
    outer loop
      vertex 19.8289 -2.61052 6
      vertex 23.299 -3.06736 6
      vertex 19.9572 -1.30806 6
    endloop
  endfacet
  facet normal 0 0 1
    outer loop
      vertex 18.9386 6.42879 6
      vertex 22.2529 7.55383 6
      vertex 21.7112 8.99306 6
    endloop
  endfacet
  facet normal 0 0 1
    outer loop
      vertex 23.299 -3.06736 6
      vertex 19.8289 -2.61052 6
      vertex 23.0485 -4.58462 6
    endloop
  endfacet
  facet normal 0 0 1
    outer loop
      vertex 18.4776 7.65367 6
      vertex 21.7112 8.99306 6
      vertex 21.0765 10.3938 6
    endloop
  endfacet
  facet normal -0 0 1
    outer loop
      vertex 19.6157 -3.90181 6
      vertex 23.0485 -4.58462 6
      vertex 19.8289 -2.61052 6
    endloop
  endfacet
  facet normal 0 0 1
    outer loop
      vertex 17.9375 8.84577 6
      vertex 21.0765 10.3938 6
      vertex 20.3516 11.75 6
    endloop
  endfacet
  facet normal 0 0 1
    outer loop
      vertex 23.0485 -4.58462 6
      vertex 19.6157 -3.90181 6
      vertex 22.6993 -6.08225 6
    endloop
  endfacet
  facet normal -0 0 1
    outer loop
      vertex 19.3185 -5.17638 6
      vertex 22.6993 -6.08225 6
      vertex 19.6157 -3.90181 6
    endloop
  endfacet
  facet normal 0 0 1
    outer loop
      vertex 23.4497 1.53697 6
      vertex 19.9572 1.30806 6
      vertex 20 0 6
    endloop
  endfacet
  facet normal 0 0 1
    outer loop
      vertex 23.299 3.06736 6
      vertex 19.8289 2.61052 6
      vertex 19.9572 1.30806 6
    endloop
  endfacet
  facet normal 0 0 1
    outer loop
      vertex 23.0485 4.58462 6
      vertex 19.6157 3.90181 6
      vertex 19.8289 2.61052 6
    endloop
  endfacet
  facet normal 0 0 1
    outer loop
      vertex 17.3205 10 6
      vertex 20.3516 11.75 6
      vertex 19.5395 13.0559 6
    endloop
  endfacet
  facet normal 0 0 1
    outer loop
      vertex 22.6993 6.08225 6
      vertex 19.3185 5.17638 6
      vertex 19.6157 3.90181 6
    endloop
  endfacet
  facet normal 0 0 1
    outer loop
      vertex 22.2529 7.55383 6
      vertex 18.9386 6.42879 6
      vertex 19.3185 5.17638 6
    endloop
  endfacet
  facet normal 0 0 1
    outer loop
      vertex 16.6294 11.1114 6
      vertex 19.5395 13.0559 6
      vertex 18.6438 14.3059 6
    endloop
  endfacet
  facet normal 0 0 1
    outer loop
      vertex 21.7112 8.99306 6
      vertex 18.4776 7.65367 6
      vertex 18.9386 6.42879 6
    endloop
  endfacet
  facet normal 0 0 1
    outer loop
      vertex 21.0765 10.3938 6
      vertex 17.9375 8.84577 6
      vertex 18.4776 7.65367 6
    endloop
  endfacet
  facet normal 0 0 1
    outer loop
      vertex 15.8671 12.1752 6
      vertex 18.6438 14.3059 6
      vertex 17.6682 15.4946 6
    endloop
  endfacet
  facet normal 0 0 1
    outer loop
      vertex 20.3516 11.75 6
      vertex 17.3205 10 6
      vertex 17.9375 8.84577 6
    endloop
  endfacet
  facet normal 0 0 1
    outer loop
      vertex 19.5395 13.0559 6
      vertex 16.6294 11.1114 6
      vertex 17.3205 10 6
    endloop
  endfacet
  facet normal 0 0 1
    outer loop
      vertex 15.0368 13.1869 6
      vertex 17.6682 15.4946 6
      vertex 16.617 16.617 6
    endloop
  endfacet
  facet normal 0 0 1
    outer loop
      vertex 18.6438 14.3059 6
      vertex 15.8671 12.1752 6
      vertex 16.6294 11.1114 6
    endloop
  endfacet
  facet normal 0 0 1
    outer loop
      vertex 14.1421 14.1421 6
      vertex 16.617 16.617 6
      vertex 15.4946 17.6682 6
    endloop
  endfacet
  facet normal 0 0 1
    outer loop
      vertex 17.6682 15.4946 6
      vertex 15.0368 13.1869 6
      vertex 15.8671 12.1752 6
    endloop
  endfacet
  facet normal 0 0 1
    outer loop
      vertex 13.1869 15.0368 6
      vertex 15.4946 17.6682 6
      vertex 14.3059 18.6438 6
    endloop
  endfacet
  facet normal 0 0 1
    outer loop
      vertex 16.617 16.617 6
      vertex 14.1421 14.1421 6
      vertex 15.0368 13.1869 6
    endloop
  endfacet
  facet normal 0 0 1
    outer loop
      vertex 15.4946 17.6682 6
      vertex 13.1869 15.0368 6
      vertex 14.1421 14.1421 6
    endloop
  endfacet
  facet normal 0 0 1
    outer loop
      vertex 12.1752 15.8671 6
      vertex 14.3059 18.6438 6
      vertex 13.0559 19.5395 6
    endloop
  endfacet
  facet normal 0 0 1
    outer loop
      vertex 14.3059 18.6438 6
      vertex 12.1752 15.8671 6
      vertex 13.1869 15.0368 6
    endloop
  endfacet
  facet normal 0 0 1
    outer loop
      vertex 11.1114 16.6294 6
      vertex 13.0559 19.5395 6
      vertex 11.75 20.3516 6
    endloop
  endfacet
  facet normal 0 0 1
    outer loop
      vertex 13.0559 19.5395 6
      vertex 11.1114 16.6294 6
      vertex 12.1752 15.8671 6
    endloop
  endfacet
  facet normal 0 0 1
    outer loop
      vertex 10 17.3205 6
      vertex 11.75 20.3516 6
      vertex 10.3938 21.0765 6
    endloop
  endfacet
  facet normal 0 0 1
    outer loop
      vertex 11.75 20.3516 6
      vertex 10 17.3205 6
      vertex 11.1114 16.6294 6
    endloop
  endfacet
  facet normal 0 0 1
    outer loop
      vertex 8.84577 17.9375 6
      vertex 10.3938 21.0765 6
      vertex 8.99306 21.7112 6
    endloop
  endfacet
  facet normal 0 0 1
    outer loop
      vertex 10.3938 21.0765 6
      vertex 8.84577 17.9375 6
      vertex 10 17.3205 6
    endloop
  endfacet
  facet normal 0 0 1
    outer loop
      vertex 8.99306 21.7112 6
      vertex 7.65367 18.4776 6
      vertex 8.84577 17.9375 6
    endloop
  endfacet
  facet normal 0 0 1
    outer loop
      vertex 7.55383 22.2529 6
      vertex 7.65367 18.4776 6
      vertex 8.99306 21.7112 6
    endloop
  endfacet
  facet normal 0 0 1
    outer loop
      vertex 7.55383 22.2529 6
      vertex 6.42879 18.9386 6
      vertex 7.65367 18.4776 6
    endloop
  endfacet
  facet normal 0 0 1
    outer loop
      vertex 6.08225 22.6993 6
      vertex 6.42879 18.9386 6
      vertex 7.55383 22.2529 6
    endloop
  endfacet
  facet normal 0 0 1
    outer loop
      vertex 6.08225 22.6993 6
      vertex 5.17638 19.3185 6
      vertex 6.42879 18.9386 6
    endloop
  endfacet
  facet normal 0 0 1
    outer loop
      vertex 4.58462 23.0485 6
      vertex 5.17638 19.3185 6
      vertex 6.08225 22.6993 6
    endloop
  endfacet
  facet normal 0 0 1
    outer loop
      vertex 4.58462 23.0485 6
      vertex 3.90181 19.6157 6
      vertex 5.17638 19.3185 6
    endloop
  endfacet
  facet normal 0 0 1
    outer loop
      vertex 3.06736 23.299 6
      vertex 3.90181 19.6157 6
      vertex 4.58462 23.0485 6
    endloop
  endfacet
  facet normal 0 0 1
    outer loop
      vertex 3.06736 23.299 6
      vertex 2.61052 19.8289 6
      vertex 3.90181 19.6157 6
    endloop
  endfacet
  facet normal 0 0 1
    outer loop
      vertex 1.53697 23.4497 6
      vertex 2.61052 19.8289 6
      vertex 3.06736 23.299 6
    endloop
  endfacet
  facet normal 0 0 1
    outer loop
      vertex 1.53697 23.4497 6
      vertex 1.30806 19.9572 6
      vertex 2.61052 19.8289 6
    endloop
  endfacet
  facet normal 0 0 1
    outer loop
      vertex 0 23.5 6
      vertex 1.30806 19.9572 6
      vertex 1.53697 23.4497 6
    endloop
  endfacet
  facet normal 0 0 1
    outer loop
      vertex 0 23.5 6
      vertex 0 20 6
      vertex 1.30806 19.9572 6
    endloop
  endfacet
  facet normal 0 0 1
    outer loop
      vertex 0 23.5 6
      vertex -1.30806 19.9572 6
      vertex 0 20 6
    endloop
  endfacet
  facet normal -0 0 1
    outer loop
      vertex -1.53697 23.4497 6
      vertex -1.30806 19.9572 6
      vertex 0 23.5 6
    endloop
  endfacet
  facet normal 0 0 1
    outer loop
      vertex -1.53697 23.4497 6
      vertex -2.61052 19.8289 6
      vertex -1.30806 19.9572 6
    endloop
  endfacet
  facet normal -0 0 1
    outer loop
      vertex -3.06736 23.299 6
      vertex -2.61052 19.8289 6
      vertex -1.53697 23.4497 6
    endloop
  endfacet
  facet normal 0 0 1
    outer loop
      vertex -3.06736 23.299 6
      vertex -3.90181 19.6157 6
      vertex -2.61052 19.8289 6
    endloop
  endfacet
  facet normal -0 0 1
    outer loop
      vertex -4.58462 23.0485 6
      vertex -3.90181 19.6157 6
      vertex -3.06736 23.299 6
    endloop
  endfacet
  facet normal 0 0 1
    outer loop
      vertex -4.58462 23.0485 6
      vertex -5.17638 19.3185 6
      vertex -3.90181 19.6157 6
    endloop
  endfacet
  facet normal -0 0 1
    outer loop
      vertex -6.08225 22.6993 6
      vertex -5.17638 19.3185 6
      vertex -4.58462 23.0485 6
    endloop
  endfacet
  facet normal 0 0 1
    outer loop
      vertex -6.08225 22.6993 6
      vertex -6.42879 18.9386 6
      vertex -5.17638 19.3185 6
    endloop
  endfacet
  facet normal -0 0 1
    outer loop
      vertex -7.55383 22.2529 6
      vertex -6.42879 18.9386 6
      vertex -6.08225 22.6993 6
    endloop
  endfacet
  facet normal 0 0 1
    outer loop
      vertex -7.55383 22.2529 6
      vertex -7.65367 18.4776 6
      vertex -6.42879 18.9386 6
    endloop
  endfacet
  facet normal -0 0 1
    outer loop
      vertex -8.99306 21.7112 6
      vertex -7.65367 18.4776 6
      vertex -7.55383 22.2529 6
    endloop
  endfacet
  facet normal 0 0 1
    outer loop
      vertex -7.65367 18.4776 6
      vertex -8.99306 21.7112 6
      vertex -8.84577 17.9375 6
    endloop
  endfacet
  facet normal -0 0 1
    outer loop
      vertex -10.3938 21.0765 6
      vertex -8.84577 17.9375 6
      vertex -8.99306 21.7112 6
    endloop
  endfacet
  facet normal 0 0 1
    outer loop
      vertex -8.84577 17.9375 6
      vertex -10.3938 21.0765 6
      vertex -10 17.3205 6
    endloop
  endfacet
  facet normal -0 0 1
    outer loop
      vertex -11.75 20.3516 6
      vertex -10 17.3205 6
      vertex -10.3938 21.0765 6
    endloop
  endfacet
  facet normal 0 0 1
    outer loop
      vertex -10 17.3205 6
      vertex -11.75 20.3516 6
      vertex -11.1114 16.6294 6
    endloop
  endfacet
  facet normal -0 0 1
    outer loop
      vertex -13.0559 19.5395 6
      vertex -11.1114 16.6294 6
      vertex -11.75 20.3516 6
    endloop
  endfacet
  facet normal 0 0 1
    outer loop
      vertex -11.1114 16.6294 6
      vertex -13.0559 19.5395 6
      vertex -12.1752 15.8671 6
    endloop
  endfacet
  facet normal -0 0 1
    outer loop
      vertex -14.3059 18.6438 6
      vertex -12.1752 15.8671 6
      vertex -13.0559 19.5395 6
    endloop
  endfacet
  facet normal 0 0 1
    outer loop
      vertex -12.1752 15.8671 6
      vertex -14.3059 18.6438 6
      vertex -13.1869 15.0368 6
    endloop
  endfacet
  facet normal -0 0 1
    outer loop
      vertex -15.4946 17.6682 6
      vertex -13.1869 15.0368 6
      vertex -14.3059 18.6438 6
    endloop
  endfacet
  facet normal 0 0 1
    outer loop
      vertex -13.1869 15.0368 6
      vertex -15.4946 17.6682 6
      vertex -14.1421 14.1421 6
    endloop
  endfacet
  facet normal -0 0 1
    outer loop
      vertex -16.617 16.617 6
      vertex -14.1421 14.1421 6
      vertex -15.4946 17.6682 6
    endloop
  endfacet
  facet normal 0 0 1
    outer loop
      vertex -14.1421 14.1421 6
      vertex -16.617 16.617 6
      vertex -15.0368 13.1869 6
    endloop
  endfacet
  facet normal -0 0 1
    outer loop
      vertex -17.6682 15.4946 6
      vertex -15.0368 13.1869 6
      vertex -16.617 16.617 6
    endloop
  endfacet
  facet normal 0 0 1
    outer loop
      vertex -15.0368 13.1869 6
      vertex -17.6682 15.4946 6
      vertex -15.8671 12.1752 6
    endloop
  endfacet
  facet normal -0 0 1
    outer loop
      vertex -18.6438 14.3059 6
      vertex -15.8671 12.1752 6
      vertex -17.6682 15.4946 6
    endloop
  endfacet
  facet normal 0 0 1
    outer loop
      vertex -15.8671 12.1752 6
      vertex -18.6438 14.3059 6
      vertex -16.6294 11.1114 6
    endloop
  endfacet
  facet normal -0 0 1
    outer loop
      vertex -19.5395 13.0559 6
      vertex -16.6294 11.1114 6
      vertex -18.6438 14.3059 6
    endloop
  endfacet
  facet normal 0 0 1
    outer loop
      vertex -16.6294 11.1114 6
      vertex -19.5395 13.0559 6
      vertex -17.3205 10 6
    endloop
  endfacet
  facet normal -0 0 1
    outer loop
      vertex -20.3516 11.75 6
      vertex -17.3205 10 6
      vertex -19.5395 13.0559 6
    endloop
  endfacet
  facet normal 0 0 1
    outer loop
      vertex -17.3205 10 6
      vertex -20.3516 11.75 6
      vertex -17.9375 8.84577 6
    endloop
  endfacet
  facet normal -0 0 1
    outer loop
      vertex -21.0765 10.3938 6
      vertex -17.9375 8.84577 6
      vertex -20.3516 11.75 6
    endloop
  endfacet
  facet normal 0 0 1
    outer loop
      vertex -17.9375 8.84577 6
      vertex -21.0765 10.3938 6
      vertex -18.4776 7.65367 6
    endloop
  endfacet
  facet normal -0 0 1
    outer loop
      vertex -21.7112 8.99306 6
      vertex -18.4776 7.65367 6
      vertex -21.0765 10.3938 6
    endloop
  endfacet
  facet normal 0 0 1
    outer loop
      vertex -18.4776 7.65367 6
      vertex -21.7112 8.99306 6
      vertex -18.9386 6.42879 6
    endloop
  endfacet
  facet normal -0 0 1
    outer loop
      vertex -22.2529 7.55383 6
      vertex -18.9386 6.42879 6
      vertex -21.7112 8.99306 6
    endloop
  endfacet
  facet normal -0 0 1
    outer loop
      vertex -22.6993 6.08225 6
      vertex -19.3185 5.17638 6
      vertex -22.2529 7.55383 6
    endloop
  endfacet
  facet normal 0 0 1
    outer loop
      vertex -18.9386 6.42879 6
      vertex -22.2529 7.55383 6
      vertex -19.3185 5.17638 6
    endloop
  endfacet
  facet normal 0 0 1
    outer loop
      vertex 22.6993 -6.08225 6
      vertex 19.3185 -5.17638 6
      vertex 22.2529 -7.55383 6
    endloop
  endfacet
  facet normal -0 0 1
    outer loop
      vertex 18.9386 -6.42879 6
      vertex 22.2529 -7.55383 6
      vertex 19.3185 -5.17638 6
    endloop
  endfacet
  facet normal 0 0 1
    outer loop
      vertex 22.2529 -7.55383 6
      vertex 18.9386 -6.42879 6
      vertex 21.7112 -8.99306 6
    endloop
  endfacet
  facet normal -0 0 1
    outer loop
      vertex 18.4776 -7.65367 6
      vertex 21.7112 -8.99306 6
      vertex 18.9386 -6.42879 6
    endloop
  endfacet
  facet normal 0 0 1
    outer loop
      vertex 21.7112 -8.99306 6
      vertex 18.4776 -7.65367 6
      vertex 21.0765 -10.3938 6
    endloop
  endfacet
  facet normal -0 0 1
    outer loop
      vertex 17.9375 -8.84577 6
      vertex 21.0765 -10.3938 6
      vertex 18.4776 -7.65367 6
    endloop
  endfacet
  facet normal 0 0 1
    outer loop
      vertex 21.0765 -10.3938 6
      vertex 17.9375 -8.84577 6
      vertex 20.3516 -11.75 6
    endloop
  endfacet
  facet normal -0 0 1
    outer loop
      vertex 17.3205 -10 6
      vertex 20.3516 -11.75 6
      vertex 17.9375 -8.84577 6
    endloop
  endfacet
  facet normal 0 0 1
    outer loop
      vertex 20.3516 -11.75 6
      vertex 17.3205 -10 6
      vertex 19.5395 -13.0559 6
    endloop
  endfacet
  facet normal -0 0 1
    outer loop
      vertex 16.6294 -11.1114 6
      vertex 19.5395 -13.0559 6
      vertex 17.3205 -10 6
    endloop
  endfacet
  facet normal 0 0 1
    outer loop
      vertex 19.5395 -13.0559 6
      vertex 16.6294 -11.1114 6
      vertex 18.6438 -14.3059 6
    endloop
  endfacet
  facet normal -0 0 1
    outer loop
      vertex 15.8671 -12.1752 6
      vertex 18.6438 -14.3059 6
      vertex 16.6294 -11.1114 6
    endloop
  endfacet
  facet normal 0 0 1
    outer loop
      vertex 18.6438 -14.3059 6
      vertex 15.8671 -12.1752 6
      vertex 17.6682 -15.4946 6
    endloop
  endfacet
  facet normal -0 0 1
    outer loop
      vertex 15.0368 -13.1869 6
      vertex 17.6682 -15.4946 6
      vertex 15.8671 -12.1752 6
    endloop
  endfacet
  facet normal 0 0 1
    outer loop
      vertex 17.6682 -15.4946 6
      vertex 15.0368 -13.1869 6
      vertex 16.617 -16.617 6
    endloop
  endfacet
  facet normal -0 0 1
    outer loop
      vertex 14.1421 -14.1421 6
      vertex 16.617 -16.617 6
      vertex 15.0368 -13.1869 6
    endloop
  endfacet
  facet normal 0 0 1
    outer loop
      vertex 16.617 -16.617 6
      vertex 14.1421 -14.1421 6
      vertex 15.4946 -17.6682 6
    endloop
  endfacet
  facet normal -0 0 1
    outer loop
      vertex 13.1869 -15.0368 6
      vertex 15.4946 -17.6682 6
      vertex 14.1421 -14.1421 6
    endloop
  endfacet
  facet normal 0 0 1
    outer loop
      vertex 15.4946 -17.6682 6
      vertex 13.1869 -15.0368 6
      vertex 14.3059 -18.6438 6
    endloop
  endfacet
  facet normal -0 0 1
    outer loop
      vertex 12.1752 -15.8671 6
      vertex 14.3059 -18.6438 6
      vertex 13.1869 -15.0368 6
    endloop
  endfacet
  facet normal 0 0 1
    outer loop
      vertex 14.3059 -18.6438 6
      vertex 12.1752 -15.8671 6
      vertex 13.0559 -19.5395 6
    endloop
  endfacet
  facet normal -0 0 1
    outer loop
      vertex 11.1114 -16.6294 6
      vertex 13.0559 -19.5395 6
      vertex 12.1752 -15.8671 6
    endloop
  endfacet
  facet normal 0 0 1
    outer loop
      vertex 13.0559 -19.5395 6
      vertex 11.1114 -16.6294 6
      vertex 11.75 -20.3516 6
    endloop
  endfacet
  facet normal -0 0 1
    outer loop
      vertex 10 -17.3205 6
      vertex 11.75 -20.3516 6
      vertex 11.1114 -16.6294 6
    endloop
  endfacet
  facet normal 0 0 1
    outer loop
      vertex 11.75 -20.3516 6
      vertex 10 -17.3205 6
      vertex 10.3938 -21.0765 6
    endloop
  endfacet
  facet normal -0 0 1
    outer loop
      vertex 8.84577 -17.9375 6
      vertex 10.3938 -21.0765 6
      vertex 10 -17.3205 6
    endloop
  endfacet
  facet normal 0 0 1
    outer loop
      vertex 10.3938 -21.0765 6
      vertex 8.84577 -17.9375 6
      vertex 8.99306 -21.7112 6
    endloop
  endfacet
  facet normal -0 0 1
    outer loop
      vertex 7.65367 -18.4776 6
      vertex 8.99306 -21.7112 6
      vertex 8.84577 -17.9375 6
    endloop
  endfacet
  facet normal 0 0 1
    outer loop
      vertex 7.65367 -18.4776 6
      vertex 7.55383 -22.2529 6
      vertex 8.99306 -21.7112 6
    endloop
  endfacet
  facet normal -0 0 1
    outer loop
      vertex 6.42879 -18.9386 6
      vertex 7.55383 -22.2529 6
      vertex 7.65367 -18.4776 6
    endloop
  endfacet
  facet normal 0 0 1
    outer loop
      vertex 6.42879 -18.9386 6
      vertex 6.08225 -22.6993 6
      vertex 7.55383 -22.2529 6
    endloop
  endfacet
  facet normal -0 0 1
    outer loop
      vertex 5.17638 -19.3185 6
      vertex 6.08225 -22.6993 6
      vertex 6.42879 -18.9386 6
    endloop
  endfacet
  facet normal 0 0 1
    outer loop
      vertex 5.17638 -19.3185 6
      vertex 4.58462 -23.0485 6
      vertex 6.08225 -22.6993 6
    endloop
  endfacet
  facet normal -0 0 1
    outer loop
      vertex 3.90181 -19.6157 6
      vertex 4.58462 -23.0485 6
      vertex 5.17638 -19.3185 6
    endloop
  endfacet
  facet normal 0 0 1
    outer loop
      vertex 3.90181 -19.6157 6
      vertex 3.06736 -23.299 6
      vertex 4.58462 -23.0485 6
    endloop
  endfacet
  facet normal -0 0 1
    outer loop
      vertex 2.61052 -19.8289 6
      vertex 3.06736 -23.299 6
      vertex 3.90181 -19.6157 6
    endloop
  endfacet
  facet normal 0 0 1
    outer loop
      vertex 2.61052 -19.8289 6
      vertex 1.53697 -23.4497 6
      vertex 3.06736 -23.299 6
    endloop
  endfacet
  facet normal -0 0 1
    outer loop
      vertex 1.30806 -19.9572 6
      vertex 1.53697 -23.4497 6
      vertex 2.61052 -19.8289 6
    endloop
  endfacet
  facet normal -0 0 1
    outer loop
      vertex 0 -20 6
      vertex 1.53697 -23.4497 6
      vertex 1.30806 -19.9572 6
    endloop
  endfacet
  facet normal 0 0 1
    outer loop
      vertex 0 -20 6
      vertex 0 -23.5 6
      vertex 1.53697 -23.4497 6
    endloop
  endfacet
  facet normal 0 0 1
    outer loop
      vertex -1.30806 -19.9572 6
      vertex 0 -23.5 6
      vertex 0 -20 6
    endloop
  endfacet
  facet normal 0 0 1
    outer loop
      vertex -1.30806 -19.9572 6
      vertex -1.53697 -23.4497 6
      vertex 0 -23.5 6
    endloop
  endfacet
  facet normal 0 0 1
    outer loop
      vertex -2.61052 -19.8289 6
      vertex -1.53697 -23.4497 6
      vertex -1.30806 -19.9572 6
    endloop
  endfacet
  facet normal 0 0 1
    outer loop
      vertex -2.61052 -19.8289 6
      vertex -3.06736 -23.299 6
      vertex -1.53697 -23.4497 6
    endloop
  endfacet
  facet normal 0 0 1
    outer loop
      vertex -3.90181 -19.6157 6
      vertex -3.06736 -23.299 6
      vertex -2.61052 -19.8289 6
    endloop
  endfacet
  facet normal 0 0 1
    outer loop
      vertex -3.90181 -19.6157 6
      vertex -4.58462 -23.0485 6
      vertex -3.06736 -23.299 6
    endloop
  endfacet
  facet normal 0 0 1
    outer loop
      vertex -5.17638 -19.3185 6
      vertex -4.58462 -23.0485 6
      vertex -3.90181 -19.6157 6
    endloop
  endfacet
  facet normal 0 0 1
    outer loop
      vertex -5.17638 -19.3185 6
      vertex -6.08225 -22.6993 6
      vertex -4.58462 -23.0485 6
    endloop
  endfacet
  facet normal 0 0 1
    outer loop
      vertex -6.42879 -18.9386 6
      vertex -6.08225 -22.6993 6
      vertex -5.17638 -19.3185 6
    endloop
  endfacet
  facet normal 0 0 1
    outer loop
      vertex -6.42879 -18.9386 6
      vertex -7.55383 -22.2529 6
      vertex -6.08225 -22.6993 6
    endloop
  endfacet
  facet normal 0 0 1
    outer loop
      vertex -7.65367 -18.4776 6
      vertex -7.55383 -22.2529 6
      vertex -6.42879 -18.9386 6
    endloop
  endfacet
  facet normal 0 0 1
    outer loop
      vertex -8.99306 -21.7112 6
      vertex -7.65367 -18.4776 6
      vertex -8.84577 -17.9375 6
    endloop
  endfacet
  facet normal 0 0 1
    outer loop
      vertex -7.65367 -18.4776 6
      vertex -8.99306 -21.7112 6
      vertex -7.55383 -22.2529 6
    endloop
  endfacet
  facet normal 0 0 1
    outer loop
      vertex -10.3938 -21.0765 6
      vertex -8.84577 -17.9375 6
      vertex -10 -17.3205 6
    endloop
  endfacet
  facet normal 0 0 1
    outer loop
      vertex -8.84577 -17.9375 6
      vertex -10.3938 -21.0765 6
      vertex -8.99306 -21.7112 6
    endloop
  endfacet
  facet normal 0 0 1
    outer loop
      vertex -11.75 -20.3516 6
      vertex -10 -17.3205 6
      vertex -11.1114 -16.6294 6
    endloop
  endfacet
  facet normal 0 0 1
    outer loop
      vertex -10 -17.3205 6
      vertex -11.75 -20.3516 6
      vertex -10.3938 -21.0765 6
    endloop
  endfacet
  facet normal 0 0 1
    outer loop
      vertex -13.0559 -19.5395 6
      vertex -11.1114 -16.6294 6
      vertex -12.1752 -15.8671 6
    endloop
  endfacet
  facet normal 0 0 1
    outer loop
      vertex -11.1114 -16.6294 6
      vertex -13.0559 -19.5395 6
      vertex -11.75 -20.3516 6
    endloop
  endfacet
  facet normal 0 0 1
    outer loop
      vertex -14.3059 -18.6438 6
      vertex -12.1752 -15.8671 6
      vertex -13.1869 -15.0368 6
    endloop
  endfacet
  facet normal 0 0 1
    outer loop
      vertex -15.4946 -17.6682 6
      vertex -13.1869 -15.0368 6
      vertex -14.1421 -14.1421 6
    endloop
  endfacet
  facet normal 0 0 1
    outer loop
      vertex -12.1752 -15.8671 6
      vertex -14.3059 -18.6438 6
      vertex -13.0559 -19.5395 6
    endloop
  endfacet
  facet normal 0 0 1
    outer loop
      vertex -16.617 -16.617 6
      vertex -14.1421 -14.1421 6
      vertex -15.0368 -13.1869 6
    endloop
  endfacet
  facet normal 0 0 1
    outer loop
      vertex -13.1869 -15.0368 6
      vertex -15.4946 -17.6682 6
      vertex -14.3059 -18.6438 6
    endloop
  endfacet
  facet normal 0 0 1
    outer loop
      vertex -17.6682 -15.4946 6
      vertex -15.0368 -13.1869 6
      vertex -15.8671 -12.1752 6
    endloop
  endfacet
  facet normal 0 0 1
    outer loop
      vertex -14.1421 -14.1421 6
      vertex -16.617 -16.617 6
      vertex -15.4946 -17.6682 6
    endloop
  endfacet
  facet normal 0 0 1
    outer loop
      vertex -18.6438 -14.3059 6
      vertex -15.8671 -12.1752 6
      vertex -16.6294 -11.1114 6
    endloop
  endfacet
  facet normal 0 0 1
    outer loop
      vertex -19.5395 -13.0559 6
      vertex -16.6294 -11.1114 6
      vertex -17.3205 -10 6
    endloop
  endfacet
  facet normal 0 0 1
    outer loop
      vertex -15.0368 -13.1869 6
      vertex -17.6682 -15.4946 6
      vertex -16.617 -16.617 6
    endloop
  endfacet
  facet normal 0 0 1
    outer loop
      vertex -20.3516 -11.75 6
      vertex -17.3205 -10 6
      vertex -17.9375 -8.84577 6
    endloop
  endfacet
  facet normal 0 0 1
    outer loop
      vertex -21.0765 -10.3938 6
      vertex -17.9375 -8.84577 6
      vertex -18.4776 -7.65367 6
    endloop
  endfacet
  facet normal 0 0 1
    outer loop
      vertex -15.8671 -12.1752 6
      vertex -18.6438 -14.3059 6
      vertex -17.6682 -15.4946 6
    endloop
  endfacet
  facet normal 0 0 1
    outer loop
      vertex -21.7112 -8.99306 6
      vertex -18.4776 -7.65367 6
      vertex -18.9386 -6.42879 6
    endloop
  endfacet
  facet normal 0 0 1
    outer loop
      vertex -22.2529 -7.55383 6
      vertex -18.9386 -6.42879 6
      vertex -19.3185 -5.17638 6
    endloop
  endfacet
  facet normal 0 0 1
    outer loop
      vertex -16.6294 -11.1114 6
      vertex -19.5395 -13.0559 6
      vertex -18.6438 -14.3059 6
    endloop
  endfacet
  facet normal 0 0 1
    outer loop
      vertex -22.6993 -6.08225 6
      vertex -19.3185 -5.17638 6
      vertex -19.6157 -3.90181 6
    endloop
  endfacet
  facet normal 0 0 1
    outer loop
      vertex -23.0485 -4.58462 6
      vertex -19.6157 -3.90181 6
      vertex -19.8289 -2.61052 6
    endloop
  endfacet
  facet normal 0 0 1
    outer loop
      vertex -23.299 -3.06736 6
      vertex -19.8289 -2.61052 6
      vertex -19.9572 -1.30806 6
    endloop
  endfacet
  facet normal 0 0 1
    outer loop
      vertex -17.3205 -10 6
      vertex -20.3516 -11.75 6
      vertex -19.5395 -13.0559 6
    endloop
  endfacet
  facet normal 0 0 1
    outer loop
      vertex -23.4497 -1.53697 6
      vertex -19.9572 -1.30806 6
      vertex -20 0 6
    endloop
  endfacet
  facet normal 0 0 1
    outer loop
      vertex -19.3185 5.17638 6
      vertex -22.6993 6.08225 6
      vertex -19.6157 3.90181 6
    endloop
  endfacet
  facet normal -0 0 1
    outer loop
      vertex -23.0485 4.58462 6
      vertex -19.6157 3.90181 6
      vertex -22.6993 6.08225 6
    endloop
  endfacet
  facet normal 0 0 1
    outer loop
      vertex -17.9375 -8.84577 6
      vertex -21.0765 -10.3938 6
      vertex -20.3516 -11.75 6
    endloop
  endfacet
  facet normal 0 0 1
    outer loop
      vertex -19.6157 3.90181 6
      vertex -23.0485 4.58462 6
      vertex -19.8289 2.61052 6
    endloop
  endfacet
  facet normal 0 0 1
    outer loop
      vertex -18.4776 -7.65367 6
      vertex -21.7112 -8.99306 6
      vertex -21.0765 -10.3938 6
    endloop
  endfacet
  facet normal -0 0 1
    outer loop
      vertex -23.299 3.06736 6
      vertex -19.8289 2.61052 6
      vertex -23.0485 4.58462 6
    endloop
  endfacet
  facet normal 0 0 1
    outer loop
      vertex -18.9386 -6.42879 6
      vertex -22.2529 -7.55383 6
      vertex -21.7112 -8.99306 6
    endloop
  endfacet
  facet normal 0 0 1
    outer loop
      vertex -19.8289 2.61052 6
      vertex -23.299 3.06736 6
      vertex -19.9572 1.30806 6
    endloop
  endfacet
  facet normal 0 0 1
    outer loop
      vertex -19.3185 -5.17638 6
      vertex -22.6993 -6.08225 6
      vertex -22.2529 -7.55383 6
    endloop
  endfacet
  facet normal -0 0 1
    outer loop
      vertex -23.4497 1.53697 6
      vertex -19.9572 1.30806 6
      vertex -23.299 3.06736 6
    endloop
  endfacet
  facet normal 0 0 1
    outer loop
      vertex -19.6157 -3.90181 6
      vertex -23.0485 -4.58462 6
      vertex -22.6993 -6.08225 6
    endloop
  endfacet
  facet normal 0 0 1
    outer loop
      vertex -19.9572 1.30806 6
      vertex -23.4497 1.53697 6
      vertex -20 0 6
    endloop
  endfacet
  facet normal 0 0 1
    outer loop
      vertex -19.8289 -2.61052 6
      vertex -23.299 -3.06736 6
      vertex -23.0485 -4.58462 6
    endloop
  endfacet
  facet normal 0 0 1
    outer loop
      vertex -23.5 0 6
      vertex -20 0 6
      vertex -23.4497 1.53697 6
    endloop
  endfacet
  facet normal 0 0 1
    outer loop
      vertex -19.9572 -1.30806 6
      vertex -23.4497 -1.53697 6
      vertex -23.299 -3.06736 6
    endloop
  endfacet
  facet normal 0 0 1
    outer loop
      vertex -20 0 6
      vertex -23.5 0 6
      vertex -23.4497 -1.53697 6
    endloop
  endfacet
  facet normal 0.290285 0.95694 -0
    outer loop
      vertex 7.55383 22.2529 0
      vertex 6.08225 22.6993 6
      vertex 7.55383 22.2529 6
    endloop
  endfacet
  facet normal 0.290285 0.95694 0
    outer loop
      vertex 6.08225 22.6993 6
      vertex 7.55383 22.2529 0
      vertex 6.08225 22.6993 0
    endloop
  endfacet
  facet normal -0.881862 -0.471507 0
    outer loop
      vertex -21.0765 -10.3938 0
      vertex -20.9647 -10.6029 3
      vertex -21.0765 -10.3938 6
    endloop
  endfacet
  facet normal -0.881841 -0.471547 -3.56512e-06
    outer loop
      vertex -21.0765 -10.3938 0
      vertex -20.9347 -10.659 2.59828
      vertex -20.9647 -10.6029 3
    endloop
  endfacet
  facet normal -0.881395 -0.47238 -0.00011293
    outer loop
      vertex -21.0765 -10.3938 0
      vertex -20.931 -10.6659 2.58289
      vertex -20.9347 -10.659 2.59828
    endloop
  endfacet
  facet normal -0.881977 -0.471293 3.44027e-05
    outer loop
      vertex -21.0765 -10.3938 0
      vertex -20.8476 -10.822 2.23588
      vertex -20.931 -10.6659 2.58289
    endloop
  endfacet
  facet normal -0.881924 -0.471391 1.02322e-05
    outer loop
      vertex -21.0765 -10.3938 0
      vertex -20.712 -11.0757 1.94828
      vertex -20.8476 -10.822 2.23588
    endloop
  endfacet
  facet normal -0.881955 -0.471334 3.57858e-05
    outer loop
      vertex -21.0765 -10.3938 0
      vertex -20.5411 -11.3955 1.76363
      vertex -20.712 -11.0757 1.94828
    endloop
  endfacet
  facet normal -0.881922 -0.471395 -8.4253e-06
    outer loop
      vertex -20.3516 -11.75 0
      vertex -20.5411 -11.3955 1.76363
      vertex -21.0765 -10.3938 0
    endloop
  endfacet
  facet normal -0.880816 -0.473458 0.000525113
    outer loop
      vertex -20.5411 -11.3955 1.76363
      vertex -20.3516 -11.75 0
      vertex -20.5332 -11.4102 1.761
    endloop
  endfacet
  facet normal -0.88195 -0.471342 0
    outer loop
      vertex -20.5332 -11.4102 1.761
      vertex -20.3516 -11.75 0
      vertex -20.3516 -11.75 1.7
    endloop
  endfacet
  facet normal -0.881841 -0.471547 3.56512e-06
    outer loop
      vertex -20.9347 -10.659 3.40172
      vertex -21.0765 -10.3938 6
      vertex -20.9647 -10.6029 3
    endloop
  endfacet
  facet normal -0.881395 -0.47238 0.00011293
    outer loop
      vertex -20.931 -10.6659 3.41711
      vertex -21.0765 -10.3938 6
      vertex -20.9347 -10.659 3.40172
    endloop
  endfacet
  facet normal -0.881977 -0.471293 -3.44027e-05
    outer loop
      vertex -20.8476 -10.822 3.76412
      vertex -21.0765 -10.3938 6
      vertex -20.931 -10.6659 3.41711
    endloop
  endfacet
  facet normal -0.881924 -0.471391 -1.02322e-05
    outer loop
      vertex -20.712 -11.0757 4.05172
      vertex -21.0765 -10.3938 6
      vertex -20.8476 -10.822 3.76412
    endloop
  endfacet
  facet normal -0.881955 -0.471334 -3.57858e-05
    outer loop
      vertex -20.5411 -11.3955 4.23637
      vertex -21.0765 -10.3938 6
      vertex -20.712 -11.0757 4.05172
    endloop
  endfacet
  facet normal -0.880816 -0.473458 -0.000525113
    outer loop
      vertex -20.3516 -11.75 6
      vertex -20.5411 -11.3955 4.23637
      vertex -20.5332 -11.4102 4.239
    endloop
  endfacet
  facet normal -0.88195 -0.471342 -0
    outer loop
      vertex -20.3516 -11.75 6
      vertex -20.5332 -11.4102 4.239
      vertex -20.3516 -11.75 4.3
    endloop
  endfacet
  facet normal -0.881922 -0.471395 8.4253e-06
    outer loop
      vertex -20.5411 -11.3955 4.23637
      vertex -20.3516 -11.75 6
      vertex -21.0765 -10.3938 6
    endloop
  endfacet
  facet normal -0.471395 -0.881922 0
    outer loop
      vertex -11.75 -20.3516 0
      vertex -10.3938 -21.0765 6
      vertex -11.75 -20.3516 6
    endloop
  endfacet
  facet normal -0.471395 -0.881922 -0
    outer loop
      vertex -10.3938 -21.0765 6
      vertex -11.75 -20.3516 0
      vertex -10.3938 -21.0765 0
    endloop
  endfacet
  facet normal -0.849191 0.528086 0
    outer loop
      vertex -20.3516 11.75 0
      vertex -19.5395 13.0559 6
      vertex -19.5395 13.0559 0
    endloop
  endfacet
  facet normal -0.849191 0.528086 0
    outer loop
      vertex -19.5395 13.0559 6
      vertex -20.3516 11.75 0
      vertex -20.3516 11.75 6
    endloop
  endfacet
  facet normal 0.156443 0 -0.987687
    outer loop
      vertex -0.401722 23.4868 4.23637
      vertex 0 17 4.3
      vertex -0.401722 16.9868 4.23637
    endloop
  endfacet
  facet normal 0.156443 0 -0.987687
    outer loop
      vertex 0 17 4.3
      vertex -0.401722 23.4868 4.23637
      vertex 0 23.5 4.3
    endloop
  endfacet
  facet normal 0.453989 0 0.891008
    outer loop
      vertex -0.76412 23.475 1.94828
      vertex -0.401722 16.9868 1.76363
      vertex -0.401722 23.4868 1.76363
    endloop
  endfacet
  facet normal 0.453989 0 0.891008
    outer loop
      vertex -0.401722 16.9868 1.76363
      vertex -0.76412 23.475 1.94828
      vertex -0.76412 16.975 1.94828
    endloop
  endfacet
  facet normal 0.156443 0 0.987687
    outer loop
      vertex -0.401722 23.4868 1.76363
      vertex 0 17 1.7
      vertex 0 23.5 1.7
    endloop
  endfacet
  facet normal 0.156443 0 0.987687
    outer loop
      vertex 0 17 1.7
      vertex -0.401722 23.4868 1.76363
      vertex -0.401722 16.9868 1.76363
    endloop
  endfacet
  facet normal 0.987687 0 -0.156444
    outer loop
      vertex -1.23637 16.9513 3.40172
      vertex -1.3 23.4574 3
      vertex -1.23637 23.4595 3.40172
    endloop
  endfacet
  facet normal 0.987687 0 -0.156444
    outer loop
      vertex -1.3 23.4574 3
      vertex -1.23637 16.9513 3.40172
      vertex -1.3 16.9451 3
    endloop
  endfacet
  facet normal -0.156443 0 -0.987687
    outer loop
      vertex 0 17 4.3
      vertex 0.401722 23.4868 4.23637
      vertex 0.401722 16.9868 4.23637
    endloop
  endfacet
  facet normal -0.156443 0 -0.987687
    outer loop
      vertex 0.401722 23.4868 4.23637
      vertex 0 17 4.3
      vertex 0 23.5 4.3
    endloop
  endfacet
  facet normal 0.707107 0 -0.707107
    outer loop
      vertex -0.76412 16.975 4.05172
      vertex -1.05172 23.4656 3.76412
      vertex -0.76412 23.475 4.05172
    endloop
  endfacet
  facet normal 0.707107 0 -0.707107
    outer loop
      vertex -1.05172 23.4656 3.76412
      vertex -0.76412 16.975 4.05172
      vertex -1.05172 16.9656 3.76412
    endloop
  endfacet
  facet normal -0.156443 0 0.987687
    outer loop
      vertex 0 17 1.7
      vertex 0.401722 23.4868 1.76363
      vertex 0 23.5 1.7
    endloop
  endfacet
  facet normal -0.156443 0 0.987687
    outer loop
      vertex 0.401722 23.4868 1.76363
      vertex 0 17 1.7
      vertex 0.401722 16.9868 1.76363
    endloop
  endfacet
  facet normal 0.453989 0 -0.891008
    outer loop
      vertex -0.76412 23.475 4.05172
      vertex -0.401722 16.9868 4.23637
      vertex -0.76412 16.975 4.05172
    endloop
  endfacet
  facet normal 0.453989 0 -0.891008
    outer loop
      vertex -0.401722 16.9868 4.23637
      vertex -0.76412 23.475 4.05172
      vertex -0.401722 23.4868 4.23637
    endloop
  endfacet
  facet normal -0.987687 0 -0.156444
    outer loop
      vertex 1.3 23.4574 3
      vertex 1.23637 16.9513 3.40172
      vertex 1.23637 23.4595 3.40172
    endloop
  endfacet
  facet normal -0.987687 0 -0.156444
    outer loop
      vertex 1.23637 16.9513 3.40172
      vertex 1.3 23.4574 3
      vertex 1.3 16.9451 3
    endloop
  endfacet
  facet normal -0.453989 0 0.891008
    outer loop
      vertex 0.401722 16.9868 1.76363
      vertex 0.76412 23.475 1.94828
      vertex 0.401722 23.4868 1.76363
    endloop
  endfacet
  facet normal -0.453989 0 0.891008
    outer loop
      vertex 0.76412 23.475 1.94828
      vertex 0.401722 16.9868 1.76363
      vertex 0.76412 16.975 1.94828
    endloop
  endfacet
  facet normal -0.891009 0 0.453987
    outer loop
      vertex 1.05172 16.9656 2.23588
      vertex 1.23637 23.4595 2.59828
      vertex 1.05172 23.4656 2.23588
    endloop
  endfacet
  facet normal -0.891004 -6.56867e-07 0.453996
    outer loop
      vertex 1.11185 16.9636 2.35389
      vertex 1.23637 23.4595 2.59828
      vertex 1.05172 16.9656 2.23588
    endloop
  endfacet
  facet normal -0.891011 0 0.453982
    outer loop
      vertex 1.23637 23.4595 2.59828
      vertex 1.11185 16.9636 2.35389
      vertex 1.23637 16.9513 2.59828
    endloop
  endfacet
  facet normal 0.987687 0 0.156444
    outer loop
      vertex -1.3 23.4574 3
      vertex -1.23637 16.9513 2.59828
      vertex -1.23637 23.4595 2.59828
    endloop
  endfacet
  facet normal 0.987687 0 0.156444
    outer loop
      vertex -1.23637 16.9513 2.59828
      vertex -1.3 23.4574 3
      vertex -1.3 16.9451 3
    endloop
  endfacet
  facet normal -0.707107 0 -0.707107
    outer loop
      vertex 1.05172 23.4656 3.76412
      vertex 0.76412 16.975 4.05172
      vertex 0.76412 23.475 4.05172
    endloop
  endfacet
  facet normal -0.707107 0 -0.707107
    outer loop
      vertex 0.76412 16.975 4.05172
      vertex 1.05172 23.4656 3.76412
      vertex 1.05172 16.9656 3.76412
    endloop
  endfacet
  facet normal 0.891009 0 -0.453987
    outer loop
      vertex -1.05172 16.9656 3.76412
      vertex -1.23637 23.4595 3.40172
      vertex -1.05172 23.4656 3.76412
    endloop
  endfacet
  facet normal 0.891004 -6.56867e-07 -0.453996
    outer loop
      vertex -1.11185 16.9636 3.64611
      vertex -1.23637 23.4595 3.40172
      vertex -1.05172 16.9656 3.76412
    endloop
  endfacet
  facet normal 0.891011 0 -0.453982
    outer loop
      vertex -1.23637 23.4595 3.40172
      vertex -1.11185 16.9636 3.64611
      vertex -1.23637 16.9513 3.40172
    endloop
  endfacet
  facet normal -0.707107 0 0.707107
    outer loop
      vertex 0.76412 16.975 1.94828
      vertex 1.05172 23.4656 2.23588
      vertex 0.76412 23.475 1.94828
    endloop
  endfacet
  facet normal -0.707107 0 0.707107
    outer loop
      vertex 1.05172 23.4656 2.23588
      vertex 0.76412 16.975 1.94828
      vertex 1.05172 16.9656 2.23588
    endloop
  endfacet
  facet normal -0.453989 0 -0.891008
    outer loop
      vertex 0.401722 16.9868 4.23637
      vertex 0.76412 23.475 4.05172
      vertex 0.76412 16.975 4.05172
    endloop
  endfacet
  facet normal -0.453989 0 -0.891008
    outer loop
      vertex 0.76412 23.475 4.05172
      vertex 0.401722 16.9868 4.23637
      vertex 0.401722 23.4868 4.23637
    endloop
  endfacet
  facet normal -0.987687 0 0.156444
    outer loop
      vertex 1.23637 16.9513 2.59828
      vertex 1.3 23.4574 3
      vertex 1.23637 23.4595 2.59828
    endloop
  endfacet
  facet normal -0.987687 0 0.156444
    outer loop
      vertex 1.3 23.4574 3
      vertex 1.23637 16.9513 2.59828
      vertex 1.3 16.9451 3
    endloop
  endfacet
  facet normal -0.891009 0 -0.453987
    outer loop
      vertex 1.23637 23.4595 3.40172
      vertex 1.05172 16.9656 3.76412
      vertex 1.05172 23.4656 3.76412
    endloop
  endfacet
  facet normal -0.891004 -6.56867e-07 -0.453996
    outer loop
      vertex 1.23637 23.4595 3.40172
      vertex 1.11185 16.9636 3.64611
      vertex 1.05172 16.9656 3.76412
    endloop
  endfacet
  facet normal -0.891011 0 -0.453982
    outer loop
      vertex 1.11185 16.9636 3.64611
      vertex 1.23637 23.4595 3.40172
      vertex 1.23637 16.9513 3.40172
    endloop
  endfacet
  facet normal 0.891009 0 0.453987
    outer loop
      vertex -1.23637 23.4595 2.59828
      vertex -1.05172 16.9656 2.23588
      vertex -1.05172 23.4656 2.23588
    endloop
  endfacet
  facet normal 0.891004 -6.56867e-07 0.453996
    outer loop
      vertex -1.23637 23.4595 2.59828
      vertex -1.11185 16.9636 2.35389
      vertex -1.05172 16.9656 2.23588
    endloop
  endfacet
  facet normal 0.891011 0 0.453982
    outer loop
      vertex -1.11185 16.9636 2.35389
      vertex -1.23637 23.4595 2.59828
      vertex -1.23637 16.9513 2.59828
    endloop
  endfacet
  facet normal 0.707107 0 0.707107
    outer loop
      vertex -1.05172 23.4656 2.23588
      vertex -0.76412 16.975 1.94828
      vertex -0.76412 23.475 1.94828
    endloop
  endfacet
  facet normal 0.707107 0 0.707107
    outer loop
      vertex -0.76412 16.975 1.94828
      vertex -1.05172 23.4656 2.23588
      vertex -1.05172 16.9656 2.23588
    endloop
  endfacet
  facet normal -0.493663 0.855054 -0.158682
    outer loop
      vertex -14.0621 -9.5464 3.40172
      vertex -19.6969 -12.8028 3.38466
      vertex -19.6984 -12.8005 3.40172
    endloop
  endfacet
  facet normal -0.493837 0.855345 -0.156557
    outer loop
      vertex -19.6969 -12.8028 3.38466
      vertex -14.0621 -9.5464 3.40172
      vertex -14.0506 -9.56242 3.27792
    endloop
  endfacet
  facet normal 0.0782294 -0.135498 -0.987684
    outer loop
      vertex -20.5332 -11.4102 4.239
      vertex -14.7224 -8.5 4.3
      vertex -20.3516 -11.75 4.3
    endloop
  endfacet
  facet normal 0.0782257 -0.135491 -0.987686
    outer loop
      vertex -14.7224 -8.5 4.3
      vertex -20.5332 -11.4102 4.239
      vertex -14.8538 -8.25417 4.25587
    endloop
  endfacet
  facet normal -0.353574 0.6124 0.707072
    outer loop
      vertex -14.3187 -9.14924 1.94828
      vertex -19.7959 -12.6436 2.23588
      vertex -14.1668 -9.3936 2.23588
    endloop
  endfacet
  facet normal -0.353514 0.612315 0.707176
    outer loop
      vertex -19.7959 -12.6436 2.23588
      vertex -14.3187 -9.14924 1.94828
      vertex -19.9479 -12.3992 1.94828
    endloop
  endfacet
  facet normal -0.445476 0.771592 0.454088
    outer loop
      vertex -14.0954 -9.49996 2.4867
      vertex -19.6984 -12.8005 2.59828
      vertex -14.0621 -9.5464 2.59828
    endloop
  endfacet
  facet normal -0.445368 0.771421 0.454485
    outer loop
      vertex -19.6984 -12.8005 2.59828
      vertex -14.0954 -9.49996 2.4867
      vertex -19.7025 -12.7938 2.58289
    endloop
  endfacet
  facet normal -0.0782256 0.13549 0.987686
    outer loop
      vertex -14.7224 -8.5 1.7
      vertex -20.1393 -12.0913 1.76363
      vertex -14.5102 -8.84133 1.76363
    endloop
  endfacet
  facet normal -0.0782206 0.135483 0.987687
    outer loop
      vertex -20.1393 -12.0913 1.76363
      vertex -14.7224 -8.5 1.7
      vertex -20.3516 -11.75 1.7
    endloop
  endfacet
  facet normal 0.226996 -0.393176 0.891002
    outer loop
      vertex -20.712 -11.0757 1.94828
      vertex -14.9119 -8.14552 1.76363
      vertex -15.0828 -7.82574 1.94828
    endloop
  endfacet
  facet normal 0.226989 -0.393161 0.891011
    outer loop
      vertex -14.9119 -8.14552 1.76363
      vertex -20.712 -11.0757 1.94828
      vertex -20.5411 -11.3955 1.76363
    endloop
  endfacet
  facet normal -0.445509 0.771646 0.453965
    outer loop
      vertex -14.135 -9.44469 2.35389
      vertex -19.7025 -12.7938 2.58289
      vertex -14.0954 -9.49996 2.4867
    endloop
  endfacet
  facet normal -0.445473 0.771595 0.454087
    outer loop
      vertex -14.1668 -9.3936 2.23588
      vertex -19.7025 -12.7938 2.58289
      vertex -14.135 -9.44469 2.35389
    endloop
  endfacet
  facet normal -0.445524 0.771662 0.453922
    outer loop
      vertex -19.7025 -12.7938 2.58289
      vertex -14.1668 -9.3936 2.23588
      vertex -19.7959 -12.6436 2.23588
    endloop
  endfacet
  facet normal -0.493864 0.855374 0.156315
    outer loop
      vertex -14.0506 -9.56242 2.72208
      vertex -19.6647 -12.8546 3
      vertex -14.0249 -9.59837 3
    endloop
  endfacet
  facet normal -0.493839 0.85535 0.156525
    outer loop
      vertex -19.6647 -12.8546 3
      vertex -14.0506 -9.56242 2.72208
      vertex -19.6969 -12.8028 2.61534
    endloop
  endfacet
  facet normal -0.493864 0.855374 -0.156315
    outer loop
      vertex -19.6647 -12.8546 3
      vertex -14.0506 -9.56242 3.27792
      vertex -14.0249 -9.59837 3
    endloop
  endfacet
  facet normal -0.493839 0.85535 -0.156525
    outer loop
      vertex -14.0506 -9.56242 3.27792
      vertex -19.6647 -12.8546 3
      vertex -19.6969 -12.8028 3.38466
    endloop
  endfacet
  facet normal 0.353603 -0.61247 -0.706997
    outer loop
      vertex -20.8476 -10.822 3.76412
      vertex -15.0828 -7.82574 4.05172
      vertex -20.712 -11.0757 4.05172
    endloop
  endfacet
  facet normal 0.353546 -0.612347 -0.707133
    outer loop
      vertex -15.0828 -7.82574 4.05172
      vertex -20.8476 -10.822 3.76412
      vertex -15.2185 -7.57197 3.76412
    endloop
  endfacet
  facet normal -0.0782256 0.13549 -0.987686
    outer loop
      vertex -20.1393 -12.0913 4.23637
      vertex -14.7224 -8.5 4.3
      vertex -14.5102 -8.84133 4.23637
    endloop
  endfacet
  facet normal -0.0782206 0.135483 -0.987687
    outer loop
      vertex -14.7224 -8.5 4.3
      vertex -20.1393 -12.0913 4.23637
      vertex -20.3516 -11.75 4.3
    endloop
  endfacet
  facet normal -0.226986 0.393159 -0.891012
    outer loop
      vertex -19.9479 -12.3992 4.05172
      vertex -14.5102 -8.84133 4.23637
      vertex -14.3187 -9.14924 4.05172
    endloop
  endfacet
  facet normal -0.227019 0.393207 -0.890983
    outer loop
      vertex -14.5102 -8.84133 4.23637
      vertex -19.9479 -12.3992 4.05172
      vertex -20.1393 -12.0913 4.23637
    endloop
  endfacet
  facet normal 0.445463 -0.771566 0.454146
    outer loop
      vertex -20.8476 -10.822 2.23588
      vertex -15.2749 -7.45697 2.4867
      vertex -20.931 -10.6659 2.58289
    endloop
  endfacet
  facet normal 0.445475 -0.771583 0.454105
    outer loop
      vertex -15.2749 -7.45697 2.4867
      vertex -20.8476 -10.822 2.23588
      vertex -15.2468 -7.51891 2.35389
    endloop
  endfacet
  facet normal 0.445553 -0.771704 0.453824
    outer loop
      vertex -15.2468 -7.51891 2.35389
      vertex -20.8476 -10.822 2.23588
      vertex -15.2185 -7.57197 2.23588
    endloop
  endfacet
  facet normal 0.226989 -0.393161 -0.891011
    outer loop
      vertex -20.712 -11.0757 4.05172
      vertex -14.9119 -8.14552 4.23637
      vertex -20.5411 -11.3955 4.23637
    endloop
  endfacet
  facet normal 0.226996 -0.393176 -0.891002
    outer loop
      vertex -14.9119 -8.14552 4.23637
      vertex -20.712 -11.0757 4.05172
      vertex -15.0828 -7.82574 4.05172
    endloop
  endfacet
  facet normal -0.353574 0.6124 -0.707072
    outer loop
      vertex -19.7959 -12.6436 3.76412
      vertex -14.3187 -9.14924 4.05172
      vertex -14.1668 -9.3936 3.76412
    endloop
  endfacet
  facet normal -0.353514 0.612315 -0.707176
    outer loop
      vertex -14.3187 -9.14924 4.05172
      vertex -19.7959 -12.6436 3.76412
      vertex -19.9479 -12.3992 4.05172
    endloop
  endfacet
  facet normal -0.445473 0.771595 -0.454087
    outer loop
      vertex -19.7025 -12.7938 3.41711
      vertex -14.1668 -9.3936 3.76412
      vertex -14.135 -9.44469 3.64611
    endloop
  endfacet
  facet normal -0.445509 0.771646 -0.453965
    outer loop
      vertex -19.7025 -12.7938 3.41711
      vertex -14.135 -9.44469 3.64611
      vertex -14.0954 -9.49996 3.5133
    endloop
  endfacet
  facet normal -0.445524 0.771662 -0.453922
    outer loop
      vertex -14.1668 -9.3936 3.76412
      vertex -19.7025 -12.7938 3.41711
      vertex -19.7959 -12.6436 3.76412
    endloop
  endfacet
  facet normal -0.493837 0.855345 0.156557
    outer loop
      vertex -14.0621 -9.5464 2.59828
      vertex -19.6969 -12.8028 2.61534
      vertex -14.0506 -9.56242 2.72208
    endloop
  endfacet
  facet normal -0.493663 0.855054 0.158682
    outer loop
      vertex -19.6969 -12.8028 2.61534
      vertex -14.0621 -9.5464 2.59828
      vertex -19.6984 -12.8005 2.59828
    endloop
  endfacet
  facet normal -0.226986 0.393159 0.891012
    outer loop
      vertex -14.5102 -8.84133 1.76363
      vertex -19.9479 -12.3992 1.94828
      vertex -14.3187 -9.14924 1.94828
    endloop
  endfacet
  facet normal -0.227019 0.393207 0.890983
    outer loop
      vertex -19.9479 -12.3992 1.94828
      vertex -14.5102 -8.84133 1.76363
      vertex -20.1393 -12.0913 1.76363
    endloop
  endfacet
  facet normal 0.353546 -0.612347 0.707133
    outer loop
      vertex -20.8476 -10.822 2.23588
      vertex -15.0828 -7.82574 1.94828
      vertex -15.2185 -7.57197 2.23588
    endloop
  endfacet
  facet normal 0.353603 -0.61247 0.706997
    outer loop
      vertex -15.0828 -7.82574 1.94828
      vertex -20.8476 -10.822 2.23588
      vertex -20.712 -11.0757 1.94828
    endloop
  endfacet
  facet normal 0.0782007 -0.135449 0.987693
    outer loop
      vertex -20.5411 -11.3955 1.76363
      vertex -14.8538 -8.25417 1.74413
      vertex -14.9119 -8.14552 1.76363
    endloop
  endfacet
  facet normal 0.0778828 -0.134873 0.987797
    outer loop
      vertex -14.8538 -8.25417 1.74413
      vertex -20.5411 -11.3955 1.76363
      vertex -20.5332 -11.4102 1.761
    endloop
  endfacet
  facet normal 0.0782257 -0.135491 0.987686
    outer loop
      vertex -20.5332 -11.4102 1.761
      vertex -14.7224 -8.5 1.7
      vertex -14.8538 -8.25417 1.74413
    endloop
  endfacet
  facet normal 0.0782294 -0.135498 0.987684
    outer loop
      vertex -14.7224 -8.5 1.7
      vertex -20.5332 -11.4102 1.761
      vertex -20.3516 -11.75 1.7
    endloop
  endfacet
  facet normal 0.0778828 -0.134873 -0.987797
    outer loop
      vertex -20.5411 -11.3955 4.23637
      vertex -14.8538 -8.25417 4.25587
      vertex -20.5332 -11.4102 4.239
    endloop
  endfacet
  facet normal 0.0782007 -0.135449 -0.987693
    outer loop
      vertex -14.8538 -8.25417 4.25587
      vertex -20.5411 -11.3955 4.23637
      vertex -14.9119 -8.14552 4.23637
    endloop
  endfacet
  facet normal -0.445476 0.771592 -0.454088
    outer loop
      vertex -19.6984 -12.8005 3.40172
      vertex -14.0954 -9.49996 3.5133
      vertex -14.0621 -9.5464 3.40172
    endloop
  endfacet
  facet normal -0.445368 0.771421 -0.454485
    outer loop
      vertex -14.0954 -9.49996 3.5133
      vertex -19.6984 -12.8005 3.40172
      vertex -19.7025 -12.7938 3.41711
    endloop
  endfacet
  facet normal 0.493859 -0.855373 -0.156333
    outer loop
      vertex -15.3249 -7.3467 3
      vertex -20.9347 -10.659 3.40172
      vertex -20.9647 -10.6029 3
    endloop
  endfacet
  facet normal 0.493842 -0.85536 -0.156461
    outer loop
      vertex -20.9347 -10.659 3.40172
      vertex -15.3249 -7.3467 3
      vertex -15.2985 -7.40494 3.40172
    endloop
  endfacet
  facet normal 0.445691 -0.771959 -0.453254
    outer loop
      vertex -15.2985 -7.40494 3.40172
      vertex -20.931 -10.6659 3.41711
      vertex -20.9347 -10.659 3.40172
    endloop
  endfacet
  facet normal 0.445491 -0.771617 -0.454032
    outer loop
      vertex -20.931 -10.6659 3.41711
      vertex -15.2985 -7.40494 3.40172
      vertex -15.2749 -7.45697 3.5133
    endloop
  endfacet
  facet normal 0.445553 -0.771704 -0.453824
    outer loop
      vertex -20.8476 -10.822 3.76412
      vertex -15.2468 -7.51891 3.64611
      vertex -15.2185 -7.57197 3.76412
    endloop
  endfacet
  facet normal 0.445475 -0.771583 -0.454105
    outer loop
      vertex -20.8476 -10.822 3.76412
      vertex -15.2749 -7.45697 3.5133
      vertex -15.2468 -7.51891 3.64611
    endloop
  endfacet
  facet normal 0.445463 -0.771566 -0.454146
    outer loop
      vertex -15.2749 -7.45697 3.5133
      vertex -20.8476 -10.822 3.76412
      vertex -20.931 -10.6659 3.41711
    endloop
  endfacet
  facet normal 0.445691 -0.771959 0.453254
    outer loop
      vertex -20.931 -10.6659 2.58289
      vertex -15.2985 -7.40494 2.59828
      vertex -20.9347 -10.659 2.59828
    endloop
  endfacet
  facet normal 0.445491 -0.771617 0.454032
    outer loop
      vertex -15.2985 -7.40494 2.59828
      vertex -20.931 -10.6659 2.58289
      vertex -15.2749 -7.45697 2.4867
    endloop
  endfacet
  facet normal 0.493859 -0.855373 0.156333
    outer loop
      vertex -20.9347 -10.659 2.59828
      vertex -15.3249 -7.3467 3
      vertex -20.9647 -10.6029 3
    endloop
  endfacet
  facet normal 0.493842 -0.85536 0.156461
    outer loop
      vertex -15.3249 -7.3467 3
      vertex -20.9347 -10.659 2.59828
      vertex -15.2985 -7.40494 2.59828
    endloop
  endfacet
  facet normal -0.0782007 -0.135449 0.987693
    outer loop
      vertex 14.8538 -8.25417 1.74413
      vertex 20.5411 -11.3955 1.76363
      vertex 14.9119 -8.14552 1.76363
    endloop
  endfacet
  facet normal -0.0778828 -0.134873 0.987797
    outer loop
      vertex 20.5411 -11.3955 1.76363
      vertex 14.8538 -8.25417 1.74413
      vertex 20.5332 -11.4102 1.761
    endloop
  endfacet
  facet normal 0.493663 0.855054 -0.158682
    outer loop
      vertex 19.6969 -12.8028 3.38466
      vertex 14.0621 -9.5464 3.40172
      vertex 19.6984 -12.8005 3.40172
    endloop
  endfacet
  facet normal 0.493837 0.855345 -0.156557
    outer loop
      vertex 14.0621 -9.5464 3.40172
      vertex 19.6969 -12.8028 3.38466
      vertex 14.0506 -9.56242 3.27792
    endloop
  endfacet
  facet normal -0.0782257 -0.135491 0.987686
    outer loop
      vertex 14.7224 -8.5 1.7
      vertex 20.5332 -11.4102 1.761
      vertex 14.8538 -8.25417 1.74413
    endloop
  endfacet
  facet normal -0.0782294 -0.135498 0.987684
    outer loop
      vertex 20.5332 -11.4102 1.761
      vertex 14.7224 -8.5 1.7
      vertex 20.3516 -11.75 1.7
    endloop
  endfacet
  facet normal 0.493839 0.85535 -0.156525
    outer loop
      vertex 19.6647 -12.8546 3
      vertex 14.0506 -9.56242 3.27792
      vertex 19.6969 -12.8028 3.38466
    endloop
  endfacet
  facet normal 0.493864 0.855374 -0.156315
    outer loop
      vertex 14.0506 -9.56242 3.27792
      vertex 19.6647 -12.8546 3
      vertex 14.0249 -9.59837 3
    endloop
  endfacet
  facet normal -0.353546 -0.612347 0.707133
    outer loop
      vertex 15.0828 -7.82574 1.94828
      vertex 20.8476 -10.822 2.23588
      vertex 15.2185 -7.57197 2.23588
    endloop
  endfacet
  facet normal -0.353603 -0.61247 0.706997
    outer loop
      vertex 20.8476 -10.822 2.23588
      vertex 15.0828 -7.82574 1.94828
      vertex 20.712 -11.0757 1.94828
    endloop
  endfacet
  facet normal -0.226996 -0.393176 0.891002
    outer loop
      vertex 14.9119 -8.14552 1.76363
      vertex 20.712 -11.0757 1.94828
      vertex 15.0828 -7.82574 1.94828
    endloop
  endfacet
  facet normal -0.226989 -0.393161 0.891011
    outer loop
      vertex 20.712 -11.0757 1.94828
      vertex 14.9119 -8.14552 1.76363
      vertex 20.5411 -11.3955 1.76363
    endloop
  endfacet
  facet normal -0.353603 -0.61247 -0.706997
    outer loop
      vertex 15.0828 -7.82574 4.05172
      vertex 20.8476 -10.822 3.76412
      vertex 20.712 -11.0757 4.05172
    endloop
  endfacet
  facet normal -0.353546 -0.612347 -0.707133
    outer loop
      vertex 20.8476 -10.822 3.76412
      vertex 15.0828 -7.82574 4.05172
      vertex 15.2185 -7.57197 3.76412
    endloop
  endfacet
  facet normal -0.493842 -0.85536 0.156461
    outer loop
      vertex 20.9347 -10.659 2.59828
      vertex 15.3249 -7.3467 3
      vertex 15.2985 -7.40494 2.59828
    endloop
  endfacet
  facet normal -0.493859 -0.855373 0.156333
    outer loop
      vertex 15.3249 -7.3467 3
      vertex 20.9347 -10.659 2.59828
      vertex 20.9647 -10.6029 3
    endloop
  endfacet
  facet normal -0.226989 -0.393161 -0.891011
    outer loop
      vertex 14.9119 -8.14552 4.23637
      vertex 20.712 -11.0757 4.05172
      vertex 20.5411 -11.3955 4.23637
    endloop
  endfacet
  facet normal -0.226996 -0.393176 -0.891002
    outer loop
      vertex 20.712 -11.0757 4.05172
      vertex 14.9119 -8.14552 4.23637
      vertex 15.0828 -7.82574 4.05172
    endloop
  endfacet
  facet normal 0.493864 0.855374 0.156315
    outer loop
      vertex 19.6647 -12.8546 3
      vertex 14.0506 -9.56242 2.72208
      vertex 14.0249 -9.59837 3
    endloop
  endfacet
  facet normal 0.493839 0.85535 0.156525
    outer loop
      vertex 14.0506 -9.56242 2.72208
      vertex 19.6647 -12.8546 3
      vertex 19.6969 -12.8028 2.61534
    endloop
  endfacet
  facet normal 0.227019 0.393207 0.890983
    outer loop
      vertex 14.5102 -8.84133 1.76363
      vertex 19.9479 -12.3992 1.94828
      vertex 20.1393 -12.0913 1.76363
    endloop
  endfacet
  facet normal 0.226986 0.393159 0.891012
    outer loop
      vertex 19.9479 -12.3992 1.94828
      vertex 14.5102 -8.84133 1.76363
      vertex 14.3187 -9.14924 1.94828
    endloop
  endfacet
  facet normal 0.227019 0.393207 -0.890983
    outer loop
      vertex 19.9479 -12.3992 4.05172
      vertex 14.5102 -8.84133 4.23637
      vertex 20.1393 -12.0913 4.23637
    endloop
  endfacet
  facet normal 0.226986 0.393159 -0.891012
    outer loop
      vertex 14.5102 -8.84133 4.23637
      vertex 19.9479 -12.3992 4.05172
      vertex 14.3187 -9.14924 4.05172
    endloop
  endfacet
  facet normal 0.353514 0.612315 -0.707176
    outer loop
      vertex 19.7959 -12.6436 3.76412
      vertex 14.3187 -9.14924 4.05172
      vertex 19.9479 -12.3992 4.05172
    endloop
  endfacet
  facet normal 0.353574 0.6124 -0.707072
    outer loop
      vertex 14.3187 -9.14924 4.05172
      vertex 19.7959 -12.6436 3.76412
      vertex 14.1668 -9.3936 3.76412
    endloop
  endfacet
  facet normal -0.445691 -0.771959 0.453254
    outer loop
      vertex 15.2985 -7.40494 2.59828
      vertex 20.931 -10.6659 2.58289
      vertex 20.9347 -10.659 2.59828
    endloop
  endfacet
  facet normal -0.445491 -0.771617 0.454032
    outer loop
      vertex 20.931 -10.6659 2.58289
      vertex 15.2985 -7.40494 2.59828
      vertex 15.2749 -7.45697 2.4867
    endloop
  endfacet
  facet normal -0.445475 -0.771583 0.454105
    outer loop
      vertex 20.8476 -10.822 2.23588
      vertex 15.2749 -7.45697 2.4867
      vertex 15.2468 -7.51891 2.35389
    endloop
  endfacet
  facet normal -0.445553 -0.771704 0.453824
    outer loop
      vertex 20.8476 -10.822 2.23588
      vertex 15.2468 -7.51891 2.35389
      vertex 15.2185 -7.57197 2.23588
    endloop
  endfacet
  facet normal -0.445463 -0.771566 0.454146
    outer loop
      vertex 15.2749 -7.45697 2.4867
      vertex 20.8476 -10.822 2.23588
      vertex 20.931 -10.6659 2.58289
    endloop
  endfacet
  facet normal -0.493842 -0.85536 -0.156461
    outer loop
      vertex 15.3249 -7.3467 3
      vertex 20.9347 -10.659 3.40172
      vertex 15.2985 -7.40494 3.40172
    endloop
  endfacet
  facet normal -0.493859 -0.855373 -0.156333
    outer loop
      vertex 20.9347 -10.659 3.40172
      vertex 15.3249 -7.3467 3
      vertex 20.9647 -10.6029 3
    endloop
  endfacet
  facet normal 0.0782206 0.135483 -0.987687
    outer loop
      vertex 20.1393 -12.0913 4.23637
      vertex 14.7224 -8.5 4.3
      vertex 20.3516 -11.75 4.3
    endloop
  endfacet
  facet normal 0.0782256 0.13549 -0.987686
    outer loop
      vertex 14.7224 -8.5 4.3
      vertex 20.1393 -12.0913 4.23637
      vertex 14.5102 -8.84133 4.23637
    endloop
  endfacet
  facet normal -0.445553 -0.771704 -0.453824
    outer loop
      vertex 15.2468 -7.51891 3.64611
      vertex 20.8476 -10.822 3.76412
      vertex 15.2185 -7.57197 3.76412
    endloop
  endfacet
  facet normal -0.445475 -0.771583 -0.454105
    outer loop
      vertex 15.2749 -7.45697 3.5133
      vertex 20.8476 -10.822 3.76412
      vertex 15.2468 -7.51891 3.64611
    endloop
  endfacet
  facet normal -0.445463 -0.771566 -0.454146
    outer loop
      vertex 20.8476 -10.822 3.76412
      vertex 15.2749 -7.45697 3.5133
      vertex 20.931 -10.6659 3.41711
    endloop
  endfacet
  facet normal -0.445491 -0.771617 -0.454032
    outer loop
      vertex 15.2985 -7.40494 3.40172
      vertex 20.931 -10.6659 3.41711
      vertex 15.2749 -7.45697 3.5133
    endloop
  endfacet
  facet normal -0.445691 -0.771959 -0.453254
    outer loop
      vertex 20.931 -10.6659 3.41711
      vertex 15.2985 -7.40494 3.40172
      vertex 20.9347 -10.659 3.40172
    endloop
  endfacet
  facet normal -0.0778828 -0.134873 -0.987797
    outer loop
      vertex 14.8538 -8.25417 4.25587
      vertex 20.5411 -11.3955 4.23637
      vertex 20.5332 -11.4102 4.239
    endloop
  endfacet
  facet normal -0.0782007 -0.135449 -0.987693
    outer loop
      vertex 20.5411 -11.3955 4.23637
      vertex 14.8538 -8.25417 4.25587
      vertex 14.9119 -8.14552 4.23637
    endloop
  endfacet
  facet normal -0.0782294 -0.135498 -0.987684
    outer loop
      vertex 14.7224 -8.5 4.3
      vertex 20.5332 -11.4102 4.239
      vertex 20.3516 -11.75 4.3
    endloop
  endfacet
  facet normal -0.0782257 -0.135491 -0.987686
    outer loop
      vertex 20.5332 -11.4102 4.239
      vertex 14.7224 -8.5 4.3
      vertex 14.8538 -8.25417 4.25587
    endloop
  endfacet
  facet normal 0.0782206 0.135483 0.987687
    outer loop
      vertex 14.7224 -8.5 1.7
      vertex 20.1393 -12.0913 1.76363
      vertex 20.3516 -11.75 1.7
    endloop
  endfacet
  facet normal 0.0782256 0.13549 0.987686
    outer loop
      vertex 20.1393 -12.0913 1.76363
      vertex 14.7224 -8.5 1.7
      vertex 14.5102 -8.84133 1.76363
    endloop
  endfacet
  facet normal 0.445509 0.771646 0.453965
    outer loop
      vertex 19.7025 -12.7938 2.58289
      vertex 14.135 -9.44469 2.35389
      vertex 14.0954 -9.49996 2.4867
    endloop
  endfacet
  facet normal 0.445524 0.771662 0.453922
    outer loop
      vertex 14.1668 -9.3936 2.23588
      vertex 19.7025 -12.7938 2.58289
      vertex 19.7959 -12.6436 2.23588
    endloop
  endfacet
  facet normal 0.445473 0.771595 0.454087
    outer loop
      vertex 19.7025 -12.7938 2.58289
      vertex 14.1668 -9.3936 2.23588
      vertex 14.135 -9.44469 2.35389
    endloop
  endfacet
  facet normal 0.353514 0.612315 0.707176
    outer loop
      vertex 14.3187 -9.14924 1.94828
      vertex 19.7959 -12.6436 2.23588
      vertex 19.9479 -12.3992 1.94828
    endloop
  endfacet
  facet normal 0.353574 0.6124 0.707072
    outer loop
      vertex 19.7959 -12.6436 2.23588
      vertex 14.3187 -9.14924 1.94828
      vertex 14.1668 -9.3936 2.23588
    endloop
  endfacet
  facet normal 0.445368 0.771421 0.454485
    outer loop
      vertex 14.0954 -9.49996 2.4867
      vertex 19.6984 -12.8005 2.59828
      vertex 19.7025 -12.7938 2.58289
    endloop
  endfacet
  facet normal 0.445476 0.771592 0.454088
    outer loop
      vertex 19.6984 -12.8005 2.59828
      vertex 14.0954 -9.49996 2.4867
      vertex 14.0621 -9.5464 2.59828
    endloop
  endfacet
  facet normal 0.493663 0.855054 0.158682
    outer loop
      vertex 14.0621 -9.5464 2.59828
      vertex 19.6969 -12.8028 2.61534
      vertex 19.6984 -12.8005 2.59828
    endloop
  endfacet
  facet normal 0.493837 0.855345 0.156557
    outer loop
      vertex 19.6969 -12.8028 2.61534
      vertex 14.0621 -9.5464 2.59828
      vertex 14.0506 -9.56242 2.72208
    endloop
  endfacet
  facet normal 0.445524 0.771662 -0.453922
    outer loop
      vertex 19.7025 -12.7938 3.41711
      vertex 14.1668 -9.3936 3.76412
      vertex 19.7959 -12.6436 3.76412
    endloop
  endfacet
  facet normal 0.445473 0.771595 -0.454087
    outer loop
      vertex 14.1668 -9.3936 3.76412
      vertex 19.7025 -12.7938 3.41711
      vertex 14.135 -9.44469 3.64611
    endloop
  endfacet
  facet normal 0.445509 0.771646 -0.453965
    outer loop
      vertex 14.135 -9.44469 3.64611
      vertex 19.7025 -12.7938 3.41711
      vertex 14.0954 -9.49996 3.5133
    endloop
  endfacet
  facet normal 0.445368 0.771421 -0.454485
    outer loop
      vertex 19.6984 -12.8005 3.40172
      vertex 14.0954 -9.49996 3.5133
      vertex 19.7025 -12.7938 3.41711
    endloop
  endfacet
  facet normal 0.445476 0.771592 -0.454088
    outer loop
      vertex 14.0954 -9.49996 3.5133
      vertex 19.6984 -12.8005 3.40172
      vertex 14.0621 -9.5464 3.40172
    endloop
  endfacet
  facet normal -0.227037 0.393245 0.890961
    outer loop
      vertex 14.9119 8.14552 95.7636
      vertex 20.712 11.0757 95.9483
      vertex 20.5411 11.3955 95.7636
    endloop
  endfacet
  facet normal -0.227045 0.393261 0.890953
    outer loop
      vertex 20.712 11.0757 95.9483
      vertex 14.9119 8.14552 95.7636
      vertex 15.0828 7.82574 95.9483
    endloop
  endfacet
  facet normal 0.0781846 -0.135421 0.987699
    outer loop
      vertex 20.1393 12.0913 95.7636
      vertex 14.7224 8.5 95.7
      vertex 20.3516 11.75 95.7
    endloop
  endfacet
  facet normal 0.0781897 -0.135428 0.987697
    outer loop
      vertex 14.7224 8.5 95.7
      vertex 20.1393 12.0913 95.7636
      vertex 14.5102 8.84133 95.7636
    endloop
  endfacet
  facet normal 0.493619 -0.854978 -0.159228
    outer loop
      vertex 14.0621 9.5464 97.4017
      vertex 19.6969 12.8028 97.3847
      vertex 19.6984 12.8005 97.4017
    endloop
  endfacet
  facet normal 0.493838 -0.855344 -0.156557
    outer loop
      vertex 19.6969 12.8028 97.3847
      vertex 14.0621 9.5464 97.4017
      vertex 14.0506 9.56242 97.2779
    endloop
  endfacet
  facet normal -0.353546 0.612347 -0.707133
    outer loop
      vertex 15.0828 7.82574 98.0517
      vertex 20.8476 10.822 97.7641
      vertex 15.2185 7.57197 97.7641
    endloop
  endfacet
  facet normal -0.353603 0.61247 -0.706997
    outer loop
      vertex 20.8476 10.822 97.7641
      vertex 15.0828 7.82574 98.0517
      vertex 20.712 11.0757 98.0517
    endloop
  endfacet
  facet normal -0.0781794 0.135398 -0.987702
    outer loop
      vertex 14.7224 8.5 98.3
      vertex 20.5332 11.4102 98.239
      vertex 14.8538 8.25417 98.2559
    endloop
  endfacet
  facet normal -0.0782294 0.135498 -0.987684
    outer loop
      vertex 20.5332 11.4102 98.239
      vertex 14.7224 8.5 98.3
      vertex 20.3516 11.75 98.3
    endloop
  endfacet
  facet normal 0.445493 -0.771621 0.454023
    outer loop
      vertex 14.0954 9.49996 96.4867
      vertex 19.6984 12.8005 96.5983
      vertex 14.0621 9.5464 96.5983
    endloop
  endfacet
  facet normal 0.445431 -0.771523 0.454251
    outer loop
      vertex 19.6984 12.8005 96.5983
      vertex 14.0954 9.49996 96.4867
      vertex 19.7025 12.7938 96.5829
    endloop
  endfacet
  facet normal 0.445501 -0.771635 0.453992
    outer loop
      vertex 14.135 9.44469 96.3539
      vertex 19.7025 12.7938 96.5829
      vertex 14.0954 9.49996 96.4867
    endloop
  endfacet
  facet normal 0.445464 -0.771582 0.454118
    outer loop
      vertex 14.1668 9.3936 96.2359
      vertex 19.7025 12.7938 96.5829
      vertex 14.135 9.44469 96.3539
    endloop
  endfacet
  facet normal 0.445522 -0.771657 0.453933
    outer loop
      vertex 19.7025 12.7938 96.5829
      vertex 14.1668 9.3936 96.2359
      vertex 19.7959 12.6436 96.2359
    endloop
  endfacet
  facet normal 0.493863 -0.855372 0.156326
    outer loop
      vertex 14.0506 9.56242 96.7221
      vertex 19.6647 12.8546 97
      vertex 14.0249 9.59837 97
    endloop
  endfacet
  facet normal 0.493842 -0.855351 0.156509
    outer loop
      vertex 19.6647 12.8546 97
      vertex 14.0506 9.56242 96.7221
      vertex 19.6969 12.8028 96.6153
    endloop
  endfacet
  facet normal 0.493863 -0.855372 -0.156326
    outer loop
      vertex 19.6647 12.8546 97
      vertex 14.0506 9.56242 97.2779
      vertex 14.0249 9.59837 97
    endloop
  endfacet
  facet normal 0.493842 -0.855351 -0.156509
    outer loop
      vertex 14.0506 9.56242 97.2779
      vertex 19.6647 12.8546 97
      vertex 19.6969 12.8028 97.3847
    endloop
  endfacet
  facet normal -0.227045 0.393261 -0.890953
    outer loop
      vertex 14.9119 8.14552 98.2364
      vertex 20.712 11.0757 98.0517
      vertex 15.0828 7.82574 98.0517
    endloop
  endfacet
  facet normal -0.227037 0.393245 -0.890961
    outer loop
      vertex 20.712 11.0757 98.0517
      vertex 14.9119 8.14552 98.2364
      vertex 20.5411 11.3955 98.2364
    endloop
  endfacet
  facet normal 0.353514 -0.612315 0.707176
    outer loop
      vertex 19.7959 12.6436 96.2359
      vertex 14.3187 9.14924 95.9483
      vertex 19.9479 12.3992 95.9483
    endloop
  endfacet
  facet normal 0.353574 -0.6124 0.707072
    outer loop
      vertex 14.3187 9.14924 95.9483
      vertex 19.7959 12.6436 96.2359
      vertex 14.1668 9.3936 96.2359
    endloop
  endfacet
  facet normal 0.227068 -0.393292 -0.890933
    outer loop
      vertex 14.5102 8.84133 98.2364
      vertex 19.9479 12.3992 98.0517
      vertex 20.1393 12.0913 98.2364
    endloop
  endfacet
  facet normal 0.227035 -0.393244 -0.890963
    outer loop
      vertex 19.9479 12.3992 98.0517
      vertex 14.5102 8.84133 98.2364
      vertex 14.3187 9.14924 98.0517
    endloop
  endfacet
  facet normal -0.445462 0.771561 0.454156
    outer loop
      vertex 20.8476 10.822 96.2359
      vertex 15.2749 7.45697 96.4867
      vertex 20.931 10.6659 96.5829
    endloop
  endfacet
  facet normal -0.445469 0.771571 0.454132
    outer loop
      vertex 15.2749 7.45697 96.4867
      vertex 20.8476 10.822 96.2359
      vertex 15.2468 7.51891 96.3539
    endloop
  endfacet
  facet normal -0.445545 0.77169 0.453854
    outer loop
      vertex 15.2468 7.51891 96.3539
      vertex 20.8476 10.822 96.2359
      vertex 15.2185 7.57197 96.2359
    endloop
  endfacet
  facet normal 0.0781846 -0.135421 -0.987699
    outer loop
      vertex 14.7224 8.5 98.3
      vertex 20.1393 12.0913 98.2364
      vertex 20.3516 11.75 98.3
    endloop
  endfacet
  facet normal 0.0781897 -0.135428 -0.987697
    outer loop
      vertex 20.1393 12.0913 98.2364
      vertex 14.7224 8.5 98.3
      vertex 14.5102 8.84133 98.2364
    endloop
  endfacet
  facet normal -0.353603 0.61247 0.706997
    outer loop
      vertex 15.0828 7.82574 95.9483
      vertex 20.8476 10.822 96.2359
      vertex 20.712 11.0757 95.9483
    endloop
  endfacet
  facet normal -0.353546 0.612347 0.707133
    outer loop
      vertex 20.8476 10.822 96.2359
      vertex 15.0828 7.82574 95.9483
      vertex 15.2185 7.57197 96.2359
    endloop
  endfacet
  facet normal 0.353514 -0.612315 -0.707176
    outer loop
      vertex 14.3187 9.14924 98.0517
      vertex 19.7959 12.6436 97.7641
      vertex 19.9479 12.3992 98.0517
    endloop
  endfacet
  facet normal 0.353574 -0.6124 -0.707072
    outer loop
      vertex 19.7959 12.6436 97.7641
      vertex 14.3187 9.14924 98.0517
      vertex 14.1668 9.3936 97.7641
    endloop
  endfacet
  facet normal 0.445464 -0.771582 -0.454118
    outer loop
      vertex 19.7025 12.7938 97.4171
      vertex 14.1668 9.3936 97.7641
      vertex 14.135 9.44469 97.6461
    endloop
  endfacet
  facet normal 0.445501 -0.771635 -0.453992
    outer loop
      vertex 19.7025 12.7938 97.4171
      vertex 14.135 9.44469 97.6461
      vertex 14.0954 9.49996 97.5133
    endloop
  endfacet
  facet normal 0.445522 -0.771657 -0.453933
    outer loop
      vertex 14.1668 9.3936 97.7641
      vertex 19.7025 12.7938 97.4171
      vertex 19.7959 12.6436 97.7641
    endloop
  endfacet
  facet normal 0.493838 -0.855344 0.156557
    outer loop
      vertex 14.0621 9.5464 96.5983
      vertex 19.6969 12.8028 96.6153
      vertex 14.0506 9.56242 96.7221
    endloop
  endfacet
  facet normal 0.493619 -0.854978 0.159228
    outer loop
      vertex 19.6969 12.8028 96.6153
      vertex 14.0621 9.5464 96.5983
      vertex 19.6984 12.8005 96.5983
    endloop
  endfacet
  facet normal 0.227068 -0.393292 0.890933
    outer loop
      vertex 19.9479 12.3992 95.9483
      vertex 14.5102 8.84133 95.7636
      vertex 20.1393 12.0913 95.7636
    endloop
  endfacet
  facet normal 0.227035 -0.393244 0.890963
    outer loop
      vertex 14.5102 8.84133 95.7636
      vertex 19.9479 12.3992 95.9483
      vertex 14.3187 9.14924 95.9483
    endloop
  endfacet
  facet normal -0.0770453 0.133355 0.988069
    outer loop
      vertex 14.8538 8.25417 95.7441
      vertex 20.5411 11.3955 95.7636
      vertex 20.5332 11.4102 95.761
    endloop
  endfacet
  facet normal -0.0782007 0.135449 0.987693
    outer loop
      vertex 20.5411 11.3955 95.7636
      vertex 14.8538 8.25417 95.7441
      vertex 14.9119 8.14552 95.7636
    endloop
  endfacet
  facet normal -0.0782294 0.135498 0.987684
    outer loop
      vertex 14.7224 8.5 95.7
      vertex 20.5332 11.4102 95.761
      vertex 20.3516 11.75 95.7
    endloop
  endfacet
  facet normal -0.0781794 0.135398 0.987702
    outer loop
      vertex 20.5332 11.4102 95.761
      vertex 14.7224 8.5 95.7
      vertex 14.8538 8.25417 95.7441
    endloop
  endfacet
  facet normal -0.0782007 0.135449 -0.987693
    outer loop
      vertex 14.8538 8.25417 98.2559
      vertex 20.5411 11.3955 98.2364
      vertex 14.9119 8.14552 98.2364
    endloop
  endfacet
  facet normal -0.0770453 0.133355 -0.988069
    outer loop
      vertex 20.5411 11.3955 98.2364
      vertex 14.8538 8.25417 98.2559
      vertex 20.5332 11.4102 98.239
    endloop
  endfacet
  facet normal 0.445493 -0.771621 -0.454023
    outer loop
      vertex 19.6984 12.8005 97.4017
      vertex 14.0954 9.49996 97.5133
      vertex 14.0621 9.5464 97.4017
    endloop
  endfacet
  facet normal 0.445431 -0.771523 -0.454251
    outer loop
      vertex 14.0954 9.49996 97.5133
      vertex 19.6984 12.8005 97.4017
      vertex 19.7025 12.7938 97.4171
    endloop
  endfacet
  facet normal -0.493858 0.855372 -0.156341
    outer loop
      vertex 15.3249 7.3467 97
      vertex 20.9347 10.659 97.4017
      vertex 20.9647 10.6029 97
    endloop
  endfacet
  facet normal -0.493841 0.855359 -0.156469
    outer loop
      vertex 20.9347 10.659 97.4017
      vertex 15.3249 7.3467 97
      vertex 15.2985 7.40494 97.4017
    endloop
  endfacet
  facet normal -0.44575 0.772062 -0.45302
    outer loop
      vertex 15.2985 7.40494 97.4017
      vertex 20.931 10.6659 97.4171
      vertex 20.9347 10.659 97.4017
    endloop
  endfacet
  facet normal -0.445507 0.771646 -0.453967
    outer loop
      vertex 20.931 10.6659 97.4171
      vertex 15.2985 7.40494 97.4017
      vertex 15.2749 7.45697 97.5133
    endloop
  endfacet
  facet normal -0.445545 0.77169 -0.453854
    outer loop
      vertex 20.8476 10.822 97.7641
      vertex 15.2468 7.51891 97.6461
      vertex 15.2185 7.57197 97.7641
    endloop
  endfacet
  facet normal -0.445469 0.771571 -0.454132
    outer loop
      vertex 20.8476 10.822 97.7641
      vertex 15.2749 7.45697 97.5133
      vertex 15.2468 7.51891 97.6461
    endloop
  endfacet
  facet normal -0.445462 0.771561 -0.454156
    outer loop
      vertex 15.2749 7.45697 97.5133
      vertex 20.8476 10.822 97.7641
      vertex 20.931 10.6659 97.4171
    endloop
  endfacet
  facet normal -0.44575 0.772062 0.45302
    outer loop
      vertex 20.931 10.6659 96.5829
      vertex 15.2985 7.40494 96.5983
      vertex 20.9347 10.659 96.5983
    endloop
  endfacet
  facet normal -0.445507 0.771646 0.453967
    outer loop
      vertex 15.2985 7.40494 96.5983
      vertex 20.931 10.6659 96.5829
      vertex 15.2749 7.45697 96.4867
    endloop
  endfacet
  facet normal -0.493858 0.855372 0.156341
    outer loop
      vertex 20.9347 10.659 96.5983
      vertex 15.3249 7.3467 97
      vertex 20.9647 10.6029 97
    endloop
  endfacet
  facet normal -0.493841 0.855359 0.156469
    outer loop
      vertex 15.3249 7.3467 97
      vertex 20.9347 10.659 96.5983
      vertex 15.2985 7.40494 96.5983
    endloop
  endfacet
  facet normal 0.0770453 0.133355 0.988069
    outer loop
      vertex -20.5411 11.3955 95.7636
      vertex -14.8538 8.25417 95.7441
      vertex -20.5332 11.4102 95.761
    endloop
  endfacet
  facet normal 0.0782007 0.135449 0.987693
    outer loop
      vertex -14.8538 8.25417 95.7441
      vertex -20.5411 11.3955 95.7636
      vertex -14.9119 8.14552 95.7636
    endloop
  endfacet
  facet normal -0.493619 -0.854978 -0.159228
    outer loop
      vertex -19.6969 12.8028 97.3847
      vertex -14.0621 9.5464 97.4017
      vertex -19.6984 12.8005 97.4017
    endloop
  endfacet
  facet normal -0.493838 -0.855344 -0.156557
    outer loop
      vertex -14.0621 9.5464 97.4017
      vertex -19.6969 12.8028 97.3847
      vertex -14.0506 9.56242 97.2779
    endloop
  endfacet
  facet normal 0.0782294 0.135498 0.987684
    outer loop
      vertex -20.5332 11.4102 95.761
      vertex -14.7224 8.5 95.7
      vertex -20.3516 11.75 95.7
    endloop
  endfacet
  facet normal 0.0781794 0.135398 0.987702
    outer loop
      vertex -14.7224 8.5 95.7
      vertex -20.5332 11.4102 95.761
      vertex -14.8538 8.25417 95.7441
    endloop
  endfacet
  facet normal 0.493841 0.855359 0.156469
    outer loop
      vertex -20.9347 10.659 96.5983
      vertex -15.3249 7.3467 97
      vertex -15.2985 7.40494 96.5983
    endloop
  endfacet
  facet normal 0.493858 0.855372 0.156341
    outer loop
      vertex -15.3249 7.3467 97
      vertex -20.9347 10.659 96.5983
      vertex -20.9647 10.6029 97
    endloop
  endfacet
  facet normal -0.353574 -0.6124 0.707072
    outer loop
      vertex -19.7959 12.6436 96.2359
      vertex -14.3187 9.14924 95.9483
      vertex -14.1668 9.3936 96.2359
    endloop
  endfacet
  facet normal -0.353514 -0.612315 0.707176
    outer loop
      vertex -14.3187 9.14924 95.9483
      vertex -19.7959 12.6436 96.2359
      vertex -19.9479 12.3992 95.9483
    endloop
  endfacet
  facet normal -0.353574 -0.6124 -0.707072
    outer loop
      vertex -14.3187 9.14924 98.0517
      vertex -19.7959 12.6436 97.7641
      vertex -14.1668 9.3936 97.7641
    endloop
  endfacet
  facet normal -0.353514 -0.612315 -0.707176
    outer loop
      vertex -19.7959 12.6436 97.7641
      vertex -14.3187 9.14924 98.0517
      vertex -19.9479 12.3992 98.0517
    endloop
  endfacet
  facet normal 0.353603 0.61247 0.706997
    outer loop
      vertex -20.8476 10.822 96.2359
      vertex -15.0828 7.82574 95.9483
      vertex -20.712 11.0757 95.9483
    endloop
  endfacet
  facet normal 0.353546 0.612347 0.707133
    outer loop
      vertex -15.0828 7.82574 95.9483
      vertex -20.8476 10.822 96.2359
      vertex -15.2185 7.57197 96.2359
    endloop
  endfacet
  facet normal -0.493842 -0.855351 -0.156509
    outer loop
      vertex -19.6647 12.8546 97
      vertex -14.0506 9.56242 97.2779
      vertex -19.6969 12.8028 97.3847
    endloop
  endfacet
  facet normal -0.493863 -0.855372 -0.156326
    outer loop
      vertex -14.0506 9.56242 97.2779
      vertex -19.6647 12.8546 97
      vertex -14.0249 9.59837 97
    endloop
  endfacet
  facet normal 0.227045 0.393261 -0.890953
    outer loop
      vertex -20.712 11.0757 98.0517
      vertex -14.9119 8.14552 98.2364
      vertex -15.0828 7.82574 98.0517
    endloop
  endfacet
  facet normal 0.227037 0.393245 -0.890961
    outer loop
      vertex -14.9119 8.14552 98.2364
      vertex -20.712 11.0757 98.0517
      vertex -20.5411 11.3955 98.2364
    endloop
  endfacet
  facet normal 0.227037 0.393245 0.890961
    outer loop
      vertex -20.712 11.0757 95.9483
      vertex -14.9119 8.14552 95.7636
      vertex -20.5411 11.3955 95.7636
    endloop
  endfacet
  facet normal 0.227045 0.393261 0.890953
    outer loop
      vertex -14.9119 8.14552 95.7636
      vertex -20.712 11.0757 95.9483
      vertex -15.0828 7.82574 95.9483
    endloop
  endfacet
  facet normal 0.493841 0.855359 -0.156469
    outer loop
      vertex -15.3249 7.3467 97
      vertex -20.9347 10.659 97.4017
      vertex -15.2985 7.40494 97.4017
    endloop
  endfacet
  facet normal 0.493858 0.855372 -0.156341
    outer loop
      vertex -20.9347 10.659 97.4017
      vertex -15.3249 7.3467 97
      vertex -20.9647 10.6029 97
    endloop
  endfacet
  facet normal 0.353546 0.612347 -0.707133
    outer loop
      vertex -20.8476 10.822 97.7641
      vertex -15.0828 7.82574 98.0517
      vertex -15.2185 7.57197 97.7641
    endloop
  endfacet
  facet normal 0.353603 0.61247 -0.706997
    outer loop
      vertex -15.0828 7.82574 98.0517
      vertex -20.8476 10.822 97.7641
      vertex -20.712 11.0757 98.0517
    endloop
  endfacet
  facet normal -0.493863 -0.855372 0.156326
    outer loop
      vertex -19.6647 12.8546 97
      vertex -14.0506 9.56242 96.7221
      vertex -14.0249 9.59837 97
    endloop
  endfacet
  facet normal -0.493842 -0.855351 0.156509
    outer loop
      vertex -14.0506 9.56242 96.7221
      vertex -19.6647 12.8546 97
      vertex -19.6969 12.8028 96.6153
    endloop
  endfacet
  facet normal -0.227035 -0.393244 -0.890963
    outer loop
      vertex -14.5102 8.84133 98.2364
      vertex -19.9479 12.3992 98.0517
      vertex -14.3187 9.14924 98.0517
    endloop
  endfacet
  facet normal -0.227068 -0.393292 -0.890933
    outer loop
      vertex -19.9479 12.3992 98.0517
      vertex -14.5102 8.84133 98.2364
      vertex -20.1393 12.0913 98.2364
    endloop
  endfacet
  facet normal -0.227035 -0.393244 0.890963
    outer loop
      vertex -19.9479 12.3992 95.9483
      vertex -14.5102 8.84133 95.7636
      vertex -14.3187 9.14924 95.9483
    endloop
  endfacet
  facet normal -0.227068 -0.393292 0.890933
    outer loop
      vertex -14.5102 8.84133 95.7636
      vertex -19.9479 12.3992 95.9483
      vertex -20.1393 12.0913 95.7636
    endloop
  endfacet
  facet normal 0.44575 0.772062 0.45302
    outer loop
      vertex -15.2985 7.40494 96.5983
      vertex -20.931 10.6659 96.5829
      vertex -20.9347 10.659 96.5983
    endloop
  endfacet
  facet normal 0.445507 0.771646 0.453967
    outer loop
      vertex -20.931 10.6659 96.5829
      vertex -15.2985 7.40494 96.5983
      vertex -15.2749 7.45697 96.4867
    endloop
  endfacet
  facet normal 0.445469 0.771571 0.454132
    outer loop
      vertex -20.8476 10.822 96.2359
      vertex -15.2749 7.45697 96.4867
      vertex -15.2468 7.51891 96.3539
    endloop
  endfacet
  facet normal 0.445545 0.77169 0.453854
    outer loop
      vertex -20.8476 10.822 96.2359
      vertex -15.2468 7.51891 96.3539
      vertex -15.2185 7.57197 96.2359
    endloop
  endfacet
  facet normal 0.445462 0.771561 0.454156
    outer loop
      vertex -15.2749 7.45697 96.4867
      vertex -20.8476 10.822 96.2359
      vertex -20.931 10.6659 96.5829
    endloop
  endfacet
  facet normal -0.0781897 -0.135428 -0.987697
    outer loop
      vertex -14.7224 8.5 98.3
      vertex -20.1393 12.0913 98.2364
      vertex -14.5102 8.84133 98.2364
    endloop
  endfacet
  facet normal -0.0781846 -0.135421 -0.987699
    outer loop
      vertex -20.1393 12.0913 98.2364
      vertex -14.7224 8.5 98.3
      vertex -20.3516 11.75 98.3
    endloop
  endfacet
  facet normal 0.445545 0.77169 -0.453854
    outer loop
      vertex -15.2468 7.51891 97.6461
      vertex -20.8476 10.822 97.7641
      vertex -15.2185 7.57197 97.7641
    endloop
  endfacet
  facet normal 0.445469 0.771571 -0.454132
    outer loop
      vertex -15.2749 7.45697 97.5133
      vertex -20.8476 10.822 97.7641
      vertex -15.2468 7.51891 97.6461
    endloop
  endfacet
  facet normal 0.445462 0.771561 -0.454156
    outer loop
      vertex -20.8476 10.822 97.7641
      vertex -15.2749 7.45697 97.5133
      vertex -20.931 10.6659 97.4171
    endloop
  endfacet
  facet normal 0.445507 0.771646 -0.453967
    outer loop
      vertex -15.2985 7.40494 97.4017
      vertex -20.931 10.6659 97.4171
      vertex -15.2749 7.45697 97.5133
    endloop
  endfacet
  facet normal 0.44575 0.772062 -0.45302
    outer loop
      vertex -20.931 10.6659 97.4171
      vertex -15.2985 7.40494 97.4017
      vertex -20.9347 10.659 97.4017
    endloop
  endfacet
  facet normal 0.0782007 0.135449 -0.987693
    outer loop
      vertex -20.5411 11.3955 98.2364
      vertex -14.8538 8.25417 98.2559
      vertex -14.9119 8.14552 98.2364
    endloop
  endfacet
  facet normal 0.0770453 0.133355 -0.988069
    outer loop
      vertex -14.8538 8.25417 98.2559
      vertex -20.5411 11.3955 98.2364
      vertex -20.5332 11.4102 98.239
    endloop
  endfacet
  facet normal 0.0781794 0.135398 -0.987702
    outer loop
      vertex -20.5332 11.4102 98.239
      vertex -14.7224 8.5 98.3
      vertex -14.8538 8.25417 98.2559
    endloop
  endfacet
  facet normal 0.0782294 0.135498 -0.987684
    outer loop
      vertex -14.7224 8.5 98.3
      vertex -20.5332 11.4102 98.239
      vertex -20.3516 11.75 98.3
    endloop
  endfacet
  facet normal -0.0781897 -0.135428 0.987697
    outer loop
      vertex -20.1393 12.0913 95.7636
      vertex -14.7224 8.5 95.7
      vertex -14.5102 8.84133 95.7636
    endloop
  endfacet
  facet normal -0.0781846 -0.135421 0.987699
    outer loop
      vertex -14.7224 8.5 95.7
      vertex -20.1393 12.0913 95.7636
      vertex -20.3516 11.75 95.7
    endloop
  endfacet
  facet normal -0.445501 -0.771635 0.453992
    outer loop
      vertex -19.7025 12.7938 96.5829
      vertex -14.135 9.44469 96.3539
      vertex -14.0954 9.49996 96.4867
    endloop
  endfacet
  facet normal -0.445522 -0.771657 0.453933
    outer loop
      vertex -14.1668 9.3936 96.2359
      vertex -19.7025 12.7938 96.5829
      vertex -19.7959 12.6436 96.2359
    endloop
  endfacet
  facet normal -0.445464 -0.771582 0.454118
    outer loop
      vertex -19.7025 12.7938 96.5829
      vertex -14.1668 9.3936 96.2359
      vertex -14.135 9.44469 96.3539
    endloop
  endfacet
  facet normal -0.445431 -0.771523 0.454251
    outer loop
      vertex -14.0954 9.49996 96.4867
      vertex -19.6984 12.8005 96.5983
      vertex -19.7025 12.7938 96.5829
    endloop
  endfacet
  facet normal -0.445493 -0.771621 0.454023
    outer loop
      vertex -19.6984 12.8005 96.5983
      vertex -14.0954 9.49996 96.4867
      vertex -14.0621 9.5464 96.5983
    endloop
  endfacet
  facet normal -0.493619 -0.854978 0.159228
    outer loop
      vertex -14.0621 9.5464 96.5983
      vertex -19.6969 12.8028 96.6153
      vertex -19.6984 12.8005 96.5983
    endloop
  endfacet
  facet normal -0.493838 -0.855344 0.156557
    outer loop
      vertex -19.6969 12.8028 96.6153
      vertex -14.0621 9.5464 96.5983
      vertex -14.0506 9.56242 96.7221
    endloop
  endfacet
  facet normal -0.445522 -0.771657 -0.453933
    outer loop
      vertex -19.7025 12.7938 97.4171
      vertex -14.1668 9.3936 97.7641
      vertex -19.7959 12.6436 97.7641
    endloop
  endfacet
  facet normal -0.445464 -0.771582 -0.454118
    outer loop
      vertex -14.1668 9.3936 97.7641
      vertex -19.7025 12.7938 97.4171
      vertex -14.135 9.44469 97.6461
    endloop
  endfacet
  facet normal -0.445501 -0.771635 -0.453992
    outer loop
      vertex -14.135 9.44469 97.6461
      vertex -19.7025 12.7938 97.4171
      vertex -14.0954 9.49996 97.5133
    endloop
  endfacet
  facet normal -0.445431 -0.771523 -0.454251
    outer loop
      vertex -19.6984 12.8005 97.4017
      vertex -14.0954 9.49996 97.5133
      vertex -19.7025 12.7938 97.4171
    endloop
  endfacet
  facet normal -0.445493 -0.771621 -0.454023
    outer loop
      vertex -14.0954 9.49996 97.5133
      vertex -19.6984 12.8005 97.4017
      vertex -14.0621 9.5464 97.4017
    endloop
  endfacet
  facet normal -0.454086 -0 -0.890958
    outer loop
      vertex 0.401722 -16.9868 98.2364
      vertex 0.76412 -23.475 98.0517
      vertex 0.401722 -23.4868 98.2364
    endloop
  endfacet
  facet normal -0.454086 0 -0.890958
    outer loop
      vertex 0.76412 -23.475 98.0517
      vertex 0.401722 -16.9868 98.2364
      vertex 0.76412 -16.975 98.0517
    endloop
  endfacet
  facet normal -0.707107 -0 -0.707107
    outer loop
      vertex 0.76412 -16.975 98.0517
      vertex 1.05172 -23.4656 97.7641
      vertex 0.76412 -23.475 98.0517
    endloop
  endfacet
  facet normal -0.707107 0 -0.707107
    outer loop
      vertex 1.05172 -23.4656 97.7641
      vertex 0.76412 -16.975 98.0517
      vertex 1.05172 -16.9656 97.7641
    endloop
  endfacet
  facet normal -0.156371 0 0.987698
    outer loop
      vertex 0 -17 95.7
      vertex 0.401722 -23.4868 95.7636
      vertex 0.401722 -16.9868 95.7636
    endloop
  endfacet
  facet normal -0.156371 0 0.987698
    outer loop
      vertex 0.401722 -23.4868 95.7636
      vertex 0 -17 95.7
      vertex 0 -23.5 95.7
    endloop
  endfacet
  facet normal -0.987686 0 -0.156451
    outer loop
      vertex 1.3 -23.4574 97
      vertex 1.23637 -16.9513 97.4017
      vertex 1.3 -16.9451 97
    endloop
  endfacet
  facet normal -0.987686 -0 -0.156451
    outer loop
      vertex 1.23637 -16.9513 97.4017
      vertex 1.3 -23.4574 97
      vertex 1.23637 -23.4595 97.4017
    endloop
  endfacet
  facet normal -0.987686 0 0.156451
    outer loop
      vertex 1.23637 -16.9513 96.5983
      vertex 1.3 -23.4574 97
      vertex 1.3 -16.9451 97
    endloop
  endfacet
  facet normal -0.987686 0 0.156451
    outer loop
      vertex 1.3 -23.4574 97
      vertex 1.23637 -16.9513 96.5983
      vertex 1.23637 -23.4595 96.5983
    endloop
  endfacet
  facet normal -0.156371 -0 -0.987698
    outer loop
      vertex 0 -17 98.3
      vertex 0.401722 -23.4868 98.2364
      vertex 0 -23.5 98.3
    endloop
  endfacet
  facet normal -0.156371 0 -0.987698
    outer loop
      vertex 0.401722 -23.4868 98.2364
      vertex 0 -17 98.3
      vertex 0.401722 -16.9868 98.2364
    endloop
  endfacet
  facet normal 0.987686 0 -0.156451
    outer loop
      vertex -1.23637 -16.9513 97.4017
      vertex -1.3 -23.4574 97
      vertex -1.3 -16.9451 97
    endloop
  endfacet
  facet normal 0.987686 0 -0.156451
    outer loop
      vertex -1.3 -23.4574 97
      vertex -1.23637 -16.9513 97.4017
      vertex -1.23637 -23.4595 97.4017
    endloop
  endfacet
  facet normal 0.454086 -0 0.890958
    outer loop
      vertex -0.76412 -23.475 95.9483
      vertex -0.401722 -16.9868 95.7636
      vertex -0.76412 -16.975 95.9483
    endloop
  endfacet
  facet normal 0.454086 0 0.890958
    outer loop
      vertex -0.401722 -16.9868 95.7636
      vertex -0.76412 -23.475 95.9483
      vertex -0.401722 -23.4868 95.7636
    endloop
  endfacet
  facet normal -0.454086 0 0.890958
    outer loop
      vertex 0.401722 -16.9868 95.7636
      vertex 0.76412 -23.475 95.9483
      vertex 0.76412 -16.975 95.9483
    endloop
  endfacet
  facet normal -0.454086 0 0.890958
    outer loop
      vertex 0.76412 -23.475 95.9483
      vertex 0.401722 -16.9868 95.7636
      vertex 0.401722 -23.4868 95.7636
    endloop
  endfacet
  facet normal 0.707107 -0 0.707107
    outer loop
      vertex -1.05172 -23.4656 96.2359
      vertex -0.76412 -16.975 95.9483
      vertex -1.05172 -16.9656 96.2359
    endloop
  endfacet
  facet normal 0.707107 0 0.707107
    outer loop
      vertex -0.76412 -16.975 95.9483
      vertex -1.05172 -23.4656 96.2359
      vertex -0.76412 -23.475 95.9483
    endloop
  endfacet
  facet normal 0.156371 0 -0.987698
    outer loop
      vertex -0.401722 -23.4868 98.2364
      vertex 0 -17 98.3
      vertex 0 -23.5 98.3
    endloop
  endfacet
  facet normal 0.156371 0 -0.987698
    outer loop
      vertex 0 -17 98.3
      vertex -0.401722 -23.4868 98.2364
      vertex -0.401722 -16.9868 98.2364
    endloop
  endfacet
  facet normal 0.156371 -0 0.987698
    outer loop
      vertex -0.401722 -23.4868 95.7636
      vertex 0 -17 95.7
      vertex -0.401722 -16.9868 95.7636
    endloop
  endfacet
  facet normal 0.156371 0 0.987698
    outer loop
      vertex 0 -17 95.7
      vertex -0.401722 -23.4868 95.7636
      vertex 0 -23.5 95.7
    endloop
  endfacet
  facet normal 0.891018 -0 0.453967
    outer loop
      vertex -1.23637 -23.4595 96.5983
      vertex -1.11185 -16.9636 96.3539
      vertex -1.23637 -16.9513 96.5983
    endloop
  endfacet
  facet normal 0.890988 2.80189e-06 0.454026
    outer loop
      vertex -1.23637 -23.4595 96.5983
      vertex -1.05172 -16.9656 96.2359
      vertex -1.11185 -16.9636 96.3539
    endloop
  endfacet
  facet normal 0.891009 0 0.453987
    outer loop
      vertex -1.05172 -16.9656 96.2359
      vertex -1.23637 -23.4595 96.5983
      vertex -1.05172 -23.4656 96.2359
    endloop
  endfacet
  facet normal -0.891018 0 -0.453967
    outer loop
      vertex 1.23637 -23.4595 97.4017
      vertex 1.11185 -16.9636 97.6461
      vertex 1.23637 -16.9513 97.4017
    endloop
  endfacet
  facet normal -0.890988 2.80189e-06 -0.454026
    outer loop
      vertex 1.23637 -23.4595 97.4017
      vertex 1.05172 -16.9656 97.7641
      vertex 1.11185 -16.9636 97.6461
    endloop
  endfacet
  facet normal -0.891009 -0 -0.453987
    outer loop
      vertex 1.05172 -16.9656 97.7641
      vertex 1.23637 -23.4595 97.4017
      vertex 1.05172 -23.4656 97.7641
    endloop
  endfacet
  facet normal 0.707107 0 -0.707107
    outer loop
      vertex -1.05172 -23.4656 97.7641
      vertex -0.76412 -16.975 98.0517
      vertex -0.76412 -23.475 98.0517
    endloop
  endfacet
  facet normal 0.707107 0 -0.707107
    outer loop
      vertex -0.76412 -16.975 98.0517
      vertex -1.05172 -23.4656 97.7641
      vertex -1.05172 -16.9656 97.7641
    endloop
  endfacet
  facet normal -0.891018 0 0.453967
    outer loop
      vertex 1.11185 -16.9636 96.3539
      vertex 1.23637 -23.4595 96.5983
      vertex 1.23637 -16.9513 96.5983
    endloop
  endfacet
  facet normal -0.890988 2.80189e-06 0.454026
    outer loop
      vertex 1.05172 -16.9656 96.2359
      vertex 1.23637 -23.4595 96.5983
      vertex 1.11185 -16.9636 96.3539
    endloop
  endfacet
  facet normal -0.891009 0 0.453987
    outer loop
      vertex 1.23637 -23.4595 96.5983
      vertex 1.05172 -16.9656 96.2359
      vertex 1.05172 -23.4656 96.2359
    endloop
  endfacet
  facet normal -0.707107 0 0.707107
    outer loop
      vertex 0.76412 -16.975 95.9483
      vertex 1.05172 -23.4656 96.2359
      vertex 1.05172 -16.9656 96.2359
    endloop
  endfacet
  facet normal -0.707107 0 0.707107
    outer loop
      vertex 1.05172 -23.4656 96.2359
      vertex 0.76412 -16.975 95.9483
      vertex 0.76412 -23.475 95.9483
    endloop
  endfacet
  facet normal 0.987686 -0 0.156451
    outer loop
      vertex -1.3 -23.4574 97
      vertex -1.23637 -16.9513 96.5983
      vertex -1.3 -16.9451 97
    endloop
  endfacet
  facet normal 0.987686 0 0.156451
    outer loop
      vertex -1.23637 -16.9513 96.5983
      vertex -1.3 -23.4574 97
      vertex -1.23637 -23.4595 96.5983
    endloop
  endfacet
  facet normal 0.454086 0 -0.890958
    outer loop
      vertex -0.76412 -23.475 98.0517
      vertex -0.401722 -16.9868 98.2364
      vertex -0.401722 -23.4868 98.2364
    endloop
  endfacet
  facet normal 0.454086 0 -0.890958
    outer loop
      vertex -0.401722 -16.9868 98.2364
      vertex -0.76412 -23.475 98.0517
      vertex -0.76412 -16.975 98.0517
    endloop
  endfacet
  facet normal 0.891018 0 -0.453967
    outer loop
      vertex -1.11185 -16.9636 97.6461
      vertex -1.23637 -23.4595 97.4017
      vertex -1.23637 -16.9513 97.4017
    endloop
  endfacet
  facet normal 0.890988 2.80189e-06 -0.454026
    outer loop
      vertex -1.05172 -16.9656 97.7641
      vertex -1.23637 -23.4595 97.4017
      vertex -1.11185 -16.9636 97.6461
    endloop
  endfacet
  facet normal 0.891009 0 -0.453987
    outer loop
      vertex -1.23637 -23.4595 97.4017
      vertex -1.05172 -16.9656 97.7641
      vertex -1.05172 -23.4656 97.7641
    endloop
  endfacet
  facet normal -0 0.499984 0.866034
    outer loop
      vertex -22.5 0 42.379
      vertex -16.9636 -1.11185 43.0209
      vertex -17 0 42.379
    endloop
  endfacet
  facet normal 7.70423e-06 0.500013 0.866018
    outer loop
      vertex -22.5 0 42.379
      vertex -16.8546 -2.21894 43.6601
      vertex -16.9636 -1.11185 43.0209
    endloop
  endfacet
  facet normal 2.52651e-07 0.499999 0.866026
    outer loop
      vertex -22.5 -6.6 46.1895
      vertex -16.8546 -2.21894 43.6601
      vertex -22.5 0 42.379
    endloop
  endfacet
  facet normal -4.15952e-06 0.500003 0.866024
    outer loop
      vertex -16.8546 -2.21894 43.6601
      vertex -22.5 -6.6 46.1895
      vertex -16.6733 -3.31653 44.2938
    endloop
  endfacet
  facet normal -3.40274e-06 0.500002 0.866024
    outer loop
      vertex -16.6733 -3.31653 44.2938
      vertex -22.5 -6.6 46.1895
      vertex -16.4207 -4.39992 44.9193
    endloop
  endfacet
  facet normal 2.68197e-06 0.499989 0.866031
    outer loop
      vertex -16.4207 -4.39992 44.9193
      vertex -22.5 -6.6 46.1895
      vertex -16.0978 -5.46447 45.5339
    endloop
  endfacet
  facet normal 1.32233e-06 0.499995 0.866028
    outer loop
      vertex -16.0978 -5.46447 45.5339
      vertex -22.5 -6.6 46.1895
      vertex -15.706 -6.50562 46.135
    endloop
  endfacet
  facet normal 0 0.500067 0.865987
    outer loop
      vertex -15.706 -6.50562 46.135
      vertex -22.5 -6.6 46.1895
      vertex -15.6632 -6.6 46.1895
    endloop
  endfacet
  facet normal 0 -0.499984 -0.866034
    outer loop
      vertex -22.5 0 57.621
      vertex -16.9636 1.11185 56.9791
      vertex -17 0 57.621
    endloop
  endfacet
  facet normal 7.70423e-06 -0.500013 -0.866018
    outer loop
      vertex -22.5 0 57.621
      vertex -16.8546 2.21894 56.3399
      vertex -16.9636 1.11185 56.9791
    endloop
  endfacet
  facet normal 2.52651e-07 -0.499999 -0.866026
    outer loop
      vertex -22.5 6.6 53.8105
      vertex -16.8546 2.21894 56.3399
      vertex -22.5 0 57.621
    endloop
  endfacet
  facet normal -4.15952e-06 -0.500003 -0.866024
    outer loop
      vertex -16.8546 2.21894 56.3399
      vertex -22.5 6.6 53.8105
      vertex -16.6733 3.31653 55.7062
    endloop
  endfacet
  facet normal -3.40274e-06 -0.500002 -0.866024
    outer loop
      vertex -16.6733 3.31653 55.7062
      vertex -22.5 6.6 53.8105
      vertex -16.4207 4.39992 55.0807
    endloop
  endfacet
  facet normal 2.68197e-06 -0.499989 -0.866031
    outer loop
      vertex -16.4207 4.39992 55.0807
      vertex -22.5 6.6 53.8105
      vertex -16.0978 5.46447 54.4661
    endloop
  endfacet
  facet normal 1.32233e-06 -0.499995 -0.866028
    outer loop
      vertex -16.0978 5.46447 54.4661
      vertex -22.5 6.6 53.8105
      vertex -15.706 6.50562 53.865
    endloop
  endfacet
  facet normal 0 -0.500067 -0.865987
    outer loop
      vertex -15.706 6.50562 53.865
      vertex -22.5 6.6 53.8105
      vertex -15.6632 6.6 53.8105
    endloop
  endfacet
  facet normal 0 1 -0
    outer loop
      vertex -15.6632 -6.6 46.1895
      vertex -22.5 -6.6 53.8105
      vertex -15.6632 -6.6 53.8105
    endloop
  endfacet
  facet normal 0 1 0
    outer loop
      vertex -22.5 -6.6 53.8105
      vertex -15.6632 -6.6 46.1895
      vertex -22.5 -6.6 46.1895
    endloop
  endfacet
  facet normal 1 0 0
    outer loop
      vertex -22.5 6.6 53.8105
      vertex -22.5 4.2 50
      vertex -22.5 6.6 46.1895
    endloop
  endfacet
  facet normal 1 0 0
    outer loop
      vertex -22.5 6.6 53.8105
      vertex -22.5 4.17976 50.4117
      vertex -22.5 4.2 50
    endloop
  endfacet
  facet normal 1 0 0
    outer loop
      vertex -22.5 6.6 53.8105
      vertex -22.5 4.11929 50.8194
      vertex -22.5 4.17976 50.4117
    endloop
  endfacet
  facet normal 1 0 0
    outer loop
      vertex -22.5 6.6 53.8105
      vertex -22.5 4.01913 51.2192
      vertex -22.5 4.11929 50.8194
    endloop
  endfacet
  facet normal 1 0 0
    outer loop
      vertex -22.5 6.6 53.8105
      vertex -22.5 3.88028 51.6073
      vertex -22.5 4.01913 51.2192
    endloop
  endfacet
  facet normal 1 0 0
    outer loop
      vertex -22.5 6.6 53.8105
      vertex -22.5 3.70406 51.9799
      vertex -22.5 3.88028 51.6073
    endloop
  endfacet
  facet normal 1 0 0
    outer loop
      vertex -22.5 6.6 53.8105
      vertex -22.5 3.49217 52.3334
      vertex -22.5 3.70406 51.9799
    endloop
  endfacet
  facet normal 1 0 0
    outer loop
      vertex -22.5 6.6 53.8105
      vertex -22.5 3.24664 52.6644
      vertex -22.5 3.49217 52.3334
    endloop
  endfacet
  facet normal 1 0 0
    outer loop
      vertex -22.5 6.6 53.8105
      vertex -22.5 2.96983 52.9698
      vertex -22.5 3.24664 52.6644
    endloop
  endfacet
  facet normal 1 0 0
    outer loop
      vertex -22.5 0 57.621
      vertex -22.5 2.96983 52.9698
      vertex -22.5 6.6 53.8105
    endloop
  endfacet
  facet normal 1 0 0
    outer loop
      vertex -22.5 0 57.621
      vertex -22.5 0 55.9397
      vertex -22.5 2.96983 52.9698
    endloop
  endfacet
  facet normal 1 0 0
    outer loop
      vertex -22.5 0 57.621
      vertex -22.5 -2.96983 52.9698
      vertex -22.5 0 55.9397
    endloop
  endfacet
  facet normal 1 -0 0
    outer loop
      vertex -22.5 -6.6 53.8105
      vertex -22.5 -2.96983 52.9698
      vertex -22.5 0 57.621
    endloop
  endfacet
  facet normal 1 0 0
    outer loop
      vertex -22.5 -2.96983 52.9698
      vertex -22.5 -6.6 53.8105
      vertex -22.5 -3.24664 52.6644
    endloop
  endfacet
  facet normal 1 0 0
    outer loop
      vertex -22.5 -4.17976 50.4117
      vertex -22.5 -6.6 53.8105
      vertex -22.5 -4.2 50
    endloop
  endfacet
  facet normal 1 0 0
    outer loop
      vertex -22.5 -4.11929 50.8194
      vertex -22.5 -6.6 53.8105
      vertex -22.5 -4.17976 50.4117
    endloop
  endfacet
  facet normal 1 0 0
    outer loop
      vertex -22.5 -4.01913 51.2192
      vertex -22.5 -6.6 53.8105
      vertex -22.5 -4.11929 50.8194
    endloop
  endfacet
  facet normal 1 0 0
    outer loop
      vertex -22.5 -3.88028 51.6073
      vertex -22.5 -6.6 53.8105
      vertex -22.5 -4.01913 51.2192
    endloop
  endfacet
  facet normal 1 0 0
    outer loop
      vertex -22.5 -3.70406 51.9799
      vertex -22.5 -6.6 53.8105
      vertex -22.5 -3.88028 51.6073
    endloop
  endfacet
  facet normal 1 0 0
    outer loop
      vertex -22.5 -3.49217 52.3334
      vertex -22.5 -6.6 53.8105
      vertex -22.5 -3.70406 51.9799
    endloop
  endfacet
  facet normal 1 0 0
    outer loop
      vertex -22.5 -3.24664 52.6644
      vertex -22.5 -6.6 53.8105
      vertex -22.5 -3.49217 52.3334
    endloop
  endfacet
  facet normal 1 -0 0
    outer loop
      vertex -22.5 4.17976 49.5883
      vertex -22.5 6.6 46.1895
      vertex -22.5 4.2 50
    endloop
  endfacet
  facet normal 1 -0 0
    outer loop
      vertex -22.5 4.11929 49.1806
      vertex -22.5 6.6 46.1895
      vertex -22.5 4.17976 49.5883
    endloop
  endfacet
  facet normal 1 -0 0
    outer loop
      vertex -22.5 4.01913 48.7808
      vertex -22.5 6.6 46.1895
      vertex -22.5 4.11929 49.1806
    endloop
  endfacet
  facet normal 1 -0 0
    outer loop
      vertex -22.5 3.88028 48.3927
      vertex -22.5 6.6 46.1895
      vertex -22.5 4.01913 48.7808
    endloop
  endfacet
  facet normal 1 -0 0
    outer loop
      vertex -22.5 3.70406 48.0201
      vertex -22.5 6.6 46.1895
      vertex -22.5 3.88028 48.3927
    endloop
  endfacet
  facet normal 1 -0 0
    outer loop
      vertex -22.5 3.49217 47.6666
      vertex -22.5 6.6 46.1895
      vertex -22.5 3.70406 48.0201
    endloop
  endfacet
  facet normal 1 -0 0
    outer loop
      vertex -22.5 3.24664 47.3356
      vertex -22.5 6.6 46.1895
      vertex -22.5 3.49217 47.6666
    endloop
  endfacet
  facet normal 1 -0 0
    outer loop
      vertex -22.5 2.96983 47.0302
      vertex -22.5 6.6 46.1895
      vertex -22.5 3.24664 47.3356
    endloop
  endfacet
  facet normal 1 -0 0
    outer loop
      vertex -22.5 2.66444 46.7534
      vertex -22.5 6.6 46.1895
      vertex -22.5 2.96983 47.0302
    endloop
  endfacet
  facet normal 1 -0 0
    outer loop
      vertex -22.5 2.33339 46.5078
      vertex -22.5 6.6 46.1895
      vertex -22.5 2.66444 46.7534
    endloop
  endfacet
  facet normal 1 -0 0
    outer loop
      vertex -22.5 1.97986 46.2959
      vertex -22.5 6.6 46.1895
      vertex -22.5 2.33339 46.5078
    endloop
  endfacet
  facet normal 1 0 0
    outer loop
      vertex -22.5 0 42.379
      vertex -22.5 1.97986 46.2959
      vertex -22.5 1.60727 46.1197
    endloop
  endfacet
  facet normal 1 0 0
    outer loop
      vertex -22.5 0 42.379
      vertex -22.5 1.60727 46.1197
      vertex -22.5 1.21919 45.9809
    endloop
  endfacet
  facet normal 1 0 0
    outer loop
      vertex -22.5 0 42.379
      vertex -22.5 1.21919 45.9809
      vertex -22.5 0.819366 45.8807
    endloop
  endfacet
  facet normal 1 0 0
    outer loop
      vertex -22.5 0 42.379
      vertex -22.5 0.819366 45.8807
      vertex -22.5 0.411667 45.8202
    endloop
  endfacet
  facet normal 1 0 0
    outer loop
      vertex -22.5 1.97986 46.2959
      vertex -22.5 0 42.379
      vertex -22.5 6.6 46.1895
    endloop
  endfacet
  facet normal 1 -0 0
    outer loop
      vertex -22.5 0 45.8
      vertex -22.5 0 42.379
      vertex -22.5 0.411667 45.8202
    endloop
  endfacet
  facet normal 1 0 0
    outer loop
      vertex -22.5 -0.411667 45.8202
      vertex -22.5 0 42.379
      vertex -22.5 0 45.8
    endloop
  endfacet
  facet normal 1 0 0
    outer loop
      vertex -22.5 -0.819366 45.8807
      vertex -22.5 0 42.379
      vertex -22.5 -0.411667 45.8202
    endloop
  endfacet
  facet normal 1 0 0
    outer loop
      vertex -22.5 -1.21919 45.9809
      vertex -22.5 0 42.379
      vertex -22.5 -0.819366 45.8807
    endloop
  endfacet
  facet normal 1 0 0
    outer loop
      vertex -22.5 -1.60727 46.1197
      vertex -22.5 0 42.379
      vertex -22.5 -1.21919 45.9809
    endloop
  endfacet
  facet normal 1 0 0
    outer loop
      vertex -22.5 -1.97986 46.2959
      vertex -22.5 0 42.379
      vertex -22.5 -1.60727 46.1197
    endloop
  endfacet
  facet normal 1 0 0
    outer loop
      vertex -22.5 -6.6 46.1895
      vertex -22.5 -1.97986 46.2959
      vertex -22.5 -2.33339 46.5078
    endloop
  endfacet
  facet normal 1 0 0
    outer loop
      vertex -22.5 -6.6 46.1895
      vertex -22.5 -2.33339 46.5078
      vertex -22.5 -2.66444 46.7534
    endloop
  endfacet
  facet normal 1 0 0
    outer loop
      vertex -22.5 -6.6 46.1895
      vertex -22.5 -2.66444 46.7534
      vertex -22.5 -2.96983 47.0302
    endloop
  endfacet
  facet normal 1 0 0
    outer loop
      vertex -22.5 -6.6 46.1895
      vertex -22.5 -2.96983 47.0302
      vertex -22.5 -3.24664 47.3356
    endloop
  endfacet
  facet normal 1 0 0
    outer loop
      vertex -22.5 -6.6 46.1895
      vertex -22.5 -3.24664 47.3356
      vertex -22.5 -3.49217 47.6666
    endloop
  endfacet
  facet normal 1 0 0
    outer loop
      vertex -22.5 -6.6 46.1895
      vertex -22.5 -4.2 50
      vertex -22.5 -6.6 53.8105
    endloop
  endfacet
  facet normal 1 0 0
    outer loop
      vertex -22.5 -4.2 50
      vertex -22.5 -6.6 46.1895
      vertex -22.5 -4.17976 49.5883
    endloop
  endfacet
  facet normal 1 0 0
    outer loop
      vertex -22.5 -4.17976 49.5883
      vertex -22.5 -6.6 46.1895
      vertex -22.5 -4.11929 49.1806
    endloop
  endfacet
  facet normal 1 0 0
    outer loop
      vertex -22.5 -4.11929 49.1806
      vertex -22.5 -6.6 46.1895
      vertex -22.5 -4.01913 48.7808
    endloop
  endfacet
  facet normal 1 0 0
    outer loop
      vertex -22.5 -4.01913 48.7808
      vertex -22.5 -6.6 46.1895
      vertex -22.5 -3.88028 48.3927
    endloop
  endfacet
  facet normal 1 0 0
    outer loop
      vertex -22.5 -1.97986 46.2959
      vertex -22.5 -6.6 46.1895
      vertex -22.5 0 42.379
    endloop
  endfacet
  facet normal 1 0 0
    outer loop
      vertex -22.5 -3.70406 48.0201
      vertex -22.5 -6.6 46.1895
      vertex -22.5 -3.49217 47.6666
    endloop
  endfacet
  facet normal 1 0 0
    outer loop
      vertex -22.5 -3.88028 48.3927
      vertex -22.5 -6.6 46.1895
      vertex -22.5 -3.70406 48.0201
    endloop
  endfacet
  facet normal 0 -0.500067 0.865987
    outer loop
      vertex -22.5 6.6 46.1895
      vertex -15.706 6.50562 46.135
      vertex -15.6632 6.6 46.1895
    endloop
  endfacet
  facet normal 1.32233e-06 -0.499995 0.866028
    outer loop
      vertex -22.5 6.6 46.1895
      vertex -16.0978 5.46447 45.5339
      vertex -15.706 6.50562 46.135
    endloop
  endfacet
  facet normal 2.68197e-06 -0.499989 0.866031
    outer loop
      vertex -22.5 6.6 46.1895
      vertex -16.4207 4.39992 44.9193
      vertex -16.0978 5.46447 45.5339
    endloop
  endfacet
  facet normal -3.40274e-06 -0.500002 0.866024
    outer loop
      vertex -22.5 6.6 46.1895
      vertex -16.6733 3.31653 44.2938
      vertex -16.4207 4.39992 44.9193
    endloop
  endfacet
  facet normal -4.15952e-06 -0.500003 0.866024
    outer loop
      vertex -22.5 6.6 46.1895
      vertex -16.8546 2.21894 43.6601
      vertex -16.6733 3.31653 44.2938
    endloop
  endfacet
  facet normal 2.52651e-07 -0.499999 0.866026
    outer loop
      vertex -22.5 0 42.379
      vertex -16.8546 2.21894 43.6601
      vertex -22.5 6.6 46.1895
    endloop
  endfacet
  facet normal 7.70423e-06 -0.500013 0.866018
    outer loop
      vertex -16.8546 2.21894 43.6601
      vertex -22.5 0 42.379
      vertex -16.9636 1.11185 43.0209
    endloop
  endfacet
  facet normal 0 -0.499984 0.866034
    outer loop
      vertex -16.9636 1.11185 43.0209
      vertex -22.5 0 42.379
      vertex -17 0 42.379
    endloop
  endfacet
  facet normal 0 -1 0
    outer loop
      vertex -22.5 6.6 46.1895
      vertex -15.6632 6.6 53.8105
      vertex -22.5 6.6 53.8105
    endloop
  endfacet
  facet normal 0 -1 -0
    outer loop
      vertex -15.6632 6.6 53.8105
      vertex -22.5 6.6 46.1895
      vertex -15.6632 6.6 46.1895
    endloop
  endfacet
  facet normal 0 0.500067 -0.865987
    outer loop
      vertex -22.5 -6.6 53.8105
      vertex -15.706 -6.50562 53.865
      vertex -15.6632 -6.6 53.8105
    endloop
  endfacet
  facet normal 1.32233e-06 0.499995 -0.866028
    outer loop
      vertex -22.5 -6.6 53.8105
      vertex -16.0978 -5.46447 54.4661
      vertex -15.706 -6.50562 53.865
    endloop
  endfacet
  facet normal 2.68197e-06 0.499989 -0.866031
    outer loop
      vertex -22.5 -6.6 53.8105
      vertex -16.4207 -4.39992 55.0807
      vertex -16.0978 -5.46447 54.4661
    endloop
  endfacet
  facet normal -3.40274e-06 0.500002 -0.866024
    outer loop
      vertex -22.5 -6.6 53.8105
      vertex -16.6733 -3.31653 55.7062
      vertex -16.4207 -4.39992 55.0807
    endloop
  endfacet
  facet normal -4.15952e-06 0.500003 -0.866024
    outer loop
      vertex -22.5 -6.6 53.8105
      vertex -16.8546 -2.21894 56.3399
      vertex -16.6733 -3.31653 55.7062
    endloop
  endfacet
  facet normal 2.52651e-07 0.499999 -0.866026
    outer loop
      vertex -22.5 0 57.621
      vertex -16.8546 -2.21894 56.3399
      vertex -22.5 -6.6 53.8105
    endloop
  endfacet
  facet normal 7.70423e-06 0.500013 -0.866018
    outer loop
      vertex -16.8546 -2.21894 56.3399
      vertex -22.5 0 57.621
      vertex -16.9636 -1.11185 56.9791
    endloop
  endfacet
  facet normal 0 0.499984 -0.866034
    outer loop
      vertex -16.9636 -1.11185 56.9791
      vertex -22.5 0 57.621
      vertex -17 0 57.621
    endloop
  endfacet
  facet normal 0 0.803157 -0.595768
    outer loop
      vertex -22.5 -3.49217 52.3334
      vertex -30.2 -3.24664 52.6644
      vertex -22.5 -3.24664 52.6644
    endloop
  endfacet
  facet normal 0 0.803157 -0.595768
    outer loop
      vertex -30.2 -3.24664 52.6644
      vertex -22.5 -3.49217 52.3334
      vertex -30.2 -3.49217 52.3334
    endloop
  endfacet
  facet normal 0 0.740937 -0.671574
    outer loop
      vertex -22.5 -3.24664 52.6644
      vertex -30.2 -2.96983 52.9698
      vertex -22.5 -2.96983 52.9698
    endloop
  endfacet
  facet normal 0 0.740937 -0.671574
    outer loop
      vertex -30.2 -2.96983 52.9698
      vertex -22.5 -3.24664 52.6644
      vertex -30.2 -3.24664 52.6644
    endloop
  endfacet
  facet normal 0 -0.941555 -0.336859
    outer loop
      vertex -30.2 4.01913 51.2192
      vertex -22.5 3.88028 51.6073
      vertex -30.2 3.88028 51.6073
    endloop
  endfacet
  facet normal 0 -0.941555 -0.336859
    outer loop
      vertex -22.5 3.88028 51.6073
      vertex -30.2 4.01913 51.2192
      vertex -22.5 4.01913 51.2192
    endloop
  endfacet
  facet normal 0 0.740937 0.671574
    outer loop
      vertex -22.5 -2.96983 47.0302
      vertex -30.2 -3.24664 47.3356
      vertex -22.5 -3.24664 47.3356
    endloop
  endfacet
  facet normal 0 0.740937 0.671574
    outer loop
      vertex -30.2 -3.24664 47.3356
      vertex -22.5 -2.96983 47.0302
      vertex -30.2 -2.96983 47.0302
    endloop
  endfacet
  facet normal 0 0.803157 0.595768
    outer loop
      vertex -22.5 -3.24664 47.3356
      vertex -30.2 -3.49217 47.6666
      vertex -22.5 -3.49217 47.6666
    endloop
  endfacet
  facet normal 0 0.803157 0.595768
    outer loop
      vertex -30.2 -3.49217 47.6666
      vertex -22.5 -3.24664 47.3356
      vertex -30.2 -3.24664 47.3356
    endloop
  endfacet
  facet normal -0 0.336767 0.941588
    outer loop
      vertex -30.2 -1.21919 45.9809
      vertex -22.5 -1.60727 46.1197
      vertex -22.5 -1.21919 45.9809
    endloop
  endfacet
  facet normal 0 0.336767 0.941588
    outer loop
      vertex -22.5 -1.60727 46.1197
      vertex -30.2 -1.21919 45.9809
      vertex -30.2 -1.60727 46.1197
    endloop
  endfacet
  facet normal 0 -0.941555 0.336859
    outer loop
      vertex -30.2 3.88028 48.3927
      vertex -22.5 4.01913 48.7808
      vertex -30.2 4.01913 48.7808
    endloop
  endfacet
  facet normal 0 -0.941555 0.336859
    outer loop
      vertex -22.5 4.01913 48.7808
      vertex -30.2 3.88028 48.3927
      vertex -22.5 3.88028 48.3927
    endloop
  endfacet
  facet normal 0 0.707135 -0.707078
    outer loop
      vertex -22.5 0 55.9397
      vertex -24.7 -0.199484 55.7402
      vertex -24.7 0 55.9397
    endloop
  endfacet
  facet normal 3.6313e-06 0.707115 -0.707098
    outer loop
      vertex -22.5 -2.96983 52.9698
      vertex -24.7 -0.199484 55.7402
      vertex -22.5 0 55.9397
    endloop
  endfacet
  facet normal 0 0.707114 -0.7071
    outer loop
      vertex -30.2 -2.96983 52.9698
      vertex -24.7 -0.199484 55.7402
      vertex -22.5 -2.96983 52.9698
    endloop
  endfacet
  facet normal 0 0.707114 -0.7071
    outer loop
      vertex -24.7 -0.199484 55.7402
      vertex -30.2 -2.96983 52.9698
      vertex -30.2 -0.199484 55.7402
    endloop
  endfacet
  facet normal -0 0.595819 0.803119
    outer loop
      vertex -30.2 -2.33339 46.5078
      vertex -22.5 -2.66444 46.7534
      vertex -22.5 -2.33339 46.5078
    endloop
  endfacet
  facet normal 0 0.595819 0.803119
    outer loop
      vertex -22.5 -2.66444 46.7534
      vertex -30.2 -2.33339 46.5078
      vertex -30.2 -2.66444 46.7534
    endloop
  endfacet
  facet normal 0 0.970022 -0.243015
    outer loop
      vertex -22.5 -4.11929 50.8194
      vertex -30.2 -4.01913 51.2192
      vertex -22.5 -4.01913 51.2192
    endloop
  endfacet
  facet normal 0 0.970022 -0.243015
    outer loop
      vertex -30.2 -4.01913 51.2192
      vertex -22.5 -4.11929 50.8194
      vertex -30.2 -4.11929 50.8194
    endloop
  endfacet
  facet normal -0 0.0490098 0.998798
    outer loop
      vertex -30.2 0 45.8
      vertex -22.5 -0.411667 45.8202
      vertex -22.5 0 45.8
    endloop
  endfacet
  facet normal 0 0.0490098 0.998798
    outer loop
      vertex -22.5 -0.411667 45.8202
      vertex -30.2 0 45.8
      vertex -30.2 -0.411667 45.8202
    endloop
  endfacet
  facet normal 0 -0.857718 0.514121
    outer loop
      vertex -30.2 3.49217 47.6666
      vertex -22.5 3.70406 48.0201
      vertex -30.2 3.70406 48.0201
    endloop
  endfacet
  facet normal 0 -0.857718 0.514121
    outer loop
      vertex -22.5 3.70406 48.0201
      vertex -30.2 3.49217 47.6666
      vertex -22.5 3.49217 47.6666
    endloop
  endfacet
  facet normal 0 -0.336767 0.941588
    outer loop
      vertex -30.2 1.60727 46.1197
      vertex -22.5 1.21919 45.9809
      vertex -22.5 1.60727 46.1197
    endloop
  endfacet
  facet normal 0 -0.336767 0.941588
    outer loop
      vertex -22.5 1.21919 45.9809
      vertex -30.2 1.60727 46.1197
      vertex -30.2 1.21919 45.9809
    endloop
  endfacet
  facet normal -0 0.146786 0.989168
    outer loop
      vertex -30.2 -0.411667 45.8202
      vertex -22.5 -0.819366 45.8807
      vertex -22.5 -0.411667 45.8202
    endloop
  endfacet
  facet normal 0 0.146786 0.989168
    outer loop
      vertex -22.5 -0.819366 45.8807
      vertex -30.2 -0.411667 45.8202
      vertex -30.2 -0.819366 45.8807
    endloop
  endfacet
  facet normal 0 -0.903996 0.427542
    outer loop
      vertex -30.2 3.70406 48.0201
      vertex -22.5 3.88028 48.3927
      vertex -30.2 3.88028 48.3927
    endloop
  endfacet
  facet normal 0 -0.903996 0.427542
    outer loop
      vertex -22.5 3.88028 48.3927
      vertex -30.2 3.70406 48.0201
      vertex -22.5 3.70406 48.0201
    endloop
  endfacet
  facet normal -0 0.671573 0.740938
    outer loop
      vertex -30.2 -2.66444 46.7534
      vertex -22.5 -2.96983 47.0302
      vertex -22.5 -2.66444 46.7534
    endloop
  endfacet
  facet normal 0 0.671573 0.740938
    outer loop
      vertex -22.5 -2.96983 47.0302
      vertex -30.2 -2.66444 46.7534
      vertex -30.2 -2.96983 47.0302
    endloop
  endfacet
  facet normal 0 -0.803157 -0.595768
    outer loop
      vertex -30.2 3.49217 52.3334
      vertex -22.5 3.24664 52.6644
      vertex -30.2 3.24664 52.6644
    endloop
  endfacet
  facet normal 0 -0.803157 -0.595768
    outer loop
      vertex -22.5 3.24664 52.6644
      vertex -30.2 3.49217 52.3334
      vertex -22.5 3.49217 52.3334
    endloop
  endfacet
  facet normal 0 0.970022 0.243015
    outer loop
      vertex -22.5 -4.01913 48.7808
      vertex -30.2 -4.11929 49.1806
      vertex -22.5 -4.11929 49.1806
    endloop
  endfacet
  facet normal 0 0.970022 0.243015
    outer loop
      vertex -30.2 -4.11929 49.1806
      vertex -22.5 -4.01913 48.7808
      vertex -30.2 -4.01913 48.7808
    endloop
  endfacet
  facet normal 0 -0.243093 0.970003
    outer loop
      vertex -30.2 1.21919 45.9809
      vertex -22.5 0.819366 45.8807
      vertex -22.5 1.21919 45.9809
    endloop
  endfacet
  facet normal 0 -0.243093 0.970003
    outer loop
      vertex -22.5 0.819366 45.8807
      vertex -30.2 1.21919 45.9809
      vertex -30.2 0.819366 45.8807
    endloop
  endfacet
  facet normal 0 0.857718 -0.514121
    outer loop
      vertex -22.5 -3.70406 51.9799
      vertex -30.2 -3.49217 52.3334
      vertex -22.5 -3.49217 52.3334
    endloop
  endfacet
  facet normal 0 0.857718 -0.514121
    outer loop
      vertex -30.2 -3.49217 52.3334
      vertex -22.5 -3.70406 51.9799
      vertex -30.2 -3.70406 51.9799
    endloop
  endfacet
  facet normal 0 -0.970022 -0.243015
    outer loop
      vertex -30.2 4.11929 50.8194
      vertex -22.5 4.01913 51.2192
      vertex -30.2 4.01913 51.2192
    endloop
  endfacet
  facet normal 0 -0.970022 -0.243015
    outer loop
      vertex -22.5 4.01913 51.2192
      vertex -30.2 4.11929 50.8194
      vertex -22.5 4.11929 50.8194
    endloop
  endfacet
  facet normal -0 0.514107 0.857726
    outer loop
      vertex -30.2 -1.97986 46.2959
      vertex -22.5 -2.33339 46.5078
      vertex -22.5 -1.97986 46.2959
    endloop
  endfacet
  facet normal 0 0.514107 0.857726
    outer loop
      vertex -22.5 -2.33339 46.5078
      vertex -30.2 -1.97986 46.2959
      vertex -30.2 -2.33339 46.5078
    endloop
  endfacet
  facet normal -0 0.243093 0.970003
    outer loop
      vertex -30.2 -0.819366 45.8807
      vertex -22.5 -1.21919 45.9809
      vertex -22.5 -0.819366 45.8807
    endloop
  endfacet
  facet normal 0 0.243093 0.970003
    outer loop
      vertex -22.5 -1.21919 45.9809
      vertex -30.2 -0.819366 45.8807
      vertex -30.2 -1.21919 45.9809
    endloop
  endfacet
  facet normal 0 -0.595819 0.803119
    outer loop
      vertex -30.2 2.66444 46.7534
      vertex -22.5 2.33339 46.5078
      vertex -22.5 2.66444 46.7534
    endloop
  endfacet
  facet normal 0 -0.595819 0.803119
    outer loop
      vertex -22.5 2.33339 46.5078
      vertex -30.2 2.66444 46.7534
      vertex -30.2 2.33339 46.5078
    endloop
  endfacet
  facet normal 0 0.989179 0.146715
    outer loop
      vertex -22.5 -4.11929 49.1806
      vertex -30.2 -4.17976 49.5883
      vertex -22.5 -4.17976 49.5883
    endloop
  endfacet
  facet normal 0 0.989179 0.146715
    outer loop
      vertex -30.2 -4.17976 49.5883
      vertex -22.5 -4.11929 49.1806
      vertex -30.2 -4.11929 49.1806
    endloop
  endfacet
  facet normal 0 -0.707135 -0.707078
    outer loop
      vertex -24.7 0.199484 55.7402
      vertex -22.5 0 55.9397
      vertex -24.7 0 55.9397
    endloop
  endfacet
  facet normal -0 -0.707114 -0.7071
    outer loop
      vertex -22.5 2.96983 52.9698
      vertex -24.7 0.199484 55.7402
      vertex -30.2 2.96983 52.9698
    endloop
  endfacet
  facet normal 3.6313e-06 -0.707115 -0.707098
    outer loop
      vertex -24.7 0.199484 55.7402
      vertex -22.5 2.96983 52.9698
      vertex -22.5 0 55.9397
    endloop
  endfacet
  facet normal 0 -0.707114 -0.7071
    outer loop
      vertex -30.2 0.199484 55.7402
      vertex -30.2 2.96983 52.9698
      vertex -24.7 0.199484 55.7402
    endloop
  endfacet
  facet normal 0 -0.671573 0.740938
    outer loop
      vertex -30.2 2.96983 47.0302
      vertex -22.5 2.66444 46.7534
      vertex -22.5 2.96983 47.0302
    endloop
  endfacet
  facet normal 0 -0.671573 0.740938
    outer loop
      vertex -22.5 2.66444 46.7534
      vertex -30.2 2.96983 47.0302
      vertex -30.2 2.66444 46.7534
    endloop
  endfacet
  facet normal 0 -0.427512 0.90401
    outer loop
      vertex -30.2 1.97986 46.2959
      vertex -22.5 1.60727 46.1197
      vertex -22.5 1.97986 46.2959
    endloop
  endfacet
  facet normal 0 -0.427512 0.90401
    outer loop
      vertex -22.5 1.60727 46.1197
      vertex -30.2 1.97986 46.2959
      vertex -30.2 1.60727 46.1197
    endloop
  endfacet
  facet normal 0 0.989179 -0.146715
    outer loop
      vertex -22.5 -4.17976 50.4117
      vertex -30.2 -4.11929 50.8194
      vertex -22.5 -4.11929 50.8194
    endloop
  endfacet
  facet normal 0 0.989179 -0.146715
    outer loop
      vertex -30.2 -4.11929 50.8194
      vertex -22.5 -4.17976 50.4117
      vertex -30.2 -4.17976 50.4117
    endloop
  endfacet
  facet normal 0 -0.740937 -0.671574
    outer loop
      vertex -30.2 3.24664 52.6644
      vertex -22.5 2.96983 52.9698
      vertex -30.2 2.96983 52.9698
    endloop
  endfacet
  facet normal 0 -0.740937 -0.671574
    outer loop
      vertex -22.5 2.96983 52.9698
      vertex -30.2 3.24664 52.6644
      vertex -22.5 3.24664 52.6644
    endloop
  endfacet
  facet normal 0 0.998794 0.0491027
    outer loop
      vertex -22.5 -4.17976 49.5883
      vertex -30.2 -4.2 50
      vertex -22.5 -4.2 50
    endloop
  endfacet
  facet normal 0 0.998794 0.0491027
    outer loop
      vertex -30.2 -4.2 50
      vertex -22.5 -4.17976 49.5883
      vertex -30.2 -4.17976 49.5883
    endloop
  endfacet
  facet normal 0 0.998794 -0.0491027
    outer loop
      vertex -22.5 -4.2 50
      vertex -30.2 -4.17976 50.4117
      vertex -22.5 -4.17976 50.4117
    endloop
  endfacet
  facet normal 0 0.998794 -0.0491027
    outer loop
      vertex -30.2 -4.17976 50.4117
      vertex -22.5 -4.2 50
      vertex -30.2 -4.2 50
    endloop
  endfacet
  facet normal 0 -0.0490098 0.998798
    outer loop
      vertex -30.2 0.411667 45.8202
      vertex -22.5 0 45.8
      vertex -22.5 0.411667 45.8202
    endloop
  endfacet
  facet normal 0 -0.0490098 0.998798
    outer loop
      vertex -22.5 0 45.8
      vertex -30.2 0.411667 45.8202
      vertex -30.2 0 45.8
    endloop
  endfacet
  facet normal 0 -0.740937 0.671574
    outer loop
      vertex -30.2 2.96983 47.0302
      vertex -22.5 3.24664 47.3356
      vertex -30.2 3.24664 47.3356
    endloop
  endfacet
  facet normal 0 -0.740937 0.671574
    outer loop
      vertex -22.5 3.24664 47.3356
      vertex -30.2 2.96983 47.0302
      vertex -22.5 2.96983 47.0302
    endloop
  endfacet
  facet normal 0 -0.857718 -0.514121
    outer loop
      vertex -30.2 3.70406 51.9799
      vertex -22.5 3.49217 52.3334
      vertex -30.2 3.49217 52.3334
    endloop
  endfacet
  facet normal 0 -0.857718 -0.514121
    outer loop
      vertex -22.5 3.49217 52.3334
      vertex -30.2 3.70406 51.9799
      vertex -22.5 3.70406 51.9799
    endloop
  endfacet
  facet normal 0 -0.803157 0.595768
    outer loop
      vertex -30.2 3.24664 47.3356
      vertex -22.5 3.49217 47.6666
      vertex -30.2 3.49217 47.6666
    endloop
  endfacet
  facet normal 0 -0.803157 0.595768
    outer loop
      vertex -22.5 3.49217 47.6666
      vertex -30.2 3.24664 47.3356
      vertex -22.5 3.24664 47.3356
    endloop
  endfacet
  facet normal 0 0.857718 0.514121
    outer loop
      vertex -22.5 -3.49217 47.6666
      vertex -30.2 -3.70406 48.0201
      vertex -22.5 -3.70406 48.0201
    endloop
  endfacet
  facet normal 0 0.857718 0.514121
    outer loop
      vertex -30.2 -3.70406 48.0201
      vertex -22.5 -3.49217 47.6666
      vertex -30.2 -3.49217 47.6666
    endloop
  endfacet
  facet normal 0 -0.998794 -0.0491027
    outer loop
      vertex -30.2 4.2 50
      vertex -22.5 4.17976 50.4117
      vertex -30.2 4.17976 50.4117
    endloop
  endfacet
  facet normal 0 -0.998794 -0.0491027
    outer loop
      vertex -22.5 4.17976 50.4117
      vertex -30.2 4.2 50
      vertex -22.5 4.2 50
    endloop
  endfacet
  facet normal 0 0.903996 0.427542
    outer loop
      vertex -22.5 -3.70406 48.0201
      vertex -30.2 -3.88028 48.3927
      vertex -22.5 -3.88028 48.3927
    endloop
  endfacet
  facet normal 0 0.903996 0.427542
    outer loop
      vertex -30.2 -3.88028 48.3927
      vertex -22.5 -3.70406 48.0201
      vertex -30.2 -3.70406 48.0201
    endloop
  endfacet
  facet normal 0 0.941555 -0.336859
    outer loop
      vertex -22.5 -4.01913 51.2192
      vertex -30.2 -3.88028 51.6073
      vertex -22.5 -3.88028 51.6073
    endloop
  endfacet
  facet normal 0 0.941555 -0.336859
    outer loop
      vertex -30.2 -3.88028 51.6073
      vertex -22.5 -4.01913 51.2192
      vertex -30.2 -4.01913 51.2192
    endloop
  endfacet
  facet normal 0 0.941555 0.336859
    outer loop
      vertex -22.5 -3.88028 48.3927
      vertex -30.2 -4.01913 48.7808
      vertex -22.5 -4.01913 48.7808
    endloop
  endfacet
  facet normal 0 0.941555 0.336859
    outer loop
      vertex -30.2 -4.01913 48.7808
      vertex -22.5 -3.88028 48.3927
      vertex -30.2 -3.88028 48.3927
    endloop
  endfacet
  facet normal 0 -0.998794 0.0491027
    outer loop
      vertex -30.2 4.17976 49.5883
      vertex -22.5 4.2 50
      vertex -30.2 4.2 50
    endloop
  endfacet
  facet normal 0 -0.998794 0.0491027
    outer loop
      vertex -22.5 4.2 50
      vertex -30.2 4.17976 49.5883
      vertex -22.5 4.17976 49.5883
    endloop
  endfacet
  facet normal 0 -0.903996 -0.427542
    outer loop
      vertex -30.2 3.88028 51.6073
      vertex -22.5 3.70406 51.9799
      vertex -30.2 3.70406 51.9799
    endloop
  endfacet
  facet normal 0 -0.903996 -0.427542
    outer loop
      vertex -22.5 3.70406 51.9799
      vertex -30.2 3.88028 51.6073
      vertex -22.5 3.88028 51.6073
    endloop
  endfacet
  facet normal -0 0.427512 0.90401
    outer loop
      vertex -30.2 -1.60727 46.1197
      vertex -22.5 -1.97986 46.2959
      vertex -22.5 -1.60727 46.1197
    endloop
  endfacet
  facet normal 0 0.427512 0.90401
    outer loop
      vertex -22.5 -1.97986 46.2959
      vertex -30.2 -1.60727 46.1197
      vertex -30.2 -1.97986 46.2959
    endloop
  endfacet
  facet normal 0 -0.514107 0.857726
    outer loop
      vertex -30.2 2.33339 46.5078
      vertex -22.5 1.97986 46.2959
      vertex -22.5 2.33339 46.5078
    endloop
  endfacet
  facet normal 0 -0.514107 0.857726
    outer loop
      vertex -22.5 1.97986 46.2959
      vertex -30.2 2.33339 46.5078
      vertex -30.2 1.97986 46.2959
    endloop
  endfacet
  facet normal 0 -0.146786 0.989168
    outer loop
      vertex -30.2 0.819366 45.8807
      vertex -22.5 0.411667 45.8202
      vertex -22.5 0.819366 45.8807
    endloop
  endfacet
  facet normal 0 -0.146786 0.989168
    outer loop
      vertex -22.5 0.411667 45.8202
      vertex -30.2 0.819366 45.8807
      vertex -30.2 0.411667 45.8202
    endloop
  endfacet
  facet normal 0 -0.970022 0.243015
    outer loop
      vertex -30.2 4.01913 48.7808
      vertex -22.5 4.11929 49.1806
      vertex -30.2 4.11929 49.1806
    endloop
  endfacet
  facet normal 0 -0.970022 0.243015
    outer loop
      vertex -22.5 4.11929 49.1806
      vertex -30.2 4.01913 48.7808
      vertex -22.5 4.01913 48.7808
    endloop
  endfacet
  facet normal 0 -0.989179 0.146715
    outer loop
      vertex -30.2 4.11929 49.1806
      vertex -22.5 4.17976 49.5883
      vertex -30.2 4.17976 49.5883
    endloop
  endfacet
  facet normal 0 -0.989179 0.146715
    outer loop
      vertex -22.5 4.17976 49.5883
      vertex -30.2 4.11929 49.1806
      vertex -22.5 4.11929 49.1806
    endloop
  endfacet
  facet normal 0 -0.989179 -0.146715
    outer loop
      vertex -30.2 4.17976 50.4117
      vertex -22.5 4.11929 50.8194
      vertex -30.2 4.11929 50.8194
    endloop
  endfacet
  facet normal 0 -0.989179 -0.146715
    outer loop
      vertex -22.5 4.11929 50.8194
      vertex -30.2 4.17976 50.4117
      vertex -22.5 4.17976 50.4117
    endloop
  endfacet
  facet normal 0 0.903996 -0.427542
    outer loop
      vertex -22.5 -3.88028 51.6073
      vertex -30.2 -3.70406 51.9799
      vertex -22.5 -3.70406 51.9799
    endloop
  endfacet
  facet normal 0 0.903996 -0.427542
    outer loop
      vertex -30.2 -3.70406 51.9799
      vertex -22.5 -3.88028 51.6073
      vertex -30.2 -3.88028 51.6073
    endloop
  endfacet
  facet normal 0 0.499984 0.866034
    outer loop
      vertex 16.9636 -1.11185 43.0209
      vertex 23.5 0 42.379
      vertex 17 0 42.379
    endloop
  endfacet
  facet normal -6.50549e-06 0.500013 0.866018
    outer loop
      vertex 16.8546 -2.21894 43.6601
      vertex 23.5 0 42.379
      vertex 16.9636 -1.11185 43.0209
    endloop
  endfacet
  facet normal -2.14632e-07 0.499999 0.866026
    outer loop
      vertex 23.5 0 42.379
      vertex 16.8546 -2.21894 43.6601
      vertex 23.5 -6.6 46.1895
    endloop
  endfacet
  facet normal 3.59506e-06 0.500003 0.866024
    outer loop
      vertex 16.6733 -3.31653 44.2938
      vertex 23.5 -6.6 46.1895
      vertex 16.8546 -2.21894 43.6601
    endloop
  endfacet
  facet normal 2.95456e-06 0.500002 0.866024
    outer loop
      vertex 16.4207 -4.39992 44.9193
      vertex 23.5 -6.6 46.1895
      vertex 16.6733 -3.31653 44.2938
    endloop
  endfacet
  facet normal -2.33576e-06 0.499989 0.866032
    outer loop
      vertex 16.0978 -5.46447 45.5339
      vertex 23.5 -6.6 46.1895
      vertex 16.4207 -4.39992 44.9193
    endloop
  endfacet
  facet normal -1.15344e-06 0.499995 0.866028
    outer loop
      vertex 15.706 -6.50562 46.135
      vertex 23.5 -6.6 46.1895
      vertex 16.0978 -5.46447 45.5339
    endloop
  endfacet
  facet normal 0 0.500067 0.865987
    outer loop
      vertex 23.5 -6.6 46.1895
      vertex 15.706 -6.50562 46.135
      vertex 15.6632 -6.6 46.1895
    endloop
  endfacet
  facet normal 0 -0.499984 -0.866034
    outer loop
      vertex 16.9636 1.11185 56.9791
      vertex 23.5 0 57.621
      vertex 17 0 57.621
    endloop
  endfacet
  facet normal -6.50549e-06 -0.500013 -0.866018
    outer loop
      vertex 16.8546 2.21894 56.3399
      vertex 23.5 0 57.621
      vertex 16.9636 1.11185 56.9791
    endloop
  endfacet
  facet normal -2.14632e-07 -0.499999 -0.866026
    outer loop
      vertex 23.5 0 57.621
      vertex 16.8546 2.21894 56.3399
      vertex 23.5 6.6 53.8105
    endloop
  endfacet
  facet normal 3.59506e-06 -0.500003 -0.866024
    outer loop
      vertex 16.6733 3.31653 55.7062
      vertex 23.5 6.6 53.8105
      vertex 16.8546 2.21894 56.3399
    endloop
  endfacet
  facet normal 2.95456e-06 -0.500002 -0.866024
    outer loop
      vertex 16.4207 4.39992 55.0807
      vertex 23.5 6.6 53.8105
      vertex 16.6733 3.31653 55.7062
    endloop
  endfacet
  facet normal -2.33576e-06 -0.499989 -0.866032
    outer loop
      vertex 16.0978 5.46447 54.4661
      vertex 23.5 6.6 53.8105
      vertex 16.4207 4.39992 55.0807
    endloop
  endfacet
  facet normal -1.15344e-06 -0.499995 -0.866028
    outer loop
      vertex 15.706 6.50562 53.865
      vertex 23.5 6.6 53.8105
      vertex 16.0978 5.46447 54.4661
    endloop
  endfacet
  facet normal -0 -0.500067 -0.865987
    outer loop
      vertex 23.5 6.6 53.8105
      vertex 15.706 6.50562 53.865
      vertex 15.6632 6.6 53.8105
    endloop
  endfacet
  facet normal 0 1 -0
    outer loop
      vertex 23.5 -6.6 46.1895
      vertex 15.6632 -6.6 53.8105
      vertex 23.5 -6.6 53.8105
    endloop
  endfacet
  facet normal 0 1 0
    outer loop
      vertex 15.6632 -6.6 53.8105
      vertex 23.5 -6.6 46.1895
      vertex 15.6632 -6.6 46.1895
    endloop
  endfacet
  facet normal -1 0 0
    outer loop
      vertex 23.5 6.6 46.1895
      vertex 23.5 4.2 50
      vertex 23.5 6.6 53.8105
    endloop
  endfacet
  facet normal -1 0 0
    outer loop
      vertex 23.5 6.6 46.1895
      vertex 23.5 4.17976 49.5883
      vertex 23.5 4.2 50
    endloop
  endfacet
  facet normal -1 0 0
    outer loop
      vertex 23.5 6.6 46.1895
      vertex 23.5 4.11929 49.1806
      vertex 23.5 4.17976 49.5883
    endloop
  endfacet
  facet normal -1 0 0
    outer loop
      vertex 23.5 6.6 46.1895
      vertex 23.5 4.01913 48.7808
      vertex 23.5 4.11929 49.1806
    endloop
  endfacet
  facet normal -1 0 0
    outer loop
      vertex 23.5 6.6 46.1895
      vertex 23.5 3.88028 48.3927
      vertex 23.5 4.01913 48.7808
    endloop
  endfacet
  facet normal -1 0 0
    outer loop
      vertex 23.5 6.6 46.1895
      vertex 23.5 3.70406 48.0201
      vertex 23.5 3.88028 48.3927
    endloop
  endfacet
  facet normal -1 0 0
    outer loop
      vertex 23.5 6.6 46.1895
      vertex 23.5 3.49217 47.6666
      vertex 23.5 3.70406 48.0201
    endloop
  endfacet
  facet normal -1 0 0
    outer loop
      vertex 23.5 6.6 46.1895
      vertex 23.5 3.24664 47.3356
      vertex 23.5 3.49217 47.6666
    endloop
  endfacet
  facet normal -1 0 0
    outer loop
      vertex 23.5 6.6 46.1895
      vertex 23.5 2.96983 47.0302
      vertex 23.5 3.24664 47.3356
    endloop
  endfacet
  facet normal -1 0 0
    outer loop
      vertex 23.5 6.6 46.1895
      vertex 23.5 2.66444 46.7534
      vertex 23.5 2.96983 47.0302
    endloop
  endfacet
  facet normal -1 0 0
    outer loop
      vertex 23.5 6.6 46.1895
      vertex 23.5 2.33339 46.5078
      vertex 23.5 2.66444 46.7534
    endloop
  endfacet
  facet normal -1 0 0
    outer loop
      vertex 23.5 6.6 46.1895
      vertex 23.5 1.97986 46.2959
      vertex 23.5 2.33339 46.5078
    endloop
  endfacet
  facet normal -1 0 0
    outer loop
      vertex 23.5 0 42.379
      vertex 23.5 1.97986 46.2959
      vertex 23.5 6.6 46.1895
    endloop
  endfacet
  facet normal -1 0 0
    outer loop
      vertex 23.5 1.97986 46.2959
      vertex 23.5 0 42.379
      vertex 23.5 1.60727 46.1197
    endloop
  endfacet
  facet normal -1 0 0
    outer loop
      vertex 23.5 1.60727 46.1197
      vertex 23.5 0 42.379
      vertex 23.5 1.21919 45.9809
    endloop
  endfacet
  facet normal -1 0 0
    outer loop
      vertex 23.5 1.21919 45.9809
      vertex 23.5 0 42.379
      vertex 23.5 0.819366 45.8807
    endloop
  endfacet
  facet normal -1 0 0
    outer loop
      vertex 23.5 0.819366 45.8807
      vertex 23.5 0 42.379
      vertex 23.5 0.411667 45.8202
    endloop
  endfacet
  facet normal -1 0 0
    outer loop
      vertex 23.5 0 42.379
      vertex 23.5 0 45.8
      vertex 23.5 0.411667 45.8202
    endloop
  endfacet
  facet normal -1 0 0
    outer loop
      vertex 23.5 0 42.379
      vertex 23.5 -0.411667 45.8202
      vertex 23.5 0 45.8
    endloop
  endfacet
  facet normal -1 0 0
    outer loop
      vertex 23.5 0 42.379
      vertex 23.5 -0.819366 45.8807
      vertex 23.5 -0.411667 45.8202
    endloop
  endfacet
  facet normal -1 0 0
    outer loop
      vertex 23.5 0 42.379
      vertex 23.5 -1.21919 45.9809
      vertex 23.5 -0.819366 45.8807
    endloop
  endfacet
  facet normal -1 0 0
    outer loop
      vertex 23.5 0 42.379
      vertex 23.5 -1.60727 46.1197
      vertex 23.5 -1.21919 45.9809
    endloop
  endfacet
  facet normal -1 0 0
    outer loop
      vertex 23.5 0 42.379
      vertex 23.5 -1.97986 46.2959
      vertex 23.5 -1.60727 46.1197
    endloop
  endfacet
  facet normal -1 0 0
    outer loop
      vertex 23.5 -6.6 46.1895
      vertex 23.5 -1.97986 46.2959
      vertex 23.5 0 42.379
    endloop
  endfacet
  facet normal -1 -0 0
    outer loop
      vertex 23.5 -1.97986 46.2959
      vertex 23.5 -6.6 46.1895
      vertex 23.5 -2.33339 46.5078
    endloop
  endfacet
  facet normal -1 -0 0
    outer loop
      vertex 23.5 -2.33339 46.5078
      vertex 23.5 -6.6 46.1895
      vertex 23.5 -2.66444 46.7534
    endloop
  endfacet
  facet normal -1 -0 0
    outer loop
      vertex 23.5 -2.66444 46.7534
      vertex 23.5 -6.6 46.1895
      vertex 23.5 -2.96983 47.0302
    endloop
  endfacet
  facet normal -1 -0 0
    outer loop
      vertex 23.5 -2.96983 47.0302
      vertex 23.5 -6.6 46.1895
      vertex 23.5 -3.24664 47.3356
    endloop
  endfacet
  facet normal -1 -0 0
    outer loop
      vertex 23.5 -4.17976 49.5883
      vertex 23.5 -6.6 46.1895
      vertex 23.5 -4.2 50
    endloop
  endfacet
  facet normal -1 -0 0
    outer loop
      vertex 23.5 -4.11929 49.1806
      vertex 23.5 -6.6 46.1895
      vertex 23.5 -4.17976 49.5883
    endloop
  endfacet
  facet normal -1 -0 0
    outer loop
      vertex 23.5 -4.01913 48.7808
      vertex 23.5 -6.6 46.1895
      vertex 23.5 -4.11929 49.1806
    endloop
  endfacet
  facet normal -1 -0 0
    outer loop
      vertex 23.5 -3.88028 48.3927
      vertex 23.5 -6.6 46.1895
      vertex 23.5 -4.01913 48.7808
    endloop
  endfacet
  facet normal -1 -0 0
    outer loop
      vertex 23.5 -3.70406 48.0201
      vertex 23.5 -6.6 46.1895
      vertex 23.5 -3.88028 48.3927
    endloop
  endfacet
  facet normal -1 -0 0
    outer loop
      vertex 23.5 -3.49217 47.6666
      vertex 23.5 -6.6 46.1895
      vertex 23.5 -3.70406 48.0201
    endloop
  endfacet
  facet normal -1 -0 0
    outer loop
      vertex 23.5 -3.24664 47.3356
      vertex 23.5 -6.6 46.1895
      vertex 23.5 -3.49217 47.6666
    endloop
  endfacet
  facet normal -1 0 0
    outer loop
      vertex 23.5 4.17976 50.4117
      vertex 23.5 6.6 53.8105
      vertex 23.5 4.2 50
    endloop
  endfacet
  facet normal -1 0 0
    outer loop
      vertex 23.5 4.11929 50.8194
      vertex 23.5 6.6 53.8105
      vertex 23.5 4.17976 50.4117
    endloop
  endfacet
  facet normal -1 0 0
    outer loop
      vertex 23.5 4.01913 51.2192
      vertex 23.5 6.6 53.8105
      vertex 23.5 4.11929 50.8194
    endloop
  endfacet
  facet normal -1 0 0
    outer loop
      vertex 23.5 3.88028 51.6073
      vertex 23.5 6.6 53.8105
      vertex 23.5 4.01913 51.2192
    endloop
  endfacet
  facet normal -1 0 0
    outer loop
      vertex 23.5 3.70406 51.9799
      vertex 23.5 6.6 53.8105
      vertex 23.5 3.88028 51.6073
    endloop
  endfacet
  facet normal -1 0 0
    outer loop
      vertex 23.5 3.49217 52.3334
      vertex 23.5 6.6 53.8105
      vertex 23.5 3.70406 51.9799
    endloop
  endfacet
  facet normal -1 0 0
    outer loop
      vertex 23.5 3.24664 52.6644
      vertex 23.5 6.6 53.8105
      vertex 23.5 3.49217 52.3334
    endloop
  endfacet
  facet normal -1 0 0
    outer loop
      vertex 23.5 2.96983 52.9698
      vertex 23.5 6.6 53.8105
      vertex 23.5 3.24664 52.6644
    endloop
  endfacet
  facet normal -1 0 0
    outer loop
      vertex 23.5 0 57.621
      vertex 23.5 2.96983 52.9698
      vertex 23.5 0 55.9397
    endloop
  endfacet
  facet normal -1 0 0
    outer loop
      vertex 23.5 2.96983 52.9698
      vertex 23.5 0 57.621
      vertex 23.5 6.6 53.8105
    endloop
  endfacet
  facet normal -1 0 0
    outer loop
      vertex 23.5 -2.96983 52.9698
      vertex 23.5 0 57.621
      vertex 23.5 0 55.9397
    endloop
  endfacet
  facet normal -1 0 0
    outer loop
      vertex 23.5 -6.6 53.8105
      vertex 23.5 -2.96983 52.9698
      vertex 23.5 -3.24664 52.6644
    endloop
  endfacet
  facet normal -1 0 0
    outer loop
      vertex 23.5 -6.6 53.8105
      vertex 23.5 -3.24664 52.6644
      vertex 23.5 -3.49217 52.3334
    endloop
  endfacet
  facet normal -1 0 0
    outer loop
      vertex 23.5 -6.6 53.8105
      vertex 23.5 -4.2 50
      vertex 23.5 -6.6 46.1895
    endloop
  endfacet
  facet normal -1 0 0
    outer loop
      vertex 23.5 -4.2 50
      vertex 23.5 -6.6 53.8105
      vertex 23.5 -4.17976 50.4117
    endloop
  endfacet
  facet normal -1 0 0
    outer loop
      vertex 23.5 -4.17976 50.4117
      vertex 23.5 -6.6 53.8105
      vertex 23.5 -4.11929 50.8194
    endloop
  endfacet
  facet normal -1 0 0
    outer loop
      vertex 23.5 -4.11929 50.8194
      vertex 23.5 -6.6 53.8105
      vertex 23.5 -4.01913 51.2192
    endloop
  endfacet
  facet normal -1 0 0
    outer loop
      vertex 23.5 -4.01913 51.2192
      vertex 23.5 -6.6 53.8105
      vertex 23.5 -3.88028 51.6073
    endloop
  endfacet
  facet normal -1 0 0
    outer loop
      vertex 23.5 -2.96983 52.9698
      vertex 23.5 -6.6 53.8105
      vertex 23.5 0 57.621
    endloop
  endfacet
  facet normal -1 0 0
    outer loop
      vertex 23.5 -3.70406 51.9799
      vertex 23.5 -6.6 53.8105
      vertex 23.5 -3.49217 52.3334
    endloop
  endfacet
  facet normal -1 0 0
    outer loop
      vertex 23.5 -3.88028 51.6073
      vertex 23.5 -6.6 53.8105
      vertex 23.5 -3.70406 51.9799
    endloop
  endfacet
  facet normal -2.14632e-07 -0.499999 0.866026
    outer loop
      vertex 16.8546 2.21894 43.6601
      vertex 23.5 0 42.379
      vertex 23.5 6.6 46.1895
    endloop
  endfacet
  facet normal 0 -0.499984 0.866034
    outer loop
      vertex 23.5 0 42.379
      vertex 16.9636 1.11185 43.0209
      vertex 17 0 42.379
    endloop
  endfacet
  facet normal -6.50549e-06 -0.500013 0.866018
    outer loop
      vertex 23.5 0 42.379
      vertex 16.8546 2.21894 43.6601
      vertex 16.9636 1.11185 43.0209
    endloop
  endfacet
  facet normal 3.59506e-06 -0.500003 0.866024
    outer loop
      vertex 23.5 6.6 46.1895
      vertex 16.6733 3.31653 44.2938
      vertex 16.8546 2.21894 43.6601
    endloop
  endfacet
  facet normal 2.95456e-06 -0.500002 0.866024
    outer loop
      vertex 23.5 6.6 46.1895
      vertex 16.4207 4.39992 44.9193
      vertex 16.6733 3.31653 44.2938
    endloop
  endfacet
  facet normal -2.33576e-06 -0.499989 0.866032
    outer loop
      vertex 23.5 6.6 46.1895
      vertex 16.0978 5.46447 45.5339
      vertex 16.4207 4.39992 44.9193
    endloop
  endfacet
  facet normal -1.15344e-06 -0.499995 0.866028
    outer loop
      vertex 23.5 6.6 46.1895
      vertex 15.706 6.50562 46.135
      vertex 16.0978 5.46447 45.5339
    endloop
  endfacet
  facet normal 0 -0.500067 0.865987
    outer loop
      vertex 15.706 6.50562 46.135
      vertex 23.5 6.6 46.1895
      vertex 15.6632 6.6 46.1895
    endloop
  endfacet
  facet normal 0 -1 0
    outer loop
      vertex 15.6632 6.6 46.1895
      vertex 23.5 6.6 53.8105
      vertex 15.6632 6.6 53.8105
    endloop
  endfacet
  facet normal 0 -1 -0
    outer loop
      vertex 23.5 6.6 53.8105
      vertex 15.6632 6.6 46.1895
      vertex 23.5 6.6 46.1895
    endloop
  endfacet
  facet normal -2.14632e-07 0.499999 -0.866026
    outer loop
      vertex 16.8546 -2.21894 56.3399
      vertex 23.5 0 57.621
      vertex 23.5 -6.6 53.8105
    endloop
  endfacet
  facet normal 0 0.499984 -0.866034
    outer loop
      vertex 23.5 0 57.621
      vertex 16.9636 -1.11185 56.9791
      vertex 17 0 57.621
    endloop
  endfacet
  facet normal -6.50549e-06 0.500013 -0.866018
    outer loop
      vertex 23.5 0 57.621
      vertex 16.8546 -2.21894 56.3399
      vertex 16.9636 -1.11185 56.9791
    endloop
  endfacet
  facet normal 3.59506e-06 0.500003 -0.866024
    outer loop
      vertex 23.5 -6.6 53.8105
      vertex 16.6733 -3.31653 55.7062
      vertex 16.8546 -2.21894 56.3399
    endloop
  endfacet
  facet normal 2.95456e-06 0.500002 -0.866024
    outer loop
      vertex 23.5 -6.6 53.8105
      vertex 16.4207 -4.39992 55.0807
      vertex 16.6733 -3.31653 55.7062
    endloop
  endfacet
  facet normal -2.33576e-06 0.499989 -0.866032
    outer loop
      vertex 23.5 -6.6 53.8105
      vertex 16.0978 -5.46447 54.4661
      vertex 16.4207 -4.39992 55.0807
    endloop
  endfacet
  facet normal -1.15344e-06 0.499995 -0.866028
    outer loop
      vertex 23.5 -6.6 53.8105
      vertex 15.706 -6.50562 53.865
      vertex 16.0978 -5.46447 54.4661
    endloop
  endfacet
  facet normal 0 0.500067 -0.865987
    outer loop
      vertex 15.706 -6.50562 53.865
      vertex 23.5 -6.6 53.8105
      vertex 15.6632 -6.6 53.8105
    endloop
  endfacet
  facet normal 0 0.803157 -0.595768
    outer loop
      vertex 30.2 -3.49217 52.3334
      vertex 23.5 -3.24664 52.6644
      vertex 30.2 -3.24664 52.6644
    endloop
  endfacet
  facet normal 0 0.803157 -0.595768
    outer loop
      vertex 23.5 -3.24664 52.6644
      vertex 30.2 -3.49217 52.3334
      vertex 23.5 -3.49217 52.3334
    endloop
  endfacet
  facet normal 0 0.740937 -0.671574
    outer loop
      vertex 30.2 -3.24664 52.6644
      vertex 23.5 -2.96983 52.9698
      vertex 30.2 -2.96983 52.9698
    endloop
  endfacet
  facet normal 0 0.740937 -0.671574
    outer loop
      vertex 23.5 -2.96983 52.9698
      vertex 30.2 -3.24664 52.6644
      vertex 23.5 -3.24664 52.6644
    endloop
  endfacet
  facet normal 0 -0.941555 -0.336859
    outer loop
      vertex 23.5 4.01913 51.2192
      vertex 30.2 3.88028 51.6073
      vertex 23.5 3.88028 51.6073
    endloop
  endfacet
  facet normal 0 -0.941555 -0.336859
    outer loop
      vertex 30.2 3.88028 51.6073
      vertex 23.5 4.01913 51.2192
      vertex 30.2 4.01913 51.2192
    endloop
  endfacet
  facet normal 0 0.740937 0.671574
    outer loop
      vertex 30.2 -2.96983 47.0302
      vertex 23.5 -3.24664 47.3356
      vertex 30.2 -3.24664 47.3356
    endloop
  endfacet
  facet normal 0 0.740937 0.671574
    outer loop
      vertex 23.5 -3.24664 47.3356
      vertex 30.2 -2.96983 47.0302
      vertex 23.5 -2.96983 47.0302
    endloop
  endfacet
  facet normal 0 0.803157 0.595768
    outer loop
      vertex 30.2 -3.24664 47.3356
      vertex 23.5 -3.49217 47.6666
      vertex 30.2 -3.49217 47.6666
    endloop
  endfacet
  facet normal 0 0.803157 0.595768
    outer loop
      vertex 23.5 -3.49217 47.6666
      vertex 30.2 -3.24664 47.3356
      vertex 23.5 -3.24664 47.3356
    endloop
  endfacet
  facet normal -0 0.336767 0.941588
    outer loop
      vertex 23.5 -1.21919 45.9809
      vertex 30.2 -1.60727 46.1197
      vertex 30.2 -1.21919 45.9809
    endloop
  endfacet
  facet normal 0 0.336767 0.941588
    outer loop
      vertex 30.2 -1.60727 46.1197
      vertex 23.5 -1.21919 45.9809
      vertex 23.5 -1.60727 46.1197
    endloop
  endfacet
  facet normal 0 0.707114 -0.7071
    outer loop
      vertex 30.2 -0.199484 55.7402
      vertex 30.2 -2.96983 52.9698
      vertex 24.7 -0.199484 55.7402
    endloop
  endfacet
  facet normal 0 0.707135 -0.707078
    outer loop
      vertex 24.7 -0.199484 55.7402
      vertex 23.5 0 55.9397
      vertex 24.7 0 55.9397
    endloop
  endfacet
  facet normal 0 0.707114 -0.7071
    outer loop
      vertex 23.5 -2.96983 52.9698
      vertex 24.7 -0.199484 55.7402
      vertex 30.2 -2.96983 52.9698
    endloop
  endfacet
  facet normal -6.65738e-06 0.707115 -0.707098
    outer loop
      vertex 24.7 -0.199484 55.7402
      vertex 23.5 -2.96983 52.9698
      vertex 23.5 0 55.9397
    endloop
  endfacet
  facet normal -0 0.595819 0.803119
    outer loop
      vertex 23.5 -2.33339 46.5078
      vertex 30.2 -2.66444 46.7534
      vertex 30.2 -2.33339 46.5078
    endloop
  endfacet
  facet normal 0 0.595819 0.803119
    outer loop
      vertex 30.2 -2.66444 46.7534
      vertex 23.5 -2.33339 46.5078
      vertex 23.5 -2.66444 46.7534
    endloop
  endfacet
  facet normal 0 0.970022 -0.243015
    outer loop
      vertex 30.2 -4.11929 50.8194
      vertex 23.5 -4.01913 51.2192
      vertex 30.2 -4.01913 51.2192
    endloop
  endfacet
  facet normal 0 0.970022 -0.243015
    outer loop
      vertex 23.5 -4.01913 51.2192
      vertex 30.2 -4.11929 50.8194
      vertex 23.5 -4.11929 50.8194
    endloop
  endfacet
  facet normal -0 0.0490098 0.998798
    outer loop
      vertex 23.5 0 45.8
      vertex 30.2 -0.411667 45.8202
      vertex 30.2 0 45.8
    endloop
  endfacet
  facet normal 0 0.0490098 0.998798
    outer loop
      vertex 30.2 -0.411667 45.8202
      vertex 23.5 0 45.8
      vertex 23.5 -0.411667 45.8202
    endloop
  endfacet
  facet normal 0 -0.857718 0.514121
    outer loop
      vertex 23.5 3.49217 47.6666
      vertex 30.2 3.70406 48.0201
      vertex 23.5 3.70406 48.0201
    endloop
  endfacet
  facet normal 0 -0.857718 0.514121
    outer loop
      vertex 30.2 3.70406 48.0201
      vertex 23.5 3.49217 47.6666
      vertex 30.2 3.49217 47.6666
    endloop
  endfacet
  facet normal 0 -0.336767 0.941588
    outer loop
      vertex 23.5 1.60727 46.1197
      vertex 30.2 1.21919 45.9809
      vertex 30.2 1.60727 46.1197
    endloop
  endfacet
  facet normal 0 -0.336767 0.941588
    outer loop
      vertex 30.2 1.21919 45.9809
      vertex 23.5 1.60727 46.1197
      vertex 23.5 1.21919 45.9809
    endloop
  endfacet
  facet normal -0 0.146786 0.989168
    outer loop
      vertex 23.5 -0.411667 45.8202
      vertex 30.2 -0.819366 45.8807
      vertex 30.2 -0.411667 45.8202
    endloop
  endfacet
  facet normal 0 0.146786 0.989168
    outer loop
      vertex 30.2 -0.819366 45.8807
      vertex 23.5 -0.411667 45.8202
      vertex 23.5 -0.819366 45.8807
    endloop
  endfacet
  facet normal 0 -0.903996 0.427542
    outer loop
      vertex 23.5 3.70406 48.0201
      vertex 30.2 3.88028 48.3927
      vertex 23.5 3.88028 48.3927
    endloop
  endfacet
  facet normal 0 -0.903996 0.427542
    outer loop
      vertex 30.2 3.88028 48.3927
      vertex 23.5 3.70406 48.0201
      vertex 30.2 3.70406 48.0201
    endloop
  endfacet
  facet normal -0 0.671573 0.740938
    outer loop
      vertex 23.5 -2.66444 46.7534
      vertex 30.2 -2.96983 47.0302
      vertex 30.2 -2.66444 46.7534
    endloop
  endfacet
  facet normal 0 0.671573 0.740938
    outer loop
      vertex 30.2 -2.96983 47.0302
      vertex 23.5 -2.66444 46.7534
      vertex 23.5 -2.96983 47.0302
    endloop
  endfacet
  facet normal 0 -0.803157 -0.595768
    outer loop
      vertex 23.5 3.49217 52.3334
      vertex 30.2 3.24664 52.6644
      vertex 23.5 3.24664 52.6644
    endloop
  endfacet
  facet normal 0 -0.803157 -0.595768
    outer loop
      vertex 30.2 3.24664 52.6644
      vertex 23.5 3.49217 52.3334
      vertex 30.2 3.49217 52.3334
    endloop
  endfacet
  facet normal 0 0.970022 0.243015
    outer loop
      vertex 30.2 -4.01913 48.7808
      vertex 23.5 -4.11929 49.1806
      vertex 30.2 -4.11929 49.1806
    endloop
  endfacet
  facet normal 0 0.970022 0.243015
    outer loop
      vertex 23.5 -4.11929 49.1806
      vertex 30.2 -4.01913 48.7808
      vertex 23.5 -4.01913 48.7808
    endloop
  endfacet
  facet normal 0 -0.243093 0.970003
    outer loop
      vertex 23.5 1.21919 45.9809
      vertex 30.2 0.819366 45.8807
      vertex 30.2 1.21919 45.9809
    endloop
  endfacet
  facet normal 0 -0.243093 0.970003
    outer loop
      vertex 30.2 0.819366 45.8807
      vertex 23.5 1.21919 45.9809
      vertex 23.5 0.819366 45.8807
    endloop
  endfacet
  facet normal 0 0.857718 -0.514121
    outer loop
      vertex 30.2 -3.70406 51.9799
      vertex 23.5 -3.49217 52.3334
      vertex 30.2 -3.49217 52.3334
    endloop
  endfacet
  facet normal 0 0.857718 -0.514121
    outer loop
      vertex 23.5 -3.49217 52.3334
      vertex 30.2 -3.70406 51.9799
      vertex 23.5 -3.70406 51.9799
    endloop
  endfacet
  facet normal 0 -0.970022 -0.243015
    outer loop
      vertex 23.5 4.11929 50.8194
      vertex 30.2 4.01913 51.2192
      vertex 23.5 4.01913 51.2192
    endloop
  endfacet
  facet normal 0 -0.970022 -0.243015
    outer loop
      vertex 30.2 4.01913 51.2192
      vertex 23.5 4.11929 50.8194
      vertex 30.2 4.11929 50.8194
    endloop
  endfacet
  facet normal -0 0.514107 0.857726
    outer loop
      vertex 23.5 -1.97986 46.2959
      vertex 30.2 -2.33339 46.5078
      vertex 30.2 -1.97986 46.2959
    endloop
  endfacet
  facet normal 0 0.514107 0.857726
    outer loop
      vertex 30.2 -2.33339 46.5078
      vertex 23.5 -1.97986 46.2959
      vertex 23.5 -2.33339 46.5078
    endloop
  endfacet
  facet normal -0 0.243093 0.970003
    outer loop
      vertex 23.5 -0.819366 45.8807
      vertex 30.2 -1.21919 45.9809
      vertex 30.2 -0.819366 45.8807
    endloop
  endfacet
  facet normal 0 0.243093 0.970003
    outer loop
      vertex 30.2 -1.21919 45.9809
      vertex 23.5 -0.819366 45.8807
      vertex 23.5 -1.21919 45.9809
    endloop
  endfacet
  facet normal 0 -0.595819 0.803119
    outer loop
      vertex 23.5 2.66444 46.7534
      vertex 30.2 2.33339 46.5078
      vertex 30.2 2.66444 46.7534
    endloop
  endfacet
  facet normal 0 -0.595819 0.803119
    outer loop
      vertex 30.2 2.33339 46.5078
      vertex 23.5 2.66444 46.7534
      vertex 23.5 2.33339 46.5078
    endloop
  endfacet
  facet normal 0 0.989179 0.146715
    outer loop
      vertex 30.2 -4.11929 49.1806
      vertex 23.5 -4.17976 49.5883
      vertex 30.2 -4.17976 49.5883
    endloop
  endfacet
  facet normal 0 0.989179 0.146715
    outer loop
      vertex 23.5 -4.17976 49.5883
      vertex 30.2 -4.11929 49.1806
      vertex 23.5 -4.11929 49.1806
    endloop
  endfacet
  facet normal 0 -0.707135 -0.707078
    outer loop
      vertex 23.5 0 55.9397
      vertex 24.7 0.199484 55.7402
      vertex 24.7 0 55.9397
    endloop
  endfacet
  facet normal -6.65738e-06 -0.707115 -0.707098
    outer loop
      vertex 23.5 2.96983 52.9698
      vertex 24.7 0.199484 55.7402
      vertex 23.5 0 55.9397
    endloop
  endfacet
  facet normal -0 -0.707114 -0.7071
    outer loop
      vertex 30.2 2.96983 52.9698
      vertex 24.7 0.199484 55.7402
      vertex 23.5 2.96983 52.9698
    endloop
  endfacet
  facet normal 0 -0.707114 -0.7071
    outer loop
      vertex 24.7 0.199484 55.7402
      vertex 30.2 2.96983 52.9698
      vertex 30.2 0.199484 55.7402
    endloop
  endfacet
  facet normal 0 -0.671573 0.740938
    outer loop
      vertex 23.5 2.96983 47.0302
      vertex 30.2 2.66444 46.7534
      vertex 30.2 2.96983 47.0302
    endloop
  endfacet
  facet normal 0 -0.671573 0.740938
    outer loop
      vertex 30.2 2.66444 46.7534
      vertex 23.5 2.96983 47.0302
      vertex 23.5 2.66444 46.7534
    endloop
  endfacet
  facet normal 0 -0.427512 0.90401
    outer loop
      vertex 23.5 1.97986 46.2959
      vertex 30.2 1.60727 46.1197
      vertex 30.2 1.97986 46.2959
    endloop
  endfacet
  facet normal 0 -0.427512 0.90401
    outer loop
      vertex 30.2 1.60727 46.1197
      vertex 23.5 1.97986 46.2959
      vertex 23.5 1.60727 46.1197
    endloop
  endfacet
  facet normal 0 0.989179 -0.146715
    outer loop
      vertex 30.2 -4.17976 50.4117
      vertex 23.5 -4.11929 50.8194
      vertex 30.2 -4.11929 50.8194
    endloop
  endfacet
  facet normal 0 0.989179 -0.146715
    outer loop
      vertex 23.5 -4.11929 50.8194
      vertex 30.2 -4.17976 50.4117
      vertex 23.5 -4.17976 50.4117
    endloop
  endfacet
  facet normal 0 -0.740937 -0.671574
    outer loop
      vertex 23.5 3.24664 52.6644
      vertex 30.2 2.96983 52.9698
      vertex 23.5 2.96983 52.9698
    endloop
  endfacet
  facet normal 0 -0.740937 -0.671574
    outer loop
      vertex 30.2 2.96983 52.9698
      vertex 23.5 3.24664 52.6644
      vertex 30.2 3.24664 52.6644
    endloop
  endfacet
  facet normal 0 0.998794 0.0491027
    outer loop
      vertex 30.2 -4.17976 49.5883
      vertex 23.5 -4.2 50
      vertex 30.2 -4.2 50
    endloop
  endfacet
  facet normal 0 0.998794 0.0491027
    outer loop
      vertex 23.5 -4.2 50
      vertex 30.2 -4.17976 49.5883
      vertex 23.5 -4.17976 49.5883
    endloop
  endfacet
  facet normal 0 0.998794 -0.0491027
    outer loop
      vertex 30.2 -4.2 50
      vertex 23.5 -4.17976 50.4117
      vertex 30.2 -4.17976 50.4117
    endloop
  endfacet
  facet normal 0 0.998794 -0.0491027
    outer loop
      vertex 23.5 -4.17976 50.4117
      vertex 30.2 -4.2 50
      vertex 23.5 -4.2 50
    endloop
  endfacet
  facet normal 0 -0.0490098 0.998798
    outer loop
      vertex 23.5 0.411667 45.8202
      vertex 30.2 0 45.8
      vertex 30.2 0.411667 45.8202
    endloop
  endfacet
  facet normal 0 -0.0490098 0.998798
    outer loop
      vertex 30.2 0 45.8
      vertex 23.5 0.411667 45.8202
      vertex 23.5 0 45.8
    endloop
  endfacet
  facet normal 0 -0.740937 0.671574
    outer loop
      vertex 23.5 2.96983 47.0302
      vertex 30.2 3.24664 47.3356
      vertex 23.5 3.24664 47.3356
    endloop
  endfacet
  facet normal 0 -0.740937 0.671574
    outer loop
      vertex 30.2 3.24664 47.3356
      vertex 23.5 2.96983 47.0302
      vertex 30.2 2.96983 47.0302
    endloop
  endfacet
  facet normal 0 -0.857718 -0.514121
    outer loop
      vertex 23.5 3.70406 51.9799
      vertex 30.2 3.49217 52.3334
      vertex 23.5 3.49217 52.3334
    endloop
  endfacet
  facet normal 0 -0.857718 -0.514121
    outer loop
      vertex 30.2 3.49217 52.3334
      vertex 23.5 3.70406 51.9799
      vertex 30.2 3.70406 51.9799
    endloop
  endfacet
  facet normal 0 -0.803157 0.595768
    outer loop
      vertex 23.5 3.24664 47.3356
      vertex 30.2 3.49217 47.6666
      vertex 23.5 3.49217 47.6666
    endloop
  endfacet
  facet normal 0 -0.803157 0.595768
    outer loop
      vertex 30.2 3.49217 47.6666
      vertex 23.5 3.24664 47.3356
      vertex 30.2 3.24664 47.3356
    endloop
  endfacet
  facet normal 0 0.857718 0.514121
    outer loop
      vertex 30.2 -3.49217 47.6666
      vertex 23.5 -3.70406 48.0201
      vertex 30.2 -3.70406 48.0201
    endloop
  endfacet
  facet normal 0 0.857718 0.514121
    outer loop
      vertex 23.5 -3.70406 48.0201
      vertex 30.2 -3.49217 47.6666
      vertex 23.5 -3.49217 47.6666
    endloop
  endfacet
  facet normal 0 -0.998794 -0.0491027
    outer loop
      vertex 23.5 4.2 50
      vertex 30.2 4.17976 50.4117
      vertex 23.5 4.17976 50.4117
    endloop
  endfacet
  facet normal 0 -0.998794 -0.0491027
    outer loop
      vertex 30.2 4.17976 50.4117
      vertex 23.5 4.2 50
      vertex 30.2 4.2 50
    endloop
  endfacet
  facet normal 0 0.903996 0.427542
    outer loop
      vertex 30.2 -3.70406 48.0201
      vertex 23.5 -3.88028 48.3927
      vertex 30.2 -3.88028 48.3927
    endloop
  endfacet
  facet normal 0 0.903996 0.427542
    outer loop
      vertex 23.5 -3.88028 48.3927
      vertex 30.2 -3.70406 48.0201
      vertex 23.5 -3.70406 48.0201
    endloop
  endfacet
  facet normal 0 0.941555 -0.336859
    outer loop
      vertex 30.2 -4.01913 51.2192
      vertex 23.5 -3.88028 51.6073
      vertex 30.2 -3.88028 51.6073
    endloop
  endfacet
  facet normal 0 0.941555 -0.336859
    outer loop
      vertex 23.5 -3.88028 51.6073
      vertex 30.2 -4.01913 51.2192
      vertex 23.5 -4.01913 51.2192
    endloop
  endfacet
  facet normal 0 0.941555 0.336859
    outer loop
      vertex 30.2 -3.88028 48.3927
      vertex 23.5 -4.01913 48.7808
      vertex 30.2 -4.01913 48.7808
    endloop
  endfacet
  facet normal 0 0.941555 0.336859
    outer loop
      vertex 23.5 -4.01913 48.7808
      vertex 30.2 -3.88028 48.3927
      vertex 23.5 -3.88028 48.3927
    endloop
  endfacet
  facet normal 0 -0.998794 0.0491027
    outer loop
      vertex 23.5 4.17976 49.5883
      vertex 30.2 4.2 50
      vertex 23.5 4.2 50
    endloop
  endfacet
  facet normal 0 -0.998794 0.0491027
    outer loop
      vertex 30.2 4.2 50
      vertex 23.5 4.17976 49.5883
      vertex 30.2 4.17976 49.5883
    endloop
  endfacet
  facet normal 0 -0.903996 -0.427542
    outer loop
      vertex 23.5 3.88028 51.6073
      vertex 30.2 3.70406 51.9799
      vertex 23.5 3.70406 51.9799
    endloop
  endfacet
  facet normal 0 -0.903996 -0.427542
    outer loop
      vertex 30.2 3.70406 51.9799
      vertex 23.5 3.88028 51.6073
      vertex 30.2 3.88028 51.6073
    endloop
  endfacet
  facet normal -0 0.427512 0.90401
    outer loop
      vertex 23.5 -1.60727 46.1197
      vertex 30.2 -1.97986 46.2959
      vertex 30.2 -1.60727 46.1197
    endloop
  endfacet
  facet normal 0 0.427512 0.90401
    outer loop
      vertex 30.2 -1.97986 46.2959
      vertex 23.5 -1.60727 46.1197
      vertex 23.5 -1.97986 46.2959
    endloop
  endfacet
  facet normal 0 -0.514107 0.857726
    outer loop
      vertex 23.5 2.33339 46.5078
      vertex 30.2 1.97986 46.2959
      vertex 30.2 2.33339 46.5078
    endloop
  endfacet
  facet normal 0 -0.514107 0.857726
    outer loop
      vertex 30.2 1.97986 46.2959
      vertex 23.5 2.33339 46.5078
      vertex 23.5 1.97986 46.2959
    endloop
  endfacet
  facet normal 0 -0.146786 0.989168
    outer loop
      vertex 23.5 0.819366 45.8807
      vertex 30.2 0.411667 45.8202
      vertex 30.2 0.819366 45.8807
    endloop
  endfacet
  facet normal 0 -0.146786 0.989168
    outer loop
      vertex 30.2 0.411667 45.8202
      vertex 23.5 0.819366 45.8807
      vertex 23.5 0.411667 45.8202
    endloop
  endfacet
  facet normal 0 -0.941555 0.336859
    outer loop
      vertex 23.5 3.88028 48.3927
      vertex 30.2 4.01913 48.7808
      vertex 23.5 4.01913 48.7808
    endloop
  endfacet
  facet normal 0 -0.941555 0.336859
    outer loop
      vertex 30.2 4.01913 48.7808
      vertex 23.5 3.88028 48.3927
      vertex 30.2 3.88028 48.3927
    endloop
  endfacet
  facet normal 0 -0.970022 0.243015
    outer loop
      vertex 23.5 4.01913 48.7808
      vertex 30.2 4.11929 49.1806
      vertex 23.5 4.11929 49.1806
    endloop
  endfacet
  facet normal 0 -0.970022 0.243015
    outer loop
      vertex 30.2 4.11929 49.1806
      vertex 23.5 4.01913 48.7808
      vertex 30.2 4.01913 48.7808
    endloop
  endfacet
  facet normal 0 -0.989179 0.146715
    outer loop
      vertex 23.5 4.11929 49.1806
      vertex 30.2 4.17976 49.5883
      vertex 23.5 4.17976 49.5883
    endloop
  endfacet
  facet normal 0 -0.989179 0.146715
    outer loop
      vertex 30.2 4.17976 49.5883
      vertex 23.5 4.11929 49.1806
      vertex 30.2 4.11929 49.1806
    endloop
  endfacet
  facet normal 0 -0.989179 -0.146715
    outer loop
      vertex 23.5 4.17976 50.4117
      vertex 30.2 4.11929 50.8194
      vertex 23.5 4.11929 50.8194
    endloop
  endfacet
  facet normal 0 -0.989179 -0.146715
    outer loop
      vertex 30.2 4.11929 50.8194
      vertex 23.5 4.17976 50.4117
      vertex 30.2 4.17976 50.4117
    endloop
  endfacet
  facet normal 0 0.903996 -0.427542
    outer loop
      vertex 30.2 -3.88028 51.6073
      vertex 23.5 -3.70406 51.9799
      vertex 30.2 -3.70406 51.9799
    endloop
  endfacet
  facet normal 0 0.903996 -0.427542
    outer loop
      vertex 23.5 -3.70406 51.9799
      vertex 30.2 -3.88028 51.6073
      vertex 23.5 -3.88028 51.6073
    endloop
  endfacet
  facet normal -0.935924 -0.352202 -0
    outer loop
      vertex 16.0978 5.46447 45.5339
      vertex 15.706 6.50562 0
      vertex 16.0978 5.46447 0
    endloop
  endfacet
  facet normal -0.935924 -0.352202 0
    outer loop
      vertex 15.706 6.50562 0
      vertex 16.0978 5.46447 45.5339
      vertex 15.706 6.50562 46.135
    endloop
  endfacet
  facet normal -0.935924 -0.352202 0
    outer loop
      vertex 16.0978 5.46447 54.4661
      vertex 15.706 6.50562 100
      vertex 15.706 6.50562 53.865
    endloop
  endfacet
  facet normal -0.935924 -0.352202 0
    outer loop
      vertex 15.706 6.50562 100
      vertex 16.0978 5.46447 54.4661
      vertex 16.0978 5.46447 100
    endloop
  endfacet
  facet normal -0.162972 -0.986631 0
    outer loop
      vertex 2.21894 16.8546 0
      vertex 3.31653 16.6733 100
      vertex 2.21894 16.8546 100
    endloop
  endfacet
  facet normal -0.162972 -0.986631 -0
    outer loop
      vertex 3.31653 16.6733 100
      vertex 2.21894 16.8546 0
      vertex 3.31653 16.6733 0
    endloop
  endfacet
  facet normal -0.995188 -0.0979826 -0
    outer loop
      vertex 16.9636 1.11185 43.0209
      vertex 16.8546 2.21894 0
      vertex 16.9636 1.11185 0
    endloop
  endfacet
  facet normal -0.995188 -0.0979826 0
    outer loop
      vertex 16.8546 2.21894 0
      vertex 16.9636 1.11185 43.0209
      vertex 16.8546 2.21894 43.6601
    endloop
  endfacet
  facet normal -0.995188 -0.0979826 0
    outer loop
      vertex 16.9636 1.11185 56.9791
      vertex 16.8546 2.21894 100
      vertex 16.8546 2.21894 56.3399
    endloop
  endfacet
  facet normal -0.995188 -0.0979826 0
    outer loop
      vertex 16.8546 2.21894 100
      vertex 16.9636 1.11185 56.9791
      vertex 16.9636 1.11185 100
    endloop
  endfacet
  facet normal -0.999465 -0.0327207 -0
    outer loop
      vertex 17 0 42.379
      vertex 16.9636 1.11185 0
      vertex 17 0 0
    endloop
  endfacet
  facet normal -0.999465 -0.0327207 0
    outer loop
      vertex 16.9636 1.11185 0
      vertex 17 0 42.379
      vertex 16.9636 1.11185 43.0209
    endloop
  endfacet
  facet normal -0.999465 -0.0327207 0
    outer loop
      vertex 17 0 57.621
      vertex 16.9636 1.11185 100
      vertex 16.9636 1.11185 56.9791
    endloop
  endfacet
  facet normal -0.999465 -0.0327207 0
    outer loop
      vertex 16.9636 1.11185 100
      vertex 17 0 57.621
      vertex 17 0 100
    endloop
  endfacet
  facet normal -0.986631 -0.162972 -0
    outer loop
      vertex 16.8546 2.21894 43.6601
      vertex 16.6733 3.31653 0
      vertex 16.8546 2.21894 0
    endloop
  endfacet
  facet normal -0.986631 -0.162972 0
    outer loop
      vertex 16.6733 3.31653 0
      vertex 16.8546 2.21894 43.6601
      vertex 16.6733 3.31653 44.2938
    endloop
  endfacet
  facet normal -0.986631 -0.162972 0
    outer loop
      vertex 16.8546 2.21894 56.3399
      vertex 16.6733 3.31653 100
      vertex 16.6733 3.31653 55.7062
    endloop
  endfacet
  facet normal -0.986631 -0.162972 0
    outer loop
      vertex 16.6733 3.31653 100
      vertex 16.8546 2.21894 56.3399
      vertex 16.8546 2.21894 100
    endloop
  endfacet
  facet normal 0.88192 -0.4714 7.38637e-08
    outer loop
      vertex -15.2468 7.51891 0
      vertex -14.7224 8.5 95.7
      vertex -14.8538 8.25417 95.7441
    endloop
  endfacet
  facet normal 0.881836 -0.471557 1.62163e-06
    outer loop
      vertex -15.2468 7.51891 0
      vertex -14.8538 8.25417 95.7441
      vertex -14.9119 8.14552 95.7636
    endloop
  endfacet
  facet normal 0.881951 -0.471341 -1.91459e-07
    outer loop
      vertex -15.2468 7.51891 0
      vertex -14.9119 8.14552 95.7636
      vertex -15.0828 7.82574 95.9483
    endloop
  endfacet
  facet normal 0.881839 -0.47155 6.69434e-07
    outer loop
      vertex -15.2468 7.51891 0
      vertex -15.0828 7.82574 95.9483
      vertex -15.2185 7.57197 96.2359
    endloop
  endfacet
  facet normal 0.882344 -0.470605 0
    outer loop
      vertex -15.2468 7.51891 0
      vertex -15.2185 7.57197 96.2359
      vertex -15.2468 7.51891 96.3539
    endloop
  endfacet
  facet normal 0.881923 -0.471394 0
    outer loop
      vertex -14.7224 8.5 95.7
      vertex -15.2468 7.51891 0
      vertex -14.7224 8.5 0
    endloop
  endfacet
  facet normal 0.88192 -0.4714 0
    outer loop
      vertex -14.7224 8.5 100
      vertex -14.8538 8.25417 98.2559
      vertex -14.7224 8.5 98.3
    endloop
  endfacet
  facet normal 0.881833 -0.471561 2.91855e-05
    outer loop
      vertex -14.7224 8.5 100
      vertex -14.9119 8.14552 98.2364
      vertex -14.8538 8.25417 98.2559
    endloop
  endfacet
  facet normal 0.881923 -0.471394 -1.3886e-05
    outer loop
      vertex -15.2468 7.51891 100
      vertex -14.9119 8.14552 98.2364
      vertex -14.7224 8.5 100
    endloop
  endfacet
  facet normal 0.881949 -0.471345 8.65861e-06
    outer loop
      vertex -14.9119 8.14552 98.2364
      vertex -15.2468 7.51891 100
      vertex -15.0828 7.82574 98.0517
    endloop
  endfacet
  facet normal 0.881852 -0.471526 -2.80766e-05
    outer loop
      vertex -15.0828 7.82574 98.0517
      vertex -15.2468 7.51891 100
      vertex -15.2185 7.57197 97.7641
    endloop
  endfacet
  facet normal 0.882344 -0.470605 0
    outer loop
      vertex -15.2185 7.57197 97.7641
      vertex -15.2468 7.51891 100
      vertex -15.2468 7.51891 97.6461
    endloop
  endfacet
  facet normal -0.528038 0.849221 0
    outer loop
      vertex 9.44469 -14.135 0
      vertex 8.5 -14.7224 100
      vertex 9.44469 -14.135 100
    endloop
  endfacet
  facet normal -0.528038 0.849221 0
    outer loop
      vertex 8.5 -14.7224 100
      vertex 9.44469 -14.135 0
      vertex 8.5 -14.7224 0
    endloop
  endfacet
  facet normal 0.227067 -0.973879 0
    outer loop
      vertex -4.39992 16.4207 0
      vertex -3.31653 16.6733 100
      vertex -4.39992 16.4207 100
    endloop
  endfacet
  facet normal 0.227067 -0.973879 0
    outer loop
      vertex -3.31653 16.6733 100
      vertex -4.39992 16.4207 0
      vertex -3.31653 16.6733 0
    endloop
  endfacet
  facet normal -0.729831 -0.683627 0
    outer loop
      vertex 12.7813 11.2089 0
      vertex 12.0208 12.0208 100
      vertex 12.0208 12.0208 0
    endloop
  endfacet
  facet normal -0.729831 -0.683627 0
    outer loop
      vertex 12.0208 12.0208 100
      vertex 12.7813 11.2089 0
      vertex 12.7813 11.2089 100
    endloop
  endfacet
  facet normal 0.41277 0.910835 -0
    outer loop
      vertex -6.50562 -15.706 0
      vertex -7.51891 -15.2468 100
      vertex -6.50562 -15.706 100
    endloop
  endfacet
  facet normal 0.41277 0.910835 0
    outer loop
      vertex -7.51891 -15.2468 100
      vertex -6.50562 -15.706 0
      vertex -7.51891 -15.2468 0
    endloop
  endfacet
  facet normal -0.227067 0.973879 0
    outer loop
      vertex 4.39992 -16.4207 0
      vertex 3.31653 -16.6733 67
      vertex 4.39992 -16.4207 67
    endloop
  endfacet
  facet normal -0.227067 0.973879 0
    outer loop
      vertex 3.31653 -16.6733 67
      vertex 4.39992 -16.4207 0
      vertex 3.31653 -16.6733 0
    endloop
  endfacet
  facet normal -0.227067 0.973879 0
    outer loop
      vertex 4.39992 -16.4207 100
      vertex 3.31653 -16.6733 85.6835
      vertex 3.31653 -16.6733 100
    endloop
  endfacet
  facet normal -0.227067 0.973879 0
    outer loop
      vertex 3.31653 -16.6733 85.6835
      vertex 4.39992 -16.4207 100
      vertex 4.39992 -16.4207 84.6001
    endloop
  endfacet
  facet normal -0.910855 0.412727 0
    outer loop
      vertex 15.2985 -7.40494 3.40172
      vertex 15.706 -6.50562 46.135
      vertex 15.706 -6.50562 0
    endloop
  endfacet
  facet normal -0.910703 0.413062 -8.51501e-06
    outer loop
      vertex 15.2749 -7.45697 3.5133
      vertex 15.706 -6.50562 46.135
      vertex 15.2985 -7.40494 3.40172
    endloop
  endfacet
  facet normal -0.910928 0.412565 -5.16324e-05
    outer loop
      vertex 15.2985 -7.40494 3.40172
      vertex 15.706 -6.50562 0
      vertex 15.3249 -7.3467 3
    endloop
  endfacet
  facet normal -0.910837 0.412766 1.64328e-05
    outer loop
      vertex 15.706 -6.50562 0
      vertex 15.2985 -7.40494 2.59828
      vertex 15.3249 -7.3467 3
    endloop
  endfacet
  facet normal -0.910764 0.412928 8.40138e-05
    outer loop
      vertex 15.706 -6.50562 0
      vertex 15.2749 -7.45697 2.4867
      vertex 15.2985 -7.40494 2.59828
    endloop
  endfacet
  facet normal -0.910835 0.41277 0
    outer loop
      vertex 15.2468 -7.51891 2.35389
      vertex 15.706 -6.50562 0
      vertex 15.2468 -7.51891 0
    endloop
  endfacet
  facet normal -0.910749 0.412961 9.94019e-05
    outer loop
      vertex 15.706 -6.50562 0
      vertex 15.2468 -7.51891 2.35389
      vertex 15.2749 -7.45697 2.4867
    endloop
  endfacet
  facet normal -0.910731 0.413 6.09626e-06
    outer loop
      vertex 15.2468 -7.51891 100
      vertex 15.706 -6.50562 53.865
      vertex 15.6632 -6.6 53.8105
    endloop
  endfacet
  facet normal -0.910676 0.41312 -1.00738e-05
    outer loop
      vertex 15.2468 -7.51891 3.64611
      vertex 15.706 -6.50562 46.135
      vertex 15.2749 -7.45697 3.5133
    endloop
  endfacet
  facet normal -0.910731 0.413 -6.6123e-06
    outer loop
      vertex 15.706 -6.50562 46.135
      vertex 15.2468 -7.51891 3.64611
      vertex 15.6632 -6.6 46.1895
    endloop
  endfacet
  facet normal -0.910846 0.412746 0
    outer loop
      vertex 15.6632 -6.6 46.1895
      vertex 15.2468 -7.51891 3.64611
      vertex 15.6632 -6.6 53.8105
    endloop
  endfacet
  facet normal -0.910846 0.412746 0
    outer loop
      vertex 15.2468 -7.51891 100
      vertex 15.6632 -6.6 53.8105
      vertex 15.2468 -7.51891 3.64611
    endloop
  endfacet
  facet normal -0.910835 0.41277 0
    outer loop
      vertex 15.706 -6.50562 53.865
      vertex 15.2468 -7.51891 100
      vertex 15.706 -6.50562 100
    endloop
  endfacet
  facet normal 0.227067 0.973879 -0
    outer loop
      vertex -3.31653 -16.6733 0
      vertex -4.39992 -16.4207 67
      vertex -3.31653 -16.6733 67
    endloop
  endfacet
  facet normal 0.227067 0.973879 0
    outer loop
      vertex -4.39992 -16.4207 67
      vertex -3.31653 -16.6733 0
      vertex -4.39992 -16.4207 0
    endloop
  endfacet
  facet normal 0.227067 0.973879 -0
    outer loop
      vertex -3.31653 -16.6733 85.6835
      vertex -4.39992 -16.4207 100
      vertex -3.31653 -16.6733 100
    endloop
  endfacet
  facet normal 0.227067 0.973879 0
    outer loop
      vertex -4.39992 -16.4207 100
      vertex -3.31653 -16.6733 85.6835
      vertex -4.39992 -16.4207 84.6001
    endloop
  endfacet
  facet normal -0.973879 0.227067 0
    outer loop
      vertex 16.4207 -4.39992 0
      vertex 16.6733 -3.31653 44.2938
      vertex 16.6733 -3.31653 0
    endloop
  endfacet
  facet normal -0.973879 0.227067 0
    outer loop
      vertex 16.6733 -3.31653 44.2938
      vertex 16.4207 -4.39992 0
      vertex 16.4207 -4.39992 44.9193
    endloop
  endfacet
  facet normal -0.973879 0.227067 0
    outer loop
      vertex 16.4207 -4.39992 100
      vertex 16.6733 -3.31653 55.7062
      vertex 16.4207 -4.39992 55.0807
    endloop
  endfacet
  facet normal -0.973879 0.227067 0
    outer loop
      vertex 16.6733 -3.31653 55.7062
      vertex 16.4207 -4.39992 100
      vertex 16.6733 -3.31653 100
    endloop
  endfacet
  facet normal -0.973879 -0.227067 -0
    outer loop
      vertex 16.6733 3.31653 44.2938
      vertex 16.4207 4.39992 0
      vertex 16.6733 3.31653 0
    endloop
  endfacet
  facet normal -0.973879 -0.227067 0
    outer loop
      vertex 16.4207 4.39992 0
      vertex 16.6733 3.31653 44.2938
      vertex 16.4207 4.39992 44.9193
    endloop
  endfacet
  facet normal -0.973879 -0.227067 0
    outer loop
      vertex 16.6733 3.31653 55.7062
      vertex 16.4207 4.39992 100
      vertex 16.4207 4.39992 55.0807
    endloop
  endfacet
  facet normal -0.973879 -0.227067 0
    outer loop
      vertex 16.4207 4.39992 100
      vertex 16.6733 3.31653 55.7062
      vertex 16.6733 3.31653 100
    endloop
  endfacet
  facet normal -0.528038 -0.849221 0
    outer loop
      vertex 8.5 14.7224 0
      vertex 9.44469 14.135 100
      vertex 8.5 14.7224 100
    endloop
  endfacet
  facet normal -0.528038 -0.849221 -0
    outer loop
      vertex 9.44469 14.135 100
      vertex 8.5 14.7224 0
      vertex 9.44469 14.135 0
    endloop
  endfacet
  facet normal -0.0327207 0.999465 0
    outer loop
      vertex 1.11185 -16.9636 0
      vertex 0 -17 67
      vertex 1.11185 -16.9636 67
    endloop
  endfacet
  facet normal -0.0327207 0.999465 0
    outer loop
      vertex 0 -17 67
      vertex 1.11185 -16.9636 0
      vertex 0 -17 0
    endloop
  endfacet
  facet normal -0.0327207 0.999465 2.73913e-05
    outer loop
      vertex 0.401722 -16.9868 98.2364
      vertex 0 -17 100
      vertex 1.11185 -16.9636 100
    endloop
  endfacet
  facet normal -0.0328408 0.999461 0
    outer loop
      vertex 0 -17 100
      vertex 0.401722 -16.9868 98.2364
      vertex 0 -17 98.3
    endloop
  endfacet
  facet normal -0.0325622 0.99947 -3.64907e-05
    outer loop
      vertex 1.11185 -16.9636 100
      vertex 0.76412 -16.975 98.0517
      vertex 0.401722 -16.9868 98.2364
    endloop
  endfacet
  facet normal -0.0326819 0.999466 -1.51024e-05
    outer loop
      vertex 1.11185 -16.9636 100
      vertex 1.05172 -16.9656 97.7641
      vertex 0.76412 -16.975 98.0517
    endloop
  endfacet
  facet normal -0.0332429 0.999447 0
    outer loop
      vertex 1.05172 -16.9656 97.7641
      vertex 1.11185 -16.9636 100
      vertex 1.11185 -16.9636 97.6461
    endloop
  endfacet
  facet normal -0.0328408 0.999461 0
    outer loop
      vertex 0.401722 -16.9868 95.7636
      vertex 0 -17 89
      vertex 0 -17 95.7
    endloop
  endfacet
  facet normal -0.0325344 0.999471 -1.82215e-05
    outer loop
      vertex 0.76412 -16.975 95.9483
      vertex 0 -17 89
      vertex 0.401722 -16.9868 95.7636
    endloop
  endfacet
  facet normal -0.032671 0.999466 4.12414e-06
    outer loop
      vertex 1.11185 -16.9636 87.8881
      vertex 0.76412 -16.975 95.9483
      vertex 1.05172 -16.9656 96.2359
    endloop
  endfacet
  facet normal -0.0332429 0.999447 0
    outer loop
      vertex 1.11185 -16.9636 87.8881
      vertex 1.05172 -16.9656 96.2359
      vertex 1.11185 -16.9636 96.3539
    endloop
  endfacet
  facet normal -0.0327186 0.999465 2.06511e-06
    outer loop
      vertex 0.76412 -16.975 95.9483
      vertex 1.11185 -16.9636 87.8881
      vertex 0 -17 89
    endloop
  endfacet
  facet normal 0.973879 0.227067 -0
    outer loop
      vertex -16.4207 -4.39992 0
      vertex -16.6733 -3.31653 44.2938
      vertex -16.4207 -4.39992 44.9193
    endloop
  endfacet
  facet normal 0.973879 0.227067 0
    outer loop
      vertex -16.6733 -3.31653 44.2938
      vertex -16.4207 -4.39992 0
      vertex -16.6733 -3.31653 0
    endloop
  endfacet
  facet normal 0.973879 0.227067 0
    outer loop
      vertex -16.4207 -4.39992 100
      vertex -16.6733 -3.31653 55.7062
      vertex -16.6733 -3.31653 100
    endloop
  endfacet
  facet normal 0.973879 0.227067 0
    outer loop
      vertex -16.6733 -3.31653 55.7062
      vertex -16.4207 -4.39992 100
      vertex -16.4207 -4.39992 55.0807
    endloop
  endfacet
  facet normal -0.0979826 -0.995188 0
    outer loop
      vertex 1.11185 16.9636 3.64611
      vertex 2.21894 16.8546 100
      vertex 1.11185 16.9636 100
    endloop
  endfacet
  facet normal -0.0982939 -0.995157 3.61179e-06
    outer loop
      vertex 1.23637 16.9513 3.40172
      vertex 2.21894 16.8546 100
      vertex 1.11185 16.9636 3.64611
    endloop
  endfacet
  facet normal -0.0991113 -0.995076 -0.000340985
    outer loop
      vertex 2.21894 16.8546 0
      vertex 1.23637 16.9513 3.40172
      vertex 1.3 16.9451 3
    endloop
  endfacet
  facet normal -0.0979826 -0.995188 0
    outer loop
      vertex 2.21894 16.8546 0
      vertex 1.11185 16.9636 2.35389
      vertex 1.11185 16.9636 0
    endloop
  endfacet
  facet normal -0.0981481 -0.995172 -7.86137e-05
    outer loop
      vertex 1.11185 16.9636 2.35389
      vertex 2.21894 16.8546 0
      vertex 1.23637 16.9513 2.59828
    endloop
  endfacet
  facet normal -0.0979422 -0.995192 0
    outer loop
      vertex 1.23637 16.9513 3.40172
      vertex 2.21894 16.8546 0
      vertex 2.21894 16.8546 100
    endloop
  endfacet
  facet normal -0.0976579 -0.99522 0.000108553
    outer loop
      vertex 1.23637 16.9513 2.59828
      vertex 2.21894 16.8546 0
      vertex 1.3 16.9451 3
    endloop
  endfacet
  facet normal -0.986631 0.162972 0
    outer loop
      vertex 16.6733 -3.31653 0
      vertex 16.8546 -2.21894 43.6601
      vertex 16.8546 -2.21894 0
    endloop
  endfacet
  facet normal -0.986631 0.162972 0
    outer loop
      vertex 16.8546 -2.21894 43.6601
      vertex 16.6733 -3.31653 0
      vertex 16.6733 -3.31653 44.2938
    endloop
  endfacet
  facet normal -0.986631 0.162972 0
    outer loop
      vertex 16.6733 -3.31653 100
      vertex 16.8546 -2.21894 56.3399
      vertex 16.6733 -3.31653 55.7062
    endloop
  endfacet
  facet normal -0.986631 0.162972 0
    outer loop
      vertex 16.8546 -2.21894 56.3399
      vertex 16.6733 -3.31653 100
      vertex 16.8546 -2.21894 100
    endloop
  endfacet
  facet normal -0.352202 -0.935924 0
    outer loop
      vertex 5.46447 16.0978 0
      vertex 6.50562 15.706 100
      vertex 5.46447 16.0978 100
    endloop
  endfacet
  facet normal -0.352202 -0.935924 -0
    outer loop
      vertex 6.50562 15.706 100
      vertex 5.46447 16.0978 0
      vertex 6.50562 15.706 0
    endloop
  endfacet
  facet normal 0.683627 0.729831 -0
    outer loop
      vertex -11.2089 -12.7813 0
      vertex -12.0208 -12.0208 100
      vertex -11.2089 -12.7813 100
    endloop
  endfacet
  facet normal 0.683627 0.729831 0
    outer loop
      vertex -12.0208 -12.0208 100
      vertex -11.2089 -12.7813 0
      vertex -12.0208 -12.0208 0
    endloop
  endfacet
  facet normal -0.773047 -0.634348 0
    outer loop
      vertex 13.487 10.3489 0
      vertex 12.7813 11.2089 100
      vertex 12.7813 11.2089 0
    endloop
  endfacet
  facet normal -0.773047 -0.634348 0
    outer loop
      vertex 12.7813 11.2089 100
      vertex 13.487 10.3489 0
      vertex 13.487 10.3489 100
    endloop
  endfacet
  facet normal 0.999465 0.0327207 -0
    outer loop
      vertex -16.9636 -1.11185 0
      vertex -17 0 42.379
      vertex -16.9636 -1.11185 43.0209
    endloop
  endfacet
  facet normal 0.999465 0.0327207 0
    outer loop
      vertex -17 0 42.379
      vertex -16.9636 -1.11185 0
      vertex -17 0 0
    endloop
  endfacet
  facet normal 0.999465 0.0327207 0
    outer loop
      vertex -16.9636 -1.11185 100
      vertex -17 0 71
      vertex -17 0 100
    endloop
  endfacet
  facet normal 0.999465 0.0327207 0
    outer loop
      vertex -17 0 71
      vertex -16.9636 -1.11185 100
      vertex -16.9636 -1.11185 71
    endloop
  endfacet
  facet normal 0.999465 0.0327207 0
    outer loop
      vertex -16.9636 -1.11185 63
      vertex -17 0 57.621
      vertex -17 0 63
    endloop
  endfacet
  facet normal 0.999465 0.0327207 0
    outer loop
      vertex -17 0 57.621
      vertex -16.9636 -1.11185 63
      vertex -16.9636 -1.11185 56.9791
    endloop
  endfacet
  facet normal 0.935924 0.352202 -0
    outer loop
      vertex -15.706 -6.50562 0
      vertex -16.0978 -5.46447 45.5339
      vertex -15.706 -6.50562 46.135
    endloop
  endfacet
  facet normal 0.935924 0.352202 0
    outer loop
      vertex -16.0978 -5.46447 45.5339
      vertex -15.706 -6.50562 0
      vertex -16.0978 -5.46447 0
    endloop
  endfacet
  facet normal 0.935924 0.352202 0
    outer loop
      vertex -15.706 -6.50562 100
      vertex -16.0978 -5.46447 54.4661
      vertex -16.0978 -5.46447 100
    endloop
  endfacet
  facet normal 0.935924 0.352202 0
    outer loop
      vertex -16.0978 -5.46447 54.4661
      vertex -15.706 -6.50562 100
      vertex -15.706 -6.50562 53.865
    endloop
  endfacet
  facet normal -0.0328408 -0.999461 0
    outer loop
      vertex 0 17 0
      vertex 0.401722 16.9868 1.76363
      vertex 0 17 1.7
    endloop
  endfacet
  facet normal -0.0327207 -0.999465 -2.73908e-05
    outer loop
      vertex 1.11185 16.9636 0
      vertex 0.401722 16.9868 1.76363
      vertex 0 17 0
    endloop
  endfacet
  facet normal -0.0325622 -0.99947 3.64919e-05
    outer loop
      vertex 0.401722 16.9868 1.76363
      vertex 1.11185 16.9636 0
      vertex 0.76412 16.975 1.94828
    endloop
  endfacet
  facet normal -0.0326819 -0.999466 1.51025e-05
    outer loop
      vertex 0.76412 16.975 1.94828
      vertex 1.11185 16.9636 0
      vertex 1.05172 16.9656 2.23588
    endloop
  endfacet
  facet normal -0.0332429 -0.999447 0
    outer loop
      vertex 1.05172 16.9656 2.23588
      vertex 1.11185 16.9636 0
      vertex 1.11185 16.9636 2.35389
    endloop
  endfacet
  facet normal -0.0327207 -0.999465 0
    outer loop
      vertex 0 17 4.3
      vertex 1.11185 16.9636 100
      vertex 0 17 100
    endloop
  endfacet
  facet normal -0.0328406 -0.999461 1.39451e-06
    outer loop
      vertex 0.401722 16.9868 4.23637
      vertex 1.11185 16.9636 100
      vertex 0 17 4.3
    endloop
  endfacet
  facet normal -0.032544 -0.99947 -8.06883e-07
    outer loop
      vertex 0.76412 16.975 4.05172
      vertex 1.11185 16.9636 100
      vertex 0.401722 16.9868 4.23637
    endloop
  endfacet
  facet normal -0.0326672 -0.999466 -3.60093e-07
    outer loop
      vertex 1.05172 16.9656 3.76412
      vertex 1.11185 16.9636 100
      vertex 0.76412 16.975 4.05172
    endloop
  endfacet
  facet normal -0.0332429 -0.999447 -0
    outer loop
      vertex 1.11185 16.9636 100
      vertex 1.05172 16.9656 3.76412
      vertex 1.11185 16.9636 3.64611
    endloop
  endfacet
  facet normal -0.812829 -0.582502 0
    outer loop
      vertex 14.0621 9.5464 96.5983
      vertex 13.487 10.3489 100
      vertex 13.487 10.3489 0
    endloop
  endfacet
  facet normal -0.81206 -0.583574 0.000394121
    outer loop
      vertex 13.487 10.3489 100
      vertex 14.0506 9.56242 96.7221
      vertex 14.0249 9.59837 97
    endloop
  endfacet
  facet normal -0.813398 -0.581707 -0.000283765
    outer loop
      vertex 13.487 10.3489 100
      vertex 14.0621 9.5464 96.5983
      vertex 14.0506 9.56242 96.7221
    endloop
  endfacet
  facet normal -0.812671 -0.582723 -2.77179e-06
    outer loop
      vertex 13.487 10.3489 0
      vertex 14.0954 9.49996 96.4867
      vertex 14.0621 9.5464 96.5983
    endloop
  endfacet
  facet normal -0.812824 -0.582509 -0
    outer loop
      vertex 14.135 9.44469 96.3539
      vertex 13.487 10.3489 0
      vertex 14.135 9.44469 0
    endloop
  endfacet
  facet normal -0.812887 -0.582422 1.23062e-06
    outer loop
      vertex 13.487 10.3489 0
      vertex 14.135 9.44469 96.3539
      vertex 14.0954 9.49996 96.4867
    endloop
  endfacet
  facet normal -0.813044 -0.582202 -0.000125607
    outer loop
      vertex 14.0506 9.56242 97.2779
      vertex 13.487 10.3489 100
      vertex 14.0249 9.59837 97
    endloop
  endfacet
  facet normal -0.812691 -0.582695 9.02079e-05
    outer loop
      vertex 14.0621 9.5464 97.4017
      vertex 13.487 10.3489 100
      vertex 14.0506 9.56242 97.2779
    endloop
  endfacet
  facet normal -0.812737 -0.582631 6.03336e-05
    outer loop
      vertex 14.0954 9.49996 97.5133
      vertex 13.487 10.3489 100
      vertex 14.0621 9.5464 97.4017
    endloop
  endfacet
  facet normal -0.812857 -0.582463 -2.67856e-05
    outer loop
      vertex 14.135 9.44469 97.6461
      vertex 13.487 10.3489 100
      vertex 14.0954 9.49996 97.5133
    endloop
  endfacet
  facet normal -0.812824 -0.582509 0
    outer loop
      vertex 13.487 10.3489 100
      vertex 14.135 9.44469 97.6461
      vertex 14.135 9.44469 100
    endloop
  endfacet
  facet normal 0.162972 0.986631 -0
    outer loop
      vertex -2.21894 -16.8546 0
      vertex -3.31653 -16.6733 67
      vertex -2.21894 -16.8546 67
    endloop
  endfacet
  facet normal 0.162972 0.986631 0
    outer loop
      vertex -3.31653 -16.6733 67
      vertex -2.21894 -16.8546 0
      vertex -3.31653 -16.6733 0
    endloop
  endfacet
  facet normal 0.162972 0.986631 -0
    outer loop
      vertex -2.21894 -16.8546 86.7811
      vertex -3.31653 -16.6733 100
      vertex -2.21894 -16.8546 100
    endloop
  endfacet
  facet normal 0.162972 0.986631 0
    outer loop
      vertex -3.31653 -16.6733 100
      vertex -2.21894 -16.8546 86.7811
      vertex -3.31653 -16.6733 85.6835
    endloop
  endfacet
  facet normal 0.528038 0.849221 -0
    outer loop
      vertex -8.5 -14.7224 0
      vertex -9.44469 -14.135 100
      vertex -8.5 -14.7224 100
    endloop
  endfacet
  facet normal 0.528038 0.849221 0
    outer loop
      vertex -9.44469 -14.135 100
      vertex -8.5 -14.7224 0
      vertex -9.44469 -14.135 0
    endloop
  endfacet
  facet normal 0.290262 0.956947 -0
    outer loop
      vertex -4.39992 -16.4207 0
      vertex -5.46447 -16.0978 67
      vertex -4.39992 -16.4207 67
    endloop
  endfacet
  facet normal 0.290262 0.956947 0
    outer loop
      vertex -5.46447 -16.0978 67
      vertex -4.39992 -16.4207 0
      vertex -5.46447 -16.0978 0
    endloop
  endfacet
  facet normal 0.290262 0.956947 -0
    outer loop
      vertex -4.39992 -16.4207 84.6001
      vertex -5.46447 -16.0978 100
      vertex -4.39992 -16.4207 100
    endloop
  endfacet
  facet normal 0.290262 0.956947 0
    outer loop
      vertex -5.46447 -16.0978 100
      vertex -4.39992 -16.4207 84.6001
      vertex -5.46447 -16.0978 83.5355
    endloop
  endfacet
  facet normal 0.986631 0.162972 -0
    outer loop
      vertex -16.6733 -3.31653 0
      vertex -16.8546 -2.21894 43.6601
      vertex -16.6733 -3.31653 44.2938
    endloop
  endfacet
  facet normal 0.986631 0.162972 0
    outer loop
      vertex -16.8546 -2.21894 43.6601
      vertex -16.6733 -3.31653 0
      vertex -16.8546 -2.21894 0
    endloop
  endfacet
  facet normal 0.986631 0.162972 0
    outer loop
      vertex -16.6733 -3.31653 100
      vertex -16.8546 -2.21894 56.3399
      vertex -16.8546 -2.21894 100
    endloop
  endfacet
  facet normal 0.986631 0.162972 0
    outer loop
      vertex -16.8546 -2.21894 56.3399
      vertex -16.6733 -3.31653 100
      vertex -16.6733 -3.31653 55.7062
    endloop
  endfacet
  facet normal 0.729831 -0.683627 0
    outer loop
      vertex -12.7813 11.2089 100
      vertex -12.0208 12.0208 0
      vertex -12.0208 12.0208 100
    endloop
  endfacet
  facet normal 0.729831 -0.683627 0
    outer loop
      vertex -12.0208 12.0208 0
      vertex -12.7813 11.2089 100
      vertex -12.7813 11.2089 0
    endloop
  endfacet
  facet normal 0.634348 0.773047 -0
    outer loop
      vertex -10.3489 -13.487 0
      vertex -11.2089 -12.7813 100
      vertex -10.3489 -13.487 100
    endloop
  endfacet
  facet normal 0.634348 0.773047 0
    outer loop
      vertex -11.2089 -12.7813 100
      vertex -10.3489 -13.487 0
      vertex -11.2089 -12.7813 0
    endloop
  endfacet
  facet normal 0.773047 -0.634348 0
    outer loop
      vertex -13.487 10.3489 100
      vertex -12.7813 11.2089 0
      vertex -12.7813 11.2089 100
    endloop
  endfacet
  facet normal 0.773047 -0.634348 0
    outer loop
      vertex -12.7813 11.2089 0
      vertex -13.487 10.3489 100
      vertex -13.487 10.3489 0
    endloop
  endfacet
  facet normal 0.995188 -0.0979826 0
    outer loop
      vertex -16.9636 1.11185 43.0209
      vertex -16.8546 2.21894 0
      vertex -16.8546 2.21894 43.6601
    endloop
  endfacet
  facet normal 0.995188 -0.0979826 0
    outer loop
      vertex -16.8546 2.21894 0
      vertex -16.9636 1.11185 43.0209
      vertex -16.9636 1.11185 0
    endloop
  endfacet
  facet normal 0.995186 -0.0980042 0
    outer loop
      vertex -16.8546 2.21894 100
      vertex -16.9254 1.5 71
      vertex -16.8546 2.21894 56.3399
    endloop
  endfacet
  facet normal 0.995188 -0.0979826 -5.42825e-07
    outer loop
      vertex -16.9636 1.11185 100
      vertex -16.9254 1.5 71
      vertex -16.8546 2.21894 100
    endloop
  endfacet
  facet normal 0.995192 -0.0979424 0
    outer loop
      vertex -16.9254 1.5 71
      vertex -16.9636 1.11185 100
      vertex -16.9636 1.11185 71
    endloop
  endfacet
  facet normal 0.995186 -0.0980042 0
    outer loop
      vertex -16.9254 1.5 63
      vertex -16.8546 2.21894 56.3399
      vertex -16.9254 1.5 71
    endloop
  endfacet
  facet normal 0.995192 -0.0979424 0
    outer loop
      vertex -16.9636 1.11185 56.9791
      vertex -16.9254 1.5 63
      vertex -16.9636 1.11185 63
    endloop
  endfacet
  facet normal 0.995188 -0.0979811 2.52072e-06
    outer loop
      vertex -16.9254 1.5 63
      vertex -16.9636 1.11185 56.9791
      vertex -16.8546 2.21894 56.3399
    endloop
  endfacet
  facet normal 0.882344 0.470605 0
    outer loop
      vertex -15.2185 -7.57197 2.23588
      vertex -15.2468 -7.51891 0
      vertex -15.2468 -7.51891 2.35389
    endloop
  endfacet
  facet normal 0.881852 0.471526 2.80768e-05
    outer loop
      vertex -15.0828 -7.82574 1.94828
      vertex -15.2468 -7.51891 0
      vertex -15.2185 -7.57197 2.23588
    endloop
  endfacet
  facet normal 0.881949 0.471345 -8.65888e-06
    outer loop
      vertex -14.9119 -8.14552 1.76363
      vertex -15.2468 -7.51891 0
      vertex -15.0828 -7.82574 1.94828
    endloop
  endfacet
  facet normal 0.881833 0.471561 -2.9185e-05
    outer loop
      vertex -14.7224 -8.5 0
      vertex -14.9119 -8.14552 1.76363
      vertex -14.8538 -8.25417 1.74413
    endloop
  endfacet
  facet normal 0.88192 0.4714 -0
    outer loop
      vertex -14.7224 -8.5 0
      vertex -14.8538 -8.25417 1.74413
      vertex -14.7224 -8.5 1.7
    endloop
  endfacet
  facet normal 0.881923 0.471394 1.38857e-05
    outer loop
      vertex -14.9119 -8.14552 1.76363
      vertex -14.7224 -8.5 0
      vertex -15.2468 -7.51891 0
    endloop
  endfacet
  facet normal 0.882344 0.470605 0
    outer loop
      vertex -15.2468 -7.51891 100
      vertex -15.2185 -7.57197 3.76412
      vertex -15.2468 -7.51891 3.64611
    endloop
  endfacet
  facet normal 0.881839 0.47155 -6.69434e-07
    outer loop
      vertex -15.2468 -7.51891 100
      vertex -15.0828 -7.82574 4.05172
      vertex -15.2185 -7.57197 3.76412
    endloop
  endfacet
  facet normal 0.881951 0.471341 1.91459e-07
    outer loop
      vertex -15.2468 -7.51891 100
      vertex -14.9119 -8.14552 4.23637
      vertex -15.0828 -7.82574 4.05172
    endloop
  endfacet
  facet normal 0.881836 0.471557 -1.62163e-06
    outer loop
      vertex -15.2468 -7.51891 100
      vertex -14.8538 -8.25417 4.25587
      vertex -14.9119 -8.14552 4.23637
    endloop
  endfacet
  facet normal 0.881923 0.471394 -0
    outer loop
      vertex -14.7224 -8.5 4.3
      vertex -15.2468 -7.51891 100
      vertex -14.7224 -8.5 100
    endloop
  endfacet
  facet normal 0.88192 0.4714 -7.38637e-08
    outer loop
      vertex -15.2468 -7.51891 100
      vertex -14.7224 -8.5 4.3
      vertex -14.8538 -8.25417 4.25587
    endloop
  endfacet
  facet normal 0.910835 -0.41277 0
    outer loop
      vertex -15.706 6.50562 100
      vertex -15.2468 7.51891 97.6461
      vertex -15.2468 7.51891 100
    endloop
  endfacet
  facet normal 0.910749 -0.412961 -9.94053e-05
    outer loop
      vertex -15.2468 7.51891 97.6461
      vertex -15.706 6.50562 100
      vertex -15.2749 7.45697 97.5133
    endloop
  endfacet
  facet normal 0.910764 -0.412928 -8.4007e-05
    outer loop
      vertex -15.2749 7.45697 97.5133
      vertex -15.706 6.50562 100
      vertex -15.2985 7.40494 97.4017
    endloop
  endfacet
  facet normal 0.910837 -0.412766 -1.64333e-05
    outer loop
      vertex -15.2985 7.40494 97.4017
      vertex -15.706 6.50562 100
      vertex -15.3249 7.3467 97
    endloop
  endfacet
  facet normal 0.910855 -0.412727 0
    outer loop
      vertex -15.706 6.50562 53.865
      vertex -15.2985 7.40494 96.5983
      vertex -15.706 6.50562 100
    endloop
  endfacet
  facet normal 0.910731 -0.413 6.92634e-06
    outer loop
      vertex -15.2985 7.40494 96.5983
      vertex -15.706 6.50562 53.865
      vertex -15.6632 6.6 53.8105
    endloop
  endfacet
  facet normal 0.910676 -0.413121 9.76184e-06
    outer loop
      vertex -15.6632 6.6 53.8105
      vertex -15.2468 7.51891 96.3539
      vertex -15.2749 7.45697 96.4867
    endloop
  endfacet
  facet normal 0.910703 -0.413063 8.35293e-06
    outer loop
      vertex -15.6632 6.6 53.8105
      vertex -15.2749 7.45697 96.4867
      vertex -15.2985 7.40494 96.5983
    endloop
  endfacet
  facet normal 0.910928 -0.412565 5.16377e-05
    outer loop
      vertex -15.706 6.50562 100
      vertex -15.2985 7.40494 96.5983
      vertex -15.3249 7.3467 97
    endloop
  endfacet
  facet normal 0.910846 -0.412746 0
    outer loop
      vertex -15.2468 7.51891 96.3539
      vertex -15.6632 6.6 53.8105
      vertex -15.2468 7.51891 0
    endloop
  endfacet
  facet normal 0.910846 -0.412746 0
    outer loop
      vertex -15.6632 6.6 46.1895
      vertex -15.2468 7.51891 0
      vertex -15.6632 6.6 53.8105
    endloop
  endfacet
  facet normal 0.910731 -0.413 -6.09626e-06
    outer loop
      vertex -15.706 6.50562 46.135
      vertex -15.2468 7.51891 0
      vertex -15.6632 6.6 46.1895
    endloop
  endfacet
  facet normal 0.910835 -0.41277 0
    outer loop
      vertex -15.2468 7.51891 0
      vertex -15.706 6.50562 46.135
      vertex -15.706 6.50562 0
    endloop
  endfacet
  facet normal 0.956947 -0.290262 0
    outer loop
      vertex -16.4207 4.39992 44.9193
      vertex -16.0978 5.46447 0
      vertex -16.0978 5.46447 45.5339
    endloop
  endfacet
  facet normal 0.956947 -0.290262 0
    outer loop
      vertex -16.0978 5.46447 0
      vertex -16.4207 4.39992 44.9193
      vertex -16.4207 4.39992 0
    endloop
  endfacet
  facet normal 0.956947 -0.290262 0
    outer loop
      vertex -16.4207 4.39992 55.0807
      vertex -16.0978 5.46447 100
      vertex -16.4207 4.39992 100
    endloop
  endfacet
  facet normal 0.956947 -0.290262 0
    outer loop
      vertex -16.0978 5.46447 100
      vertex -16.4207 4.39992 55.0807
      vertex -16.0978 5.46447 54.4661
    endloop
  endfacet
  facet normal -0.582509 -0.812824 0
    outer loop
      vertex 9.44469 14.135 0
      vertex 10.3489 13.487 100
      vertex 9.44469 14.135 100
    endloop
  endfacet
  facet normal -0.582509 -0.812824 -0
    outer loop
      vertex 10.3489 13.487 100
      vertex 9.44469 14.135 0
      vertex 10.3489 13.487 0
    endloop
  endfacet
  facet normal -0.290262 0.956947 0
    outer loop
      vertex 5.46447 -16.0978 0
      vertex 4.39992 -16.4207 67
      vertex 5.46447 -16.0978 67
    endloop
  endfacet
  facet normal -0.290262 0.956947 0
    outer loop
      vertex 4.39992 -16.4207 67
      vertex 5.46447 -16.0978 0
      vertex 4.39992 -16.4207 0
    endloop
  endfacet
  facet normal -0.290262 0.956947 0
    outer loop
      vertex 5.46447 -16.0978 100
      vertex 4.39992 -16.4207 84.6001
      vertex 4.39992 -16.4207 100
    endloop
  endfacet
  facet normal -0.290262 0.956947 0
    outer loop
      vertex 4.39992 -16.4207 84.6001
      vertex 5.46447 -16.0978 100
      vertex 5.46447 -16.0978 83.5355
    endloop
  endfacet
  facet normal -0.910846 -0.412746 0
    outer loop
      vertex 15.6632 6.6 46.1895
      vertex 15.2468 7.51891 96.3539
      vertex 15.2468 7.51891 0
    endloop
  endfacet
  facet normal -0.910846 -0.412746 -0
    outer loop
      vertex 15.6632 6.6 53.8105
      vertex 15.2468 7.51891 96.3539
      vertex 15.6632 6.6 46.1895
    endloop
  endfacet
  facet normal -0.910731 -0.413 6.61229e-06
    outer loop
      vertex 15.706 6.50562 53.865
      vertex 15.2468 7.51891 96.3539
      vertex 15.6632 6.6 53.8105
    endloop
  endfacet
  facet normal -0.910676 -0.41312 1.00739e-05
    outer loop
      vertex 15.2468 7.51891 96.3539
      vertex 15.706 6.50562 53.865
      vertex 15.2749 7.45697 96.4867
    endloop
  endfacet
  facet normal -0.910835 -0.41277 -0
    outer loop
      vertex 15.706 6.50562 46.135
      vertex 15.2468 7.51891 0
      vertex 15.706 6.50562 0
    endloop
  endfacet
  facet normal -0.910731 -0.413 -6.09626e-06
    outer loop
      vertex 15.2468 7.51891 0
      vertex 15.706 6.50562 46.135
      vertex 15.6632 6.6 46.1895
    endloop
  endfacet
  facet normal -0.910749 -0.412961 -9.94053e-05
    outer loop
      vertex 15.706 6.50562 100
      vertex 15.2468 7.51891 97.6461
      vertex 15.2749 7.45697 97.5133
    endloop
  endfacet
  facet normal -0.910764 -0.412928 -8.4007e-05
    outer loop
      vertex 15.706 6.50562 100
      vertex 15.2749 7.45697 97.5133
      vertex 15.2985 7.40494 97.4017
    endloop
  endfacet
  facet normal -0.910837 -0.412766 -1.64333e-05
    outer loop
      vertex 15.706 6.50562 100
      vertex 15.2985 7.40494 97.4017
      vertex 15.3249 7.3467 97
    endloop
  endfacet
  facet normal -0.910703 -0.413062 8.51494e-06
    outer loop
      vertex 15.2749 7.45697 96.4867
      vertex 15.706 6.50562 53.865
      vertex 15.2985 7.40494 96.5983
    endloop
  endfacet
  facet normal -0.910855 -0.412727 -0
    outer loop
      vertex 15.706 6.50562 100
      vertex 15.2985 7.40494 96.5983
      vertex 15.706 6.50562 53.865
    endloop
  endfacet
  facet normal -0.910835 -0.41277 0
    outer loop
      vertex 15.2468 7.51891 97.6461
      vertex 15.706 6.50562 100
      vertex 15.2468 7.51891 100
    endloop
  endfacet
  facet normal -0.910928 -0.412565 5.16377e-05
    outer loop
      vertex 15.2985 7.40494 96.5983
      vertex 15.706 6.50562 100
      vertex 15.3249 7.3467 97
    endloop
  endfacet
  facet normal -0.935924 0.352202 0
    outer loop
      vertex 15.706 -6.50562 0
      vertex 16.0978 -5.46447 45.5339
      vertex 16.0978 -5.46447 0
    endloop
  endfacet
  facet normal -0.935924 0.352202 0
    outer loop
      vertex 16.0978 -5.46447 45.5339
      vertex 15.706 -6.50562 0
      vertex 15.706 -6.50562 46.135
    endloop
  endfacet
  facet normal -0.935924 0.352202 0
    outer loop
      vertex 15.706 -6.50562 100
      vertex 16.0978 -5.46447 54.4661
      vertex 15.706 -6.50562 53.865
    endloop
  endfacet
  facet normal -0.935924 0.352202 0
    outer loop
      vertex 16.0978 -5.46447 54.4661
      vertex 15.706 -6.50562 100
      vertex 16.0978 -5.46447 100
    endloop
  endfacet
  facet normal -0.41277 0.910835 0
    outer loop
      vertex 7.51891 -15.2468 0
      vertex 6.50562 -15.706 100
      vertex 7.51891 -15.2468 100
    endloop
  endfacet
  facet normal -0.41277 0.910835 0
    outer loop
      vertex 6.50562 -15.706 100
      vertex 7.51891 -15.2468 0
      vertex 6.50562 -15.706 0
    endloop
  endfacet
  facet normal -0.634348 -0.773047 0
    outer loop
      vertex 10.3489 13.487 0
      vertex 11.2089 12.7813 100
      vertex 10.3489 13.487 100
    endloop
  endfacet
  facet normal -0.634348 -0.773047 -0
    outer loop
      vertex 11.2089 12.7813 100
      vertex 10.3489 13.487 0
      vertex 11.2089 12.7813 0
    endloop
  endfacet
  facet normal 0.986631 -0.162972 0
    outer loop
      vertex -16.8546 2.21894 43.6601
      vertex -16.6733 3.31653 0
      vertex -16.6733 3.31653 44.2938
    endloop
  endfacet
  facet normal 0.986631 -0.162972 0
    outer loop
      vertex -16.6733 3.31653 0
      vertex -16.8546 2.21894 43.6601
      vertex -16.8546 2.21894 0
    endloop
  endfacet
  facet normal 0.986631 -0.162972 0
    outer loop
      vertex -16.8546 2.21894 56.3399
      vertex -16.6733 3.31653 100
      vertex -16.8546 2.21894 100
    endloop
  endfacet
  facet normal 0.986631 -0.162972 0
    outer loop
      vertex -16.6733 3.31653 100
      vertex -16.8546 2.21894 56.3399
      vertex -16.6733 3.31653 55.7062
    endloop
  endfacet
  facet normal -0.881923 -0.471394 0
    outer loop
      vertex 15.2468 7.51891 0
      vertex 14.7224 8.5 95.7
      vertex 14.7224 8.5 0
    endloop
  endfacet
  facet normal -0.88192 -0.4714 7.38637e-08
    outer loop
      vertex 14.7224 8.5 95.7
      vertex 15.2468 7.51891 0
      vertex 14.8538 8.25417 95.7441
    endloop
  endfacet
  facet normal -0.881836 -0.471557 1.62163e-06
    outer loop
      vertex 14.8538 8.25417 95.7441
      vertex 15.2468 7.51891 0
      vertex 14.9119 8.14552 95.7636
    endloop
  endfacet
  facet normal -0.881951 -0.471341 -1.91459e-07
    outer loop
      vertex 14.9119 8.14552 95.7636
      vertex 15.2468 7.51891 0
      vertex 15.0828 7.82574 95.9483
    endloop
  endfacet
  facet normal -0.881839 -0.47155 6.69434e-07
    outer loop
      vertex 15.0828 7.82574 95.9483
      vertex 15.2468 7.51891 0
      vertex 15.2185 7.57197 96.2359
    endloop
  endfacet
  facet normal -0.882344 -0.470605 0
    outer loop
      vertex 15.2185 7.57197 96.2359
      vertex 15.2468 7.51891 0
      vertex 15.2468 7.51891 96.3539
    endloop
  endfacet
  facet normal -0.88192 -0.4714 0
    outer loop
      vertex 14.8538 8.25417 98.2559
      vertex 14.7224 8.5 100
      vertex 14.7224 8.5 98.3
    endloop
  endfacet
  facet normal -0.881833 -0.471561 2.91855e-05
    outer loop
      vertex 14.9119 8.14552 98.2364
      vertex 14.7224 8.5 100
      vertex 14.8538 8.25417 98.2559
    endloop
  endfacet
  facet normal -0.881949 -0.471345 8.65861e-06
    outer loop
      vertex 15.2468 7.51891 100
      vertex 14.9119 8.14552 98.2364
      vertex 15.0828 7.82574 98.0517
    endloop
  endfacet
  facet normal -0.881852 -0.471526 -2.80766e-05
    outer loop
      vertex 15.2468 7.51891 100
      vertex 15.0828 7.82574 98.0517
      vertex 15.2185 7.57197 97.7641
    endloop
  endfacet
  facet normal -0.882344 -0.470605 -0
    outer loop
      vertex 15.2468 7.51891 100
      vertex 15.2185 7.57197 97.7641
      vertex 15.2468 7.51891 97.6461
    endloop
  endfacet
  facet normal -0.881923 -0.471394 -1.3886e-05
    outer loop
      vertex 14.9119 8.14552 98.2364
      vertex 15.2468 7.51891 100
      vertex 14.7224 8.5 100
    endloop
  endfacet
  facet normal 0.162972 -0.986631 0
    outer loop
      vertex -3.31653 16.6733 0
      vertex -2.21894 16.8546 100
      vertex -3.31653 16.6733 100
    endloop
  endfacet
  facet normal 0.162972 -0.986631 0
    outer loop
      vertex -2.21894 16.8546 100
      vertex -3.31653 16.6733 0
      vertex -2.21894 16.8546 0
    endloop
  endfacet
  facet normal -0.849261 0.527973 0
    outer loop
      vertex 14.7224 -8.5 0
      vertex 14.5102 -8.84133 1.76363
      vertex 14.7224 -8.5 1.7
    endloop
  endfacet
  facet normal -0.849221 0.528038 1.73424e-05
    outer loop
      vertex 14.135 -9.44469 0
      vertex 14.5102 -8.84133 1.76363
      vertex 14.7224 -8.5 0
    endloop
  endfacet
  facet normal -0.849171 0.528117 -2.02519e-05
    outer loop
      vertex 14.5102 -8.84133 1.76363
      vertex 14.135 -9.44469 0
      vertex 14.3187 -9.14924 1.94828
    endloop
  endfacet
  facet normal -0.849276 0.527948 1.52537e-05
    outer loop
      vertex 14.3187 -9.14924 1.94828
      vertex 14.135 -9.44469 0
      vertex 14.1668 -9.3936 2.23588
    endloop
  endfacet
  facet normal -0.848977 0.52843 0
    outer loop
      vertex 14.1668 -9.3936 2.23588
      vertex 14.135 -9.44469 0
      vertex 14.135 -9.44469 2.35389
    endloop
  endfacet
  facet normal -0.849261 0.527974 -8.82961e-07
    outer loop
      vertex 14.135 -9.44469 100
      vertex 14.7224 -8.5 4.3
      vertex 14.5102 -8.84133 4.23637
    endloop
  endfacet
  facet normal -0.849166 0.528126 4.47793e-07
    outer loop
      vertex 14.135 -9.44469 100
      vertex 14.5102 -8.84133 4.23637
      vertex 14.3187 -9.14924 4.05172
    endloop
  endfacet
  facet normal -0.849284 0.527936 -3.63702e-07
    outer loop
      vertex 14.135 -9.44469 100
      vertex 14.3187 -9.14924 4.05172
      vertex 14.1668 -9.3936 3.76412
    endloop
  endfacet
  facet normal -0.848977 0.52843 0
    outer loop
      vertex 14.135 -9.44469 100
      vertex 14.1668 -9.3936 3.76412
      vertex 14.135 -9.44469 3.64611
    endloop
  endfacet
  facet normal -0.849221 0.528038 0
    outer loop
      vertex 14.7224 -8.5 4.3
      vertex 14.135 -9.44469 100
      vertex 14.7224 -8.5 100
    endloop
  endfacet
  facet normal -0.882344 0.470605 0
    outer loop
      vertex 15.2468 -7.51891 0
      vertex 15.2185 -7.57197 2.23588
      vertex 15.2468 -7.51891 2.35389
    endloop
  endfacet
  facet normal -0.881852 0.471526 2.80768e-05
    outer loop
      vertex 15.2468 -7.51891 0
      vertex 15.0828 -7.82574 1.94828
      vertex 15.2185 -7.57197 2.23588
    endloop
  endfacet
  facet normal -0.881949 0.471345 -8.65888e-06
    outer loop
      vertex 15.2468 -7.51891 0
      vertex 14.9119 -8.14552 1.76363
      vertex 15.0828 -7.82574 1.94828
    endloop
  endfacet
  facet normal -0.881923 0.471394 1.38857e-05
    outer loop
      vertex 14.7224 -8.5 0
      vertex 14.9119 -8.14552 1.76363
      vertex 15.2468 -7.51891 0
    endloop
  endfacet
  facet normal -0.881833 0.471561 -2.9185e-05
    outer loop
      vertex 14.9119 -8.14552 1.76363
      vertex 14.7224 -8.5 0
      vertex 14.8538 -8.25417 1.74413
    endloop
  endfacet
  facet normal -0.88192 0.4714 0
    outer loop
      vertex 14.8538 -8.25417 1.74413
      vertex 14.7224 -8.5 0
      vertex 14.7224 -8.5 1.7
    endloop
  endfacet
  facet normal -0.882344 0.470605 0
    outer loop
      vertex 15.2185 -7.57197 3.76412
      vertex 15.2468 -7.51891 100
      vertex 15.2468 -7.51891 3.64611
    endloop
  endfacet
  facet normal -0.881839 0.47155 -6.69434e-07
    outer loop
      vertex 15.0828 -7.82574 4.05172
      vertex 15.2468 -7.51891 100
      vertex 15.2185 -7.57197 3.76412
    endloop
  endfacet
  facet normal -0.881951 0.471341 1.91459e-07
    outer loop
      vertex 14.9119 -8.14552 4.23637
      vertex 15.2468 -7.51891 100
      vertex 15.0828 -7.82574 4.05172
    endloop
  endfacet
  facet normal -0.881836 0.471557 -1.62163e-06
    outer loop
      vertex 14.8538 -8.25417 4.25587
      vertex 15.2468 -7.51891 100
      vertex 14.9119 -8.14552 4.23637
    endloop
  endfacet
  facet normal -0.88192 0.4714 -7.38637e-08
    outer loop
      vertex 14.7224 -8.5 4.3
      vertex 15.2468 -7.51891 100
      vertex 14.8538 -8.25417 4.25587
    endloop
  endfacet
  facet normal -0.881923 0.471394 0
    outer loop
      vertex 15.2468 -7.51891 100
      vertex 14.7224 -8.5 4.3
      vertex 14.7224 -8.5 100
    endloop
  endfacet
  facet normal -0.471394 0.881923 0
    outer loop
      vertex 8.5 -14.7224 0
      vertex 7.51891 -15.2468 100
      vertex 8.5 -14.7224 100
    endloop
  endfacet
  facet normal -0.471394 0.881923 0
    outer loop
      vertex 7.51891 -15.2468 100
      vertex 8.5 -14.7224 0
      vertex 7.51891 -15.2468 0
    endloop
  endfacet
  facet normal 0.973879 -0.227067 0
    outer loop
      vertex -16.6733 3.31653 44.2938
      vertex -16.4207 4.39992 0
      vertex -16.4207 4.39992 44.9193
    endloop
  endfacet
  facet normal 0.973879 -0.227067 0
    outer loop
      vertex -16.4207 4.39992 0
      vertex -16.6733 3.31653 44.2938
      vertex -16.6733 3.31653 0
    endloop
  endfacet
  facet normal 0.973879 -0.227067 0
    outer loop
      vertex -16.6733 3.31653 55.7062
      vertex -16.4207 4.39992 100
      vertex -16.6733 3.31653 100
    endloop
  endfacet
  facet normal 0.973879 -0.227067 0
    outer loop
      vertex -16.4207 4.39992 100
      vertex -16.6733 3.31653 55.7062
      vertex -16.4207 4.39992 55.0807
    endloop
  endfacet
  facet normal 0.956947 0.290262 -0
    outer loop
      vertex -16.0978 -5.46447 0
      vertex -16.4207 -4.39992 44.9193
      vertex -16.0978 -5.46447 45.5339
    endloop
  endfacet
  facet normal 0.956947 0.290262 0
    outer loop
      vertex -16.4207 -4.39992 44.9193
      vertex -16.0978 -5.46447 0
      vertex -16.4207 -4.39992 0
    endloop
  endfacet
  facet normal 0.956947 0.290262 0
    outer loop
      vertex -16.0978 -5.46447 100
      vertex -16.4207 -4.39992 55.0807
      vertex -16.4207 -4.39992 100
    endloop
  endfacet
  facet normal 0.956947 0.290262 0
    outer loop
      vertex -16.4207 -4.39992 55.0807
      vertex -16.0978 -5.46447 100
      vertex -16.0978 -5.46447 54.4661
    endloop
  endfacet
  facet normal 0.812824 0.582509 0
    outer loop
      vertex -13.487 -10.3489 100
      vertex -14.135 -9.44469 3.64611
      vertex -14.135 -9.44469 100
    endloop
  endfacet
  facet normal 0.812887 0.582422 -1.23062e-06
    outer loop
      vertex -14.135 -9.44469 3.64611
      vertex -13.487 -10.3489 100
      vertex -14.0954 -9.49996 3.5133
    endloop
  endfacet
  facet normal 0.812671 0.582723 2.7718e-06
    outer loop
      vertex -14.0954 -9.49996 3.5133
      vertex -13.487 -10.3489 100
      vertex -14.0621 -9.5464 3.40172
    endloop
  endfacet
  facet normal 0.812829 0.582502 -0
    outer loop
      vertex -13.487 -10.3489 0
      vertex -14.0621 -9.5464 3.40172
      vertex -13.487 -10.3489 100
    endloop
  endfacet
  facet normal 0.813398 0.581707 0.000283767
    outer loop
      vertex -14.0621 -9.5464 3.40172
      vertex -13.487 -10.3489 0
      vertex -14.0506 -9.56242 3.27792
    endloop
  endfacet
  facet normal 0.812857 0.582463 2.67847e-05
    outer loop
      vertex -13.487 -10.3489 0
      vertex -14.135 -9.44469 2.35389
      vertex -14.0954 -9.49996 2.4867
    endloop
  endfacet
  facet normal 0.812737 0.582631 -6.03384e-05
    outer loop
      vertex -13.487 -10.3489 0
      vertex -14.0954 -9.49996 2.4867
      vertex -14.0621 -9.5464 2.59828
    endloop
  endfacet
  facet normal 0.812691 0.582695 -9.02081e-05
    outer loop
      vertex -13.487 -10.3489 0
      vertex -14.0621 -9.5464 2.59828
      vertex -14.0506 -9.56242 2.72208
    endloop
  endfacet
  facet normal 0.813044 0.582202 0.000125601
    outer loop
      vertex -13.487 -10.3489 0
      vertex -14.0506 -9.56242 2.72208
      vertex -14.0249 -9.59837 3
    endloop
  endfacet
  facet normal 0.812824 0.582509 0
    outer loop
      vertex -14.135 -9.44469 2.35389
      vertex -13.487 -10.3489 0
      vertex -14.135 -9.44469 0
    endloop
  endfacet
  facet normal 0.81206 0.583573 -0.000394062
    outer loop
      vertex -14.0506 -9.56242 3.27792
      vertex -13.487 -10.3489 0
      vertex -14.0249 -9.59837 3
    endloop
  endfacet
  facet normal 0.683627 -0.729831 0
    outer loop
      vertex -12.0208 12.0208 0
      vertex -11.2089 12.7813 100
      vertex -12.0208 12.0208 100
    endloop
  endfacet
  facet normal 0.683627 -0.729831 0
    outer loop
      vertex -11.2089 12.7813 100
      vertex -12.0208 12.0208 0
      vertex -11.2089 12.7813 0
    endloop
  endfacet
  facet normal -0.683627 -0.729831 0
    outer loop
      vertex 11.2089 12.7813 0
      vertex 12.0208 12.0208 100
      vertex 11.2089 12.7813 100
    endloop
  endfacet
  facet normal -0.683627 -0.729831 -0
    outer loop
      vertex 12.0208 12.0208 100
      vertex 11.2089 12.7813 0
      vertex 12.0208 12.0208 0
    endloop
  endfacet
  facet normal 0.935924 -0.352202 0
    outer loop
      vertex -16.0978 5.46447 45.5339
      vertex -15.706 6.50562 0
      vertex -15.706 6.50562 46.135
    endloop
  endfacet
  facet normal 0.935924 -0.352202 0
    outer loop
      vertex -15.706 6.50562 0
      vertex -16.0978 5.46447 45.5339
      vertex -16.0978 5.46447 0
    endloop
  endfacet
  facet normal 0.935924 -0.352202 0
    outer loop
      vertex -16.0978 5.46447 54.4661
      vertex -15.706 6.50562 100
      vertex -16.0978 5.46447 100
    endloop
  endfacet
  facet normal 0.935924 -0.352202 0
    outer loop
      vertex -15.706 6.50562 100
      vertex -16.0978 5.46447 54.4661
      vertex -15.706 6.50562 53.865
    endloop
  endfacet
  facet normal -0.729831 0.683627 0
    outer loop
      vertex 12.0208 -12.0208 0
      vertex 12.7813 -11.2089 100
      vertex 12.7813 -11.2089 0
    endloop
  endfacet
  facet normal -0.729831 0.683627 0
    outer loop
      vertex 12.7813 -11.2089 100
      vertex 12.0208 -12.0208 0
      vertex 12.0208 -12.0208 100
    endloop
  endfacet
  facet normal -0.227067 -0.973879 0
    outer loop
      vertex 3.31653 16.6733 0
      vertex 4.39992 16.4207 100
      vertex 3.31653 16.6733 100
    endloop
  endfacet
  facet normal -0.227067 -0.973879 -0
    outer loop
      vertex 4.39992 16.4207 100
      vertex 3.31653 16.6733 0
      vertex 4.39992 16.4207 0
    endloop
  endfacet
  facet normal 0.849261 0.527973 0
    outer loop
      vertex -14.5102 -8.84133 1.76363
      vertex -14.7224 -8.5 0
      vertex -14.7224 -8.5 1.7
    endloop
  endfacet
  facet normal 0.849171 0.528117 -2.02519e-05
    outer loop
      vertex -14.135 -9.44469 0
      vertex -14.5102 -8.84133 1.76363
      vertex -14.3187 -9.14924 1.94828
    endloop
  endfacet
  facet normal 0.849276 0.527948 1.52537e-05
    outer loop
      vertex -14.135 -9.44469 0
      vertex -14.3187 -9.14924 1.94828
      vertex -14.1668 -9.3936 2.23588
    endloop
  endfacet
  facet normal 0.848977 0.52843 -0
    outer loop
      vertex -14.135 -9.44469 0
      vertex -14.1668 -9.3936 2.23588
      vertex -14.135 -9.44469 2.35389
    endloop
  endfacet
  facet normal 0.849221 0.528038 1.73424e-05
    outer loop
      vertex -14.5102 -8.84133 1.76363
      vertex -14.135 -9.44469 0
      vertex -14.7224 -8.5 0
    endloop
  endfacet
  facet normal 0.849221 0.528038 0
    outer loop
      vertex -14.135 -9.44469 100
      vertex -14.7224 -8.5 4.3
      vertex -14.7224 -8.5 100
    endloop
  endfacet
  facet normal 0.849261 0.527974 -8.82961e-07
    outer loop
      vertex -14.7224 -8.5 4.3
      vertex -14.135 -9.44469 100
      vertex -14.5102 -8.84133 4.23637
    endloop
  endfacet
  facet normal 0.849166 0.528126 4.47793e-07
    outer loop
      vertex -14.5102 -8.84133 4.23637
      vertex -14.135 -9.44469 100
      vertex -14.3187 -9.14924 4.05172
    endloop
  endfacet
  facet normal 0.849284 0.527936 -3.63702e-07
    outer loop
      vertex -14.3187 -9.14924 4.05172
      vertex -14.135 -9.44469 100
      vertex -14.1668 -9.3936 3.76412
    endloop
  endfacet
  facet normal 0.848977 0.52843 0
    outer loop
      vertex -14.1668 -9.3936 3.76412
      vertex -14.135 -9.44469 100
      vertex -14.135 -9.44469 3.64611
    endloop
  endfacet
  facet normal 0.352202 -0.935924 0
    outer loop
      vertex -6.50562 15.706 0
      vertex -5.46447 16.0978 100
      vertex -6.50562 15.706 100
    endloop
  endfacet
  facet normal 0.352202 -0.935924 0
    outer loop
      vertex -5.46447 16.0978 100
      vertex -6.50562 15.706 0
      vertex -5.46447 16.0978 0
    endloop
  endfacet
  facet normal -0.812824 0.582509 0
    outer loop
      vertex 13.487 -10.3489 0
      vertex 14.135 -9.44469 2.35389
      vertex 14.135 -9.44469 0
    endloop
  endfacet
  facet normal -0.812857 0.582463 2.67847e-05
    outer loop
      vertex 14.135 -9.44469 2.35389
      vertex 13.487 -10.3489 0
      vertex 14.0954 -9.49996 2.4867
    endloop
  endfacet
  facet normal -0.812737 0.582631 -6.03384e-05
    outer loop
      vertex 14.0954 -9.49996 2.4867
      vertex 13.487 -10.3489 0
      vertex 14.0621 -9.5464 2.59828
    endloop
  endfacet
  facet normal -0.812691 0.582695 -9.02081e-05
    outer loop
      vertex 14.0621 -9.5464 2.59828
      vertex 13.487 -10.3489 0
      vertex 14.0506 -9.56242 2.72208
    endloop
  endfacet
  facet normal -0.813044 0.582202 0.000125601
    outer loop
      vertex 14.0506 -9.56242 2.72208
      vertex 13.487 -10.3489 0
      vertex 14.0249 -9.59837 3
    endloop
  endfacet
  facet normal -0.812887 0.582422 -1.23062e-06
    outer loop
      vertex 13.487 -10.3489 100
      vertex 14.135 -9.44469 3.64611
      vertex 14.0954 -9.49996 3.5133
    endloop
  endfacet
  facet normal -0.812671 0.582723 2.7718e-06
    outer loop
      vertex 13.487 -10.3489 100
      vertex 14.0954 -9.49996 3.5133
      vertex 14.0621 -9.5464 3.40172
    endloop
  endfacet
  facet normal -0.813398 0.581707 0.000283767
    outer loop
      vertex 13.487 -10.3489 0
      vertex 14.0621 -9.5464 3.40172
      vertex 14.0506 -9.56242 3.27792
    endloop
  endfacet
  facet normal -0.81206 0.583573 -0.000394062
    outer loop
      vertex 13.487 -10.3489 0
      vertex 14.0506 -9.56242 3.27792
      vertex 14.0249 -9.59837 3
    endloop
  endfacet
  facet normal -0.812829 0.582502 0
    outer loop
      vertex 14.0621 -9.5464 3.40172
      vertex 13.487 -10.3489 0
      vertex 13.487 -10.3489 100
    endloop
  endfacet
  facet normal -0.812824 0.582509 0
    outer loop
      vertex 14.135 -9.44469 3.64611
      vertex 13.487 -10.3489 100
      vertex 14.135 -9.44469 100
    endloop
  endfacet
  facet normal -0.290262 -0.956947 0
    outer loop
      vertex 4.39992 16.4207 0
      vertex 5.46447 16.0978 100
      vertex 4.39992 16.4207 100
    endloop
  endfacet
  facet normal -0.290262 -0.956947 -0
    outer loop
      vertex 5.46447 16.0978 100
      vertex 4.39992 16.4207 0
      vertex 5.46447 16.0978 0
    endloop
  endfacet
  facet normal 0.0332429 -0.999447 0
    outer loop
      vertex -1.11185 16.9636 0
      vertex -1.05172 16.9656 2.23588
      vertex -1.11185 16.9636 2.35389
    endloop
  endfacet
  facet normal 0.0326819 -0.999466 1.51025e-05
    outer loop
      vertex -1.11185 16.9636 0
      vertex -0.76412 16.975 1.94828
      vertex -1.05172 16.9656 2.23588
    endloop
  endfacet
  facet normal 0.0325622 -0.99947 3.64919e-05
    outer loop
      vertex -1.11185 16.9636 0
      vertex -0.401722 16.9868 1.76363
      vertex -0.76412 16.975 1.94828
    endloop
  endfacet
  facet normal 0.0327207 -0.999465 -2.73908e-05
    outer loop
      vertex 0 17 0
      vertex -0.401722 16.9868 1.76363
      vertex -1.11185 16.9636 0
    endloop
  endfacet
  facet normal 0.0328408 -0.999461 0
    outer loop
      vertex -0.401722 16.9868 1.76363
      vertex 0 17 0
      vertex 0 17 1.7
    endloop
  endfacet
  facet normal 0.0327207 -0.999465 0
    outer loop
      vertex -1.11185 16.9636 100
      vertex 0 17 4.3
      vertex 0 17 100
    endloop
  endfacet
  facet normal 0.0328406 -0.999461 1.39451e-06
    outer loop
      vertex -1.11185 16.9636 100
      vertex -0.401722 16.9868 4.23637
      vertex 0 17 4.3
    endloop
  endfacet
  facet normal 0.032544 -0.99947 -8.06883e-07
    outer loop
      vertex -1.11185 16.9636 100
      vertex -0.76412 16.975 4.05172
      vertex -0.401722 16.9868 4.23637
    endloop
  endfacet
  facet normal 0.0326672 -0.999466 -3.60093e-07
    outer loop
      vertex -1.11185 16.9636 100
      vertex -1.05172 16.9656 3.76412
      vertex -0.76412 16.975 4.05172
    endloop
  endfacet
  facet normal 0.0332429 -0.999447 0
    outer loop
      vertex -1.05172 16.9656 3.76412
      vertex -1.11185 16.9636 100
      vertex -1.11185 16.9636 3.64611
    endloop
  endfacet
  facet normal -0.352202 0.935924 0
    outer loop
      vertex 6.50562 -15.706 100
      vertex 5.46447 -16.0978 83.5355
      vertex 5.46447 -16.0978 100
    endloop
  endfacet
  facet normal -0.352162 0.935939 -2.88815e-06
    outer loop
      vertex 6.50562 -15.706 100
      vertex 6 -15.8963 83
      vertex 5.46447 -16.0978 83.5355
    endloop
  endfacet
  facet normal -0.352247 0.935907 0
    outer loop
      vertex 6.50562 -15.706 100
      vertex 6 -15.8963 67
      vertex 6 -15.8963 83
    endloop
  endfacet
  facet normal -0.352247 0.935907 0
    outer loop
      vertex 6.50562 -15.706 0
      vertex 6 -15.8963 67
      vertex 6.50562 -15.706 100
    endloop
  endfacet
  facet normal -0.352159 0.93594 7.5461e-07
    outer loop
      vertex 6.50562 -15.706 0
      vertex 5.46447 -16.0978 67
      vertex 6 -15.8963 67
    endloop
  endfacet
  facet normal -0.352202 0.935924 0
    outer loop
      vertex 5.46447 -16.0978 67
      vertex 6.50562 -15.706 0
      vertex 5.46447 -16.0978 0
    endloop
  endfacet
  facet normal -0.995188 0.0979826 0
    outer loop
      vertex 16.8546 -2.21894 0
      vertex 16.9636 -1.11185 43.0209
      vertex 16.9636 -1.11185 0
    endloop
  endfacet
  facet normal -0.995188 0.0979826 0
    outer loop
      vertex 16.9636 -1.11185 43.0209
      vertex 16.8546 -2.21894 0
      vertex 16.8546 -2.21894 43.6601
    endloop
  endfacet
  facet normal -0.995188 0.0979826 0
    outer loop
      vertex 16.8546 -2.21894 100
      vertex 16.9636 -1.11185 56.9791
      vertex 16.8546 -2.21894 56.3399
    endloop
  endfacet
  facet normal -0.995188 0.0979826 0
    outer loop
      vertex 16.9636 -1.11185 56.9791
      vertex 16.8546 -2.21894 100
      vertex 16.9636 -1.11185 100
    endloop
  endfacet
  facet normal 0.81206 -0.583574 0.000394121
    outer loop
      vertex -14.0506 9.56242 96.7221
      vertex -13.487 10.3489 100
      vertex -14.0249 9.59837 97
    endloop
  endfacet
  facet normal 0.813044 -0.582202 -0.000125607
    outer loop
      vertex -13.487 10.3489 100
      vertex -14.0506 9.56242 97.2779
      vertex -14.0249 9.59837 97
    endloop
  endfacet
  facet normal 0.812691 -0.582695 9.02079e-05
    outer loop
      vertex -13.487 10.3489 100
      vertex -14.0621 9.5464 97.4017
      vertex -14.0506 9.56242 97.2779
    endloop
  endfacet
  facet normal 0.812737 -0.582631 6.03336e-05
    outer loop
      vertex -13.487 10.3489 100
      vertex -14.0954 9.49996 97.5133
      vertex -14.0621 9.5464 97.4017
    endloop
  endfacet
  facet normal 0.812824 -0.582509 0
    outer loop
      vertex -14.135 9.44469 97.6461
      vertex -13.487 10.3489 100
      vertex -14.135 9.44469 100
    endloop
  endfacet
  facet normal 0.812857 -0.582463 -2.67856e-05
    outer loop
      vertex -13.487 10.3489 100
      vertex -14.135 9.44469 97.6461
      vertex -14.0954 9.49996 97.5133
    endloop
  endfacet
  facet normal 0.813398 -0.581707 -0.000283765
    outer loop
      vertex -14.0621 9.5464 96.5983
      vertex -13.487 10.3489 100
      vertex -14.0506 9.56242 96.7221
    endloop
  endfacet
  facet normal 0.812829 -0.582502 0
    outer loop
      vertex -13.487 10.3489 100
      vertex -14.0621 9.5464 96.5983
      vertex -13.487 10.3489 0
    endloop
  endfacet
  facet normal 0.812671 -0.582723 -2.77179e-06
    outer loop
      vertex -14.0954 9.49996 96.4867
      vertex -13.487 10.3489 0
      vertex -14.0621 9.5464 96.5983
    endloop
  endfacet
  facet normal 0.812887 -0.582422 1.23062e-06
    outer loop
      vertex -14.135 9.44469 96.3539
      vertex -13.487 10.3489 0
      vertex -14.0954 9.49996 96.4867
    endloop
  endfacet
  facet normal 0.812824 -0.582509 0
    outer loop
      vertex -13.487 10.3489 0
      vertex -14.135 9.44469 96.3539
      vertex -14.135 9.44469 0
    endloop
  endfacet
  facet normal -0.41277 -0.910835 0
    outer loop
      vertex 6.50562 15.706 0
      vertex 7.51891 15.2468 100
      vertex 6.50562 15.706 100
    endloop
  endfacet
  facet normal -0.41277 -0.910835 -0
    outer loop
      vertex 7.51891 15.2468 100
      vertex 6.50562 15.706 0
      vertex 7.51891 15.2468 0
    endloop
  endfacet
  facet normal -0.773047 0.634348 0
    outer loop
      vertex 12.7813 -11.2089 0
      vertex 13.487 -10.3489 100
      vertex 13.487 -10.3489 0
    endloop
  endfacet
  facet normal -0.773047 0.634348 0
    outer loop
      vertex 13.487 -10.3489 100
      vertex 12.7813 -11.2089 0
      vertex 12.7813 -11.2089 100
    endloop
  endfacet
  facet normal 0.729831 0.683627 0
    outer loop
      vertex -12.0208 -12.0208 100
      vertex -12.7813 -11.2089 0
      vertex -12.7813 -11.2089 100
    endloop
  endfacet
  facet normal 0.729831 0.683627 0
    outer loop
      vertex -12.7813 -11.2089 0
      vertex -12.0208 -12.0208 100
      vertex -12.0208 -12.0208 0
    endloop
  endfacet
  facet normal 0.0979826 -0.995188 0
    outer loop
      vertex -2.21894 16.8546 100
      vertex -1.11185 16.9636 3.64611
      vertex -1.11185 16.9636 100
    endloop
  endfacet
  facet normal 0.0982939 -0.995157 3.61179e-06
    outer loop
      vertex -2.21894 16.8546 100
      vertex -1.23637 16.9513 3.40172
      vertex -1.11185 16.9636 3.64611
    endloop
  endfacet
  facet normal 0.0979422 -0.995192 0
    outer loop
      vertex -2.21894 16.8546 0
      vertex -1.23637 16.9513 3.40172
      vertex -2.21894 16.8546 100
    endloop
  endfacet
  facet normal 0.0991113 -0.995076 -0.000340985
    outer loop
      vertex -1.23637 16.9513 3.40172
      vertex -2.21894 16.8546 0
      vertex -1.3 16.9451 3
    endloop
  endfacet
  facet normal 0.0976579 -0.99522 0.000108553
    outer loop
      vertex -2.21894 16.8546 0
      vertex -1.23637 16.9513 2.59828
      vertex -1.3 16.9451 3
    endloop
  endfacet
  facet normal 0.0981481 -0.995172 -7.86137e-05
    outer loop
      vertex -2.21894 16.8546 0
      vertex -1.11185 16.9636 2.35389
      vertex -1.23637 16.9513 2.59828
    endloop
  endfacet
  facet normal 0.0979826 -0.995188 0
    outer loop
      vertex -1.11185 16.9636 2.35389
      vertex -2.21894 16.8546 0
      vertex -1.11185 16.9636 0
    endloop
  endfacet
  facet normal -0.848977 -0.52843 0
    outer loop
      vertex 14.135 9.44469 0
      vertex 14.1668 9.3936 96.2359
      vertex 14.135 9.44469 96.3539
    endloop
  endfacet
  facet normal -0.849284 -0.527936 3.63702e-07
    outer loop
      vertex 14.135 9.44469 0
      vertex 14.3187 9.14924 95.9483
      vertex 14.1668 9.3936 96.2359
    endloop
  endfacet
  facet normal -0.849166 -0.528126 -4.47793e-07
    outer loop
      vertex 14.135 9.44469 0
      vertex 14.5102 8.84133 95.7636
      vertex 14.3187 9.14924 95.9483
    endloop
  endfacet
  facet normal -0.849221 -0.528038 -0
    outer loop
      vertex 14.7224 8.5 95.7
      vertex 14.135 9.44469 0
      vertex 14.7224 8.5 0
    endloop
  endfacet
  facet normal -0.849261 -0.527974 8.82962e-07
    outer loop
      vertex 14.135 9.44469 0
      vertex 14.7224 8.5 95.7
      vertex 14.5102 8.84133 95.7636
    endloop
  endfacet
  facet normal -0.848977 -0.52843 0
    outer loop
      vertex 14.1668 9.3936 97.7641
      vertex 14.135 9.44469 100
      vertex 14.135 9.44469 97.6461
    endloop
  endfacet
  facet normal -0.849276 -0.527948 -1.52536e-05
    outer loop
      vertex 14.3187 9.14924 98.0517
      vertex 14.135 9.44469 100
      vertex 14.1668 9.3936 97.7641
    endloop
  endfacet
  facet normal -0.849171 -0.528117 2.02513e-05
    outer loop
      vertex 14.5102 8.84133 98.2364
      vertex 14.135 9.44469 100
      vertex 14.3187 9.14924 98.0517
    endloop
  endfacet
  facet normal -0.849261 -0.527973 -0
    outer loop
      vertex 14.7224 8.5 100
      vertex 14.5102 8.84133 98.2364
      vertex 14.7224 8.5 98.3
    endloop
  endfacet
  facet normal -0.849221 -0.528038 -1.73427e-05
    outer loop
      vertex 14.5102 8.84133 98.2364
      vertex 14.7224 8.5 100
      vertex 14.135 9.44469 100
    endloop
  endfacet
  facet normal -0.956947 -0.290262 -0
    outer loop
      vertex 16.4207 4.39992 44.9193
      vertex 16.0978 5.46447 0
      vertex 16.4207 4.39992 0
    endloop
  endfacet
  facet normal -0.956947 -0.290262 0
    outer loop
      vertex 16.0978 5.46447 0
      vertex 16.4207 4.39992 44.9193
      vertex 16.0978 5.46447 45.5339
    endloop
  endfacet
  facet normal -0.956947 -0.290262 0
    outer loop
      vertex 16.4207 4.39992 55.0807
      vertex 16.0978 5.46447 100
      vertex 16.0978 5.46447 54.4661
    endloop
  endfacet
  facet normal -0.956947 -0.290262 0
    outer loop
      vertex 16.0978 5.46447 100
      vertex 16.4207 4.39992 55.0807
      vertex 16.4207 4.39992 100
    endloop
  endfacet
  facet normal -0.683627 0.729831 0
    outer loop
      vertex 12.0208 -12.0208 0
      vertex 11.2089 -12.7813 100
      vertex 12.0208 -12.0208 100
    endloop
  endfacet
  facet normal -0.683627 0.729831 0
    outer loop
      vertex 11.2089 -12.7813 100
      vertex 12.0208 -12.0208 0
      vertex 11.2089 -12.7813 0
    endloop
  endfacet
  facet normal 0.528038 -0.849221 0
    outer loop
      vertex -9.44469 14.135 0
      vertex -8.5 14.7224 100
      vertex -9.44469 14.135 100
    endloop
  endfacet
  facet normal 0.528038 -0.849221 0
    outer loop
      vertex -8.5 14.7224 100
      vertex -9.44469 14.135 0
      vertex -8.5 14.7224 0
    endloop
  endfacet
  facet normal 0.290262 -0.956947 0
    outer loop
      vertex -5.46447 16.0978 0
      vertex -4.39992 16.4207 100
      vertex -5.46447 16.0978 100
    endloop
  endfacet
  facet normal 0.290262 -0.956947 0
    outer loop
      vertex -4.39992 16.4207 100
      vertex -5.46447 16.0978 0
      vertex -4.39992 16.4207 0
    endloop
  endfacet
  facet normal -0.471394 -0.881923 0
    outer loop
      vertex 7.51891 15.2468 0
      vertex 8.5 14.7224 100
      vertex 7.51891 15.2468 100
    endloop
  endfacet
  facet normal -0.471394 -0.881923 -0
    outer loop
      vertex 8.5 14.7224 100
      vertex 7.51891 15.2468 0
      vertex 8.5 14.7224 0
    endloop
  endfacet
  facet normal 0.995188 0.0979826 -0
    outer loop
      vertex -16.8546 -2.21894 0
      vertex -16.9636 -1.11185 43.0209
      vertex -16.8546 -2.21894 43.6601
    endloop
  endfacet
  facet normal 0.995188 0.0979826 0
    outer loop
      vertex -16.9636 -1.11185 43.0209
      vertex -16.8546 -2.21894 0
      vertex -16.9636 -1.11185 0
    endloop
  endfacet
  facet normal 0.995192 0.0979424 0
    outer loop
      vertex -16.9636 -1.11185 100
      vertex -16.9254 -1.5 71
      vertex -16.9636 -1.11185 71
    endloop
  endfacet
  facet normal 0.995186 0.0980042 -0
    outer loop
      vertex -16.8546 -2.21894 56.3399
      vertex -16.9254 -1.5 71
      vertex -16.8546 -2.21894 100
    endloop
  endfacet
  facet normal 0.995188 0.0979826 -5.42825e-07
    outer loop
      vertex -16.8546 -2.21894 100
      vertex -16.9254 -1.5 71
      vertex -16.9636 -1.11185 100
    endloop
  endfacet
  facet normal 0.995192 0.0979424 0
    outer loop
      vertex -16.9254 -1.5 63
      vertex -16.9636 -1.11185 56.9791
      vertex -16.9636 -1.11185 63
    endloop
  endfacet
  facet normal 0.995188 0.0979811 2.52072e-06
    outer loop
      vertex -16.9254 -1.5 63
      vertex -16.8546 -2.21894 56.3399
      vertex -16.9636 -1.11185 56.9791
    endloop
  endfacet
  facet normal 0.995186 0.0980042 0
    outer loop
      vertex -16.9254 -1.5 71
      vertex -16.8546 -2.21894 56.3399
      vertex -16.9254 -1.5 63
    endloop
  endfacet
  facet normal 0.352159 0.93594 0
    outer loop
      vertex -5.46447 -16.0978 67
      vertex -5.46447 -16.0978 0
      vertex -6 -15.8963 67
    endloop
  endfacet
  facet normal 0.352202 0.935924 -0
    outer loop
      vertex -5.46447 -16.0978 83.5355
      vertex -6.50562 -15.706 100
      vertex -5.46447 -16.0978 100
    endloop
  endfacet
  facet normal 0.352162 0.935939 -2.88815e-06
    outer loop
      vertex -6 -15.8963 83
      vertex -6.50562 -15.706 100
      vertex -5.46447 -16.0978 83.5355
    endloop
  endfacet
  facet normal 0.352247 0.935907 -0
    outer loop
      vertex -6 -15.8963 67
      vertex -6.50562 -15.706 100
      vertex -6 -15.8963 83
    endloop
  endfacet
  facet normal 0.352202 0.935924 3.88138e-07
    outer loop
      vertex -6.50562 -15.706 0
      vertex -6 -15.8963 67
      vertex -5.46447 -16.0978 0
    endloop
  endfacet
  facet normal 0.352247 0.935907 0
    outer loop
      vertex -6 -15.8963 67
      vertex -6.50562 -15.706 0
      vertex -6.50562 -15.706 100
    endloop
  endfacet
  facet normal -0.634348 0.773047 0
    outer loop
      vertex 11.2089 -12.7813 0
      vertex 10.3489 -13.487 100
      vertex 11.2089 -12.7813 100
    endloop
  endfacet
  facet normal -0.634348 0.773047 0
    outer loop
      vertex 10.3489 -13.487 100
      vertex 11.2089 -12.7813 0
      vertex 10.3489 -13.487 0
    endloop
  endfacet
  facet normal 0.582509 -0.812824 0
    outer loop
      vertex -10.3489 13.487 0
      vertex -9.44469 14.135 100
      vertex -10.3489 13.487 100
    endloop
  endfacet
  facet normal 0.582509 -0.812824 0
    outer loop
      vertex -9.44469 14.135 100
      vertex -10.3489 13.487 0
      vertex -9.44469 14.135 0
    endloop
  endfacet
  facet normal 0.910835 0.41277 0
    outer loop
      vertex -15.2468 -7.51891 100
      vertex -15.706 -6.50562 53.865
      vertex -15.706 -6.50562 100
    endloop
  endfacet
  facet normal 0.910846 0.412746 0
    outer loop
      vertex -15.2468 -7.51891 3.64611
      vertex -15.6632 -6.6 46.1895
      vertex -15.6632 -6.6 53.8105
    endloop
  endfacet
  facet normal 0.910731 0.413 6.09626e-06
    outer loop
      vertex -15.706 -6.50562 53.865
      vertex -15.2468 -7.51891 100
      vertex -15.6632 -6.6 53.8105
    endloop
  endfacet
  facet normal 0.910803 0.412841 -3.32834e-06
    outer loop
      vertex -15.6632 -6.6 46.1895
      vertex -15.2985 -7.40494 3.40172
      vertex -15.3249 -7.3467 3
    endloop
  endfacet
  facet normal 0.910703 0.413063 -8.35299e-06
    outer loop
      vertex -15.6632 -6.6 46.1895
      vertex -15.2749 -7.45697 3.5133
      vertex -15.2985 -7.40494 3.40172
    endloop
  endfacet
  facet normal 0.910846 0.412746 0
    outer loop
      vertex -15.6632 -6.6 53.8105
      vertex -15.2468 -7.51891 100
      vertex -15.2468 -7.51891 3.64611
    endloop
  endfacet
  facet normal 0.910676 0.413121 -9.76181e-06
    outer loop
      vertex -15.6632 -6.6 46.1895
      vertex -15.2468 -7.51891 3.64611
      vertex -15.2749 -7.45697 3.5133
    endloop
  endfacet
  facet normal 0.910731 0.413 -6.63783e-06
    outer loop
      vertex -15.3249 -7.3467 3
      vertex -15.706 -6.50562 46.135
      vertex -15.6632 -6.6 46.1895
    endloop
  endfacet
  facet normal 0.910859 0.412717 0
    outer loop
      vertex -15.706 -6.50562 46.135
      vertex -15.3249 -7.3467 3
      vertex -15.706 -6.50562 0
    endloop
  endfacet
  facet normal 0.910837 0.412766 1.64328e-05
    outer loop
      vertex -15.2985 -7.40494 2.59828
      vertex -15.706 -6.50562 0
      vertex -15.3249 -7.3467 3
    endloop
  endfacet
  facet normal 0.910764 0.412928 8.40138e-05
    outer loop
      vertex -15.2749 -7.45697 2.4867
      vertex -15.706 -6.50562 0
      vertex -15.2985 -7.40494 2.59828
    endloop
  endfacet
  facet normal 0.910749 0.412961 9.94019e-05
    outer loop
      vertex -15.2468 -7.51891 2.35389
      vertex -15.706 -6.50562 0
      vertex -15.2749 -7.45697 2.4867
    endloop
  endfacet
  facet normal 0.910835 0.41277 0
    outer loop
      vertex -15.706 -6.50562 0
      vertex -15.2468 -7.51891 2.35389
      vertex -15.2468 -7.51891 0
    endloop
  endfacet
  facet normal 0.773047 0.634348 0
    outer loop
      vertex -12.7813 -11.2089 100
      vertex -13.487 -10.3489 0
      vertex -13.487 -10.3489 100
    endloop
  endfacet
  facet normal 0.773047 0.634348 0
    outer loop
      vertex -13.487 -10.3489 0
      vertex -12.7813 -11.2089 100
      vertex -12.7813 -11.2089 0
    endloop
  endfacet
  facet normal 0.0979826 0.995188 -0
    outer loop
      vertex -1.11185 -16.9636 0
      vertex -2.21894 -16.8546 67
      vertex -1.11185 -16.9636 67
    endloop
  endfacet
  facet normal 0.0979826 0.995188 0
    outer loop
      vertex -2.21894 -16.8546 67
      vertex -1.11185 -16.9636 0
      vertex -2.21894 -16.8546 0
    endloop
  endfacet
  facet normal 0.0979826 0.995188 -0
    outer loop
      vertex -1.11185 -16.9636 97.6461
      vertex -2.21894 -16.8546 100
      vertex -1.11185 -16.9636 100
    endloop
  endfacet
  facet normal 0.0981481 0.995172 7.86119e-05
    outer loop
      vertex -1.23637 -16.9513 97.4017
      vertex -2.21894 -16.8546 100
      vertex -1.11185 -16.9636 97.6461
    endloop
  endfacet
  facet normal 0.0976579 0.99522 -0.000108557
    outer loop
      vertex -1.3 -16.9451 97
      vertex -2.21894 -16.8546 100
      vertex -1.23637 -16.9513 97.4017
    endloop
  endfacet
  facet normal 0.0991114 0.995076 0.00034102
    outer loop
      vertex -1.23637 -16.9513 96.5983
      vertex -2.21894 -16.8546 100
      vertex -1.3 -16.9451 97
    endloop
  endfacet
  facet normal 0.0979826 0.995188 0
    outer loop
      vertex -2.21894 -16.8546 86.7811
      vertex -1.11185 -16.9636 96.3539
      vertex -1.11185 -16.9636 87.8881
    endloop
  endfacet
  facet normal 0.098242 0.995163 -3.02969e-05
    outer loop
      vertex -1.11185 -16.9636 96.3539
      vertex -2.21894 -16.8546 86.7811
      vertex -1.23637 -16.9513 96.5983
    endloop
  endfacet
  facet normal 0.0979422 0.995192 0
    outer loop
      vertex -1.23637 -16.9513 96.5983
      vertex -2.21894 -16.8546 86.7811
      vertex -2.21894 -16.8546 100
    endloop
  endfacet
  facet normal 0.999465 -0.0327207 0
    outer loop
      vertex -17 0 42.379
      vertex -16.9636 1.11185 0
      vertex -16.9636 1.11185 43.0209
    endloop
  endfacet
  facet normal 0.999465 -0.0327207 0
    outer loop
      vertex -16.9636 1.11185 0
      vertex -17 0 42.379
      vertex -17 0 0
    endloop
  endfacet
  facet normal 0.999465 -0.0327207 0
    outer loop
      vertex -17 0 100
      vertex -16.9636 1.11185 71
      vertex -16.9636 1.11185 100
    endloop
  endfacet
  facet normal 0.999465 -0.0327207 0
    outer loop
      vertex -16.9636 1.11185 71
      vertex -17 0 100
      vertex -17 0 71
    endloop
  endfacet
  facet normal 0.999465 -0.0327207 0
    outer loop
      vertex -17 0 57.621
      vertex -16.9636 1.11185 63
      vertex -17 0 63
    endloop
  endfacet
  facet normal 0.999465 -0.0327207 0
    outer loop
      vertex -16.9636 1.11185 63
      vertex -17 0 57.621
      vertex -16.9636 1.11185 56.9791
    endloop
  endfacet
  facet normal -0.0979826 0.995188 0
    outer loop
      vertex 2.21894 -16.8546 0
      vertex 1.11185 -16.9636 67
      vertex 2.21894 -16.8546 67
    endloop
  endfacet
  facet normal -0.0979826 0.995188 0
    outer loop
      vertex 1.11185 -16.9636 67
      vertex 2.21894 -16.8546 0
      vertex 1.11185 -16.9636 0
    endloop
  endfacet
  facet normal -0.0979826 0.995188 0
    outer loop
      vertex 2.21894 -16.8546 100
      vertex 1.11185 -16.9636 97.6461
      vertex 1.11185 -16.9636 100
    endloop
  endfacet
  facet normal -0.0981481 0.995172 7.86119e-05
    outer loop
      vertex 2.21894 -16.8546 100
      vertex 1.23637 -16.9513 97.4017
      vertex 1.11185 -16.9636 97.6461
    endloop
  endfacet
  facet normal -0.0976579 0.99522 -0.000108557
    outer loop
      vertex 2.21894 -16.8546 100
      vertex 1.3 -16.9451 97
      vertex 1.23637 -16.9513 97.4017
    endloop
  endfacet
  facet normal -0.0991114 0.995076 0.00034102
    outer loop
      vertex 2.21894 -16.8546 100
      vertex 1.23637 -16.9513 96.5983
      vertex 1.3 -16.9451 97
    endloop
  endfacet
  facet normal -0.098242 0.995163 -3.02969e-05
    outer loop
      vertex 2.21894 -16.8546 86.7811
      vertex 1.11185 -16.9636 96.3539
      vertex 1.23637 -16.9513 96.5983
    endloop
  endfacet
  facet normal -0.0979422 0.995192 0
    outer loop
      vertex 2.21894 -16.8546 86.7811
      vertex 1.23637 -16.9513 96.5983
      vertex 2.21894 -16.8546 100
    endloop
  endfacet
  facet normal -0.0979826 0.995188 0
    outer loop
      vertex 1.11185 -16.9636 96.3539
      vertex 2.21894 -16.8546 86.7811
      vertex 1.11185 -16.9636 87.8881
    endloop
  endfacet
  facet normal -0.162972 0.986631 0
    outer loop
      vertex 3.31653 -16.6733 0
      vertex 2.21894 -16.8546 67
      vertex 3.31653 -16.6733 67
    endloop
  endfacet
  facet normal -0.162972 0.986631 0
    outer loop
      vertex 2.21894 -16.8546 67
      vertex 3.31653 -16.6733 0
      vertex 2.21894 -16.8546 0
    endloop
  endfacet
  facet normal -0.162972 0.986631 0
    outer loop
      vertex 3.31653 -16.6733 100
      vertex 2.21894 -16.8546 86.7811
      vertex 2.21894 -16.8546 100
    endloop
  endfacet
  facet normal -0.162972 0.986631 0
    outer loop
      vertex 2.21894 -16.8546 86.7811
      vertex 3.31653 -16.6733 100
      vertex 3.31653 -16.6733 85.6835
    endloop
  endfacet
  facet normal 0.0327207 0.999465 -0
    outer loop
      vertex 0 -17 0
      vertex -1.11185 -16.9636 67
      vertex 0 -17 67
    endloop
  endfacet
  facet normal 0.0327207 0.999465 0
    outer loop
      vertex -1.11185 -16.9636 67
      vertex 0 -17 0
      vertex -1.11185 -16.9636 0
    endloop
  endfacet
  facet normal 0.0328408 0.999461 0
    outer loop
      vertex -0.401722 -16.9868 98.2364
      vertex 0 -17 100
      vertex 0 -17 98.3
    endloop
  endfacet
  facet normal 0.0327207 0.999465 2.73913e-05
    outer loop
      vertex 0 -17 100
      vertex -0.401722 -16.9868 98.2364
      vertex -1.11185 -16.9636 100
    endloop
  endfacet
  facet normal 0.0325622 0.99947 -3.64907e-05
    outer loop
      vertex -0.76412 -16.975 98.0517
      vertex -1.11185 -16.9636 100
      vertex -0.401722 -16.9868 98.2364
    endloop
  endfacet
  facet normal 0.0326819 0.999466 -1.51024e-05
    outer loop
      vertex -1.05172 -16.9656 97.7641
      vertex -1.11185 -16.9636 100
      vertex -0.76412 -16.975 98.0517
    endloop
  endfacet
  facet normal 0.0332429 0.999447 0
    outer loop
      vertex -1.11185 -16.9636 100
      vertex -1.05172 -16.9656 97.7641
      vertex -1.11185 -16.9636 97.6461
    endloop
  endfacet
  facet normal 0.0328408 0.999461 -0
    outer loop
      vertex 0 -17 89
      vertex -0.401722 -16.9868 95.7636
      vertex 0 -17 95.7
    endloop
  endfacet
  facet normal 0.0325344 0.999471 -1.82215e-05
    outer loop
      vertex 0 -17 89
      vertex -0.76412 -16.975 95.9483
      vertex -0.401722 -16.9868 95.7636
    endloop
  endfacet
  facet normal 0.0327186 0.999465 2.06511e-06
    outer loop
      vertex -1.11185 -16.9636 87.8881
      vertex -0.76412 -16.975 95.9483
      vertex 0 -17 89
    endloop
  endfacet
  facet normal 0.032671 0.999466 4.12414e-06
    outer loop
      vertex -0.76412 -16.975 95.9483
      vertex -1.11185 -16.9636 87.8881
      vertex -1.05172 -16.9656 96.2359
    endloop
  endfacet
  facet normal 0.0332429 0.999447 0
    outer loop
      vertex -1.05172 -16.9656 96.2359
      vertex -1.11185 -16.9636 87.8881
      vertex -1.11185 -16.9636 96.3539
    endloop
  endfacet
  facet normal -0.999465 0.0327207 0
    outer loop
      vertex 16.9636 -1.11185 0
      vertex 17 0 42.379
      vertex 17 0 0
    endloop
  endfacet
  facet normal -0.999465 0.0327207 0
    outer loop
      vertex 17 0 42.379
      vertex 16.9636 -1.11185 0
      vertex 16.9636 -1.11185 43.0209
    endloop
  endfacet
  facet normal -0.999465 0.0327207 0
    outer loop
      vertex 16.9636 -1.11185 100
      vertex 17 0 57.621
      vertex 16.9636 -1.11185 56.9791
    endloop
  endfacet
  facet normal -0.999465 0.0327207 0
    outer loop
      vertex 17 0 57.621
      vertex 16.9636 -1.11185 100
      vertex 17 0 100
    endloop
  endfacet
  facet normal 0.848977 -0.52843 0
    outer loop
      vertex -14.1668 9.3936 96.2359
      vertex -14.135 9.44469 0
      vertex -14.135 9.44469 96.3539
    endloop
  endfacet
  facet normal 0.849284 -0.527936 3.63702e-07
    outer loop
      vertex -14.3187 9.14924 95.9483
      vertex -14.135 9.44469 0
      vertex -14.1668 9.3936 96.2359
    endloop
  endfacet
  facet normal 0.849166 -0.528126 -4.47793e-07
    outer loop
      vertex -14.5102 8.84133 95.7636
      vertex -14.135 9.44469 0
      vertex -14.3187 9.14924 95.9483
    endloop
  endfacet
  facet normal 0.849261 -0.527974 8.82962e-07
    outer loop
      vertex -14.7224 8.5 95.7
      vertex -14.135 9.44469 0
      vertex -14.5102 8.84133 95.7636
    endloop
  endfacet
  facet normal 0.849221 -0.528038 0
    outer loop
      vertex -14.135 9.44469 0
      vertex -14.7224 8.5 95.7
      vertex -14.7224 8.5 0
    endloop
  endfacet
  facet normal 0.848977 -0.52843 0
    outer loop
      vertex -14.135 9.44469 100
      vertex -14.1668 9.3936 97.7641
      vertex -14.135 9.44469 97.6461
    endloop
  endfacet
  facet normal 0.849276 -0.527948 -1.52536e-05
    outer loop
      vertex -14.135 9.44469 100
      vertex -14.3187 9.14924 98.0517
      vertex -14.1668 9.3936 97.7641
    endloop
  endfacet
  facet normal 0.849171 -0.528117 2.02513e-05
    outer loop
      vertex -14.135 9.44469 100
      vertex -14.5102 8.84133 98.2364
      vertex -14.3187 9.14924 98.0517
    endloop
  endfacet
  facet normal 0.849221 -0.528038 -1.73427e-05
    outer loop
      vertex -14.7224 8.5 100
      vertex -14.5102 8.84133 98.2364
      vertex -14.135 9.44469 100
    endloop
  endfacet
  facet normal 0.849261 -0.527973 0
    outer loop
      vertex -14.5102 8.84133 98.2364
      vertex -14.7224 8.5 100
      vertex -14.7224 8.5 98.3
    endloop
  endfacet
  facet normal -0.956947 0.290262 0
    outer loop
      vertex 16.0978 -5.46447 0
      vertex 16.4207 -4.39992 44.9193
      vertex 16.4207 -4.39992 0
    endloop
  endfacet
  facet normal -0.956947 0.290262 0
    outer loop
      vertex 16.4207 -4.39992 44.9193
      vertex 16.0978 -5.46447 0
      vertex 16.0978 -5.46447 45.5339
    endloop
  endfacet
  facet normal -0.956947 0.290262 0
    outer loop
      vertex 16.0978 -5.46447 100
      vertex 16.4207 -4.39992 55.0807
      vertex 16.0978 -5.46447 54.4661
    endloop
  endfacet
  facet normal -0.956947 0.290262 0
    outer loop
      vertex 16.4207 -4.39992 55.0807
      vertex 16.0978 -5.46447 100
      vertex 16.4207 -4.39992 100
    endloop
  endfacet
  facet normal 0.41277 -0.910835 0
    outer loop
      vertex -7.51891 15.2468 0
      vertex -6.50562 15.706 100
      vertex -7.51891 15.2468 100
    endloop
  endfacet
  facet normal 0.41277 -0.910835 0
    outer loop
      vertex -6.50562 15.706 100
      vertex -7.51891 15.2468 0
      vertex -6.50562 15.706 0
    endloop
  endfacet
  facet normal 0.634348 -0.773047 0
    outer loop
      vertex -11.2089 12.7813 0
      vertex -10.3489 13.487 100
      vertex -11.2089 12.7813 100
    endloop
  endfacet
  facet normal 0.634348 -0.773047 0
    outer loop
      vertex -10.3489 13.487 100
      vertex -11.2089 12.7813 0
      vertex -10.3489 13.487 0
    endloop
  endfacet
  facet normal 0.471394 -0.881923 0
    outer loop
      vertex -8.5 14.7224 0
      vertex -7.51891 15.2468 100
      vertex -8.5 14.7224 100
    endloop
  endfacet
  facet normal 0.471394 -0.881923 0
    outer loop
      vertex -7.51891 15.2468 100
      vertex -8.5 14.7224 0
      vertex -7.51891 15.2468 0
    endloop
  endfacet
  facet normal 0.582509 0.812824 -0
    outer loop
      vertex -9.44469 -14.135 0
      vertex -10.3489 -13.487 100
      vertex -9.44469 -14.135 100
    endloop
  endfacet
  facet normal 0.582509 0.812824 0
    outer loop
      vertex -10.3489 -13.487 100
      vertex -9.44469 -14.135 0
      vertex -10.3489 -13.487 0
    endloop
  endfacet
  facet normal -0.582509 0.812824 0
    outer loop
      vertex 10.3489 -13.487 0
      vertex 9.44469 -14.135 100
      vertex 10.3489 -13.487 100
    endloop
  endfacet
  facet normal -0.582509 0.812824 0
    outer loop
      vertex 9.44469 -14.135 100
      vertex 10.3489 -13.487 0
      vertex 9.44469 -14.135 0
    endloop
  endfacet
  facet normal 0.471394 0.881923 -0
    outer loop
      vertex -7.51891 -15.2468 0
      vertex -8.5 -14.7224 100
      vertex -7.51891 -15.2468 100
    endloop
  endfacet
  facet normal 0.471394 0.881923 0
    outer loop
      vertex -8.5 -14.7224 100
      vertex -7.51891 -15.2468 0
      vertex -8.5 -14.7224 0
    endloop
  endfacet
  facet normal -0 0 1
    outer loop
      vertex 5.46447 -16.0978 67
      vertex 6 -19.0687 67
      vertex 6 -15.8963 67
    endloop
  endfacet
  facet normal -0 0 1
    outer loop
      vertex 4.39992 -16.4207 67
      vertex 6 -19.0687 67
      vertex 5.46447 -16.0978 67
    endloop
  endfacet
  facet normal 0 0 1
    outer loop
      vertex 6 -19.0687 67
      vertex 4.39992 -16.4207 67
      vertex 5.17638 -19.3185 67
    endloop
  endfacet
  facet normal 0 0 1
    outer loop
      vertex 4.39992 -16.4207 67
      vertex 3.90181 -19.6157 67
      vertex 5.17638 -19.3185 67
    endloop
  endfacet
  facet normal -0 0 1
    outer loop
      vertex 3.31653 -16.6733 67
      vertex 3.90181 -19.6157 67
      vertex 4.39992 -16.4207 67
    endloop
  endfacet
  facet normal 0 0 1
    outer loop
      vertex 3.31653 -16.6733 67
      vertex 2.61052 -19.8289 67
      vertex 3.90181 -19.6157 67
    endloop
  endfacet
  facet normal -0 0 1
    outer loop
      vertex 2.21894 -16.8546 67
      vertex 2.61052 -19.8289 67
      vertex 3.31653 -16.6733 67
    endloop
  endfacet
  facet normal 0 0 1
    outer loop
      vertex 2.21894 -16.8546 67
      vertex 1.30806 -19.9572 67
      vertex 2.61052 -19.8289 67
    endloop
  endfacet
  facet normal -0 0 1
    outer loop
      vertex 1.11185 -16.9636 67
      vertex 1.30806 -19.9572 67
      vertex 2.21894 -16.8546 67
    endloop
  endfacet
  facet normal -0 0 1
    outer loop
      vertex 0 -17 67
      vertex 1.30806 -19.9572 67
      vertex 1.11185 -16.9636 67
    endloop
  endfacet
  facet normal 0 0 1
    outer loop
      vertex 0 -17 67
      vertex 0 -20 67
      vertex 1.30806 -19.9572 67
    endloop
  endfacet
  facet normal 0 0 1
    outer loop
      vertex -1.11185 -16.9636 67
      vertex 0 -20 67
      vertex 0 -17 67
    endloop
  endfacet
  facet normal 0 0 1
    outer loop
      vertex -1.11185 -16.9636 67
      vertex -1.30806 -19.9572 67
      vertex 0 -20 67
    endloop
  endfacet
  facet normal 0 0 1
    outer loop
      vertex -2.21894 -16.8546 67
      vertex -1.30806 -19.9572 67
      vertex -1.11185 -16.9636 67
    endloop
  endfacet
  facet normal 0 0 1
    outer loop
      vertex -2.21894 -16.8546 67
      vertex -2.61052 -19.8289 67
      vertex -1.30806 -19.9572 67
    endloop
  endfacet
  facet normal 0 0 1
    outer loop
      vertex -3.31653 -16.6733 67
      vertex -2.61052 -19.8289 67
      vertex -2.21894 -16.8546 67
    endloop
  endfacet
  facet normal 0 0 1
    outer loop
      vertex -3.31653 -16.6733 67
      vertex -3.90181 -19.6157 67
      vertex -2.61052 -19.8289 67
    endloop
  endfacet
  facet normal 0 0 1
    outer loop
      vertex -4.39992 -16.4207 67
      vertex -3.90181 -19.6157 67
      vertex -3.31653 -16.6733 67
    endloop
  endfacet
  facet normal 0 0 1
    outer loop
      vertex -4.39992 -16.4207 67
      vertex -5.17638 -19.3185 67
      vertex -3.90181 -19.6157 67
    endloop
  endfacet
  facet normal 0 0 1
    outer loop
      vertex -6 -19.0687 67
      vertex -4.39992 -16.4207 67
      vertex -5.46447 -16.0978 67
    endloop
  endfacet
  facet normal 0 0 1
    outer loop
      vertex -6 -19.0687 67
      vertex -5.46447 -16.0978 67
      vertex -6 -15.8963 67
    endloop
  endfacet
  facet normal 0 0 1
    outer loop
      vertex -4.39992 -16.4207 67
      vertex -6 -19.0687 67
      vertex -5.17638 -19.3185 67
    endloop
  endfacet
  facet normal -0.707087 0 -0.707127
    outer loop
      vertex 6 -19.0687 83
      vertex 5.46447 -16.0978 83.5355
      vertex 6 -15.8963 83
    endloop
  endfacet
  facet normal -0.707121 -1.24462e-05 -0.707092
    outer loop
      vertex 6 -19.0687 83
      vertex 4.39992 -16.4207 84.6001
      vertex 5.46447 -16.0978 83.5355
    endloop
  endfacet
  facet normal -0.7071 1.32822e-05 -0.707113
    outer loop
      vertex 5.17638 -19.3185 83.8236
      vertex 4.39992 -16.4207 84.6001
      vertex 6 -19.0687 83
    endloop
  endfacet
  facet normal -0.707111 7.54062e-06 -0.707103
    outer loop
      vertex 4.39992 -16.4207 84.6001
      vertex 5.17638 -19.3185 83.8236
      vertex 3.31653 -16.6733 85.6835
    endloop
  endfacet
  facet normal -0.707115 1.42943e-06 -0.707098
    outer loop
      vertex 3.90181 -19.6157 85.0982
      vertex 3.31653 -16.6733 85.6835
      vertex 5.17638 -19.3185 83.8236
    endloop
  endfacet
  facet normal -0.70711 3.41271e-06 -0.707103
    outer loop
      vertex 3.31653 -16.6733 85.6835
      vertex 3.90181 -19.6157 85.0982
      vertex 2.21894 -16.8546 86.7811
    endloop
  endfacet
  facet normal -0.70711 3.94801e-06 -0.707104
    outer loop
      vertex 2.61052 -19.8289 86.3895
      vertex 2.21894 -16.8546 86.7811
      vertex 3.90181 -19.6157 85.0982
    endloop
  endfacet
  facet normal -0.707079 1.21656e-05 -0.707135
    outer loop
      vertex 2.21894 -16.8546 86.7811
      vertex 2.61052 -19.8289 86.3895
      vertex 1.11185 -16.9636 87.8881
    endloop
  endfacet
  facet normal -0.70709 -2.25604e-07 -0.707123
    outer loop
      vertex 1.30806 -19.9572 87.6919
      vertex 1.11185 -16.9636 87.8881
      vertex 2.61052 -19.8289 86.3895
    endloop
  endfacet
  facet normal -0.707123 -4.43663e-06 -0.707091
    outer loop
      vertex 1.11185 -16.9636 87.8881
      vertex 1.30806 -19.9572 87.6919
      vertex 0 -17 89
    endloop
  endfacet
  facet normal -0.707118 -0 -0.707096
    outer loop
      vertex 0 -17 89
      vertex 1.30806 -19.9572 87.6919
      vertex 0 -20 89
    endloop
  endfacet
  facet normal -1 0 0
    outer loop
      vertex 6 -19.0687 67
      vertex 6 -15.8963 83
      vertex 6 -15.8963 67
    endloop
  endfacet
  facet normal -1 -0 0
    outer loop
      vertex 6 -15.8963 83
      vertex 6 -19.0687 67
      vertex 6 -19.0687 83
    endloop
  endfacet
  facet normal 0.707087 0 -0.707127
    outer loop
      vertex -5.46447 -16.0978 83.5355
      vertex -6 -19.0687 83
      vertex -6 -15.8963 83
    endloop
  endfacet
  facet normal 0.707121 -1.24462e-05 -0.707092
    outer loop
      vertex -4.39992 -16.4207 84.6001
      vertex -6 -19.0687 83
      vertex -5.46447 -16.0978 83.5355
    endloop
  endfacet
  facet normal 0.707111 7.54062e-06 -0.707103
    outer loop
      vertex -5.17638 -19.3185 83.8236
      vertex -4.39992 -16.4207 84.6001
      vertex -3.31653 -16.6733 85.6835
    endloop
  endfacet
  facet normal 0.70711 3.41271e-06 -0.707103
    outer loop
      vertex -3.90181 -19.6157 85.0982
      vertex -3.31653 -16.6733 85.6835
      vertex -2.21894 -16.8546 86.7811
    endloop
  endfacet
  facet normal 0.707079 1.21656e-05 -0.707135
    outer loop
      vertex -2.61052 -19.8289 86.3895
      vertex -2.21894 -16.8546 86.7811
      vertex -1.11185 -16.9636 87.8881
    endloop
  endfacet
  facet normal 0.707123 -4.43663e-06 -0.707091
    outer loop
      vertex -1.30806 -19.9572 87.6919
      vertex -1.11185 -16.9636 87.8881
      vertex 0 -17 89
    endloop
  endfacet
  facet normal 0.7071 1.32822e-05 -0.707113
    outer loop
      vertex -4.39992 -16.4207 84.6001
      vertex -5.17638 -19.3185 83.8236
      vertex -6 -19.0687 83
    endloop
  endfacet
  facet normal 0.707115 1.42943e-06 -0.707098
    outer loop
      vertex -3.31653 -16.6733 85.6835
      vertex -3.90181 -19.6157 85.0982
      vertex -5.17638 -19.3185 83.8236
    endloop
  endfacet
  facet normal 0.70711 3.94801e-06 -0.707104
    outer loop
      vertex -2.21894 -16.8546 86.7811
      vertex -2.61052 -19.8289 86.3895
      vertex -3.90181 -19.6157 85.0982
    endloop
  endfacet
  facet normal 0.70709 -2.25604e-07 -0.707123
    outer loop
      vertex -1.11185 -16.9636 87.8881
      vertex -1.30806 -19.9572 87.6919
      vertex -2.61052 -19.8289 86.3895
    endloop
  endfacet
  facet normal 0.707118 0 -0.707096
    outer loop
      vertex -1.30806 -19.9572 87.6919
      vertex 0 -17 89
      vertex 0 -20 89
    endloop
  endfacet
  facet normal 1 -0 0
    outer loop
      vertex -6 -19.0687 83
      vertex -6 -15.8963 67
      vertex -6 -15.8963 83
    endloop
  endfacet
  facet normal 1 0 0
    outer loop
      vertex -6 -15.8963 67
      vertex -6 -19.0687 83
      vertex -6 -19.0687 67
    endloop
  endfacet
  facet normal 0 0 -1
    outer loop
      vertex -19.9572 -1.30806 71
      vertex -16.9636 -1.11185 71
      vertex -19.9383 -1.5 71
    endloop
  endfacet
  facet normal 0 0 -1
    outer loop
      vertex -19.9383 -1.5 71
      vertex -16.9636 -1.11185 71
      vertex -16.9254 -1.5 71
    endloop
  endfacet
  facet normal -0 0 -1
    outer loop
      vertex -16.9636 -1.11185 71
      vertex -19.9572 -1.30806 71
      vertex -17 0 71
    endloop
  endfacet
  facet normal 0 0 -1
    outer loop
      vertex -20 0 71
      vertex -17 0 71
      vertex -19.9572 -1.30806 71
    endloop
  endfacet
  facet normal 0 0 -1
    outer loop
      vertex -17 0 71
      vertex -20 0 71
      vertex -16.9636 1.11185 71
    endloop
  endfacet
  facet normal 0 -0 -1
    outer loop
      vertex -19.9572 1.30806 71
      vertex -16.9636 1.11185 71
      vertex -20 0 71
    endloop
  endfacet
  facet normal 0 -0 -1
    outer loop
      vertex -19.9383 1.5 71
      vertex -16.9636 1.11185 71
      vertex -19.9572 1.30806 71
    endloop
  endfacet
  facet normal 0 0 -1
    outer loop
      vertex -16.9636 1.11185 71
      vertex -19.9383 1.5 71
      vertex -16.9254 1.5 71
    endloop
  endfacet
  facet normal -0 0 1
    outer loop
      vertex -19.9572 1.30806 63
      vertex -16.9636 1.11185 63
      vertex -19.9383 1.5 63
    endloop
  endfacet
  facet normal -0 0 1
    outer loop
      vertex -19.9383 1.5 63
      vertex -16.9636 1.11185 63
      vertex -16.9254 1.5 63
    endloop
  endfacet
  facet normal 0 0 1
    outer loop
      vertex -16.9636 1.11185 63
      vertex -19.9572 1.30806 63
      vertex -17 0 63
    endloop
  endfacet
  facet normal 0 0 1
    outer loop
      vertex -20 0 63
      vertex -17 0 63
      vertex -19.9572 1.30806 63
    endloop
  endfacet
  facet normal 0 0 1
    outer loop
      vertex -17 0 63
      vertex -20 0 63
      vertex -16.9636 -1.11185 63
    endloop
  endfacet
  facet normal 0 -0 1
    outer loop
      vertex -19.9572 -1.30806 63
      vertex -16.9636 -1.11185 63
      vertex -20 0 63
    endloop
  endfacet
  facet normal 0 -0 1
    outer loop
      vertex -19.9383 -1.5 63
      vertex -16.9636 -1.11185 63
      vertex -19.9572 -1.30806 63
    endloop
  endfacet
  facet normal 0 0 1
    outer loop
      vertex -16.9636 -1.11185 63
      vertex -19.9383 -1.5 63
      vertex -16.9254 -1.5 63
    endloop
  endfacet
  facet normal 0 -1 0
    outer loop
      vertex -19.9383 1.5 63
      vertex -16.9254 1.5 71
      vertex -19.9383 1.5 71
    endloop
  endfacet
  facet normal 0 -1 -0
    outer loop
      vertex -16.9254 1.5 71
      vertex -19.9383 1.5 63
      vertex -16.9254 1.5 63
    endloop
  endfacet
  facet normal 0 1 -0
    outer loop
      vertex -16.9254 -1.5 63
      vertex -19.9383 -1.5 71
      vertex -16.9254 -1.5 71
    endloop
  endfacet
  facet normal 0 1 0
    outer loop
      vertex -19.9383 -1.5 71
      vertex -16.9254 -1.5 63
      vertex -19.9383 -1.5 63
    endloop
  endfacet
endsolid OpenSCAD_Model
