solid OpenSCAD_Model
  facet normal 0.998795 0.0490716 0
    outer loop
      vertex 5.75 0 15.9
      vertex 5.72231 0.563598 0
      vertex 5.72231 0.563598 15.9
    endloop
  endfacet
  facet normal 0.998795 0.0490716 0
    outer loop
      vertex 5.72231 0.563598 0
      vertex 5.75 0 15.9
      vertex 5.75 0 0
    endloop
  endfacet
  facet normal -0.998795 0.0490716 0
    outer loop
      vertex -5.75 0 0
      vertex -5.72231 0.563598 15.9
      vertex -5.72231 0.563598 0
    endloop
  endfacet
  facet normal -0.998795 0.0490716 0
    outer loop
      vertex -5.72231 0.563598 15.9
      vertex -5.75 0 0
      vertex -5.75 0 15.9
    endloop
  endfacet
  facet normal 0.0490716 0.998795 -0
    outer loop
      vertex 0.563598 5.72231 0
      vertex 0 5.75 15.9
      vertex 0.563598 5.72231 15.9
    endloop
  endfacet
  facet normal 0.0490716 0.998795 0
    outer loop
      vertex 0 5.75 15.9
      vertex 0.563598 5.72231 0
      vertex 0 5.75 0
    endloop
  endfacet
  facet normal 0.671565 0.740946 -0
    outer loop
      vertex 4.06586 4.06586 0
      vertex 3.64776 4.44481 15.9
      vertex 4.06586 4.06586 15.9
    endloop
  endfacet
  facet normal 0.671565 0.740946 0
    outer loop
      vertex 3.64776 4.44481 15.9
      vertex 4.06586 4.06586 0
      vertex 3.64776 4.44481 0
    endloop
  endfacet
  facet normal -0.671565 0.740946 0
    outer loop
      vertex -3.64776 4.44481 0
      vertex -4.06586 4.06586 15.9
      vertex -3.64776 4.44481 15.9
    endloop
  endfacet
  facet normal -0.671565 0.740946 0
    outer loop
      vertex -4.06586 4.06586 15.9
      vertex -3.64776 4.44481 0
      vertex -4.06586 4.06586 0
    endloop
  endfacet
  facet normal -0.336892 0.941543 0
    outer loop
      vertex -1.66914 5.50241 0
      vertex -2.20043 5.31231 15.9
      vertex -1.66914 5.50241 15.9
    endloop
  endfacet
  facet normal -0.336892 0.941543 0
    outer loop
      vertex -2.20043 5.31231 15.9
      vertex -1.66914 5.50241 0
      vertex -2.20043 5.31231 0
    endloop
  endfacet
  facet normal 0.903989 0.427556 0
    outer loop
      vertex 5.31231 2.20043 15.9
      vertex 5.07105 2.71053 0
      vertex 5.07105 2.71053 15.9
    endloop
  endfacet
  facet normal 0.903989 0.427556 0
    outer loop
      vertex 5.07105 2.71053 0
      vertex 5.31231 2.20043 15.9
      vertex 5.31231 2.20043 0
    endloop
  endfacet
  facet normal 0.336892 0.941543 -0
    outer loop
      vertex 2.20043 5.31231 0
      vertex 1.66914 5.50241 15.9
      vertex 2.20043 5.31231 15.9
    endloop
  endfacet
  facet normal 0.336892 0.941543 0
    outer loop
      vertex 1.66914 5.50241 15.9
      vertex 2.20043 5.31231 0
      vertex 1.66914 5.50241 0
    endloop
  endfacet
  facet normal 0.242965 0.970035 -0
    outer loop
      vertex 1.66914 5.50241 0
      vertex 1.12177 5.63951 15.9
      vertex 1.66914 5.50241 15.9
    endloop
  endfacet
  facet normal 0.242965 0.970035 0
    outer loop
      vertex 1.12177 5.63951 15.9
      vertex 1.66914 5.50241 0
      vertex 1.12177 5.63951 0
    endloop
  endfacet
  facet normal 0.514105 0.857727 -0
    outer loop
      vertex 3.19453 4.78095 0
      vertex 2.71053 5.07105 15.9
      vertex 3.19453 4.78095 15.9
    endloop
  endfacet
  facet normal 0.514105 0.857727 0
    outer loop
      vertex 2.71053 5.07105 15.9
      vertex 3.19453 4.78095 0
      vertex 2.71053 5.07105 0
    endloop
  endfacet
  facet normal -0.903989 0.427556 0
    outer loop
      vertex -5.31231 2.20043 0
      vertex -5.07105 2.71053 15.9
      vertex -5.07105 2.71053 0
    endloop
  endfacet
  facet normal -0.903989 0.427556 0
    outer loop
      vertex -5.07105 2.71053 15.9
      vertex -5.31231 2.20043 0
      vertex -5.31231 2.20043 15.9
    endloop
  endfacet
  facet normal -0.146736 0.989176 0
    outer loop
      vertex -0.563598 5.72231 0
      vertex -1.12177 5.63951 15.9
      vertex -0.563598 5.72231 15.9
    endloop
  endfacet
  facet normal -0.146736 0.989176 0
    outer loop
      vertex -1.12177 5.63951 15.9
      vertex -0.563598 5.72231 0
      vertex -1.12177 5.63951 0
    endloop
  endfacet
  facet normal 0 0 -1
    outer loop
      vertex 4.2 0 0
      vertex 5.75 0 0
      vertex 5.72231 -0.563598 0
    endloop
  endfacet
  facet normal 0 0 -1
    outer loop
      vertex 4.17978 -0.411672 0
      vertex 5.72231 -0.563598 0
      vertex 5.63951 -1.12177 0
    endloop
  endfacet
  facet normal 0 0 -1
    outer loop
      vertex 5.75 0 0
      vertex 4.2 0 0
      vertex 5.72231 0.563598 0
    endloop
  endfacet
  facet normal 0 0 -1
    outer loop
      vertex 4.1193 -0.819379 0
      vertex 5.63951 -1.12177 0
      vertex 5.50241 -1.66914 0
    endloop
  endfacet
  facet normal 0 0 -1
    outer loop
      vertex 4.17978 0.411672 0
      vertex 5.72231 0.563598 0
      vertex 4.2 0 0
    endloop
  endfacet
  facet normal 0 0 -1
    outer loop
      vertex 4.01915 -1.2192 0
      vertex 5.50241 -1.66914 0
      vertex 5.31231 -2.20043 0
    endloop
  endfacet
  facet normal -0 0 -1
    outer loop
      vertex 5.72231 0.563598 0
      vertex 4.17978 0.411672 0
      vertex 5.63951 1.12177 0
    endloop
  endfacet
  facet normal 0 0 -1
    outer loop
      vertex 3.88029 -1.60727 0
      vertex 5.31231 -2.20043 0
      vertex 5.07105 -2.71053 0
    endloop
  endfacet
  facet normal 0 0 -1
    outer loop
      vertex 4.1193 0.819379 0
      vertex 5.63951 1.12177 0
      vertex 4.17978 0.411672 0
    endloop
  endfacet
  facet normal 0 0 -1
    outer loop
      vertex 3.70407 -1.97987 0
      vertex 5.07105 -2.71053 0
      vertex 4.78095 -3.19453 0
    endloop
  endfacet
  facet normal -0 0 -1
    outer loop
      vertex 5.63951 1.12177 0
      vertex 4.1193 0.819379 0
      vertex 5.50241 1.66914 0
    endloop
  endfacet
  facet normal 0 0 -1
    outer loop
      vertex 3.49217 -2.33339 0
      vertex 4.78095 -3.19453 0
      vertex 4.44481 -3.64776 0
    endloop
  endfacet
  facet normal 0 0 -1
    outer loop
      vertex 4.01915 1.2192 0
      vertex 5.50241 1.66914 0
      vertex 4.1193 0.819379 0
    endloop
  endfacet
  facet normal -0 0 -1
    outer loop
      vertex 5.50241 1.66914 0
      vertex 4.01915 1.2192 0
      vertex 5.31231 2.20043 0
    endloop
  endfacet
  facet normal 0 0 -1
    outer loop
      vertex 5.72231 -0.563598 0
      vertex 4.17978 -0.411672 0
      vertex 4.2 0 0
    endloop
  endfacet
  facet normal 0 0 -1
    outer loop
      vertex 5.63951 -1.12177 0
      vertex 4.1193 -0.819379 0
      vertex 4.17978 -0.411672 0
    endloop
  endfacet
  facet normal 0 0 -1
    outer loop
      vertex 3.24664 -2.66445 0
      vertex 4.44481 -3.64776 0
      vertex 4.06586 -4.06586 0
    endloop
  endfacet
  facet normal 0 0 -1
    outer loop
      vertex 5.50241 -1.66914 0
      vertex 4.01915 -1.2192 0
      vertex 4.1193 -0.819379 0
    endloop
  endfacet
  facet normal 0 0 -1
    outer loop
      vertex 5.31231 -2.20043 0
      vertex 3.88029 -1.60727 0
      vertex 4.01915 -1.2192 0
    endloop
  endfacet
  facet normal 0 0 -1
    outer loop
      vertex 5.07105 -2.71053 0
      vertex 3.70407 -1.97987 0
      vertex 3.88029 -1.60727 0
    endloop
  endfacet
  facet normal 0 0 -1
    outer loop
      vertex 2.96985 -2.96985 0
      vertex 4.06586 -4.06586 0
      vertex 3.64776 -4.44481 0
    endloop
  endfacet
  facet normal 0 0 -1
    outer loop
      vertex 4.78095 -3.19453 0
      vertex 3.49217 -2.33339 0
      vertex 3.70407 -1.97987 0
    endloop
  endfacet
  facet normal 0 0 -1
    outer loop
      vertex 4.44481 -3.64776 0
      vertex 3.24664 -2.66445 0
      vertex 3.49217 -2.33339 0
    endloop
  endfacet
  facet normal 0 0 -1
    outer loop
      vertex 2.66445 -3.24664 0
      vertex 3.64776 -4.44481 0
      vertex 3.19453 -4.78095 0
    endloop
  endfacet
  facet normal 0 0 -1
    outer loop
      vertex 4.06586 -4.06586 0
      vertex 2.96985 -2.96985 0
      vertex 3.24664 -2.66445 0
    endloop
  endfacet
  facet normal 0 0 -1
    outer loop
      vertex 2.33339 -3.49217 0
      vertex 3.19453 -4.78095 0
      vertex 2.71053 -5.07105 0
    endloop
  endfacet
  facet normal 0 0 -1
    outer loop
      vertex 3.64776 -4.44481 0
      vertex 2.66445 -3.24664 0
      vertex 2.96985 -2.96985 0
    endloop
  endfacet
  facet normal 0 0 -1
    outer loop
      vertex 3.19453 -4.78095 0
      vertex 2.33339 -3.49217 0
      vertex 2.66445 -3.24664 0
    endloop
  endfacet
  facet normal 0 0 -1
    outer loop
      vertex 1.97987 -3.70407 0
      vertex 2.71053 -5.07105 0
      vertex 2.20043 -5.31231 0
    endloop
  endfacet
  facet normal 0 0 -1
    outer loop
      vertex 2.71053 -5.07105 0
      vertex 1.97987 -3.70407 0
      vertex 2.33339 -3.49217 0
    endloop
  endfacet
  facet normal 0 0 -1
    outer loop
      vertex 1.60727 -3.88029 0
      vertex 2.20043 -5.31231 0
      vertex 1.66914 -5.50241 0
    endloop
  endfacet
  facet normal 0 0 -1
    outer loop
      vertex 2.20043 -5.31231 0
      vertex 1.60727 -3.88029 0
      vertex 1.97987 -3.70407 0
    endloop
  endfacet
  facet normal 0 0 -1
    outer loop
      vertex 1.66914 -5.50241 0
      vertex 1.2192 -4.01915 0
      vertex 1.60727 -3.88029 0
    endloop
  endfacet
  facet normal 0 0 -1
    outer loop
      vertex 1.12177 -5.63951 0
      vertex 1.2192 -4.01915 0
      vertex 1.66914 -5.50241 0
    endloop
  endfacet
  facet normal 0 0 -1
    outer loop
      vertex 1.12177 -5.63951 0
      vertex 0.819379 -4.1193 0
      vertex 1.2192 -4.01915 0
    endloop
  endfacet
  facet normal 0 0 -1
    outer loop
      vertex 0.563598 -5.72231 0
      vertex 0.819379 -4.1193 0
      vertex 1.12177 -5.63951 0
    endloop
  endfacet
  facet normal 0 0 -1
    outer loop
      vertex 0.563598 -5.72231 0
      vertex 0.411672 -4.17978 0
      vertex 0.819379 -4.1193 0
    endloop
  endfacet
  facet normal 0 0 -1
    outer loop
      vertex 0 -5.75 0
      vertex 0.411672 -4.17978 0
      vertex 0.563598 -5.72231 0
    endloop
  endfacet
  facet normal 0 0 -1
    outer loop
      vertex 0 -5.75 0
      vertex 0 -4.2 0
      vertex 0.411672 -4.17978 0
    endloop
  endfacet
  facet normal 0 0 -1
    outer loop
      vertex 0 -5.75 0
      vertex -0.411672 -4.17978 0
      vertex 0 -4.2 0
    endloop
  endfacet
  facet normal 0 0 -1
    outer loop
      vertex -0.563598 -5.72231 0
      vertex -0.411672 -4.17978 0
      vertex 0 -5.75 0
    endloop
  endfacet
  facet normal 0 0 -1
    outer loop
      vertex -0.563598 -5.72231 0
      vertex -0.819379 -4.1193 0
      vertex -0.411672 -4.17978 0
    endloop
  endfacet
  facet normal 0 0 -1
    outer loop
      vertex -1.12177 -5.63951 0
      vertex -0.819379 -4.1193 0
      vertex -0.563598 -5.72231 0
    endloop
  endfacet
  facet normal 0 0 -1
    outer loop
      vertex -1.12177 -5.63951 0
      vertex -1.2192 -4.01915 0
      vertex -0.819379 -4.1193 0
    endloop
  endfacet
  facet normal 0 0 -1
    outer loop
      vertex -1.66914 -5.50241 0
      vertex -1.2192 -4.01915 0
      vertex -1.12177 -5.63951 0
    endloop
  endfacet
  facet normal -0 0 -1
    outer loop
      vertex -1.2192 -4.01915 0
      vertex -1.66914 -5.50241 0
      vertex -1.60727 -3.88029 0
    endloop
  endfacet
  facet normal 0 0 -1
    outer loop
      vertex -2.20043 -5.31231 0
      vertex -1.60727 -3.88029 0
      vertex -1.66914 -5.50241 0
    endloop
  endfacet
  facet normal -0 0 -1
    outer loop
      vertex -1.60727 -3.88029 0
      vertex -2.20043 -5.31231 0
      vertex -1.97987 -3.70407 0
    endloop
  endfacet
  facet normal 0 0 -1
    outer loop
      vertex -2.71053 -5.07105 0
      vertex -1.97987 -3.70407 0
      vertex -2.20043 -5.31231 0
    endloop
  endfacet
  facet normal -0 0 -1
    outer loop
      vertex -1.97987 -3.70407 0
      vertex -2.71053 -5.07105 0
      vertex -2.33339 -3.49217 0
    endloop
  endfacet
  facet normal 0 0 -1
    outer loop
      vertex -3.19453 -4.78095 0
      vertex -2.33339 -3.49217 0
      vertex -2.71053 -5.07105 0
    endloop
  endfacet
  facet normal -0 0 -1
    outer loop
      vertex -2.33339 -3.49217 0
      vertex -3.19453 -4.78095 0
      vertex -2.66445 -3.24664 0
    endloop
  endfacet
  facet normal 0 0 -1
    outer loop
      vertex -3.64776 -4.44481 0
      vertex -2.66445 -3.24664 0
      vertex -3.19453 -4.78095 0
    endloop
  endfacet
  facet normal -0 0 -1
    outer loop
      vertex -2.66445 -3.24664 0
      vertex -3.64776 -4.44481 0
      vertex -2.96985 -2.96985 0
    endloop
  endfacet
  facet normal 0 0 -1
    outer loop
      vertex -4.06586 -4.06586 0
      vertex -2.96985 -2.96985 0
      vertex -3.64776 -4.44481 0
    endloop
  endfacet
  facet normal -0 0 -1
    outer loop
      vertex -2.96985 -2.96985 0
      vertex -4.06586 -4.06586 0
      vertex -3.24664 -2.66445 0
    endloop
  endfacet
  facet normal 0 0 -1
    outer loop
      vertex -4.44481 -3.64776 0
      vertex -3.24664 -2.66445 0
      vertex -4.06586 -4.06586 0
    endloop
  endfacet
  facet normal -0 0 -1
    outer loop
      vertex -3.24664 -2.66445 0
      vertex -4.44481 -3.64776 0
      vertex -3.49217 -2.33339 0
    endloop
  endfacet
  facet normal 0 0 -1
    outer loop
      vertex -4.78095 -3.19453 0
      vertex -3.49217 -2.33339 0
      vertex -4.44481 -3.64776 0
    endloop
  endfacet
  facet normal -0 0 -1
    outer loop
      vertex -3.49217 -2.33339 0
      vertex -4.78095 -3.19453 0
      vertex -3.70407 -1.97987 0
    endloop
  endfacet
  facet normal 0 0 -1
    outer loop
      vertex -5.07105 -2.71053 0
      vertex -3.70407 -1.97987 0
      vertex -4.78095 -3.19453 0
    endloop
  endfacet
  facet normal -0 0 -1
    outer loop
      vertex -3.70407 -1.97987 0
      vertex -5.07105 -2.71053 0
      vertex -3.88029 -1.60727 0
    endloop
  endfacet
  facet normal 0 0 -1
    outer loop
      vertex -5.31231 -2.20043 0
      vertex -3.88029 -1.60727 0
      vertex -5.07105 -2.71053 0
    endloop
  endfacet
  facet normal -0 0 -1
    outer loop
      vertex -3.88029 -1.60727 0
      vertex -5.31231 -2.20043 0
      vertex -4.01915 -1.2192 0
    endloop
  endfacet
  facet normal 0 0 -1
    outer loop
      vertex 3.88029 1.60727 0
      vertex 5.31231 2.20043 0
      vertex 4.01915 1.2192 0
    endloop
  endfacet
  facet normal -0 0 -1
    outer loop
      vertex 5.31231 2.20043 0
      vertex 3.88029 1.60727 0
      vertex 5.07105 2.71053 0
    endloop
  endfacet
  facet normal 0 0 -1
    outer loop
      vertex 3.70407 1.97987 0
      vertex 5.07105 2.71053 0
      vertex 3.88029 1.60727 0
    endloop
  endfacet
  facet normal -0 0 -1
    outer loop
      vertex 5.07105 2.71053 0
      vertex 3.70407 1.97987 0
      vertex 4.78095 3.19453 0
    endloop
  endfacet
  facet normal 0 0 -1
    outer loop
      vertex 3.49217 2.33339 0
      vertex 4.78095 3.19453 0
      vertex 3.70407 1.97987 0
    endloop
  endfacet
  facet normal -0 0 -1
    outer loop
      vertex 4.78095 3.19453 0
      vertex 3.49217 2.33339 0
      vertex 4.44481 3.64776 0
    endloop
  endfacet
  facet normal 0 0 -1
    outer loop
      vertex 3.24664 2.66445 0
      vertex 4.44481 3.64776 0
      vertex 3.49217 2.33339 0
    endloop
  endfacet
  facet normal -0 0 -1
    outer loop
      vertex 4.44481 3.64776 0
      vertex 3.24664 2.66445 0
      vertex 4.06586 4.06586 0
    endloop
  endfacet
  facet normal 0 0 -1
    outer loop
      vertex 2.96985 2.96985 0
      vertex 4.06586 4.06586 0
      vertex 3.24664 2.66445 0
    endloop
  endfacet
  facet normal -0 0 -1
    outer loop
      vertex 4.06586 4.06586 0
      vertex 2.96985 2.96985 0
      vertex 3.64776 4.44481 0
    endloop
  endfacet
  facet normal 0 0 -1
    outer loop
      vertex 2.66445 3.24664 0
      vertex 3.64776 4.44481 0
      vertex 2.96985 2.96985 0
    endloop
  endfacet
  facet normal -0 0 -1
    outer loop
      vertex 3.64776 4.44481 0
      vertex 2.66445 3.24664 0
      vertex 3.19453 4.78095 0
    endloop
  endfacet
  facet normal 0 0 -1
    outer loop
      vertex 2.33339 3.49217 0
      vertex 3.19453 4.78095 0
      vertex 2.66445 3.24664 0
    endloop
  endfacet
  facet normal -0 0 -1
    outer loop
      vertex 3.19453 4.78095 0
      vertex 2.33339 3.49217 0
      vertex 2.71053 5.07105 0
    endloop
  endfacet
  facet normal 0 0 -1
    outer loop
      vertex 1.97987 3.70407 0
      vertex 2.71053 5.07105 0
      vertex 2.33339 3.49217 0
    endloop
  endfacet
  facet normal -0 0 -1
    outer loop
      vertex 2.71053 5.07105 0
      vertex 1.97987 3.70407 0
      vertex 2.20043 5.31231 0
    endloop
  endfacet
  facet normal 0 0 -1
    outer loop
      vertex 1.60727 3.88029 0
      vertex 2.20043 5.31231 0
      vertex 1.97987 3.70407 0
    endloop
  endfacet
  facet normal -0 0 -1
    outer loop
      vertex 2.20043 5.31231 0
      vertex 1.60727 3.88029 0
      vertex 1.66914 5.50241 0
    endloop
  endfacet
  facet normal 0 0 -1
    outer loop
      vertex 1.2192 4.01915 0
      vertex 1.66914 5.50241 0
      vertex 1.60727 3.88029 0
    endloop
  endfacet
  facet normal 0 0 -1
    outer loop
      vertex 1.2192 4.01915 0
      vertex 1.12177 5.63951 0
      vertex 1.66914 5.50241 0
    endloop
  endfacet
  facet normal 0 0 -1
    outer loop
      vertex 0.819379 4.1193 0
      vertex 1.12177 5.63951 0
      vertex 1.2192 4.01915 0
    endloop
  endfacet
  facet normal 0 0 -1
    outer loop
      vertex 0.819379 4.1193 0
      vertex 0.563598 5.72231 0
      vertex 1.12177 5.63951 0
    endloop
  endfacet
  facet normal 0 0 -1
    outer loop
      vertex 0.411672 4.17978 0
      vertex 0.563598 5.72231 0
      vertex 0.819379 4.1193 0
    endloop
  endfacet
  facet normal 0 0 -1
    outer loop
      vertex 0 4.2 0
      vertex 0.563598 5.72231 0
      vertex 0.411672 4.17978 0
    endloop
  endfacet
  facet normal 0 0 -1
    outer loop
      vertex 0 4.2 0
      vertex 0 5.75 0
      vertex 0.563598 5.72231 0
    endloop
  endfacet
  facet normal 0 0 -1
    outer loop
      vertex -0.411672 4.17978 0
      vertex 0 5.75 0
      vertex 0 4.2 0
    endloop
  endfacet
  facet normal 0 0 -1
    outer loop
      vertex -0.411672 4.17978 0
      vertex -0.563598 5.72231 0
      vertex 0 5.75 0
    endloop
  endfacet
  facet normal 0 0 -1
    outer loop
      vertex -0.819379 4.1193 0
      vertex -0.563598 5.72231 0
      vertex -0.411672 4.17978 0
    endloop
  endfacet
  facet normal 0 0 -1
    outer loop
      vertex -0.819379 4.1193 0
      vertex -1.12177 5.63951 0
      vertex -0.563598 5.72231 0
    endloop
  endfacet
  facet normal 0 0 -1
    outer loop
      vertex -1.2192 4.01915 0
      vertex -1.12177 5.63951 0
      vertex -0.819379 4.1193 0
    endloop
  endfacet
  facet normal 0 0 -1
    outer loop
      vertex -1.66914 5.50241 0
      vertex -1.2192 4.01915 0
      vertex -1.60727 3.88029 0
    endloop
  endfacet
  facet normal 0 0 -1
    outer loop
      vertex -1.2192 4.01915 0
      vertex -1.66914 5.50241 0
      vertex -1.12177 5.63951 0
    endloop
  endfacet
  facet normal 0 0 -1
    outer loop
      vertex -2.20043 5.31231 0
      vertex -1.60727 3.88029 0
      vertex -1.97987 3.70407 0
    endloop
  endfacet
  facet normal 0 0 -1
    outer loop
      vertex -1.60727 3.88029 0
      vertex -2.20043 5.31231 0
      vertex -1.66914 5.50241 0
    endloop
  endfacet
  facet normal 0 0 -1
    outer loop
      vertex -2.71053 5.07105 0
      vertex -1.97987 3.70407 0
      vertex -2.33339 3.49217 0
    endloop
  endfacet
  facet normal 0 0 -1
    outer loop
      vertex -3.19453 4.78095 0
      vertex -2.33339 3.49217 0
      vertex -2.66445 3.24664 0
    endloop
  endfacet
  facet normal 0 0 -1
    outer loop
      vertex -1.97987 3.70407 0
      vertex -2.71053 5.07105 0
      vertex -2.20043 5.31231 0
    endloop
  endfacet
  facet normal 0 0 -1
    outer loop
      vertex -3.64776 4.44481 0
      vertex -2.66445 3.24664 0
      vertex -2.96985 2.96985 0
    endloop
  endfacet
  facet normal 0 0 -1
    outer loop
      vertex -2.33339 3.49217 0
      vertex -3.19453 4.78095 0
      vertex -2.71053 5.07105 0
    endloop
  endfacet
  facet normal 0 0 -1
    outer loop
      vertex -4.06586 4.06586 0
      vertex -2.96985 2.96985 0
      vertex -3.24664 2.66445 0
    endloop
  endfacet
  facet normal 0 0 -1
    outer loop
      vertex -4.44481 3.64776 0
      vertex -3.24664 2.66445 0
      vertex -3.49217 2.33339 0
    endloop
  endfacet
  facet normal 0 0 -1
    outer loop
      vertex -2.66445 3.24664 0
      vertex -3.64776 4.44481 0
      vertex -3.19453 4.78095 0
    endloop
  endfacet
  facet normal 0 0 -1
    outer loop
      vertex -4.78095 3.19453 0
      vertex -3.49217 2.33339 0
      vertex -3.70407 1.97987 0
    endloop
  endfacet
  facet normal 0 0 -1
    outer loop
      vertex -5.07105 2.71053 0
      vertex -3.70407 1.97987 0
      vertex -3.88029 1.60727 0
    endloop
  endfacet
  facet normal 0 0 -1
    outer loop
      vertex -5.31231 2.20043 0
      vertex -3.88029 1.60727 0
      vertex -4.01915 1.2192 0
    endloop
  endfacet
  facet normal 0 0 -1
    outer loop
      vertex -2.96985 2.96985 0
      vertex -4.06586 4.06586 0
      vertex -3.64776 4.44481 0
    endloop
  endfacet
  facet normal 0 0 -1
    outer loop
      vertex -5.50241 1.66914 0
      vertex -4.01915 1.2192 0
      vertex -4.1193 0.819379 0
    endloop
  endfacet
  facet normal 0 0 -1
    outer loop
      vertex -5.63951 1.12177 0
      vertex -4.1193 0.819379 0
      vertex -4.17978 0.411672 0
    endloop
  endfacet
  facet normal 0 0 -1
    outer loop
      vertex -5.72231 0.563598 0
      vertex -4.17978 0.411672 0
      vertex -4.2 0 0
    endloop
  endfacet
  facet normal 0 0 -1
    outer loop
      vertex -5.50241 -1.66914 0
      vertex -4.01915 -1.2192 0
      vertex -5.31231 -2.20043 0
    endloop
  endfacet
  facet normal 0 0 -1
    outer loop
      vertex -3.24664 2.66445 0
      vertex -4.44481 3.64776 0
      vertex -4.06586 4.06586 0
    endloop
  endfacet
  facet normal -0 0 -1
    outer loop
      vertex -4.01915 -1.2192 0
      vertex -5.50241 -1.66914 0
      vertex -4.1193 -0.819379 0
    endloop
  endfacet
  facet normal 0 0 -1
    outer loop
      vertex -3.49217 2.33339 0
      vertex -4.78095 3.19453 0
      vertex -4.44481 3.64776 0
    endloop
  endfacet
  facet normal 0 0 -1
    outer loop
      vertex -5.63951 -1.12177 0
      vertex -4.1193 -0.819379 0
      vertex -5.50241 -1.66914 0
    endloop
  endfacet
  facet normal 0 0 -1
    outer loop
      vertex -3.70407 1.97987 0
      vertex -5.07105 2.71053 0
      vertex -4.78095 3.19453 0
    endloop
  endfacet
  facet normal -0 0 -1
    outer loop
      vertex -4.1193 -0.819379 0
      vertex -5.63951 -1.12177 0
      vertex -4.17978 -0.411672 0
    endloop
  endfacet
  facet normal 0 0 -1
    outer loop
      vertex -3.88029 1.60727 0
      vertex -5.31231 2.20043 0
      vertex -5.07105 2.71053 0
    endloop
  endfacet
  facet normal 0 0 -1
    outer loop
      vertex -5.72231 -0.563598 0
      vertex -4.17978 -0.411672 0
      vertex -5.63951 -1.12177 0
    endloop
  endfacet
  facet normal 0 0 -1
    outer loop
      vertex -4.01915 1.2192 0
      vertex -5.50241 1.66914 0
      vertex -5.31231 2.20043 0
    endloop
  endfacet
  facet normal -0 0 -1
    outer loop
      vertex -4.17978 -0.411672 0
      vertex -5.72231 -0.563598 0
      vertex -4.2 0 0
    endloop
  endfacet
  facet normal 0 0 -1
    outer loop
      vertex -4.1193 0.819379 0
      vertex -5.63951 1.12177 0
      vertex -5.50241 1.66914 0
    endloop
  endfacet
  facet normal 0 0 -1
    outer loop
      vertex -5.75 0 0
      vertex -4.2 0 0
      vertex -5.72231 -0.563598 0
    endloop
  endfacet
  facet normal 0 0 -1
    outer loop
      vertex -4.17978 0.411672 0
      vertex -5.72231 0.563598 0
      vertex -5.63951 1.12177 0
    endloop
  endfacet
  facet normal 0 0 -1
    outer loop
      vertex -4.2 0 0
      vertex -5.75 0 0
      vertex -5.72231 0.563598 0
    endloop
  endfacet
  facet normal 0.970035 0.242965 0
    outer loop
      vertex 5.63951 1.12177 15.9
      vertex 5.50241 1.66914 0
      vertex 5.50241 1.66914 15.9
    endloop
  endfacet
  facet normal 0.970035 0.242965 0
    outer loop
      vertex 5.50241 1.66914 0
      vertex 5.63951 1.12177 15.9
      vertex 5.63951 1.12177 0
    endloop
  endfacet
  facet normal 0.989176 0.146736 0
    outer loop
      vertex 5.72231 0.563598 15.9
      vertex 5.63951 1.12177 0
      vertex 5.63951 1.12177 15.9
    endloop
  endfacet
  facet normal 0.989176 0.146736 0
    outer loop
      vertex 5.63951 1.12177 0
      vertex 5.72231 0.563598 15.9
      vertex 5.72231 0.563598 0
    endloop
  endfacet
  facet normal 0.941543 0.336892 0
    outer loop
      vertex 5.50241 1.66914 15.9
      vertex 5.31231 2.20043 0
      vertex 5.31231 2.20043 15.9
    endloop
  endfacet
  facet normal 0.941543 0.336892 0
    outer loop
      vertex 5.31231 2.20043 0
      vertex 5.50241 1.66914 15.9
      vertex 5.50241 1.66914 0
    endloop
  endfacet
  facet normal 0.803206 0.595701 0
    outer loop
      vertex 4.78095 3.19453 15.9
      vertex 4.44481 3.64776 0
      vertex 4.44481 3.64776 15.9
    endloop
  endfacet
  facet normal 0.803206 0.595701 0
    outer loop
      vertex 4.44481 3.64776 0
      vertex 4.78095 3.19453 15.9
      vertex 4.78095 3.19453 0
    endloop
  endfacet
  facet normal 0.740946 0.671565 0
    outer loop
      vertex 4.44481 3.64776 15.9
      vertex 4.06586 4.06586 0
      vertex 4.06586 4.06586 15.9
    endloop
  endfacet
  facet normal 0.740946 0.671565 0
    outer loop
      vertex 4.06586 4.06586 0
      vertex 4.44481 3.64776 15.9
      vertex 4.44481 3.64776 0
    endloop
  endfacet
  facet normal 0.857727 0.514105 0
    outer loop
      vertex 5.07105 2.71053 15.9
      vertex 4.78095 3.19453 0
      vertex 4.78095 3.19453 15.9
    endloop
  endfacet
  facet normal 0.857727 0.514105 0
    outer loop
      vertex 4.78095 3.19453 0
      vertex 5.07105 2.71053 15.9
      vertex 5.07105 2.71053 0
    endloop
  endfacet
  facet normal 0.146736 0.989176 -0
    outer loop
      vertex 1.12177 5.63951 0
      vertex 0.563598 5.72231 15.9
      vertex 1.12177 5.63951 15.9
    endloop
  endfacet
  facet normal 0.146736 0.989176 0
    outer loop
      vertex 0.563598 5.72231 15.9
      vertex 1.12177 5.63951 0
      vertex 0.563598 5.72231 0
    endloop
  endfacet
  facet normal 0.427556 0.903989 -0
    outer loop
      vertex 2.71053 5.07105 0
      vertex 2.20043 5.31231 15.9
      vertex 2.71053 5.07105 15.9
    endloop
  endfacet
  facet normal 0.427556 0.903989 0
    outer loop
      vertex 2.20043 5.31231 15.9
      vertex 2.71053 5.07105 0
      vertex 2.20043 5.31231 0
    endloop
  endfacet
  facet normal 0.595701 0.803206 -0
    outer loop
      vertex 3.64776 4.44481 0
      vertex 3.19453 4.78095 15.9
      vertex 3.64776 4.44481 15.9
    endloop
  endfacet
  facet normal 0.595701 0.803206 0
    outer loop
      vertex 3.19453 4.78095 15.9
      vertex 3.64776 4.44481 0
      vertex 3.19453 4.78095 0
    endloop
  endfacet
  facet normal -0.970035 0.242965 0
    outer loop
      vertex -5.63951 1.12177 0
      vertex -5.50241 1.66914 15.9
      vertex -5.50241 1.66914 0
    endloop
  endfacet
  facet normal -0.970035 0.242965 0
    outer loop
      vertex -5.50241 1.66914 15.9
      vertex -5.63951 1.12177 0
      vertex -5.63951 1.12177 15.9
    endloop
  endfacet
  facet normal -0.803206 0.595701 0
    outer loop
      vertex -4.78095 3.19453 0
      vertex -4.44481 3.64776 15.9
      vertex -4.44481 3.64776 0
    endloop
  endfacet
  facet normal -0.803206 0.595701 0
    outer loop
      vertex -4.44481 3.64776 15.9
      vertex -4.78095 3.19453 0
      vertex -4.78095 3.19453 15.9
    endloop
  endfacet
  facet normal -0.740946 0.671565 0
    outer loop
      vertex -4.44481 3.64776 0
      vertex -4.06586 4.06586 15.9
      vertex -4.06586 4.06586 0
    endloop
  endfacet
  facet normal -0.740946 0.671565 0
    outer loop
      vertex -4.06586 4.06586 15.9
      vertex -4.44481 3.64776 0
      vertex -4.44481 3.64776 15.9
    endloop
  endfacet
  facet normal -0.857727 0.514105 0
    outer loop
      vertex -5.07105 2.71053 0
      vertex -4.78095 3.19453 15.9
      vertex -4.78095 3.19453 0
    endloop
  endfacet
  facet normal -0.857727 0.514105 0
    outer loop
      vertex -4.78095 3.19453 15.9
      vertex -5.07105 2.71053 0
      vertex -5.07105 2.71053 15.9
    endloop
  endfacet
  facet normal -0.941543 0.336892 0
    outer loop
      vertex -5.50241 1.66914 0
      vertex -5.31231 2.20043 15.9
      vertex -5.31231 2.20043 0
    endloop
  endfacet
  facet normal -0.941543 0.336892 0
    outer loop
      vertex -5.31231 2.20043 15.9
      vertex -5.50241 1.66914 0
      vertex -5.50241 1.66914 15.9
    endloop
  endfacet
  facet normal -0.989176 0.146736 0
    outer loop
      vertex -5.72231 0.563598 0
      vertex -5.63951 1.12177 15.9
      vertex -5.63951 1.12177 0
    endloop
  endfacet
  facet normal -0.989176 0.146736 0
    outer loop
      vertex -5.63951 1.12177 15.9
      vertex -5.72231 0.563598 0
      vertex -5.72231 0.563598 15.9
    endloop
  endfacet
  facet normal 0 0 1
    outer loop
      vertex 4.2 0 15.9
      vertex 5.75 0 15.9
      vertex 5.72231 0.563598 15.9
    endloop
  endfacet
  facet normal 0 0 1
    outer loop
      vertex 4.17978 0.411672 15.9
      vertex 5.72231 0.563598 15.9
      vertex 5.63951 1.12177 15.9
    endloop
  endfacet
  facet normal 0 0 1
    outer loop
      vertex 5.75 0 15.9
      vertex 4.2 0 15.9
      vertex 5.72231 -0.563598 15.9
    endloop
  endfacet
  facet normal 0 0 1
    outer loop
      vertex 4.1193 0.819379 15.9
      vertex 5.63951 1.12177 15.9
      vertex 5.50241 1.66914 15.9
    endloop
  endfacet
  facet normal -0 0 1
    outer loop
      vertex 4.17978 -0.411672 15.9
      vertex 5.72231 -0.563598 15.9
      vertex 4.2 0 15.9
    endloop
  endfacet
  facet normal 0 0 1
    outer loop
      vertex 4.01915 1.2192 15.9
      vertex 5.50241 1.66914 15.9
      vertex 5.31231 2.20043 15.9
    endloop
  endfacet
  facet normal 0 0 1
    outer loop
      vertex 5.72231 -0.563598 15.9
      vertex 4.17978 -0.411672 15.9
      vertex 5.63951 -1.12177 15.9
    endloop
  endfacet
  facet normal 0 0 1
    outer loop
      vertex 3.88029 1.60727 15.9
      vertex 5.31231 2.20043 15.9
      vertex 5.07105 2.71053 15.9
    endloop
  endfacet
  facet normal -0 0 1
    outer loop
      vertex 4.1193 -0.819379 15.9
      vertex 5.63951 -1.12177 15.9
      vertex 4.17978 -0.411672 15.9
    endloop
  endfacet
  facet normal 0 0 1
    outer loop
      vertex 3.70407 1.97987 15.9
      vertex 5.07105 2.71053 15.9
      vertex 4.78095 3.19453 15.9
    endloop
  endfacet
  facet normal 0 0 1
    outer loop
      vertex 5.63951 -1.12177 15.9
      vertex 4.1193 -0.819379 15.9
      vertex 5.50241 -1.66914 15.9
    endloop
  endfacet
  facet normal 0 0 1
    outer loop
      vertex 3.49217 2.33339 15.9
      vertex 4.78095 3.19453 15.9
      vertex 4.44481 3.64776 15.9
    endloop
  endfacet
  facet normal -0 0 1
    outer loop
      vertex 4.01915 -1.2192 15.9
      vertex 5.50241 -1.66914 15.9
      vertex 4.1193 -0.819379 15.9
    endloop
  endfacet
  facet normal 0 0 1
    outer loop
      vertex 5.50241 -1.66914 15.9
      vertex 4.01915 -1.2192 15.9
      vertex 5.31231 -2.20043 15.9
    endloop
  endfacet
  facet normal 0 0 1
    outer loop
      vertex 5.72231 0.563598 15.9
      vertex 4.17978 0.411672 15.9
      vertex 4.2 0 15.9
    endloop
  endfacet
  facet normal 0 0 1
    outer loop
      vertex 5.63951 1.12177 15.9
      vertex 4.1193 0.819379 15.9
      vertex 4.17978 0.411672 15.9
    endloop
  endfacet
  facet normal 0 0 1
    outer loop
      vertex 3.24664 2.66445 15.9
      vertex 4.44481 3.64776 15.9
      vertex 4.06586 4.06586 15.9
    endloop
  endfacet
  facet normal 0 0 1
    outer loop
      vertex 5.50241 1.66914 15.9
      vertex 4.01915 1.2192 15.9
      vertex 4.1193 0.819379 15.9
    endloop
  endfacet
  facet normal 0 0 1
    outer loop
      vertex 5.31231 2.20043 15.9
      vertex 3.88029 1.60727 15.9
      vertex 4.01915 1.2192 15.9
    endloop
  endfacet
  facet normal 0 0 1
    outer loop
      vertex 5.07105 2.71053 15.9
      vertex 3.70407 1.97987 15.9
      vertex 3.88029 1.60727 15.9
    endloop
  endfacet
  facet normal 0 0 1
    outer loop
      vertex 2.96985 2.96985 15.9
      vertex 4.06586 4.06586 15.9
      vertex 3.64776 4.44481 15.9
    endloop
  endfacet
  facet normal 0 0 1
    outer loop
      vertex 4.78095 3.19453 15.9
      vertex 3.49217 2.33339 15.9
      vertex 3.70407 1.97987 15.9
    endloop
  endfacet
  facet normal 0 0 1
    outer loop
      vertex 4.44481 3.64776 15.9
      vertex 3.24664 2.66445 15.9
      vertex 3.49217 2.33339 15.9
    endloop
  endfacet
  facet normal 0 0 1
    outer loop
      vertex 2.66445 3.24664 15.9
      vertex 3.64776 4.44481 15.9
      vertex 3.19453 4.78095 15.9
    endloop
  endfacet
  facet normal 0 0 1
    outer loop
      vertex 4.06586 4.06586 15.9
      vertex 2.96985 2.96985 15.9
      vertex 3.24664 2.66445 15.9
    endloop
  endfacet
  facet normal 0 0 1
    outer loop
      vertex 2.33339 3.49217 15.9
      vertex 3.19453 4.78095 15.9
      vertex 2.71053 5.07105 15.9
    endloop
  endfacet
  facet normal 0 0 1
    outer loop
      vertex 3.64776 4.44481 15.9
      vertex 2.66445 3.24664 15.9
      vertex 2.96985 2.96985 15.9
    endloop
  endfacet
  facet normal 0 0 1
    outer loop
      vertex 3.19453 4.78095 15.9
      vertex 2.33339 3.49217 15.9
      vertex 2.66445 3.24664 15.9
    endloop
  endfacet
  facet normal 0 0 1
    outer loop
      vertex 1.97987 3.70407 15.9
      vertex 2.71053 5.07105 15.9
      vertex 2.20043 5.31231 15.9
    endloop
  endfacet
  facet normal 0 0 1
    outer loop
      vertex 2.71053 5.07105 15.9
      vertex 1.97987 3.70407 15.9
      vertex 2.33339 3.49217 15.9
    endloop
  endfacet
  facet normal 0 0 1
    outer loop
      vertex 1.60727 3.88029 15.9
      vertex 2.20043 5.31231 15.9
      vertex 1.66914 5.50241 15.9
    endloop
  endfacet
  facet normal 0 0 1
    outer loop
      vertex 2.20043 5.31231 15.9
      vertex 1.60727 3.88029 15.9
      vertex 1.97987 3.70407 15.9
    endloop
  endfacet
  facet normal 0 0 1
    outer loop
      vertex 1.66914 5.50241 15.9
      vertex 1.2192 4.01915 15.9
      vertex 1.60727 3.88029 15.9
    endloop
  endfacet
  facet normal 0 0 1
    outer loop
      vertex 1.12177 5.63951 15.9
      vertex 1.2192 4.01915 15.9
      vertex 1.66914 5.50241 15.9
    endloop
  endfacet
  facet normal 0 0 1
    outer loop
      vertex 1.12177 5.63951 15.9
      vertex 0.819379 4.1193 15.9
      vertex 1.2192 4.01915 15.9
    endloop
  endfacet
  facet normal 0 0 1
    outer loop
      vertex 0.563598 5.72231 15.9
      vertex 0.819379 4.1193 15.9
      vertex 1.12177 5.63951 15.9
    endloop
  endfacet
  facet normal 0 0 1
    outer loop
      vertex 0.563598 5.72231 15.9
      vertex 0.411672 4.17978 15.9
      vertex 0.819379 4.1193 15.9
    endloop
  endfacet
  facet normal 0 0 1
    outer loop
      vertex 0 5.75 15.9
      vertex 0.411672 4.17978 15.9
      vertex 0.563598 5.72231 15.9
    endloop
  endfacet
  facet normal 0 0 1
    outer loop
      vertex 0 5.75 15.9
      vertex 0 4.2 15.9
      vertex 0.411672 4.17978 15.9
    endloop
  endfacet
  facet normal 0 0 1
    outer loop
      vertex 0 5.75 15.9
      vertex -0.411672 4.17978 15.9
      vertex 0 4.2 15.9
    endloop
  endfacet
  facet normal -0 0 1
    outer loop
      vertex -0.563598 5.72231 15.9
      vertex -0.411672 4.17978 15.9
      vertex 0 5.75 15.9
    endloop
  endfacet
  facet normal 0 0 1
    outer loop
      vertex -0.563598 5.72231 15.9
      vertex -0.819379 4.1193 15.9
      vertex -0.411672 4.17978 15.9
    endloop
  endfacet
  facet normal -0 0 1
    outer loop
      vertex -1.12177 5.63951 15.9
      vertex -0.819379 4.1193 15.9
      vertex -0.563598 5.72231 15.9
    endloop
  endfacet
  facet normal 0 0 1
    outer loop
      vertex -1.12177 5.63951 15.9
      vertex -1.2192 4.01915 15.9
      vertex -0.819379 4.1193 15.9
    endloop
  endfacet
  facet normal -0 0 1
    outer loop
      vertex -1.66914 5.50241 15.9
      vertex -1.2192 4.01915 15.9
      vertex -1.12177 5.63951 15.9
    endloop
  endfacet
  facet normal 0 0 1
    outer loop
      vertex -1.2192 4.01915 15.9
      vertex -1.66914 5.50241 15.9
      vertex -1.60727 3.88029 15.9
    endloop
  endfacet
  facet normal -0 0 1
    outer loop
      vertex -2.20043 5.31231 15.9
      vertex -1.60727 3.88029 15.9
      vertex -1.66914 5.50241 15.9
    endloop
  endfacet
  facet normal 0 0 1
    outer loop
      vertex -1.60727 3.88029 15.9
      vertex -2.20043 5.31231 15.9
      vertex -1.97987 3.70407 15.9
    endloop
  endfacet
  facet normal -0 0 1
    outer loop
      vertex -2.71053 5.07105 15.9
      vertex -1.97987 3.70407 15.9
      vertex -2.20043 5.31231 15.9
    endloop
  endfacet
  facet normal 0 0 1
    outer loop
      vertex -1.97987 3.70407 15.9
      vertex -2.71053 5.07105 15.9
      vertex -2.33339 3.49217 15.9
    endloop
  endfacet
  facet normal -0 0 1
    outer loop
      vertex -3.19453 4.78095 15.9
      vertex -2.33339 3.49217 15.9
      vertex -2.71053 5.07105 15.9
    endloop
  endfacet
  facet normal 0 0 1
    outer loop
      vertex -2.33339 3.49217 15.9
      vertex -3.19453 4.78095 15.9
      vertex -2.66445 3.24664 15.9
    endloop
  endfacet
  facet normal -0 0 1
    outer loop
      vertex -3.64776 4.44481 15.9
      vertex -2.66445 3.24664 15.9
      vertex -3.19453 4.78095 15.9
    endloop
  endfacet
  facet normal 0 0 1
    outer loop
      vertex -2.66445 3.24664 15.9
      vertex -3.64776 4.44481 15.9
      vertex -2.96985 2.96985 15.9
    endloop
  endfacet
  facet normal -0 0 1
    outer loop
      vertex -4.06586 4.06586 15.9
      vertex -2.96985 2.96985 15.9
      vertex -3.64776 4.44481 15.9
    endloop
  endfacet
  facet normal 0 0 1
    outer loop
      vertex -2.96985 2.96985 15.9
      vertex -4.06586 4.06586 15.9
      vertex -3.24664 2.66445 15.9
    endloop
  endfacet
  facet normal -0 0 1
    outer loop
      vertex -4.44481 3.64776 15.9
      vertex -3.24664 2.66445 15.9
      vertex -4.06586 4.06586 15.9
    endloop
  endfacet
  facet normal 0 0 1
    outer loop
      vertex -3.24664 2.66445 15.9
      vertex -4.44481 3.64776 15.9
      vertex -3.49217 2.33339 15.9
    endloop
  endfacet
  facet normal -0 0 1
    outer loop
      vertex -4.78095 3.19453 15.9
      vertex -3.49217 2.33339 15.9
      vertex -4.44481 3.64776 15.9
    endloop
  endfacet
  facet normal 0 0 1
    outer loop
      vertex -3.49217 2.33339 15.9
      vertex -4.78095 3.19453 15.9
      vertex -3.70407 1.97987 15.9
    endloop
  endfacet
  facet normal -0 0 1
    outer loop
      vertex -5.07105 2.71053 15.9
      vertex -3.70407 1.97987 15.9
      vertex -4.78095 3.19453 15.9
    endloop
  endfacet
  facet normal 0 0 1
    outer loop
      vertex -3.70407 1.97987 15.9
      vertex -5.07105 2.71053 15.9
      vertex -3.88029 1.60727 15.9
    endloop
  endfacet
  facet normal -0 0 1
    outer loop
      vertex -5.31231 2.20043 15.9
      vertex -3.88029 1.60727 15.9
      vertex -5.07105 2.71053 15.9
    endloop
  endfacet
  facet normal 0 0 1
    outer loop
      vertex -3.88029 1.60727 15.9
      vertex -5.31231 2.20043 15.9
      vertex -4.01915 1.2192 15.9
    endloop
  endfacet
  facet normal -0 0 1
    outer loop
      vertex 3.88029 -1.60727 15.9
      vertex 5.31231 -2.20043 15.9
      vertex 4.01915 -1.2192 15.9
    endloop
  endfacet
  facet normal 0 0 1
    outer loop
      vertex 5.31231 -2.20043 15.9
      vertex 3.88029 -1.60727 15.9
      vertex 5.07105 -2.71053 15.9
    endloop
  endfacet
  facet normal -0 0 1
    outer loop
      vertex 3.70407 -1.97987 15.9
      vertex 5.07105 -2.71053 15.9
      vertex 3.88029 -1.60727 15.9
    endloop
  endfacet
  facet normal 0 0 1
    outer loop
      vertex 5.07105 -2.71053 15.9
      vertex 3.70407 -1.97987 15.9
      vertex 4.78095 -3.19453 15.9
    endloop
  endfacet
  facet normal -0 0 1
    outer loop
      vertex 3.49217 -2.33339 15.9
      vertex 4.78095 -3.19453 15.9
      vertex 3.70407 -1.97987 15.9
    endloop
  endfacet
  facet normal 0 0 1
    outer loop
      vertex 4.78095 -3.19453 15.9
      vertex 3.49217 -2.33339 15.9
      vertex 4.44481 -3.64776 15.9
    endloop
  endfacet
  facet normal -0 0 1
    outer loop
      vertex 3.24664 -2.66445 15.9
      vertex 4.44481 -3.64776 15.9
      vertex 3.49217 -2.33339 15.9
    endloop
  endfacet
  facet normal 0 0 1
    outer loop
      vertex 4.44481 -3.64776 15.9
      vertex 3.24664 -2.66445 15.9
      vertex 4.06586 -4.06586 15.9
    endloop
  endfacet
  facet normal -0 0 1
    outer loop
      vertex 2.96985 -2.96985 15.9
      vertex 4.06586 -4.06586 15.9
      vertex 3.24664 -2.66445 15.9
    endloop
  endfacet
  facet normal 0 0 1
    outer loop
      vertex 4.06586 -4.06586 15.9
      vertex 2.96985 -2.96985 15.9
      vertex 3.64776 -4.44481 15.9
    endloop
  endfacet
  facet normal -0 0 1
    outer loop
      vertex 2.66445 -3.24664 15.9
      vertex 3.64776 -4.44481 15.9
      vertex 2.96985 -2.96985 15.9
    endloop
  endfacet
  facet normal 0 0 1
    outer loop
      vertex 3.64776 -4.44481 15.9
      vertex 2.66445 -3.24664 15.9
      vertex 3.19453 -4.78095 15.9
    endloop
  endfacet
  facet normal -0 0 1
    outer loop
      vertex 2.33339 -3.49217 15.9
      vertex 3.19453 -4.78095 15.9
      vertex 2.66445 -3.24664 15.9
    endloop
  endfacet
  facet normal 0 0 1
    outer loop
      vertex 3.19453 -4.78095 15.9
      vertex 2.33339 -3.49217 15.9
      vertex 2.71053 -5.07105 15.9
    endloop
  endfacet
  facet normal -0 0 1
    outer loop
      vertex 1.97987 -3.70407 15.9
      vertex 2.71053 -5.07105 15.9
      vertex 2.33339 -3.49217 15.9
    endloop
  endfacet
  facet normal 0 0 1
    outer loop
      vertex 2.71053 -5.07105 15.9
      vertex 1.97987 -3.70407 15.9
      vertex 2.20043 -5.31231 15.9
    endloop
  endfacet
  facet normal -0 0 1
    outer loop
      vertex 1.60727 -3.88029 15.9
      vertex 2.20043 -5.31231 15.9
      vertex 1.97987 -3.70407 15.9
    endloop
  endfacet
  facet normal 0 0 1
    outer loop
      vertex 2.20043 -5.31231 15.9
      vertex 1.60727 -3.88029 15.9
      vertex 1.66914 -5.50241 15.9
    endloop
  endfacet
  facet normal -0 0 1
    outer loop
      vertex 1.2192 -4.01915 15.9
      vertex 1.66914 -5.50241 15.9
      vertex 1.60727 -3.88029 15.9
    endloop
  endfacet
  facet normal 0 0 1
    outer loop
      vertex 1.2192 -4.01915 15.9
      vertex 1.12177 -5.63951 15.9
      vertex 1.66914 -5.50241 15.9
    endloop
  endfacet
  facet normal -0 0 1
    outer loop
      vertex 0.819379 -4.1193 15.9
      vertex 1.12177 -5.63951 15.9
      vertex 1.2192 -4.01915 15.9
    endloop
  endfacet
  facet normal 0 0 1
    outer loop
      vertex 0.819379 -4.1193 15.9
      vertex 0.563598 -5.72231 15.9
      vertex 1.12177 -5.63951 15.9
    endloop
  endfacet
  facet normal -0 0 1
    outer loop
      vertex 0.411672 -4.17978 15.9
      vertex 0.563598 -5.72231 15.9
      vertex 0.819379 -4.1193 15.9
    endloop
  endfacet
  facet normal -0 0 1
    outer loop
      vertex 0 -4.2 15.9
      vertex 0.563598 -5.72231 15.9
      vertex 0.411672 -4.17978 15.9
    endloop
  endfacet
  facet normal 0 0 1
    outer loop
      vertex 0 -4.2 15.9
      vertex 0 -5.75 15.9
      vertex 0.563598 -5.72231 15.9
    endloop
  endfacet
  facet normal 0 0 1
    outer loop
      vertex -0.411672 -4.17978 15.9
      vertex 0 -5.75 15.9
      vertex 0 -4.2 15.9
    endloop
  endfacet
  facet normal 0 0 1
    outer loop
      vertex -0.411672 -4.17978 15.9
      vertex -0.563598 -5.72231 15.9
      vertex 0 -5.75 15.9
    endloop
  endfacet
  facet normal 0 0 1
    outer loop
      vertex -0.819379 -4.1193 15.9
      vertex -0.563598 -5.72231 15.9
      vertex -0.411672 -4.17978 15.9
    endloop
  endfacet
  facet normal 0 0 1
    outer loop
      vertex -0.819379 -4.1193 15.9
      vertex -1.12177 -5.63951 15.9
      vertex -0.563598 -5.72231 15.9
    endloop
  endfacet
  facet normal 0 0 1
    outer loop
      vertex -1.2192 -4.01915 15.9
      vertex -1.12177 -5.63951 15.9
      vertex -0.819379 -4.1193 15.9
    endloop
  endfacet
  facet normal 0 0 1
    outer loop
      vertex -1.66914 -5.50241 15.9
      vertex -1.2192 -4.01915 15.9
      vertex -1.60727 -3.88029 15.9
    endloop
  endfacet
  facet normal 0 0 1
    outer loop
      vertex -1.2192 -4.01915 15.9
      vertex -1.66914 -5.50241 15.9
      vertex -1.12177 -5.63951 15.9
    endloop
  endfacet
  facet normal 0 0 1
    outer loop
      vertex -2.20043 -5.31231 15.9
      vertex -1.60727 -3.88029 15.9
      vertex -1.97987 -3.70407 15.9
    endloop
  endfacet
  facet normal 0 0 1
    outer loop
      vertex -1.60727 -3.88029 15.9
      vertex -2.20043 -5.31231 15.9
      vertex -1.66914 -5.50241 15.9
    endloop
  endfacet
  facet normal 0 0 1
    outer loop
      vertex -2.71053 -5.07105 15.9
      vertex -1.97987 -3.70407 15.9
      vertex -2.33339 -3.49217 15.9
    endloop
  endfacet
  facet normal 0 0 1
    outer loop
      vertex -3.19453 -4.78095 15.9
      vertex -2.33339 -3.49217 15.9
      vertex -2.66445 -3.24664 15.9
    endloop
  endfacet
  facet normal 0 0 1
    outer loop
      vertex -1.97987 -3.70407 15.9
      vertex -2.71053 -5.07105 15.9
      vertex -2.20043 -5.31231 15.9
    endloop
  endfacet
  facet normal 0 0 1
    outer loop
      vertex -3.64776 -4.44481 15.9
      vertex -2.66445 -3.24664 15.9
      vertex -2.96985 -2.96985 15.9
    endloop
  endfacet
  facet normal 0 0 1
    outer loop
      vertex -2.33339 -3.49217 15.9
      vertex -3.19453 -4.78095 15.9
      vertex -2.71053 -5.07105 15.9
    endloop
  endfacet
  facet normal 0 0 1
    outer loop
      vertex -4.06586 -4.06586 15.9
      vertex -2.96985 -2.96985 15.9
      vertex -3.24664 -2.66445 15.9
    endloop
  endfacet
  facet normal 0 0 1
    outer loop
      vertex -4.44481 -3.64776 15.9
      vertex -3.24664 -2.66445 15.9
      vertex -3.49217 -2.33339 15.9
    endloop
  endfacet
  facet normal 0 0 1
    outer loop
      vertex -2.66445 -3.24664 15.9
      vertex -3.64776 -4.44481 15.9
      vertex -3.19453 -4.78095 15.9
    endloop
  endfacet
  facet normal 0 0 1
    outer loop
      vertex -4.78095 -3.19453 15.9
      vertex -3.49217 -2.33339 15.9
      vertex -3.70407 -1.97987 15.9
    endloop
  endfacet
  facet normal 0 0 1
    outer loop
      vertex -5.07105 -2.71053 15.9
      vertex -3.70407 -1.97987 15.9
      vertex -3.88029 -1.60727 15.9
    endloop
  endfacet
  facet normal 0 0 1
    outer loop
      vertex -5.31231 -2.20043 15.9
      vertex -3.88029 -1.60727 15.9
      vertex -4.01915 -1.2192 15.9
    endloop
  endfacet
  facet normal 0 0 1
    outer loop
      vertex -2.96985 -2.96985 15.9
      vertex -4.06586 -4.06586 15.9
      vertex -3.64776 -4.44481 15.9
    endloop
  endfacet
  facet normal 0 0 1
    outer loop
      vertex -5.50241 -1.66914 15.9
      vertex -4.01915 -1.2192 15.9
      vertex -4.1193 -0.819379 15.9
    endloop
  endfacet
  facet normal 0 0 1
    outer loop
      vertex -5.63951 -1.12177 15.9
      vertex -4.1193 -0.819379 15.9
      vertex -4.17978 -0.411672 15.9
    endloop
  endfacet
  facet normal 0 0 1
    outer loop
      vertex -5.72231 -0.563598 15.9
      vertex -4.17978 -0.411672 15.9
      vertex -4.2 0 15.9
    endloop
  endfacet
  facet normal -0 0 1
    outer loop
      vertex -5.50241 1.66914 15.9
      vertex -4.01915 1.2192 15.9
      vertex -5.31231 2.20043 15.9
    endloop
  endfacet
  facet normal 0 0 1
    outer loop
      vertex -3.24664 -2.66445 15.9
      vertex -4.44481 -3.64776 15.9
      vertex -4.06586 -4.06586 15.9
    endloop
  endfacet
  facet normal 0 0 1
    outer loop
      vertex -4.01915 1.2192 15.9
      vertex -5.50241 1.66914 15.9
      vertex -4.1193 0.819379 15.9
    endloop
  endfacet
  facet normal 0 0 1
    outer loop
      vertex -3.49217 -2.33339 15.9
      vertex -4.78095 -3.19453 15.9
      vertex -4.44481 -3.64776 15.9
    endloop
  endfacet
  facet normal -0 0 1
    outer loop
      vertex -5.63951 1.12177 15.9
      vertex -4.1193 0.819379 15.9
      vertex -5.50241 1.66914 15.9
    endloop
  endfacet
  facet normal 0 0 1
    outer loop
      vertex -3.70407 -1.97987 15.9
      vertex -5.07105 -2.71053 15.9
      vertex -4.78095 -3.19453 15.9
    endloop
  endfacet
  facet normal 0 0 1
    outer loop
      vertex -4.1193 0.819379 15.9
      vertex -5.63951 1.12177 15.9
      vertex -4.17978 0.411672 15.9
    endloop
  endfacet
  facet normal 0 0 1
    outer loop
      vertex -3.88029 -1.60727 15.9
      vertex -5.31231 -2.20043 15.9
      vertex -5.07105 -2.71053 15.9
    endloop
  endfacet
  facet normal -0 0 1
    outer loop
      vertex -5.72231 0.563598 15.9
      vertex -4.17978 0.411672 15.9
      vertex -5.63951 1.12177 15.9
    endloop
  endfacet
  facet normal 0 0 1
    outer loop
      vertex -4.01915 -1.2192 15.9
      vertex -5.50241 -1.66914 15.9
      vertex -5.31231 -2.20043 15.9
    endloop
  endfacet
  facet normal 0 0 1
    outer loop
      vertex -4.17978 0.411672 15.9
      vertex -5.72231 0.563598 15.9
      vertex -4.2 0 15.9
    endloop
  endfacet
  facet normal 0 0 1
    outer loop
      vertex -4.1193 -0.819379 15.9
      vertex -5.63951 -1.12177 15.9
      vertex -5.50241 -1.66914 15.9
    endloop
  endfacet
  facet normal 0 0 1
    outer loop
      vertex -5.75 0 15.9
      vertex -4.2 0 15.9
      vertex -5.72231 0.563598 15.9
    endloop
  endfacet
  facet normal 0 0 1
    outer loop
      vertex -4.17978 -0.411672 15.9
      vertex -5.72231 -0.563598 15.9
      vertex -5.63951 -1.12177 15.9
    endloop
  endfacet
  facet normal 0 0 1
    outer loop
      vertex -4.2 0 15.9
      vertex -5.75 0 15.9
      vertex -5.72231 -0.563598 15.9
    endloop
  endfacet
  facet normal -0.514105 0.857727 0
    outer loop
      vertex -2.71053 5.07105 0
      vertex -3.19453 4.78095 15.9
      vertex -2.71053 5.07105 15.9
    endloop
  endfacet
  facet normal -0.514105 0.857727 0
    outer loop
      vertex -3.19453 4.78095 15.9
      vertex -2.71053 5.07105 0
      vertex -3.19453 4.78095 0
    endloop
  endfacet
  facet normal -0.427556 0.903989 0
    outer loop
      vertex -2.20043 5.31231 0
      vertex -2.71053 5.07105 15.9
      vertex -2.20043 5.31231 15.9
    endloop
  endfacet
  facet normal -0.427556 0.903989 0
    outer loop
      vertex -2.71053 5.07105 15.9
      vertex -2.20043 5.31231 0
      vertex -2.71053 5.07105 0
    endloop
  endfacet
  facet normal -0.595701 0.803206 0
    outer loop
      vertex -3.19453 4.78095 0
      vertex -3.64776 4.44481 15.9
      vertex -3.19453 4.78095 15.9
    endloop
  endfacet
  facet normal -0.595701 0.803206 0
    outer loop
      vertex -3.64776 4.44481 15.9
      vertex -3.19453 4.78095 0
      vertex -3.64776 4.44481 0
    endloop
  endfacet
  facet normal -0.242965 0.970035 0
    outer loop
      vertex -1.12177 5.63951 0
      vertex -1.66914 5.50241 15.9
      vertex -1.12177 5.63951 15.9
    endloop
  endfacet
  facet normal -0.242965 0.970035 0
    outer loop
      vertex -1.66914 5.50241 15.9
      vertex -1.12177 5.63951 0
      vertex -1.66914 5.50241 0
    endloop
  endfacet
  facet normal -0.0490716 0.998795 0
    outer loop
      vertex 0 5.75 0
      vertex -0.563598 5.72231 15.9
      vertex 0 5.75 15.9
    endloop
  endfacet
  facet normal -0.0490716 0.998795 0
    outer loop
      vertex -0.563598 5.72231 15.9
      vertex 0 5.75 0
      vertex -0.563598 5.72231 0
    endloop
  endfacet
  facet normal 0.998795 -0.0490716 0
    outer loop
      vertex 5.72231 -0.563598 15.9
      vertex 5.75 0 0
      vertex 5.75 0 15.9
    endloop
  endfacet
  facet normal 0.998795 -0.0490716 0
    outer loop
      vertex 5.75 0 0
      vertex 5.72231 -0.563598 15.9
      vertex 5.72231 -0.563598 0
    endloop
  endfacet
  facet normal 0.0490716 -0.998795 0
    outer loop
      vertex 0 -5.75 0
      vertex 0.563598 -5.72231 15.9
      vertex 0 -5.75 15.9
    endloop
  endfacet
  facet normal 0.0490716 -0.998795 0
    outer loop
      vertex 0.563598 -5.72231 15.9
      vertex 0 -5.75 0
      vertex 0.563598 -5.72231 0
    endloop
  endfacet
  facet normal 0.242965 -0.970035 0
    outer loop
      vertex 1.12177 -5.63951 0
      vertex 1.66914 -5.50241 15.9
      vertex 1.12177 -5.63951 15.9
    endloop
  endfacet
  facet normal 0.242965 -0.970035 0
    outer loop
      vertex 1.66914 -5.50241 15.9
      vertex 1.12177 -5.63951 0
      vertex 1.66914 -5.50241 0
    endloop
  endfacet
  facet normal 0.671565 -0.740946 0
    outer loop
      vertex 3.64776 -4.44481 0
      vertex 4.06586 -4.06586 15.9
      vertex 3.64776 -4.44481 15.9
    endloop
  endfacet
  facet normal 0.671565 -0.740946 0
    outer loop
      vertex 4.06586 -4.06586 15.9
      vertex 3.64776 -4.44481 0
      vertex 4.06586 -4.06586 0
    endloop
  endfacet
  facet normal 0.514105 -0.857727 0
    outer loop
      vertex 2.71053 -5.07105 0
      vertex 3.19453 -4.78095 15.9
      vertex 2.71053 -5.07105 15.9
    endloop
  endfacet
  facet normal 0.514105 -0.857727 0
    outer loop
      vertex 3.19453 -4.78095 15.9
      vertex 2.71053 -5.07105 0
      vertex 3.19453 -4.78095 0
    endloop
  endfacet
  facet normal 0.803206 -0.595701 0
    outer loop
      vertex 4.44481 -3.64776 15.9
      vertex 4.78095 -3.19453 0
      vertex 4.78095 -3.19453 15.9
    endloop
  endfacet
  facet normal 0.803206 -0.595701 0
    outer loop
      vertex 4.78095 -3.19453 0
      vertex 4.44481 -3.64776 15.9
      vertex 4.44481 -3.64776 0
    endloop
  endfacet
  facet normal 0.903989 -0.427556 0
    outer loop
      vertex 5.07105 -2.71053 15.9
      vertex 5.31231 -2.20043 0
      vertex 5.31231 -2.20043 15.9
    endloop
  endfacet
  facet normal 0.903989 -0.427556 0
    outer loop
      vertex 5.31231 -2.20043 0
      vertex 5.07105 -2.71053 15.9
      vertex 5.07105 -2.71053 0
    endloop
  endfacet
  facet normal -0.671565 -0.740946 0
    outer loop
      vertex -4.06586 -4.06586 0
      vertex -3.64776 -4.44481 15.9
      vertex -4.06586 -4.06586 15.9
    endloop
  endfacet
  facet normal -0.671565 -0.740946 -0
    outer loop
      vertex -3.64776 -4.44481 15.9
      vertex -4.06586 -4.06586 0
      vertex -3.64776 -4.44481 0
    endloop
  endfacet
  facet normal -0.514105 -0.857727 0
    outer loop
      vertex -3.19453 -4.78095 0
      vertex -2.71053 -5.07105 15.9
      vertex -3.19453 -4.78095 15.9
    endloop
  endfacet
  facet normal -0.514105 -0.857727 -0
    outer loop
      vertex -2.71053 -5.07105 15.9
      vertex -3.19453 -4.78095 0
      vertex -2.71053 -5.07105 0
    endloop
  endfacet
  facet normal -0.336892 -0.941543 0
    outer loop
      vertex -2.20043 -5.31231 0
      vertex -1.66914 -5.50241 15.9
      vertex -2.20043 -5.31231 15.9
    endloop
  endfacet
  facet normal -0.336892 -0.941543 -0
    outer loop
      vertex -1.66914 -5.50241 15.9
      vertex -2.20043 -5.31231 0
      vertex -1.66914 -5.50241 0
    endloop
  endfacet
  facet normal -0.146736 -0.989176 0
    outer loop
      vertex -1.12177 -5.63951 0
      vertex -0.563598 -5.72231 15.9
      vertex -1.12177 -5.63951 15.9
    endloop
  endfacet
  facet normal -0.146736 -0.989176 -0
    outer loop
      vertex -0.563598 -5.72231 15.9
      vertex -1.12177 -5.63951 0
      vertex -0.563598 -5.72231 0
    endloop
  endfacet
  facet normal -0.903989 -0.427556 0
    outer loop
      vertex -5.07105 -2.71053 0
      vertex -5.31231 -2.20043 15.9
      vertex -5.31231 -2.20043 0
    endloop
  endfacet
  facet normal -0.903989 -0.427556 0
    outer loop
      vertex -5.31231 -2.20043 15.9
      vertex -5.07105 -2.71053 0
      vertex -5.07105 -2.71053 15.9
    endloop
  endfacet
  facet normal -0.803206 -0.595701 0
    outer loop
      vertex -4.44481 -3.64776 0
      vertex -4.78095 -3.19453 15.9
      vertex -4.78095 -3.19453 0
    endloop
  endfacet
  facet normal -0.803206 -0.595701 0
    outer loop
      vertex -4.78095 -3.19453 15.9
      vertex -4.44481 -3.64776 0
      vertex -4.44481 -3.64776 15.9
    endloop
  endfacet
  facet normal -0.970035 -0.242965 0
    outer loop
      vertex -5.50241 -1.66914 0
      vertex -5.63951 -1.12177 15.9
      vertex -5.63951 -1.12177 0
    endloop
  endfacet
  facet normal -0.970035 -0.242965 0
    outer loop
      vertex -5.63951 -1.12177 15.9
      vertex -5.50241 -1.66914 0
      vertex -5.50241 -1.66914 15.9
    endloop
  endfacet
  facet normal -0.998795 -0.0490716 0
    outer loop
      vertex -5.72231 -0.563598 0
      vertex -5.75 0 15.9
      vertex -5.75 0 0
    endloop
  endfacet
  facet normal -0.998795 -0.0490716 0
    outer loop
      vertex -5.75 0 15.9
      vertex -5.72231 -0.563598 0
      vertex -5.72231 -0.563598 15.9
    endloop
  endfacet
  facet normal 0.146736 -0.989176 0
    outer loop
      vertex 0.563598 -5.72231 0
      vertex 1.12177 -5.63951 15.9
      vertex 0.563598 -5.72231 15.9
    endloop
  endfacet
  facet normal 0.146736 -0.989176 0
    outer loop
      vertex 1.12177 -5.63951 15.9
      vertex 0.563598 -5.72231 0
      vertex 1.12177 -5.63951 0
    endloop
  endfacet
  facet normal 0.336892 -0.941543 0
    outer loop
      vertex 1.66914 -5.50241 0
      vertex 2.20043 -5.31231 15.9
      vertex 1.66914 -5.50241 15.9
    endloop
  endfacet
  facet normal 0.336892 -0.941543 0
    outer loop
      vertex 2.20043 -5.31231 15.9
      vertex 1.66914 -5.50241 0
      vertex 2.20043 -5.31231 0
    endloop
  endfacet
  facet normal 0.740946 -0.671565 0
    outer loop
      vertex 4.06586 -4.06586 15.9
      vertex 4.44481 -3.64776 0
      vertex 4.44481 -3.64776 15.9
    endloop
  endfacet
  facet normal 0.740946 -0.671565 0
    outer loop
      vertex 4.44481 -3.64776 0
      vertex 4.06586 -4.06586 15.9
      vertex 4.06586 -4.06586 0
    endloop
  endfacet
  facet normal 0.595701 -0.803206 0
    outer loop
      vertex 3.19453 -4.78095 0
      vertex 3.64776 -4.44481 15.9
      vertex 3.19453 -4.78095 15.9
    endloop
  endfacet
  facet normal 0.595701 -0.803206 0
    outer loop
      vertex 3.64776 -4.44481 15.9
      vertex 3.19453 -4.78095 0
      vertex 3.64776 -4.44481 0
    endloop
  endfacet
  facet normal 0.857727 -0.514105 0
    outer loop
      vertex 4.78095 -3.19453 15.9
      vertex 5.07105 -2.71053 0
      vertex 5.07105 -2.71053 15.9
    endloop
  endfacet
  facet normal 0.857727 -0.514105 0
    outer loop
      vertex 5.07105 -2.71053 0
      vertex 4.78095 -3.19453 15.9
      vertex 4.78095 -3.19453 0
    endloop
  endfacet
  facet normal 0.941543 -0.336892 0
    outer loop
      vertex 5.31231 -2.20043 15.9
      vertex 5.50241 -1.66914 0
      vertex 5.50241 -1.66914 15.9
    endloop
  endfacet
  facet normal 0.941543 -0.336892 0
    outer loop
      vertex 5.50241 -1.66914 0
      vertex 5.31231 -2.20043 15.9
      vertex 5.31231 -2.20043 0
    endloop
  endfacet
  facet normal 0.989176 -0.146736 0
    outer loop
      vertex 5.63951 -1.12177 15.9
      vertex 5.72231 -0.563598 0
      vertex 5.72231 -0.563598 15.9
    endloop
  endfacet
  facet normal 0.989176 -0.146736 0
    outer loop
      vertex 5.72231 -0.563598 0
      vertex 5.63951 -1.12177 15.9
      vertex 5.63951 -1.12177 0
    endloop
  endfacet
  facet normal 0.970035 -0.242965 0
    outer loop
      vertex 5.50241 -1.66914 15.9
      vertex 5.63951 -1.12177 0
      vertex 5.63951 -1.12177 15.9
    endloop
  endfacet
  facet normal 0.970035 -0.242965 0
    outer loop
      vertex 5.63951 -1.12177 0
      vertex 5.50241 -1.66914 15.9
      vertex 5.50241 -1.66914 0
    endloop
  endfacet
  facet normal -0.595701 -0.803206 0
    outer loop
      vertex -3.64776 -4.44481 0
      vertex -3.19453 -4.78095 15.9
      vertex -3.64776 -4.44481 15.9
    endloop
  endfacet
  facet normal -0.595701 -0.803206 -0
    outer loop
      vertex -3.19453 -4.78095 15.9
      vertex -3.64776 -4.44481 0
      vertex -3.19453 -4.78095 0
    endloop
  endfacet
  facet normal -0.427556 -0.903989 0
    outer loop
      vertex -2.71053 -5.07105 0
      vertex -2.20043 -5.31231 15.9
      vertex -2.71053 -5.07105 15.9
    endloop
  endfacet
  facet normal -0.427556 -0.903989 -0
    outer loop
      vertex -2.20043 -5.31231 15.9
      vertex -2.71053 -5.07105 0
      vertex -2.20043 -5.31231 0
    endloop
  endfacet
  facet normal -0.242965 -0.970035 0
    outer loop
      vertex -1.66914 -5.50241 0
      vertex -1.12177 -5.63951 15.9
      vertex -1.66914 -5.50241 15.9
    endloop
  endfacet
  facet normal -0.242965 -0.970035 -0
    outer loop
      vertex -1.12177 -5.63951 15.9
      vertex -1.66914 -5.50241 0
      vertex -1.12177 -5.63951 0
    endloop
  endfacet
  facet normal -0.0490716 -0.998795 0
    outer loop
      vertex -0.563598 -5.72231 0
      vertex 0 -5.75 15.9
      vertex -0.563598 -5.72231 15.9
    endloop
  endfacet
  facet normal -0.0490716 -0.998795 -0
    outer loop
      vertex 0 -5.75 15.9
      vertex -0.563598 -5.72231 0
      vertex 0 -5.75 0
    endloop
  endfacet
  facet normal -0.857727 -0.514105 0
    outer loop
      vertex -4.78095 -3.19453 0
      vertex -5.07105 -2.71053 15.9
      vertex -5.07105 -2.71053 0
    endloop
  endfacet
  facet normal -0.857727 -0.514105 0
    outer loop
      vertex -5.07105 -2.71053 15.9
      vertex -4.78095 -3.19453 0
      vertex -4.78095 -3.19453 15.9
    endloop
  endfacet
  facet normal -0.740946 -0.671565 0
    outer loop
      vertex -4.06586 -4.06586 0
      vertex -4.44481 -3.64776 15.9
      vertex -4.44481 -3.64776 0
    endloop
  endfacet
  facet normal -0.740946 -0.671565 0
    outer loop
      vertex -4.44481 -3.64776 15.9
      vertex -4.06586 -4.06586 0
      vertex -4.06586 -4.06586 15.9
    endloop
  endfacet
  facet normal -0.941543 -0.336892 0
    outer loop
      vertex -5.31231 -2.20043 0
      vertex -5.50241 -1.66914 15.9
      vertex -5.50241 -1.66914 0
    endloop
  endfacet
  facet normal -0.941543 -0.336892 0
    outer loop
      vertex -5.50241 -1.66914 15.9
      vertex -5.31231 -2.20043 0
      vertex -5.31231 -2.20043 15.9
    endloop
  endfacet
  facet normal -0.989176 -0.146736 0
    outer loop
      vertex -5.63951 -1.12177 0
      vertex -5.72231 -0.563598 15.9
      vertex -5.72231 -0.563598 0
    endloop
  endfacet
  facet normal -0.989176 -0.146736 0
    outer loop
      vertex -5.72231 -0.563598 15.9
      vertex -5.63951 -1.12177 0
      vertex -5.63951 -1.12177 15.9
    endloop
  endfacet
  facet normal 0.427556 -0.903989 0
    outer loop
      vertex 2.20043 -5.31231 0
      vertex 2.71053 -5.07105 15.9
      vertex 2.20043 -5.31231 15.9
    endloop
  endfacet
  facet normal 0.427556 -0.903989 0
    outer loop
      vertex 2.71053 -5.07105 15.9
      vertex 2.20043 -5.31231 0
      vertex 2.71053 -5.07105 0
    endloop
  endfacet
  facet normal -0.998796 -0.0490576 0
    outer loop
      vertex 4.2 0 0
      vertex 4.17978 0.411672 15.9
      vertex 4.17978 0.411672 0
    endloop
  endfacet
  facet normal -0.998796 -0.0490576 0
    outer loop
      vertex 4.17978 0.411672 15.9
      vertex 4.2 0 0
      vertex 4.2 0 15.9
    endloop
  endfacet
  facet normal 0.998796 -0.0490576 0
    outer loop
      vertex -4.2 0 15.9
      vertex -4.17978 0.411672 0
      vertex -4.17978 0.411672 15.9
    endloop
  endfacet
  facet normal 0.998796 -0.0490576 0
    outer loop
      vertex -4.17978 0.411672 0
      vertex -4.2 0 15.9
      vertex -4.2 0 0
    endloop
  endfacet
  facet normal -0.0490576 -0.998796 0
    outer loop
      vertex 0 4.2 0
      vertex 0.411672 4.17978 15.9
      vertex 0 4.2 15.9
    endloop
  endfacet
  facet normal -0.0490576 -0.998796 -0
    outer loop
      vertex 0.411672 4.17978 15.9
      vertex 0 4.2 0
      vertex 0.411672 4.17978 0
    endloop
  endfacet
  facet normal 0.0490576 0.998796 -0
    outer loop
      vertex 0 -4.2 0
      vertex -0.411672 -4.17978 15.9
      vertex 0 -4.2 15.9
    endloop
  endfacet
  facet normal 0.0490576 0.998796 0
    outer loop
      vertex -0.411672 -4.17978 15.9
      vertex 0 -4.2 0
      vertex -0.411672 -4.17978 0
    endloop
  endfacet
  facet normal -0.671548 -0.740961 0
    outer loop
      vertex 2.66445 3.24664 0
      vertex 2.96985 2.96985 15.9
      vertex 2.66445 3.24664 15.9
    endloop
  endfacet
  facet normal -0.671548 -0.740961 -0
    outer loop
      vertex 2.96985 2.96985 15.9
      vertex 2.66445 3.24664 0
      vertex 2.96985 2.96985 0
    endloop
  endfacet
  facet normal 0.671548 -0.740961 0
    outer loop
      vertex -2.96985 2.96985 0
      vertex -2.66445 3.24664 15.9
      vertex -2.96985 2.96985 15.9
    endloop
  endfacet
  facet normal 0.671548 -0.740961 0
    outer loop
      vertex -2.66445 3.24664 15.9
      vertex -2.96985 2.96985 0
      vertex -2.66445 3.24664 0
    endloop
  endfacet
  facet normal 0.336903 -0.941539 0
    outer loop
      vertex -1.60727 3.88029 0
      vertex -1.2192 4.01915 15.9
      vertex -1.60727 3.88029 15.9
    endloop
  endfacet
  facet normal 0.336903 -0.941539 0
    outer loop
      vertex -1.2192 4.01915 15.9
      vertex -1.60727 3.88029 0
      vertex -1.2192 4.01915 0
    endloop
  endfacet
  facet normal 0.970031 0.24298 0
    outer loop
      vertex -4.01915 -1.2192 15.9
      vertex -4.1193 -0.819379 0
      vertex -4.1193 -0.819379 15.9
    endloop
  endfacet
  facet normal 0.970031 0.24298 0
    outer loop
      vertex -4.1193 -0.819379 0
      vertex -4.01915 -1.2192 15.9
      vertex -4.01915 -1.2192 0
    endloop
  endfacet
  facet normal -0.903996 -0.427542 0
    outer loop
      vertex 3.88029 1.60727 0
      vertex 3.70407 1.97987 15.9
      vertex 3.70407 1.97987 0
    endloop
  endfacet
  facet normal -0.903996 -0.427542 0
    outer loop
      vertex 3.70407 1.97987 15.9
      vertex 3.88029 1.60727 0
      vertex 3.88029 1.60727 15.9
    endloop
  endfacet
  facet normal -0.427542 -0.903996 0
    outer loop
      vertex 1.60727 3.88029 0
      vertex 1.97987 3.70407 15.9
      vertex 1.60727 3.88029 15.9
    endloop
  endfacet
  facet normal -0.427542 -0.903996 -0
    outer loop
      vertex 1.97987 3.70407 15.9
      vertex 1.60727 3.88029 0
      vertex 1.97987 3.70407 0
    endloop
  endfacet
  facet normal -0.514117 -0.85772 0
    outer loop
      vertex 1.97987 3.70407 0
      vertex 2.33339 3.49217 15.9
      vertex 1.97987 3.70407 15.9
    endloop
  endfacet
  facet normal -0.514117 -0.85772 -0
    outer loop
      vertex 2.33339 3.49217 15.9
      vertex 1.97987 3.70407 0
      vertex 2.33339 3.49217 0
    endloop
  endfacet
  facet normal 0.85772 -0.514117 0
    outer loop
      vertex -3.70407 1.97987 15.9
      vertex -3.49217 2.33339 0
      vertex -3.49217 2.33339 15.9
    endloop
  endfacet
  facet normal 0.85772 -0.514117 0
    outer loop
      vertex -3.49217 2.33339 0
      vertex -3.70407 1.97987 15.9
      vertex -3.70407 1.97987 0
    endloop
  endfacet
  facet normal 0.803208 -0.595698 0
    outer loop
      vertex -3.49217 2.33339 15.9
      vertex -3.24664 2.66445 0
      vertex -3.24664 2.66445 15.9
    endloop
  endfacet
  facet normal 0.803208 -0.595698 0
    outer loop
      vertex -3.24664 2.66445 0
      vertex -3.49217 2.33339 15.9
      vertex -3.49217 2.33339 0
    endloop
  endfacet
  facet normal 0.146736 -0.989176 0
    outer loop
      vertex -0.819379 4.1193 0
      vertex -0.411672 4.17978 15.9
      vertex -0.819379 4.1193 15.9
    endloop
  endfacet
  facet normal 0.146736 -0.989176 0
    outer loop
      vertex -0.411672 4.17978 15.9
      vertex -0.819379 4.1193 0
      vertex -0.411672 4.17978 0
    endloop
  endfacet
  facet normal -0.903996 0.427542 0
    outer loop
      vertex 3.70407 -1.97987 0
      vertex 3.88029 -1.60727 15.9
      vertex 3.88029 -1.60727 0
    endloop
  endfacet
  facet normal -0.903996 0.427542 0
    outer loop
      vertex 3.88029 -1.60727 15.9
      vertex 3.70407 -1.97987 0
      vertex 3.70407 -1.97987 15.9
    endloop
  endfacet
  facet normal -0.24298 0.970031 0
    outer loop
      vertex 1.2192 -4.01915 0
      vertex 0.819379 -4.1193 15.9
      vertex 1.2192 -4.01915 15.9
    endloop
  endfacet
  facet normal -0.24298 0.970031 0
    outer loop
      vertex 0.819379 -4.1193 15.9
      vertex 1.2192 -4.01915 0
      vertex 0.819379 -4.1193 0
    endloop
  endfacet
  facet normal -0.740961 0.671548 0
    outer loop
      vertex 2.96985 -2.96985 0
      vertex 3.24664 -2.66445 15.9
      vertex 3.24664 -2.66445 0
    endloop
  endfacet
  facet normal -0.740961 0.671548 0
    outer loop
      vertex 3.24664 -2.66445 15.9
      vertex 2.96985 -2.96985 0
      vertex 2.96985 -2.96985 15.9
    endloop
  endfacet
  facet normal -0.970031 0.24298 0
    outer loop
      vertex 4.01915 -1.2192 0
      vertex 4.1193 -0.819379 15.9
      vertex 4.1193 -0.819379 0
    endloop
  endfacet
  facet normal -0.970031 0.24298 0
    outer loop
      vertex 4.1193 -0.819379 15.9
      vertex 4.01915 -1.2192 0
      vertex 4.01915 -1.2192 15.9
    endloop
  endfacet
  facet normal 0.336903 0.941539 -0
    outer loop
      vertex -1.2192 -4.01915 0
      vertex -1.60727 -3.88029 15.9
      vertex -1.2192 -4.01915 15.9
    endloop
  endfacet
  facet normal 0.336903 0.941539 0
    outer loop
      vertex -1.60727 -3.88029 15.9
      vertex -1.2192 -4.01915 0
      vertex -1.60727 -3.88029 0
    endloop
  endfacet
  facet normal 0.740961 0.671548 0
    outer loop
      vertex -2.96985 -2.96985 15.9
      vertex -3.24664 -2.66445 0
      vertex -3.24664 -2.66445 15.9
    endloop
  endfacet
  facet normal 0.740961 0.671548 0
    outer loop
      vertex -3.24664 -2.66445 0
      vertex -2.96985 -2.96985 15.9
      vertex -2.96985 -2.96985 0
    endloop
  endfacet
  facet normal 0.803208 0.595698 0
    outer loop
      vertex -3.24664 -2.66445 15.9
      vertex -3.49217 -2.33339 0
      vertex -3.49217 -2.33339 15.9
    endloop
  endfacet
  facet normal 0.803208 0.595698 0
    outer loop
      vertex -3.49217 -2.33339 0
      vertex -3.24664 -2.66445 15.9
      vertex -3.24664 -2.66445 0
    endloop
  endfacet
  facet normal -0.970031 -0.24298 0
    outer loop
      vertex 4.1193 0.819379 0
      vertex 4.01915 1.2192 15.9
      vertex 4.01915 1.2192 0
    endloop
  endfacet
  facet normal -0.970031 -0.24298 0
    outer loop
      vertex 4.01915 1.2192 15.9
      vertex 4.1193 0.819379 0
      vertex 4.1193 0.819379 15.9
    endloop
  endfacet
  facet normal -0.989176 -0.146736 0
    outer loop
      vertex 4.17978 0.411672 0
      vertex 4.1193 0.819379 15.9
      vertex 4.1193 0.819379 0
    endloop
  endfacet
  facet normal -0.989176 -0.146736 0
    outer loop
      vertex 4.1193 0.819379 15.9
      vertex 4.17978 0.411672 0
      vertex 4.17978 0.411672 15.9
    endloop
  endfacet
  facet normal -0.941539 -0.336903 0
    outer loop
      vertex 4.01915 1.2192 0
      vertex 3.88029 1.60727 15.9
      vertex 3.88029 1.60727 0
    endloop
  endfacet
  facet normal -0.941539 -0.336903 0
    outer loop
      vertex 3.88029 1.60727 15.9
      vertex 4.01915 1.2192 0
      vertex 4.01915 1.2192 15.9
    endloop
  endfacet
  facet normal -0.803208 -0.595698 0
    outer loop
      vertex 3.49217 2.33339 0
      vertex 3.24664 2.66445 15.9
      vertex 3.24664 2.66445 0
    endloop
  endfacet
  facet normal -0.803208 -0.595698 0
    outer loop
      vertex 3.24664 2.66445 15.9
      vertex 3.49217 2.33339 0
      vertex 3.49217 2.33339 15.9
    endloop
  endfacet
  facet normal -0.740961 -0.671548 0
    outer loop
      vertex 3.24664 2.66445 0
      vertex 2.96985 2.96985 15.9
      vertex 2.96985 2.96985 0
    endloop
  endfacet
  facet normal -0.740961 -0.671548 0
    outer loop
      vertex 2.96985 2.96985 15.9
      vertex 3.24664 2.66445 0
      vertex 3.24664 2.66445 15.9
    endloop
  endfacet
  facet normal -0.85772 -0.514117 0
    outer loop
      vertex 3.70407 1.97987 0
      vertex 3.49217 2.33339 15.9
      vertex 3.49217 2.33339 0
    endloop
  endfacet
  facet normal -0.85772 -0.514117 0
    outer loop
      vertex 3.49217 2.33339 15.9
      vertex 3.70407 1.97987 0
      vertex 3.70407 1.97987 15.9
    endloop
  endfacet
  facet normal -0.24298 -0.970031 0
    outer loop
      vertex 0.819379 4.1193 0
      vertex 1.2192 4.01915 15.9
      vertex 0.819379 4.1193 15.9
    endloop
  endfacet
  facet normal -0.24298 -0.970031 -0
    outer loop
      vertex 1.2192 4.01915 15.9
      vertex 0.819379 4.1193 0
      vertex 1.2192 4.01915 0
    endloop
  endfacet
  facet normal -0.336903 -0.941539 0
    outer loop
      vertex 1.2192 4.01915 0
      vertex 1.60727 3.88029 15.9
      vertex 1.2192 4.01915 15.9
    endloop
  endfacet
  facet normal -0.336903 -0.941539 -0
    outer loop
      vertex 1.60727 3.88029 15.9
      vertex 1.2192 4.01915 0
      vertex 1.60727 3.88029 0
    endloop
  endfacet
  facet normal -0.146736 -0.989176 0
    outer loop
      vertex 0.411672 4.17978 0
      vertex 0.819379 4.1193 15.9
      vertex 0.411672 4.17978 15.9
    endloop
  endfacet
  facet normal -0.146736 -0.989176 -0
    outer loop
      vertex 0.819379 4.1193 15.9
      vertex 0.411672 4.17978 0
      vertex 0.819379 4.1193 0
    endloop
  endfacet
  facet normal -0.595698 -0.803208 0
    outer loop
      vertex 2.33339 3.49217 0
      vertex 2.66445 3.24664 15.9
      vertex 2.33339 3.49217 15.9
    endloop
  endfacet
  facet normal -0.595698 -0.803208 -0
    outer loop
      vertex 2.66445 3.24664 15.9
      vertex 2.33339 3.49217 0
      vertex 2.66445 3.24664 0
    endloop
  endfacet
  facet normal 0.970031 -0.24298 0
    outer loop
      vertex -4.1193 0.819379 15.9
      vertex -4.01915 1.2192 0
      vertex -4.01915 1.2192 15.9
    endloop
  endfacet
  facet normal 0.970031 -0.24298 0
    outer loop
      vertex -4.01915 1.2192 0
      vertex -4.1193 0.819379 15.9
      vertex -4.1193 0.819379 0
    endloop
  endfacet
  facet normal 0.903996 -0.427542 0
    outer loop
      vertex -3.88029 1.60727 15.9
      vertex -3.70407 1.97987 0
      vertex -3.70407 1.97987 15.9
    endloop
  endfacet
  facet normal 0.903996 -0.427542 0
    outer loop
      vertex -3.70407 1.97987 0
      vertex -3.88029 1.60727 15.9
      vertex -3.88029 1.60727 0
    endloop
  endfacet
  facet normal 0.941539 -0.336903 0
    outer loop
      vertex -4.01915 1.2192 15.9
      vertex -3.88029 1.60727 0
      vertex -3.88029 1.60727 15.9
    endloop
  endfacet
  facet normal 0.941539 -0.336903 0
    outer loop
      vertex -3.88029 1.60727 0
      vertex -4.01915 1.2192 15.9
      vertex -4.01915 1.2192 0
    endloop
  endfacet
  facet normal 0.989176 -0.146736 0
    outer loop
      vertex -4.17978 0.411672 15.9
      vertex -4.1193 0.819379 0
      vertex -4.1193 0.819379 15.9
    endloop
  endfacet
  facet normal 0.989176 -0.146736 0
    outer loop
      vertex -4.1193 0.819379 0
      vertex -4.17978 0.411672 15.9
      vertex -4.17978 0.411672 0
    endloop
  endfacet
  facet normal 0.514117 -0.85772 0
    outer loop
      vertex -2.33339 3.49217 0
      vertex -1.97987 3.70407 15.9
      vertex -2.33339 3.49217 15.9
    endloop
  endfacet
  facet normal 0.514117 -0.85772 0
    outer loop
      vertex -1.97987 3.70407 15.9
      vertex -2.33339 3.49217 0
      vertex -1.97987 3.70407 0
    endloop
  endfacet
  facet normal 0.0490576 -0.998796 0
    outer loop
      vertex -0.411672 4.17978 0
      vertex 0 4.2 15.9
      vertex -0.411672 4.17978 15.9
    endloop
  endfacet
  facet normal 0.0490576 -0.998796 0
    outer loop
      vertex 0 4.2 15.9
      vertex -0.411672 4.17978 0
      vertex 0 4.2 0
    endloop
  endfacet
  facet normal -0.998796 0.0490576 0
    outer loop
      vertex 4.17978 -0.411672 0
      vertex 4.2 0 15.9
      vertex 4.2 0 0
    endloop
  endfacet
  facet normal -0.998796 0.0490576 0
    outer loop
      vertex 4.2 0 15.9
      vertex 4.17978 -0.411672 0
      vertex 4.17978 -0.411672 15.9
    endloop
  endfacet
  facet normal -0.0490576 0.998796 0
    outer loop
      vertex 0.411672 -4.17978 0
      vertex 0 -4.2 15.9
      vertex 0.411672 -4.17978 15.9
    endloop
  endfacet
  facet normal -0.0490576 0.998796 0
    outer loop
      vertex 0 -4.2 15.9
      vertex 0.411672 -4.17978 0
      vertex 0 -4.2 0
    endloop
  endfacet
  facet normal -0.514117 0.85772 0
    outer loop
      vertex 2.33339 -3.49217 0
      vertex 1.97987 -3.70407 15.9
      vertex 2.33339 -3.49217 15.9
    endloop
  endfacet
  facet normal -0.514117 0.85772 0
    outer loop
      vertex 1.97987 -3.70407 15.9
      vertex 2.33339 -3.49217 0
      vertex 1.97987 -3.70407 0
    endloop
  endfacet
  facet normal -0.671548 0.740961 0
    outer loop
      vertex 2.96985 -2.96985 0
      vertex 2.66445 -3.24664 15.9
      vertex 2.96985 -2.96985 15.9
    endloop
  endfacet
  facet normal -0.671548 0.740961 0
    outer loop
      vertex 2.66445 -3.24664 15.9
      vertex 2.96985 -2.96985 0
      vertex 2.66445 -3.24664 0
    endloop
  endfacet
  facet normal -0.803208 0.595698 0
    outer loop
      vertex 3.24664 -2.66445 0
      vertex 3.49217 -2.33339 15.9
      vertex 3.49217 -2.33339 0
    endloop
  endfacet
  facet normal -0.803208 0.595698 0
    outer loop
      vertex 3.49217 -2.33339 15.9
      vertex 3.24664 -2.66445 0
      vertex 3.24664 -2.66445 15.9
    endloop
  endfacet
  facet normal -0.85772 0.514117 0
    outer loop
      vertex 3.49217 -2.33339 0
      vertex 3.70407 -1.97987 15.9
      vertex 3.70407 -1.97987 0
    endloop
  endfacet
  facet normal -0.85772 0.514117 0
    outer loop
      vertex 3.70407 -1.97987 15.9
      vertex 3.49217 -2.33339 0
      vertex 3.49217 -2.33339 15.9
    endloop
  endfacet
  facet normal 0.671548 0.740961 -0
    outer loop
      vertex -2.66445 -3.24664 0
      vertex -2.96985 -2.96985 15.9
      vertex -2.66445 -3.24664 15.9
    endloop
  endfacet
  facet normal 0.671548 0.740961 0
    outer loop
      vertex -2.96985 -2.96985 15.9
      vertex -2.66445 -3.24664 0
      vertex -2.96985 -2.96985 0
    endloop
  endfacet
  facet normal 0.595698 0.803208 -0
    outer loop
      vertex -2.33339 -3.49217 0
      vertex -2.66445 -3.24664 15.9
      vertex -2.33339 -3.49217 15.9
    endloop
  endfacet
  facet normal 0.595698 0.803208 0
    outer loop
      vertex -2.66445 -3.24664 15.9
      vertex -2.33339 -3.49217 0
      vertex -2.66445 -3.24664 0
    endloop
  endfacet
  facet normal 0.514117 0.85772 -0
    outer loop
      vertex -1.97987 -3.70407 0
      vertex -2.33339 -3.49217 15.9
      vertex -1.97987 -3.70407 15.9
    endloop
  endfacet
  facet normal 0.514117 0.85772 0
    outer loop
      vertex -2.33339 -3.49217 15.9
      vertex -1.97987 -3.70407 0
      vertex -2.33339 -3.49217 0
    endloop
  endfacet
  facet normal 0.146736 0.989176 -0
    outer loop
      vertex -0.411672 -4.17978 0
      vertex -0.819379 -4.1193 15.9
      vertex -0.411672 -4.17978 15.9
    endloop
  endfacet
  facet normal 0.146736 0.989176 0
    outer loop
      vertex -0.819379 -4.1193 15.9
      vertex -0.411672 -4.17978 0
      vertex -0.819379 -4.1193 0
    endloop
  endfacet
  facet normal 0.903996 0.427542 0
    outer loop
      vertex -3.70407 -1.97987 15.9
      vertex -3.88029 -1.60727 0
      vertex -3.88029 -1.60727 15.9
    endloop
  endfacet
  facet normal 0.903996 0.427542 0
    outer loop
      vertex -3.88029 -1.60727 0
      vertex -3.70407 -1.97987 15.9
      vertex -3.70407 -1.97987 0
    endloop
  endfacet
  facet normal 0.998796 0.0490576 0
    outer loop
      vertex -4.17978 -0.411672 15.9
      vertex -4.2 0 0
      vertex -4.2 0 15.9
    endloop
  endfacet
  facet normal 0.998796 0.0490576 0
    outer loop
      vertex -4.2 0 0
      vertex -4.17978 -0.411672 15.9
      vertex -4.17978 -0.411672 0
    endloop
  endfacet
  facet normal 0.740961 -0.671548 0
    outer loop
      vertex -3.24664 2.66445 15.9
      vertex -2.96985 2.96985 0
      vertex -2.96985 2.96985 15.9
    endloop
  endfacet
  facet normal 0.740961 -0.671548 0
    outer loop
      vertex -2.96985 2.96985 0
      vertex -3.24664 2.66445 15.9
      vertex -3.24664 2.66445 0
    endloop
  endfacet
  facet normal 0.595698 -0.803208 0
    outer loop
      vertex -2.66445 3.24664 0
      vertex -2.33339 3.49217 15.9
      vertex -2.66445 3.24664 15.9
    endloop
  endfacet
  facet normal 0.595698 -0.803208 0
    outer loop
      vertex -2.33339 3.49217 15.9
      vertex -2.66445 3.24664 0
      vertex -2.33339 3.49217 0
    endloop
  endfacet
  facet normal 0.427542 -0.903996 0
    outer loop
      vertex -1.97987 3.70407 0
      vertex -1.60727 3.88029 15.9
      vertex -1.97987 3.70407 15.9
    endloop
  endfacet
  facet normal 0.427542 -0.903996 0
    outer loop
      vertex -1.60727 3.88029 15.9
      vertex -1.97987 3.70407 0
      vertex -1.60727 3.88029 0
    endloop
  endfacet
  facet normal 0.24298 -0.970031 0
    outer loop
      vertex -1.2192 4.01915 0
      vertex -0.819379 4.1193 15.9
      vertex -1.2192 4.01915 15.9
    endloop
  endfacet
  facet normal 0.24298 -0.970031 0
    outer loop
      vertex -0.819379 4.1193 15.9
      vertex -1.2192 4.01915 0
      vertex -0.819379 4.1193 0
    endloop
  endfacet
  facet normal -0.146736 0.989176 0
    outer loop
      vertex 0.819379 -4.1193 0
      vertex 0.411672 -4.17978 15.9
      vertex 0.819379 -4.1193 15.9
    endloop
  endfacet
  facet normal -0.146736 0.989176 0
    outer loop
      vertex 0.411672 -4.17978 15.9
      vertex 0.819379 -4.1193 0
      vertex 0.411672 -4.17978 0
    endloop
  endfacet
  facet normal -0.427542 0.903996 0
    outer loop
      vertex 1.97987 -3.70407 0
      vertex 1.60727 -3.88029 15.9
      vertex 1.97987 -3.70407 15.9
    endloop
  endfacet
  facet normal -0.427542 0.903996 0
    outer loop
      vertex 1.60727 -3.88029 15.9
      vertex 1.97987 -3.70407 0
      vertex 1.60727 -3.88029 0
    endloop
  endfacet
  facet normal -0.595698 0.803208 0
    outer loop
      vertex 2.66445 -3.24664 0
      vertex 2.33339 -3.49217 15.9
      vertex 2.66445 -3.24664 15.9
    endloop
  endfacet
  facet normal -0.595698 0.803208 0
    outer loop
      vertex 2.33339 -3.49217 15.9
      vertex 2.66445 -3.24664 0
      vertex 2.33339 -3.49217 0
    endloop
  endfacet
  facet normal -0.941539 0.336903 0
    outer loop
      vertex 3.88029 -1.60727 0
      vertex 4.01915 -1.2192 15.9
      vertex 4.01915 -1.2192 0
    endloop
  endfacet
  facet normal -0.941539 0.336903 0
    outer loop
      vertex 4.01915 -1.2192 15.9
      vertex 3.88029 -1.60727 0
      vertex 3.88029 -1.60727 15.9
    endloop
  endfacet
  facet normal -0.989176 0.146736 0
    outer loop
      vertex 4.1193 -0.819379 0
      vertex 4.17978 -0.411672 15.9
      vertex 4.17978 -0.411672 0
    endloop
  endfacet
  facet normal -0.989176 0.146736 0
    outer loop
      vertex 4.17978 -0.411672 15.9
      vertex 4.1193 -0.819379 0
      vertex 4.1193 -0.819379 15.9
    endloop
  endfacet
  facet normal 0.427542 0.903996 -0
    outer loop
      vertex -1.60727 -3.88029 0
      vertex -1.97987 -3.70407 15.9
      vertex -1.60727 -3.88029 15.9
    endloop
  endfacet
  facet normal 0.427542 0.903996 0
    outer loop
      vertex -1.97987 -3.70407 15.9
      vertex -1.60727 -3.88029 0
      vertex -1.97987 -3.70407 0
    endloop
  endfacet
  facet normal 0.24298 0.970031 -0
    outer loop
      vertex -0.819379 -4.1193 0
      vertex -1.2192 -4.01915 15.9
      vertex -0.819379 -4.1193 15.9
    endloop
  endfacet
  facet normal 0.24298 0.970031 0
    outer loop
      vertex -1.2192 -4.01915 15.9
      vertex -0.819379 -4.1193 0
      vertex -1.2192 -4.01915 0
    endloop
  endfacet
  facet normal 0.85772 0.514117 0
    outer loop
      vertex -3.49217 -2.33339 15.9
      vertex -3.70407 -1.97987 0
      vertex -3.70407 -1.97987 15.9
    endloop
  endfacet
  facet normal 0.85772 0.514117 0
    outer loop
      vertex -3.70407 -1.97987 0
      vertex -3.49217 -2.33339 15.9
      vertex -3.49217 -2.33339 0
    endloop
  endfacet
  facet normal 0.941539 0.336903 0
    outer loop
      vertex -3.88029 -1.60727 15.9
      vertex -4.01915 -1.2192 0
      vertex -4.01915 -1.2192 15.9
    endloop
  endfacet
  facet normal 0.941539 0.336903 0
    outer loop
      vertex -4.01915 -1.2192 0
      vertex -3.88029 -1.60727 15.9
      vertex -3.88029 -1.60727 0
    endloop
  endfacet
  facet normal 0.989176 0.146736 0
    outer loop
      vertex -4.1193 -0.819379 15.9
      vertex -4.17978 -0.411672 0
      vertex -4.17978 -0.411672 15.9
    endloop
  endfacet
  facet normal 0.989176 0.146736 0
    outer loop
      vertex -4.17978 -0.411672 0
      vertex -4.1193 -0.819379 15.9
      vertex -4.1193 -0.819379 0
    endloop
  endfacet
  facet normal -0.336903 0.941539 0
    outer loop
      vertex 1.60727 -3.88029 0
      vertex 1.2192 -4.01915 15.9
      vertex 1.60727 -3.88029 15.9
    endloop
  endfacet
  facet normal -0.336903 0.941539 0
    outer loop
      vertex 1.2192 -4.01915 15.9
      vertex 1.60727 -3.88029 0
      vertex 1.2192 -4.01915 0
    endloop
  endfacet
  facet normal 0.998794 0.0490893 0
    outer loop
      vertex 22.25 0 2
      vertex 22.2223 0.563598 0
      vertex 22.2223 0.563598 2
    endloop
  endfacet
  facet normal 0.998794 0.0490893 0
    outer loop
      vertex 22.2223 0.563598 0
      vertex 22.25 0 2
      vertex 22.25 0 0
    endloop
  endfacet
  facet normal -0.998794 0.0490893 0
    outer loop
      vertex 10.75 0 0
      vertex 10.7777 0.563598 2
      vertex 10.7777 0.563598 0
    endloop
  endfacet
  facet normal -0.998794 0.0490893 0
    outer loop
      vertex 10.7777 0.563598 2
      vertex 10.75 0 0
      vertex 10.75 0 2
    endloop
  endfacet
  facet normal 0.0490714 0.998795 -0
    outer loop
      vertex 17.0636 5.72231 0
      vertex 16.5 5.75 2
      vertex 17.0636 5.72231 2
    endloop
  endfacet
  facet normal 0.0490714 0.998795 0
    outer loop
      vertex 16.5 5.75 2
      vertex 17.0636 5.72231 0
      vertex 16.5 5.75 0
    endloop
  endfacet
  facet normal -0.0490714 -0.998795 0
    outer loop
      vertex 15.9364 -5.72231 0
      vertex 16.5 -5.75 2
      vertex 15.9364 -5.72231 2
    endloop
  endfacet
  facet normal -0.0490714 -0.998795 -0
    outer loop
      vertex 16.5 -5.75 2
      vertex 15.9364 -5.72231 0
      vertex 16.5 -5.75 0
    endloop
  endfacet
  facet normal -0.74099 -0.671516 0
    outer loop
      vertex 12.4341 -4.06586 0
      vertex 12.0552 -3.64776 2
      vertex 12.0552 -3.64776 0
    endloop
  endfacet
  facet normal -0.74099 -0.671516 0
    outer loop
      vertex 12.0552 -3.64776 2
      vertex 12.4341 -4.06586 0
      vertex 12.4341 -4.06586 2
    endloop
  endfacet
  facet normal 0.671565 0.740946 -0
    outer loop
      vertex 20.5659 4.06586 0
      vertex 20.1478 4.44481 2
      vertex 20.5659 4.06586 2
    endloop
  endfacet
  facet normal 0.671565 0.740946 0
    outer loop
      vertex 20.1478 4.44481 2
      vertex 20.5659 4.06586 0
      vertex 20.1478 4.44481 0
    endloop
  endfacet
  facet normal -0.671565 0.740946 0
    outer loop
      vertex 12.8522 4.44481 0
      vertex 12.4341 4.06586 2
      vertex 12.8522 4.44481 2
    endloop
  endfacet
  facet normal -0.671565 0.740946 0
    outer loop
      vertex 12.4341 4.06586 2
      vertex 12.8522 4.44481 0
      vertex 12.4341 4.06586 0
    endloop
  endfacet
  facet normal -0.336886 0.941545 0
    outer loop
      vertex 14.8309 5.50241 0
      vertex 14.2996 5.31231 2
      vertex 14.8309 5.50241 2
    endloop
  endfacet
  facet normal -0.336886 0.941545 0
    outer loop
      vertex 14.2996 5.31231 2
      vertex 14.8309 5.50241 0
      vertex 14.2996 5.31231 0
    endloop
  endfacet
  facet normal 0.903961 0.427614 0
    outer loop
      vertex 21.8123 2.20043 2
      vertex 21.571 2.71053 0
      vertex 21.571 2.71053 2
    endloop
  endfacet
  facet normal 0.903961 0.427614 0
    outer loop
      vertex 21.571 2.71053 0
      vertex 21.8123 2.20043 2
      vertex 21.8123 2.20043 0
    endloop
  endfacet
  facet normal 0.336886 0.941545 -0
    outer loop
      vertex 18.7004 5.31231 0
      vertex 18.1691 5.50241 2
      vertex 18.7004 5.31231 2
    endloop
  endfacet
  facet normal 0.336886 0.941545 0
    outer loop
      vertex 18.1691 5.50241 2
      vertex 18.7004 5.31231 0
      vertex 18.1691 5.50241 0
    endloop
  endfacet
  facet normal 0.242994 0.970028 -0
    outer loop
      vertex 18.1691 5.50241 0
      vertex 17.6218 5.63951 2
      vertex 18.1691 5.50241 2
    endloop
  endfacet
  facet normal 0.242994 0.970028 0
    outer loop
      vertex 17.6218 5.63951 2
      vertex 18.1691 5.50241 0
      vertex 17.6218 5.63951 0
    endloop
  endfacet
  facet normal 0.514105 0.857727 -0
    outer loop
      vertex 19.6945 4.78095 0
      vertex 19.2105 5.07105 2
      vertex 19.6945 4.78095 2
    endloop
  endfacet
  facet normal 0.514105 0.857727 0
    outer loop
      vertex 19.2105 5.07105 2
      vertex 19.6945 4.78095 0
      vertex 19.2105 5.07105 0
    endloop
  endfacet
  facet normal -0.903961 0.427614 0
    outer loop
      vertex 11.1877 2.20043 0
      vertex 11.429 2.71053 2
      vertex 11.429 2.71053 0
    endloop
  endfacet
  facet normal -0.903961 0.427614 0
    outer loop
      vertex 11.429 2.71053 2
      vertex 11.1877 2.20043 0
      vertex 11.1877 2.20043 2
    endloop
  endfacet
  facet normal -0.146728 0.989177 0
    outer loop
      vertex 15.9364 5.72231 0
      vertex 15.3782 5.63951 2
      vertex 15.9364 5.72231 2
    endloop
  endfacet
  facet normal -0.146728 0.989177 0
    outer loop
      vertex 15.3782 5.63951 2
      vertex 15.9364 5.72231 0
      vertex 15.3782 5.63951 0
    endloop
  endfacet
  facet normal 0.941543 -0.336892 0
    outer loop
      vertex 21.8123 -2.20043 2
      vertex 22.0024 -1.66914 0
      vertex 22.0024 -1.66914 2
    endloop
  endfacet
  facet normal 0.941543 -0.336892 0
    outer loop
      vertex 22.0024 -1.66914 0
      vertex 21.8123 -2.20043 2
      vertex 21.8123 -2.20043 0
    endloop
  endfacet
  facet normal 0 0 -1
    outer loop
      vertex 20.7 0 0
      vertex 22.25 0 0
      vertex 22.2223 -0.563598 0
    endloop
  endfacet
  facet normal 0 0 -1
    outer loop
      vertex 20.6798 -0.411672 0
      vertex 22.2223 -0.563598 0
      vertex 22.1395 -1.12177 0
    endloop
  endfacet
  facet normal 0 0 -1
    outer loop
      vertex 22.25 0 0
      vertex 20.7 0 0
      vertex 22.2223 0.563598 0
    endloop
  endfacet
  facet normal 0 0 -1
    outer loop
      vertex 20.6193 -0.819379 0
      vertex 22.1395 -1.12177 0
      vertex 22.0024 -1.66914 0
    endloop
  endfacet
  facet normal 0 0 -1
    outer loop
      vertex 20.6798 0.411672 0
      vertex 22.2223 0.563598 0
      vertex 20.7 0 0
    endloop
  endfacet
  facet normal 0 0 -1
    outer loop
      vertex 20.5191 -1.2192 0
      vertex 22.0024 -1.66914 0
      vertex 21.8123 -2.20043 0
    endloop
  endfacet
  facet normal -0 0 -1
    outer loop
      vertex 22.2223 0.563598 0
      vertex 20.6798 0.411672 0
      vertex 22.1395 1.12177 0
    endloop
  endfacet
  facet normal 0 0 -1
    outer loop
      vertex 20.3803 -1.60727 0
      vertex 21.8123 -2.20043 0
      vertex 21.571 -2.71053 0
    endloop
  endfacet
  facet normal 0 0 -1
    outer loop
      vertex 20.6193 0.819379 0
      vertex 22.1395 1.12177 0
      vertex 20.6798 0.411672 0
    endloop
  endfacet
  facet normal 0 0 -1
    outer loop
      vertex 20.2041 -1.97987 0
      vertex 21.571 -2.71053 0
      vertex 21.2809 -3.19453 0
    endloop
  endfacet
  facet normal -0 0 -1
    outer loop
      vertex 22.1395 1.12177 0
      vertex 20.6193 0.819379 0
      vertex 22.0024 1.66914 0
    endloop
  endfacet
  facet normal 0 0 -1
    outer loop
      vertex 19.9922 -2.33339 0
      vertex 21.2809 -3.19453 0
      vertex 20.9448 -3.64776 0
    endloop
  endfacet
  facet normal 0 0 -1
    outer loop
      vertex 20.5191 1.2192 0
      vertex 22.0024 1.66914 0
      vertex 20.6193 0.819379 0
    endloop
  endfacet
  facet normal -0 0 -1
    outer loop
      vertex 22.0024 1.66914 0
      vertex 20.5191 1.2192 0
      vertex 21.8123 2.20043 0
    endloop
  endfacet
  facet normal 0 0 -1
    outer loop
      vertex 22.2223 -0.563598 0
      vertex 20.6798 -0.411672 0
      vertex 20.7 0 0
    endloop
  endfacet
  facet normal 0 0 -1
    outer loop
      vertex 22.1395 -1.12177 0
      vertex 20.6193 -0.819379 0
      vertex 20.6798 -0.411672 0
    endloop
  endfacet
  facet normal 0 0 -1
    outer loop
      vertex 19.7466 -2.66445 0
      vertex 20.9448 -3.64776 0
      vertex 20.5659 -4.06586 0
    endloop
  endfacet
  facet normal 0 0 -1
    outer loop
      vertex 22.0024 -1.66914 0
      vertex 20.5191 -1.2192 0
      vertex 20.6193 -0.819379 0
    endloop
  endfacet
  facet normal 0 0 -1
    outer loop
      vertex 21.8123 -2.20043 0
      vertex 20.3803 -1.60727 0
      vertex 20.5191 -1.2192 0
    endloop
  endfacet
  facet normal 0 0 -1
    outer loop
      vertex 21.571 -2.71053 0
      vertex 20.2041 -1.97987 0
      vertex 20.3803 -1.60727 0
    endloop
  endfacet
  facet normal 0 0 -1
    outer loop
      vertex 19.4698 -2.96985 0
      vertex 20.5659 -4.06586 0
      vertex 20.1478 -4.44481 0
    endloop
  endfacet
  facet normal 0 0 -1
    outer loop
      vertex 21.2809 -3.19453 0
      vertex 19.9922 -2.33339 0
      vertex 20.2041 -1.97987 0
    endloop
  endfacet
  facet normal 0 0 -1
    outer loop
      vertex 20.9448 -3.64776 0
      vertex 19.7466 -2.66445 0
      vertex 19.9922 -2.33339 0
    endloop
  endfacet
  facet normal 0 0 -1
    outer loop
      vertex 19.1645 -3.24664 0
      vertex 20.1478 -4.44481 0
      vertex 19.6945 -4.78095 0
    endloop
  endfacet
  facet normal 0 0 -1
    outer loop
      vertex 20.5659 -4.06586 0
      vertex 19.4698 -2.96985 0
      vertex 19.7466 -2.66445 0
    endloop
  endfacet
  facet normal 0 0 -1
    outer loop
      vertex 18.8334 -3.49217 0
      vertex 19.6945 -4.78095 0
      vertex 19.2105 -5.07105 0
    endloop
  endfacet
  facet normal 0 0 -1
    outer loop
      vertex 20.1478 -4.44481 0
      vertex 19.1645 -3.24664 0
      vertex 19.4698 -2.96985 0
    endloop
  endfacet
  facet normal 0 0 -1
    outer loop
      vertex 19.6945 -4.78095 0
      vertex 18.8334 -3.49217 0
      vertex 19.1645 -3.24664 0
    endloop
  endfacet
  facet normal 0 0 -1
    outer loop
      vertex 18.4799 -3.70407 0
      vertex 19.2105 -5.07105 0
      vertex 18.7004 -5.31231 0
    endloop
  endfacet
  facet normal 0 0 -1
    outer loop
      vertex 19.2105 -5.07105 0
      vertex 18.4799 -3.70407 0
      vertex 18.8334 -3.49217 0
    endloop
  endfacet
  facet normal 0 0 -1
    outer loop
      vertex 18.1073 -3.88029 0
      vertex 18.7004 -5.31231 0
      vertex 18.1691 -5.50241 0
    endloop
  endfacet
  facet normal 0 0 -1
    outer loop
      vertex 18.7004 -5.31231 0
      vertex 18.1073 -3.88029 0
      vertex 18.4799 -3.70407 0
    endloop
  endfacet
  facet normal 0 0 -1
    outer loop
      vertex 18.1691 -5.50241 0
      vertex 17.7192 -4.01915 0
      vertex 18.1073 -3.88029 0
    endloop
  endfacet
  facet normal 0 0 -1
    outer loop
      vertex 17.6218 -5.63951 0
      vertex 17.7192 -4.01915 0
      vertex 18.1691 -5.50241 0
    endloop
  endfacet
  facet normal 0 0 -1
    outer loop
      vertex 17.6218 -5.63951 0
      vertex 17.3194 -4.1193 0
      vertex 17.7192 -4.01915 0
    endloop
  endfacet
  facet normal 0 0 -1
    outer loop
      vertex 17.0636 -5.72231 0
      vertex 17.3194 -4.1193 0
      vertex 17.6218 -5.63951 0
    endloop
  endfacet
  facet normal 0 0 -1
    outer loop
      vertex 17.0636 -5.72231 0
      vertex 16.9117 -4.17978 0
      vertex 17.3194 -4.1193 0
    endloop
  endfacet
  facet normal 0 0 -1
    outer loop
      vertex 16.5 -5.75 0
      vertex 16.9117 -4.17978 0
      vertex 17.0636 -5.72231 0
    endloop
  endfacet
  facet normal 0 0 -1
    outer loop
      vertex 16.5 -5.75 0
      vertex 16.5 -4.2 0
      vertex 16.9117 -4.17978 0
    endloop
  endfacet
  facet normal 0 0 -1
    outer loop
      vertex 16.5 -5.75 0
      vertex 16.0883 -4.17978 0
      vertex 16.5 -4.2 0
    endloop
  endfacet
  facet normal 0 0 -1
    outer loop
      vertex 15.9364 -5.72231 0
      vertex 16.0883 -4.17978 0
      vertex 16.5 -5.75 0
    endloop
  endfacet
  facet normal 0 0 -1
    outer loop
      vertex 15.9364 -5.72231 0
      vertex 15.6806 -4.1193 0
      vertex 16.0883 -4.17978 0
    endloop
  endfacet
  facet normal 0 0 -1
    outer loop
      vertex 15.3782 -5.63951 0
      vertex 15.6806 -4.1193 0
      vertex 15.9364 -5.72231 0
    endloop
  endfacet
  facet normal 0 0 -1
    outer loop
      vertex 15.3782 -5.63951 0
      vertex 15.2808 -4.01915 0
      vertex 15.6806 -4.1193 0
    endloop
  endfacet
  facet normal 0 0 -1
    outer loop
      vertex 14.8309 -5.50241 0
      vertex 15.2808 -4.01915 0
      vertex 15.3782 -5.63951 0
    endloop
  endfacet
  facet normal -0 0 -1
    outer loop
      vertex 15.2808 -4.01915 0
      vertex 14.8309 -5.50241 0
      vertex 14.8927 -3.88029 0
    endloop
  endfacet
  facet normal 0 0 -1
    outer loop
      vertex 14.2996 -5.31231 0
      vertex 14.8927 -3.88029 0
      vertex 14.8309 -5.50241 0
    endloop
  endfacet
  facet normal -0 0 -1
    outer loop
      vertex 14.8927 -3.88029 0
      vertex 14.2996 -5.31231 0
      vertex 14.5201 -3.70407 0
    endloop
  endfacet
  facet normal 0 0 -1
    outer loop
      vertex 13.7895 -5.07105 0
      vertex 14.5201 -3.70407 0
      vertex 14.2996 -5.31231 0
    endloop
  endfacet
  facet normal -0 0 -1
    outer loop
      vertex 14.5201 -3.70407 0
      vertex 13.7895 -5.07105 0
      vertex 14.1666 -3.49217 0
    endloop
  endfacet
  facet normal 0 0 -1
    outer loop
      vertex 13.3055 -4.78095 0
      vertex 14.1666 -3.49217 0
      vertex 13.7895 -5.07105 0
    endloop
  endfacet
  facet normal -0 0 -1
    outer loop
      vertex 14.1666 -3.49217 0
      vertex 13.3055 -4.78095 0
      vertex 13.8355 -3.24664 0
    endloop
  endfacet
  facet normal 0 0 -1
    outer loop
      vertex 12.8522 -4.44481 0
      vertex 13.8355 -3.24664 0
      vertex 13.3055 -4.78095 0
    endloop
  endfacet
  facet normal -0 0 -1
    outer loop
      vertex 13.8355 -3.24664 0
      vertex 12.8522 -4.44481 0
      vertex 13.5302 -2.96985 0
    endloop
  endfacet
  facet normal 0 0 -1
    outer loop
      vertex 12.4341 -4.06586 0
      vertex 13.5302 -2.96985 0
      vertex 12.8522 -4.44481 0
    endloop
  endfacet
  facet normal -0 0 -1
    outer loop
      vertex 13.5302 -2.96985 0
      vertex 12.4341 -4.06586 0
      vertex 13.2534 -2.66445 0
    endloop
  endfacet
  facet normal 0 0 -1
    outer loop
      vertex 12.0552 -3.64776 0
      vertex 13.2534 -2.66445 0
      vertex 12.4341 -4.06586 0
    endloop
  endfacet
  facet normal -0 0 -1
    outer loop
      vertex 13.2534 -2.66445 0
      vertex 12.0552 -3.64776 0
      vertex 13.0078 -2.33339 0
    endloop
  endfacet
  facet normal 0 0 -1
    outer loop
      vertex 11.7191 -3.19453 0
      vertex 13.0078 -2.33339 0
      vertex 12.0552 -3.64776 0
    endloop
  endfacet
  facet normal -0 0 -1
    outer loop
      vertex 13.0078 -2.33339 0
      vertex 11.7191 -3.19453 0
      vertex 12.7959 -1.97987 0
    endloop
  endfacet
  facet normal 0 0 -1
    outer loop
      vertex 11.429 -2.71053 0
      vertex 12.7959 -1.97987 0
      vertex 11.7191 -3.19453 0
    endloop
  endfacet
  facet normal -0 0 -1
    outer loop
      vertex 12.7959 -1.97987 0
      vertex 11.429 -2.71053 0
      vertex 12.6197 -1.60727 0
    endloop
  endfacet
  facet normal 0 0 -1
    outer loop
      vertex 11.1877 -2.20043 0
      vertex 12.6197 -1.60727 0
      vertex 11.429 -2.71053 0
    endloop
  endfacet
  facet normal -0 0 -1
    outer loop
      vertex 12.6197 -1.60727 0
      vertex 11.1877 -2.20043 0
      vertex 12.4809 -1.2192 0
    endloop
  endfacet
  facet normal 0 0 -1
    outer loop
      vertex 20.3803 1.60727 0
      vertex 21.8123 2.20043 0
      vertex 20.5191 1.2192 0
    endloop
  endfacet
  facet normal -0 0 -1
    outer loop
      vertex 21.8123 2.20043 0
      vertex 20.3803 1.60727 0
      vertex 21.571 2.71053 0
    endloop
  endfacet
  facet normal 0 0 -1
    outer loop
      vertex 20.2041 1.97987 0
      vertex 21.571 2.71053 0
      vertex 20.3803 1.60727 0
    endloop
  endfacet
  facet normal -0 0 -1
    outer loop
      vertex 21.571 2.71053 0
      vertex 20.2041 1.97987 0
      vertex 21.2809 3.19453 0
    endloop
  endfacet
  facet normal 0 0 -1
    outer loop
      vertex 19.9922 2.33339 0
      vertex 21.2809 3.19453 0
      vertex 20.2041 1.97987 0
    endloop
  endfacet
  facet normal -0 0 -1
    outer loop
      vertex 21.2809 3.19453 0
      vertex 19.9922 2.33339 0
      vertex 20.9448 3.64776 0
    endloop
  endfacet
  facet normal 0 0 -1
    outer loop
      vertex 19.7466 2.66445 0
      vertex 20.9448 3.64776 0
      vertex 19.9922 2.33339 0
    endloop
  endfacet
  facet normal -0 0 -1
    outer loop
      vertex 20.9448 3.64776 0
      vertex 19.7466 2.66445 0
      vertex 20.5659 4.06586 0
    endloop
  endfacet
  facet normal 0 0 -1
    outer loop
      vertex 19.4698 2.96985 0
      vertex 20.5659 4.06586 0
      vertex 19.7466 2.66445 0
    endloop
  endfacet
  facet normal -0 0 -1
    outer loop
      vertex 20.5659 4.06586 0
      vertex 19.4698 2.96985 0
      vertex 20.1478 4.44481 0
    endloop
  endfacet
  facet normal 0 0 -1
    outer loop
      vertex 19.1645 3.24664 0
      vertex 20.1478 4.44481 0
      vertex 19.4698 2.96985 0
    endloop
  endfacet
  facet normal -0 0 -1
    outer loop
      vertex 20.1478 4.44481 0
      vertex 19.1645 3.24664 0
      vertex 19.6945 4.78095 0
    endloop
  endfacet
  facet normal 0 0 -1
    outer loop
      vertex 18.8334 3.49217 0
      vertex 19.6945 4.78095 0
      vertex 19.1645 3.24664 0
    endloop
  endfacet
  facet normal -0 0 -1
    outer loop
      vertex 19.6945 4.78095 0
      vertex 18.8334 3.49217 0
      vertex 19.2105 5.07105 0
    endloop
  endfacet
  facet normal 0 0 -1
    outer loop
      vertex 18.4799 3.70407 0
      vertex 19.2105 5.07105 0
      vertex 18.8334 3.49217 0
    endloop
  endfacet
  facet normal -0 0 -1
    outer loop
      vertex 19.2105 5.07105 0
      vertex 18.4799 3.70407 0
      vertex 18.7004 5.31231 0
    endloop
  endfacet
  facet normal 0 0 -1
    outer loop
      vertex 18.1073 3.88029 0
      vertex 18.7004 5.31231 0
      vertex 18.4799 3.70407 0
    endloop
  endfacet
  facet normal -0 0 -1
    outer loop
      vertex 18.7004 5.31231 0
      vertex 18.1073 3.88029 0
      vertex 18.1691 5.50241 0
    endloop
  endfacet
  facet normal 0 0 -1
    outer loop
      vertex 17.7192 4.01915 0
      vertex 18.1691 5.50241 0
      vertex 18.1073 3.88029 0
    endloop
  endfacet
  facet normal 0 0 -1
    outer loop
      vertex 17.7192 4.01915 0
      vertex 17.6218 5.63951 0
      vertex 18.1691 5.50241 0
    endloop
  endfacet
  facet normal 0 0 -1
    outer loop
      vertex 17.3194 4.1193 0
      vertex 17.6218 5.63951 0
      vertex 17.7192 4.01915 0
    endloop
  endfacet
  facet normal 0 0 -1
    outer loop
      vertex 17.3194 4.1193 0
      vertex 17.0636 5.72231 0
      vertex 17.6218 5.63951 0
    endloop
  endfacet
  facet normal 0 0 -1
    outer loop
      vertex 16.9117 4.17978 0
      vertex 17.0636 5.72231 0
      vertex 17.3194 4.1193 0
    endloop
  endfacet
  facet normal 0 0 -1
    outer loop
      vertex 16.5 4.2 0
      vertex 17.0636 5.72231 0
      vertex 16.9117 4.17978 0
    endloop
  endfacet
  facet normal 0 0 -1
    outer loop
      vertex 16.5 4.2 0
      vertex 16.5 5.75 0
      vertex 17.0636 5.72231 0
    endloop
  endfacet
  facet normal 0 0 -1
    outer loop
      vertex 16.0883 4.17978 0
      vertex 16.5 5.75 0
      vertex 16.5 4.2 0
    endloop
  endfacet
  facet normal 0 0 -1
    outer loop
      vertex 16.0883 4.17978 0
      vertex 15.9364 5.72231 0
      vertex 16.5 5.75 0
    endloop
  endfacet
  facet normal 0 0 -1
    outer loop
      vertex 15.6806 4.1193 0
      vertex 15.9364 5.72231 0
      vertex 16.0883 4.17978 0
    endloop
  endfacet
  facet normal 0 0 -1
    outer loop
      vertex 15.6806 4.1193 0
      vertex 15.3782 5.63951 0
      vertex 15.9364 5.72231 0
    endloop
  endfacet
  facet normal 0 0 -1
    outer loop
      vertex 15.2808 4.01915 0
      vertex 15.3782 5.63951 0
      vertex 15.6806 4.1193 0
    endloop
  endfacet
  facet normal 0 0 -1
    outer loop
      vertex 14.8309 5.50241 0
      vertex 15.2808 4.01915 0
      vertex 14.8927 3.88029 0
    endloop
  endfacet
  facet normal 0 0 -1
    outer loop
      vertex 15.2808 4.01915 0
      vertex 14.8309 5.50241 0
      vertex 15.3782 5.63951 0
    endloop
  endfacet
  facet normal 0 0 -1
    outer loop
      vertex 14.2996 5.31231 0
      vertex 14.8927 3.88029 0
      vertex 14.5201 3.70407 0
    endloop
  endfacet
  facet normal 0 0 -1
    outer loop
      vertex 14.8927 3.88029 0
      vertex 14.2996 5.31231 0
      vertex 14.8309 5.50241 0
    endloop
  endfacet
  facet normal 0 0 -1
    outer loop
      vertex 13.7895 5.07105 0
      vertex 14.5201 3.70407 0
      vertex 14.1666 3.49217 0
    endloop
  endfacet
  facet normal 0 0 -1
    outer loop
      vertex 13.3055 4.78095 0
      vertex 14.1666 3.49217 0
      vertex 13.8355 3.24664 0
    endloop
  endfacet
  facet normal 0 0 -1
    outer loop
      vertex 14.5201 3.70407 0
      vertex 13.7895 5.07105 0
      vertex 14.2996 5.31231 0
    endloop
  endfacet
  facet normal 0 0 -1
    outer loop
      vertex 12.8522 4.44481 0
      vertex 13.8355 3.24664 0
      vertex 13.5302 2.96985 0
    endloop
  endfacet
  facet normal 0 0 -1
    outer loop
      vertex 14.1666 3.49217 0
      vertex 13.3055 4.78095 0
      vertex 13.7895 5.07105 0
    endloop
  endfacet
  facet normal 0 0 -1
    outer loop
      vertex 12.4341 4.06586 0
      vertex 13.5302 2.96985 0
      vertex 13.2534 2.66445 0
    endloop
  endfacet
  facet normal 0 0 -1
    outer loop
      vertex 12.0552 3.64776 0
      vertex 13.2534 2.66445 0
      vertex 13.0078 2.33339 0
    endloop
  endfacet
  facet normal 0 0 -1
    outer loop
      vertex 13.8355 3.24664 0
      vertex 12.8522 4.44481 0
      vertex 13.3055 4.78095 0
    endloop
  endfacet
  facet normal 0 0 -1
    outer loop
      vertex 11.7191 3.19453 0
      vertex 13.0078 2.33339 0
      vertex 12.7959 1.97987 0
    endloop
  endfacet
  facet normal 0 0 -1
    outer loop
      vertex 11.429 2.71053 0
      vertex 12.7959 1.97987 0
      vertex 12.6197 1.60727 0
    endloop
  endfacet
  facet normal 0 0 -1
    outer loop
      vertex 11.1877 2.20043 0
      vertex 12.6197 1.60727 0
      vertex 12.4809 1.2192 0
    endloop
  endfacet
  facet normal 0 0 -1
    outer loop
      vertex 13.5302 2.96985 0
      vertex 12.4341 4.06586 0
      vertex 12.8522 4.44481 0
    endloop
  endfacet
  facet normal 0 0 -1
    outer loop
      vertex 10.9976 1.66914 0
      vertex 12.4809 1.2192 0
      vertex 12.3807 0.819379 0
    endloop
  endfacet
  facet normal 0 0 -1
    outer loop
      vertex 10.8605 1.12177 0
      vertex 12.3807 0.819379 0
      vertex 12.3202 0.411672 0
    endloop
  endfacet
  facet normal 0 0 -1
    outer loop
      vertex 10.7777 0.563598 0
      vertex 12.3202 0.411672 0
      vertex 12.3 0 0
    endloop
  endfacet
  facet normal 0 0 -1
    outer loop
      vertex 10.9976 -1.66914 0
      vertex 12.4809 -1.2192 0
      vertex 11.1877 -2.20043 0
    endloop
  endfacet
  facet normal 0 0 -1
    outer loop
      vertex 13.2534 2.66445 0
      vertex 12.0552 3.64776 0
      vertex 12.4341 4.06586 0
    endloop
  endfacet
  facet normal -0 0 -1
    outer loop
      vertex 12.4809 -1.2192 0
      vertex 10.9976 -1.66914 0
      vertex 12.3807 -0.819379 0
    endloop
  endfacet
  facet normal 0 0 -1
    outer loop
      vertex 13.0078 2.33339 0
      vertex 11.7191 3.19453 0
      vertex 12.0552 3.64776 0
    endloop
  endfacet
  facet normal 0 0 -1
    outer loop
      vertex 10.8605 -1.12177 0
      vertex 12.3807 -0.819379 0
      vertex 10.9976 -1.66914 0
    endloop
  endfacet
  facet normal 0 0 -1
    outer loop
      vertex 12.7959 1.97987 0
      vertex 11.429 2.71053 0
      vertex 11.7191 3.19453 0
    endloop
  endfacet
  facet normal -0 0 -1
    outer loop
      vertex 12.3807 -0.819379 0
      vertex 10.8605 -1.12177 0
      vertex 12.3202 -0.411672 0
    endloop
  endfacet
  facet normal 0 0 -1
    outer loop
      vertex 12.6197 1.60727 0
      vertex 11.1877 2.20043 0
      vertex 11.429 2.71053 0
    endloop
  endfacet
  facet normal 0 0 -1
    outer loop
      vertex 10.7777 -0.563598 0
      vertex 12.3202 -0.411672 0
      vertex 10.8605 -1.12177 0
    endloop
  endfacet
  facet normal 0 0 -1
    outer loop
      vertex 12.4809 1.2192 0
      vertex 10.9976 1.66914 0
      vertex 11.1877 2.20043 0
    endloop
  endfacet
  facet normal -0 0 -1
    outer loop
      vertex 12.3202 -0.411672 0
      vertex 10.7777 -0.563598 0
      vertex 12.3 0 0
    endloop
  endfacet
  facet normal 0 0 -1
    outer loop
      vertex 12.3807 0.819379 0
      vertex 10.8605 1.12177 0
      vertex 10.9976 1.66914 0
    endloop
  endfacet
  facet normal 0 0 -1
    outer loop
      vertex 10.75 0 0
      vertex 12.3 0 0
      vertex 10.7777 -0.563598 0
    endloop
  endfacet
  facet normal 0 0 -1
    outer loop
      vertex 12.3202 0.411672 0
      vertex 10.7777 0.563598 0
      vertex 10.8605 1.12177 0
    endloop
  endfacet
  facet normal 0 0 -1
    outer loop
      vertex 12.3 0 0
      vertex 10.75 0 0
      vertex 10.7777 0.563598 0
    endloop
  endfacet
  facet normal 0.970035 0.242965 0
    outer loop
      vertex 22.1395 1.12177 2
      vertex 22.0024 1.66914 0
      vertex 22.0024 1.66914 2
    endloop
  endfacet
  facet normal 0.970035 0.242965 0
    outer loop
      vertex 22.0024 1.66914 0
      vertex 22.1395 1.12177 2
      vertex 22.1395 1.12177 0
    endloop
  endfacet
  facet normal 0.989176 0.146736 0
    outer loop
      vertex 22.2223 0.563598 2
      vertex 22.1395 1.12177 0
      vertex 22.1395 1.12177 2
    endloop
  endfacet
  facet normal 0.989176 0.146736 0
    outer loop
      vertex 22.1395 1.12177 0
      vertex 22.2223 0.563598 2
      vertex 22.2223 0.563598 0
    endloop
  endfacet
  facet normal 0.941543 0.336892 0
    outer loop
      vertex 22.0024 1.66914 2
      vertex 21.8123 2.20043 0
      vertex 21.8123 2.20043 2
    endloop
  endfacet
  facet normal 0.941543 0.336892 0
    outer loop
      vertex 21.8123 2.20043 0
      vertex 22.0024 1.66914 2
      vertex 22.0024 1.66914 0
    endloop
  endfacet
  facet normal 0.80324 0.595656 0
    outer loop
      vertex 21.2809 3.19453 2
      vertex 20.9448 3.64776 0
      vertex 20.9448 3.64776 2
    endloop
  endfacet
  facet normal 0.80324 0.595656 0
    outer loop
      vertex 20.9448 3.64776 0
      vertex 21.2809 3.19453 2
      vertex 21.2809 3.19453 0
    endloop
  endfacet
  facet normal 0.74099 0.671516 0
    outer loop
      vertex 20.9448 3.64776 2
      vertex 20.5659 4.06586 0
      vertex 20.5659 4.06586 2
    endloop
  endfacet
  facet normal 0.74099 0.671516 0
    outer loop
      vertex 20.5659 4.06586 0
      vertex 20.9448 3.64776 2
      vertex 20.9448 3.64776 0
    endloop
  endfacet
  facet normal 0.857727 0.514105 0
    outer loop
      vertex 21.571 2.71053 2
      vertex 21.2809 3.19453 0
      vertex 21.2809 3.19453 2
    endloop
  endfacet
  facet normal 0.857727 0.514105 0
    outer loop
      vertex 21.2809 3.19453 0
      vertex 21.571 2.71053 2
      vertex 21.571 2.71053 0
    endloop
  endfacet
  facet normal 0.146728 0.989177 -0
    outer loop
      vertex 17.6218 5.63951 0
      vertex 17.0636 5.72231 2
      vertex 17.6218 5.63951 2
    endloop
  endfacet
  facet normal 0.146728 0.989177 0
    outer loop
      vertex 17.0636 5.72231 2
      vertex 17.6218 5.63951 0
      vertex 17.0636 5.72231 0
    endloop
  endfacet
  facet normal 0.427556 0.903989 -0
    outer loop
      vertex 19.2105 5.07105 0
      vertex 18.7004 5.31231 2
      vertex 19.2105 5.07105 2
    endloop
  endfacet
  facet normal 0.427556 0.903989 0
    outer loop
      vertex 18.7004 5.31231 2
      vertex 19.2105 5.07105 0
      vertex 18.7004 5.31231 0
    endloop
  endfacet
  facet normal 0.595642 0.80325 -0
    outer loop
      vertex 20.1478 4.44481 0
      vertex 19.6945 4.78095 2
      vertex 20.1478 4.44481 2
    endloop
  endfacet
  facet normal 0.595642 0.80325 0
    outer loop
      vertex 19.6945 4.78095 2
      vertex 20.1478 4.44481 0
      vertex 19.6945 4.78095 0
    endloop
  endfacet
  facet normal -0.970035 0.242965 0
    outer loop
      vertex 10.8605 1.12177 0
      vertex 10.9976 1.66914 2
      vertex 10.9976 1.66914 0
    endloop
  endfacet
  facet normal -0.970035 0.242965 0
    outer loop
      vertex 10.9976 1.66914 2
      vertex 10.8605 1.12177 0
      vertex 10.8605 1.12177 2
    endloop
  endfacet
  facet normal -0.80324 0.595656 0
    outer loop
      vertex 11.7191 3.19453 0
      vertex 12.0552 3.64776 2
      vertex 12.0552 3.64776 0
    endloop
  endfacet
  facet normal -0.80324 0.595656 0
    outer loop
      vertex 12.0552 3.64776 2
      vertex 11.7191 3.19453 0
      vertex 11.7191 3.19453 2
    endloop
  endfacet
  facet normal -0.74099 0.671516 0
    outer loop
      vertex 12.0552 3.64776 0
      vertex 12.4341 4.06586 2
      vertex 12.4341 4.06586 0
    endloop
  endfacet
  facet normal -0.74099 0.671516 0
    outer loop
      vertex 12.4341 4.06586 2
      vertex 12.0552 3.64776 0
      vertex 12.0552 3.64776 2
    endloop
  endfacet
  facet normal -0.857727 0.514105 0
    outer loop
      vertex 11.429 2.71053 0
      vertex 11.7191 3.19453 2
      vertex 11.7191 3.19453 0
    endloop
  endfacet
  facet normal -0.857727 0.514105 0
    outer loop
      vertex 11.7191 3.19453 2
      vertex 11.429 2.71053 0
      vertex 11.429 2.71053 2
    endloop
  endfacet
  facet normal -0.941543 0.336892 0
    outer loop
      vertex 10.9976 1.66914 0
      vertex 11.1877 2.20043 2
      vertex 11.1877 2.20043 0
    endloop
  endfacet
  facet normal -0.941543 0.336892 0
    outer loop
      vertex 11.1877 2.20043 2
      vertex 10.9976 1.66914 0
      vertex 10.9976 1.66914 2
    endloop
  endfacet
  facet normal -0.989176 0.146736 0
    outer loop
      vertex 10.7777 0.563598 0
      vertex 10.8605 1.12177 2
      vertex 10.8605 1.12177 0
    endloop
  endfacet
  facet normal -0.989176 0.146736 0
    outer loop
      vertex 10.8605 1.12177 2
      vertex 10.7777 0.563598 0
      vertex 10.7777 0.563598 2
    endloop
  endfacet
  facet normal 0 0 1
    outer loop
      vertex 20.7 0 2
      vertex 22.25 0 2
      vertex 22.2223 0.563598 2
    endloop
  endfacet
  facet normal 0 0 1
    outer loop
      vertex 20.6798 0.411672 2
      vertex 22.2223 0.563598 2
      vertex 22.1395 1.12177 2
    endloop
  endfacet
  facet normal 0 0 1
    outer loop
      vertex 22.25 0 2
      vertex 20.7 0 2
      vertex 22.2223 -0.563598 2
    endloop
  endfacet
  facet normal 0 0 1
    outer loop
      vertex 20.6193 0.819379 2
      vertex 22.1395 1.12177 2
      vertex 22.0024 1.66914 2
    endloop
  endfacet
  facet normal -0 0 1
    outer loop
      vertex 20.6798 -0.411672 2
      vertex 22.2223 -0.563598 2
      vertex 20.7 0 2
    endloop
  endfacet
  facet normal 0 0 1
    outer loop
      vertex 20.5191 1.2192 2
      vertex 22.0024 1.66914 2
      vertex 21.8123 2.20043 2
    endloop
  endfacet
  facet normal 0 0 1
    outer loop
      vertex 22.2223 -0.563598 2
      vertex 20.6798 -0.411672 2
      vertex 22.1395 -1.12177 2
    endloop
  endfacet
  facet normal 0 0 1
    outer loop
      vertex 20.3803 1.60727 2
      vertex 21.8123 2.20043 2
      vertex 21.571 2.71053 2
    endloop
  endfacet
  facet normal -0 0 1
    outer loop
      vertex 20.6193 -0.819379 2
      vertex 22.1395 -1.12177 2
      vertex 20.6798 -0.411672 2
    endloop
  endfacet
  facet normal 0 0 1
    outer loop
      vertex 20.2041 1.97987 2
      vertex 21.571 2.71053 2
      vertex 21.2809 3.19453 2
    endloop
  endfacet
  facet normal 0 0 1
    outer loop
      vertex 22.1395 -1.12177 2
      vertex 20.6193 -0.819379 2
      vertex 22.0024 -1.66914 2
    endloop
  endfacet
  facet normal 0 0 1
    outer loop
      vertex 19.9922 2.33339 2
      vertex 21.2809 3.19453 2
      vertex 20.9448 3.64776 2
    endloop
  endfacet
  facet normal -0 0 1
    outer loop
      vertex 20.5191 -1.2192 2
      vertex 22.0024 -1.66914 2
      vertex 20.6193 -0.819379 2
    endloop
  endfacet
  facet normal 0 0 1
    outer loop
      vertex 22.0024 -1.66914 2
      vertex 20.5191 -1.2192 2
      vertex 21.8123 -2.20043 2
    endloop
  endfacet
  facet normal 0 0 1
    outer loop
      vertex 22.2223 0.563598 2
      vertex 20.6798 0.411672 2
      vertex 20.7 0 2
    endloop
  endfacet
  facet normal 0 0 1
    outer loop
      vertex 22.1395 1.12177 2
      vertex 20.6193 0.819379 2
      vertex 20.6798 0.411672 2
    endloop
  endfacet
  facet normal 0 0 1
    outer loop
      vertex 19.7466 2.66445 2
      vertex 20.9448 3.64776 2
      vertex 20.5659 4.06586 2
    endloop
  endfacet
  facet normal 0 0 1
    outer loop
      vertex 22.0024 1.66914 2
      vertex 20.5191 1.2192 2
      vertex 20.6193 0.819379 2
    endloop
  endfacet
  facet normal 0 0 1
    outer loop
      vertex 21.8123 2.20043 2
      vertex 20.3803 1.60727 2
      vertex 20.5191 1.2192 2
    endloop
  endfacet
  facet normal 0 0 1
    outer loop
      vertex 21.571 2.71053 2
      vertex 20.2041 1.97987 2
      vertex 20.3803 1.60727 2
    endloop
  endfacet
  facet normal 0 0 1
    outer loop
      vertex 19.4698 2.96985 2
      vertex 20.5659 4.06586 2
      vertex 20.1478 4.44481 2
    endloop
  endfacet
  facet normal 0 0 1
    outer loop
      vertex 21.2809 3.19453 2
      vertex 19.9922 2.33339 2
      vertex 20.2041 1.97987 2
    endloop
  endfacet
  facet normal 0 0 1
    outer loop
      vertex 20.9448 3.64776 2
      vertex 19.7466 2.66445 2
      vertex 19.9922 2.33339 2
    endloop
  endfacet
  facet normal 0 0 1
    outer loop
      vertex 19.1645 3.24664 2
      vertex 20.1478 4.44481 2
      vertex 19.6945 4.78095 2
    endloop
  endfacet
  facet normal 0 0 1
    outer loop
      vertex 20.5659 4.06586 2
      vertex 19.4698 2.96985 2
      vertex 19.7466 2.66445 2
    endloop
  endfacet
  facet normal 0 0 1
    outer loop
      vertex 18.8334 3.49217 2
      vertex 19.6945 4.78095 2
      vertex 19.2105 5.07105 2
    endloop
  endfacet
  facet normal 0 0 1
    outer loop
      vertex 20.1478 4.44481 2
      vertex 19.1645 3.24664 2
      vertex 19.4698 2.96985 2
    endloop
  endfacet
  facet normal 0 0 1
    outer loop
      vertex 19.6945 4.78095 2
      vertex 18.8334 3.49217 2
      vertex 19.1645 3.24664 2
    endloop
  endfacet
  facet normal 0 0 1
    outer loop
      vertex 18.4799 3.70407 2
      vertex 19.2105 5.07105 2
      vertex 18.7004 5.31231 2
    endloop
  endfacet
  facet normal 0 0 1
    outer loop
      vertex 19.2105 5.07105 2
      vertex 18.4799 3.70407 2
      vertex 18.8334 3.49217 2
    endloop
  endfacet
  facet normal 0 0 1
    outer loop
      vertex 18.1073 3.88029 2
      vertex 18.7004 5.31231 2
      vertex 18.1691 5.50241 2
    endloop
  endfacet
  facet normal 0 0 1
    outer loop
      vertex 18.7004 5.31231 2
      vertex 18.1073 3.88029 2
      vertex 18.4799 3.70407 2
    endloop
  endfacet
  facet normal 0 0 1
    outer loop
      vertex 18.1691 5.50241 2
      vertex 17.7192 4.01915 2
      vertex 18.1073 3.88029 2
    endloop
  endfacet
  facet normal 0 0 1
    outer loop
      vertex 17.6218 5.63951 2
      vertex 17.7192 4.01915 2
      vertex 18.1691 5.50241 2
    endloop
  endfacet
  facet normal 0 0 1
    outer loop
      vertex 17.6218 5.63951 2
      vertex 17.3194 4.1193 2
      vertex 17.7192 4.01915 2
    endloop
  endfacet
  facet normal 0 0 1
    outer loop
      vertex 17.0636 5.72231 2
      vertex 17.3194 4.1193 2
      vertex 17.6218 5.63951 2
    endloop
  endfacet
  facet normal 0 0 1
    outer loop
      vertex 17.0636 5.72231 2
      vertex 16.9117 4.17978 2
      vertex 17.3194 4.1193 2
    endloop
  endfacet
  facet normal 0 0 1
    outer loop
      vertex 16.5 5.75 2
      vertex 16.9117 4.17978 2
      vertex 17.0636 5.72231 2
    endloop
  endfacet
  facet normal 0 0 1
    outer loop
      vertex 16.5 5.75 2
      vertex 16.5 4.2 2
      vertex 16.9117 4.17978 2
    endloop
  endfacet
  facet normal 0 0 1
    outer loop
      vertex 16.5 5.75 2
      vertex 16.0883 4.17978 2
      vertex 16.5 4.2 2
    endloop
  endfacet
  facet normal -0 0 1
    outer loop
      vertex 15.9364 5.72231 2
      vertex 16.0883 4.17978 2
      vertex 16.5 5.75 2
    endloop
  endfacet
  facet normal 0 0 1
    outer loop
      vertex 15.9364 5.72231 2
      vertex 15.6806 4.1193 2
      vertex 16.0883 4.17978 2
    endloop
  endfacet
  facet normal -0 0 1
    outer loop
      vertex 15.3782 5.63951 2
      vertex 15.6806 4.1193 2
      vertex 15.9364 5.72231 2
    endloop
  endfacet
  facet normal 0 0 1
    outer loop
      vertex 15.3782 5.63951 2
      vertex 15.2808 4.01915 2
      vertex 15.6806 4.1193 2
    endloop
  endfacet
  facet normal -0 0 1
    outer loop
      vertex 14.8309 5.50241 2
      vertex 15.2808 4.01915 2
      vertex 15.3782 5.63951 2
    endloop
  endfacet
  facet normal 0 0 1
    outer loop
      vertex 15.2808 4.01915 2
      vertex 14.8309 5.50241 2
      vertex 14.8927 3.88029 2
    endloop
  endfacet
  facet normal -0 0 1
    outer loop
      vertex 14.2996 5.31231 2
      vertex 14.8927 3.88029 2
      vertex 14.8309 5.50241 2
    endloop
  endfacet
  facet normal 0 0 1
    outer loop
      vertex 14.8927 3.88029 2
      vertex 14.2996 5.31231 2
      vertex 14.5201 3.70407 2
    endloop
  endfacet
  facet normal -0 0 1
    outer loop
      vertex 13.7895 5.07105 2
      vertex 14.5201 3.70407 2
      vertex 14.2996 5.31231 2
    endloop
  endfacet
  facet normal 0 0 1
    outer loop
      vertex 14.5201 3.70407 2
      vertex 13.7895 5.07105 2
      vertex 14.1666 3.49217 2
    endloop
  endfacet
  facet normal -0 0 1
    outer loop
      vertex 13.3055 4.78095 2
      vertex 14.1666 3.49217 2
      vertex 13.7895 5.07105 2
    endloop
  endfacet
  facet normal 0 0 1
    outer loop
      vertex 14.1666 3.49217 2
      vertex 13.3055 4.78095 2
      vertex 13.8355 3.24664 2
    endloop
  endfacet
  facet normal -0 0 1
    outer loop
      vertex 12.8522 4.44481 2
      vertex 13.8355 3.24664 2
      vertex 13.3055 4.78095 2
    endloop
  endfacet
  facet normal 0 0 1
    outer loop
      vertex 13.8355 3.24664 2
      vertex 12.8522 4.44481 2
      vertex 13.5302 2.96985 2
    endloop
  endfacet
  facet normal -0 0 1
    outer loop
      vertex 12.4341 4.06586 2
      vertex 13.5302 2.96985 2
      vertex 12.8522 4.44481 2
    endloop
  endfacet
  facet normal 0 0 1
    outer loop
      vertex 13.5302 2.96985 2
      vertex 12.4341 4.06586 2
      vertex 13.2534 2.66445 2
    endloop
  endfacet
  facet normal -0 0 1
    outer loop
      vertex 12.0552 3.64776 2
      vertex 13.2534 2.66445 2
      vertex 12.4341 4.06586 2
    endloop
  endfacet
  facet normal 0 0 1
    outer loop
      vertex 13.2534 2.66445 2
      vertex 12.0552 3.64776 2
      vertex 13.0078 2.33339 2
    endloop
  endfacet
  facet normal -0 0 1
    outer loop
      vertex 11.7191 3.19453 2
      vertex 13.0078 2.33339 2
      vertex 12.0552 3.64776 2
    endloop
  endfacet
  facet normal 0 0 1
    outer loop
      vertex 13.0078 2.33339 2
      vertex 11.7191 3.19453 2
      vertex 12.7959 1.97987 2
    endloop
  endfacet
  facet normal -0 0 1
    outer loop
      vertex 11.429 2.71053 2
      vertex 12.7959 1.97987 2
      vertex 11.7191 3.19453 2
    endloop
  endfacet
  facet normal 0 0 1
    outer loop
      vertex 12.7959 1.97987 2
      vertex 11.429 2.71053 2
      vertex 12.6197 1.60727 2
    endloop
  endfacet
  facet normal -0 0 1
    outer loop
      vertex 11.1877 2.20043 2
      vertex 12.6197 1.60727 2
      vertex 11.429 2.71053 2
    endloop
  endfacet
  facet normal 0 0 1
    outer loop
      vertex 12.6197 1.60727 2
      vertex 11.1877 2.20043 2
      vertex 12.4809 1.2192 2
    endloop
  endfacet
  facet normal -0 0 1
    outer loop
      vertex 20.3803 -1.60727 2
      vertex 21.8123 -2.20043 2
      vertex 20.5191 -1.2192 2
    endloop
  endfacet
  facet normal 0 0 1
    outer loop
      vertex 21.8123 -2.20043 2
      vertex 20.3803 -1.60727 2
      vertex 21.571 -2.71053 2
    endloop
  endfacet
  facet normal -0 0 1
    outer loop
      vertex 20.2041 -1.97987 2
      vertex 21.571 -2.71053 2
      vertex 20.3803 -1.60727 2
    endloop
  endfacet
  facet normal 0 0 1
    outer loop
      vertex 21.571 -2.71053 2
      vertex 20.2041 -1.97987 2
      vertex 21.2809 -3.19453 2
    endloop
  endfacet
  facet normal -0 0 1
    outer loop
      vertex 19.9922 -2.33339 2
      vertex 21.2809 -3.19453 2
      vertex 20.2041 -1.97987 2
    endloop
  endfacet
  facet normal 0 0 1
    outer loop
      vertex 21.2809 -3.19453 2
      vertex 19.9922 -2.33339 2
      vertex 20.9448 -3.64776 2
    endloop
  endfacet
  facet normal -0 0 1
    outer loop
      vertex 19.7466 -2.66445 2
      vertex 20.9448 -3.64776 2
      vertex 19.9922 -2.33339 2
    endloop
  endfacet
  facet normal 0 0 1
    outer loop
      vertex 20.9448 -3.64776 2
      vertex 19.7466 -2.66445 2
      vertex 20.5659 -4.06586 2
    endloop
  endfacet
  facet normal -0 0 1
    outer loop
      vertex 19.4698 -2.96985 2
      vertex 20.5659 -4.06586 2
      vertex 19.7466 -2.66445 2
    endloop
  endfacet
  facet normal 0 0 1
    outer loop
      vertex 20.5659 -4.06586 2
      vertex 19.4698 -2.96985 2
      vertex 20.1478 -4.44481 2
    endloop
  endfacet
  facet normal -0 0 1
    outer loop
      vertex 19.1645 -3.24664 2
      vertex 20.1478 -4.44481 2
      vertex 19.4698 -2.96985 2
    endloop
  endfacet
  facet normal 0 0 1
    outer loop
      vertex 20.1478 -4.44481 2
      vertex 19.1645 -3.24664 2
      vertex 19.6945 -4.78095 2
    endloop
  endfacet
  facet normal -0 0 1
    outer loop
      vertex 18.8334 -3.49217 2
      vertex 19.6945 -4.78095 2
      vertex 19.1645 -3.24664 2
    endloop
  endfacet
  facet normal 0 0 1
    outer loop
      vertex 19.6945 -4.78095 2
      vertex 18.8334 -3.49217 2
      vertex 19.2105 -5.07105 2
    endloop
  endfacet
  facet normal -0 0 1
    outer loop
      vertex 18.4799 -3.70407 2
      vertex 19.2105 -5.07105 2
      vertex 18.8334 -3.49217 2
    endloop
  endfacet
  facet normal 0 0 1
    outer loop
      vertex 19.2105 -5.07105 2
      vertex 18.4799 -3.70407 2
      vertex 18.7004 -5.31231 2
    endloop
  endfacet
  facet normal -0 0 1
    outer loop
      vertex 18.1073 -3.88029 2
      vertex 18.7004 -5.31231 2
      vertex 18.4799 -3.70407 2
    endloop
  endfacet
  facet normal 0 0 1
    outer loop
      vertex 18.7004 -5.31231 2
      vertex 18.1073 -3.88029 2
      vertex 18.1691 -5.50241 2
    endloop
  endfacet
  facet normal -0 0 1
    outer loop
      vertex 17.7192 -4.01915 2
      vertex 18.1691 -5.50241 2
      vertex 18.1073 -3.88029 2
    endloop
  endfacet
  facet normal 0 0 1
    outer loop
      vertex 17.7192 -4.01915 2
      vertex 17.6218 -5.63951 2
      vertex 18.1691 -5.50241 2
    endloop
  endfacet
  facet normal -0 0 1
    outer loop
      vertex 17.3194 -4.1193 2
      vertex 17.6218 -5.63951 2
      vertex 17.7192 -4.01915 2
    endloop
  endfacet
  facet normal 0 0 1
    outer loop
      vertex 17.3194 -4.1193 2
      vertex 17.0636 -5.72231 2
      vertex 17.6218 -5.63951 2
    endloop
  endfacet
  facet normal -0 0 1
    outer loop
      vertex 16.9117 -4.17978 2
      vertex 17.0636 -5.72231 2
      vertex 17.3194 -4.1193 2
    endloop
  endfacet
  facet normal -0 0 1
    outer loop
      vertex 16.5 -4.2 2
      vertex 17.0636 -5.72231 2
      vertex 16.9117 -4.17978 2
    endloop
  endfacet
  facet normal 0 0 1
    outer loop
      vertex 16.5 -4.2 2
      vertex 16.5 -5.75 2
      vertex 17.0636 -5.72231 2
    endloop
  endfacet
  facet normal 0 0 1
    outer loop
      vertex 16.0883 -4.17978 2
      vertex 16.5 -5.75 2
      vertex 16.5 -4.2 2
    endloop
  endfacet
  facet normal 0 0 1
    outer loop
      vertex 16.0883 -4.17978 2
      vertex 15.9364 -5.72231 2
      vertex 16.5 -5.75 2
    endloop
  endfacet
  facet normal 0 0 1
    outer loop
      vertex 15.6806 -4.1193 2
      vertex 15.9364 -5.72231 2
      vertex 16.0883 -4.17978 2
    endloop
  endfacet
  facet normal 0 0 1
    outer loop
      vertex 15.6806 -4.1193 2
      vertex 15.3782 -5.63951 2
      vertex 15.9364 -5.72231 2
    endloop
  endfacet
  facet normal 0 0 1
    outer loop
      vertex 15.2808 -4.01915 2
      vertex 15.3782 -5.63951 2
      vertex 15.6806 -4.1193 2
    endloop
  endfacet
  facet normal 0 0 1
    outer loop
      vertex 14.8309 -5.50241 2
      vertex 15.2808 -4.01915 2
      vertex 14.8927 -3.88029 2
    endloop
  endfacet
  facet normal 0 0 1
    outer loop
      vertex 15.2808 -4.01915 2
      vertex 14.8309 -5.50241 2
      vertex 15.3782 -5.63951 2
    endloop
  endfacet
  facet normal 0 0 1
    outer loop
      vertex 14.2996 -5.31231 2
      vertex 14.8927 -3.88029 2
      vertex 14.5201 -3.70407 2
    endloop
  endfacet
  facet normal 0 0 1
    outer loop
      vertex 14.8927 -3.88029 2
      vertex 14.2996 -5.31231 2
      vertex 14.8309 -5.50241 2
    endloop
  endfacet
  facet normal 0 0 1
    outer loop
      vertex 13.7895 -5.07105 2
      vertex 14.5201 -3.70407 2
      vertex 14.1666 -3.49217 2
    endloop
  endfacet
  facet normal 0 0 1
    outer loop
      vertex 13.3055 -4.78095 2
      vertex 14.1666 -3.49217 2
      vertex 13.8355 -3.24664 2
    endloop
  endfacet
  facet normal 0 0 1
    outer loop
      vertex 14.5201 -3.70407 2
      vertex 13.7895 -5.07105 2
      vertex 14.2996 -5.31231 2
    endloop
  endfacet
  facet normal 0 0 1
    outer loop
      vertex 12.8522 -4.44481 2
      vertex 13.8355 -3.24664 2
      vertex 13.5302 -2.96985 2
    endloop
  endfacet
  facet normal 0 0 1
    outer loop
      vertex 14.1666 -3.49217 2
      vertex 13.3055 -4.78095 2
      vertex 13.7895 -5.07105 2
    endloop
  endfacet
  facet normal 0 0 1
    outer loop
      vertex 12.4341 -4.06586 2
      vertex 13.5302 -2.96985 2
      vertex 13.2534 -2.66445 2
    endloop
  endfacet
  facet normal 0 0 1
    outer loop
      vertex 12.0552 -3.64776 2
      vertex 13.2534 -2.66445 2
      vertex 13.0078 -2.33339 2
    endloop
  endfacet
  facet normal 0 0 1
    outer loop
      vertex 13.8355 -3.24664 2
      vertex 12.8522 -4.44481 2
      vertex 13.3055 -4.78095 2
    endloop
  endfacet
  facet normal 0 0 1
    outer loop
      vertex 11.7191 -3.19453 2
      vertex 13.0078 -2.33339 2
      vertex 12.7959 -1.97987 2
    endloop
  endfacet
  facet normal 0 0 1
    outer loop
      vertex 11.429 -2.71053 2
      vertex 12.7959 -1.97987 2
      vertex 12.6197 -1.60727 2
    endloop
  endfacet
  facet normal 0 0 1
    outer loop
      vertex 11.1877 -2.20043 2
      vertex 12.6197 -1.60727 2
      vertex 12.4809 -1.2192 2
    endloop
  endfacet
  facet normal 0 0 1
    outer loop
      vertex 13.5302 -2.96985 2
      vertex 12.4341 -4.06586 2
      vertex 12.8522 -4.44481 2
    endloop
  endfacet
  facet normal 0 0 1
    outer loop
      vertex 10.9976 -1.66914 2
      vertex 12.4809 -1.2192 2
      vertex 12.3807 -0.819379 2
    endloop
  endfacet
  facet normal 0 0 1
    outer loop
      vertex 10.8605 -1.12177 2
      vertex 12.3807 -0.819379 2
      vertex 12.3202 -0.411672 2
    endloop
  endfacet
  facet normal 0 0 1
    outer loop
      vertex 10.7777 -0.563598 2
      vertex 12.3202 -0.411672 2
      vertex 12.3 0 2
    endloop
  endfacet
  facet normal -0 0 1
    outer loop
      vertex 10.9976 1.66914 2
      vertex 12.4809 1.2192 2
      vertex 11.1877 2.20043 2
    endloop
  endfacet
  facet normal 0 0 1
    outer loop
      vertex 13.2534 -2.66445 2
      vertex 12.0552 -3.64776 2
      vertex 12.4341 -4.06586 2
    endloop
  endfacet
  facet normal 0 0 1
    outer loop
      vertex 12.4809 1.2192 2
      vertex 10.9976 1.66914 2
      vertex 12.3807 0.819379 2
    endloop
  endfacet
  facet normal 0 0 1
    outer loop
      vertex 13.0078 -2.33339 2
      vertex 11.7191 -3.19453 2
      vertex 12.0552 -3.64776 2
    endloop
  endfacet
  facet normal -0 0 1
    outer loop
      vertex 10.8605 1.12177 2
      vertex 12.3807 0.819379 2
      vertex 10.9976 1.66914 2
    endloop
  endfacet
  facet normal 0 0 1
    outer loop
      vertex 12.7959 -1.97987 2
      vertex 11.429 -2.71053 2
      vertex 11.7191 -3.19453 2
    endloop
  endfacet
  facet normal 0 0 1
    outer loop
      vertex 12.3807 0.819379 2
      vertex 10.8605 1.12177 2
      vertex 12.3202 0.411672 2
    endloop
  endfacet
  facet normal 0 0 1
    outer loop
      vertex 12.6197 -1.60727 2
      vertex 11.1877 -2.20043 2
      vertex 11.429 -2.71053 2
    endloop
  endfacet
  facet normal -0 0 1
    outer loop
      vertex 10.7777 0.563598 2
      vertex 12.3202 0.411672 2
      vertex 10.8605 1.12177 2
    endloop
  endfacet
  facet normal 0 0 1
    outer loop
      vertex 12.4809 -1.2192 2
      vertex 10.9976 -1.66914 2
      vertex 11.1877 -2.20043 2
    endloop
  endfacet
  facet normal 0 0 1
    outer loop
      vertex 12.3202 0.411672 2
      vertex 10.7777 0.563598 2
      vertex 12.3 0 2
    endloop
  endfacet
  facet normal 0 0 1
    outer loop
      vertex 12.3807 -0.819379 2
      vertex 10.8605 -1.12177 2
      vertex 10.9976 -1.66914 2
    endloop
  endfacet
  facet normal 0 0 1
    outer loop
      vertex 10.75 0 2
      vertex 12.3 0 2
      vertex 10.7777 0.563598 2
    endloop
  endfacet
  facet normal 0 0 1
    outer loop
      vertex 12.3202 -0.411672 2
      vertex 10.7777 -0.563598 2
      vertex 10.8605 -1.12177 2
    endloop
  endfacet
  facet normal 0 0 1
    outer loop
      vertex 12.3 0 2
      vertex 10.75 0 2
      vertex 10.7777 -0.563598 2
    endloop
  endfacet
  facet normal -0.514105 0.857727 0
    outer loop
      vertex 13.7895 5.07105 0
      vertex 13.3055 4.78095 2
      vertex 13.7895 5.07105 2
    endloop
  endfacet
  facet normal -0.514105 0.857727 0
    outer loop
      vertex 13.3055 4.78095 2
      vertex 13.7895 5.07105 0
      vertex 13.3055 4.78095 0
    endloop
  endfacet
  facet normal -0.427556 0.903989 0
    outer loop
      vertex 14.2996 5.31231 0
      vertex 13.7895 5.07105 2
      vertex 14.2996 5.31231 2
    endloop
  endfacet
  facet normal -0.427556 0.903989 0
    outer loop
      vertex 13.7895 5.07105 2
      vertex 14.2996 5.31231 0
      vertex 13.7895 5.07105 0
    endloop
  endfacet
  facet normal -0.595642 0.80325 0
    outer loop
      vertex 13.3055 4.78095 0
      vertex 12.8522 4.44481 2
      vertex 13.3055 4.78095 2
    endloop
  endfacet
  facet normal -0.595642 0.80325 0
    outer loop
      vertex 12.8522 4.44481 2
      vertex 13.3055 4.78095 0
      vertex 12.8522 4.44481 0
    endloop
  endfacet
  facet normal -0.242994 0.970028 0
    outer loop
      vertex 15.3782 5.63951 0
      vertex 14.8309 5.50241 2
      vertex 15.3782 5.63951 2
    endloop
  endfacet
  facet normal -0.242994 0.970028 0
    outer loop
      vertex 14.8309 5.50241 2
      vertex 15.3782 5.63951 0
      vertex 14.8309 5.50241 0
    endloop
  endfacet
  facet normal -0.0490714 0.998795 0
    outer loop
      vertex 16.5 5.75 0
      vertex 15.9364 5.72231 2
      vertex 16.5 5.75 2
    endloop
  endfacet
  facet normal -0.0490714 0.998795 0
    outer loop
      vertex 15.9364 5.72231 2
      vertex 16.5 5.75 0
      vertex 15.9364 5.72231 0
    endloop
  endfacet
  facet normal 0.0490714 -0.998795 0
    outer loop
      vertex 16.5 -5.75 0
      vertex 17.0636 -5.72231 2
      vertex 16.5 -5.75 2
    endloop
  endfacet
  facet normal 0.0490714 -0.998795 0
    outer loop
      vertex 17.0636 -5.72231 2
      vertex 16.5 -5.75 0
      vertex 17.0636 -5.72231 0
    endloop
  endfacet
  facet normal 0.242994 -0.970028 0
    outer loop
      vertex 17.6218 -5.63951 0
      vertex 18.1691 -5.50241 2
      vertex 17.6218 -5.63951 2
    endloop
  endfacet
  facet normal 0.242994 -0.970028 0
    outer loop
      vertex 18.1691 -5.50241 2
      vertex 17.6218 -5.63951 0
      vertex 18.1691 -5.50241 0
    endloop
  endfacet
  facet normal 0.671565 -0.740946 0
    outer loop
      vertex 20.1478 -4.44481 0
      vertex 20.5659 -4.06586 2
      vertex 20.1478 -4.44481 2
    endloop
  endfacet
  facet normal 0.671565 -0.740946 0
    outer loop
      vertex 20.5659 -4.06586 2
      vertex 20.1478 -4.44481 0
      vertex 20.5659 -4.06586 0
    endloop
  endfacet
  facet normal 0.514105 -0.857727 0
    outer loop
      vertex 19.2105 -5.07105 0
      vertex 19.6945 -4.78095 2
      vertex 19.2105 -5.07105 2
    endloop
  endfacet
  facet normal 0.514105 -0.857727 0
    outer loop
      vertex 19.6945 -4.78095 2
      vertex 19.2105 -5.07105 0
      vertex 19.6945 -4.78095 0
    endloop
  endfacet
  facet normal 0.80324 -0.595656 0
    outer loop
      vertex 20.9448 -3.64776 2
      vertex 21.2809 -3.19453 0
      vertex 21.2809 -3.19453 2
    endloop
  endfacet
  facet normal 0.80324 -0.595656 0
    outer loop
      vertex 21.2809 -3.19453 0
      vertex 20.9448 -3.64776 2
      vertex 20.9448 -3.64776 0
    endloop
  endfacet
  facet normal 0.903961 -0.427614 0
    outer loop
      vertex 21.571 -2.71053 2
      vertex 21.8123 -2.20043 0
      vertex 21.8123 -2.20043 2
    endloop
  endfacet
  facet normal 0.903961 -0.427614 0
    outer loop
      vertex 21.8123 -2.20043 0
      vertex 21.571 -2.71053 2
      vertex 21.571 -2.71053 0
    endloop
  endfacet
  facet normal -0.671565 -0.740946 0
    outer loop
      vertex 12.4341 -4.06586 0
      vertex 12.8522 -4.44481 2
      vertex 12.4341 -4.06586 2
    endloop
  endfacet
  facet normal -0.671565 -0.740946 -0
    outer loop
      vertex 12.8522 -4.44481 2
      vertex 12.4341 -4.06586 0
      vertex 12.8522 -4.44481 0
    endloop
  endfacet
  facet normal -0.514105 -0.857727 0
    outer loop
      vertex 13.3055 -4.78095 0
      vertex 13.7895 -5.07105 2
      vertex 13.3055 -4.78095 2
    endloop
  endfacet
  facet normal -0.514105 -0.857727 -0
    outer loop
      vertex 13.7895 -5.07105 2
      vertex 13.3055 -4.78095 0
      vertex 13.7895 -5.07105 0
    endloop
  endfacet
  facet normal -0.336886 -0.941545 0
    outer loop
      vertex 14.2996 -5.31231 0
      vertex 14.8309 -5.50241 2
      vertex 14.2996 -5.31231 2
    endloop
  endfacet
  facet normal -0.336886 -0.941545 -0
    outer loop
      vertex 14.8309 -5.50241 2
      vertex 14.2996 -5.31231 0
      vertex 14.8309 -5.50241 0
    endloop
  endfacet
  facet normal -0.146728 -0.989177 0
    outer loop
      vertex 15.3782 -5.63951 0
      vertex 15.9364 -5.72231 2
      vertex 15.3782 -5.63951 2
    endloop
  endfacet
  facet normal -0.146728 -0.989177 -0
    outer loop
      vertex 15.9364 -5.72231 2
      vertex 15.3782 -5.63951 0
      vertex 15.9364 -5.72231 0
    endloop
  endfacet
  facet normal -0.857727 -0.514105 0
    outer loop
      vertex 11.7191 -3.19453 0
      vertex 11.429 -2.71053 2
      vertex 11.429 -2.71053 0
    endloop
  endfacet
  facet normal -0.857727 -0.514105 0
    outer loop
      vertex 11.429 -2.71053 2
      vertex 11.7191 -3.19453 0
      vertex 11.7191 -3.19453 2
    endloop
  endfacet
  facet normal -0.903961 -0.427614 0
    outer loop
      vertex 11.429 -2.71053 0
      vertex 11.1877 -2.20043 2
      vertex 11.1877 -2.20043 0
    endloop
  endfacet
  facet normal -0.903961 -0.427614 0
    outer loop
      vertex 11.1877 -2.20043 2
      vertex 11.429 -2.71053 0
      vertex 11.429 -2.71053 2
    endloop
  endfacet
  facet normal -0.80324 -0.595656 0
    outer loop
      vertex 12.0552 -3.64776 0
      vertex 11.7191 -3.19453 2
      vertex 11.7191 -3.19453 0
    endloop
  endfacet
  facet normal -0.80324 -0.595656 0
    outer loop
      vertex 11.7191 -3.19453 2
      vertex 12.0552 -3.64776 0
      vertex 12.0552 -3.64776 2
    endloop
  endfacet
  facet normal -0.970035 -0.242965 0
    outer loop
      vertex 10.9976 -1.66914 0
      vertex 10.8605 -1.12177 2
      vertex 10.8605 -1.12177 0
    endloop
  endfacet
  facet normal -0.970035 -0.242965 0
    outer loop
      vertex 10.8605 -1.12177 2
      vertex 10.9976 -1.66914 0
      vertex 10.9976 -1.66914 2
    endloop
  endfacet
  facet normal -0.941543 -0.336892 0
    outer loop
      vertex 11.1877 -2.20043 0
      vertex 10.9976 -1.66914 2
      vertex 10.9976 -1.66914 0
    endloop
  endfacet
  facet normal -0.941543 -0.336892 0
    outer loop
      vertex 10.9976 -1.66914 2
      vertex 11.1877 -2.20043 0
      vertex 11.1877 -2.20043 2
    endloop
  endfacet
  facet normal -0.998794 -0.0490893 0
    outer loop
      vertex 10.7777 -0.563598 0
      vertex 10.75 0 2
      vertex 10.75 0 0
    endloop
  endfacet
  facet normal -0.998794 -0.0490893 0
    outer loop
      vertex 10.75 0 2
      vertex 10.7777 -0.563598 0
      vertex 10.7777 -0.563598 2
    endloop
  endfacet
  facet normal 0.146728 -0.989177 0
    outer loop
      vertex 17.0636 -5.72231 0
      vertex 17.6218 -5.63951 2
      vertex 17.0636 -5.72231 2
    endloop
  endfacet
  facet normal 0.146728 -0.989177 0
    outer loop
      vertex 17.6218 -5.63951 2
      vertex 17.0636 -5.72231 0
      vertex 17.6218 -5.63951 0
    endloop
  endfacet
  facet normal 0.336886 -0.941545 0
    outer loop
      vertex 18.1691 -5.50241 0
      vertex 18.7004 -5.31231 2
      vertex 18.1691 -5.50241 2
    endloop
  endfacet
  facet normal 0.336886 -0.941545 0
    outer loop
      vertex 18.7004 -5.31231 2
      vertex 18.1691 -5.50241 0
      vertex 18.7004 -5.31231 0
    endloop
  endfacet
  facet normal 0.74099 -0.671516 0
    outer loop
      vertex 20.5659 -4.06586 2
      vertex 20.9448 -3.64776 0
      vertex 20.9448 -3.64776 2
    endloop
  endfacet
  facet normal 0.74099 -0.671516 0
    outer loop
      vertex 20.9448 -3.64776 0
      vertex 20.5659 -4.06586 2
      vertex 20.5659 -4.06586 0
    endloop
  endfacet
  facet normal 0.595642 -0.80325 0
    outer loop
      vertex 19.6945 -4.78095 0
      vertex 20.1478 -4.44481 2
      vertex 19.6945 -4.78095 2
    endloop
  endfacet
  facet normal 0.595642 -0.80325 0
    outer loop
      vertex 20.1478 -4.44481 2
      vertex 19.6945 -4.78095 0
      vertex 20.1478 -4.44481 0
    endloop
  endfacet
  facet normal 0.857727 -0.514105 0
    outer loop
      vertex 21.2809 -3.19453 2
      vertex 21.571 -2.71053 0
      vertex 21.571 -2.71053 2
    endloop
  endfacet
  facet normal 0.857727 -0.514105 0
    outer loop
      vertex 21.571 -2.71053 0
      vertex 21.2809 -3.19453 2
      vertex 21.2809 -3.19453 0
    endloop
  endfacet
  facet normal 0.989176 -0.146736 0
    outer loop
      vertex 22.1395 -1.12177 2
      vertex 22.2223 -0.563598 0
      vertex 22.2223 -0.563598 2
    endloop
  endfacet
  facet normal 0.989176 -0.146736 0
    outer loop
      vertex 22.2223 -0.563598 0
      vertex 22.1395 -1.12177 2
      vertex 22.1395 -1.12177 0
    endloop
  endfacet
  facet normal 0.970035 -0.242965 0
    outer loop
      vertex 22.0024 -1.66914 2
      vertex 22.1395 -1.12177 0
      vertex 22.1395 -1.12177 2
    endloop
  endfacet
  facet normal 0.970035 -0.242965 0
    outer loop
      vertex 22.1395 -1.12177 0
      vertex 22.0024 -1.66914 2
      vertex 22.0024 -1.66914 0
    endloop
  endfacet
  facet normal 0.998794 -0.0490893 0
    outer loop
      vertex 22.2223 -0.563598 2
      vertex 22.25 0 0
      vertex 22.25 0 2
    endloop
  endfacet
  facet normal 0.998794 -0.0490893 0
    outer loop
      vertex 22.25 0 0
      vertex 22.2223 -0.563598 2
      vertex 22.2223 -0.563598 0
    endloop
  endfacet
  facet normal -0.595642 -0.80325 0
    outer loop
      vertex 12.8522 -4.44481 0
      vertex 13.3055 -4.78095 2
      vertex 12.8522 -4.44481 2
    endloop
  endfacet
  facet normal -0.595642 -0.80325 -0
    outer loop
      vertex 13.3055 -4.78095 2
      vertex 12.8522 -4.44481 0
      vertex 13.3055 -4.78095 0
    endloop
  endfacet
  facet normal -0.427556 -0.903989 0
    outer loop
      vertex 13.7895 -5.07105 0
      vertex 14.2996 -5.31231 2
      vertex 13.7895 -5.07105 2
    endloop
  endfacet
  facet normal -0.427556 -0.903989 -0
    outer loop
      vertex 14.2996 -5.31231 2
      vertex 13.7895 -5.07105 0
      vertex 14.2996 -5.31231 0
    endloop
  endfacet
  facet normal -0.242994 -0.970028 0
    outer loop
      vertex 14.8309 -5.50241 0
      vertex 15.3782 -5.63951 2
      vertex 14.8309 -5.50241 2
    endloop
  endfacet
  facet normal -0.242994 -0.970028 -0
    outer loop
      vertex 15.3782 -5.63951 2
      vertex 14.8309 -5.50241 0
      vertex 15.3782 -5.63951 0
    endloop
  endfacet
  facet normal -0.989176 -0.146736 0
    outer loop
      vertex 10.8605 -1.12177 0
      vertex 10.7777 -0.563598 2
      vertex 10.7777 -0.563598 0
    endloop
  endfacet
  facet normal -0.989176 -0.146736 0
    outer loop
      vertex 10.7777 -0.563598 2
      vertex 10.8605 -1.12177 0
      vertex 10.8605 -1.12177 2
    endloop
  endfacet
  facet normal 0.427556 -0.903989 0
    outer loop
      vertex 18.7004 -5.31231 0
      vertex 19.2105 -5.07105 2
      vertex 18.7004 -5.31231 2
    endloop
  endfacet
  facet normal 0.427556 -0.903989 0
    outer loop
      vertex 19.2105 -5.07105 2
      vertex 18.7004 -5.31231 0
      vertex 19.2105 -5.07105 0
    endloop
  endfacet
  facet normal -0.998798 -0.0490092 0
    outer loop
      vertex 20.7 0 0
      vertex 20.6798 0.411672 2
      vertex 20.6798 0.411672 0
    endloop
  endfacet
  facet normal -0.998798 -0.0490092 0
    outer loop
      vertex 20.6798 0.411672 2
      vertex 20.7 0 0
      vertex 20.7 0 2
    endloop
  endfacet
  facet normal 0.998798 -0.0490092 0
    outer loop
      vertex 12.3 0 2
      vertex 12.3202 0.411672 0
      vertex 12.3202 0.411672 2
    endloop
  endfacet
  facet normal 0.998798 -0.0490092 0
    outer loop
      vertex 12.3202 0.411672 0
      vertex 12.3 0 2
      vertex 12.3 0 0
    endloop
  endfacet
  facet normal -0.0490543 -0.998796 0
    outer loop
      vertex 16.5 4.2 0
      vertex 16.9117 4.17978 2
      vertex 16.5 4.2 2
    endloop
  endfacet
  facet normal -0.0490543 -0.998796 -0
    outer loop
      vertex 16.9117 4.17978 2
      vertex 16.5 4.2 0
      vertex 16.9117 4.17978 0
    endloop
  endfacet
  facet normal 0.0490543 0.998796 -0
    outer loop
      vertex 16.5 -4.2 0
      vertex 16.0883 -4.17978 2
      vertex 16.5 -4.2 2
    endloop
  endfacet
  facet normal 0.0490543 0.998796 0
    outer loop
      vertex 16.0883 -4.17978 2
      vertex 16.5 -4.2 0
      vertex 16.0883 -4.17978 0
    endloop
  endfacet
  facet normal -0.671668 -0.740852 0
    outer loop
      vertex 19.1645 3.24664 0
      vertex 19.4698 2.96985 2
      vertex 19.1645 3.24664 2
    endloop
  endfacet
  facet normal -0.671668 -0.740852 -0
    outer loop
      vertex 19.4698 2.96985 2
      vertex 19.1645 3.24664 0
      vertex 19.4698 2.96985 0
    endloop
  endfacet
  facet normal 0.671668 -0.740852 0
    outer loop
      vertex 13.5302 2.96985 0
      vertex 13.8355 3.24664 2
      vertex 13.5302 2.96985 2
    endloop
  endfacet
  facet normal 0.671668 -0.740852 0
    outer loop
      vertex 13.8355 3.24664 2
      vertex 13.5302 2.96985 0
      vertex 13.8355 3.24664 0
    endloop
  endfacet
  facet normal 0.33688 -0.941547 0
    outer loop
      vertex 14.8927 3.88029 0
      vertex 15.2808 4.01915 2
      vertex 14.8927 3.88029 2
    endloop
  endfacet
  facet normal 0.33688 -0.941547 0
    outer loop
      vertex 15.2808 4.01915 2
      vertex 14.8927 3.88029 0
      vertex 15.2808 4.01915 0
    endloop
  endfacet
  facet normal 0.970003 0.243094 0
    outer loop
      vertex 12.4809 -1.2192 2
      vertex 12.3807 -0.819379 0
      vertex 12.3807 -0.819379 2
    endloop
  endfacet
  facet normal 0.970003 0.243094 0
    outer loop
      vertex 12.3807 -0.819379 0
      vertex 12.4809 -1.2192 2
      vertex 12.4809 -1.2192 0
    endloop
  endfacet
  facet normal -0.904014 -0.427502 0
    outer loop
      vertex 20.3803 1.60727 0
      vertex 20.2041 1.97987 2
      vertex 20.2041 1.97987 0
    endloop
  endfacet
  facet normal -0.904014 -0.427502 0
    outer loop
      vertex 20.2041 1.97987 2
      vertex 20.3803 1.60727 0
      vertex 20.3803 1.60727 2
    endloop
  endfacet
  facet normal -0.427542 -0.903996 0
    outer loop
      vertex 18.1073 3.88029 0
      vertex 18.4799 3.70407 2
      vertex 18.1073 3.88029 2
    endloop
  endfacet
  facet normal -0.427542 -0.903996 -0
    outer loop
      vertex 18.4799 3.70407 2
      vertex 18.1073 3.88029 0
      vertex 18.4799 3.70407 0
    endloop
  endfacet
  facet normal -0.514139 -0.857707 0
    outer loop
      vertex 18.4799 3.70407 0
      vertex 18.8334 3.49217 2
      vertex 18.4799 3.70407 2
    endloop
  endfacet
  facet normal -0.514139 -0.857707 -0
    outer loop
      vertex 18.8334 3.49217 2
      vertex 18.4799 3.70407 0
      vertex 18.8334 3.49217 0
    endloop
  endfacet
  facet normal 0.85772 -0.514117 0
    outer loop
      vertex 12.7959 1.97987 2
      vertex 13.0078 2.33339 0
      vertex 13.0078 2.33339 2
    endloop
  endfacet
  facet normal 0.85772 -0.514117 0
    outer loop
      vertex 13.0078 2.33339 0
      vertex 12.7959 1.97987 2
      vertex 12.7959 1.97987 0
    endloop
  endfacet
  facet normal 0.803127 -0.595808 0
    outer loop
      vertex 13.0078 2.33339 2
      vertex 13.2534 2.66445 0
      vertex 13.2534 2.66445 2
    endloop
  endfacet
  facet normal 0.803127 -0.595808 0
    outer loop
      vertex 13.2534 2.66445 0
      vertex 13.0078 2.33339 2
      vertex 13.0078 2.33339 0
    endloop
  endfacet
  facet normal 0.146739 -0.989175 0
    outer loop
      vertex 15.6806 4.1193 0
      vertex 16.0883 4.17978 2
      vertex 15.6806 4.1193 2
    endloop
  endfacet
  facet normal 0.146739 -0.989175 0
    outer loop
      vertex 16.0883 4.17978 2
      vertex 15.6806 4.1193 0
      vertex 16.0883 4.17978 0
    endloop
  endfacet
  facet normal -0.904014 0.427502 0
    outer loop
      vertex 20.2041 -1.97987 0
      vertex 20.3803 -1.60727 2
      vertex 20.3803 -1.60727 0
    endloop
  endfacet
  facet normal -0.904014 0.427502 0
    outer loop
      vertex 20.3803 -1.60727 2
      vertex 20.2041 -1.97987 0
      vertex 20.2041 -1.97987 2
    endloop
  endfacet
  facet normal -0.242992 0.970028 0
    outer loop
      vertex 17.7192 -4.01915 0
      vertex 17.3194 -4.1193 2
      vertex 17.7192 -4.01915 2
    endloop
  endfacet
  facet normal -0.242992 0.970028 0
    outer loop
      vertex 17.3194 -4.1193 2
      vertex 17.7192 -4.01915 0
      vertex 17.3194 -4.1193 0
    endloop
  endfacet
  facet normal -0.740949 0.671561 0
    outer loop
      vertex 19.4698 -2.96985 0
      vertex 19.7466 -2.66445 2
      vertex 19.7466 -2.66445 0
    endloop
  endfacet
  facet normal -0.740949 0.671561 0
    outer loop
      vertex 19.7466 -2.66445 2
      vertex 19.4698 -2.96985 0
      vertex 19.4698 -2.96985 2
    endloop
  endfacet
  facet normal -0.970003 0.243094 0
    outer loop
      vertex 20.5191 -1.2192 0
      vertex 20.6193 -0.819379 2
      vertex 20.6193 -0.819379 0
    endloop
  endfacet
  facet normal -0.970003 0.243094 0
    outer loop
      vertex 20.6193 -0.819379 2
      vertex 20.5191 -1.2192 0
      vertex 20.5191 -1.2192 2
    endloop
  endfacet
  facet normal 0.33688 0.941547 -0
    outer loop
      vertex 15.2808 -4.01915 0
      vertex 14.8927 -3.88029 2
      vertex 15.2808 -4.01915 2
    endloop
  endfacet
  facet normal 0.33688 0.941547 0
    outer loop
      vertex 14.8927 -3.88029 2
      vertex 15.2808 -4.01915 0
      vertex 14.8927 -3.88029 0
    endloop
  endfacet
  facet normal 0.740949 0.671561 0
    outer loop
      vertex 13.5302 -2.96985 2
      vertex 13.2534 -2.66445 0
      vertex 13.2534 -2.66445 2
    endloop
  endfacet
  facet normal 0.740949 0.671561 0
    outer loop
      vertex 13.2534 -2.66445 0
      vertex 13.5302 -2.96985 2
      vertex 13.5302 -2.96985 0
    endloop
  endfacet
  facet normal 0.803127 0.595808 0
    outer loop
      vertex 13.2534 -2.66445 2
      vertex 13.0078 -2.33339 0
      vertex 13.0078 -2.33339 2
    endloop
  endfacet
  facet normal 0.803127 0.595808 0
    outer loop
      vertex 13.0078 -2.33339 0
      vertex 13.2534 -2.66445 2
      vertex 13.2534 -2.66445 0
    endloop
  endfacet
  facet normal -0.970003 -0.243094 0
    outer loop
      vertex 20.6193 0.819379 0
      vertex 20.5191 1.2192 2
      vertex 20.5191 1.2192 0
    endloop
  endfacet
  facet normal -0.970003 -0.243094 0
    outer loop
      vertex 20.5191 1.2192 2
      vertex 20.6193 0.819379 0
      vertex 20.6193 0.819379 2
    endloop
  endfacet
  facet normal -0.989169 -0.146784 0
    outer loop
      vertex 20.6798 0.411672 0
      vertex 20.6193 0.819379 2
      vertex 20.6193 0.819379 0
    endloop
  endfacet
  facet normal -0.989169 -0.146784 0
    outer loop
      vertex 20.6193 0.819379 2
      vertex 20.6798 0.411672 0
      vertex 20.6798 0.411672 2
    endloop
  endfacet
  facet normal -0.941585 -0.336774 0
    outer loop
      vertex 20.5191 1.2192 0
      vertex 20.3803 1.60727 2
      vertex 20.3803 1.60727 0
    endloop
  endfacet
  facet normal -0.941585 -0.336774 0
    outer loop
      vertex 20.3803 1.60727 2
      vertex 20.5191 1.2192 0
      vertex 20.5191 1.2192 2
    endloop
  endfacet
  facet normal -0.803127 -0.595808 0
    outer loop
      vertex 19.9922 2.33339 0
      vertex 19.7466 2.66445 2
      vertex 19.7466 2.66445 0
    endloop
  endfacet
  facet normal -0.803127 -0.595808 0
    outer loop
      vertex 19.7466 2.66445 2
      vertex 19.9922 2.33339 0
      vertex 19.9922 2.33339 2
    endloop
  endfacet
  facet normal -0.85772 -0.514117 0
    outer loop
      vertex 20.2041 1.97987 0
      vertex 19.9922 2.33339 2
      vertex 19.9922 2.33339 0
    endloop
  endfacet
  facet normal -0.85772 -0.514117 0
    outer loop
      vertex 19.9922 2.33339 2
      vertex 20.2041 1.97987 0
      vertex 20.2041 1.97987 2
    endloop
  endfacet
  facet normal -0.242992 -0.970028 0
    outer loop
      vertex 17.3194 4.1193 0
      vertex 17.7192 4.01915 2
      vertex 17.3194 4.1193 2
    endloop
  endfacet
  facet normal -0.242992 -0.970028 -0
    outer loop
      vertex 17.7192 4.01915 2
      vertex 17.3194 4.1193 0
      vertex 17.7192 4.01915 0
    endloop
  endfacet
  facet normal -0.146739 -0.989175 0
    outer loop
      vertex 16.9117 4.17978 0
      vertex 17.3194 4.1193 2
      vertex 16.9117 4.17978 2
    endloop
  endfacet
  facet normal -0.146739 -0.989175 -0
    outer loop
      vertex 17.3194 4.1193 2
      vertex 16.9117 4.17978 0
      vertex 17.3194 4.1193 0
    endloop
  endfacet
  facet normal -0.595652 -0.803243 0
    outer loop
      vertex 18.8334 3.49217 0
      vertex 19.1645 3.24664 2
      vertex 18.8334 3.49217 2
    endloop
  endfacet
  facet normal -0.595652 -0.803243 -0
    outer loop
      vertex 19.1645 3.24664 2
      vertex 18.8334 3.49217 0
      vertex 19.1645 3.24664 0
    endloop
  endfacet
  facet normal 0.970003 -0.243094 0
    outer loop
      vertex 12.3807 0.819379 2
      vertex 12.4809 1.2192 0
      vertex 12.4809 1.2192 2
    endloop
  endfacet
  facet normal 0.970003 -0.243094 0
    outer loop
      vertex 12.4809 1.2192 0
      vertex 12.3807 0.819379 2
      vertex 12.3807 0.819379 0
    endloop
  endfacet
  facet normal 0.904014 -0.427502 0
    outer loop
      vertex 12.6197 1.60727 2
      vertex 12.7959 1.97987 0
      vertex 12.7959 1.97987 2
    endloop
  endfacet
  facet normal 0.904014 -0.427502 0
    outer loop
      vertex 12.7959 1.97987 0
      vertex 12.6197 1.60727 2
      vertex 12.6197 1.60727 0
    endloop
  endfacet
  facet normal 0.989169 -0.146784 0
    outer loop
      vertex 12.3202 0.411672 2
      vertex 12.3807 0.819379 0
      vertex 12.3807 0.819379 2
    endloop
  endfacet
  facet normal 0.989169 -0.146784 0
    outer loop
      vertex 12.3807 0.819379 0
      vertex 12.3202 0.411672 2
      vertex 12.3202 0.411672 0
    endloop
  endfacet
  facet normal 0.427542 -0.903996 0
    outer loop
      vertex 14.5201 3.70407 0
      vertex 14.8927 3.88029 2
      vertex 14.5201 3.70407 2
    endloop
  endfacet
  facet normal 0.427542 -0.903996 0
    outer loop
      vertex 14.8927 3.88029 2
      vertex 14.5201 3.70407 0
      vertex 14.8927 3.88029 0
    endloop
  endfacet
  facet normal 0.514139 -0.857707 0
    outer loop
      vertex 14.1666 3.49217 0
      vertex 14.5201 3.70407 2
      vertex 14.1666 3.49217 2
    endloop
  endfacet
  facet normal 0.514139 -0.857707 0
    outer loop
      vertex 14.5201 3.70407 2
      vertex 14.1666 3.49217 0
      vertex 14.5201 3.70407 0
    endloop
  endfacet
  facet normal 0.595652 -0.803243 0
    outer loop
      vertex 13.8355 3.24664 0
      vertex 14.1666 3.49217 2
      vertex 13.8355 3.24664 2
    endloop
  endfacet
  facet normal 0.595652 -0.803243 0
    outer loop
      vertex 14.1666 3.49217 2
      vertex 13.8355 3.24664 0
      vertex 14.1666 3.49217 0
    endloop
  endfacet
  facet normal 0.0490543 -0.998796 0
    outer loop
      vertex 16.0883 4.17978 0
      vertex 16.5 4.2 2
      vertex 16.0883 4.17978 2
    endloop
  endfacet
  facet normal 0.0490543 -0.998796 0
    outer loop
      vertex 16.5 4.2 2
      vertex 16.0883 4.17978 0
      vertex 16.5 4.2 0
    endloop
  endfacet
  facet normal -0.998798 0.0490092 0
    outer loop
      vertex 20.6798 -0.411672 0
      vertex 20.7 0 2
      vertex 20.7 0 0
    endloop
  endfacet
  facet normal -0.998798 0.0490092 0
    outer loop
      vertex 20.7 0 2
      vertex 20.6798 -0.411672 0
      vertex 20.6798 -0.411672 2
    endloop
  endfacet
  facet normal -0.0490543 0.998796 0
    outer loop
      vertex 16.9117 -4.17978 0
      vertex 16.5 -4.2 2
      vertex 16.9117 -4.17978 2
    endloop
  endfacet
  facet normal -0.0490543 0.998796 0
    outer loop
      vertex 16.5 -4.2 2
      vertex 16.9117 -4.17978 0
      vertex 16.5 -4.2 0
    endloop
  endfacet
  facet normal -0.514139 0.857707 0
    outer loop
      vertex 18.8334 -3.49217 0
      vertex 18.4799 -3.70407 2
      vertex 18.8334 -3.49217 2
    endloop
  endfacet
  facet normal -0.514139 0.857707 0
    outer loop
      vertex 18.4799 -3.70407 2
      vertex 18.8334 -3.49217 0
      vertex 18.4799 -3.70407 0
    endloop
  endfacet
  facet normal -0.671668 0.740852 0
    outer loop
      vertex 19.4698 -2.96985 0
      vertex 19.1645 -3.24664 2
      vertex 19.4698 -2.96985 2
    endloop
  endfacet
  facet normal -0.671668 0.740852 0
    outer loop
      vertex 19.1645 -3.24664 2
      vertex 19.4698 -2.96985 0
      vertex 19.1645 -3.24664 0
    endloop
  endfacet
  facet normal -0.595652 0.803243 0
    outer loop
      vertex 19.1645 -3.24664 0
      vertex 18.8334 -3.49217 2
      vertex 19.1645 -3.24664 2
    endloop
  endfacet
  facet normal -0.595652 0.803243 0
    outer loop
      vertex 18.8334 -3.49217 2
      vertex 19.1645 -3.24664 0
      vertex 18.8334 -3.49217 0
    endloop
  endfacet
  facet normal -0.803127 0.595808 0
    outer loop
      vertex 19.7466 -2.66445 0
      vertex 19.9922 -2.33339 2
      vertex 19.9922 -2.33339 0
    endloop
  endfacet
  facet normal -0.803127 0.595808 0
    outer loop
      vertex 19.9922 -2.33339 2
      vertex 19.7466 -2.66445 0
      vertex 19.7466 -2.66445 2
    endloop
  endfacet
  facet normal -0.85772 0.514117 0
    outer loop
      vertex 19.9922 -2.33339 0
      vertex 20.2041 -1.97987 2
      vertex 20.2041 -1.97987 0
    endloop
  endfacet
  facet normal -0.85772 0.514117 0
    outer loop
      vertex 20.2041 -1.97987 2
      vertex 19.9922 -2.33339 0
      vertex 19.9922 -2.33339 2
    endloop
  endfacet
  facet normal 0.671668 0.740852 -0
    outer loop
      vertex 13.8355 -3.24664 0
      vertex 13.5302 -2.96985 2
      vertex 13.8355 -3.24664 2
    endloop
  endfacet
  facet normal 0.671668 0.740852 0
    outer loop
      vertex 13.5302 -2.96985 2
      vertex 13.8355 -3.24664 0
      vertex 13.5302 -2.96985 0
    endloop
  endfacet
  facet normal 0.595652 0.803243 -0
    outer loop
      vertex 14.1666 -3.49217 0
      vertex 13.8355 -3.24664 2
      vertex 14.1666 -3.49217 2
    endloop
  endfacet
  facet normal 0.595652 0.803243 0
    outer loop
      vertex 13.8355 -3.24664 2
      vertex 14.1666 -3.49217 0
      vertex 13.8355 -3.24664 0
    endloop
  endfacet
  facet normal 0.514139 0.857707 -0
    outer loop
      vertex 14.5201 -3.70407 0
      vertex 14.1666 -3.49217 2
      vertex 14.5201 -3.70407 2
    endloop
  endfacet
  facet normal 0.514139 0.857707 0
    outer loop
      vertex 14.1666 -3.49217 2
      vertex 14.5201 -3.70407 0
      vertex 14.1666 -3.49217 0
    endloop
  endfacet
  facet normal 0.146739 0.989175 -0
    outer loop
      vertex 16.0883 -4.17978 0
      vertex 15.6806 -4.1193 2
      vertex 16.0883 -4.17978 2
    endloop
  endfacet
  facet normal 0.146739 0.989175 0
    outer loop
      vertex 15.6806 -4.1193 2
      vertex 16.0883 -4.17978 0
      vertex 15.6806 -4.1193 0
    endloop
  endfacet
  facet normal 0.904014 0.427502 0
    outer loop
      vertex 12.7959 -1.97987 2
      vertex 12.6197 -1.60727 0
      vertex 12.6197 -1.60727 2
    endloop
  endfacet
  facet normal 0.904014 0.427502 0
    outer loop
      vertex 12.6197 -1.60727 0
      vertex 12.7959 -1.97987 2
      vertex 12.7959 -1.97987 0
    endloop
  endfacet
  facet normal 0.941585 0.336774 0
    outer loop
      vertex 12.6197 -1.60727 2
      vertex 12.4809 -1.2192 0
      vertex 12.4809 -1.2192 2
    endloop
  endfacet
  facet normal 0.941585 0.336774 0
    outer loop
      vertex 12.4809 -1.2192 0
      vertex 12.6197 -1.60727 2
      vertex 12.6197 -1.60727 0
    endloop
  endfacet
  facet normal 0.998798 0.0490092 0
    outer loop
      vertex 12.3202 -0.411672 2
      vertex 12.3 0 0
      vertex 12.3 0 2
    endloop
  endfacet
  facet normal 0.998798 0.0490092 0
    outer loop
      vertex 12.3 0 0
      vertex 12.3202 -0.411672 2
      vertex 12.3202 -0.411672 0
    endloop
  endfacet
  facet normal -0.740949 -0.671561 0
    outer loop
      vertex 19.7466 2.66445 0
      vertex 19.4698 2.96985 2
      vertex 19.4698 2.96985 0
    endloop
  endfacet
  facet normal -0.740949 -0.671561 0
    outer loop
      vertex 19.4698 2.96985 2
      vertex 19.7466 2.66445 0
      vertex 19.7466 2.66445 2
    endloop
  endfacet
  facet normal -0.33688 -0.941547 0
    outer loop
      vertex 17.7192 4.01915 0
      vertex 18.1073 3.88029 2
      vertex 17.7192 4.01915 2
    endloop
  endfacet
  facet normal -0.33688 -0.941547 -0
    outer loop
      vertex 18.1073 3.88029 2
      vertex 17.7192 4.01915 0
      vertex 18.1073 3.88029 0
    endloop
  endfacet
  facet normal 0.740949 -0.671561 0
    outer loop
      vertex 13.2534 2.66445 2
      vertex 13.5302 2.96985 0
      vertex 13.5302 2.96985 2
    endloop
  endfacet
  facet normal 0.740949 -0.671561 0
    outer loop
      vertex 13.5302 2.96985 0
      vertex 13.2534 2.66445 2
      vertex 13.2534 2.66445 0
    endloop
  endfacet
  facet normal 0.941585 -0.336774 0
    outer loop
      vertex 12.4809 1.2192 2
      vertex 12.6197 1.60727 0
      vertex 12.6197 1.60727 2
    endloop
  endfacet
  facet normal 0.941585 -0.336774 0
    outer loop
      vertex 12.6197 1.60727 0
      vertex 12.4809 1.2192 2
      vertex 12.4809 1.2192 0
    endloop
  endfacet
  facet normal 0.242992 -0.970028 0
    outer loop
      vertex 15.2808 4.01915 0
      vertex 15.6806 4.1193 2
      vertex 15.2808 4.01915 2
    endloop
  endfacet
  facet normal 0.242992 -0.970028 0
    outer loop
      vertex 15.6806 4.1193 2
      vertex 15.2808 4.01915 0
      vertex 15.6806 4.1193 0
    endloop
  endfacet
  facet normal -0.146739 0.989175 0
    outer loop
      vertex 17.3194 -4.1193 0
      vertex 16.9117 -4.17978 2
      vertex 17.3194 -4.1193 2
    endloop
  endfacet
  facet normal -0.146739 0.989175 0
    outer loop
      vertex 16.9117 -4.17978 2
      vertex 17.3194 -4.1193 0
      vertex 16.9117 -4.17978 0
    endloop
  endfacet
  facet normal -0.427542 0.903996 0
    outer loop
      vertex 18.4799 -3.70407 0
      vertex 18.1073 -3.88029 2
      vertex 18.4799 -3.70407 2
    endloop
  endfacet
  facet normal -0.427542 0.903996 0
    outer loop
      vertex 18.1073 -3.88029 2
      vertex 18.4799 -3.70407 0
      vertex 18.1073 -3.88029 0
    endloop
  endfacet
  facet normal -0.941585 0.336774 0
    outer loop
      vertex 20.3803 -1.60727 0
      vertex 20.5191 -1.2192 2
      vertex 20.5191 -1.2192 0
    endloop
  endfacet
  facet normal -0.941585 0.336774 0
    outer loop
      vertex 20.5191 -1.2192 2
      vertex 20.3803 -1.60727 0
      vertex 20.3803 -1.60727 2
    endloop
  endfacet
  facet normal -0.989169 0.146784 0
    outer loop
      vertex 20.6193 -0.819379 0
      vertex 20.6798 -0.411672 2
      vertex 20.6798 -0.411672 0
    endloop
  endfacet
  facet normal -0.989169 0.146784 0
    outer loop
      vertex 20.6798 -0.411672 2
      vertex 20.6193 -0.819379 0
      vertex 20.6193 -0.819379 2
    endloop
  endfacet
  facet normal 0.427542 0.903996 -0
    outer loop
      vertex 14.8927 -3.88029 0
      vertex 14.5201 -3.70407 2
      vertex 14.8927 -3.88029 2
    endloop
  endfacet
  facet normal 0.427542 0.903996 0
    outer loop
      vertex 14.5201 -3.70407 2
      vertex 14.8927 -3.88029 0
      vertex 14.5201 -3.70407 0
    endloop
  endfacet
  facet normal 0.242992 0.970028 -0
    outer loop
      vertex 15.6806 -4.1193 0
      vertex 15.2808 -4.01915 2
      vertex 15.6806 -4.1193 2
    endloop
  endfacet
  facet normal 0.242992 0.970028 0
    outer loop
      vertex 15.2808 -4.01915 2
      vertex 15.6806 -4.1193 0
      vertex 15.2808 -4.01915 0
    endloop
  endfacet
  facet normal 0.85772 0.514117 0
    outer loop
      vertex 13.0078 -2.33339 2
      vertex 12.7959 -1.97987 0
      vertex 12.7959 -1.97987 2
    endloop
  endfacet
  facet normal 0.85772 0.514117 0
    outer loop
      vertex 12.7959 -1.97987 0
      vertex 13.0078 -2.33339 2
      vertex 13.0078 -2.33339 0
    endloop
  endfacet
  facet normal 0.989169 0.146784 0
    outer loop
      vertex 12.3807 -0.819379 2
      vertex 12.3202 -0.411672 0
      vertex 12.3202 -0.411672 2
    endloop
  endfacet
  facet normal 0.989169 0.146784 0
    outer loop
      vertex 12.3202 -0.411672 0
      vertex 12.3807 -0.819379 2
      vertex 12.3807 -0.819379 0
    endloop
  endfacet
  facet normal -0.33688 0.941547 0
    outer loop
      vertex 18.1073 -3.88029 0
      vertex 17.7192 -4.01915 2
      vertex 18.1073 -3.88029 2
    endloop
  endfacet
  facet normal -0.33688 0.941547 0
    outer loop
      vertex 17.7192 -4.01915 2
      vertex 18.1073 -3.88029 0
      vertex 17.7192 -4.01915 0
    endloop
  endfacet
  facet normal 0.998794 0.0490893 0
    outer loop
      vertex 38.75 0 2
      vertex 38.7223 0.563598 0
      vertex 38.7223 0.563598 2
    endloop
  endfacet
  facet normal 0.998794 0.0490893 0
    outer loop
      vertex 38.7223 0.563598 0
      vertex 38.75 0 2
      vertex 38.75 0 0
    endloop
  endfacet
  facet normal -0.998794 0.0490893 0
    outer loop
      vertex 27.25 0 0
      vertex 27.2777 0.563598 2
      vertex 27.2777 0.563598 0
    endloop
  endfacet
  facet normal -0.998794 0.0490893 0
    outer loop
      vertex 27.2777 0.563598 2
      vertex 27.25 0 0
      vertex 27.25 0 2
    endloop
  endfacet
  facet normal 0.0490714 0.998795 -0
    outer loop
      vertex 33.5636 5.72231 0
      vertex 33 5.75 2
      vertex 33.5636 5.72231 2
    endloop
  endfacet
  facet normal 0.0490714 0.998795 0
    outer loop
      vertex 33 5.75 2
      vertex 33.5636 5.72231 0
      vertex 33 5.75 0
    endloop
  endfacet
  facet normal -0.0490714 -0.998795 0
    outer loop
      vertex 32.4364 -5.72231 0
      vertex 33 -5.75 2
      vertex 32.4364 -5.72231 2
    endloop
  endfacet
  facet normal -0.0490714 -0.998795 -0
    outer loop
      vertex 33 -5.75 2
      vertex 32.4364 -5.72231 0
      vertex 33 -5.75 0
    endloop
  endfacet
  facet normal -0.74099 -0.671516 0
    outer loop
      vertex 28.9341 -4.06586 0
      vertex 28.5552 -3.64776 2
      vertex 28.5552 -3.64776 0
    endloop
  endfacet
  facet normal -0.74099 -0.671516 0
    outer loop
      vertex 28.5552 -3.64776 2
      vertex 28.9341 -4.06586 0
      vertex 28.9341 -4.06586 2
    endloop
  endfacet
  facet normal 0.671565 0.740946 -0
    outer loop
      vertex 37.0659 4.06586 0
      vertex 36.6478 4.44481 2
      vertex 37.0659 4.06586 2
    endloop
  endfacet
  facet normal 0.671565 0.740946 0
    outer loop
      vertex 36.6478 4.44481 2
      vertex 37.0659 4.06586 0
      vertex 36.6478 4.44481 0
    endloop
  endfacet
  facet normal -0.671565 0.740946 0
    outer loop
      vertex 29.3522 4.44481 0
      vertex 28.9341 4.06586 2
      vertex 29.3522 4.44481 2
    endloop
  endfacet
  facet normal -0.671565 0.740946 0
    outer loop
      vertex 28.9341 4.06586 2
      vertex 29.3522 4.44481 0
      vertex 28.9341 4.06586 0
    endloop
  endfacet
  facet normal -0.336886 0.941545 0
    outer loop
      vertex 31.3309 5.50241 0
      vertex 30.7996 5.31231 2
      vertex 31.3309 5.50241 2
    endloop
  endfacet
  facet normal -0.336886 0.941545 0
    outer loop
      vertex 30.7996 5.31231 2
      vertex 31.3309 5.50241 0
      vertex 30.7996 5.31231 0
    endloop
  endfacet
  facet normal 0.903961 0.427614 0
    outer loop
      vertex 38.3123 2.20043 2
      vertex 38.071 2.71053 0
      vertex 38.071 2.71053 2
    endloop
  endfacet
  facet normal 0.903961 0.427614 0
    outer loop
      vertex 38.071 2.71053 0
      vertex 38.3123 2.20043 2
      vertex 38.3123 2.20043 0
    endloop
  endfacet
  facet normal 0.336886 0.941545 -0
    outer loop
      vertex 35.2004 5.31231 0
      vertex 34.6691 5.50241 2
      vertex 35.2004 5.31231 2
    endloop
  endfacet
  facet normal 0.336886 0.941545 0
    outer loop
      vertex 34.6691 5.50241 2
      vertex 35.2004 5.31231 0
      vertex 34.6691 5.50241 0
    endloop
  endfacet
  facet normal 0.242994 0.970028 -0
    outer loop
      vertex 34.6691 5.50241 0
      vertex 34.1218 5.63951 2
      vertex 34.6691 5.50241 2
    endloop
  endfacet
  facet normal 0.242994 0.970028 0
    outer loop
      vertex 34.1218 5.63951 2
      vertex 34.6691 5.50241 0
      vertex 34.1218 5.63951 0
    endloop
  endfacet
  facet normal 0.514105 0.857727 -0
    outer loop
      vertex 36.1945 4.78095 0
      vertex 35.7105 5.07105 2
      vertex 36.1945 4.78095 2
    endloop
  endfacet
  facet normal 0.514105 0.857727 0
    outer loop
      vertex 35.7105 5.07105 2
      vertex 36.1945 4.78095 0
      vertex 35.7105 5.07105 0
    endloop
  endfacet
  facet normal -0.903961 0.427614 0
    outer loop
      vertex 27.6877 2.20043 0
      vertex 27.929 2.71053 2
      vertex 27.929 2.71053 0
    endloop
  endfacet
  facet normal -0.903961 0.427614 0
    outer loop
      vertex 27.929 2.71053 2
      vertex 27.6877 2.20043 0
      vertex 27.6877 2.20043 2
    endloop
  endfacet
  facet normal -0.146728 0.989177 0
    outer loop
      vertex 32.4364 5.72231 0
      vertex 31.8782 5.63951 2
      vertex 32.4364 5.72231 2
    endloop
  endfacet
  facet normal -0.146728 0.989177 0
    outer loop
      vertex 31.8782 5.63951 2
      vertex 32.4364 5.72231 0
      vertex 31.8782 5.63951 0
    endloop
  endfacet
  facet normal 0.941543 -0.336892 0
    outer loop
      vertex 38.3123 -2.20043 2
      vertex 38.5024 -1.66914 0
      vertex 38.5024 -1.66914 2
    endloop
  endfacet
  facet normal 0.941543 -0.336892 0
    outer loop
      vertex 38.5024 -1.66914 0
      vertex 38.3123 -2.20043 2
      vertex 38.3123 -2.20043 0
    endloop
  endfacet
  facet normal 0 0 -1
    outer loop
      vertex 37.2 0 0
      vertex 38.75 0 0
      vertex 38.7223 -0.563598 0
    endloop
  endfacet
  facet normal 0 0 -1
    outer loop
      vertex 37.1798 -0.411672 0
      vertex 38.7223 -0.563598 0
      vertex 38.6395 -1.12177 0
    endloop
  endfacet
  facet normal 0 0 -1
    outer loop
      vertex 38.75 0 0
      vertex 37.2 0 0
      vertex 38.7223 0.563598 0
    endloop
  endfacet
  facet normal 0 0 -1
    outer loop
      vertex 37.1193 -0.819379 0
      vertex 38.6395 -1.12177 0
      vertex 38.5024 -1.66914 0
    endloop
  endfacet
  facet normal 0 0 -1
    outer loop
      vertex 37.1798 0.411672 0
      vertex 38.7223 0.563598 0
      vertex 37.2 0 0
    endloop
  endfacet
  facet normal 0 0 -1
    outer loop
      vertex 37.0191 -1.2192 0
      vertex 38.5024 -1.66914 0
      vertex 38.3123 -2.20043 0
    endloop
  endfacet
  facet normal -0 0 -1
    outer loop
      vertex 38.7223 0.563598 0
      vertex 37.1798 0.411672 0
      vertex 38.6395 1.12177 0
    endloop
  endfacet
  facet normal 0 0 -1
    outer loop
      vertex 36.8803 -1.60727 0
      vertex 38.3123 -2.20043 0
      vertex 38.071 -2.71053 0
    endloop
  endfacet
  facet normal 0 0 -1
    outer loop
      vertex 37.1193 0.819379 0
      vertex 38.6395 1.12177 0
      vertex 37.1798 0.411672 0
    endloop
  endfacet
  facet normal 0 0 -1
    outer loop
      vertex 36.7041 -1.97987 0
      vertex 38.071 -2.71053 0
      vertex 37.7809 -3.19453 0
    endloop
  endfacet
  facet normal -0 0 -1
    outer loop
      vertex 38.6395 1.12177 0
      vertex 37.1193 0.819379 0
      vertex 38.5024 1.66914 0
    endloop
  endfacet
  facet normal 0 0 -1
    outer loop
      vertex 36.4922 -2.33339 0
      vertex 37.7809 -3.19453 0
      vertex 37.4448 -3.64776 0
    endloop
  endfacet
  facet normal 0 0 -1
    outer loop
      vertex 37.0191 1.2192 0
      vertex 38.5024 1.66914 0
      vertex 37.1193 0.819379 0
    endloop
  endfacet
  facet normal -0 0 -1
    outer loop
      vertex 38.5024 1.66914 0
      vertex 37.0191 1.2192 0
      vertex 38.3123 2.20043 0
    endloop
  endfacet
  facet normal 0 0 -1
    outer loop
      vertex 38.7223 -0.563598 0
      vertex 37.1798 -0.411672 0
      vertex 37.2 0 0
    endloop
  endfacet
  facet normal 0 0 -1
    outer loop
      vertex 38.6395 -1.12177 0
      vertex 37.1193 -0.819379 0
      vertex 37.1798 -0.411672 0
    endloop
  endfacet
  facet normal 0 0 -1
    outer loop
      vertex 36.2466 -2.66445 0
      vertex 37.4448 -3.64776 0
      vertex 37.0659 -4.06586 0
    endloop
  endfacet
  facet normal 0 0 -1
    outer loop
      vertex 38.5024 -1.66914 0
      vertex 37.0191 -1.2192 0
      vertex 37.1193 -0.819379 0
    endloop
  endfacet
  facet normal 0 0 -1
    outer loop
      vertex 38.3123 -2.20043 0
      vertex 36.8803 -1.60727 0
      vertex 37.0191 -1.2192 0
    endloop
  endfacet
  facet normal 0 0 -1
    outer loop
      vertex 38.071 -2.71053 0
      vertex 36.7041 -1.97987 0
      vertex 36.8803 -1.60727 0
    endloop
  endfacet
  facet normal 0 0 -1
    outer loop
      vertex 35.9698 -2.96985 0
      vertex 37.0659 -4.06586 0
      vertex 36.6478 -4.44481 0
    endloop
  endfacet
  facet normal 0 0 -1
    outer loop
      vertex 37.7809 -3.19453 0
      vertex 36.4922 -2.33339 0
      vertex 36.7041 -1.97987 0
    endloop
  endfacet
  facet normal 0 0 -1
    outer loop
      vertex 37.4448 -3.64776 0
      vertex 36.2466 -2.66445 0
      vertex 36.4922 -2.33339 0
    endloop
  endfacet
  facet normal 0 0 -1
    outer loop
      vertex 35.6645 -3.24664 0
      vertex 36.6478 -4.44481 0
      vertex 36.1945 -4.78095 0
    endloop
  endfacet
  facet normal 0 0 -1
    outer loop
      vertex 37.0659 -4.06586 0
      vertex 35.9698 -2.96985 0
      vertex 36.2466 -2.66445 0
    endloop
  endfacet
  facet normal 0 0 -1
    outer loop
      vertex 35.3334 -3.49217 0
      vertex 36.1945 -4.78095 0
      vertex 35.7105 -5.07105 0
    endloop
  endfacet
  facet normal 0 0 -1
    outer loop
      vertex 36.6478 -4.44481 0
      vertex 35.6645 -3.24664 0
      vertex 35.9698 -2.96985 0
    endloop
  endfacet
  facet normal 0 0 -1
    outer loop
      vertex 36.1945 -4.78095 0
      vertex 35.3334 -3.49217 0
      vertex 35.6645 -3.24664 0
    endloop
  endfacet
  facet normal 0 0 -1
    outer loop
      vertex 34.9799 -3.70407 0
      vertex 35.7105 -5.07105 0
      vertex 35.2004 -5.31231 0
    endloop
  endfacet
  facet normal 0 0 -1
    outer loop
      vertex 35.7105 -5.07105 0
      vertex 34.9799 -3.70407 0
      vertex 35.3334 -3.49217 0
    endloop
  endfacet
  facet normal 0 0 -1
    outer loop
      vertex 34.6073 -3.88029 0
      vertex 35.2004 -5.31231 0
      vertex 34.6691 -5.50241 0
    endloop
  endfacet
  facet normal 0 0 -1
    outer loop
      vertex 35.2004 -5.31231 0
      vertex 34.6073 -3.88029 0
      vertex 34.9799 -3.70407 0
    endloop
  endfacet
  facet normal 0 0 -1
    outer loop
      vertex 34.6691 -5.50241 0
      vertex 34.2192 -4.01915 0
      vertex 34.6073 -3.88029 0
    endloop
  endfacet
  facet normal 0 0 -1
    outer loop
      vertex 34.1218 -5.63951 0
      vertex 34.2192 -4.01915 0
      vertex 34.6691 -5.50241 0
    endloop
  endfacet
  facet normal 0 0 -1
    outer loop
      vertex 34.1218 -5.63951 0
      vertex 33.8194 -4.1193 0
      vertex 34.2192 -4.01915 0
    endloop
  endfacet
  facet normal 0 0 -1
    outer loop
      vertex 33.5636 -5.72231 0
      vertex 33.8194 -4.1193 0
      vertex 34.1218 -5.63951 0
    endloop
  endfacet
  facet normal 0 0 -1
    outer loop
      vertex 33.5636 -5.72231 0
      vertex 33.4117 -4.17978 0
      vertex 33.8194 -4.1193 0
    endloop
  endfacet
  facet normal 0 0 -1
    outer loop
      vertex 33 -5.75 0
      vertex 33.4117 -4.17978 0
      vertex 33.5636 -5.72231 0
    endloop
  endfacet
  facet normal 0 0 -1
    outer loop
      vertex 33 -5.75 0
      vertex 33 -4.2 0
      vertex 33.4117 -4.17978 0
    endloop
  endfacet
  facet normal 0 0 -1
    outer loop
      vertex 33 -5.75 0
      vertex 32.5883 -4.17978 0
      vertex 33 -4.2 0
    endloop
  endfacet
  facet normal 0 0 -1
    outer loop
      vertex 32.4364 -5.72231 0
      vertex 32.5883 -4.17978 0
      vertex 33 -5.75 0
    endloop
  endfacet
  facet normal 0 0 -1
    outer loop
      vertex 32.4364 -5.72231 0
      vertex 32.1806 -4.1193 0
      vertex 32.5883 -4.17978 0
    endloop
  endfacet
  facet normal 0 0 -1
    outer loop
      vertex 31.8782 -5.63951 0
      vertex 32.1806 -4.1193 0
      vertex 32.4364 -5.72231 0
    endloop
  endfacet
  facet normal 0 0 -1
    outer loop
      vertex 31.8782 -5.63951 0
      vertex 31.7808 -4.01915 0
      vertex 32.1806 -4.1193 0
    endloop
  endfacet
  facet normal 0 0 -1
    outer loop
      vertex 31.3309 -5.50241 0
      vertex 31.7808 -4.01915 0
      vertex 31.8782 -5.63951 0
    endloop
  endfacet
  facet normal -0 0 -1
    outer loop
      vertex 31.7808 -4.01915 0
      vertex 31.3309 -5.50241 0
      vertex 31.3927 -3.88029 0
    endloop
  endfacet
  facet normal 0 0 -1
    outer loop
      vertex 30.7996 -5.31231 0
      vertex 31.3927 -3.88029 0
      vertex 31.3309 -5.50241 0
    endloop
  endfacet
  facet normal -0 0 -1
    outer loop
      vertex 31.3927 -3.88029 0
      vertex 30.7996 -5.31231 0
      vertex 31.0201 -3.70407 0
    endloop
  endfacet
  facet normal 0 0 -1
    outer loop
      vertex 30.2895 -5.07105 0
      vertex 31.0201 -3.70407 0
      vertex 30.7996 -5.31231 0
    endloop
  endfacet
  facet normal -0 0 -1
    outer loop
      vertex 31.0201 -3.70407 0
      vertex 30.2895 -5.07105 0
      vertex 30.6666 -3.49217 0
    endloop
  endfacet
  facet normal 0 0 -1
    outer loop
      vertex 29.8055 -4.78095 0
      vertex 30.6666 -3.49217 0
      vertex 30.2895 -5.07105 0
    endloop
  endfacet
  facet normal -0 0 -1
    outer loop
      vertex 30.6666 -3.49217 0
      vertex 29.8055 -4.78095 0
      vertex 30.3355 -3.24664 0
    endloop
  endfacet
  facet normal 0 0 -1
    outer loop
      vertex 29.3522 -4.44481 0
      vertex 30.3355 -3.24664 0
      vertex 29.8055 -4.78095 0
    endloop
  endfacet
  facet normal -0 0 -1
    outer loop
      vertex 30.3355 -3.24664 0
      vertex 29.3522 -4.44481 0
      vertex 30.0302 -2.96985 0
    endloop
  endfacet
  facet normal 0 0 -1
    outer loop
      vertex 28.9341 -4.06586 0
      vertex 30.0302 -2.96985 0
      vertex 29.3522 -4.44481 0
    endloop
  endfacet
  facet normal -0 0 -1
    outer loop
      vertex 30.0302 -2.96985 0
      vertex 28.9341 -4.06586 0
      vertex 29.7534 -2.66445 0
    endloop
  endfacet
  facet normal 0 0 -1
    outer loop
      vertex 28.5552 -3.64776 0
      vertex 29.7534 -2.66445 0
      vertex 28.9341 -4.06586 0
    endloop
  endfacet
  facet normal -0 0 -1
    outer loop
      vertex 29.7534 -2.66445 0
      vertex 28.5552 -3.64776 0
      vertex 29.5078 -2.33339 0
    endloop
  endfacet
  facet normal 0 0 -1
    outer loop
      vertex 28.2191 -3.19453 0
      vertex 29.5078 -2.33339 0
      vertex 28.5552 -3.64776 0
    endloop
  endfacet
  facet normal -0 0 -1
    outer loop
      vertex 29.5078 -2.33339 0
      vertex 28.2191 -3.19453 0
      vertex 29.2959 -1.97987 0
    endloop
  endfacet
  facet normal 0 0 -1
    outer loop
      vertex 27.929 -2.71053 0
      vertex 29.2959 -1.97987 0
      vertex 28.2191 -3.19453 0
    endloop
  endfacet
  facet normal -0 0 -1
    outer loop
      vertex 29.2959 -1.97987 0
      vertex 27.929 -2.71053 0
      vertex 29.1197 -1.60727 0
    endloop
  endfacet
  facet normal 0 0 -1
    outer loop
      vertex 27.6877 -2.20043 0
      vertex 29.1197 -1.60727 0
      vertex 27.929 -2.71053 0
    endloop
  endfacet
  facet normal -0 0 -1
    outer loop
      vertex 29.1197 -1.60727 0
      vertex 27.6877 -2.20043 0
      vertex 28.9809 -1.2192 0
    endloop
  endfacet
  facet normal 0 0 -1
    outer loop
      vertex 36.8803 1.60727 0
      vertex 38.3123 2.20043 0
      vertex 37.0191 1.2192 0
    endloop
  endfacet
  facet normal -0 0 -1
    outer loop
      vertex 38.3123 2.20043 0
      vertex 36.8803 1.60727 0
      vertex 38.071 2.71053 0
    endloop
  endfacet
  facet normal 0 0 -1
    outer loop
      vertex 36.7041 1.97987 0
      vertex 38.071 2.71053 0
      vertex 36.8803 1.60727 0
    endloop
  endfacet
  facet normal -0 0 -1
    outer loop
      vertex 38.071 2.71053 0
      vertex 36.7041 1.97987 0
      vertex 37.7809 3.19453 0
    endloop
  endfacet
  facet normal 0 0 -1
    outer loop
      vertex 36.4922 2.33339 0
      vertex 37.7809 3.19453 0
      vertex 36.7041 1.97987 0
    endloop
  endfacet
  facet normal -0 0 -1
    outer loop
      vertex 37.7809 3.19453 0
      vertex 36.4922 2.33339 0
      vertex 37.4448 3.64776 0
    endloop
  endfacet
  facet normal 0 0 -1
    outer loop
      vertex 36.2466 2.66445 0
      vertex 37.4448 3.64776 0
      vertex 36.4922 2.33339 0
    endloop
  endfacet
  facet normal -0 0 -1
    outer loop
      vertex 37.4448 3.64776 0
      vertex 36.2466 2.66445 0
      vertex 37.0659 4.06586 0
    endloop
  endfacet
  facet normal 0 0 -1
    outer loop
      vertex 35.9698 2.96985 0
      vertex 37.0659 4.06586 0
      vertex 36.2466 2.66445 0
    endloop
  endfacet
  facet normal -0 0 -1
    outer loop
      vertex 37.0659 4.06586 0
      vertex 35.9698 2.96985 0
      vertex 36.6478 4.44481 0
    endloop
  endfacet
  facet normal 0 0 -1
    outer loop
      vertex 35.6645 3.24664 0
      vertex 36.6478 4.44481 0
      vertex 35.9698 2.96985 0
    endloop
  endfacet
  facet normal -0 0 -1
    outer loop
      vertex 36.6478 4.44481 0
      vertex 35.6645 3.24664 0
      vertex 36.1945 4.78095 0
    endloop
  endfacet
  facet normal 0 0 -1
    outer loop
      vertex 35.3334 3.49217 0
      vertex 36.1945 4.78095 0
      vertex 35.6645 3.24664 0
    endloop
  endfacet
  facet normal -0 0 -1
    outer loop
      vertex 36.1945 4.78095 0
      vertex 35.3334 3.49217 0
      vertex 35.7105 5.07105 0
    endloop
  endfacet
  facet normal 0 0 -1
    outer loop
      vertex 34.9799 3.70407 0
      vertex 35.7105 5.07105 0
      vertex 35.3334 3.49217 0
    endloop
  endfacet
  facet normal -0 0 -1
    outer loop
      vertex 35.7105 5.07105 0
      vertex 34.9799 3.70407 0
      vertex 35.2004 5.31231 0
    endloop
  endfacet
  facet normal 0 0 -1
    outer loop
      vertex 34.6073 3.88029 0
      vertex 35.2004 5.31231 0
      vertex 34.9799 3.70407 0
    endloop
  endfacet
  facet normal -0 0 -1
    outer loop
      vertex 35.2004 5.31231 0
      vertex 34.6073 3.88029 0
      vertex 34.6691 5.50241 0
    endloop
  endfacet
  facet normal 0 0 -1
    outer loop
      vertex 34.2192 4.01915 0
      vertex 34.6691 5.50241 0
      vertex 34.6073 3.88029 0
    endloop
  endfacet
  facet normal 0 0 -1
    outer loop
      vertex 34.2192 4.01915 0
      vertex 34.1218 5.63951 0
      vertex 34.6691 5.50241 0
    endloop
  endfacet
  facet normal 0 0 -1
    outer loop
      vertex 33.8194 4.1193 0
      vertex 34.1218 5.63951 0
      vertex 34.2192 4.01915 0
    endloop
  endfacet
  facet normal 0 0 -1
    outer loop
      vertex 33.8194 4.1193 0
      vertex 33.5636 5.72231 0
      vertex 34.1218 5.63951 0
    endloop
  endfacet
  facet normal 0 0 -1
    outer loop
      vertex 33.4117 4.17978 0
      vertex 33.5636 5.72231 0
      vertex 33.8194 4.1193 0
    endloop
  endfacet
  facet normal 0 0 -1
    outer loop
      vertex 33 4.2 0
      vertex 33.5636 5.72231 0
      vertex 33.4117 4.17978 0
    endloop
  endfacet
  facet normal 0 0 -1
    outer loop
      vertex 33 4.2 0
      vertex 33 5.75 0
      vertex 33.5636 5.72231 0
    endloop
  endfacet
  facet normal 0 0 -1
    outer loop
      vertex 32.5883 4.17978 0
      vertex 33 5.75 0
      vertex 33 4.2 0
    endloop
  endfacet
  facet normal 0 0 -1
    outer loop
      vertex 32.5883 4.17978 0
      vertex 32.4364 5.72231 0
      vertex 33 5.75 0
    endloop
  endfacet
  facet normal 0 0 -1
    outer loop
      vertex 32.1806 4.1193 0
      vertex 32.4364 5.72231 0
      vertex 32.5883 4.17978 0
    endloop
  endfacet
  facet normal 0 0 -1
    outer loop
      vertex 32.1806 4.1193 0
      vertex 31.8782 5.63951 0
      vertex 32.4364 5.72231 0
    endloop
  endfacet
  facet normal 0 0 -1
    outer loop
      vertex 31.7808 4.01915 0
      vertex 31.8782 5.63951 0
      vertex 32.1806 4.1193 0
    endloop
  endfacet
  facet normal 0 0 -1
    outer loop
      vertex 31.3309 5.50241 0
      vertex 31.7808 4.01915 0
      vertex 31.3927 3.88029 0
    endloop
  endfacet
  facet normal 0 0 -1
    outer loop
      vertex 31.7808 4.01915 0
      vertex 31.3309 5.50241 0
      vertex 31.8782 5.63951 0
    endloop
  endfacet
  facet normal 0 0 -1
    outer loop
      vertex 30.7996 5.31231 0
      vertex 31.3927 3.88029 0
      vertex 31.0201 3.70407 0
    endloop
  endfacet
  facet normal 0 0 -1
    outer loop
      vertex 31.3927 3.88029 0
      vertex 30.7996 5.31231 0
      vertex 31.3309 5.50241 0
    endloop
  endfacet
  facet normal 0 0 -1
    outer loop
      vertex 30.2895 5.07105 0
      vertex 31.0201 3.70407 0
      vertex 30.6666 3.49217 0
    endloop
  endfacet
  facet normal 0 0 -1
    outer loop
      vertex 29.8055 4.78095 0
      vertex 30.6666 3.49217 0
      vertex 30.3355 3.24664 0
    endloop
  endfacet
  facet normal 0 0 -1
    outer loop
      vertex 31.0201 3.70407 0
      vertex 30.2895 5.07105 0
      vertex 30.7996 5.31231 0
    endloop
  endfacet
  facet normal 0 0 -1
    outer loop
      vertex 29.3522 4.44481 0
      vertex 30.3355 3.24664 0
      vertex 30.0302 2.96985 0
    endloop
  endfacet
  facet normal 0 0 -1
    outer loop
      vertex 30.6666 3.49217 0
      vertex 29.8055 4.78095 0
      vertex 30.2895 5.07105 0
    endloop
  endfacet
  facet normal 0 0 -1
    outer loop
      vertex 28.9341 4.06586 0
      vertex 30.0302 2.96985 0
      vertex 29.7534 2.66445 0
    endloop
  endfacet
  facet normal 0 0 -1
    outer loop
      vertex 28.5552 3.64776 0
      vertex 29.7534 2.66445 0
      vertex 29.5078 2.33339 0
    endloop
  endfacet
  facet normal 0 0 -1
    outer loop
      vertex 30.3355 3.24664 0
      vertex 29.3522 4.44481 0
      vertex 29.8055 4.78095 0
    endloop
  endfacet
  facet normal 0 0 -1
    outer loop
      vertex 28.2191 3.19453 0
      vertex 29.5078 2.33339 0
      vertex 29.2959 1.97987 0
    endloop
  endfacet
  facet normal 0 0 -1
    outer loop
      vertex 27.929 2.71053 0
      vertex 29.2959 1.97987 0
      vertex 29.1197 1.60727 0
    endloop
  endfacet
  facet normal 0 0 -1
    outer loop
      vertex 27.6877 2.20043 0
      vertex 29.1197 1.60727 0
      vertex 28.9809 1.2192 0
    endloop
  endfacet
  facet normal 0 0 -1
    outer loop
      vertex 30.0302 2.96985 0
      vertex 28.9341 4.06586 0
      vertex 29.3522 4.44481 0
    endloop
  endfacet
  facet normal 0 0 -1
    outer loop
      vertex 27.4976 1.66914 0
      vertex 28.9809 1.2192 0
      vertex 28.8807 0.819379 0
    endloop
  endfacet
  facet normal 0 0 -1
    outer loop
      vertex 27.3605 1.12177 0
      vertex 28.8807 0.819379 0
      vertex 28.8202 0.411672 0
    endloop
  endfacet
  facet normal 0 0 -1
    outer loop
      vertex 27.2777 0.563598 0
      vertex 28.8202 0.411672 0
      vertex 28.8 0 0
    endloop
  endfacet
  facet normal 0 0 -1
    outer loop
      vertex 27.4976 -1.66914 0
      vertex 28.9809 -1.2192 0
      vertex 27.6877 -2.20043 0
    endloop
  endfacet
  facet normal 0 0 -1
    outer loop
      vertex 29.7534 2.66445 0
      vertex 28.5552 3.64776 0
      vertex 28.9341 4.06586 0
    endloop
  endfacet
  facet normal -0 0 -1
    outer loop
      vertex 28.9809 -1.2192 0
      vertex 27.4976 -1.66914 0
      vertex 28.8807 -0.819379 0
    endloop
  endfacet
  facet normal 0 0 -1
    outer loop
      vertex 29.5078 2.33339 0
      vertex 28.2191 3.19453 0
      vertex 28.5552 3.64776 0
    endloop
  endfacet
  facet normal 0 0 -1
    outer loop
      vertex 27.3605 -1.12177 0
      vertex 28.8807 -0.819379 0
      vertex 27.4976 -1.66914 0
    endloop
  endfacet
  facet normal 0 0 -1
    outer loop
      vertex 29.2959 1.97987 0
      vertex 27.929 2.71053 0
      vertex 28.2191 3.19453 0
    endloop
  endfacet
  facet normal -0 0 -1
    outer loop
      vertex 28.8807 -0.819379 0
      vertex 27.3605 -1.12177 0
      vertex 28.8202 -0.411672 0
    endloop
  endfacet
  facet normal 0 0 -1
    outer loop
      vertex 29.1197 1.60727 0
      vertex 27.6877 2.20043 0
      vertex 27.929 2.71053 0
    endloop
  endfacet
  facet normal 0 0 -1
    outer loop
      vertex 27.2777 -0.563598 0
      vertex 28.8202 -0.411672 0
      vertex 27.3605 -1.12177 0
    endloop
  endfacet
  facet normal 0 0 -1
    outer loop
      vertex 28.9809 1.2192 0
      vertex 27.4976 1.66914 0
      vertex 27.6877 2.20043 0
    endloop
  endfacet
  facet normal -0 0 -1
    outer loop
      vertex 28.8202 -0.411672 0
      vertex 27.2777 -0.563598 0
      vertex 28.8 0 0
    endloop
  endfacet
  facet normal 0 0 -1
    outer loop
      vertex 28.8807 0.819379 0
      vertex 27.3605 1.12177 0
      vertex 27.4976 1.66914 0
    endloop
  endfacet
  facet normal 0 0 -1
    outer loop
      vertex 27.25 0 0
      vertex 28.8 0 0
      vertex 27.2777 -0.563598 0
    endloop
  endfacet
  facet normal 0 0 -1
    outer loop
      vertex 28.8202 0.411672 0
      vertex 27.2777 0.563598 0
      vertex 27.3605 1.12177 0
    endloop
  endfacet
  facet normal 0 0 -1
    outer loop
      vertex 28.8 0 0
      vertex 27.25 0 0
      vertex 27.2777 0.563598 0
    endloop
  endfacet
  facet normal 0.970035 0.242965 0
    outer loop
      vertex 38.6395 1.12177 2
      vertex 38.5024 1.66914 0
      vertex 38.5024 1.66914 2
    endloop
  endfacet
  facet normal 0.970035 0.242965 0
    outer loop
      vertex 38.5024 1.66914 0
      vertex 38.6395 1.12177 2
      vertex 38.6395 1.12177 0
    endloop
  endfacet
  facet normal 0.989176 0.146736 0
    outer loop
      vertex 38.7223 0.563598 2
      vertex 38.6395 1.12177 0
      vertex 38.6395 1.12177 2
    endloop
  endfacet
  facet normal 0.989176 0.146736 0
    outer loop
      vertex 38.6395 1.12177 0
      vertex 38.7223 0.563598 2
      vertex 38.7223 0.563598 0
    endloop
  endfacet
  facet normal 0.941543 0.336892 0
    outer loop
      vertex 38.5024 1.66914 2
      vertex 38.3123 2.20043 0
      vertex 38.3123 2.20043 2
    endloop
  endfacet
  facet normal 0.941543 0.336892 0
    outer loop
      vertex 38.3123 2.20043 0
      vertex 38.5024 1.66914 2
      vertex 38.5024 1.66914 0
    endloop
  endfacet
  facet normal 0.80324 0.595656 0
    outer loop
      vertex 37.7809 3.19453 2
      vertex 37.4448 3.64776 0
      vertex 37.4448 3.64776 2
    endloop
  endfacet
  facet normal 0.80324 0.595656 0
    outer loop
      vertex 37.4448 3.64776 0
      vertex 37.7809 3.19453 2
      vertex 37.7809 3.19453 0
    endloop
  endfacet
  facet normal 0.74099 0.671516 0
    outer loop
      vertex 37.4448 3.64776 2
      vertex 37.0659 4.06586 0
      vertex 37.0659 4.06586 2
    endloop
  endfacet
  facet normal 0.74099 0.671516 0
    outer loop
      vertex 37.0659 4.06586 0
      vertex 37.4448 3.64776 2
      vertex 37.4448 3.64776 0
    endloop
  endfacet
  facet normal 0.857727 0.514105 0
    outer loop
      vertex 38.071 2.71053 2
      vertex 37.7809 3.19453 0
      vertex 37.7809 3.19453 2
    endloop
  endfacet
  facet normal 0.857727 0.514105 0
    outer loop
      vertex 37.7809 3.19453 0
      vertex 38.071 2.71053 2
      vertex 38.071 2.71053 0
    endloop
  endfacet
  facet normal 0.146728 0.989177 -0
    outer loop
      vertex 34.1218 5.63951 0
      vertex 33.5636 5.72231 2
      vertex 34.1218 5.63951 2
    endloop
  endfacet
  facet normal 0.146728 0.989177 0
    outer loop
      vertex 33.5636 5.72231 2
      vertex 34.1218 5.63951 0
      vertex 33.5636 5.72231 0
    endloop
  endfacet
  facet normal 0.427556 0.903989 -0
    outer loop
      vertex 35.7105 5.07105 0
      vertex 35.2004 5.31231 2
      vertex 35.7105 5.07105 2
    endloop
  endfacet
  facet normal 0.427556 0.903989 0
    outer loop
      vertex 35.2004 5.31231 2
      vertex 35.7105 5.07105 0
      vertex 35.2004 5.31231 0
    endloop
  endfacet
  facet normal 0.595642 0.80325 -0
    outer loop
      vertex 36.6478 4.44481 0
      vertex 36.1945 4.78095 2
      vertex 36.6478 4.44481 2
    endloop
  endfacet
  facet normal 0.595642 0.80325 0
    outer loop
      vertex 36.1945 4.78095 2
      vertex 36.6478 4.44481 0
      vertex 36.1945 4.78095 0
    endloop
  endfacet
  facet normal -0.970035 0.242965 0
    outer loop
      vertex 27.3605 1.12177 0
      vertex 27.4976 1.66914 2
      vertex 27.4976 1.66914 0
    endloop
  endfacet
  facet normal -0.970035 0.242965 0
    outer loop
      vertex 27.4976 1.66914 2
      vertex 27.3605 1.12177 0
      vertex 27.3605 1.12177 2
    endloop
  endfacet
  facet normal -0.80324 0.595656 0
    outer loop
      vertex 28.2191 3.19453 0
      vertex 28.5552 3.64776 2
      vertex 28.5552 3.64776 0
    endloop
  endfacet
  facet normal -0.80324 0.595656 0
    outer loop
      vertex 28.5552 3.64776 2
      vertex 28.2191 3.19453 0
      vertex 28.2191 3.19453 2
    endloop
  endfacet
  facet normal -0.74099 0.671516 0
    outer loop
      vertex 28.5552 3.64776 0
      vertex 28.9341 4.06586 2
      vertex 28.9341 4.06586 0
    endloop
  endfacet
  facet normal -0.74099 0.671516 0
    outer loop
      vertex 28.9341 4.06586 2
      vertex 28.5552 3.64776 0
      vertex 28.5552 3.64776 2
    endloop
  endfacet
  facet normal -0.857727 0.514105 0
    outer loop
      vertex 27.929 2.71053 0
      vertex 28.2191 3.19453 2
      vertex 28.2191 3.19453 0
    endloop
  endfacet
  facet normal -0.857727 0.514105 0
    outer loop
      vertex 28.2191 3.19453 2
      vertex 27.929 2.71053 0
      vertex 27.929 2.71053 2
    endloop
  endfacet
  facet normal -0.941543 0.336892 0
    outer loop
      vertex 27.4976 1.66914 0
      vertex 27.6877 2.20043 2
      vertex 27.6877 2.20043 0
    endloop
  endfacet
  facet normal -0.941543 0.336892 0
    outer loop
      vertex 27.6877 2.20043 2
      vertex 27.4976 1.66914 0
      vertex 27.4976 1.66914 2
    endloop
  endfacet
  facet normal -0.989176 0.146736 0
    outer loop
      vertex 27.2777 0.563598 0
      vertex 27.3605 1.12177 2
      vertex 27.3605 1.12177 0
    endloop
  endfacet
  facet normal -0.989176 0.146736 0
    outer loop
      vertex 27.3605 1.12177 2
      vertex 27.2777 0.563598 0
      vertex 27.2777 0.563598 2
    endloop
  endfacet
  facet normal 0 0 1
    outer loop
      vertex 37.2 0 2
      vertex 38.75 0 2
      vertex 38.7223 0.563598 2
    endloop
  endfacet
  facet normal 0 0 1
    outer loop
      vertex 37.1798 0.411672 2
      vertex 38.7223 0.563598 2
      vertex 38.6395 1.12177 2
    endloop
  endfacet
  facet normal 0 0 1
    outer loop
      vertex 38.75 0 2
      vertex 37.2 0 2
      vertex 38.7223 -0.563598 2
    endloop
  endfacet
  facet normal 0 0 1
    outer loop
      vertex 37.1193 0.819379 2
      vertex 38.6395 1.12177 2
      vertex 38.5024 1.66914 2
    endloop
  endfacet
  facet normal -0 0 1
    outer loop
      vertex 37.1798 -0.411672 2
      vertex 38.7223 -0.563598 2
      vertex 37.2 0 2
    endloop
  endfacet
  facet normal 0 0 1
    outer loop
      vertex 37.0191 1.2192 2
      vertex 38.5024 1.66914 2
      vertex 38.3123 2.20043 2
    endloop
  endfacet
  facet normal 0 0 1
    outer loop
      vertex 38.7223 -0.563598 2
      vertex 37.1798 -0.411672 2
      vertex 38.6395 -1.12177 2
    endloop
  endfacet
  facet normal 0 0 1
    outer loop
      vertex 36.8803 1.60727 2
      vertex 38.3123 2.20043 2
      vertex 38.071 2.71053 2
    endloop
  endfacet
  facet normal -0 0 1
    outer loop
      vertex 37.1193 -0.819379 2
      vertex 38.6395 -1.12177 2
      vertex 37.1798 -0.411672 2
    endloop
  endfacet
  facet normal 0 0 1
    outer loop
      vertex 36.7041 1.97987 2
      vertex 38.071 2.71053 2
      vertex 37.7809 3.19453 2
    endloop
  endfacet
  facet normal 0 0 1
    outer loop
      vertex 38.6395 -1.12177 2
      vertex 37.1193 -0.819379 2
      vertex 38.5024 -1.66914 2
    endloop
  endfacet
  facet normal 0 0 1
    outer loop
      vertex 36.4922 2.33339 2
      vertex 37.7809 3.19453 2
      vertex 37.4448 3.64776 2
    endloop
  endfacet
  facet normal -0 0 1
    outer loop
      vertex 37.0191 -1.2192 2
      vertex 38.5024 -1.66914 2
      vertex 37.1193 -0.819379 2
    endloop
  endfacet
  facet normal 0 0 1
    outer loop
      vertex 38.5024 -1.66914 2
      vertex 37.0191 -1.2192 2
      vertex 38.3123 -2.20043 2
    endloop
  endfacet
  facet normal 0 0 1
    outer loop
      vertex 38.7223 0.563598 2
      vertex 37.1798 0.411672 2
      vertex 37.2 0 2
    endloop
  endfacet
  facet normal 0 0 1
    outer loop
      vertex 38.6395 1.12177 2
      vertex 37.1193 0.819379 2
      vertex 37.1798 0.411672 2
    endloop
  endfacet
  facet normal 0 0 1
    outer loop
      vertex 36.2466 2.66445 2
      vertex 37.4448 3.64776 2
      vertex 37.0659 4.06586 2
    endloop
  endfacet
  facet normal 0 0 1
    outer loop
      vertex 38.5024 1.66914 2
      vertex 37.0191 1.2192 2
      vertex 37.1193 0.819379 2
    endloop
  endfacet
  facet normal 0 0 1
    outer loop
      vertex 38.3123 2.20043 2
      vertex 36.8803 1.60727 2
      vertex 37.0191 1.2192 2
    endloop
  endfacet
  facet normal 0 0 1
    outer loop
      vertex 38.071 2.71053 2
      vertex 36.7041 1.97987 2
      vertex 36.8803 1.60727 2
    endloop
  endfacet
  facet normal 0 0 1
    outer loop
      vertex 35.9698 2.96985 2
      vertex 37.0659 4.06586 2
      vertex 36.6478 4.44481 2
    endloop
  endfacet
  facet normal 0 0 1
    outer loop
      vertex 37.7809 3.19453 2
      vertex 36.4922 2.33339 2
      vertex 36.7041 1.97987 2
    endloop
  endfacet
  facet normal 0 0 1
    outer loop
      vertex 37.4448 3.64776 2
      vertex 36.2466 2.66445 2
      vertex 36.4922 2.33339 2
    endloop
  endfacet
  facet normal 0 0 1
    outer loop
      vertex 35.6645 3.24664 2
      vertex 36.6478 4.44481 2
      vertex 36.1945 4.78095 2
    endloop
  endfacet
  facet normal 0 0 1
    outer loop
      vertex 37.0659 4.06586 2
      vertex 35.9698 2.96985 2
      vertex 36.2466 2.66445 2
    endloop
  endfacet
  facet normal 0 0 1
    outer loop
      vertex 35.3334 3.49217 2
      vertex 36.1945 4.78095 2
      vertex 35.7105 5.07105 2
    endloop
  endfacet
  facet normal 0 0 1
    outer loop
      vertex 36.6478 4.44481 2
      vertex 35.6645 3.24664 2
      vertex 35.9698 2.96985 2
    endloop
  endfacet
  facet normal 0 0 1
    outer loop
      vertex 36.1945 4.78095 2
      vertex 35.3334 3.49217 2
      vertex 35.6645 3.24664 2
    endloop
  endfacet
  facet normal 0 0 1
    outer loop
      vertex 34.9799 3.70407 2
      vertex 35.7105 5.07105 2
      vertex 35.2004 5.31231 2
    endloop
  endfacet
  facet normal 0 0 1
    outer loop
      vertex 35.7105 5.07105 2
      vertex 34.9799 3.70407 2
      vertex 35.3334 3.49217 2
    endloop
  endfacet
  facet normal 0 0 1
    outer loop
      vertex 34.6073 3.88029 2
      vertex 35.2004 5.31231 2
      vertex 34.6691 5.50241 2
    endloop
  endfacet
  facet normal 0 0 1
    outer loop
      vertex 35.2004 5.31231 2
      vertex 34.6073 3.88029 2
      vertex 34.9799 3.70407 2
    endloop
  endfacet
  facet normal 0 0 1
    outer loop
      vertex 34.6691 5.50241 2
      vertex 34.2192 4.01915 2
      vertex 34.6073 3.88029 2
    endloop
  endfacet
  facet normal 0 0 1
    outer loop
      vertex 34.1218 5.63951 2
      vertex 34.2192 4.01915 2
      vertex 34.6691 5.50241 2
    endloop
  endfacet
  facet normal 0 0 1
    outer loop
      vertex 34.1218 5.63951 2
      vertex 33.8194 4.1193 2
      vertex 34.2192 4.01915 2
    endloop
  endfacet
  facet normal 0 0 1
    outer loop
      vertex 33.5636 5.72231 2
      vertex 33.8194 4.1193 2
      vertex 34.1218 5.63951 2
    endloop
  endfacet
  facet normal 0 0 1
    outer loop
      vertex 33.5636 5.72231 2
      vertex 33.4117 4.17978 2
      vertex 33.8194 4.1193 2
    endloop
  endfacet
  facet normal 0 0 1
    outer loop
      vertex 33 5.75 2
      vertex 33.4117 4.17978 2
      vertex 33.5636 5.72231 2
    endloop
  endfacet
  facet normal 0 0 1
    outer loop
      vertex 33 5.75 2
      vertex 33 4.2 2
      vertex 33.4117 4.17978 2
    endloop
  endfacet
  facet normal 0 0 1
    outer loop
      vertex 33 5.75 2
      vertex 32.5883 4.17978 2
      vertex 33 4.2 2
    endloop
  endfacet
  facet normal -0 0 1
    outer loop
      vertex 32.4364 5.72231 2
      vertex 32.5883 4.17978 2
      vertex 33 5.75 2
    endloop
  endfacet
  facet normal 0 0 1
    outer loop
      vertex 32.4364 5.72231 2
      vertex 32.1806 4.1193 2
      vertex 32.5883 4.17978 2
    endloop
  endfacet
  facet normal -0 0 1
    outer loop
      vertex 31.8782 5.63951 2
      vertex 32.1806 4.1193 2
      vertex 32.4364 5.72231 2
    endloop
  endfacet
  facet normal 0 0 1
    outer loop
      vertex 31.8782 5.63951 2
      vertex 31.7808 4.01915 2
      vertex 32.1806 4.1193 2
    endloop
  endfacet
  facet normal -0 0 1
    outer loop
      vertex 31.3309 5.50241 2
      vertex 31.7808 4.01915 2
      vertex 31.8782 5.63951 2
    endloop
  endfacet
  facet normal 0 0 1
    outer loop
      vertex 31.7808 4.01915 2
      vertex 31.3309 5.50241 2
      vertex 31.3927 3.88029 2
    endloop
  endfacet
  facet normal -0 0 1
    outer loop
      vertex 30.7996 5.31231 2
      vertex 31.3927 3.88029 2
      vertex 31.3309 5.50241 2
    endloop
  endfacet
  facet normal 0 0 1
    outer loop
      vertex 31.3927 3.88029 2
      vertex 30.7996 5.31231 2
      vertex 31.0201 3.70407 2
    endloop
  endfacet
  facet normal -0 0 1
    outer loop
      vertex 30.2895 5.07105 2
      vertex 31.0201 3.70407 2
      vertex 30.7996 5.31231 2
    endloop
  endfacet
  facet normal 0 0 1
    outer loop
      vertex 31.0201 3.70407 2
      vertex 30.2895 5.07105 2
      vertex 30.6666 3.49217 2
    endloop
  endfacet
  facet normal -0 0 1
    outer loop
      vertex 29.8055 4.78095 2
      vertex 30.6666 3.49217 2
      vertex 30.2895 5.07105 2
    endloop
  endfacet
  facet normal 0 0 1
    outer loop
      vertex 30.6666 3.49217 2
      vertex 29.8055 4.78095 2
      vertex 30.3355 3.24664 2
    endloop
  endfacet
  facet normal -0 0 1
    outer loop
      vertex 29.3522 4.44481 2
      vertex 30.3355 3.24664 2
      vertex 29.8055 4.78095 2
    endloop
  endfacet
  facet normal 0 0 1
    outer loop
      vertex 30.3355 3.24664 2
      vertex 29.3522 4.44481 2
      vertex 30.0302 2.96985 2
    endloop
  endfacet
  facet normal -0 0 1
    outer loop
      vertex 28.9341 4.06586 2
      vertex 30.0302 2.96985 2
      vertex 29.3522 4.44481 2
    endloop
  endfacet
  facet normal 0 0 1
    outer loop
      vertex 30.0302 2.96985 2
      vertex 28.9341 4.06586 2
      vertex 29.7534 2.66445 2
    endloop
  endfacet
  facet normal -0 0 1
    outer loop
      vertex 28.5552 3.64776 2
      vertex 29.7534 2.66445 2
      vertex 28.9341 4.06586 2
    endloop
  endfacet
  facet normal 0 0 1
    outer loop
      vertex 29.7534 2.66445 2
      vertex 28.5552 3.64776 2
      vertex 29.5078 2.33339 2
    endloop
  endfacet
  facet normal -0 0 1
    outer loop
      vertex 28.2191 3.19453 2
      vertex 29.5078 2.33339 2
      vertex 28.5552 3.64776 2
    endloop
  endfacet
  facet normal 0 0 1
    outer loop
      vertex 29.5078 2.33339 2
      vertex 28.2191 3.19453 2
      vertex 29.2959 1.97987 2
    endloop
  endfacet
  facet normal -0 0 1
    outer loop
      vertex 27.929 2.71053 2
      vertex 29.2959 1.97987 2
      vertex 28.2191 3.19453 2
    endloop
  endfacet
  facet normal 0 0 1
    outer loop
      vertex 29.2959 1.97987 2
      vertex 27.929 2.71053 2
      vertex 29.1197 1.60727 2
    endloop
  endfacet
  facet normal -0 0 1
    outer loop
      vertex 27.6877 2.20043 2
      vertex 29.1197 1.60727 2
      vertex 27.929 2.71053 2
    endloop
  endfacet
  facet normal 0 0 1
    outer loop
      vertex 29.1197 1.60727 2
      vertex 27.6877 2.20043 2
      vertex 28.9809 1.2192 2
    endloop
  endfacet
  facet normal -0 0 1
    outer loop
      vertex 36.8803 -1.60727 2
      vertex 38.3123 -2.20043 2
      vertex 37.0191 -1.2192 2
    endloop
  endfacet
  facet normal 0 0 1
    outer loop
      vertex 38.3123 -2.20043 2
      vertex 36.8803 -1.60727 2
      vertex 38.071 -2.71053 2
    endloop
  endfacet
  facet normal -0 0 1
    outer loop
      vertex 36.7041 -1.97987 2
      vertex 38.071 -2.71053 2
      vertex 36.8803 -1.60727 2
    endloop
  endfacet
  facet normal 0 0 1
    outer loop
      vertex 38.071 -2.71053 2
      vertex 36.7041 -1.97987 2
      vertex 37.7809 -3.19453 2
    endloop
  endfacet
  facet normal -0 0 1
    outer loop
      vertex 36.4922 -2.33339 2
      vertex 37.7809 -3.19453 2
      vertex 36.7041 -1.97987 2
    endloop
  endfacet
  facet normal 0 0 1
    outer loop
      vertex 37.7809 -3.19453 2
      vertex 36.4922 -2.33339 2
      vertex 37.4448 -3.64776 2
    endloop
  endfacet
  facet normal -0 0 1
    outer loop
      vertex 36.2466 -2.66445 2
      vertex 37.4448 -3.64776 2
      vertex 36.4922 -2.33339 2
    endloop
  endfacet
  facet normal 0 0 1
    outer loop
      vertex 37.4448 -3.64776 2
      vertex 36.2466 -2.66445 2
      vertex 37.0659 -4.06586 2
    endloop
  endfacet
  facet normal -0 0 1
    outer loop
      vertex 35.9698 -2.96985 2
      vertex 37.0659 -4.06586 2
      vertex 36.2466 -2.66445 2
    endloop
  endfacet
  facet normal 0 0 1
    outer loop
      vertex 37.0659 -4.06586 2
      vertex 35.9698 -2.96985 2
      vertex 36.6478 -4.44481 2
    endloop
  endfacet
  facet normal -0 0 1
    outer loop
      vertex 35.6645 -3.24664 2
      vertex 36.6478 -4.44481 2
      vertex 35.9698 -2.96985 2
    endloop
  endfacet
  facet normal 0 0 1
    outer loop
      vertex 36.6478 -4.44481 2
      vertex 35.6645 -3.24664 2
      vertex 36.1945 -4.78095 2
    endloop
  endfacet
  facet normal -0 0 1
    outer loop
      vertex 35.3334 -3.49217 2
      vertex 36.1945 -4.78095 2
      vertex 35.6645 -3.24664 2
    endloop
  endfacet
  facet normal 0 0 1
    outer loop
      vertex 36.1945 -4.78095 2
      vertex 35.3334 -3.49217 2
      vertex 35.7105 -5.07105 2
    endloop
  endfacet
  facet normal -0 0 1
    outer loop
      vertex 34.9799 -3.70407 2
      vertex 35.7105 -5.07105 2
      vertex 35.3334 -3.49217 2
    endloop
  endfacet
  facet normal 0 0 1
    outer loop
      vertex 35.7105 -5.07105 2
      vertex 34.9799 -3.70407 2
      vertex 35.2004 -5.31231 2
    endloop
  endfacet
  facet normal -0 0 1
    outer loop
      vertex 34.6073 -3.88029 2
      vertex 35.2004 -5.31231 2
      vertex 34.9799 -3.70407 2
    endloop
  endfacet
  facet normal 0 0 1
    outer loop
      vertex 35.2004 -5.31231 2
      vertex 34.6073 -3.88029 2
      vertex 34.6691 -5.50241 2
    endloop
  endfacet
  facet normal -0 0 1
    outer loop
      vertex 34.2192 -4.01915 2
      vertex 34.6691 -5.50241 2
      vertex 34.6073 -3.88029 2
    endloop
  endfacet
  facet normal 0 0 1
    outer loop
      vertex 34.2192 -4.01915 2
      vertex 34.1218 -5.63951 2
      vertex 34.6691 -5.50241 2
    endloop
  endfacet
  facet normal -0 0 1
    outer loop
      vertex 33.8194 -4.1193 2
      vertex 34.1218 -5.63951 2
      vertex 34.2192 -4.01915 2
    endloop
  endfacet
  facet normal 0 0 1
    outer loop
      vertex 33.8194 -4.1193 2
      vertex 33.5636 -5.72231 2
      vertex 34.1218 -5.63951 2
    endloop
  endfacet
  facet normal -0 0 1
    outer loop
      vertex 33.4117 -4.17978 2
      vertex 33.5636 -5.72231 2
      vertex 33.8194 -4.1193 2
    endloop
  endfacet
  facet normal -0 0 1
    outer loop
      vertex 33 -4.2 2
      vertex 33.5636 -5.72231 2
      vertex 33.4117 -4.17978 2
    endloop
  endfacet
  facet normal 0 0 1
    outer loop
      vertex 33 -4.2 2
      vertex 33 -5.75 2
      vertex 33.5636 -5.72231 2
    endloop
  endfacet
  facet normal 0 0 1
    outer loop
      vertex 32.5883 -4.17978 2
      vertex 33 -5.75 2
      vertex 33 -4.2 2
    endloop
  endfacet
  facet normal 0 0 1
    outer loop
      vertex 32.5883 -4.17978 2
      vertex 32.4364 -5.72231 2
      vertex 33 -5.75 2
    endloop
  endfacet
  facet normal 0 0 1
    outer loop
      vertex 32.1806 -4.1193 2
      vertex 32.4364 -5.72231 2
      vertex 32.5883 -4.17978 2
    endloop
  endfacet
  facet normal 0 0 1
    outer loop
      vertex 32.1806 -4.1193 2
      vertex 31.8782 -5.63951 2
      vertex 32.4364 -5.72231 2
    endloop
  endfacet
  facet normal 0 0 1
    outer loop
      vertex 31.7808 -4.01915 2
      vertex 31.8782 -5.63951 2
      vertex 32.1806 -4.1193 2
    endloop
  endfacet
  facet normal 0 0 1
    outer loop
      vertex 31.3309 -5.50241 2
      vertex 31.7808 -4.01915 2
      vertex 31.3927 -3.88029 2
    endloop
  endfacet
  facet normal 0 0 1
    outer loop
      vertex 31.7808 -4.01915 2
      vertex 31.3309 -5.50241 2
      vertex 31.8782 -5.63951 2
    endloop
  endfacet
  facet normal 0 0 1
    outer loop
      vertex 30.7996 -5.31231 2
      vertex 31.3927 -3.88029 2
      vertex 31.0201 -3.70407 2
    endloop
  endfacet
  facet normal 0 0 1
    outer loop
      vertex 31.3927 -3.88029 2
      vertex 30.7996 -5.31231 2
      vertex 31.3309 -5.50241 2
    endloop
  endfacet
  facet normal 0 0 1
    outer loop
      vertex 30.2895 -5.07105 2
      vertex 31.0201 -3.70407 2
      vertex 30.6666 -3.49217 2
    endloop
  endfacet
  facet normal 0 0 1
    outer loop
      vertex 29.8055 -4.78095 2
      vertex 30.6666 -3.49217 2
      vertex 30.3355 -3.24664 2
    endloop
  endfacet
  facet normal 0 0 1
    outer loop
      vertex 31.0201 -3.70407 2
      vertex 30.2895 -5.07105 2
      vertex 30.7996 -5.31231 2
    endloop
  endfacet
  facet normal 0 0 1
    outer loop
      vertex 29.3522 -4.44481 2
      vertex 30.3355 -3.24664 2
      vertex 30.0302 -2.96985 2
    endloop
  endfacet
  facet normal 0 0 1
    outer loop
      vertex 30.6666 -3.49217 2
      vertex 29.8055 -4.78095 2
      vertex 30.2895 -5.07105 2
    endloop
  endfacet
  facet normal 0 0 1
    outer loop
      vertex 28.9341 -4.06586 2
      vertex 30.0302 -2.96985 2
      vertex 29.7534 -2.66445 2
    endloop
  endfacet
  facet normal 0 0 1
    outer loop
      vertex 28.5552 -3.64776 2
      vertex 29.7534 -2.66445 2
      vertex 29.5078 -2.33339 2
    endloop
  endfacet
  facet normal 0 0 1
    outer loop
      vertex 30.3355 -3.24664 2
      vertex 29.3522 -4.44481 2
      vertex 29.8055 -4.78095 2
    endloop
  endfacet
  facet normal 0 0 1
    outer loop
      vertex 28.2191 -3.19453 2
      vertex 29.5078 -2.33339 2
      vertex 29.2959 -1.97987 2
    endloop
  endfacet
  facet normal 0 0 1
    outer loop
      vertex 27.929 -2.71053 2
      vertex 29.2959 -1.97987 2
      vertex 29.1197 -1.60727 2
    endloop
  endfacet
  facet normal 0 0 1
    outer loop
      vertex 27.6877 -2.20043 2
      vertex 29.1197 -1.60727 2
      vertex 28.9809 -1.2192 2
    endloop
  endfacet
  facet normal 0 0 1
    outer loop
      vertex 30.0302 -2.96985 2
      vertex 28.9341 -4.06586 2
      vertex 29.3522 -4.44481 2
    endloop
  endfacet
  facet normal 0 0 1
    outer loop
      vertex 27.4976 -1.66914 2
      vertex 28.9809 -1.2192 2
      vertex 28.8807 -0.819379 2
    endloop
  endfacet
  facet normal 0 0 1
    outer loop
      vertex 27.3605 -1.12177 2
      vertex 28.8807 -0.819379 2
      vertex 28.8202 -0.411672 2
    endloop
  endfacet
  facet normal 0 0 1
    outer loop
      vertex 27.2777 -0.563598 2
      vertex 28.8202 -0.411672 2
      vertex 28.8 0 2
    endloop
  endfacet
  facet normal -0 0 1
    outer loop
      vertex 27.4976 1.66914 2
      vertex 28.9809 1.2192 2
      vertex 27.6877 2.20043 2
    endloop
  endfacet
  facet normal 0 0 1
    outer loop
      vertex 29.7534 -2.66445 2
      vertex 28.5552 -3.64776 2
      vertex 28.9341 -4.06586 2
    endloop
  endfacet
  facet normal 0 0 1
    outer loop
      vertex 28.9809 1.2192 2
      vertex 27.4976 1.66914 2
      vertex 28.8807 0.819379 2
    endloop
  endfacet
  facet normal 0 0 1
    outer loop
      vertex 29.5078 -2.33339 2
      vertex 28.2191 -3.19453 2
      vertex 28.5552 -3.64776 2
    endloop
  endfacet
  facet normal -0 0 1
    outer loop
      vertex 27.3605 1.12177 2
      vertex 28.8807 0.819379 2
      vertex 27.4976 1.66914 2
    endloop
  endfacet
  facet normal 0 0 1
    outer loop
      vertex 29.2959 -1.97987 2
      vertex 27.929 -2.71053 2
      vertex 28.2191 -3.19453 2
    endloop
  endfacet
  facet normal 0 0 1
    outer loop
      vertex 28.8807 0.819379 2
      vertex 27.3605 1.12177 2
      vertex 28.8202 0.411672 2
    endloop
  endfacet
  facet normal 0 0 1
    outer loop
      vertex 29.1197 -1.60727 2
      vertex 27.6877 -2.20043 2
      vertex 27.929 -2.71053 2
    endloop
  endfacet
  facet normal -0 0 1
    outer loop
      vertex 27.2777 0.563598 2
      vertex 28.8202 0.411672 2
      vertex 27.3605 1.12177 2
    endloop
  endfacet
  facet normal 0 0 1
    outer loop
      vertex 28.9809 -1.2192 2
      vertex 27.4976 -1.66914 2
      vertex 27.6877 -2.20043 2
    endloop
  endfacet
  facet normal 0 0 1
    outer loop
      vertex 28.8202 0.411672 2
      vertex 27.2777 0.563598 2
      vertex 28.8 0 2
    endloop
  endfacet
  facet normal 0 0 1
    outer loop
      vertex 28.8807 -0.819379 2
      vertex 27.3605 -1.12177 2
      vertex 27.4976 -1.66914 2
    endloop
  endfacet
  facet normal 0 0 1
    outer loop
      vertex 27.25 0 2
      vertex 28.8 0 2
      vertex 27.2777 0.563598 2
    endloop
  endfacet
  facet normal 0 0 1
    outer loop
      vertex 28.8202 -0.411672 2
      vertex 27.2777 -0.563598 2
      vertex 27.3605 -1.12177 2
    endloop
  endfacet
  facet normal 0 0 1
    outer loop
      vertex 28.8 0 2
      vertex 27.25 0 2
      vertex 27.2777 -0.563598 2
    endloop
  endfacet
  facet normal -0.514105 0.857727 0
    outer loop
      vertex 30.2895 5.07105 0
      vertex 29.8055 4.78095 2
      vertex 30.2895 5.07105 2
    endloop
  endfacet
  facet normal -0.514105 0.857727 0
    outer loop
      vertex 29.8055 4.78095 2
      vertex 30.2895 5.07105 0
      vertex 29.8055 4.78095 0
    endloop
  endfacet
  facet normal -0.427556 0.903989 0
    outer loop
      vertex 30.7996 5.31231 0
      vertex 30.2895 5.07105 2
      vertex 30.7996 5.31231 2
    endloop
  endfacet
  facet normal -0.427556 0.903989 0
    outer loop
      vertex 30.2895 5.07105 2
      vertex 30.7996 5.31231 0
      vertex 30.2895 5.07105 0
    endloop
  endfacet
  facet normal -0.595642 0.80325 0
    outer loop
      vertex 29.8055 4.78095 0
      vertex 29.3522 4.44481 2
      vertex 29.8055 4.78095 2
    endloop
  endfacet
  facet normal -0.595642 0.80325 0
    outer loop
      vertex 29.3522 4.44481 2
      vertex 29.8055 4.78095 0
      vertex 29.3522 4.44481 0
    endloop
  endfacet
  facet normal -0.242994 0.970028 0
    outer loop
      vertex 31.8782 5.63951 0
      vertex 31.3309 5.50241 2
      vertex 31.8782 5.63951 2
    endloop
  endfacet
  facet normal -0.242994 0.970028 0
    outer loop
      vertex 31.3309 5.50241 2
      vertex 31.8782 5.63951 0
      vertex 31.3309 5.50241 0
    endloop
  endfacet
  facet normal -0.0490714 0.998795 0
    outer loop
      vertex 33 5.75 0
      vertex 32.4364 5.72231 2
      vertex 33 5.75 2
    endloop
  endfacet
  facet normal -0.0490714 0.998795 0
    outer loop
      vertex 32.4364 5.72231 2
      vertex 33 5.75 0
      vertex 32.4364 5.72231 0
    endloop
  endfacet
  facet normal 0.0490714 -0.998795 0
    outer loop
      vertex 33 -5.75 0
      vertex 33.5636 -5.72231 2
      vertex 33 -5.75 2
    endloop
  endfacet
  facet normal 0.0490714 -0.998795 0
    outer loop
      vertex 33.5636 -5.72231 2
      vertex 33 -5.75 0
      vertex 33.5636 -5.72231 0
    endloop
  endfacet
  facet normal 0.242994 -0.970028 0
    outer loop
      vertex 34.1218 -5.63951 0
      vertex 34.6691 -5.50241 2
      vertex 34.1218 -5.63951 2
    endloop
  endfacet
  facet normal 0.242994 -0.970028 0
    outer loop
      vertex 34.6691 -5.50241 2
      vertex 34.1218 -5.63951 0
      vertex 34.6691 -5.50241 0
    endloop
  endfacet
  facet normal 0.671565 -0.740946 0
    outer loop
      vertex 36.6478 -4.44481 0
      vertex 37.0659 -4.06586 2
      vertex 36.6478 -4.44481 2
    endloop
  endfacet
  facet normal 0.671565 -0.740946 0
    outer loop
      vertex 37.0659 -4.06586 2
      vertex 36.6478 -4.44481 0
      vertex 37.0659 -4.06586 0
    endloop
  endfacet
  facet normal 0.514105 -0.857727 0
    outer loop
      vertex 35.7105 -5.07105 0
      vertex 36.1945 -4.78095 2
      vertex 35.7105 -5.07105 2
    endloop
  endfacet
  facet normal 0.514105 -0.857727 0
    outer loop
      vertex 36.1945 -4.78095 2
      vertex 35.7105 -5.07105 0
      vertex 36.1945 -4.78095 0
    endloop
  endfacet
  facet normal 0.80324 -0.595656 0
    outer loop
      vertex 37.4448 -3.64776 2
      vertex 37.7809 -3.19453 0
      vertex 37.7809 -3.19453 2
    endloop
  endfacet
  facet normal 0.80324 -0.595656 0
    outer loop
      vertex 37.7809 -3.19453 0
      vertex 37.4448 -3.64776 2
      vertex 37.4448 -3.64776 0
    endloop
  endfacet
  facet normal 0.903961 -0.427614 0
    outer loop
      vertex 38.071 -2.71053 2
      vertex 38.3123 -2.20043 0
      vertex 38.3123 -2.20043 2
    endloop
  endfacet
  facet normal 0.903961 -0.427614 0
    outer loop
      vertex 38.3123 -2.20043 0
      vertex 38.071 -2.71053 2
      vertex 38.071 -2.71053 0
    endloop
  endfacet
  facet normal -0.671565 -0.740946 0
    outer loop
      vertex 28.9341 -4.06586 0
      vertex 29.3522 -4.44481 2
      vertex 28.9341 -4.06586 2
    endloop
  endfacet
  facet normal -0.671565 -0.740946 -0
    outer loop
      vertex 29.3522 -4.44481 2
      vertex 28.9341 -4.06586 0
      vertex 29.3522 -4.44481 0
    endloop
  endfacet
  facet normal -0.514105 -0.857727 0
    outer loop
      vertex 29.8055 -4.78095 0
      vertex 30.2895 -5.07105 2
      vertex 29.8055 -4.78095 2
    endloop
  endfacet
  facet normal -0.514105 -0.857727 -0
    outer loop
      vertex 30.2895 -5.07105 2
      vertex 29.8055 -4.78095 0
      vertex 30.2895 -5.07105 0
    endloop
  endfacet
  facet normal -0.336886 -0.941545 0
    outer loop
      vertex 30.7996 -5.31231 0
      vertex 31.3309 -5.50241 2
      vertex 30.7996 -5.31231 2
    endloop
  endfacet
  facet normal -0.336886 -0.941545 -0
    outer loop
      vertex 31.3309 -5.50241 2
      vertex 30.7996 -5.31231 0
      vertex 31.3309 -5.50241 0
    endloop
  endfacet
  facet normal -0.146728 -0.989177 0
    outer loop
      vertex 31.8782 -5.63951 0
      vertex 32.4364 -5.72231 2
      vertex 31.8782 -5.63951 2
    endloop
  endfacet
  facet normal -0.146728 -0.989177 -0
    outer loop
      vertex 32.4364 -5.72231 2
      vertex 31.8782 -5.63951 0
      vertex 32.4364 -5.72231 0
    endloop
  endfacet
  facet normal -0.857727 -0.514105 0
    outer loop
      vertex 28.2191 -3.19453 0
      vertex 27.929 -2.71053 2
      vertex 27.929 -2.71053 0
    endloop
  endfacet
  facet normal -0.857727 -0.514105 0
    outer loop
      vertex 27.929 -2.71053 2
      vertex 28.2191 -3.19453 0
      vertex 28.2191 -3.19453 2
    endloop
  endfacet
  facet normal -0.903961 -0.427614 0
    outer loop
      vertex 27.929 -2.71053 0
      vertex 27.6877 -2.20043 2
      vertex 27.6877 -2.20043 0
    endloop
  endfacet
  facet normal -0.903961 -0.427614 0
    outer loop
      vertex 27.6877 -2.20043 2
      vertex 27.929 -2.71053 0
      vertex 27.929 -2.71053 2
    endloop
  endfacet
  facet normal -0.80324 -0.595656 0
    outer loop
      vertex 28.5552 -3.64776 0
      vertex 28.2191 -3.19453 2
      vertex 28.2191 -3.19453 0
    endloop
  endfacet
  facet normal -0.80324 -0.595656 0
    outer loop
      vertex 28.2191 -3.19453 2
      vertex 28.5552 -3.64776 0
      vertex 28.5552 -3.64776 2
    endloop
  endfacet
  facet normal -0.970035 -0.242965 0
    outer loop
      vertex 27.4976 -1.66914 0
      vertex 27.3605 -1.12177 2
      vertex 27.3605 -1.12177 0
    endloop
  endfacet
  facet normal -0.970035 -0.242965 0
    outer loop
      vertex 27.3605 -1.12177 2
      vertex 27.4976 -1.66914 0
      vertex 27.4976 -1.66914 2
    endloop
  endfacet
  facet normal -0.941543 -0.336892 0
    outer loop
      vertex 27.6877 -2.20043 0
      vertex 27.4976 -1.66914 2
      vertex 27.4976 -1.66914 0
    endloop
  endfacet
  facet normal -0.941543 -0.336892 0
    outer loop
      vertex 27.4976 -1.66914 2
      vertex 27.6877 -2.20043 0
      vertex 27.6877 -2.20043 2
    endloop
  endfacet
  facet normal -0.998794 -0.0490893 0
    outer loop
      vertex 27.2777 -0.563598 0
      vertex 27.25 0 2
      vertex 27.25 0 0
    endloop
  endfacet
  facet normal -0.998794 -0.0490893 0
    outer loop
      vertex 27.25 0 2
      vertex 27.2777 -0.563598 0
      vertex 27.2777 -0.563598 2
    endloop
  endfacet
  facet normal 0.146728 -0.989177 0
    outer loop
      vertex 33.5636 -5.72231 0
      vertex 34.1218 -5.63951 2
      vertex 33.5636 -5.72231 2
    endloop
  endfacet
  facet normal 0.146728 -0.989177 0
    outer loop
      vertex 34.1218 -5.63951 2
      vertex 33.5636 -5.72231 0
      vertex 34.1218 -5.63951 0
    endloop
  endfacet
  facet normal 0.336886 -0.941545 0
    outer loop
      vertex 34.6691 -5.50241 0
      vertex 35.2004 -5.31231 2
      vertex 34.6691 -5.50241 2
    endloop
  endfacet
  facet normal 0.336886 -0.941545 0
    outer loop
      vertex 35.2004 -5.31231 2
      vertex 34.6691 -5.50241 0
      vertex 35.2004 -5.31231 0
    endloop
  endfacet
  facet normal 0.74099 -0.671516 0
    outer loop
      vertex 37.0659 -4.06586 2
      vertex 37.4448 -3.64776 0
      vertex 37.4448 -3.64776 2
    endloop
  endfacet
  facet normal 0.74099 -0.671516 0
    outer loop
      vertex 37.4448 -3.64776 0
      vertex 37.0659 -4.06586 2
      vertex 37.0659 -4.06586 0
    endloop
  endfacet
  facet normal 0.595642 -0.80325 0
    outer loop
      vertex 36.1945 -4.78095 0
      vertex 36.6478 -4.44481 2
      vertex 36.1945 -4.78095 2
    endloop
  endfacet
  facet normal 0.595642 -0.80325 0
    outer loop
      vertex 36.6478 -4.44481 2
      vertex 36.1945 -4.78095 0
      vertex 36.6478 -4.44481 0
    endloop
  endfacet
  facet normal 0.857727 -0.514105 0
    outer loop
      vertex 37.7809 -3.19453 2
      vertex 38.071 -2.71053 0
      vertex 38.071 -2.71053 2
    endloop
  endfacet
  facet normal 0.857727 -0.514105 0
    outer loop
      vertex 38.071 -2.71053 0
      vertex 37.7809 -3.19453 2
      vertex 37.7809 -3.19453 0
    endloop
  endfacet
  facet normal 0.989176 -0.146736 0
    outer loop
      vertex 38.6395 -1.12177 2
      vertex 38.7223 -0.563598 0
      vertex 38.7223 -0.563598 2
    endloop
  endfacet
  facet normal 0.989176 -0.146736 0
    outer loop
      vertex 38.7223 -0.563598 0
      vertex 38.6395 -1.12177 2
      vertex 38.6395 -1.12177 0
    endloop
  endfacet
  facet normal 0.970035 -0.242965 0
    outer loop
      vertex 38.5024 -1.66914 2
      vertex 38.6395 -1.12177 0
      vertex 38.6395 -1.12177 2
    endloop
  endfacet
  facet normal 0.970035 -0.242965 0
    outer loop
      vertex 38.6395 -1.12177 0
      vertex 38.5024 -1.66914 2
      vertex 38.5024 -1.66914 0
    endloop
  endfacet
  facet normal 0.998794 -0.0490893 0
    outer loop
      vertex 38.7223 -0.563598 2
      vertex 38.75 0 0
      vertex 38.75 0 2
    endloop
  endfacet
  facet normal 0.998794 -0.0490893 0
    outer loop
      vertex 38.75 0 0
      vertex 38.7223 -0.563598 2
      vertex 38.7223 -0.563598 0
    endloop
  endfacet
  facet normal -0.595642 -0.80325 0
    outer loop
      vertex 29.3522 -4.44481 0
      vertex 29.8055 -4.78095 2
      vertex 29.3522 -4.44481 2
    endloop
  endfacet
  facet normal -0.595642 -0.80325 -0
    outer loop
      vertex 29.8055 -4.78095 2
      vertex 29.3522 -4.44481 0
      vertex 29.8055 -4.78095 0
    endloop
  endfacet
  facet normal -0.427556 -0.903989 0
    outer loop
      vertex 30.2895 -5.07105 0
      vertex 30.7996 -5.31231 2
      vertex 30.2895 -5.07105 2
    endloop
  endfacet
  facet normal -0.427556 -0.903989 -0
    outer loop
      vertex 30.7996 -5.31231 2
      vertex 30.2895 -5.07105 0
      vertex 30.7996 -5.31231 0
    endloop
  endfacet
  facet normal -0.242994 -0.970028 0
    outer loop
      vertex 31.3309 -5.50241 0
      vertex 31.8782 -5.63951 2
      vertex 31.3309 -5.50241 2
    endloop
  endfacet
  facet normal -0.242994 -0.970028 -0
    outer loop
      vertex 31.8782 -5.63951 2
      vertex 31.3309 -5.50241 0
      vertex 31.8782 -5.63951 0
    endloop
  endfacet
  facet normal -0.989176 -0.146736 0
    outer loop
      vertex 27.3605 -1.12177 0
      vertex 27.2777 -0.563598 2
      vertex 27.2777 -0.563598 0
    endloop
  endfacet
  facet normal -0.989176 -0.146736 0
    outer loop
      vertex 27.2777 -0.563598 2
      vertex 27.3605 -1.12177 0
      vertex 27.3605 -1.12177 2
    endloop
  endfacet
  facet normal 0.427556 -0.903989 0
    outer loop
      vertex 35.2004 -5.31231 0
      vertex 35.7105 -5.07105 2
      vertex 35.2004 -5.31231 2
    endloop
  endfacet
  facet normal 0.427556 -0.903989 0
    outer loop
      vertex 35.7105 -5.07105 2
      vertex 35.2004 -5.31231 0
      vertex 35.7105 -5.07105 0
    endloop
  endfacet
  facet normal -0.998798 -0.0490092 0
    outer loop
      vertex 37.2 0 0
      vertex 37.1798 0.411672 2
      vertex 37.1798 0.411672 0
    endloop
  endfacet
  facet normal -0.998798 -0.0490092 0
    outer loop
      vertex 37.1798 0.411672 2
      vertex 37.2 0 0
      vertex 37.2 0 2
    endloop
  endfacet
  facet normal 0.998798 -0.0490092 0
    outer loop
      vertex 28.8 0 2
      vertex 28.8202 0.411672 0
      vertex 28.8202 0.411672 2
    endloop
  endfacet
  facet normal 0.998798 -0.0490092 0
    outer loop
      vertex 28.8202 0.411672 0
      vertex 28.8 0 2
      vertex 28.8 0 0
    endloop
  endfacet
  facet normal -0.0490543 -0.998796 0
    outer loop
      vertex 33 4.2 0
      vertex 33.4117 4.17978 2
      vertex 33 4.2 2
    endloop
  endfacet
  facet normal -0.0490543 -0.998796 -0
    outer loop
      vertex 33.4117 4.17978 2
      vertex 33 4.2 0
      vertex 33.4117 4.17978 0
    endloop
  endfacet
  facet normal 0.0490543 0.998796 -0
    outer loop
      vertex 33 -4.2 0
      vertex 32.5883 -4.17978 2
      vertex 33 -4.2 2
    endloop
  endfacet
  facet normal 0.0490543 0.998796 0
    outer loop
      vertex 32.5883 -4.17978 2
      vertex 33 -4.2 0
      vertex 32.5883 -4.17978 0
    endloop
  endfacet
  facet normal -0.671668 -0.740852 0
    outer loop
      vertex 35.6645 3.24664 0
      vertex 35.9698 2.96985 2
      vertex 35.6645 3.24664 2
    endloop
  endfacet
  facet normal -0.671668 -0.740852 -0
    outer loop
      vertex 35.9698 2.96985 2
      vertex 35.6645 3.24664 0
      vertex 35.9698 2.96985 0
    endloop
  endfacet
  facet normal 0.671668 -0.740852 0
    outer loop
      vertex 30.0302 2.96985 0
      vertex 30.3355 3.24664 2
      vertex 30.0302 2.96985 2
    endloop
  endfacet
  facet normal 0.671668 -0.740852 0
    outer loop
      vertex 30.3355 3.24664 2
      vertex 30.0302 2.96985 0
      vertex 30.3355 3.24664 0
    endloop
  endfacet
  facet normal 0.33688 -0.941547 0
    outer loop
      vertex 31.3927 3.88029 0
      vertex 31.7808 4.01915 2
      vertex 31.3927 3.88029 2
    endloop
  endfacet
  facet normal 0.33688 -0.941547 0
    outer loop
      vertex 31.7808 4.01915 2
      vertex 31.3927 3.88029 0
      vertex 31.7808 4.01915 0
    endloop
  endfacet
  facet normal 0.970003 0.243094 0
    outer loop
      vertex 28.9809 -1.2192 2
      vertex 28.8807 -0.819379 0
      vertex 28.8807 -0.819379 2
    endloop
  endfacet
  facet normal 0.970003 0.243094 0
    outer loop
      vertex 28.8807 -0.819379 0
      vertex 28.9809 -1.2192 2
      vertex 28.9809 -1.2192 0
    endloop
  endfacet
  facet normal -0.904014 -0.427502 0
    outer loop
      vertex 36.8803 1.60727 0
      vertex 36.7041 1.97987 2
      vertex 36.7041 1.97987 0
    endloop
  endfacet
  facet normal -0.904014 -0.427502 0
    outer loop
      vertex 36.7041 1.97987 2
      vertex 36.8803 1.60727 0
      vertex 36.8803 1.60727 2
    endloop
  endfacet
  facet normal -0.427542 -0.903996 0
    outer loop
      vertex 34.6073 3.88029 0
      vertex 34.9799 3.70407 2
      vertex 34.6073 3.88029 2
    endloop
  endfacet
  facet normal -0.427542 -0.903996 -0
    outer loop
      vertex 34.9799 3.70407 2
      vertex 34.6073 3.88029 0
      vertex 34.9799 3.70407 0
    endloop
  endfacet
  facet normal -0.514139 -0.857707 0
    outer loop
      vertex 34.9799 3.70407 0
      vertex 35.3334 3.49217 2
      vertex 34.9799 3.70407 2
    endloop
  endfacet
  facet normal -0.514139 -0.857707 -0
    outer loop
      vertex 35.3334 3.49217 2
      vertex 34.9799 3.70407 0
      vertex 35.3334 3.49217 0
    endloop
  endfacet
  facet normal 0.85772 -0.514117 0
    outer loop
      vertex 29.2959 1.97987 2
      vertex 29.5078 2.33339 0
      vertex 29.5078 2.33339 2
    endloop
  endfacet
  facet normal 0.85772 -0.514117 0
    outer loop
      vertex 29.5078 2.33339 0
      vertex 29.2959 1.97987 2
      vertex 29.2959 1.97987 0
    endloop
  endfacet
  facet normal 0.803127 -0.595808 0
    outer loop
      vertex 29.5078 2.33339 2
      vertex 29.7534 2.66445 0
      vertex 29.7534 2.66445 2
    endloop
  endfacet
  facet normal 0.803127 -0.595808 0
    outer loop
      vertex 29.7534 2.66445 0
      vertex 29.5078 2.33339 2
      vertex 29.5078 2.33339 0
    endloop
  endfacet
  facet normal 0.146739 -0.989175 0
    outer loop
      vertex 32.1806 4.1193 0
      vertex 32.5883 4.17978 2
      vertex 32.1806 4.1193 2
    endloop
  endfacet
  facet normal 0.146739 -0.989175 0
    outer loop
      vertex 32.5883 4.17978 2
      vertex 32.1806 4.1193 0
      vertex 32.5883 4.17978 0
    endloop
  endfacet
  facet normal -0.904014 0.427502 0
    outer loop
      vertex 36.7041 -1.97987 0
      vertex 36.8803 -1.60727 2
      vertex 36.8803 -1.60727 0
    endloop
  endfacet
  facet normal -0.904014 0.427502 0
    outer loop
      vertex 36.8803 -1.60727 2
      vertex 36.7041 -1.97987 0
      vertex 36.7041 -1.97987 2
    endloop
  endfacet
  facet normal -0.242992 0.970028 0
    outer loop
      vertex 34.2192 -4.01915 0
      vertex 33.8194 -4.1193 2
      vertex 34.2192 -4.01915 2
    endloop
  endfacet
  facet normal -0.242992 0.970028 0
    outer loop
      vertex 33.8194 -4.1193 2
      vertex 34.2192 -4.01915 0
      vertex 33.8194 -4.1193 0
    endloop
  endfacet
  facet normal -0.740949 0.671561 0
    outer loop
      vertex 35.9698 -2.96985 0
      vertex 36.2466 -2.66445 2
      vertex 36.2466 -2.66445 0
    endloop
  endfacet
  facet normal -0.740949 0.671561 0
    outer loop
      vertex 36.2466 -2.66445 2
      vertex 35.9698 -2.96985 0
      vertex 35.9698 -2.96985 2
    endloop
  endfacet
  facet normal -0.970003 0.243094 0
    outer loop
      vertex 37.0191 -1.2192 0
      vertex 37.1193 -0.819379 2
      vertex 37.1193 -0.819379 0
    endloop
  endfacet
  facet normal -0.970003 0.243094 0
    outer loop
      vertex 37.1193 -0.819379 2
      vertex 37.0191 -1.2192 0
      vertex 37.0191 -1.2192 2
    endloop
  endfacet
  facet normal 0.33688 0.941547 -0
    outer loop
      vertex 31.7808 -4.01915 0
      vertex 31.3927 -3.88029 2
      vertex 31.7808 -4.01915 2
    endloop
  endfacet
  facet normal 0.33688 0.941547 0
    outer loop
      vertex 31.3927 -3.88029 2
      vertex 31.7808 -4.01915 0
      vertex 31.3927 -3.88029 0
    endloop
  endfacet
  facet normal 0.740949 0.671561 0
    outer loop
      vertex 30.0302 -2.96985 2
      vertex 29.7534 -2.66445 0
      vertex 29.7534 -2.66445 2
    endloop
  endfacet
  facet normal 0.740949 0.671561 0
    outer loop
      vertex 29.7534 -2.66445 0
      vertex 30.0302 -2.96985 2
      vertex 30.0302 -2.96985 0
    endloop
  endfacet
  facet normal 0.803127 0.595808 0
    outer loop
      vertex 29.7534 -2.66445 2
      vertex 29.5078 -2.33339 0
      vertex 29.5078 -2.33339 2
    endloop
  endfacet
  facet normal 0.803127 0.595808 0
    outer loop
      vertex 29.5078 -2.33339 0
      vertex 29.7534 -2.66445 2
      vertex 29.7534 -2.66445 0
    endloop
  endfacet
  facet normal -0.970003 -0.243094 0
    outer loop
      vertex 37.1193 0.819379 0
      vertex 37.0191 1.2192 2
      vertex 37.0191 1.2192 0
    endloop
  endfacet
  facet normal -0.970003 -0.243094 0
    outer loop
      vertex 37.0191 1.2192 2
      vertex 37.1193 0.819379 0
      vertex 37.1193 0.819379 2
    endloop
  endfacet
  facet normal -0.989169 -0.146784 0
    outer loop
      vertex 37.1798 0.411672 0
      vertex 37.1193 0.819379 2
      vertex 37.1193 0.819379 0
    endloop
  endfacet
  facet normal -0.989169 -0.146784 0
    outer loop
      vertex 37.1193 0.819379 2
      vertex 37.1798 0.411672 0
      vertex 37.1798 0.411672 2
    endloop
  endfacet
  facet normal -0.941585 -0.336774 0
    outer loop
      vertex 37.0191 1.2192 0
      vertex 36.8803 1.60727 2
      vertex 36.8803 1.60727 0
    endloop
  endfacet
  facet normal -0.941585 -0.336774 0
    outer loop
      vertex 36.8803 1.60727 2
      vertex 37.0191 1.2192 0
      vertex 37.0191 1.2192 2
    endloop
  endfacet
  facet normal -0.803127 -0.595808 0
    outer loop
      vertex 36.4922 2.33339 0
      vertex 36.2466 2.66445 2
      vertex 36.2466 2.66445 0
    endloop
  endfacet
  facet normal -0.803127 -0.595808 0
    outer loop
      vertex 36.2466 2.66445 2
      vertex 36.4922 2.33339 0
      vertex 36.4922 2.33339 2
    endloop
  endfacet
  facet normal -0.85772 -0.514117 0
    outer loop
      vertex 36.7041 1.97987 0
      vertex 36.4922 2.33339 2
      vertex 36.4922 2.33339 0
    endloop
  endfacet
  facet normal -0.85772 -0.514117 0
    outer loop
      vertex 36.4922 2.33339 2
      vertex 36.7041 1.97987 0
      vertex 36.7041 1.97987 2
    endloop
  endfacet
  facet normal -0.242992 -0.970028 0
    outer loop
      vertex 33.8194 4.1193 0
      vertex 34.2192 4.01915 2
      vertex 33.8194 4.1193 2
    endloop
  endfacet
  facet normal -0.242992 -0.970028 -0
    outer loop
      vertex 34.2192 4.01915 2
      vertex 33.8194 4.1193 0
      vertex 34.2192 4.01915 0
    endloop
  endfacet
  facet normal -0.146739 -0.989175 0
    outer loop
      vertex 33.4117 4.17978 0
      vertex 33.8194 4.1193 2
      vertex 33.4117 4.17978 2
    endloop
  endfacet
  facet normal -0.146739 -0.989175 -0
    outer loop
      vertex 33.8194 4.1193 2
      vertex 33.4117 4.17978 0
      vertex 33.8194 4.1193 0
    endloop
  endfacet
  facet normal -0.595652 -0.803243 0
    outer loop
      vertex 35.3334 3.49217 0
      vertex 35.6645 3.24664 2
      vertex 35.3334 3.49217 2
    endloop
  endfacet
  facet normal -0.595652 -0.803243 -0
    outer loop
      vertex 35.6645 3.24664 2
      vertex 35.3334 3.49217 0
      vertex 35.6645 3.24664 0
    endloop
  endfacet
  facet normal 0.970003 -0.243094 0
    outer loop
      vertex 28.8807 0.819379 2
      vertex 28.9809 1.2192 0
      vertex 28.9809 1.2192 2
    endloop
  endfacet
  facet normal 0.970003 -0.243094 0
    outer loop
      vertex 28.9809 1.2192 0
      vertex 28.8807 0.819379 2
      vertex 28.8807 0.819379 0
    endloop
  endfacet
  facet normal 0.904014 -0.427502 0
    outer loop
      vertex 29.1197 1.60727 2
      vertex 29.2959 1.97987 0
      vertex 29.2959 1.97987 2
    endloop
  endfacet
  facet normal 0.904014 -0.427502 0
    outer loop
      vertex 29.2959 1.97987 0
      vertex 29.1197 1.60727 2
      vertex 29.1197 1.60727 0
    endloop
  endfacet
  facet normal 0.989169 -0.146784 0
    outer loop
      vertex 28.8202 0.411672 2
      vertex 28.8807 0.819379 0
      vertex 28.8807 0.819379 2
    endloop
  endfacet
  facet normal 0.989169 -0.146784 0
    outer loop
      vertex 28.8807 0.819379 0
      vertex 28.8202 0.411672 2
      vertex 28.8202 0.411672 0
    endloop
  endfacet
  facet normal 0.427542 -0.903996 0
    outer loop
      vertex 31.0201 3.70407 0
      vertex 31.3927 3.88029 2
      vertex 31.0201 3.70407 2
    endloop
  endfacet
  facet normal 0.427542 -0.903996 0
    outer loop
      vertex 31.3927 3.88029 2
      vertex 31.0201 3.70407 0
      vertex 31.3927 3.88029 0
    endloop
  endfacet
  facet normal 0.514139 -0.857707 0
    outer loop
      vertex 30.6666 3.49217 0
      vertex 31.0201 3.70407 2
      vertex 30.6666 3.49217 2
    endloop
  endfacet
  facet normal 0.514139 -0.857707 0
    outer loop
      vertex 31.0201 3.70407 2
      vertex 30.6666 3.49217 0
      vertex 31.0201 3.70407 0
    endloop
  endfacet
  facet normal 0.595652 -0.803243 0
    outer loop
      vertex 30.3355 3.24664 0
      vertex 30.6666 3.49217 2
      vertex 30.3355 3.24664 2
    endloop
  endfacet
  facet normal 0.595652 -0.803243 0
    outer loop
      vertex 30.6666 3.49217 2
      vertex 30.3355 3.24664 0
      vertex 30.6666 3.49217 0
    endloop
  endfacet
  facet normal 0.0490543 -0.998796 0
    outer loop
      vertex 32.5883 4.17978 0
      vertex 33 4.2 2
      vertex 32.5883 4.17978 2
    endloop
  endfacet
  facet normal 0.0490543 -0.998796 0
    outer loop
      vertex 33 4.2 2
      vertex 32.5883 4.17978 0
      vertex 33 4.2 0
    endloop
  endfacet
  facet normal -0.998798 0.0490092 0
    outer loop
      vertex 37.1798 -0.411672 0
      vertex 37.2 0 2
      vertex 37.2 0 0
    endloop
  endfacet
  facet normal -0.998798 0.0490092 0
    outer loop
      vertex 37.2 0 2
      vertex 37.1798 -0.411672 0
      vertex 37.1798 -0.411672 2
    endloop
  endfacet
  facet normal -0.0490543 0.998796 0
    outer loop
      vertex 33.4117 -4.17978 0
      vertex 33 -4.2 2
      vertex 33.4117 -4.17978 2
    endloop
  endfacet
  facet normal -0.0490543 0.998796 0
    outer loop
      vertex 33 -4.2 2
      vertex 33.4117 -4.17978 0
      vertex 33 -4.2 0
    endloop
  endfacet
  facet normal -0.514139 0.857707 0
    outer loop
      vertex 35.3334 -3.49217 0
      vertex 34.9799 -3.70407 2
      vertex 35.3334 -3.49217 2
    endloop
  endfacet
  facet normal -0.514139 0.857707 0
    outer loop
      vertex 34.9799 -3.70407 2
      vertex 35.3334 -3.49217 0
      vertex 34.9799 -3.70407 0
    endloop
  endfacet
  facet normal -0.671668 0.740852 0
    outer loop
      vertex 35.9698 -2.96985 0
      vertex 35.6645 -3.24664 2
      vertex 35.9698 -2.96985 2
    endloop
  endfacet
  facet normal -0.671668 0.740852 0
    outer loop
      vertex 35.6645 -3.24664 2
      vertex 35.9698 -2.96985 0
      vertex 35.6645 -3.24664 0
    endloop
  endfacet
  facet normal -0.595652 0.803243 0
    outer loop
      vertex 35.6645 -3.24664 0
      vertex 35.3334 -3.49217 2
      vertex 35.6645 -3.24664 2
    endloop
  endfacet
  facet normal -0.595652 0.803243 0
    outer loop
      vertex 35.3334 -3.49217 2
      vertex 35.6645 -3.24664 0
      vertex 35.3334 -3.49217 0
    endloop
  endfacet
  facet normal -0.803127 0.595808 0
    outer loop
      vertex 36.2466 -2.66445 0
      vertex 36.4922 -2.33339 2
      vertex 36.4922 -2.33339 0
    endloop
  endfacet
  facet normal -0.803127 0.595808 0
    outer loop
      vertex 36.4922 -2.33339 2
      vertex 36.2466 -2.66445 0
      vertex 36.2466 -2.66445 2
    endloop
  endfacet
  facet normal -0.85772 0.514117 0
    outer loop
      vertex 36.4922 -2.33339 0
      vertex 36.7041 -1.97987 2
      vertex 36.7041 -1.97987 0
    endloop
  endfacet
  facet normal -0.85772 0.514117 0
    outer loop
      vertex 36.7041 -1.97987 2
      vertex 36.4922 -2.33339 0
      vertex 36.4922 -2.33339 2
    endloop
  endfacet
  facet normal 0.671668 0.740852 -0
    outer loop
      vertex 30.3355 -3.24664 0
      vertex 30.0302 -2.96985 2
      vertex 30.3355 -3.24664 2
    endloop
  endfacet
  facet normal 0.671668 0.740852 0
    outer loop
      vertex 30.0302 -2.96985 2
      vertex 30.3355 -3.24664 0
      vertex 30.0302 -2.96985 0
    endloop
  endfacet
  facet normal 0.595652 0.803243 -0
    outer loop
      vertex 30.6666 -3.49217 0
      vertex 30.3355 -3.24664 2
      vertex 30.6666 -3.49217 2
    endloop
  endfacet
  facet normal 0.595652 0.803243 0
    outer loop
      vertex 30.3355 -3.24664 2
      vertex 30.6666 -3.49217 0
      vertex 30.3355 -3.24664 0
    endloop
  endfacet
  facet normal 0.514139 0.857707 -0
    outer loop
      vertex 31.0201 -3.70407 0
      vertex 30.6666 -3.49217 2
      vertex 31.0201 -3.70407 2
    endloop
  endfacet
  facet normal 0.514139 0.857707 0
    outer loop
      vertex 30.6666 -3.49217 2
      vertex 31.0201 -3.70407 0
      vertex 30.6666 -3.49217 0
    endloop
  endfacet
  facet normal 0.146739 0.989175 -0
    outer loop
      vertex 32.5883 -4.17978 0
      vertex 32.1806 -4.1193 2
      vertex 32.5883 -4.17978 2
    endloop
  endfacet
  facet normal 0.146739 0.989175 0
    outer loop
      vertex 32.1806 -4.1193 2
      vertex 32.5883 -4.17978 0
      vertex 32.1806 -4.1193 0
    endloop
  endfacet
  facet normal 0.904014 0.427502 0
    outer loop
      vertex 29.2959 -1.97987 2
      vertex 29.1197 -1.60727 0
      vertex 29.1197 -1.60727 2
    endloop
  endfacet
  facet normal 0.904014 0.427502 0
    outer loop
      vertex 29.1197 -1.60727 0
      vertex 29.2959 -1.97987 2
      vertex 29.2959 -1.97987 0
    endloop
  endfacet
  facet normal 0.941585 0.336774 0
    outer loop
      vertex 29.1197 -1.60727 2
      vertex 28.9809 -1.2192 0
      vertex 28.9809 -1.2192 2
    endloop
  endfacet
  facet normal 0.941585 0.336774 0
    outer loop
      vertex 28.9809 -1.2192 0
      vertex 29.1197 -1.60727 2
      vertex 29.1197 -1.60727 0
    endloop
  endfacet
  facet normal 0.998798 0.0490092 0
    outer loop
      vertex 28.8202 -0.411672 2
      vertex 28.8 0 0
      vertex 28.8 0 2
    endloop
  endfacet
  facet normal 0.998798 0.0490092 0
    outer loop
      vertex 28.8 0 0
      vertex 28.8202 -0.411672 2
      vertex 28.8202 -0.411672 0
    endloop
  endfacet
  facet normal -0.740949 -0.671561 0
    outer loop
      vertex 36.2466 2.66445 0
      vertex 35.9698 2.96985 2
      vertex 35.9698 2.96985 0
    endloop
  endfacet
  facet normal -0.740949 -0.671561 0
    outer loop
      vertex 35.9698 2.96985 2
      vertex 36.2466 2.66445 0
      vertex 36.2466 2.66445 2
    endloop
  endfacet
  facet normal -0.33688 -0.941547 0
    outer loop
      vertex 34.2192 4.01915 0
      vertex 34.6073 3.88029 2
      vertex 34.2192 4.01915 2
    endloop
  endfacet
  facet normal -0.33688 -0.941547 -0
    outer loop
      vertex 34.6073 3.88029 2
      vertex 34.2192 4.01915 0
      vertex 34.6073 3.88029 0
    endloop
  endfacet
  facet normal 0.740949 -0.671561 0
    outer loop
      vertex 29.7534 2.66445 2
      vertex 30.0302 2.96985 0
      vertex 30.0302 2.96985 2
    endloop
  endfacet
  facet normal 0.740949 -0.671561 0
    outer loop
      vertex 30.0302 2.96985 0
      vertex 29.7534 2.66445 2
      vertex 29.7534 2.66445 0
    endloop
  endfacet
  facet normal 0.941585 -0.336774 0
    outer loop
      vertex 28.9809 1.2192 2
      vertex 29.1197 1.60727 0
      vertex 29.1197 1.60727 2
    endloop
  endfacet
  facet normal 0.941585 -0.336774 0
    outer loop
      vertex 29.1197 1.60727 0
      vertex 28.9809 1.2192 2
      vertex 28.9809 1.2192 0
    endloop
  endfacet
  facet normal 0.242992 -0.970028 0
    outer loop
      vertex 31.7808 4.01915 0
      vertex 32.1806 4.1193 2
      vertex 31.7808 4.01915 2
    endloop
  endfacet
  facet normal 0.242992 -0.970028 0
    outer loop
      vertex 32.1806 4.1193 2
      vertex 31.7808 4.01915 0
      vertex 32.1806 4.1193 0
    endloop
  endfacet
  facet normal -0.146739 0.989175 0
    outer loop
      vertex 33.8194 -4.1193 0
      vertex 33.4117 -4.17978 2
      vertex 33.8194 -4.1193 2
    endloop
  endfacet
  facet normal -0.146739 0.989175 0
    outer loop
      vertex 33.4117 -4.17978 2
      vertex 33.8194 -4.1193 0
      vertex 33.4117 -4.17978 0
    endloop
  endfacet
  facet normal -0.427542 0.903996 0
    outer loop
      vertex 34.9799 -3.70407 0
      vertex 34.6073 -3.88029 2
      vertex 34.9799 -3.70407 2
    endloop
  endfacet
  facet normal -0.427542 0.903996 0
    outer loop
      vertex 34.6073 -3.88029 2
      vertex 34.9799 -3.70407 0
      vertex 34.6073 -3.88029 0
    endloop
  endfacet
  facet normal -0.941585 0.336774 0
    outer loop
      vertex 36.8803 -1.60727 0
      vertex 37.0191 -1.2192 2
      vertex 37.0191 -1.2192 0
    endloop
  endfacet
  facet normal -0.941585 0.336774 0
    outer loop
      vertex 37.0191 -1.2192 2
      vertex 36.8803 -1.60727 0
      vertex 36.8803 -1.60727 2
    endloop
  endfacet
  facet normal -0.989169 0.146784 0
    outer loop
      vertex 37.1193 -0.819379 0
      vertex 37.1798 -0.411672 2
      vertex 37.1798 -0.411672 0
    endloop
  endfacet
  facet normal -0.989169 0.146784 0
    outer loop
      vertex 37.1798 -0.411672 2
      vertex 37.1193 -0.819379 0
      vertex 37.1193 -0.819379 2
    endloop
  endfacet
  facet normal 0.427542 0.903996 -0
    outer loop
      vertex 31.3927 -3.88029 0
      vertex 31.0201 -3.70407 2
      vertex 31.3927 -3.88029 2
    endloop
  endfacet
  facet normal 0.427542 0.903996 0
    outer loop
      vertex 31.0201 -3.70407 2
      vertex 31.3927 -3.88029 0
      vertex 31.0201 -3.70407 0
    endloop
  endfacet
  facet normal 0.242992 0.970028 -0
    outer loop
      vertex 32.1806 -4.1193 0
      vertex 31.7808 -4.01915 2
      vertex 32.1806 -4.1193 2
    endloop
  endfacet
  facet normal 0.242992 0.970028 0
    outer loop
      vertex 31.7808 -4.01915 2
      vertex 32.1806 -4.1193 0
      vertex 31.7808 -4.01915 0
    endloop
  endfacet
  facet normal 0.85772 0.514117 0
    outer loop
      vertex 29.5078 -2.33339 2
      vertex 29.2959 -1.97987 0
      vertex 29.2959 -1.97987 2
    endloop
  endfacet
  facet normal 0.85772 0.514117 0
    outer loop
      vertex 29.2959 -1.97987 0
      vertex 29.5078 -2.33339 2
      vertex 29.5078 -2.33339 0
    endloop
  endfacet
  facet normal 0.989169 0.146784 0
    outer loop
      vertex 28.8807 -0.819379 2
      vertex 28.8202 -0.411672 0
      vertex 28.8202 -0.411672 2
    endloop
  endfacet
  facet normal 0.989169 0.146784 0
    outer loop
      vertex 28.8202 -0.411672 0
      vertex 28.8807 -0.819379 2
      vertex 28.8807 -0.819379 0
    endloop
  endfacet
  facet normal -0.33688 0.941547 0
    outer loop
      vertex 34.6073 -3.88029 0
      vertex 34.2192 -4.01915 2
      vertex 34.6073 -3.88029 2
    endloop
  endfacet
  facet normal -0.33688 0.941547 0
    outer loop
      vertex 34.2192 -4.01915 2
      vertex 34.6073 -3.88029 0
      vertex 34.2192 -4.01915 0
    endloop
  endfacet
  facet normal 0.998794 0.0490893 0
    outer loop
      vertex 55.25 0 2
      vertex 55.2223 0.563598 0
      vertex 55.2223 0.563598 2
    endloop
  endfacet
  facet normal 0.998794 0.0490893 0
    outer loop
      vertex 55.2223 0.563598 0
      vertex 55.25 0 2
      vertex 55.25 0 0
    endloop
  endfacet
  facet normal -0.998794 0.0490893 0
    outer loop
      vertex 43.75 0 0
      vertex 43.7777 0.563598 2
      vertex 43.7777 0.563598 0
    endloop
  endfacet
  facet normal -0.998794 0.0490893 0
    outer loop
      vertex 43.7777 0.563598 2
      vertex 43.75 0 0
      vertex 43.75 0 2
    endloop
  endfacet
  facet normal 0.0490714 0.998795 -0
    outer loop
      vertex 50.0636 5.72231 0
      vertex 49.5 5.75 2
      vertex 50.0636 5.72231 2
    endloop
  endfacet
  facet normal 0.0490714 0.998795 0
    outer loop
      vertex 49.5 5.75 2
      vertex 50.0636 5.72231 0
      vertex 49.5 5.75 0
    endloop
  endfacet
  facet normal -0.0490714 -0.998795 0
    outer loop
      vertex 48.9364 -5.72231 0
      vertex 49.5 -5.75 2
      vertex 48.9364 -5.72231 2
    endloop
  endfacet
  facet normal -0.0490714 -0.998795 -0
    outer loop
      vertex 49.5 -5.75 2
      vertex 48.9364 -5.72231 0
      vertex 49.5 -5.75 0
    endloop
  endfacet
  facet normal -0.74099 -0.671516 0
    outer loop
      vertex 45.4341 -4.06586 0
      vertex 45.0552 -3.64776 2
      vertex 45.0552 -3.64776 0
    endloop
  endfacet
  facet normal -0.74099 -0.671516 0
    outer loop
      vertex 45.0552 -3.64776 2
      vertex 45.4341 -4.06586 0
      vertex 45.4341 -4.06586 2
    endloop
  endfacet
  facet normal 0.671565 0.740946 -0
    outer loop
      vertex 53.5659 4.06586 0
      vertex 53.1478 4.44481 2
      vertex 53.5659 4.06586 2
    endloop
  endfacet
  facet normal 0.671565 0.740946 0
    outer loop
      vertex 53.1478 4.44481 2
      vertex 53.5659 4.06586 0
      vertex 53.1478 4.44481 0
    endloop
  endfacet
  facet normal -0.671565 0.740946 0
    outer loop
      vertex 45.8522 4.44481 0
      vertex 45.4341 4.06586 2
      vertex 45.8522 4.44481 2
    endloop
  endfacet
  facet normal -0.671565 0.740946 0
    outer loop
      vertex 45.4341 4.06586 2
      vertex 45.8522 4.44481 0
      vertex 45.4341 4.06586 0
    endloop
  endfacet
  facet normal -0.336886 0.941545 0
    outer loop
      vertex 47.8309 5.50241 0
      vertex 47.2996 5.31231 2
      vertex 47.8309 5.50241 2
    endloop
  endfacet
  facet normal -0.336886 0.941545 0
    outer loop
      vertex 47.2996 5.31231 2
      vertex 47.8309 5.50241 0
      vertex 47.2996 5.31231 0
    endloop
  endfacet
  facet normal 0.903961 0.427614 0
    outer loop
      vertex 54.8123 2.20043 2
      vertex 54.571 2.71053 0
      vertex 54.571 2.71053 2
    endloop
  endfacet
  facet normal 0.903961 0.427614 0
    outer loop
      vertex 54.571 2.71053 0
      vertex 54.8123 2.20043 2
      vertex 54.8123 2.20043 0
    endloop
  endfacet
  facet normal 0.336886 0.941545 -0
    outer loop
      vertex 51.7004 5.31231 0
      vertex 51.1691 5.50241 2
      vertex 51.7004 5.31231 2
    endloop
  endfacet
  facet normal 0.336886 0.941545 0
    outer loop
      vertex 51.1691 5.50241 2
      vertex 51.7004 5.31231 0
      vertex 51.1691 5.50241 0
    endloop
  endfacet
  facet normal 0.242994 0.970028 -0
    outer loop
      vertex 51.1691 5.50241 0
      vertex 50.6218 5.63951 2
      vertex 51.1691 5.50241 2
    endloop
  endfacet
  facet normal 0.242994 0.970028 0
    outer loop
      vertex 50.6218 5.63951 2
      vertex 51.1691 5.50241 0
      vertex 50.6218 5.63951 0
    endloop
  endfacet
  facet normal 0.514105 0.857727 -0
    outer loop
      vertex 52.6945 4.78095 0
      vertex 52.2105 5.07105 2
      vertex 52.6945 4.78095 2
    endloop
  endfacet
  facet normal 0.514105 0.857727 0
    outer loop
      vertex 52.2105 5.07105 2
      vertex 52.6945 4.78095 0
      vertex 52.2105 5.07105 0
    endloop
  endfacet
  facet normal -0.903961 0.427614 0
    outer loop
      vertex 44.1877 2.20043 0
      vertex 44.429 2.71053 2
      vertex 44.429 2.71053 0
    endloop
  endfacet
  facet normal -0.903961 0.427614 0
    outer loop
      vertex 44.429 2.71053 2
      vertex 44.1877 2.20043 0
      vertex 44.1877 2.20043 2
    endloop
  endfacet
  facet normal -0.146728 0.989177 0
    outer loop
      vertex 48.9364 5.72231 0
      vertex 48.3782 5.63951 2
      vertex 48.9364 5.72231 2
    endloop
  endfacet
  facet normal -0.146728 0.989177 0
    outer loop
      vertex 48.3782 5.63951 2
      vertex 48.9364 5.72231 0
      vertex 48.3782 5.63951 0
    endloop
  endfacet
  facet normal 0.941543 -0.336892 0
    outer loop
      vertex 54.8123 -2.20043 2
      vertex 55.0024 -1.66914 0
      vertex 55.0024 -1.66914 2
    endloop
  endfacet
  facet normal 0.941543 -0.336892 0
    outer loop
      vertex 55.0024 -1.66914 0
      vertex 54.8123 -2.20043 2
      vertex 54.8123 -2.20043 0
    endloop
  endfacet
  facet normal 0 0 -1
    outer loop
      vertex 53.7 0 0
      vertex 55.25 0 0
      vertex 55.2223 -0.563598 0
    endloop
  endfacet
  facet normal 0 0 -1
    outer loop
      vertex 53.6798 -0.411672 0
      vertex 55.2223 -0.563598 0
      vertex 55.1395 -1.12177 0
    endloop
  endfacet
  facet normal 0 0 -1
    outer loop
      vertex 55.25 0 0
      vertex 53.7 0 0
      vertex 55.2223 0.563598 0
    endloop
  endfacet
  facet normal 0 0 -1
    outer loop
      vertex 53.6193 -0.819379 0
      vertex 55.1395 -1.12177 0
      vertex 55.0024 -1.66914 0
    endloop
  endfacet
  facet normal 0 0 -1
    outer loop
      vertex 53.6798 0.411672 0
      vertex 55.2223 0.563598 0
      vertex 53.7 0 0
    endloop
  endfacet
  facet normal 0 0 -1
    outer loop
      vertex 53.5191 -1.2192 0
      vertex 55.0024 -1.66914 0
      vertex 54.8123 -2.20043 0
    endloop
  endfacet
  facet normal -0 0 -1
    outer loop
      vertex 55.2223 0.563598 0
      vertex 53.6798 0.411672 0
      vertex 55.1395 1.12177 0
    endloop
  endfacet
  facet normal 0 0 -1
    outer loop
      vertex 53.3803 -1.60727 0
      vertex 54.8123 -2.20043 0
      vertex 54.571 -2.71053 0
    endloop
  endfacet
  facet normal 0 0 -1
    outer loop
      vertex 53.6193 0.819379 0
      vertex 55.1395 1.12177 0
      vertex 53.6798 0.411672 0
    endloop
  endfacet
  facet normal 0 0 -1
    outer loop
      vertex 53.2041 -1.97987 0
      vertex 54.571 -2.71053 0
      vertex 54.2809 -3.19453 0
    endloop
  endfacet
  facet normal -0 0 -1
    outer loop
      vertex 55.1395 1.12177 0
      vertex 53.6193 0.819379 0
      vertex 55.0024 1.66914 0
    endloop
  endfacet
  facet normal 0 0 -1
    outer loop
      vertex 52.9922 -2.33339 0
      vertex 54.2809 -3.19453 0
      vertex 53.9448 -3.64776 0
    endloop
  endfacet
  facet normal 0 0 -1
    outer loop
      vertex 53.5191 1.2192 0
      vertex 55.0024 1.66914 0
      vertex 53.6193 0.819379 0
    endloop
  endfacet
  facet normal -0 0 -1
    outer loop
      vertex 55.0024 1.66914 0
      vertex 53.5191 1.2192 0
      vertex 54.8123 2.20043 0
    endloop
  endfacet
  facet normal 0 0 -1
    outer loop
      vertex 55.2223 -0.563598 0
      vertex 53.6798 -0.411672 0
      vertex 53.7 0 0
    endloop
  endfacet
  facet normal 0 0 -1
    outer loop
      vertex 55.1395 -1.12177 0
      vertex 53.6193 -0.819379 0
      vertex 53.6798 -0.411672 0
    endloop
  endfacet
  facet normal 0 0 -1
    outer loop
      vertex 52.7466 -2.66445 0
      vertex 53.9448 -3.64776 0
      vertex 53.5659 -4.06586 0
    endloop
  endfacet
  facet normal 0 0 -1
    outer loop
      vertex 55.0024 -1.66914 0
      vertex 53.5191 -1.2192 0
      vertex 53.6193 -0.819379 0
    endloop
  endfacet
  facet normal 0 0 -1
    outer loop
      vertex 54.8123 -2.20043 0
      vertex 53.3803 -1.60727 0
      vertex 53.5191 -1.2192 0
    endloop
  endfacet
  facet normal 0 0 -1
    outer loop
      vertex 54.571 -2.71053 0
      vertex 53.2041 -1.97987 0
      vertex 53.3803 -1.60727 0
    endloop
  endfacet
  facet normal 0 0 -1
    outer loop
      vertex 52.4698 -2.96985 0
      vertex 53.5659 -4.06586 0
      vertex 53.1478 -4.44481 0
    endloop
  endfacet
  facet normal 0 0 -1
    outer loop
      vertex 54.2809 -3.19453 0
      vertex 52.9922 -2.33339 0
      vertex 53.2041 -1.97987 0
    endloop
  endfacet
  facet normal 0 0 -1
    outer loop
      vertex 53.9448 -3.64776 0
      vertex 52.7466 -2.66445 0
      vertex 52.9922 -2.33339 0
    endloop
  endfacet
  facet normal 0 0 -1
    outer loop
      vertex 52.1645 -3.24664 0
      vertex 53.1478 -4.44481 0
      vertex 52.6945 -4.78095 0
    endloop
  endfacet
  facet normal 0 0 -1
    outer loop
      vertex 53.5659 -4.06586 0
      vertex 52.4698 -2.96985 0
      vertex 52.7466 -2.66445 0
    endloop
  endfacet
  facet normal 0 0 -1
    outer loop
      vertex 51.8334 -3.49217 0
      vertex 52.6945 -4.78095 0
      vertex 52.2105 -5.07105 0
    endloop
  endfacet
  facet normal 0 0 -1
    outer loop
      vertex 53.1478 -4.44481 0
      vertex 52.1645 -3.24664 0
      vertex 52.4698 -2.96985 0
    endloop
  endfacet
  facet normal 0 0 -1
    outer loop
      vertex 52.6945 -4.78095 0
      vertex 51.8334 -3.49217 0
      vertex 52.1645 -3.24664 0
    endloop
  endfacet
  facet normal 0 0 -1
    outer loop
      vertex 51.4799 -3.70407 0
      vertex 52.2105 -5.07105 0
      vertex 51.7004 -5.31231 0
    endloop
  endfacet
  facet normal 0 0 -1
    outer loop
      vertex 52.2105 -5.07105 0
      vertex 51.4799 -3.70407 0
      vertex 51.8334 -3.49217 0
    endloop
  endfacet
  facet normal 0 0 -1
    outer loop
      vertex 51.1073 -3.88029 0
      vertex 51.7004 -5.31231 0
      vertex 51.1691 -5.50241 0
    endloop
  endfacet
  facet normal 0 0 -1
    outer loop
      vertex 51.7004 -5.31231 0
      vertex 51.1073 -3.88029 0
      vertex 51.4799 -3.70407 0
    endloop
  endfacet
  facet normal 0 0 -1
    outer loop
      vertex 51.1691 -5.50241 0
      vertex 50.7192 -4.01915 0
      vertex 51.1073 -3.88029 0
    endloop
  endfacet
  facet normal 0 0 -1
    outer loop
      vertex 50.6218 -5.63951 0
      vertex 50.7192 -4.01915 0
      vertex 51.1691 -5.50241 0
    endloop
  endfacet
  facet normal 0 0 -1
    outer loop
      vertex 50.6218 -5.63951 0
      vertex 50.3194 -4.1193 0
      vertex 50.7192 -4.01915 0
    endloop
  endfacet
  facet normal 0 0 -1
    outer loop
      vertex 50.0636 -5.72231 0
      vertex 50.3194 -4.1193 0
      vertex 50.6218 -5.63951 0
    endloop
  endfacet
  facet normal 0 0 -1
    outer loop
      vertex 50.0636 -5.72231 0
      vertex 49.9117 -4.17978 0
      vertex 50.3194 -4.1193 0
    endloop
  endfacet
  facet normal 0 0 -1
    outer loop
      vertex 49.5 -5.75 0
      vertex 49.9117 -4.17978 0
      vertex 50.0636 -5.72231 0
    endloop
  endfacet
  facet normal 0 0 -1
    outer loop
      vertex 49.5 -5.75 0
      vertex 49.5 -4.2 0
      vertex 49.9117 -4.17978 0
    endloop
  endfacet
  facet normal 0 0 -1
    outer loop
      vertex 49.5 -5.75 0
      vertex 49.0883 -4.17978 0
      vertex 49.5 -4.2 0
    endloop
  endfacet
  facet normal 0 0 -1
    outer loop
      vertex 48.9364 -5.72231 0
      vertex 49.0883 -4.17978 0
      vertex 49.5 -5.75 0
    endloop
  endfacet
  facet normal 0 0 -1
    outer loop
      vertex 48.9364 -5.72231 0
      vertex 48.6806 -4.1193 0
      vertex 49.0883 -4.17978 0
    endloop
  endfacet
  facet normal 0 0 -1
    outer loop
      vertex 48.3782 -5.63951 0
      vertex 48.6806 -4.1193 0
      vertex 48.9364 -5.72231 0
    endloop
  endfacet
  facet normal 0 0 -1
    outer loop
      vertex 48.3782 -5.63951 0
      vertex 48.2808 -4.01915 0
      vertex 48.6806 -4.1193 0
    endloop
  endfacet
  facet normal 0 0 -1
    outer loop
      vertex 47.8309 -5.50241 0
      vertex 48.2808 -4.01915 0
      vertex 48.3782 -5.63951 0
    endloop
  endfacet
  facet normal -0 0 -1
    outer loop
      vertex 48.2808 -4.01915 0
      vertex 47.8309 -5.50241 0
      vertex 47.8927 -3.88029 0
    endloop
  endfacet
  facet normal 0 0 -1
    outer loop
      vertex 47.2996 -5.31231 0
      vertex 47.8927 -3.88029 0
      vertex 47.8309 -5.50241 0
    endloop
  endfacet
  facet normal -0 0 -1
    outer loop
      vertex 47.8927 -3.88029 0
      vertex 47.2996 -5.31231 0
      vertex 47.5201 -3.70407 0
    endloop
  endfacet
  facet normal 0 0 -1
    outer loop
      vertex 46.7895 -5.07105 0
      vertex 47.5201 -3.70407 0
      vertex 47.2996 -5.31231 0
    endloop
  endfacet
  facet normal -0 0 -1
    outer loop
      vertex 47.5201 -3.70407 0
      vertex 46.7895 -5.07105 0
      vertex 47.1666 -3.49217 0
    endloop
  endfacet
  facet normal 0 0 -1
    outer loop
      vertex 46.3055 -4.78095 0
      vertex 47.1666 -3.49217 0
      vertex 46.7895 -5.07105 0
    endloop
  endfacet
  facet normal -0 0 -1
    outer loop
      vertex 47.1666 -3.49217 0
      vertex 46.3055 -4.78095 0
      vertex 46.8355 -3.24664 0
    endloop
  endfacet
  facet normal 0 0 -1
    outer loop
      vertex 45.8522 -4.44481 0
      vertex 46.8355 -3.24664 0
      vertex 46.3055 -4.78095 0
    endloop
  endfacet
  facet normal -0 0 -1
    outer loop
      vertex 46.8355 -3.24664 0
      vertex 45.8522 -4.44481 0
      vertex 46.5302 -2.96985 0
    endloop
  endfacet
  facet normal 0 0 -1
    outer loop
      vertex 45.4341 -4.06586 0
      vertex 46.5302 -2.96985 0
      vertex 45.8522 -4.44481 0
    endloop
  endfacet
  facet normal -0 0 -1
    outer loop
      vertex 46.5302 -2.96985 0
      vertex 45.4341 -4.06586 0
      vertex 46.2534 -2.66445 0
    endloop
  endfacet
  facet normal 0 0 -1
    outer loop
      vertex 45.0552 -3.64776 0
      vertex 46.2534 -2.66445 0
      vertex 45.4341 -4.06586 0
    endloop
  endfacet
  facet normal -0 0 -1
    outer loop
      vertex 46.2534 -2.66445 0
      vertex 45.0552 -3.64776 0
      vertex 46.0078 -2.33339 0
    endloop
  endfacet
  facet normal 0 0 -1
    outer loop
      vertex 44.7191 -3.19453 0
      vertex 46.0078 -2.33339 0
      vertex 45.0552 -3.64776 0
    endloop
  endfacet
  facet normal -0 0 -1
    outer loop
      vertex 46.0078 -2.33339 0
      vertex 44.7191 -3.19453 0
      vertex 45.7959 -1.97987 0
    endloop
  endfacet
  facet normal 0 0 -1
    outer loop
      vertex 44.429 -2.71053 0
      vertex 45.7959 -1.97987 0
      vertex 44.7191 -3.19453 0
    endloop
  endfacet
  facet normal -0 0 -1
    outer loop
      vertex 45.7959 -1.97987 0
      vertex 44.429 -2.71053 0
      vertex 45.6197 -1.60727 0
    endloop
  endfacet
  facet normal 0 0 -1
    outer loop
      vertex 44.1877 -2.20043 0
      vertex 45.6197 -1.60727 0
      vertex 44.429 -2.71053 0
    endloop
  endfacet
  facet normal -0 0 -1
    outer loop
      vertex 45.6197 -1.60727 0
      vertex 44.1877 -2.20043 0
      vertex 45.4809 -1.2192 0
    endloop
  endfacet
  facet normal 0 0 -1
    outer loop
      vertex 53.3803 1.60727 0
      vertex 54.8123 2.20043 0
      vertex 53.5191 1.2192 0
    endloop
  endfacet
  facet normal -0 0 -1
    outer loop
      vertex 54.8123 2.20043 0
      vertex 53.3803 1.60727 0
      vertex 54.571 2.71053 0
    endloop
  endfacet
  facet normal 0 0 -1
    outer loop
      vertex 53.2041 1.97987 0
      vertex 54.571 2.71053 0
      vertex 53.3803 1.60727 0
    endloop
  endfacet
  facet normal -0 0 -1
    outer loop
      vertex 54.571 2.71053 0
      vertex 53.2041 1.97987 0
      vertex 54.2809 3.19453 0
    endloop
  endfacet
  facet normal 0 0 -1
    outer loop
      vertex 52.9922 2.33339 0
      vertex 54.2809 3.19453 0
      vertex 53.2041 1.97987 0
    endloop
  endfacet
  facet normal -0 0 -1
    outer loop
      vertex 54.2809 3.19453 0
      vertex 52.9922 2.33339 0
      vertex 53.9448 3.64776 0
    endloop
  endfacet
  facet normal 0 0 -1
    outer loop
      vertex 52.7466 2.66445 0
      vertex 53.9448 3.64776 0
      vertex 52.9922 2.33339 0
    endloop
  endfacet
  facet normal -0 0 -1
    outer loop
      vertex 53.9448 3.64776 0
      vertex 52.7466 2.66445 0
      vertex 53.5659 4.06586 0
    endloop
  endfacet
  facet normal 0 0 -1
    outer loop
      vertex 52.4698 2.96985 0
      vertex 53.5659 4.06586 0
      vertex 52.7466 2.66445 0
    endloop
  endfacet
  facet normal -0 0 -1
    outer loop
      vertex 53.5659 4.06586 0
      vertex 52.4698 2.96985 0
      vertex 53.1478 4.44481 0
    endloop
  endfacet
  facet normal 0 0 -1
    outer loop
      vertex 52.1645 3.24664 0
      vertex 53.1478 4.44481 0
      vertex 52.4698 2.96985 0
    endloop
  endfacet
  facet normal -0 0 -1
    outer loop
      vertex 53.1478 4.44481 0
      vertex 52.1645 3.24664 0
      vertex 52.6945 4.78095 0
    endloop
  endfacet
  facet normal 0 0 -1
    outer loop
      vertex 51.8334 3.49217 0
      vertex 52.6945 4.78095 0
      vertex 52.1645 3.24664 0
    endloop
  endfacet
  facet normal -0 0 -1
    outer loop
      vertex 52.6945 4.78095 0
      vertex 51.8334 3.49217 0
      vertex 52.2105 5.07105 0
    endloop
  endfacet
  facet normal 0 0 -1
    outer loop
      vertex 51.4799 3.70407 0
      vertex 52.2105 5.07105 0
      vertex 51.8334 3.49217 0
    endloop
  endfacet
  facet normal -0 0 -1
    outer loop
      vertex 52.2105 5.07105 0
      vertex 51.4799 3.70407 0
      vertex 51.7004 5.31231 0
    endloop
  endfacet
  facet normal 0 0 -1
    outer loop
      vertex 51.1073 3.88029 0
      vertex 51.7004 5.31231 0
      vertex 51.4799 3.70407 0
    endloop
  endfacet
  facet normal -0 0 -1
    outer loop
      vertex 51.7004 5.31231 0
      vertex 51.1073 3.88029 0
      vertex 51.1691 5.50241 0
    endloop
  endfacet
  facet normal 0 0 -1
    outer loop
      vertex 50.7192 4.01915 0
      vertex 51.1691 5.50241 0
      vertex 51.1073 3.88029 0
    endloop
  endfacet
  facet normal 0 0 -1
    outer loop
      vertex 50.7192 4.01915 0
      vertex 50.6218 5.63951 0
      vertex 51.1691 5.50241 0
    endloop
  endfacet
  facet normal 0 0 -1
    outer loop
      vertex 50.3194 4.1193 0
      vertex 50.6218 5.63951 0
      vertex 50.7192 4.01915 0
    endloop
  endfacet
  facet normal 0 0 -1
    outer loop
      vertex 50.3194 4.1193 0
      vertex 50.0636 5.72231 0
      vertex 50.6218 5.63951 0
    endloop
  endfacet
  facet normal 0 0 -1
    outer loop
      vertex 49.9117 4.17978 0
      vertex 50.0636 5.72231 0
      vertex 50.3194 4.1193 0
    endloop
  endfacet
  facet normal 0 0 -1
    outer loop
      vertex 49.5 4.2 0
      vertex 50.0636 5.72231 0
      vertex 49.9117 4.17978 0
    endloop
  endfacet
  facet normal 0 0 -1
    outer loop
      vertex 49.5 4.2 0
      vertex 49.5 5.75 0
      vertex 50.0636 5.72231 0
    endloop
  endfacet
  facet normal 0 0 -1
    outer loop
      vertex 49.0883 4.17978 0
      vertex 49.5 5.75 0
      vertex 49.5 4.2 0
    endloop
  endfacet
  facet normal 0 0 -1
    outer loop
      vertex 49.0883 4.17978 0
      vertex 48.9364 5.72231 0
      vertex 49.5 5.75 0
    endloop
  endfacet
  facet normal 0 0 -1
    outer loop
      vertex 48.6806 4.1193 0
      vertex 48.9364 5.72231 0
      vertex 49.0883 4.17978 0
    endloop
  endfacet
  facet normal 0 0 -1
    outer loop
      vertex 48.6806 4.1193 0
      vertex 48.3782 5.63951 0
      vertex 48.9364 5.72231 0
    endloop
  endfacet
  facet normal 0 0 -1
    outer loop
      vertex 48.2808 4.01915 0
      vertex 48.3782 5.63951 0
      vertex 48.6806 4.1193 0
    endloop
  endfacet
  facet normal 0 0 -1
    outer loop
      vertex 47.8309 5.50241 0
      vertex 48.2808 4.01915 0
      vertex 47.8927 3.88029 0
    endloop
  endfacet
  facet normal 0 0 -1
    outer loop
      vertex 48.2808 4.01915 0
      vertex 47.8309 5.50241 0
      vertex 48.3782 5.63951 0
    endloop
  endfacet
  facet normal 0 0 -1
    outer loop
      vertex 47.2996 5.31231 0
      vertex 47.8927 3.88029 0
      vertex 47.5201 3.70407 0
    endloop
  endfacet
  facet normal 0 0 -1
    outer loop
      vertex 47.8927 3.88029 0
      vertex 47.2996 5.31231 0
      vertex 47.8309 5.50241 0
    endloop
  endfacet
  facet normal 0 0 -1
    outer loop
      vertex 46.7895 5.07105 0
      vertex 47.5201 3.70407 0
      vertex 47.1666 3.49217 0
    endloop
  endfacet
  facet normal 0 0 -1
    outer loop
      vertex 46.3055 4.78095 0
      vertex 47.1666 3.49217 0
      vertex 46.8355 3.24664 0
    endloop
  endfacet
  facet normal 0 0 -1
    outer loop
      vertex 47.5201 3.70407 0
      vertex 46.7895 5.07105 0
      vertex 47.2996 5.31231 0
    endloop
  endfacet
  facet normal 0 0 -1
    outer loop
      vertex 45.8522 4.44481 0
      vertex 46.8355 3.24664 0
      vertex 46.5302 2.96985 0
    endloop
  endfacet
  facet normal 0 0 -1
    outer loop
      vertex 47.1666 3.49217 0
      vertex 46.3055 4.78095 0
      vertex 46.7895 5.07105 0
    endloop
  endfacet
  facet normal 0 0 -1
    outer loop
      vertex 45.4341 4.06586 0
      vertex 46.5302 2.96985 0
      vertex 46.2534 2.66445 0
    endloop
  endfacet
  facet normal 0 0 -1
    outer loop
      vertex 45.0552 3.64776 0
      vertex 46.2534 2.66445 0
      vertex 46.0078 2.33339 0
    endloop
  endfacet
  facet normal 0 0 -1
    outer loop
      vertex 46.8355 3.24664 0
      vertex 45.8522 4.44481 0
      vertex 46.3055 4.78095 0
    endloop
  endfacet
  facet normal 0 0 -1
    outer loop
      vertex 44.7191 3.19453 0
      vertex 46.0078 2.33339 0
      vertex 45.7959 1.97987 0
    endloop
  endfacet
  facet normal 0 0 -1
    outer loop
      vertex 44.429 2.71053 0
      vertex 45.7959 1.97987 0
      vertex 45.6197 1.60727 0
    endloop
  endfacet
  facet normal 0 0 -1
    outer loop
      vertex 44.1877 2.20043 0
      vertex 45.6197 1.60727 0
      vertex 45.4809 1.2192 0
    endloop
  endfacet
  facet normal 0 0 -1
    outer loop
      vertex 46.5302 2.96985 0
      vertex 45.4341 4.06586 0
      vertex 45.8522 4.44481 0
    endloop
  endfacet
  facet normal 0 0 -1
    outer loop
      vertex 43.9976 1.66914 0
      vertex 45.4809 1.2192 0
      vertex 45.3807 0.819379 0
    endloop
  endfacet
  facet normal 0 0 -1
    outer loop
      vertex 43.8605 1.12177 0
      vertex 45.3807 0.819379 0
      vertex 45.3202 0.411672 0
    endloop
  endfacet
  facet normal 0 0 -1
    outer loop
      vertex 43.7777 0.563598 0
      vertex 45.3202 0.411672 0
      vertex 45.3 0 0
    endloop
  endfacet
  facet normal 0 0 -1
    outer loop
      vertex 43.9976 -1.66914 0
      vertex 45.4809 -1.2192 0
      vertex 44.1877 -2.20043 0
    endloop
  endfacet
  facet normal 0 0 -1
    outer loop
      vertex 46.2534 2.66445 0
      vertex 45.0552 3.64776 0
      vertex 45.4341 4.06586 0
    endloop
  endfacet
  facet normal -0 0 -1
    outer loop
      vertex 45.4809 -1.2192 0
      vertex 43.9976 -1.66914 0
      vertex 45.3807 -0.819379 0
    endloop
  endfacet
  facet normal 0 0 -1
    outer loop
      vertex 46.0078 2.33339 0
      vertex 44.7191 3.19453 0
      vertex 45.0552 3.64776 0
    endloop
  endfacet
  facet normal 0 0 -1
    outer loop
      vertex 43.8605 -1.12177 0
      vertex 45.3807 -0.819379 0
      vertex 43.9976 -1.66914 0
    endloop
  endfacet
  facet normal 0 0 -1
    outer loop
      vertex 45.7959 1.97987 0
      vertex 44.429 2.71053 0
      vertex 44.7191 3.19453 0
    endloop
  endfacet
  facet normal -0 0 -1
    outer loop
      vertex 45.3807 -0.819379 0
      vertex 43.8605 -1.12177 0
      vertex 45.3202 -0.411672 0
    endloop
  endfacet
  facet normal 0 0 -1
    outer loop
      vertex 45.6197 1.60727 0
      vertex 44.1877 2.20043 0
      vertex 44.429 2.71053 0
    endloop
  endfacet
  facet normal 0 0 -1
    outer loop
      vertex 43.7777 -0.563598 0
      vertex 45.3202 -0.411672 0
      vertex 43.8605 -1.12177 0
    endloop
  endfacet
  facet normal 0 0 -1
    outer loop
      vertex 45.4809 1.2192 0
      vertex 43.9976 1.66914 0
      vertex 44.1877 2.20043 0
    endloop
  endfacet
  facet normal -0 0 -1
    outer loop
      vertex 45.3202 -0.411672 0
      vertex 43.7777 -0.563598 0
      vertex 45.3 0 0
    endloop
  endfacet
  facet normal 0 0 -1
    outer loop
      vertex 45.3807 0.819379 0
      vertex 43.8605 1.12177 0
      vertex 43.9976 1.66914 0
    endloop
  endfacet
  facet normal 0 0 -1
    outer loop
      vertex 43.75 0 0
      vertex 45.3 0 0
      vertex 43.7777 -0.563598 0
    endloop
  endfacet
  facet normal 0 0 -1
    outer loop
      vertex 45.3202 0.411672 0
      vertex 43.7777 0.563598 0
      vertex 43.8605 1.12177 0
    endloop
  endfacet
  facet normal 0 0 -1
    outer loop
      vertex 45.3 0 0
      vertex 43.75 0 0
      vertex 43.7777 0.563598 0
    endloop
  endfacet
  facet normal 0.970035 0.242965 0
    outer loop
      vertex 55.1395 1.12177 2
      vertex 55.0024 1.66914 0
      vertex 55.0024 1.66914 2
    endloop
  endfacet
  facet normal 0.970035 0.242965 0
    outer loop
      vertex 55.0024 1.66914 0
      vertex 55.1395 1.12177 2
      vertex 55.1395 1.12177 0
    endloop
  endfacet
  facet normal 0.989176 0.146736 0
    outer loop
      vertex 55.2223 0.563598 2
      vertex 55.1395 1.12177 0
      vertex 55.1395 1.12177 2
    endloop
  endfacet
  facet normal 0.989176 0.146736 0
    outer loop
      vertex 55.1395 1.12177 0
      vertex 55.2223 0.563598 2
      vertex 55.2223 0.563598 0
    endloop
  endfacet
  facet normal 0.941543 0.336892 0
    outer loop
      vertex 55.0024 1.66914 2
      vertex 54.8123 2.20043 0
      vertex 54.8123 2.20043 2
    endloop
  endfacet
  facet normal 0.941543 0.336892 0
    outer loop
      vertex 54.8123 2.20043 0
      vertex 55.0024 1.66914 2
      vertex 55.0024 1.66914 0
    endloop
  endfacet
  facet normal 0.80324 0.595656 0
    outer loop
      vertex 54.2809 3.19453 2
      vertex 53.9448 3.64776 0
      vertex 53.9448 3.64776 2
    endloop
  endfacet
  facet normal 0.80324 0.595656 0
    outer loop
      vertex 53.9448 3.64776 0
      vertex 54.2809 3.19453 2
      vertex 54.2809 3.19453 0
    endloop
  endfacet
  facet normal 0.74099 0.671516 0
    outer loop
      vertex 53.9448 3.64776 2
      vertex 53.5659 4.06586 0
      vertex 53.5659 4.06586 2
    endloop
  endfacet
  facet normal 0.74099 0.671516 0
    outer loop
      vertex 53.5659 4.06586 0
      vertex 53.9448 3.64776 2
      vertex 53.9448 3.64776 0
    endloop
  endfacet
  facet normal 0.857727 0.514105 0
    outer loop
      vertex 54.571 2.71053 2
      vertex 54.2809 3.19453 0
      vertex 54.2809 3.19453 2
    endloop
  endfacet
  facet normal 0.857727 0.514105 0
    outer loop
      vertex 54.2809 3.19453 0
      vertex 54.571 2.71053 2
      vertex 54.571 2.71053 0
    endloop
  endfacet
  facet normal 0.146728 0.989177 -0
    outer loop
      vertex 50.6218 5.63951 0
      vertex 50.0636 5.72231 2
      vertex 50.6218 5.63951 2
    endloop
  endfacet
  facet normal 0.146728 0.989177 0
    outer loop
      vertex 50.0636 5.72231 2
      vertex 50.6218 5.63951 0
      vertex 50.0636 5.72231 0
    endloop
  endfacet
  facet normal 0.427556 0.903989 -0
    outer loop
      vertex 52.2105 5.07105 0
      vertex 51.7004 5.31231 2
      vertex 52.2105 5.07105 2
    endloop
  endfacet
  facet normal 0.427556 0.903989 0
    outer loop
      vertex 51.7004 5.31231 2
      vertex 52.2105 5.07105 0
      vertex 51.7004 5.31231 0
    endloop
  endfacet
  facet normal 0.595642 0.80325 -0
    outer loop
      vertex 53.1478 4.44481 0
      vertex 52.6945 4.78095 2
      vertex 53.1478 4.44481 2
    endloop
  endfacet
  facet normal 0.595642 0.80325 0
    outer loop
      vertex 52.6945 4.78095 2
      vertex 53.1478 4.44481 0
      vertex 52.6945 4.78095 0
    endloop
  endfacet
  facet normal -0.970035 0.242965 0
    outer loop
      vertex 43.8605 1.12177 0
      vertex 43.9976 1.66914 2
      vertex 43.9976 1.66914 0
    endloop
  endfacet
  facet normal -0.970035 0.242965 0
    outer loop
      vertex 43.9976 1.66914 2
      vertex 43.8605 1.12177 0
      vertex 43.8605 1.12177 2
    endloop
  endfacet
  facet normal -0.80324 0.595656 0
    outer loop
      vertex 44.7191 3.19453 0
      vertex 45.0552 3.64776 2
      vertex 45.0552 3.64776 0
    endloop
  endfacet
  facet normal -0.80324 0.595656 0
    outer loop
      vertex 45.0552 3.64776 2
      vertex 44.7191 3.19453 0
      vertex 44.7191 3.19453 2
    endloop
  endfacet
  facet normal -0.74099 0.671516 0
    outer loop
      vertex 45.0552 3.64776 0
      vertex 45.4341 4.06586 2
      vertex 45.4341 4.06586 0
    endloop
  endfacet
  facet normal -0.74099 0.671516 0
    outer loop
      vertex 45.4341 4.06586 2
      vertex 45.0552 3.64776 0
      vertex 45.0552 3.64776 2
    endloop
  endfacet
  facet normal -0.857727 0.514105 0
    outer loop
      vertex 44.429 2.71053 0
      vertex 44.7191 3.19453 2
      vertex 44.7191 3.19453 0
    endloop
  endfacet
  facet normal -0.857727 0.514105 0
    outer loop
      vertex 44.7191 3.19453 2
      vertex 44.429 2.71053 0
      vertex 44.429 2.71053 2
    endloop
  endfacet
  facet normal -0.941543 0.336892 0
    outer loop
      vertex 43.9976 1.66914 0
      vertex 44.1877 2.20043 2
      vertex 44.1877 2.20043 0
    endloop
  endfacet
  facet normal -0.941543 0.336892 0
    outer loop
      vertex 44.1877 2.20043 2
      vertex 43.9976 1.66914 0
      vertex 43.9976 1.66914 2
    endloop
  endfacet
  facet normal -0.989176 0.146736 0
    outer loop
      vertex 43.7777 0.563598 0
      vertex 43.8605 1.12177 2
      vertex 43.8605 1.12177 0
    endloop
  endfacet
  facet normal -0.989176 0.146736 0
    outer loop
      vertex 43.8605 1.12177 2
      vertex 43.7777 0.563598 0
      vertex 43.7777 0.563598 2
    endloop
  endfacet
  facet normal 0 0 1
    outer loop
      vertex 53.7 0 2
      vertex 55.25 0 2
      vertex 55.2223 0.563598 2
    endloop
  endfacet
  facet normal 0 0 1
    outer loop
      vertex 53.6798 0.411672 2
      vertex 55.2223 0.563598 2
      vertex 55.1395 1.12177 2
    endloop
  endfacet
  facet normal 0 0 1
    outer loop
      vertex 55.25 0 2
      vertex 53.7 0 2
      vertex 55.2223 -0.563598 2
    endloop
  endfacet
  facet normal 0 0 1
    outer loop
      vertex 53.6193 0.819379 2
      vertex 55.1395 1.12177 2
      vertex 55.0024 1.66914 2
    endloop
  endfacet
  facet normal -0 0 1
    outer loop
      vertex 53.6798 -0.411672 2
      vertex 55.2223 -0.563598 2
      vertex 53.7 0 2
    endloop
  endfacet
  facet normal 0 0 1
    outer loop
      vertex 53.5191 1.2192 2
      vertex 55.0024 1.66914 2
      vertex 54.8123 2.20043 2
    endloop
  endfacet
  facet normal 0 0 1
    outer loop
      vertex 55.2223 -0.563598 2
      vertex 53.6798 -0.411672 2
      vertex 55.1395 -1.12177 2
    endloop
  endfacet
  facet normal 0 0 1
    outer loop
      vertex 53.3803 1.60727 2
      vertex 54.8123 2.20043 2
      vertex 54.571 2.71053 2
    endloop
  endfacet
  facet normal -0 0 1
    outer loop
      vertex 53.6193 -0.819379 2
      vertex 55.1395 -1.12177 2
      vertex 53.6798 -0.411672 2
    endloop
  endfacet
  facet normal 0 0 1
    outer loop
      vertex 53.2041 1.97987 2
      vertex 54.571 2.71053 2
      vertex 54.2809 3.19453 2
    endloop
  endfacet
  facet normal 0 0 1
    outer loop
      vertex 55.1395 -1.12177 2
      vertex 53.6193 -0.819379 2
      vertex 55.0024 -1.66914 2
    endloop
  endfacet
  facet normal 0 0 1
    outer loop
      vertex 52.9922 2.33339 2
      vertex 54.2809 3.19453 2
      vertex 53.9448 3.64776 2
    endloop
  endfacet
  facet normal -0 0 1
    outer loop
      vertex 53.5191 -1.2192 2
      vertex 55.0024 -1.66914 2
      vertex 53.6193 -0.819379 2
    endloop
  endfacet
  facet normal 0 0 1
    outer loop
      vertex 55.0024 -1.66914 2
      vertex 53.5191 -1.2192 2
      vertex 54.8123 -2.20043 2
    endloop
  endfacet
  facet normal 0 0 1
    outer loop
      vertex 55.2223 0.563598 2
      vertex 53.6798 0.411672 2
      vertex 53.7 0 2
    endloop
  endfacet
  facet normal 0 0 1
    outer loop
      vertex 55.1395 1.12177 2
      vertex 53.6193 0.819379 2
      vertex 53.6798 0.411672 2
    endloop
  endfacet
  facet normal 0 0 1
    outer loop
      vertex 52.7466 2.66445 2
      vertex 53.9448 3.64776 2
      vertex 53.5659 4.06586 2
    endloop
  endfacet
  facet normal 0 0 1
    outer loop
      vertex 55.0024 1.66914 2
      vertex 53.5191 1.2192 2
      vertex 53.6193 0.819379 2
    endloop
  endfacet
  facet normal 0 0 1
    outer loop
      vertex 54.8123 2.20043 2
      vertex 53.3803 1.60727 2
      vertex 53.5191 1.2192 2
    endloop
  endfacet
  facet normal 0 0 1
    outer loop
      vertex 54.571 2.71053 2
      vertex 53.2041 1.97987 2
      vertex 53.3803 1.60727 2
    endloop
  endfacet
  facet normal 0 0 1
    outer loop
      vertex 52.4698 2.96985 2
      vertex 53.5659 4.06586 2
      vertex 53.1478 4.44481 2
    endloop
  endfacet
  facet normal 0 0 1
    outer loop
      vertex 54.2809 3.19453 2
      vertex 52.9922 2.33339 2
      vertex 53.2041 1.97987 2
    endloop
  endfacet
  facet normal 0 0 1
    outer loop
      vertex 53.9448 3.64776 2
      vertex 52.7466 2.66445 2
      vertex 52.9922 2.33339 2
    endloop
  endfacet
  facet normal 0 0 1
    outer loop
      vertex 52.1645 3.24664 2
      vertex 53.1478 4.44481 2
      vertex 52.6945 4.78095 2
    endloop
  endfacet
  facet normal 0 0 1
    outer loop
      vertex 53.5659 4.06586 2
      vertex 52.4698 2.96985 2
      vertex 52.7466 2.66445 2
    endloop
  endfacet
  facet normal 0 0 1
    outer loop
      vertex 51.8334 3.49217 2
      vertex 52.6945 4.78095 2
      vertex 52.2105 5.07105 2
    endloop
  endfacet
  facet normal 0 0 1
    outer loop
      vertex 53.1478 4.44481 2
      vertex 52.1645 3.24664 2
      vertex 52.4698 2.96985 2
    endloop
  endfacet
  facet normal 0 0 1
    outer loop
      vertex 52.6945 4.78095 2
      vertex 51.8334 3.49217 2
      vertex 52.1645 3.24664 2
    endloop
  endfacet
  facet normal 0 0 1
    outer loop
      vertex 51.4799 3.70407 2
      vertex 52.2105 5.07105 2
      vertex 51.7004 5.31231 2
    endloop
  endfacet
  facet normal 0 0 1
    outer loop
      vertex 52.2105 5.07105 2
      vertex 51.4799 3.70407 2
      vertex 51.8334 3.49217 2
    endloop
  endfacet
  facet normal 0 0 1
    outer loop
      vertex 51.1073 3.88029 2
      vertex 51.7004 5.31231 2
      vertex 51.1691 5.50241 2
    endloop
  endfacet
  facet normal 0 0 1
    outer loop
      vertex 51.7004 5.31231 2
      vertex 51.1073 3.88029 2
      vertex 51.4799 3.70407 2
    endloop
  endfacet
  facet normal 0 0 1
    outer loop
      vertex 51.1691 5.50241 2
      vertex 50.7192 4.01915 2
      vertex 51.1073 3.88029 2
    endloop
  endfacet
  facet normal 0 0 1
    outer loop
      vertex 50.6218 5.63951 2
      vertex 50.7192 4.01915 2
      vertex 51.1691 5.50241 2
    endloop
  endfacet
  facet normal 0 0 1
    outer loop
      vertex 50.6218 5.63951 2
      vertex 50.3194 4.1193 2
      vertex 50.7192 4.01915 2
    endloop
  endfacet
  facet normal 0 0 1
    outer loop
      vertex 50.0636 5.72231 2
      vertex 50.3194 4.1193 2
      vertex 50.6218 5.63951 2
    endloop
  endfacet
  facet normal 0 0 1
    outer loop
      vertex 50.0636 5.72231 2
      vertex 49.9117 4.17978 2
      vertex 50.3194 4.1193 2
    endloop
  endfacet
  facet normal 0 0 1
    outer loop
      vertex 49.5 5.75 2
      vertex 49.9117 4.17978 2
      vertex 50.0636 5.72231 2
    endloop
  endfacet
  facet normal 0 0 1
    outer loop
      vertex 49.5 5.75 2
      vertex 49.5 4.2 2
      vertex 49.9117 4.17978 2
    endloop
  endfacet
  facet normal 0 0 1
    outer loop
      vertex 49.5 5.75 2
      vertex 49.0883 4.17978 2
      vertex 49.5 4.2 2
    endloop
  endfacet
  facet normal -0 0 1
    outer loop
      vertex 48.9364 5.72231 2
      vertex 49.0883 4.17978 2
      vertex 49.5 5.75 2
    endloop
  endfacet
  facet normal 0 0 1
    outer loop
      vertex 48.9364 5.72231 2
      vertex 48.6806 4.1193 2
      vertex 49.0883 4.17978 2
    endloop
  endfacet
  facet normal -0 0 1
    outer loop
      vertex 48.3782 5.63951 2
      vertex 48.6806 4.1193 2
      vertex 48.9364 5.72231 2
    endloop
  endfacet
  facet normal 0 0 1
    outer loop
      vertex 48.3782 5.63951 2
      vertex 48.2808 4.01915 2
      vertex 48.6806 4.1193 2
    endloop
  endfacet
  facet normal -0 0 1
    outer loop
      vertex 47.8309 5.50241 2
      vertex 48.2808 4.01915 2
      vertex 48.3782 5.63951 2
    endloop
  endfacet
  facet normal 0 0 1
    outer loop
      vertex 48.2808 4.01915 2
      vertex 47.8309 5.50241 2
      vertex 47.8927 3.88029 2
    endloop
  endfacet
  facet normal -0 0 1
    outer loop
      vertex 47.2996 5.31231 2
      vertex 47.8927 3.88029 2
      vertex 47.8309 5.50241 2
    endloop
  endfacet
  facet normal 0 0 1
    outer loop
      vertex 47.8927 3.88029 2
      vertex 47.2996 5.31231 2
      vertex 47.5201 3.70407 2
    endloop
  endfacet
  facet normal -0 0 1
    outer loop
      vertex 46.7895 5.07105 2
      vertex 47.5201 3.70407 2
      vertex 47.2996 5.31231 2
    endloop
  endfacet
  facet normal 0 0 1
    outer loop
      vertex 47.5201 3.70407 2
      vertex 46.7895 5.07105 2
      vertex 47.1666 3.49217 2
    endloop
  endfacet
  facet normal -0 0 1
    outer loop
      vertex 46.3055 4.78095 2
      vertex 47.1666 3.49217 2
      vertex 46.7895 5.07105 2
    endloop
  endfacet
  facet normal 0 0 1
    outer loop
      vertex 47.1666 3.49217 2
      vertex 46.3055 4.78095 2
      vertex 46.8355 3.24664 2
    endloop
  endfacet
  facet normal -0 0 1
    outer loop
      vertex 45.8522 4.44481 2
      vertex 46.8355 3.24664 2
      vertex 46.3055 4.78095 2
    endloop
  endfacet
  facet normal 0 0 1
    outer loop
      vertex 46.8355 3.24664 2
      vertex 45.8522 4.44481 2
      vertex 46.5302 2.96985 2
    endloop
  endfacet
  facet normal -0 0 1
    outer loop
      vertex 45.4341 4.06586 2
      vertex 46.5302 2.96985 2
      vertex 45.8522 4.44481 2
    endloop
  endfacet
  facet normal 0 0 1
    outer loop
      vertex 46.5302 2.96985 2
      vertex 45.4341 4.06586 2
      vertex 46.2534 2.66445 2
    endloop
  endfacet
  facet normal -0 0 1
    outer loop
      vertex 45.0552 3.64776 2
      vertex 46.2534 2.66445 2
      vertex 45.4341 4.06586 2
    endloop
  endfacet
  facet normal 0 0 1
    outer loop
      vertex 46.2534 2.66445 2
      vertex 45.0552 3.64776 2
      vertex 46.0078 2.33339 2
    endloop
  endfacet
  facet normal -0 0 1
    outer loop
      vertex 44.7191 3.19453 2
      vertex 46.0078 2.33339 2
      vertex 45.0552 3.64776 2
    endloop
  endfacet
  facet normal 0 0 1
    outer loop
      vertex 46.0078 2.33339 2
      vertex 44.7191 3.19453 2
      vertex 45.7959 1.97987 2
    endloop
  endfacet
  facet normal -0 0 1
    outer loop
      vertex 44.429 2.71053 2
      vertex 45.7959 1.97987 2
      vertex 44.7191 3.19453 2
    endloop
  endfacet
  facet normal 0 0 1
    outer loop
      vertex 45.7959 1.97987 2
      vertex 44.429 2.71053 2
      vertex 45.6197 1.60727 2
    endloop
  endfacet
  facet normal -0 0 1
    outer loop
      vertex 44.1877 2.20043 2
      vertex 45.6197 1.60727 2
      vertex 44.429 2.71053 2
    endloop
  endfacet
  facet normal 0 0 1
    outer loop
      vertex 45.6197 1.60727 2
      vertex 44.1877 2.20043 2
      vertex 45.4809 1.2192 2
    endloop
  endfacet
  facet normal -0 0 1
    outer loop
      vertex 53.3803 -1.60727 2
      vertex 54.8123 -2.20043 2
      vertex 53.5191 -1.2192 2
    endloop
  endfacet
  facet normal 0 0 1
    outer loop
      vertex 54.8123 -2.20043 2
      vertex 53.3803 -1.60727 2
      vertex 54.571 -2.71053 2
    endloop
  endfacet
  facet normal -0 0 1
    outer loop
      vertex 53.2041 -1.97987 2
      vertex 54.571 -2.71053 2
      vertex 53.3803 -1.60727 2
    endloop
  endfacet
  facet normal 0 0 1
    outer loop
      vertex 54.571 -2.71053 2
      vertex 53.2041 -1.97987 2
      vertex 54.2809 -3.19453 2
    endloop
  endfacet
  facet normal -0 0 1
    outer loop
      vertex 52.9922 -2.33339 2
      vertex 54.2809 -3.19453 2
      vertex 53.2041 -1.97987 2
    endloop
  endfacet
  facet normal 0 0 1
    outer loop
      vertex 54.2809 -3.19453 2
      vertex 52.9922 -2.33339 2
      vertex 53.9448 -3.64776 2
    endloop
  endfacet
  facet normal -0 0 1
    outer loop
      vertex 52.7466 -2.66445 2
      vertex 53.9448 -3.64776 2
      vertex 52.9922 -2.33339 2
    endloop
  endfacet
  facet normal 0 0 1
    outer loop
      vertex 53.9448 -3.64776 2
      vertex 52.7466 -2.66445 2
      vertex 53.5659 -4.06586 2
    endloop
  endfacet
  facet normal -0 0 1
    outer loop
      vertex 52.4698 -2.96985 2
      vertex 53.5659 -4.06586 2
      vertex 52.7466 -2.66445 2
    endloop
  endfacet
  facet normal 0 0 1
    outer loop
      vertex 53.5659 -4.06586 2
      vertex 52.4698 -2.96985 2
      vertex 53.1478 -4.44481 2
    endloop
  endfacet
  facet normal -0 0 1
    outer loop
      vertex 52.1645 -3.24664 2
      vertex 53.1478 -4.44481 2
      vertex 52.4698 -2.96985 2
    endloop
  endfacet
  facet normal 0 0 1
    outer loop
      vertex 53.1478 -4.44481 2
      vertex 52.1645 -3.24664 2
      vertex 52.6945 -4.78095 2
    endloop
  endfacet
  facet normal -0 0 1
    outer loop
      vertex 51.8334 -3.49217 2
      vertex 52.6945 -4.78095 2
      vertex 52.1645 -3.24664 2
    endloop
  endfacet
  facet normal 0 0 1
    outer loop
      vertex 52.6945 -4.78095 2
      vertex 51.8334 -3.49217 2
      vertex 52.2105 -5.07105 2
    endloop
  endfacet
  facet normal -0 0 1
    outer loop
      vertex 51.4799 -3.70407 2
      vertex 52.2105 -5.07105 2
      vertex 51.8334 -3.49217 2
    endloop
  endfacet
  facet normal 0 0 1
    outer loop
      vertex 52.2105 -5.07105 2
      vertex 51.4799 -3.70407 2
      vertex 51.7004 -5.31231 2
    endloop
  endfacet
  facet normal -0 0 1
    outer loop
      vertex 51.1073 -3.88029 2
      vertex 51.7004 -5.31231 2
      vertex 51.4799 -3.70407 2
    endloop
  endfacet
  facet normal 0 0 1
    outer loop
      vertex 51.7004 -5.31231 2
      vertex 51.1073 -3.88029 2
      vertex 51.1691 -5.50241 2
    endloop
  endfacet
  facet normal -0 0 1
    outer loop
      vertex 50.7192 -4.01915 2
      vertex 51.1691 -5.50241 2
      vertex 51.1073 -3.88029 2
    endloop
  endfacet
  facet normal 0 0 1
    outer loop
      vertex 50.7192 -4.01915 2
      vertex 50.6218 -5.63951 2
      vertex 51.1691 -5.50241 2
    endloop
  endfacet
  facet normal -0 0 1
    outer loop
      vertex 50.3194 -4.1193 2
      vertex 50.6218 -5.63951 2
      vertex 50.7192 -4.01915 2
    endloop
  endfacet
  facet normal 0 0 1
    outer loop
      vertex 50.3194 -4.1193 2
      vertex 50.0636 -5.72231 2
      vertex 50.6218 -5.63951 2
    endloop
  endfacet
  facet normal -0 0 1
    outer loop
      vertex 49.9117 -4.17978 2
      vertex 50.0636 -5.72231 2
      vertex 50.3194 -4.1193 2
    endloop
  endfacet
  facet normal -0 0 1
    outer loop
      vertex 49.5 -4.2 2
      vertex 50.0636 -5.72231 2
      vertex 49.9117 -4.17978 2
    endloop
  endfacet
  facet normal 0 0 1
    outer loop
      vertex 49.5 -4.2 2
      vertex 49.5 -5.75 2
      vertex 50.0636 -5.72231 2
    endloop
  endfacet
  facet normal 0 0 1
    outer loop
      vertex 49.0883 -4.17978 2
      vertex 49.5 -5.75 2
      vertex 49.5 -4.2 2
    endloop
  endfacet
  facet normal 0 0 1
    outer loop
      vertex 49.0883 -4.17978 2
      vertex 48.9364 -5.72231 2
      vertex 49.5 -5.75 2
    endloop
  endfacet
  facet normal 0 0 1
    outer loop
      vertex 48.6806 -4.1193 2
      vertex 48.9364 -5.72231 2
      vertex 49.0883 -4.17978 2
    endloop
  endfacet
  facet normal 0 0 1
    outer loop
      vertex 48.6806 -4.1193 2
      vertex 48.3782 -5.63951 2
      vertex 48.9364 -5.72231 2
    endloop
  endfacet
  facet normal 0 0 1
    outer loop
      vertex 48.2808 -4.01915 2
      vertex 48.3782 -5.63951 2
      vertex 48.6806 -4.1193 2
    endloop
  endfacet
  facet normal 0 0 1
    outer loop
      vertex 47.8309 -5.50241 2
      vertex 48.2808 -4.01915 2
      vertex 47.8927 -3.88029 2
    endloop
  endfacet
  facet normal 0 0 1
    outer loop
      vertex 48.2808 -4.01915 2
      vertex 47.8309 -5.50241 2
      vertex 48.3782 -5.63951 2
    endloop
  endfacet
  facet normal 0 0 1
    outer loop
      vertex 47.2996 -5.31231 2
      vertex 47.8927 -3.88029 2
      vertex 47.5201 -3.70407 2
    endloop
  endfacet
  facet normal 0 0 1
    outer loop
      vertex 47.8927 -3.88029 2
      vertex 47.2996 -5.31231 2
      vertex 47.8309 -5.50241 2
    endloop
  endfacet
  facet normal 0 0 1
    outer loop
      vertex 46.7895 -5.07105 2
      vertex 47.5201 -3.70407 2
      vertex 47.1666 -3.49217 2
    endloop
  endfacet
  facet normal 0 0 1
    outer loop
      vertex 46.3055 -4.78095 2
      vertex 47.1666 -3.49217 2
      vertex 46.8355 -3.24664 2
    endloop
  endfacet
  facet normal 0 0 1
    outer loop
      vertex 47.5201 -3.70407 2
      vertex 46.7895 -5.07105 2
      vertex 47.2996 -5.31231 2
    endloop
  endfacet
  facet normal 0 0 1
    outer loop
      vertex 45.8522 -4.44481 2
      vertex 46.8355 -3.24664 2
      vertex 46.5302 -2.96985 2
    endloop
  endfacet
  facet normal 0 0 1
    outer loop
      vertex 47.1666 -3.49217 2
      vertex 46.3055 -4.78095 2
      vertex 46.7895 -5.07105 2
    endloop
  endfacet
  facet normal 0 0 1
    outer loop
      vertex 45.4341 -4.06586 2
      vertex 46.5302 -2.96985 2
      vertex 46.2534 -2.66445 2
    endloop
  endfacet
  facet normal 0 0 1
    outer loop
      vertex 45.0552 -3.64776 2
      vertex 46.2534 -2.66445 2
      vertex 46.0078 -2.33339 2
    endloop
  endfacet
  facet normal 0 0 1
    outer loop
      vertex 46.8355 -3.24664 2
      vertex 45.8522 -4.44481 2
      vertex 46.3055 -4.78095 2
    endloop
  endfacet
  facet normal 0 0 1
    outer loop
      vertex 44.7191 -3.19453 2
      vertex 46.0078 -2.33339 2
      vertex 45.7959 -1.97987 2
    endloop
  endfacet
  facet normal 0 0 1
    outer loop
      vertex 44.429 -2.71053 2
      vertex 45.7959 -1.97987 2
      vertex 45.6197 -1.60727 2
    endloop
  endfacet
  facet normal 0 0 1
    outer loop
      vertex 44.1877 -2.20043 2
      vertex 45.6197 -1.60727 2
      vertex 45.4809 -1.2192 2
    endloop
  endfacet
  facet normal 0 0 1
    outer loop
      vertex 46.5302 -2.96985 2
      vertex 45.4341 -4.06586 2
      vertex 45.8522 -4.44481 2
    endloop
  endfacet
  facet normal 0 0 1
    outer loop
      vertex 43.9976 -1.66914 2
      vertex 45.4809 -1.2192 2
      vertex 45.3807 -0.819379 2
    endloop
  endfacet
  facet normal 0 0 1
    outer loop
      vertex 43.8605 -1.12177 2
      vertex 45.3807 -0.819379 2
      vertex 45.3202 -0.411672 2
    endloop
  endfacet
  facet normal 0 0 1
    outer loop
      vertex 43.7777 -0.563598 2
      vertex 45.3202 -0.411672 2
      vertex 45.3 0 2
    endloop
  endfacet
  facet normal -0 0 1
    outer loop
      vertex 43.9976 1.66914 2
      vertex 45.4809 1.2192 2
      vertex 44.1877 2.20043 2
    endloop
  endfacet
  facet normal 0 0 1
    outer loop
      vertex 46.2534 -2.66445 2
      vertex 45.0552 -3.64776 2
      vertex 45.4341 -4.06586 2
    endloop
  endfacet
  facet normal 0 0 1
    outer loop
      vertex 45.4809 1.2192 2
      vertex 43.9976 1.66914 2
      vertex 45.3807 0.819379 2
    endloop
  endfacet
  facet normal 0 0 1
    outer loop
      vertex 46.0078 -2.33339 2
      vertex 44.7191 -3.19453 2
      vertex 45.0552 -3.64776 2
    endloop
  endfacet
  facet normal -0 0 1
    outer loop
      vertex 43.8605 1.12177 2
      vertex 45.3807 0.819379 2
      vertex 43.9976 1.66914 2
    endloop
  endfacet
  facet normal 0 0 1
    outer loop
      vertex 45.7959 -1.97987 2
      vertex 44.429 -2.71053 2
      vertex 44.7191 -3.19453 2
    endloop
  endfacet
  facet normal 0 0 1
    outer loop
      vertex 45.3807 0.819379 2
      vertex 43.8605 1.12177 2
      vertex 45.3202 0.411672 2
    endloop
  endfacet
  facet normal 0 0 1
    outer loop
      vertex 45.6197 -1.60727 2
      vertex 44.1877 -2.20043 2
      vertex 44.429 -2.71053 2
    endloop
  endfacet
  facet normal -0 0 1
    outer loop
      vertex 43.7777 0.563598 2
      vertex 45.3202 0.411672 2
      vertex 43.8605 1.12177 2
    endloop
  endfacet
  facet normal 0 0 1
    outer loop
      vertex 45.4809 -1.2192 2
      vertex 43.9976 -1.66914 2
      vertex 44.1877 -2.20043 2
    endloop
  endfacet
  facet normal 0 0 1
    outer loop
      vertex 45.3202 0.411672 2
      vertex 43.7777 0.563598 2
      vertex 45.3 0 2
    endloop
  endfacet
  facet normal 0 0 1
    outer loop
      vertex 45.3807 -0.819379 2
      vertex 43.8605 -1.12177 2
      vertex 43.9976 -1.66914 2
    endloop
  endfacet
  facet normal 0 0 1
    outer loop
      vertex 43.75 0 2
      vertex 45.3 0 2
      vertex 43.7777 0.563598 2
    endloop
  endfacet
  facet normal 0 0 1
    outer loop
      vertex 45.3202 -0.411672 2
      vertex 43.7777 -0.563598 2
      vertex 43.8605 -1.12177 2
    endloop
  endfacet
  facet normal 0 0 1
    outer loop
      vertex 45.3 0 2
      vertex 43.75 0 2
      vertex 43.7777 -0.563598 2
    endloop
  endfacet
  facet normal -0.514105 0.857727 0
    outer loop
      vertex 46.7895 5.07105 0
      vertex 46.3055 4.78095 2
      vertex 46.7895 5.07105 2
    endloop
  endfacet
  facet normal -0.514105 0.857727 0
    outer loop
      vertex 46.3055 4.78095 2
      vertex 46.7895 5.07105 0
      vertex 46.3055 4.78095 0
    endloop
  endfacet
  facet normal -0.427556 0.903989 0
    outer loop
      vertex 47.2996 5.31231 0
      vertex 46.7895 5.07105 2
      vertex 47.2996 5.31231 2
    endloop
  endfacet
  facet normal -0.427556 0.903989 0
    outer loop
      vertex 46.7895 5.07105 2
      vertex 47.2996 5.31231 0
      vertex 46.7895 5.07105 0
    endloop
  endfacet
  facet normal -0.595642 0.80325 0
    outer loop
      vertex 46.3055 4.78095 0
      vertex 45.8522 4.44481 2
      vertex 46.3055 4.78095 2
    endloop
  endfacet
  facet normal -0.595642 0.80325 0
    outer loop
      vertex 45.8522 4.44481 2
      vertex 46.3055 4.78095 0
      vertex 45.8522 4.44481 0
    endloop
  endfacet
  facet normal -0.242994 0.970028 0
    outer loop
      vertex 48.3782 5.63951 0
      vertex 47.8309 5.50241 2
      vertex 48.3782 5.63951 2
    endloop
  endfacet
  facet normal -0.242994 0.970028 0
    outer loop
      vertex 47.8309 5.50241 2
      vertex 48.3782 5.63951 0
      vertex 47.8309 5.50241 0
    endloop
  endfacet
  facet normal -0.0490714 0.998795 0
    outer loop
      vertex 49.5 5.75 0
      vertex 48.9364 5.72231 2
      vertex 49.5 5.75 2
    endloop
  endfacet
  facet normal -0.0490714 0.998795 0
    outer loop
      vertex 48.9364 5.72231 2
      vertex 49.5 5.75 0
      vertex 48.9364 5.72231 0
    endloop
  endfacet
  facet normal 0.0490714 -0.998795 0
    outer loop
      vertex 49.5 -5.75 0
      vertex 50.0636 -5.72231 2
      vertex 49.5 -5.75 2
    endloop
  endfacet
  facet normal 0.0490714 -0.998795 0
    outer loop
      vertex 50.0636 -5.72231 2
      vertex 49.5 -5.75 0
      vertex 50.0636 -5.72231 0
    endloop
  endfacet
  facet normal 0.242994 -0.970028 0
    outer loop
      vertex 50.6218 -5.63951 0
      vertex 51.1691 -5.50241 2
      vertex 50.6218 -5.63951 2
    endloop
  endfacet
  facet normal 0.242994 -0.970028 0
    outer loop
      vertex 51.1691 -5.50241 2
      vertex 50.6218 -5.63951 0
      vertex 51.1691 -5.50241 0
    endloop
  endfacet
  facet normal 0.671565 -0.740946 0
    outer loop
      vertex 53.1478 -4.44481 0
      vertex 53.5659 -4.06586 2
      vertex 53.1478 -4.44481 2
    endloop
  endfacet
  facet normal 0.671565 -0.740946 0
    outer loop
      vertex 53.5659 -4.06586 2
      vertex 53.1478 -4.44481 0
      vertex 53.5659 -4.06586 0
    endloop
  endfacet
  facet normal 0.514105 -0.857727 0
    outer loop
      vertex 52.2105 -5.07105 0
      vertex 52.6945 -4.78095 2
      vertex 52.2105 -5.07105 2
    endloop
  endfacet
  facet normal 0.514105 -0.857727 0
    outer loop
      vertex 52.6945 -4.78095 2
      vertex 52.2105 -5.07105 0
      vertex 52.6945 -4.78095 0
    endloop
  endfacet
  facet normal 0.80324 -0.595656 0
    outer loop
      vertex 53.9448 -3.64776 2
      vertex 54.2809 -3.19453 0
      vertex 54.2809 -3.19453 2
    endloop
  endfacet
  facet normal 0.80324 -0.595656 0
    outer loop
      vertex 54.2809 -3.19453 0
      vertex 53.9448 -3.64776 2
      vertex 53.9448 -3.64776 0
    endloop
  endfacet
  facet normal 0.903961 -0.427614 0
    outer loop
      vertex 54.571 -2.71053 2
      vertex 54.8123 -2.20043 0
      vertex 54.8123 -2.20043 2
    endloop
  endfacet
  facet normal 0.903961 -0.427614 0
    outer loop
      vertex 54.8123 -2.20043 0
      vertex 54.571 -2.71053 2
      vertex 54.571 -2.71053 0
    endloop
  endfacet
  facet normal -0.671565 -0.740946 0
    outer loop
      vertex 45.4341 -4.06586 0
      vertex 45.8522 -4.44481 2
      vertex 45.4341 -4.06586 2
    endloop
  endfacet
  facet normal -0.671565 -0.740946 -0
    outer loop
      vertex 45.8522 -4.44481 2
      vertex 45.4341 -4.06586 0
      vertex 45.8522 -4.44481 0
    endloop
  endfacet
  facet normal -0.514105 -0.857727 0
    outer loop
      vertex 46.3055 -4.78095 0
      vertex 46.7895 -5.07105 2
      vertex 46.3055 -4.78095 2
    endloop
  endfacet
  facet normal -0.514105 -0.857727 -0
    outer loop
      vertex 46.7895 -5.07105 2
      vertex 46.3055 -4.78095 0
      vertex 46.7895 -5.07105 0
    endloop
  endfacet
  facet normal -0.336886 -0.941545 0
    outer loop
      vertex 47.2996 -5.31231 0
      vertex 47.8309 -5.50241 2
      vertex 47.2996 -5.31231 2
    endloop
  endfacet
  facet normal -0.336886 -0.941545 -0
    outer loop
      vertex 47.8309 -5.50241 2
      vertex 47.2996 -5.31231 0
      vertex 47.8309 -5.50241 0
    endloop
  endfacet
  facet normal -0.146728 -0.989177 0
    outer loop
      vertex 48.3782 -5.63951 0
      vertex 48.9364 -5.72231 2
      vertex 48.3782 -5.63951 2
    endloop
  endfacet
  facet normal -0.146728 -0.989177 -0
    outer loop
      vertex 48.9364 -5.72231 2
      vertex 48.3782 -5.63951 0
      vertex 48.9364 -5.72231 0
    endloop
  endfacet
  facet normal -0.857727 -0.514105 0
    outer loop
      vertex 44.7191 -3.19453 0
      vertex 44.429 -2.71053 2
      vertex 44.429 -2.71053 0
    endloop
  endfacet
  facet normal -0.857727 -0.514105 0
    outer loop
      vertex 44.429 -2.71053 2
      vertex 44.7191 -3.19453 0
      vertex 44.7191 -3.19453 2
    endloop
  endfacet
  facet normal -0.903961 -0.427614 0
    outer loop
      vertex 44.429 -2.71053 0
      vertex 44.1877 -2.20043 2
      vertex 44.1877 -2.20043 0
    endloop
  endfacet
  facet normal -0.903961 -0.427614 0
    outer loop
      vertex 44.1877 -2.20043 2
      vertex 44.429 -2.71053 0
      vertex 44.429 -2.71053 2
    endloop
  endfacet
  facet normal -0.80324 -0.595656 0
    outer loop
      vertex 45.0552 -3.64776 0
      vertex 44.7191 -3.19453 2
      vertex 44.7191 -3.19453 0
    endloop
  endfacet
  facet normal -0.80324 -0.595656 0
    outer loop
      vertex 44.7191 -3.19453 2
      vertex 45.0552 -3.64776 0
      vertex 45.0552 -3.64776 2
    endloop
  endfacet
  facet normal -0.970035 -0.242965 0
    outer loop
      vertex 43.9976 -1.66914 0
      vertex 43.8605 -1.12177 2
      vertex 43.8605 -1.12177 0
    endloop
  endfacet
  facet normal -0.970035 -0.242965 0
    outer loop
      vertex 43.8605 -1.12177 2
      vertex 43.9976 -1.66914 0
      vertex 43.9976 -1.66914 2
    endloop
  endfacet
  facet normal -0.941543 -0.336892 0
    outer loop
      vertex 44.1877 -2.20043 0
      vertex 43.9976 -1.66914 2
      vertex 43.9976 -1.66914 0
    endloop
  endfacet
  facet normal -0.941543 -0.336892 0
    outer loop
      vertex 43.9976 -1.66914 2
      vertex 44.1877 -2.20043 0
      vertex 44.1877 -2.20043 2
    endloop
  endfacet
  facet normal -0.998794 -0.0490893 0
    outer loop
      vertex 43.7777 -0.563598 0
      vertex 43.75 0 2
      vertex 43.75 0 0
    endloop
  endfacet
  facet normal -0.998794 -0.0490893 0
    outer loop
      vertex 43.75 0 2
      vertex 43.7777 -0.563598 0
      vertex 43.7777 -0.563598 2
    endloop
  endfacet
  facet normal 0.146728 -0.989177 0
    outer loop
      vertex 50.0636 -5.72231 0
      vertex 50.6218 -5.63951 2
      vertex 50.0636 -5.72231 2
    endloop
  endfacet
  facet normal 0.146728 -0.989177 0
    outer loop
      vertex 50.6218 -5.63951 2
      vertex 50.0636 -5.72231 0
      vertex 50.6218 -5.63951 0
    endloop
  endfacet
  facet normal 0.336886 -0.941545 0
    outer loop
      vertex 51.1691 -5.50241 0
      vertex 51.7004 -5.31231 2
      vertex 51.1691 -5.50241 2
    endloop
  endfacet
  facet normal 0.336886 -0.941545 0
    outer loop
      vertex 51.7004 -5.31231 2
      vertex 51.1691 -5.50241 0
      vertex 51.7004 -5.31231 0
    endloop
  endfacet
  facet normal 0.74099 -0.671516 0
    outer loop
      vertex 53.5659 -4.06586 2
      vertex 53.9448 -3.64776 0
      vertex 53.9448 -3.64776 2
    endloop
  endfacet
  facet normal 0.74099 -0.671516 0
    outer loop
      vertex 53.9448 -3.64776 0
      vertex 53.5659 -4.06586 2
      vertex 53.5659 -4.06586 0
    endloop
  endfacet
  facet normal 0.595642 -0.80325 0
    outer loop
      vertex 52.6945 -4.78095 0
      vertex 53.1478 -4.44481 2
      vertex 52.6945 -4.78095 2
    endloop
  endfacet
  facet normal 0.595642 -0.80325 0
    outer loop
      vertex 53.1478 -4.44481 2
      vertex 52.6945 -4.78095 0
      vertex 53.1478 -4.44481 0
    endloop
  endfacet
  facet normal 0.857727 -0.514105 0
    outer loop
      vertex 54.2809 -3.19453 2
      vertex 54.571 -2.71053 0
      vertex 54.571 -2.71053 2
    endloop
  endfacet
  facet normal 0.857727 -0.514105 0
    outer loop
      vertex 54.571 -2.71053 0
      vertex 54.2809 -3.19453 2
      vertex 54.2809 -3.19453 0
    endloop
  endfacet
  facet normal 0.989176 -0.146736 0
    outer loop
      vertex 55.1395 -1.12177 2
      vertex 55.2223 -0.563598 0
      vertex 55.2223 -0.563598 2
    endloop
  endfacet
  facet normal 0.989176 -0.146736 0
    outer loop
      vertex 55.2223 -0.563598 0
      vertex 55.1395 -1.12177 2
      vertex 55.1395 -1.12177 0
    endloop
  endfacet
  facet normal 0.970035 -0.242965 0
    outer loop
      vertex 55.0024 -1.66914 2
      vertex 55.1395 -1.12177 0
      vertex 55.1395 -1.12177 2
    endloop
  endfacet
  facet normal 0.970035 -0.242965 0
    outer loop
      vertex 55.1395 -1.12177 0
      vertex 55.0024 -1.66914 2
      vertex 55.0024 -1.66914 0
    endloop
  endfacet
  facet normal 0.998794 -0.0490893 0
    outer loop
      vertex 55.2223 -0.563598 2
      vertex 55.25 0 0
      vertex 55.25 0 2
    endloop
  endfacet
  facet normal 0.998794 -0.0490893 0
    outer loop
      vertex 55.25 0 0
      vertex 55.2223 -0.563598 2
      vertex 55.2223 -0.563598 0
    endloop
  endfacet
  facet normal -0.595642 -0.80325 0
    outer loop
      vertex 45.8522 -4.44481 0
      vertex 46.3055 -4.78095 2
      vertex 45.8522 -4.44481 2
    endloop
  endfacet
  facet normal -0.595642 -0.80325 -0
    outer loop
      vertex 46.3055 -4.78095 2
      vertex 45.8522 -4.44481 0
      vertex 46.3055 -4.78095 0
    endloop
  endfacet
  facet normal -0.427556 -0.903989 0
    outer loop
      vertex 46.7895 -5.07105 0
      vertex 47.2996 -5.31231 2
      vertex 46.7895 -5.07105 2
    endloop
  endfacet
  facet normal -0.427556 -0.903989 -0
    outer loop
      vertex 47.2996 -5.31231 2
      vertex 46.7895 -5.07105 0
      vertex 47.2996 -5.31231 0
    endloop
  endfacet
  facet normal -0.242994 -0.970028 0
    outer loop
      vertex 47.8309 -5.50241 0
      vertex 48.3782 -5.63951 2
      vertex 47.8309 -5.50241 2
    endloop
  endfacet
  facet normal -0.242994 -0.970028 -0
    outer loop
      vertex 48.3782 -5.63951 2
      vertex 47.8309 -5.50241 0
      vertex 48.3782 -5.63951 0
    endloop
  endfacet
  facet normal -0.989176 -0.146736 0
    outer loop
      vertex 43.8605 -1.12177 0
      vertex 43.7777 -0.563598 2
      vertex 43.7777 -0.563598 0
    endloop
  endfacet
  facet normal -0.989176 -0.146736 0
    outer loop
      vertex 43.7777 -0.563598 2
      vertex 43.8605 -1.12177 0
      vertex 43.8605 -1.12177 2
    endloop
  endfacet
  facet normal 0.427556 -0.903989 0
    outer loop
      vertex 51.7004 -5.31231 0
      vertex 52.2105 -5.07105 2
      vertex 51.7004 -5.31231 2
    endloop
  endfacet
  facet normal 0.427556 -0.903989 0
    outer loop
      vertex 52.2105 -5.07105 2
      vertex 51.7004 -5.31231 0
      vertex 52.2105 -5.07105 0
    endloop
  endfacet
  facet normal -0.998798 -0.0490092 0
    outer loop
      vertex 53.7 0 0
      vertex 53.6798 0.411672 2
      vertex 53.6798 0.411672 0
    endloop
  endfacet
  facet normal -0.998798 -0.0490092 0
    outer loop
      vertex 53.6798 0.411672 2
      vertex 53.7 0 0
      vertex 53.7 0 2
    endloop
  endfacet
  facet normal 0.998798 -0.0490092 0
    outer loop
      vertex 45.3 0 2
      vertex 45.3202 0.411672 0
      vertex 45.3202 0.411672 2
    endloop
  endfacet
  facet normal 0.998798 -0.0490092 0
    outer loop
      vertex 45.3202 0.411672 0
      vertex 45.3 0 2
      vertex 45.3 0 0
    endloop
  endfacet
  facet normal -0.0490543 -0.998796 0
    outer loop
      vertex 49.5 4.2 0
      vertex 49.9117 4.17978 2
      vertex 49.5 4.2 2
    endloop
  endfacet
  facet normal -0.0490543 -0.998796 -0
    outer loop
      vertex 49.9117 4.17978 2
      vertex 49.5 4.2 0
      vertex 49.9117 4.17978 0
    endloop
  endfacet
  facet normal 0.0490543 0.998796 -0
    outer loop
      vertex 49.5 -4.2 0
      vertex 49.0883 -4.17978 2
      vertex 49.5 -4.2 2
    endloop
  endfacet
  facet normal 0.0490543 0.998796 0
    outer loop
      vertex 49.0883 -4.17978 2
      vertex 49.5 -4.2 0
      vertex 49.0883 -4.17978 0
    endloop
  endfacet
  facet normal -0.671668 -0.740852 0
    outer loop
      vertex 52.1645 3.24664 0
      vertex 52.4698 2.96985 2
      vertex 52.1645 3.24664 2
    endloop
  endfacet
  facet normal -0.671668 -0.740852 -0
    outer loop
      vertex 52.4698 2.96985 2
      vertex 52.1645 3.24664 0
      vertex 52.4698 2.96985 0
    endloop
  endfacet
  facet normal 0.671668 -0.740852 0
    outer loop
      vertex 46.5302 2.96985 0
      vertex 46.8355 3.24664 2
      vertex 46.5302 2.96985 2
    endloop
  endfacet
  facet normal 0.671668 -0.740852 0
    outer loop
      vertex 46.8355 3.24664 2
      vertex 46.5302 2.96985 0
      vertex 46.8355 3.24664 0
    endloop
  endfacet
  facet normal 0.33688 -0.941547 0
    outer loop
      vertex 47.8927 3.88029 0
      vertex 48.2808 4.01915 2
      vertex 47.8927 3.88029 2
    endloop
  endfacet
  facet normal 0.33688 -0.941547 0
    outer loop
      vertex 48.2808 4.01915 2
      vertex 47.8927 3.88029 0
      vertex 48.2808 4.01915 0
    endloop
  endfacet
  facet normal 0.970003 0.243094 0
    outer loop
      vertex 45.4809 -1.2192 2
      vertex 45.3807 -0.819379 0
      vertex 45.3807 -0.819379 2
    endloop
  endfacet
  facet normal 0.970003 0.243094 0
    outer loop
      vertex 45.3807 -0.819379 0
      vertex 45.4809 -1.2192 2
      vertex 45.4809 -1.2192 0
    endloop
  endfacet
  facet normal -0.904014 -0.427502 0
    outer loop
      vertex 53.3803 1.60727 0
      vertex 53.2041 1.97987 2
      vertex 53.2041 1.97987 0
    endloop
  endfacet
  facet normal -0.904014 -0.427502 0
    outer loop
      vertex 53.2041 1.97987 2
      vertex 53.3803 1.60727 0
      vertex 53.3803 1.60727 2
    endloop
  endfacet
  facet normal -0.427542 -0.903996 0
    outer loop
      vertex 51.1073 3.88029 0
      vertex 51.4799 3.70407 2
      vertex 51.1073 3.88029 2
    endloop
  endfacet
  facet normal -0.427542 -0.903996 -0
    outer loop
      vertex 51.4799 3.70407 2
      vertex 51.1073 3.88029 0
      vertex 51.4799 3.70407 0
    endloop
  endfacet
  facet normal -0.514139 -0.857707 0
    outer loop
      vertex 51.4799 3.70407 0
      vertex 51.8334 3.49217 2
      vertex 51.4799 3.70407 2
    endloop
  endfacet
  facet normal -0.514139 -0.857707 -0
    outer loop
      vertex 51.8334 3.49217 2
      vertex 51.4799 3.70407 0
      vertex 51.8334 3.49217 0
    endloop
  endfacet
  facet normal 0.85772 -0.514117 0
    outer loop
      vertex 45.7959 1.97987 2
      vertex 46.0078 2.33339 0
      vertex 46.0078 2.33339 2
    endloop
  endfacet
  facet normal 0.85772 -0.514117 0
    outer loop
      vertex 46.0078 2.33339 0
      vertex 45.7959 1.97987 2
      vertex 45.7959 1.97987 0
    endloop
  endfacet
  facet normal 0.803127 -0.595808 0
    outer loop
      vertex 46.0078 2.33339 2
      vertex 46.2534 2.66445 0
      vertex 46.2534 2.66445 2
    endloop
  endfacet
  facet normal 0.803127 -0.595808 0
    outer loop
      vertex 46.2534 2.66445 0
      vertex 46.0078 2.33339 2
      vertex 46.0078 2.33339 0
    endloop
  endfacet
  facet normal 0.146739 -0.989175 0
    outer loop
      vertex 48.6806 4.1193 0
      vertex 49.0883 4.17978 2
      vertex 48.6806 4.1193 2
    endloop
  endfacet
  facet normal 0.146739 -0.989175 0
    outer loop
      vertex 49.0883 4.17978 2
      vertex 48.6806 4.1193 0
      vertex 49.0883 4.17978 0
    endloop
  endfacet
  facet normal -0.904014 0.427502 0
    outer loop
      vertex 53.2041 -1.97987 0
      vertex 53.3803 -1.60727 2
      vertex 53.3803 -1.60727 0
    endloop
  endfacet
  facet normal -0.904014 0.427502 0
    outer loop
      vertex 53.3803 -1.60727 2
      vertex 53.2041 -1.97987 0
      vertex 53.2041 -1.97987 2
    endloop
  endfacet
  facet normal -0.242992 0.970028 0
    outer loop
      vertex 50.7192 -4.01915 0
      vertex 50.3194 -4.1193 2
      vertex 50.7192 -4.01915 2
    endloop
  endfacet
  facet normal -0.242992 0.970028 0
    outer loop
      vertex 50.3194 -4.1193 2
      vertex 50.7192 -4.01915 0
      vertex 50.3194 -4.1193 0
    endloop
  endfacet
  facet normal -0.740949 0.671561 0
    outer loop
      vertex 52.4698 -2.96985 0
      vertex 52.7466 -2.66445 2
      vertex 52.7466 -2.66445 0
    endloop
  endfacet
  facet normal -0.740949 0.671561 0
    outer loop
      vertex 52.7466 -2.66445 2
      vertex 52.4698 -2.96985 0
      vertex 52.4698 -2.96985 2
    endloop
  endfacet
  facet normal -0.970003 0.243094 0
    outer loop
      vertex 53.5191 -1.2192 0
      vertex 53.6193 -0.819379 2
      vertex 53.6193 -0.819379 0
    endloop
  endfacet
  facet normal -0.970003 0.243094 0
    outer loop
      vertex 53.6193 -0.819379 2
      vertex 53.5191 -1.2192 0
      vertex 53.5191 -1.2192 2
    endloop
  endfacet
  facet normal 0.33688 0.941547 -0
    outer loop
      vertex 48.2808 -4.01915 0
      vertex 47.8927 -3.88029 2
      vertex 48.2808 -4.01915 2
    endloop
  endfacet
  facet normal 0.33688 0.941547 0
    outer loop
      vertex 47.8927 -3.88029 2
      vertex 48.2808 -4.01915 0
      vertex 47.8927 -3.88029 0
    endloop
  endfacet
  facet normal 0.740949 0.671561 0
    outer loop
      vertex 46.5302 -2.96985 2
      vertex 46.2534 -2.66445 0
      vertex 46.2534 -2.66445 2
    endloop
  endfacet
  facet normal 0.740949 0.671561 0
    outer loop
      vertex 46.2534 -2.66445 0
      vertex 46.5302 -2.96985 2
      vertex 46.5302 -2.96985 0
    endloop
  endfacet
  facet normal 0.803127 0.595808 0
    outer loop
      vertex 46.2534 -2.66445 2
      vertex 46.0078 -2.33339 0
      vertex 46.0078 -2.33339 2
    endloop
  endfacet
  facet normal 0.803127 0.595808 0
    outer loop
      vertex 46.0078 -2.33339 0
      vertex 46.2534 -2.66445 2
      vertex 46.2534 -2.66445 0
    endloop
  endfacet
  facet normal -0.970003 -0.243094 0
    outer loop
      vertex 53.6193 0.819379 0
      vertex 53.5191 1.2192 2
      vertex 53.5191 1.2192 0
    endloop
  endfacet
  facet normal -0.970003 -0.243094 0
    outer loop
      vertex 53.5191 1.2192 2
      vertex 53.6193 0.819379 0
      vertex 53.6193 0.819379 2
    endloop
  endfacet
  facet normal -0.989169 -0.146784 0
    outer loop
      vertex 53.6798 0.411672 0
      vertex 53.6193 0.819379 2
      vertex 53.6193 0.819379 0
    endloop
  endfacet
  facet normal -0.989169 -0.146784 0
    outer loop
      vertex 53.6193 0.819379 2
      vertex 53.6798 0.411672 0
      vertex 53.6798 0.411672 2
    endloop
  endfacet
  facet normal -0.941585 -0.336774 0
    outer loop
      vertex 53.5191 1.2192 0
      vertex 53.3803 1.60727 2
      vertex 53.3803 1.60727 0
    endloop
  endfacet
  facet normal -0.941585 -0.336774 0
    outer loop
      vertex 53.3803 1.60727 2
      vertex 53.5191 1.2192 0
      vertex 53.5191 1.2192 2
    endloop
  endfacet
  facet normal -0.803127 -0.595808 0
    outer loop
      vertex 52.9922 2.33339 0
      vertex 52.7466 2.66445 2
      vertex 52.7466 2.66445 0
    endloop
  endfacet
  facet normal -0.803127 -0.595808 0
    outer loop
      vertex 52.7466 2.66445 2
      vertex 52.9922 2.33339 0
      vertex 52.9922 2.33339 2
    endloop
  endfacet
  facet normal -0.85772 -0.514117 0
    outer loop
      vertex 53.2041 1.97987 0
      vertex 52.9922 2.33339 2
      vertex 52.9922 2.33339 0
    endloop
  endfacet
  facet normal -0.85772 -0.514117 0
    outer loop
      vertex 52.9922 2.33339 2
      vertex 53.2041 1.97987 0
      vertex 53.2041 1.97987 2
    endloop
  endfacet
  facet normal -0.242992 -0.970028 0
    outer loop
      vertex 50.3194 4.1193 0
      vertex 50.7192 4.01915 2
      vertex 50.3194 4.1193 2
    endloop
  endfacet
  facet normal -0.242992 -0.970028 -0
    outer loop
      vertex 50.7192 4.01915 2
      vertex 50.3194 4.1193 0
      vertex 50.7192 4.01915 0
    endloop
  endfacet
  facet normal -0.146739 -0.989175 0
    outer loop
      vertex 49.9117 4.17978 0
      vertex 50.3194 4.1193 2
      vertex 49.9117 4.17978 2
    endloop
  endfacet
  facet normal -0.146739 -0.989175 -0
    outer loop
      vertex 50.3194 4.1193 2
      vertex 49.9117 4.17978 0
      vertex 50.3194 4.1193 0
    endloop
  endfacet
  facet normal -0.595652 -0.803243 0
    outer loop
      vertex 51.8334 3.49217 0
      vertex 52.1645 3.24664 2
      vertex 51.8334 3.49217 2
    endloop
  endfacet
  facet normal -0.595652 -0.803243 -0
    outer loop
      vertex 52.1645 3.24664 2
      vertex 51.8334 3.49217 0
      vertex 52.1645 3.24664 0
    endloop
  endfacet
  facet normal 0.970003 -0.243094 0
    outer loop
      vertex 45.3807 0.819379 2
      vertex 45.4809 1.2192 0
      vertex 45.4809 1.2192 2
    endloop
  endfacet
  facet normal 0.970003 -0.243094 0
    outer loop
      vertex 45.4809 1.2192 0
      vertex 45.3807 0.819379 2
      vertex 45.3807 0.819379 0
    endloop
  endfacet
  facet normal 0.904014 -0.427502 0
    outer loop
      vertex 45.6197 1.60727 2
      vertex 45.7959 1.97987 0
      vertex 45.7959 1.97987 2
    endloop
  endfacet
  facet normal 0.904014 -0.427502 0
    outer loop
      vertex 45.7959 1.97987 0
      vertex 45.6197 1.60727 2
      vertex 45.6197 1.60727 0
    endloop
  endfacet
  facet normal 0.989169 -0.146784 0
    outer loop
      vertex 45.3202 0.411672 2
      vertex 45.3807 0.819379 0
      vertex 45.3807 0.819379 2
    endloop
  endfacet
  facet normal 0.989169 -0.146784 0
    outer loop
      vertex 45.3807 0.819379 0
      vertex 45.3202 0.411672 2
      vertex 45.3202 0.411672 0
    endloop
  endfacet
  facet normal 0.427542 -0.903996 0
    outer loop
      vertex 47.5201 3.70407 0
      vertex 47.8927 3.88029 2
      vertex 47.5201 3.70407 2
    endloop
  endfacet
  facet normal 0.427542 -0.903996 0
    outer loop
      vertex 47.8927 3.88029 2
      vertex 47.5201 3.70407 0
      vertex 47.8927 3.88029 0
    endloop
  endfacet
  facet normal 0.514139 -0.857707 0
    outer loop
      vertex 47.1666 3.49217 0
      vertex 47.5201 3.70407 2
      vertex 47.1666 3.49217 2
    endloop
  endfacet
  facet normal 0.514139 -0.857707 0
    outer loop
      vertex 47.5201 3.70407 2
      vertex 47.1666 3.49217 0
      vertex 47.5201 3.70407 0
    endloop
  endfacet
  facet normal 0.595652 -0.803243 0
    outer loop
      vertex 46.8355 3.24664 0
      vertex 47.1666 3.49217 2
      vertex 46.8355 3.24664 2
    endloop
  endfacet
  facet normal 0.595652 -0.803243 0
    outer loop
      vertex 47.1666 3.49217 2
      vertex 46.8355 3.24664 0
      vertex 47.1666 3.49217 0
    endloop
  endfacet
  facet normal 0.0490543 -0.998796 0
    outer loop
      vertex 49.0883 4.17978 0
      vertex 49.5 4.2 2
      vertex 49.0883 4.17978 2
    endloop
  endfacet
  facet normal 0.0490543 -0.998796 0
    outer loop
      vertex 49.5 4.2 2
      vertex 49.0883 4.17978 0
      vertex 49.5 4.2 0
    endloop
  endfacet
  facet normal -0.998798 0.0490092 0
    outer loop
      vertex 53.6798 -0.411672 0
      vertex 53.7 0 2
      vertex 53.7 0 0
    endloop
  endfacet
  facet normal -0.998798 0.0490092 0
    outer loop
      vertex 53.7 0 2
      vertex 53.6798 -0.411672 0
      vertex 53.6798 -0.411672 2
    endloop
  endfacet
  facet normal -0.0490543 0.998796 0
    outer loop
      vertex 49.9117 -4.17978 0
      vertex 49.5 -4.2 2
      vertex 49.9117 -4.17978 2
    endloop
  endfacet
  facet normal -0.0490543 0.998796 0
    outer loop
      vertex 49.5 -4.2 2
      vertex 49.9117 -4.17978 0
      vertex 49.5 -4.2 0
    endloop
  endfacet
  facet normal -0.514139 0.857707 0
    outer loop
      vertex 51.8334 -3.49217 0
      vertex 51.4799 -3.70407 2
      vertex 51.8334 -3.49217 2
    endloop
  endfacet
  facet normal -0.514139 0.857707 0
    outer loop
      vertex 51.4799 -3.70407 2
      vertex 51.8334 -3.49217 0
      vertex 51.4799 -3.70407 0
    endloop
  endfacet
  facet normal -0.671668 0.740852 0
    outer loop
      vertex 52.4698 -2.96985 0
      vertex 52.1645 -3.24664 2
      vertex 52.4698 -2.96985 2
    endloop
  endfacet
  facet normal -0.671668 0.740852 0
    outer loop
      vertex 52.1645 -3.24664 2
      vertex 52.4698 -2.96985 0
      vertex 52.1645 -3.24664 0
    endloop
  endfacet
  facet normal -0.595652 0.803243 0
    outer loop
      vertex 52.1645 -3.24664 0
      vertex 51.8334 -3.49217 2
      vertex 52.1645 -3.24664 2
    endloop
  endfacet
  facet normal -0.595652 0.803243 0
    outer loop
      vertex 51.8334 -3.49217 2
      vertex 52.1645 -3.24664 0
      vertex 51.8334 -3.49217 0
    endloop
  endfacet
  facet normal -0.803127 0.595808 0
    outer loop
      vertex 52.7466 -2.66445 0
      vertex 52.9922 -2.33339 2
      vertex 52.9922 -2.33339 0
    endloop
  endfacet
  facet normal -0.803127 0.595808 0
    outer loop
      vertex 52.9922 -2.33339 2
      vertex 52.7466 -2.66445 0
      vertex 52.7466 -2.66445 2
    endloop
  endfacet
  facet normal -0.85772 0.514117 0
    outer loop
      vertex 52.9922 -2.33339 0
      vertex 53.2041 -1.97987 2
      vertex 53.2041 -1.97987 0
    endloop
  endfacet
  facet normal -0.85772 0.514117 0
    outer loop
      vertex 53.2041 -1.97987 2
      vertex 52.9922 -2.33339 0
      vertex 52.9922 -2.33339 2
    endloop
  endfacet
  facet normal 0.671668 0.740852 -0
    outer loop
      vertex 46.8355 -3.24664 0
      vertex 46.5302 -2.96985 2
      vertex 46.8355 -3.24664 2
    endloop
  endfacet
  facet normal 0.671668 0.740852 0
    outer loop
      vertex 46.5302 -2.96985 2
      vertex 46.8355 -3.24664 0
      vertex 46.5302 -2.96985 0
    endloop
  endfacet
  facet normal 0.595652 0.803243 -0
    outer loop
      vertex 47.1666 -3.49217 0
      vertex 46.8355 -3.24664 2
      vertex 47.1666 -3.49217 2
    endloop
  endfacet
  facet normal 0.595652 0.803243 0
    outer loop
      vertex 46.8355 -3.24664 2
      vertex 47.1666 -3.49217 0
      vertex 46.8355 -3.24664 0
    endloop
  endfacet
  facet normal 0.514139 0.857707 -0
    outer loop
      vertex 47.5201 -3.70407 0
      vertex 47.1666 -3.49217 2
      vertex 47.5201 -3.70407 2
    endloop
  endfacet
  facet normal 0.514139 0.857707 0
    outer loop
      vertex 47.1666 -3.49217 2
      vertex 47.5201 -3.70407 0
      vertex 47.1666 -3.49217 0
    endloop
  endfacet
  facet normal 0.146739 0.989175 -0
    outer loop
      vertex 49.0883 -4.17978 0
      vertex 48.6806 -4.1193 2
      vertex 49.0883 -4.17978 2
    endloop
  endfacet
  facet normal 0.146739 0.989175 0
    outer loop
      vertex 48.6806 -4.1193 2
      vertex 49.0883 -4.17978 0
      vertex 48.6806 -4.1193 0
    endloop
  endfacet
  facet normal 0.904014 0.427502 0
    outer loop
      vertex 45.7959 -1.97987 2
      vertex 45.6197 -1.60727 0
      vertex 45.6197 -1.60727 2
    endloop
  endfacet
  facet normal 0.904014 0.427502 0
    outer loop
      vertex 45.6197 -1.60727 0
      vertex 45.7959 -1.97987 2
      vertex 45.7959 -1.97987 0
    endloop
  endfacet
  facet normal 0.941585 0.336774 0
    outer loop
      vertex 45.6197 -1.60727 2
      vertex 45.4809 -1.2192 0
      vertex 45.4809 -1.2192 2
    endloop
  endfacet
  facet normal 0.941585 0.336774 0
    outer loop
      vertex 45.4809 -1.2192 0
      vertex 45.6197 -1.60727 2
      vertex 45.6197 -1.60727 0
    endloop
  endfacet
  facet normal 0.998798 0.0490092 0
    outer loop
      vertex 45.3202 -0.411672 2
      vertex 45.3 0 0
      vertex 45.3 0 2
    endloop
  endfacet
  facet normal 0.998798 0.0490092 0
    outer loop
      vertex 45.3 0 0
      vertex 45.3202 -0.411672 2
      vertex 45.3202 -0.411672 0
    endloop
  endfacet
  facet normal -0.740949 -0.671561 0
    outer loop
      vertex 52.7466 2.66445 0
      vertex 52.4698 2.96985 2
      vertex 52.4698 2.96985 0
    endloop
  endfacet
  facet normal -0.740949 -0.671561 0
    outer loop
      vertex 52.4698 2.96985 2
      vertex 52.7466 2.66445 0
      vertex 52.7466 2.66445 2
    endloop
  endfacet
  facet normal -0.33688 -0.941547 0
    outer loop
      vertex 50.7192 4.01915 0
      vertex 51.1073 3.88029 2
      vertex 50.7192 4.01915 2
    endloop
  endfacet
  facet normal -0.33688 -0.941547 -0
    outer loop
      vertex 51.1073 3.88029 2
      vertex 50.7192 4.01915 0
      vertex 51.1073 3.88029 0
    endloop
  endfacet
  facet normal 0.740949 -0.671561 0
    outer loop
      vertex 46.2534 2.66445 2
      vertex 46.5302 2.96985 0
      vertex 46.5302 2.96985 2
    endloop
  endfacet
  facet normal 0.740949 -0.671561 0
    outer loop
      vertex 46.5302 2.96985 0
      vertex 46.2534 2.66445 2
      vertex 46.2534 2.66445 0
    endloop
  endfacet
  facet normal 0.941585 -0.336774 0
    outer loop
      vertex 45.4809 1.2192 2
      vertex 45.6197 1.60727 0
      vertex 45.6197 1.60727 2
    endloop
  endfacet
  facet normal 0.941585 -0.336774 0
    outer loop
      vertex 45.6197 1.60727 0
      vertex 45.4809 1.2192 2
      vertex 45.4809 1.2192 0
    endloop
  endfacet
  facet normal 0.242992 -0.970028 0
    outer loop
      vertex 48.2808 4.01915 0
      vertex 48.6806 4.1193 2
      vertex 48.2808 4.01915 2
    endloop
  endfacet
  facet normal 0.242992 -0.970028 0
    outer loop
      vertex 48.6806 4.1193 2
      vertex 48.2808 4.01915 0
      vertex 48.6806 4.1193 0
    endloop
  endfacet
  facet normal -0.146739 0.989175 0
    outer loop
      vertex 50.3194 -4.1193 0
      vertex 49.9117 -4.17978 2
      vertex 50.3194 -4.1193 2
    endloop
  endfacet
  facet normal -0.146739 0.989175 0
    outer loop
      vertex 49.9117 -4.17978 2
      vertex 50.3194 -4.1193 0
      vertex 49.9117 -4.17978 0
    endloop
  endfacet
  facet normal -0.427542 0.903996 0
    outer loop
      vertex 51.4799 -3.70407 0
      vertex 51.1073 -3.88029 2
      vertex 51.4799 -3.70407 2
    endloop
  endfacet
  facet normal -0.427542 0.903996 0
    outer loop
      vertex 51.1073 -3.88029 2
      vertex 51.4799 -3.70407 0
      vertex 51.1073 -3.88029 0
    endloop
  endfacet
  facet normal -0.941585 0.336774 0
    outer loop
      vertex 53.3803 -1.60727 0
      vertex 53.5191 -1.2192 2
      vertex 53.5191 -1.2192 0
    endloop
  endfacet
  facet normal -0.941585 0.336774 0
    outer loop
      vertex 53.5191 -1.2192 2
      vertex 53.3803 -1.60727 0
      vertex 53.3803 -1.60727 2
    endloop
  endfacet
  facet normal -0.989169 0.146784 0
    outer loop
      vertex 53.6193 -0.819379 0
      vertex 53.6798 -0.411672 2
      vertex 53.6798 -0.411672 0
    endloop
  endfacet
  facet normal -0.989169 0.146784 0
    outer loop
      vertex 53.6798 -0.411672 2
      vertex 53.6193 -0.819379 0
      vertex 53.6193 -0.819379 2
    endloop
  endfacet
  facet normal 0.427542 0.903996 -0
    outer loop
      vertex 47.8927 -3.88029 0
      vertex 47.5201 -3.70407 2
      vertex 47.8927 -3.88029 2
    endloop
  endfacet
  facet normal 0.427542 0.903996 0
    outer loop
      vertex 47.5201 -3.70407 2
      vertex 47.8927 -3.88029 0
      vertex 47.5201 -3.70407 0
    endloop
  endfacet
  facet normal 0.242992 0.970028 -0
    outer loop
      vertex 48.6806 -4.1193 0
      vertex 48.2808 -4.01915 2
      vertex 48.6806 -4.1193 2
    endloop
  endfacet
  facet normal 0.242992 0.970028 0
    outer loop
      vertex 48.2808 -4.01915 2
      vertex 48.6806 -4.1193 0
      vertex 48.2808 -4.01915 0
    endloop
  endfacet
  facet normal 0.85772 0.514117 0
    outer loop
      vertex 46.0078 -2.33339 2
      vertex 45.7959 -1.97987 0
      vertex 45.7959 -1.97987 2
    endloop
  endfacet
  facet normal 0.85772 0.514117 0
    outer loop
      vertex 45.7959 -1.97987 0
      vertex 46.0078 -2.33339 2
      vertex 46.0078 -2.33339 0
    endloop
  endfacet
  facet normal 0.989169 0.146784 0
    outer loop
      vertex 45.3807 -0.819379 2
      vertex 45.3202 -0.411672 0
      vertex 45.3202 -0.411672 2
    endloop
  endfacet
  facet normal 0.989169 0.146784 0
    outer loop
      vertex 45.3202 -0.411672 0
      vertex 45.3807 -0.819379 2
      vertex 45.3807 -0.819379 0
    endloop
  endfacet
  facet normal -0.33688 0.941547 0
    outer loop
      vertex 51.1073 -3.88029 0
      vertex 50.7192 -4.01915 2
      vertex 51.1073 -3.88029 2
    endloop
  endfacet
  facet normal -0.33688 0.941547 0
    outer loop
      vertex 50.7192 -4.01915 2
      vertex 51.1073 -3.88029 0
      vertex 50.7192 -4.01915 0
    endloop
  endfacet
endsolid OpenSCAD_Model
