solid OpenSCAD_Model
  facet normal -0.998796 -0.0490636 0
    outer loop
      vertex 11.05 109.307 5
      vertex 10.9968 110.39 12
      vertex 10.9968 110.39 5
    endloop
  endfacet
  facet normal -0.998796 -0.0490636 0
    outer loop
      vertex 10.9968 110.39 12
      vertex 11.05 109.307 5
      vertex 11.05 109.307 12
    endloop
  endfacet
  facet normal 0.0488756 -0.998805 0
    outer loop
      vertex -1.08309 120.304 5
      vertex 0 120.357 12
      vertex -1.08309 120.304 12
    endloop
  endfacet
  facet normal 0.0488756 -0.998805 0
    outer loop
      vertex 0 120.357 12
      vertex -1.08309 120.304 5
      vertex 0 120.357 5
    endloop
  endfacet
  facet normal -0.671442 -0.741058 0
    outer loop
      vertex 7.01005 117.849 5
      vertex 7.81353 117.121 12
      vertex 7.01005 117.849 12
    endloop
  endfacet
  facet normal -0.671442 -0.741058 -0
    outer loop
      vertex 7.81353 117.121 12
      vertex 7.01005 117.849 5
      vertex 7.81353 117.121 5
    endloop
  endfacet
  facet normal 0.741164 -0.671325 0
    outer loop
      vertex -8.54177 116.317 12
      vertex -7.81353 117.121 5
      vertex -7.81353 117.121 12
    endloop
  endfacet
  facet normal 0.741164 -0.671325 0
    outer loop
      vertex -7.81353 117.121 5
      vertex -8.54177 116.317 12
      vertex -8.54177 116.317 5
    endloop
  endfacet
  facet normal 0.427074 -0.904217 0
    outer loop
      vertex -5.20893 119.053 5
      vertex -4.22865 119.516 12
      vertex -5.20893 119.053 12
    endloop
  endfacet
  facet normal 0.427074 -0.904217 0
    outer loop
      vertex -4.22865 119.516 12
      vertex -5.20893 119.053 5
      vertex -4.22865 119.516 5
    endloop
  endfacet
  facet normal -0.903931 -0.427679 0
    outer loop
      vertex 10.2089 113.536 5
      vertex 9.74523 114.516 12
      vertex 9.74523 114.516 5
    endloop
  endfacet
  facet normal -0.903931 -0.427679 0
    outer loop
      vertex 9.74523 114.516 12
      vertex 10.2089 113.536 5
      vertex 10.2089 113.536 12
    endloop
  endfacet
  facet normal -0.337446 -0.941345 0
    outer loop
      vertex 3.20765 119.882 5
      vertex 4.22865 119.516 12
      vertex 3.20765 119.882 12
    endloop
  endfacet
  facet normal -0.337446 -0.941345 -0
    outer loop
      vertex 4.22865 119.516 12
      vertex 3.20765 119.882 5
      vertex 4.22865 119.516 5
    endloop
  endfacet
  facet normal -0.514447 -0.857522 0
    outer loop
      vertex 5.20893 119.053 5
      vertex 6.13905 118.495 12
      vertex 5.20893 119.053 12
    endloop
  endfacet
  facet normal -0.514447 -0.857522 -0
    outer loop
      vertex 6.13905 118.495 12
      vertex 5.20893 119.053 5
      vertex 6.13905 118.495 5
    endloop
  endfacet
  facet normal 0.94155 -0.336874 0
    outer loop
      vertex -10.5742 112.515 12
      vertex -10.2089 113.536 5
      vertex -10.2089 113.536 12
    endloop
  endfacet
  facet normal 0.94155 -0.336874 0
    outer loop
      vertex -10.2089 113.536 5
      vertex -10.5742 112.515 12
      vertex -10.5742 112.515 5
    endloop
  endfacet
  facet normal 0.242557 -0.970137 0
    outer loop
      vertex -3.20765 119.882 5
      vertex -2.15575 120.145 12
      vertex -3.20765 119.882 12
    endloop
  endfacet
  facet normal 0.242557 -0.970137 0
    outer loop
      vertex -2.15575 120.145 12
      vertex -3.20765 119.882 5
      vertex -2.15575 120.145 5
    endloop
  endfacet
  facet normal -0.970034 -0.24297 0
    outer loop
      vertex 10.8377 111.463 5
      vertex 10.5742 112.515 12
      vertex 10.5742 112.515 5
    endloop
  endfacet
  facet normal -0.970034 -0.24297 0
    outer loop
      vertex 10.5742 112.515 12
      vertex 10.8377 111.463 5
      vertex 10.8377 111.463 12
    endloop
  endfacet
  facet normal -0.989185 -0.146672 0
    outer loop
      vertex 10.9968 110.39 5
      vertex 10.8377 111.463 12
      vertex 10.8377 111.463 5
    endloop
  endfacet
  facet normal -0.989185 -0.146672 0
    outer loop
      vertex 10.8377 111.463 12
      vertex 10.9968 110.39 5
      vertex 10.9968 110.39 12
    endloop
  endfacet
  facet normal -0.94155 -0.336874 0
    outer loop
      vertex 10.5742 112.515 5
      vertex 10.2089 113.536 12
      vertex 10.2089 113.536 5
    endloop
  endfacet
  facet normal -0.94155 -0.336874 0
    outer loop
      vertex 10.2089 113.536 12
      vertex 10.5742 112.515 5
      vertex 10.5742 112.515 12
    endloop
  endfacet
  facet normal -0.803211 -0.595695 0
    outer loop
      vertex 9.18774 115.446 5
      vertex 8.54177 116.317 12
      vertex 8.54177 116.317 5
    endloop
  endfacet
  facet normal -0.803211 -0.595695 0
    outer loop
      vertex 8.54177 116.317 12
      vertex 9.18774 115.446 5
      vertex 9.18774 115.446 12
    endloop
  endfacet
  facet normal -0.741164 -0.671325 0
    outer loop
      vertex 8.54177 116.317 5
      vertex 7.81353 117.121 12
      vertex 7.81353 117.121 5
    endloop
  endfacet
  facet normal -0.741164 -0.671325 0
    outer loop
      vertex 7.81353 117.121 12
      vertex 8.54177 116.317 5
      vertex 8.54177 116.317 12
    endloop
  endfacet
  facet normal -0.8577 -0.51415 0
    outer loop
      vertex 9.74523 114.516 5
      vertex 9.18774 115.446 12
      vertex 9.18774 115.446 5
    endloop
  endfacet
  facet normal -0.8577 -0.51415 0
    outer loop
      vertex 9.18774 115.446 12
      vertex 9.74523 114.516 5
      vertex 9.74523 114.516 12
    endloop
  endfacet
  facet normal -0.146628 -0.989192 0
    outer loop
      vertex 1.08309 120.304 5
      vertex 2.15575 120.145 12
      vertex 1.08309 120.304 12
    endloop
  endfacet
  facet normal -0.146628 -0.989192 -0
    outer loop
      vertex 2.15575 120.145 12
      vertex 1.08309 120.304 5
      vertex 2.15575 120.145 5
    endloop
  endfacet
  facet normal -0.242557 -0.970137 0
    outer loop
      vertex 2.15575 120.145 5
      vertex 3.20765 119.882 12
      vertex 2.15575 120.145 12
    endloop
  endfacet
  facet normal -0.242557 -0.970137 -0
    outer loop
      vertex 3.20765 119.882 12
      vertex 2.15575 120.145 5
      vertex 3.20765 119.882 5
    endloop
  endfacet
  facet normal -0.0488756 -0.998805 0
    outer loop
      vertex 0 120.357 5
      vertex 1.08309 120.304 12
      vertex 0 120.357 12
    endloop
  endfacet
  facet normal -0.0488756 -0.998805 -0
    outer loop
      vertex 1.08309 120.304 12
      vertex 0 120.357 5
      vertex 1.08309 120.304 5
    endloop
  endfacet
  facet normal -0.427074 -0.904217 0
    outer loop
      vertex 4.22865 119.516 5
      vertex 5.20893 119.053 12
      vertex 4.22865 119.516 12
    endloop
  endfacet
  facet normal -0.427074 -0.904217 -0
    outer loop
      vertex 5.20893 119.053 12
      vertex 4.22865 119.516 5
      vertex 5.20893 119.053 5
    endloop
  endfacet
  facet normal -0.595713 -0.803198 0
    outer loop
      vertex 6.13905 118.495 5
      vertex 7.01005 117.849 12
      vertex 6.13905 118.495 12
    endloop
  endfacet
  facet normal -0.595713 -0.803198 -0
    outer loop
      vertex 7.01005 117.849 12
      vertex 6.13905 118.495 5
      vertex 7.01005 117.849 5
    endloop
  endfacet
  facet normal 0.989185 -0.146672 0
    outer loop
      vertex -10.9968 110.39 12
      vertex -10.8377 111.463 5
      vertex -10.8377 111.463 12
    endloop
  endfacet
  facet normal 0.989185 -0.146672 0
    outer loop
      vertex -10.8377 111.463 5
      vertex -10.9968 110.39 12
      vertex -10.9968 110.39 5
    endloop
  endfacet
  facet normal 0 0 1
    outer loop
      vertex 8 109.307 5
      vertex 11.05 109.307 5
      vertex 10.9968 110.39 5
    endloop
  endfacet
  facet normal 0 0 1
    outer loop
      vertex 7.96148 110.091 5
      vertex 10.9968 110.39 5
      vertex 10.8377 111.463 5
    endloop
  endfacet
  facet normal 0 0 1
    outer loop
      vertex 11.05 109.307 5
      vertex 8 109.307 5
      vertex 10.9968 108.224 5
    endloop
  endfacet
  facet normal 0 0 1
    outer loop
      vertex 7.84628 110.868 5
      vertex 10.8377 111.463 5
      vertex 10.5742 112.515 5
    endloop
  endfacet
  facet normal -0 0 1
    outer loop
      vertex 7.96148 108.523 5
      vertex 10.9968 108.224 5
      vertex 8 109.307 5
    endloop
  endfacet
  facet normal 0 0 1
    outer loop
      vertex 7.65552 111.63 5
      vertex 10.5742 112.515 5
      vertex 10.2089 113.536 5
    endloop
  endfacet
  facet normal 0 0 1
    outer loop
      vertex 10.9968 108.224 5
      vertex 7.96148 108.523 5
      vertex 10.8377 107.152 5
    endloop
  endfacet
  facet normal 0 0 1
    outer loop
      vertex 7.39104 112.369 5
      vertex 10.2089 113.536 5
      vertex 9.74523 114.516 5
    endloop
  endfacet
  facet normal -0 0 1
    outer loop
      vertex 7.84628 107.747 5
      vertex 10.8377 107.152 5
      vertex 7.96148 108.523 5
    endloop
  endfacet
  facet normal 0 0 1
    outer loop
      vertex 7.05537 113.079 5
      vertex 9.74523 114.516 5
      vertex 9.18774 115.446 5
    endloop
  endfacet
  facet normal 0 0 1
    outer loop
      vertex 10.8377 107.152 5
      vertex 7.84628 107.747 5
      vertex 10.5742 106.1 5
    endloop
  endfacet
  facet normal 0 0 1
    outer loop
      vertex 6.65176 113.752 5
      vertex 9.18774 115.446 5
      vertex 8.54177 116.317 5
    endloop
  endfacet
  facet normal -0 0 1
    outer loop
      vertex 7.65552 106.985 5
      vertex 10.5742 106.1 5
      vertex 7.84628 107.747 5
    endloop
  endfacet
  facet normal 0 0 1
    outer loop
      vertex 10.5742 106.1 5
      vertex 7.65552 106.985 5
      vertex 10.2089 105.079 5
    endloop
  endfacet
  facet normal 0 0 1
    outer loop
      vertex 10.9968 110.39 5
      vertex 7.96148 110.091 5
      vertex 8 109.307 5
    endloop
  endfacet
  facet normal 0 0 1
    outer loop
      vertex 10.8377 111.463 5
      vertex 7.84628 110.868 5
      vertex 7.96148 110.091 5
    endloop
  endfacet
  facet normal 0 0 1
    outer loop
      vertex 6.18408 114.382 5
      vertex 8.54177 116.317 5
      vertex 7.81353 117.121 5
    endloop
  endfacet
  facet normal 0 0 1
    outer loop
      vertex 10.5742 112.515 5
      vertex 7.65552 111.63 5
      vertex 7.84628 110.868 5
    endloop
  endfacet
  facet normal 0 0 1
    outer loop
      vertex 10.2089 113.536 5
      vertex 7.39104 112.369 5
      vertex 7.65552 111.63 5
    endloop
  endfacet
  facet normal 0 0 1
    outer loop
      vertex 9.74523 114.516 5
      vertex 7.05537 113.079 5
      vertex 7.39104 112.369 5
    endloop
  endfacet
  facet normal 0 0 1
    outer loop
      vertex 5.65685 114.964 5
      vertex 7.81353 117.121 5
      vertex 7.01005 117.849 5
    endloop
  endfacet
  facet normal 0 0 1
    outer loop
      vertex 9.18774 115.446 5
      vertex 6.65176 113.752 5
      vertex 7.05537 113.079 5
    endloop
  endfacet
  facet normal 0 0 1
    outer loop
      vertex 8.54177 116.317 5
      vertex 6.18408 114.382 5
      vertex 6.65176 113.752 5
    endloop
  endfacet
  facet normal 0 0 1
    outer loop
      vertex 5.07515 115.491 5
      vertex 7.01005 117.849 5
      vertex 6.13905 118.495 5
    endloop
  endfacet
  facet normal 0 0 1
    outer loop
      vertex 7.81353 117.121 5
      vertex 5.65685 114.964 5
      vertex 6.18408 114.382 5
    endloop
  endfacet
  facet normal 0 0 1
    outer loop
      vertex 4.44456 115.959 5
      vertex 6.13905 118.495 5
      vertex 5.20893 119.053 5
    endloop
  endfacet
  facet normal 0 0 1
    outer loop
      vertex 7.01005 117.849 5
      vertex 5.07515 115.491 5
      vertex 5.65685 114.964 5
    endloop
  endfacet
  facet normal 0 0 1
    outer loop
      vertex 6.13905 118.495 5
      vertex 4.44456 115.959 5
      vertex 5.07515 115.491 5
    endloop
  endfacet
  facet normal 0 0 1
    outer loop
      vertex 3.77117 116.363 5
      vertex 5.20893 119.053 5
      vertex 4.22865 119.516 5
    endloop
  endfacet
  facet normal 0 0 1
    outer loop
      vertex 5.20893 119.053 5
      vertex 3.77117 116.363 5
      vertex 4.44456 115.959 5
    endloop
  endfacet
  facet normal 0 0 1
    outer loop
      vertex 3.06147 116.698 5
      vertex 4.22865 119.516 5
      vertex 3.20765 119.882 5
    endloop
  endfacet
  facet normal 0 0 1
    outer loop
      vertex 4.22865 119.516 5
      vertex 3.06147 116.698 5
      vertex 3.77117 116.363 5
    endloop
  endfacet
  facet normal 0 0 1
    outer loop
      vertex 3.20765 119.882 5
      vertex 2.32228 116.963 5
      vertex 3.06147 116.698 5
    endloop
  endfacet
  facet normal 0 0 1
    outer loop
      vertex 2.15575 120.145 5
      vertex 2.32228 116.963 5
      vertex 3.20765 119.882 5
    endloop
  endfacet
  facet normal 0 0 1
    outer loop
      vertex 2.15575 120.145 5
      vertex 1.56072 117.154 5
      vertex 2.32228 116.963 5
    endloop
  endfacet
  facet normal 0 0 1
    outer loop
      vertex 1.08309 120.304 5
      vertex 1.56072 117.154 5
      vertex 2.15575 120.145 5
    endloop
  endfacet
  facet normal 0 0 1
    outer loop
      vertex 1.08309 120.304 5
      vertex 0.784137 117.269 5
      vertex 1.56072 117.154 5
    endloop
  endfacet
  facet normal 0 0 1
    outer loop
      vertex 0 120.357 5
      vertex 0.784137 117.269 5
      vertex 1.08309 120.304 5
    endloop
  endfacet
  facet normal 0 0 1
    outer loop
      vertex 0 120.357 5
      vertex 0 117.307 5
      vertex 0.784137 117.269 5
    endloop
  endfacet
  facet normal 0 0 1
    outer loop
      vertex 0 120.357 5
      vertex -0.784137 117.269 5
      vertex 0 117.307 5
    endloop
  endfacet
  facet normal -0 0 1
    outer loop
      vertex -1.08309 120.304 5
      vertex -0.784137 117.269 5
      vertex 0 120.357 5
    endloop
  endfacet
  facet normal 0 0 1
    outer loop
      vertex -1.08309 120.304 5
      vertex -1.56072 117.154 5
      vertex -0.784137 117.269 5
    endloop
  endfacet
  facet normal -0 0 1
    outer loop
      vertex -2.15575 120.145 5
      vertex -1.56072 117.154 5
      vertex -1.08309 120.304 5
    endloop
  endfacet
  facet normal 0 0 1
    outer loop
      vertex -2.15575 120.145 5
      vertex -2.32228 116.963 5
      vertex -1.56072 117.154 5
    endloop
  endfacet
  facet normal -0 0 1
    outer loop
      vertex -3.20765 119.882 5
      vertex -2.32228 116.963 5
      vertex -2.15575 120.145 5
    endloop
  endfacet
  facet normal 0 0 1
    outer loop
      vertex -2.32228 116.963 5
      vertex -3.20765 119.882 5
      vertex -3.06147 116.698 5
    endloop
  endfacet
  facet normal -0 0 1
    outer loop
      vertex -4.22865 119.516 5
      vertex -3.06147 116.698 5
      vertex -3.20765 119.882 5
    endloop
  endfacet
  facet normal 0 0 1
    outer loop
      vertex -3.06147 116.698 5
      vertex -4.22865 119.516 5
      vertex -3.77117 116.363 5
    endloop
  endfacet
  facet normal -0 0 1
    outer loop
      vertex -5.20893 119.053 5
      vertex -3.77117 116.363 5
      vertex -4.22865 119.516 5
    endloop
  endfacet
  facet normal 0 0 1
    outer loop
      vertex -3.77117 116.363 5
      vertex -5.20893 119.053 5
      vertex -4.44456 115.959 5
    endloop
  endfacet
  facet normal -0 0 1
    outer loop
      vertex -6.13905 118.495 5
      vertex -4.44456 115.959 5
      vertex -5.20893 119.053 5
    endloop
  endfacet
  facet normal 0 0 1
    outer loop
      vertex -4.44456 115.959 5
      vertex -6.13905 118.495 5
      vertex -5.07515 115.491 5
    endloop
  endfacet
  facet normal -0 0 1
    outer loop
      vertex -7.01005 117.849 5
      vertex -5.07515 115.491 5
      vertex -6.13905 118.495 5
    endloop
  endfacet
  facet normal 0 0 1
    outer loop
      vertex -5.07515 115.491 5
      vertex -7.01005 117.849 5
      vertex -5.65685 114.964 5
    endloop
  endfacet
  facet normal -0 0 1
    outer loop
      vertex -7.81353 117.121 5
      vertex -5.65685 114.964 5
      vertex -7.01005 117.849 5
    endloop
  endfacet
  facet normal 0 0 1
    outer loop
      vertex -5.65685 114.964 5
      vertex -7.81353 117.121 5
      vertex -6.18408 114.382 5
    endloop
  endfacet
  facet normal -0 0 1
    outer loop
      vertex -8.54177 116.317 5
      vertex -6.18408 114.382 5
      vertex -7.81353 117.121 5
    endloop
  endfacet
  facet normal 0 0 1
    outer loop
      vertex -6.18408 114.382 5
      vertex -8.54177 116.317 5
      vertex -6.65176 113.752 5
    endloop
  endfacet
  facet normal -0 0 1
    outer loop
      vertex -9.18774 115.446 5
      vertex -6.65176 113.752 5
      vertex -8.54177 116.317 5
    endloop
  endfacet
  facet normal 0 0 1
    outer loop
      vertex -6.65176 113.752 5
      vertex -9.18774 115.446 5
      vertex -7.05537 113.079 5
    endloop
  endfacet
  facet normal -0 0 1
    outer loop
      vertex -9.74523 114.516 5
      vertex -7.05537 113.079 5
      vertex -9.18774 115.446 5
    endloop
  endfacet
  facet normal 0 0 1
    outer loop
      vertex -7.05537 113.079 5
      vertex -9.74523 114.516 5
      vertex -7.39104 112.369 5
    endloop
  endfacet
  facet normal -0 0 1
    outer loop
      vertex -10.2089 113.536 5
      vertex -7.39104 112.369 5
      vertex -9.74523 114.516 5
    endloop
  endfacet
  facet normal 0 0 1
    outer loop
      vertex -7.39104 112.369 5
      vertex -10.2089 113.536 5
      vertex -7.65552 111.63 5
    endloop
  endfacet
  facet normal -0 0 1
    outer loop
      vertex 7.39104 106.246 5
      vertex 10.2089 105.079 5
      vertex 7.65552 106.985 5
    endloop
  endfacet
  facet normal 0 0 1
    outer loop
      vertex 10.2089 105.079 5
      vertex 7.39104 106.246 5
      vertex 9.74523 104.098 5
    endloop
  endfacet
  facet normal -0 0 1
    outer loop
      vertex 7.05537 105.536 5
      vertex 9.74523 104.098 5
      vertex 7.39104 106.246 5
    endloop
  endfacet
  facet normal 0 0 1
    outer loop
      vertex 9.74523 104.098 5
      vertex 7.05537 105.536 5
      vertex 9.18774 103.168 5
    endloop
  endfacet
  facet normal -0 0 1
    outer loop
      vertex 6.65176 104.863 5
      vertex 9.18774 103.168 5
      vertex 7.05537 105.536 5
    endloop
  endfacet
  facet normal 0 0 1
    outer loop
      vertex 9.18774 103.168 5
      vertex 6.65176 104.863 5
      vertex 8.54177 102.297 5
    endloop
  endfacet
  facet normal -0 0 1
    outer loop
      vertex 6.18408 104.232 5
      vertex 8.54177 102.297 5
      vertex 6.65176 104.863 5
    endloop
  endfacet
  facet normal 0 0 1
    outer loop
      vertex 8.54177 102.297 5
      vertex 6.18408 104.232 5
      vertex 7.81353 101.494 5
    endloop
  endfacet
  facet normal -0 0 1
    outer loop
      vertex 5.65685 103.65 5
      vertex 7.81353 101.494 5
      vertex 6.18408 104.232 5
    endloop
  endfacet
  facet normal 0 0 1
    outer loop
      vertex 7.81353 101.494 5
      vertex 5.65685 103.65 5
      vertex 7.01005 100.766 5
    endloop
  endfacet
  facet normal -0 0 1
    outer loop
      vertex 5.07515 103.123 5
      vertex 7.01005 100.766 5
      vertex 5.65685 103.65 5
    endloop
  endfacet
  facet normal 0 0 1
    outer loop
      vertex 7.01005 100.766 5
      vertex 5.07515 103.123 5
      vertex 6.13905 100.12 5
    endloop
  endfacet
  facet normal -0 0 1
    outer loop
      vertex 4.44456 102.656 5
      vertex 6.13905 100.12 5
      vertex 5.07515 103.123 5
    endloop
  endfacet
  facet normal 0 0 1
    outer loop
      vertex 6.13905 100.12 5
      vertex 4.44456 102.656 5
      vertex 5.20893 99.5621 5
    endloop
  endfacet
  facet normal -0 0 1
    outer loop
      vertex 3.77117 102.252 5
      vertex 5.20893 99.5621 5
      vertex 4.44456 102.656 5
    endloop
  endfacet
  facet normal 0 0 1
    outer loop
      vertex 5.20893 99.5621 5
      vertex 3.77117 102.252 5
      vertex 4.22865 99.0985 5
    endloop
  endfacet
  facet normal -0 0 1
    outer loop
      vertex 3.06147 101.916 5
      vertex 4.22865 99.0985 5
      vertex 3.77117 102.252 5
    endloop
  endfacet
  facet normal 0 0 1
    outer loop
      vertex 4.22865 99.0985 5
      vertex 3.06147 101.916 5
      vertex 3.20765 98.7331 5
    endloop
  endfacet
  facet normal -0 0 1
    outer loop
      vertex 2.32228 101.652 5
      vertex 3.20765 98.7331 5
      vertex 3.06147 101.916 5
    endloop
  endfacet
  facet normal 0 0 1
    outer loop
      vertex 2.32228 101.652 5
      vertex 2.15575 98.4697 5
      vertex 3.20765 98.7331 5
    endloop
  endfacet
  facet normal -0 0 1
    outer loop
      vertex 1.56072 101.461 5
      vertex 2.15575 98.4697 5
      vertex 2.32228 101.652 5
    endloop
  endfacet
  facet normal 0 0 1
    outer loop
      vertex 1.56072 101.461 5
      vertex 1.08309 98.3105 5
      vertex 2.15575 98.4697 5
    endloop
  endfacet
  facet normal -0 0 1
    outer loop
      vertex 0.784137 101.346 5
      vertex 1.08309 98.3105 5
      vertex 1.56072 101.461 5
    endloop
  endfacet
  facet normal -0 0 1
    outer loop
      vertex 0 101.307 5
      vertex 1.08309 98.3105 5
      vertex 0.784137 101.346 5
    endloop
  endfacet
  facet normal 0 0 1
    outer loop
      vertex 0 101.307 5
      vertex 0 98.2573 5
      vertex 1.08309 98.3105 5
    endloop
  endfacet
  facet normal 0 0 1
    outer loop
      vertex -0.784137 101.346 5
      vertex 0 98.2573 5
      vertex 0 101.307 5
    endloop
  endfacet
  facet normal 0 0 1
    outer loop
      vertex -0.784137 101.346 5
      vertex -1.08309 98.3105 5
      vertex 0 98.2573 5
    endloop
  endfacet
  facet normal 0 0 1
    outer loop
      vertex -1.56072 101.461 5
      vertex -1.08309 98.3105 5
      vertex -0.784137 101.346 5
    endloop
  endfacet
  facet normal 0 0 1
    outer loop
      vertex -1.56072 101.461 5
      vertex -2.15575 98.4697 5
      vertex -1.08309 98.3105 5
    endloop
  endfacet
  facet normal 0 0 1
    outer loop
      vertex -2.32228 101.652 5
      vertex -2.15575 98.4697 5
      vertex -1.56072 101.461 5
    endloop
  endfacet
  facet normal 0 0 1
    outer loop
      vertex -3.20765 98.7331 5
      vertex -2.32228 101.652 5
      vertex -3.06147 101.916 5
    endloop
  endfacet
  facet normal 0 0 1
    outer loop
      vertex -2.32228 101.652 5
      vertex -3.20765 98.7331 5
      vertex -2.15575 98.4697 5
    endloop
  endfacet
  facet normal 0 0 1
    outer loop
      vertex -4.22865 99.0985 5
      vertex -3.06147 101.916 5
      vertex -3.77117 102.252 5
    endloop
  endfacet
  facet normal 0 0 1
    outer loop
      vertex -3.06147 101.916 5
      vertex -4.22865 99.0985 5
      vertex -3.20765 98.7331 5
    endloop
  endfacet
  facet normal 0 0 1
    outer loop
      vertex -5.20893 99.5621 5
      vertex -3.77117 102.252 5
      vertex -4.44456 102.656 5
    endloop
  endfacet
  facet normal 0 0 1
    outer loop
      vertex -6.13905 100.12 5
      vertex -4.44456 102.656 5
      vertex -5.07515 103.123 5
    endloop
  endfacet
  facet normal 0 0 1
    outer loop
      vertex -3.77117 102.252 5
      vertex -5.20893 99.5621 5
      vertex -4.22865 99.0985 5
    endloop
  endfacet
  facet normal 0 0 1
    outer loop
      vertex -7.01005 100.766 5
      vertex -5.07515 103.123 5
      vertex -5.65685 103.65 5
    endloop
  endfacet
  facet normal 0 0 1
    outer loop
      vertex -4.44456 102.656 5
      vertex -6.13905 100.12 5
      vertex -5.20893 99.5621 5
    endloop
  endfacet
  facet normal 0 0 1
    outer loop
      vertex -7.81353 101.494 5
      vertex -5.65685 103.65 5
      vertex -6.18408 104.232 5
    endloop
  endfacet
  facet normal 0 0 1
    outer loop
      vertex -8.54177 102.297 5
      vertex -6.18408 104.232 5
      vertex -6.65176 104.863 5
    endloop
  endfacet
  facet normal 0 0 1
    outer loop
      vertex -5.07515 103.123 5
      vertex -7.01005 100.766 5
      vertex -6.13905 100.12 5
    endloop
  endfacet
  facet normal 0 0 1
    outer loop
      vertex -9.18774 103.168 5
      vertex -6.65176 104.863 5
      vertex -7.05537 105.536 5
    endloop
  endfacet
  facet normal 0 0 1
    outer loop
      vertex -9.74523 104.098 5
      vertex -7.05537 105.536 5
      vertex -7.39104 106.246 5
    endloop
  endfacet
  facet normal 0 0 1
    outer loop
      vertex -10.2089 105.079 5
      vertex -7.39104 106.246 5
      vertex -7.65552 106.985 5
    endloop
  endfacet
  facet normal 0 0 1
    outer loop
      vertex -5.65685 103.65 5
      vertex -7.81353 101.494 5
      vertex -7.01005 100.766 5
    endloop
  endfacet
  facet normal 0 0 1
    outer loop
      vertex -10.5742 106.1 5
      vertex -7.65552 106.985 5
      vertex -7.84628 107.747 5
    endloop
  endfacet
  facet normal 0 0 1
    outer loop
      vertex -10.8377 107.152 5
      vertex -7.84628 107.747 5
      vertex -7.96148 108.523 5
    endloop
  endfacet
  facet normal 0 0 1
    outer loop
      vertex -10.9968 108.224 5
      vertex -7.96148 108.523 5
      vertex -8 109.307 5
    endloop
  endfacet
  facet normal -0 0 1
    outer loop
      vertex -10.5742 112.515 5
      vertex -7.65552 111.63 5
      vertex -10.2089 113.536 5
    endloop
  endfacet
  facet normal 0 0 1
    outer loop
      vertex -6.18408 104.232 5
      vertex -8.54177 102.297 5
      vertex -7.81353 101.494 5
    endloop
  endfacet
  facet normal 0 0 1
    outer loop
      vertex -7.65552 111.63 5
      vertex -10.5742 112.515 5
      vertex -7.84628 110.868 5
    endloop
  endfacet
  facet normal 0 0 1
    outer loop
      vertex -6.65176 104.863 5
      vertex -9.18774 103.168 5
      vertex -8.54177 102.297 5
    endloop
  endfacet
  facet normal -0 0 1
    outer loop
      vertex -10.8377 111.463 5
      vertex -7.84628 110.868 5
      vertex -10.5742 112.515 5
    endloop
  endfacet
  facet normal 0 0 1
    outer loop
      vertex -7.05537 105.536 5
      vertex -9.74523 104.098 5
      vertex -9.18774 103.168 5
    endloop
  endfacet
  facet normal 0 0 1
    outer loop
      vertex -7.84628 110.868 5
      vertex -10.8377 111.463 5
      vertex -7.96148 110.091 5
    endloop
  endfacet
  facet normal 0 0 1
    outer loop
      vertex -7.39104 106.246 5
      vertex -10.2089 105.079 5
      vertex -9.74523 104.098 5
    endloop
  endfacet
  facet normal -0 0 1
    outer loop
      vertex -10.9968 110.39 5
      vertex -7.96148 110.091 5
      vertex -10.8377 111.463 5
    endloop
  endfacet
  facet normal 0 0 1
    outer loop
      vertex -7.65552 106.985 5
      vertex -10.5742 106.1 5
      vertex -10.2089 105.079 5
    endloop
  endfacet
  facet normal 0 0 1
    outer loop
      vertex -7.96148 110.091 5
      vertex -10.9968 110.39 5
      vertex -8 109.307 5
    endloop
  endfacet
  facet normal 0 0 1
    outer loop
      vertex -7.84628 107.747 5
      vertex -10.8377 107.152 5
      vertex -10.5742 106.1 5
    endloop
  endfacet
  facet normal 0 0 1
    outer loop
      vertex -11.05 109.307 5
      vertex -8 109.307 5
      vertex -10.9968 110.39 5
    endloop
  endfacet
  facet normal 0 0 1
    outer loop
      vertex -7.96148 108.523 5
      vertex -10.9968 108.224 5
      vertex -10.8377 107.152 5
    endloop
  endfacet
  facet normal 0 0 1
    outer loop
      vertex -8 109.307 5
      vertex -11.05 109.307 5
      vertex -10.9968 108.224 5
    endloop
  endfacet
  facet normal 0.8577 -0.51415 0
    outer loop
      vertex -9.74523 114.516 12
      vertex -9.18774 115.446 5
      vertex -9.18774 115.446 12
    endloop
  endfacet
  facet normal 0.8577 -0.51415 0
    outer loop
      vertex -9.18774 115.446 5
      vertex -9.74523 114.516 12
      vertex -9.74523 114.516 5
    endloop
  endfacet
  facet normal 0.803211 -0.595695 0
    outer loop
      vertex -9.18774 115.446 12
      vertex -8.54177 116.317 5
      vertex -8.54177 116.317 12
    endloop
  endfacet
  facet normal 0.803211 -0.595695 0
    outer loop
      vertex -8.54177 116.317 5
      vertex -9.18774 115.446 12
      vertex -9.18774 115.446 5
    endloop
  endfacet
  facet normal 0.903931 -0.427679 0
    outer loop
      vertex -10.2089 113.536 12
      vertex -9.74523 114.516 5
      vertex -9.74523 114.516 12
    endloop
  endfacet
  facet normal 0.903931 -0.427679 0
    outer loop
      vertex -9.74523 114.516 5
      vertex -10.2089 113.536 12
      vertex -10.2089 113.536 5
    endloop
  endfacet
  facet normal 0.970034 -0.24297 0
    outer loop
      vertex -10.8377 111.463 12
      vertex -10.5742 112.515 5
      vertex -10.5742 112.515 12
    endloop
  endfacet
  facet normal 0.970034 -0.24297 0
    outer loop
      vertex -10.5742 112.515 5
      vertex -10.8377 111.463 12
      vertex -10.8377 111.463 5
    endloop
  endfacet
  facet normal 0.998796 -0.0490636 0
    outer loop
      vertex -11.05 109.307 12
      vertex -10.9968 110.39 5
      vertex -10.9968 110.39 12
    endloop
  endfacet
  facet normal 0.998796 -0.0490636 0
    outer loop
      vertex -10.9968 110.39 5
      vertex -11.05 109.307 12
      vertex -11.05 109.307 5
    endloop
  endfacet
  facet normal 0.595713 -0.803198 0
    outer loop
      vertex -7.01005 117.849 5
      vertex -6.13905 118.495 12
      vertex -7.01005 117.849 12
    endloop
  endfacet
  facet normal 0.595713 -0.803198 0
    outer loop
      vertex -6.13905 118.495 12
      vertex -7.01005 117.849 5
      vertex -6.13905 118.495 5
    endloop
  endfacet
  facet normal 0.514447 -0.857522 0
    outer loop
      vertex -6.13905 118.495 5
      vertex -5.20893 119.053 12
      vertex -6.13905 118.495 12
    endloop
  endfacet
  facet normal 0.514447 -0.857522 0
    outer loop
      vertex -5.20893 119.053 12
      vertex -6.13905 118.495 5
      vertex -5.20893 119.053 5
    endloop
  endfacet
  facet normal 0.671442 -0.741058 0
    outer loop
      vertex -7.81353 117.121 5
      vertex -7.01005 117.849 12
      vertex -7.81353 117.121 12
    endloop
  endfacet
  facet normal 0.671442 -0.741058 0
    outer loop
      vertex -7.01005 117.849 12
      vertex -7.81353 117.121 5
      vertex -7.01005 117.849 5
    endloop
  endfacet
  facet normal 0.337446 -0.941345 0
    outer loop
      vertex -4.22865 119.516 5
      vertex -3.20765 119.882 12
      vertex -4.22865 119.516 12
    endloop
  endfacet
  facet normal 0.337446 -0.941345 0
    outer loop
      vertex -3.20765 119.882 12
      vertex -4.22865 119.516 5
      vertex -3.20765 119.882 5
    endloop
  endfacet
  facet normal 0.146628 -0.989192 0
    outer loop
      vertex -2.15575 120.145 5
      vertex -1.08309 120.304 12
      vertex -2.15575 120.145 12
    endloop
  endfacet
  facet normal 0.146628 -0.989192 0
    outer loop
      vertex -1.08309 120.304 12
      vertex -2.15575 120.145 5
      vertex -1.08309 120.304 5
    endloop
  endfacet
  facet normal -0.998796 0.0490636 0
    outer loop
      vertex 10.9968 108.224 5
      vertex 11.05 109.307 12
      vertex 11.05 109.307 5
    endloop
  endfacet
  facet normal -0.998796 0.0490636 0
    outer loop
      vertex 11.05 109.307 12
      vertex 10.9968 108.224 5
      vertex 10.9968 108.224 12
    endloop
  endfacet
  facet normal -0.146808 0.989165 0
    outer loop
      vertex 2.15575 98.4697 5
      vertex 1.08309 98.3105 12
      vertex 2.15575 98.4697 12
    endloop
  endfacet
  facet normal -0.146808 0.989165 0
    outer loop
      vertex 1.08309 98.3105 12
      vertex 2.15575 98.4697 5
      vertex 1.08309 98.3105 5
    endloop
  endfacet
  facet normal -0.336956 0.941521 0
    outer loop
      vertex 4.22865 99.0985 5
      vertex 3.20765 98.7331 12
      vertex 4.22865 99.0985 12
    endloop
  endfacet
  facet normal -0.336956 0.941521 0
    outer loop
      vertex 3.20765 98.7331 12
      vertex 4.22865 99.0985 5
      vertex 3.20765 98.7331 5
    endloop
  endfacet
  facet normal -0.671442 0.741058 0
    outer loop
      vertex 7.81353 101.494 5
      vertex 7.01005 100.766 12
      vertex 7.81353 101.494 12
    endloop
  endfacet
  facet normal -0.671442 0.741058 0
    outer loop
      vertex 7.01005 100.766 12
      vertex 7.81353 101.494 5
      vertex 7.01005 100.766 5
    endloop
  endfacet
  facet normal -0.514379 0.857563 0
    outer loop
      vertex 6.13905 100.12 5
      vertex 5.20893 99.5621 12
      vertex 6.13905 100.12 12
    endloop
  endfacet
  facet normal -0.514379 0.857563 0
    outer loop
      vertex 5.20893 99.5621 12
      vertex 6.13905 100.12 5
      vertex 5.20893 99.5621 5
    endloop
  endfacet
  facet normal -0.803211 0.595695 0
    outer loop
      vertex 8.54177 102.297 5
      vertex 9.18774 103.168 12
      vertex 9.18774 103.168 5
    endloop
  endfacet
  facet normal -0.803211 0.595695 0
    outer loop
      vertex 9.18774 103.168 12
      vertex 8.54177 102.297 5
      vertex 8.54177 102.297 12
    endloop
  endfacet
  facet normal -0.904099 0.427323 0
    outer loop
      vertex 9.74523 104.098 5
      vertex 10.2089 105.079 12
      vertex 10.2089 105.079 5
    endloop
  endfacet
  facet normal -0.904099 0.427323 0
    outer loop
      vertex 10.2089 105.079 12
      vertex 9.74523 104.098 5
      vertex 9.74523 104.098 12
    endloop
  endfacet
  facet normal -0.970034 0.24297 0
    outer loop
      vertex 10.5742 106.1 5
      vertex 10.8377 107.152 12
      vertex 10.8377 107.152 5
    endloop
  endfacet
  facet normal -0.970034 0.24297 0
    outer loop
      vertex 10.8377 107.152 12
      vertex 10.5742 106.1 5
      vertex 10.5742 106.1 12
    endloop
  endfacet
  facet normal 0.595713 0.803198 -0
    outer loop
      vertex -6.13905 100.12 5
      vertex -7.01005 100.766 12
      vertex -6.13905 100.12 12
    endloop
  endfacet
  facet normal 0.595713 0.803198 0
    outer loop
      vertex -7.01005 100.766 12
      vertex -6.13905 100.12 5
      vertex -7.01005 100.766 5
    endloop
  endfacet
  facet normal 0.427527 0.904003 -0
    outer loop
      vertex -4.22865 99.0985 5
      vertex -5.20893 99.5621 12
      vertex -4.22865 99.0985 12
    endloop
  endfacet
  facet normal 0.427527 0.904003 0
    outer loop
      vertex -5.20893 99.5621 12
      vertex -4.22865 99.0985 5
      vertex -5.20893 99.5621 5
    endloop
  endfacet
  facet normal 0.242904 0.97005 -0
    outer loop
      vertex -2.15575 98.4697 5
      vertex -3.20765 98.7331 12
      vertex -2.15575 98.4697 12
    endloop
  endfacet
  facet normal 0.242904 0.97005 0
    outer loop
      vertex -3.20765 98.7331 12
      vertex -2.15575 98.4697 5
      vertex -3.20765 98.7331 5
    endloop
  endfacet
  facet normal 0.0490596 0.998796 -0
    outer loop
      vertex 0 98.2573 5
      vertex -1.08309 98.3105 12
      vertex 0 98.2573 12
    endloop
  endfacet
  facet normal 0.0490596 0.998796 0
    outer loop
      vertex -1.08309 98.3105 12
      vertex 0 98.2573 5
      vertex -1.08309 98.3105 5
    endloop
  endfacet
  facet normal 0.8577 0.51415 0
    outer loop
      vertex -9.18774 103.168 12
      vertex -9.74523 104.098 5
      vertex -9.74523 104.098 12
    endloop
  endfacet
  facet normal 0.8577 0.51415 0
    outer loop
      vertex -9.74523 104.098 5
      vertex -9.18774 103.168 12
      vertex -9.18774 103.168 5
    endloop
  endfacet
  facet normal 0.740748 0.671783 0
    outer loop
      vertex -7.81353 101.494 12
      vertex -8.54177 102.297 5
      vertex -8.54177 102.297 12
    endloop
  endfacet
  facet normal 0.740748 0.671783 0
    outer loop
      vertex -8.54177 102.297 5
      vertex -7.81353 101.494 12
      vertex -7.81353 101.494 5
    endloop
  endfacet
  facet normal 0.94155 0.336874 0
    outer loop
      vertex -10.2089 105.079 12
      vertex -10.5742 106.1 5
      vertex -10.5742 106.1 12
    endloop
  endfacet
  facet normal 0.94155 0.336874 0
    outer loop
      vertex -10.5742 106.1 5
      vertex -10.2089 105.079 12
      vertex -10.2089 105.079 5
    endloop
  endfacet
  facet normal 0.989165 0.146806 0
    outer loop
      vertex -10.8377 107.152 12
      vertex -10.9968 108.224 5
      vertex -10.9968 108.224 12
    endloop
  endfacet
  facet normal 0.989165 0.146806 0
    outer loop
      vertex -10.9968 108.224 5
      vertex -10.8377 107.152 12
      vertex -10.8377 107.152 5
    endloop
  endfacet
  facet normal 0.998796 0.0490636 0
    outer loop
      vertex -10.9968 108.224 12
      vertex -11.05 109.307 5
      vertex -11.05 109.307 12
    endloop
  endfacet
  facet normal 0.998796 0.0490636 0
    outer loop
      vertex -11.05 109.307 5
      vertex -10.9968 108.224 12
      vertex -10.9968 108.224 5
    endloop
  endfacet
  facet normal -0.242904 0.97005 0
    outer loop
      vertex 3.20765 98.7331 5
      vertex 2.15575 98.4697 12
      vertex 3.20765 98.7331 12
    endloop
  endfacet
  facet normal -0.242904 0.97005 0
    outer loop
      vertex 2.15575 98.4697 12
      vertex 3.20765 98.7331 5
      vertex 2.15575 98.4697 5
    endloop
  endfacet
  facet normal -0.427527 0.904003 0
    outer loop
      vertex 5.20893 99.5621 5
      vertex 4.22865 99.0985 12
      vertex 5.20893 99.5621 12
    endloop
  endfacet
  facet normal -0.427527 0.904003 0
    outer loop
      vertex 4.22865 99.0985 12
      vertex 5.20893 99.5621 5
      vertex 4.22865 99.0985 5
    endloop
  endfacet
  facet normal -0.740748 0.671783 0
    outer loop
      vertex 7.81353 101.494 5
      vertex 8.54177 102.297 12
      vertex 8.54177 102.297 5
    endloop
  endfacet
  facet normal -0.740748 0.671783 0
    outer loop
      vertex 8.54177 102.297 12
      vertex 7.81353 101.494 5
      vertex 7.81353 101.494 12
    endloop
  endfacet
  facet normal -0.595713 0.803198 0
    outer loop
      vertex 7.01005 100.766 5
      vertex 6.13905 100.12 12
      vertex 7.01005 100.766 12
    endloop
  endfacet
  facet normal -0.595713 0.803198 0
    outer loop
      vertex 6.13905 100.12 12
      vertex 7.01005 100.766 5
      vertex 6.13905 100.12 5
    endloop
  endfacet
  facet normal -0.8577 0.51415 0
    outer loop
      vertex 9.18774 103.168 5
      vertex 9.74523 104.098 12
      vertex 9.74523 104.098 5
    endloop
  endfacet
  facet normal -0.8577 0.51415 0
    outer loop
      vertex 9.74523 104.098 12
      vertex 9.18774 103.168 5
      vertex 9.18774 103.168 12
    endloop
  endfacet
  facet normal -0.94155 0.336874 0
    outer loop
      vertex 10.2089 105.079 5
      vertex 10.5742 106.1 12
      vertex 10.5742 106.1 5
    endloop
  endfacet
  facet normal -0.94155 0.336874 0
    outer loop
      vertex 10.5742 106.1 12
      vertex 10.2089 105.079 5
      vertex 10.2089 105.079 12
    endloop
  endfacet
  facet normal -0.989165 0.146806 0
    outer loop
      vertex 10.8377 107.152 5
      vertex 10.9968 108.224 12
      vertex 10.9968 108.224 5
    endloop
  endfacet
  facet normal -0.989165 0.146806 0
    outer loop
      vertex 10.9968 108.224 12
      vertex 10.8377 107.152 5
      vertex 10.8377 107.152 12
    endloop
  endfacet
  facet normal 0.514379 0.857563 -0
    outer loop
      vertex -5.20893 99.5621 5
      vertex -6.13905 100.12 12
      vertex -5.20893 99.5621 12
    endloop
  endfacet
  facet normal 0.514379 0.857563 0
    outer loop
      vertex -6.13905 100.12 12
      vertex -5.20893 99.5621 5
      vertex -6.13905 100.12 5
    endloop
  endfacet
  facet normal 0.336956 0.941521 -0
    outer loop
      vertex -3.20765 98.7331 5
      vertex -4.22865 99.0985 12
      vertex -3.20765 98.7331 12
    endloop
  endfacet
  facet normal 0.336956 0.941521 0
    outer loop
      vertex -4.22865 99.0985 12
      vertex -3.20765 98.7331 5
      vertex -4.22865 99.0985 5
    endloop
  endfacet
  facet normal 0.146808 0.989165 -0
    outer loop
      vertex -1.08309 98.3105 5
      vertex -2.15575 98.4697 12
      vertex -1.08309 98.3105 12
    endloop
  endfacet
  facet normal 0.146808 0.989165 0
    outer loop
      vertex -2.15575 98.4697 12
      vertex -1.08309 98.3105 5
      vertex -2.15575 98.4697 5
    endloop
  endfacet
  facet normal -0.0490596 0.998796 0
    outer loop
      vertex 1.08309 98.3105 5
      vertex 0 98.2573 12
      vertex 1.08309 98.3105 12
    endloop
  endfacet
  facet normal -0.0490596 0.998796 0
    outer loop
      vertex 0 98.2573 12
      vertex 1.08309 98.3105 5
      vertex 0 98.2573 5
    endloop
  endfacet
  facet normal 0.803211 0.595695 0
    outer loop
      vertex -8.54177 102.297 12
      vertex -9.18774 103.168 5
      vertex -9.18774 103.168 12
    endloop
  endfacet
  facet normal 0.803211 0.595695 0
    outer loop
      vertex -9.18774 103.168 5
      vertex -8.54177 102.297 12
      vertex -8.54177 102.297 5
    endloop
  endfacet
  facet normal 0.671442 0.741058 -0
    outer loop
      vertex -7.01005 100.766 5
      vertex -7.81353 101.494 12
      vertex -7.01005 100.766 12
    endloop
  endfacet
  facet normal 0.671442 0.741058 0
    outer loop
      vertex -7.81353 101.494 12
      vertex -7.01005 100.766 5
      vertex -7.81353 101.494 5
    endloop
  endfacet
  facet normal 0.904099 0.427323 0
    outer loop
      vertex -9.74523 104.098 12
      vertex -10.2089 105.079 5
      vertex -10.2089 105.079 12
    endloop
  endfacet
  facet normal 0.904099 0.427323 0
    outer loop
      vertex -10.2089 105.079 5
      vertex -9.74523 104.098 12
      vertex -9.74523 104.098 5
    endloop
  endfacet
  facet normal 0.970034 0.24297 0
    outer loop
      vertex -10.5742 106.1 12
      vertex -10.8377 107.152 5
      vertex -10.8377 107.152 12
    endloop
  endfacet
  facet normal 0.970034 0.24297 0
    outer loop
      vertex -10.8377 107.152 5
      vertex -10.5742 106.1 12
      vertex -10.5742 106.1 5
    endloop
  endfacet
  facet normal -0.998795 -0.0490735 0
    outer loop
      vertex 8 109.307 0
      vertex 7.96148 110.091 5
      vertex 7.96148 110.091 0
    endloop
  endfacet
  facet normal -0.998795 -0.0490735 0
    outer loop
      vertex 7.96148 110.091 5
      vertex 8 109.307 0
      vertex 8 109.307 5
    endloop
  endfacet
  facet normal 0.0484041 -0.998828 0
    outer loop
      vertex -0.784137 117.269 0
      vertex 0 117.307 5
      vertex -0.784137 117.269 5
    endloop
  endfacet
  facet normal 0.0484041 -0.998828 0
    outer loop
      vertex 0 117.307 5
      vertex -0.784137 117.269 0
      vertex 0 117.307 0
    endloop
  endfacet
  facet normal -0.0496748 0.998765 0
    outer loop
      vertex 0.784137 101.346 0
      vertex 0 101.307 5
      vertex 0.784137 101.346 5
    endloop
  endfacet
  facet normal -0.0496748 0.998765 0
    outer loop
      vertex 0 101.307 5
      vertex 0.784137 101.346 0
      vertex 0 101.307 0
    endloop
  endfacet
  facet normal -0.671404 -0.741092 0
    outer loop
      vertex 5.07515 115.491 0
      vertex 5.65685 114.964 5
      vertex 5.07515 115.491 5
    endloop
  endfacet
  facet normal -0.671404 -0.741092 -0
    outer loop
      vertex 5.65685 114.964 5
      vertex 5.07515 115.491 0
      vertex 5.65685 114.964 0
    endloop
  endfacet
  facet normal 0.741118 -0.671374 0
    outer loop
      vertex -6.18408 114.382 5
      vertex -5.65685 114.964 0
      vertex -5.65685 114.964 5
    endloop
  endfacet
  facet normal 0.741118 -0.671374 0
    outer loop
      vertex -5.65685 114.964 0
      vertex -6.18408 114.382 5
      vertex -6.18408 114.382 0
    endloop
  endfacet
  facet normal 0.426864 -0.904316 0
    outer loop
      vertex -3.77117 116.363 0
      vertex -3.06147 116.698 5
      vertex -3.77117 116.363 5
    endloop
  endfacet
  facet normal 0.426864 -0.904316 0
    outer loop
      vertex -3.06147 116.698 5
      vertex -3.77117 116.363 0
      vertex -3.06147 116.698 0
    endloop
  endfacet
  facet normal -0.904056 -0.427415 0
    outer loop
      vertex 7.39104 112.369 0
      vertex 7.05537 113.079 5
      vertex 7.05537 113.079 0
    endloop
  endfacet
  facet normal -0.904056 -0.427415 0
    outer loop
      vertex 7.05537 113.079 5
      vertex 7.39104 112.369 0
      vertex 7.39104 112.369 5
    endloop
  endfacet
  facet normal -0.33747 -0.941336 0
    outer loop
      vertex 2.32228 116.963 0
      vertex 3.06147 116.698 5
      vertex 2.32228 116.963 5
    endloop
  endfacet
  facet normal -0.33747 -0.941336 -0
    outer loop
      vertex 3.06147 116.698 5
      vertex 2.32228 116.963 0
      vertex 3.06147 116.698 0
    endloop
  endfacet
  facet normal -0.514464 -0.857512 0
    outer loop
      vertex 3.77117 116.363 0
      vertex 4.44456 115.959 5
      vertex 3.77117 116.363 5
    endloop
  endfacet
  facet normal -0.514464 -0.857512 -0
    outer loop
      vertex 4.44456 115.959 5
      vertex 3.77117 116.363 0
      vertex 4.44456 115.959 0
    endloop
  endfacet
  facet normal 0.941519 -0.336959 0
    outer loop
      vertex -7.65552 111.63 5
      vertex -7.39104 112.369 0
      vertex -7.39104 112.369 5
    endloop
  endfacet
  facet normal 0.941519 -0.336959 0
    outer loop
      vertex -7.39104 112.369 0
      vertex -7.65552 111.63 5
      vertex -7.65552 111.63 0
    endloop
  endfacet
  facet normal 0.243267 -0.969959 0
    outer loop
      vertex -2.32228 116.963 0
      vertex -1.56072 117.154 5
      vertex -2.32228 116.963 5
    endloop
  endfacet
  facet normal 0.243267 -0.969959 0
    outer loop
      vertex -1.56072 117.154 5
      vertex -2.32228 116.963 0
      vertex -1.56072 117.154 0
    endloop
  endfacet
  facet normal -0.941519 0.336959 0
    outer loop
      vertex 7.39104 106.246 0
      vertex 7.65552 106.985 5
      vertex 7.65552 106.985 0
    endloop
  endfacet
  facet normal -0.941519 0.336959 0
    outer loop
      vertex 7.65552 106.985 5
      vertex 7.39104 106.246 0
      vertex 7.39104 106.246 5
    endloop
  endfacet
  facet normal -0.970065 0.242847 0
    outer loop
      vertex 7.65552 106.985 0
      vertex 7.84628 107.747 5
      vertex 7.84628 107.747 0
    endloop
  endfacet
  facet normal -0.970065 0.242847 0
    outer loop
      vertex 7.84628 107.747 5
      vertex 7.65552 106.985 0
      vertex 7.65552 106.985 5
    endloop
  endfacet
  facet normal 0.671404 0.741092 -0
    outer loop
      vertex -5.07515 103.123 0
      vertex -5.65685 103.65 5
      vertex -5.07515 103.123 5
    endloop
  endfacet
  facet normal 0.671404 0.741092 0
    outer loop
      vertex -5.65685 103.65 5
      vertex -5.07515 103.123 0
      vertex -5.65685 103.65 0
    endloop
  endfacet
  facet normal 0.904056 0.427415 0
    outer loop
      vertex -7.05537 105.536 5
      vertex -7.39104 106.246 0
      vertex -7.39104 106.246 5
    endloop
  endfacet
  facet normal 0.904056 0.427415 0
    outer loop
      vertex -7.39104 106.246 0
      vertex -7.05537 105.536 5
      vertex -7.05537 105.536 0
    endloop
  endfacet
  facet normal -0.970065 -0.242847 0
    outer loop
      vertex 7.84628 110.868 0
      vertex 7.65552 111.63 5
      vertex 7.65552 111.63 0
    endloop
  endfacet
  facet normal -0.970065 -0.242847 0
    outer loop
      vertex 7.65552 111.63 5
      vertex 7.84628 110.868 0
      vertex 7.84628 110.868 5
    endloop
  endfacet
  facet normal -0.989187 -0.146659 0
    outer loop
      vertex 7.96148 110.091 0
      vertex 7.84628 110.868 5
      vertex 7.84628 110.868 0
    endloop
  endfacet
  facet normal -0.989187 -0.146659 0
    outer loop
      vertex 7.84628 110.868 5
      vertex 7.96148 110.091 0
      vertex 7.96148 110.091 5
    endloop
  endfacet
  facet normal -0.941519 -0.336959 0
    outer loop
      vertex 7.65552 111.63 0
      vertex 7.39104 112.369 5
      vertex 7.39104 112.369 0
    endloop
  endfacet
  facet normal -0.941519 -0.336959 0
    outer loop
      vertex 7.39104 112.369 5
      vertex 7.65552 111.63 0
      vertex 7.65552 111.63 5
    endloop
  endfacet
  facet normal -0.802939 -0.596061 0
    outer loop
      vertex 6.65176 113.752 0
      vertex 6.18408 114.382 5
      vertex 6.18408 114.382 0
    endloop
  endfacet
  facet normal -0.802939 -0.596061 0
    outer loop
      vertex 6.18408 114.382 5
      vertex 6.65176 113.752 0
      vertex 6.65176 113.752 5
    endloop
  endfacet
  facet normal -0.741118 -0.671374 0
    outer loop
      vertex 6.18408 114.382 0
      vertex 5.65685 114.964 5
      vertex 5.65685 114.964 0
    endloop
  endfacet
  facet normal -0.741118 -0.671374 0
    outer loop
      vertex 5.65685 114.964 5
      vertex 6.18408 114.382 0
      vertex 6.18408 114.382 5
    endloop
  endfacet
  facet normal -0.8576 -0.514318 0
    outer loop
      vertex 7.05537 113.079 0
      vertex 6.65176 113.752 5
      vertex 6.65176 113.752 0
    endloop
  endfacet
  facet normal -0.8576 -0.514318 0
    outer loop
      vertex 6.65176 113.752 5
      vertex 7.05537 113.079 0
      vertex 7.05537 113.079 5
    endloop
  endfacet
  facet normal -0.146487 -0.989213 0
    outer loop
      vertex 0.784137 117.269 0
      vertex 1.56072 117.154 5
      vertex 0.784137 117.269 5
    endloop
  endfacet
  facet normal -0.146487 -0.989213 -0
    outer loop
      vertex 1.56072 117.154 5
      vertex 0.784137 117.269 0
      vertex 1.56072 117.154 0
    endloop
  endfacet
  facet normal -0.243267 -0.969959 0
    outer loop
      vertex 1.56072 117.154 0
      vertex 2.32228 116.963 5
      vertex 1.56072 117.154 5
    endloop
  endfacet
  facet normal -0.243267 -0.969959 -0
    outer loop
      vertex 2.32228 116.963 5
      vertex 1.56072 117.154 0
      vertex 2.32228 116.963 0
    endloop
  endfacet
  facet normal -0.0484041 -0.998828 0
    outer loop
      vertex 0 117.307 0
      vertex 0.784137 117.269 5
      vertex 0 117.307 5
    endloop
  endfacet
  facet normal -0.0484041 -0.998828 -0
    outer loop
      vertex 0.784137 117.269 5
      vertex 0 117.307 0
      vertex 0.784137 117.269 0
    endloop
  endfacet
  facet normal -0.426864 -0.904316 0
    outer loop
      vertex 3.06147 116.698 0
      vertex 3.77117 116.363 5
      vertex 3.06147 116.698 5
    endloop
  endfacet
  facet normal -0.426864 -0.904316 -0
    outer loop
      vertex 3.77117 116.363 5
      vertex 3.06147 116.698 0
      vertex 3.77117 116.363 0
    endloop
  endfacet
  facet normal -0.595964 -0.803011 0
    outer loop
      vertex 4.44456 115.959 0
      vertex 5.07515 115.491 5
      vertex 4.44456 115.959 5
    endloop
  endfacet
  facet normal -0.595964 -0.803011 -0
    outer loop
      vertex 5.07515 115.491 5
      vertex 4.44456 115.959 0
      vertex 5.07515 115.491 0
    endloop
  endfacet
  facet normal 0.989187 -0.146659 0
    outer loop
      vertex -7.96148 110.091 5
      vertex -7.84628 110.868 0
      vertex -7.84628 110.868 5
    endloop
  endfacet
  facet normal 0.989187 -0.146659 0
    outer loop
      vertex -7.84628 110.868 0
      vertex -7.96148 110.091 5
      vertex -7.96148 110.091 0
    endloop
  endfacet
  facet normal 0.8576 -0.514318 0
    outer loop
      vertex -7.05537 113.079 5
      vertex -6.65176 113.752 0
      vertex -6.65176 113.752 5
    endloop
  endfacet
  facet normal 0.8576 -0.514318 0
    outer loop
      vertex -6.65176 113.752 0
      vertex -7.05537 113.079 5
      vertex -7.05537 113.079 0
    endloop
  endfacet
  facet normal 0.802939 -0.596061 0
    outer loop
      vertex -6.65176 113.752 5
      vertex -6.18408 114.382 0
      vertex -6.18408 114.382 5
    endloop
  endfacet
  facet normal 0.802939 -0.596061 0
    outer loop
      vertex -6.18408 114.382 0
      vertex -6.65176 113.752 5
      vertex -6.65176 113.752 0
    endloop
  endfacet
  facet normal 0.904056 -0.427415 0
    outer loop
      vertex -7.39104 112.369 5
      vertex -7.05537 113.079 0
      vertex -7.05537 113.079 5
    endloop
  endfacet
  facet normal 0.904056 -0.427415 0
    outer loop
      vertex -7.05537 113.079 0
      vertex -7.39104 112.369 5
      vertex -7.39104 112.369 0
    endloop
  endfacet
  facet normal 0.970065 -0.242847 0
    outer loop
      vertex -7.84628 110.868 5
      vertex -7.65552 111.63 0
      vertex -7.65552 111.63 5
    endloop
  endfacet
  facet normal 0.970065 -0.242847 0
    outer loop
      vertex -7.65552 111.63 0
      vertex -7.84628 110.868 5
      vertex -7.84628 110.868 0
    endloop
  endfacet
  facet normal 0.998795 -0.0490735 0
    outer loop
      vertex -8 109.307 5
      vertex -7.96148 110.091 0
      vertex -7.96148 110.091 5
    endloop
  endfacet
  facet normal 0.998795 -0.0490735 0
    outer loop
      vertex -7.96148 110.091 0
      vertex -8 109.307 5
      vertex -8 109.307 0
    endloop
  endfacet
  facet normal 0.595964 -0.803011 0
    outer loop
      vertex -5.07515 115.491 0
      vertex -4.44456 115.959 5
      vertex -5.07515 115.491 5
    endloop
  endfacet
  facet normal 0.595964 -0.803011 0
    outer loop
      vertex -4.44456 115.959 5
      vertex -5.07515 115.491 0
      vertex -4.44456 115.959 0
    endloop
  endfacet
  facet normal 0.514464 -0.857512 0
    outer loop
      vertex -4.44456 115.959 0
      vertex -3.77117 116.363 5
      vertex -4.44456 115.959 5
    endloop
  endfacet
  facet normal 0.514464 -0.857512 0
    outer loop
      vertex -3.77117 116.363 5
      vertex -4.44456 115.959 0
      vertex -3.77117 116.363 0
    endloop
  endfacet
  facet normal 0.671404 -0.741092 0
    outer loop
      vertex -5.65685 114.964 0
      vertex -5.07515 115.491 5
      vertex -5.65685 114.964 5
    endloop
  endfacet
  facet normal 0.671404 -0.741092 0
    outer loop
      vertex -5.07515 115.491 5
      vertex -5.65685 114.964 0
      vertex -5.07515 115.491 0
    endloop
  endfacet
  facet normal 0.33747 -0.941336 0
    outer loop
      vertex -3.06147 116.698 0
      vertex -2.32228 116.963 5
      vertex -3.06147 116.698 5
    endloop
  endfacet
  facet normal 0.33747 -0.941336 0
    outer loop
      vertex -2.32228 116.963 5
      vertex -3.06147 116.698 0
      vertex -2.32228 116.963 0
    endloop
  endfacet
  facet normal 0.146487 -0.989213 0
    outer loop
      vertex -1.56072 117.154 0
      vertex -0.784137 117.269 5
      vertex -1.56072 117.154 5
    endloop
  endfacet
  facet normal 0.146487 -0.989213 0
    outer loop
      vertex -0.784137 117.269 5
      vertex -1.56072 117.154 0
      vertex -0.784137 117.269 0
    endloop
  endfacet
  facet normal -0.146487 0.989213 0
    outer loop
      vertex 1.56072 101.461 0
      vertex 0.784137 101.346 5
      vertex 1.56072 101.461 5
    endloop
  endfacet
  facet normal -0.146487 0.989213 0
    outer loop
      vertex 0.784137 101.346 5
      vertex 1.56072 101.461 0
      vertex 0.784137 101.346 0
    endloop
  endfacet
  facet normal -0.33634 0.94174 0
    outer loop
      vertex 3.06147 101.916 0
      vertex 2.32228 101.652 5
      vertex 3.06147 101.916 5
    endloop
  endfacet
  facet normal -0.33634 0.94174 0
    outer loop
      vertex 2.32228 101.652 5
      vertex 3.06147 101.916 0
      vertex 2.32228 101.652 0
    endloop
  endfacet
  facet normal -0.671404 0.741092 0
    outer loop
      vertex 5.65685 103.65 0
      vertex 5.07515 103.123 5
      vertex 5.65685 103.65 5
    endloop
  endfacet
  facet normal -0.671404 0.741092 0
    outer loop
      vertex 5.07515 103.123 5
      vertex 5.65685 103.65 0
      vertex 5.07515 103.123 0
    endloop
  endfacet
  facet normal -0.514464 0.857512 0
    outer loop
      vertex 4.44456 102.656 0
      vertex 3.77117 102.252 5
      vertex 4.44456 102.656 5
    endloop
  endfacet
  facet normal -0.514464 0.857512 0
    outer loop
      vertex 3.77117 102.252 5
      vertex 4.44456 102.656 0
      vertex 3.77117 102.252 0
    endloop
  endfacet
  facet normal -0.803391 0.595452 0
    outer loop
      vertex 6.18408 104.232 0
      vertex 6.65176 104.863 5
      vertex 6.65176 104.863 0
    endloop
  endfacet
  facet normal -0.803391 0.595452 0
    outer loop
      vertex 6.65176 104.863 5
      vertex 6.18408 104.232 0
      vertex 6.18408 104.232 5
    endloop
  endfacet
  facet normal -0.904056 0.427415 0
    outer loop
      vertex 7.05537 105.536 0
      vertex 7.39104 106.246 5
      vertex 7.39104 106.246 0
    endloop
  endfacet
  facet normal -0.904056 0.427415 0
    outer loop
      vertex 7.39104 106.246 5
      vertex 7.05537 105.536 0
      vertex 7.05537 105.536 5
    endloop
  endfacet
  facet normal 0.595142 0.80362 -0
    outer loop
      vertex -4.44456 102.656 0
      vertex -5.07515 103.123 5
      vertex -4.44456 102.656 5
    endloop
  endfacet
  facet normal 0.595142 0.80362 0
    outer loop
      vertex -5.07515 103.123 5
      vertex -4.44456 102.656 0
      vertex -5.07515 103.123 0
    endloop
  endfacet
  facet normal 0.427906 0.903823 -0
    outer loop
      vertex -3.06147 101.916 0
      vertex -3.77117 102.252 5
      vertex -3.06147 101.916 5
    endloop
  endfacet
  facet normal 0.427906 0.903823 0
    outer loop
      vertex -3.77117 102.252 5
      vertex -3.06147 101.916 0
      vertex -3.77117 102.252 0
    endloop
  endfacet
  facet normal 0.243267 0.969959 -0
    outer loop
      vertex -1.56072 101.461 0
      vertex -2.32228 101.652 5
      vertex -1.56072 101.461 5
    endloop
  endfacet
  facet normal 0.243267 0.969959 0
    outer loop
      vertex -2.32228 101.652 5
      vertex -1.56072 101.461 0
      vertex -2.32228 101.652 0
    endloop
  endfacet
  facet normal 0.0496748 0.998765 -0
    outer loop
      vertex 0 101.307 0
      vertex -0.784137 101.346 5
      vertex 0 101.307 5
    endloop
  endfacet
  facet normal 0.0496748 0.998765 0
    outer loop
      vertex -0.784137 101.346 5
      vertex 0 101.307 0
      vertex -0.784137 101.346 0
    endloop
  endfacet
  facet normal 0.803391 0.595452 0
    outer loop
      vertex -6.18408 104.232 5
      vertex -6.65176 104.863 0
      vertex -6.65176 104.863 5
    endloop
  endfacet
  facet normal 0.803391 0.595452 0
    outer loop
      vertex -6.65176 104.863 0
      vertex -6.18408 104.232 5
      vertex -6.18408 104.232 0
    endloop
  endfacet
  facet normal 0.8576 0.514318 0
    outer loop
      vertex -6.65176 104.863 5
      vertex -7.05537 105.536 0
      vertex -7.05537 105.536 5
    endloop
  endfacet
  facet normal 0.8576 0.514318 0
    outer loop
      vertex -7.05537 105.536 0
      vertex -6.65176 104.863 5
      vertex -6.65176 104.863 0
    endloop
  endfacet
  facet normal 0.741118 0.671374 0
    outer loop
      vertex -5.65685 103.65 5
      vertex -6.18408 104.232 0
      vertex -6.18408 104.232 5
    endloop
  endfacet
  facet normal 0.741118 0.671374 0
    outer loop
      vertex -6.18408 104.232 0
      vertex -5.65685 103.65 5
      vertex -5.65685 103.65 0
    endloop
  endfacet
  facet normal 0.98916 0.146844 0
    outer loop
      vertex -7.84628 107.747 5
      vertex -7.96148 108.523 0
      vertex -7.96148 108.523 5
    endloop
  endfacet
  facet normal 0.98916 0.146844 0
    outer loop
      vertex -7.96148 108.523 0
      vertex -7.84628 107.747 5
      vertex -7.84628 107.747 0
    endloop
  endfacet
  facet normal 0.941519 0.336959 0
    outer loop
      vertex -7.39104 106.246 5
      vertex -7.65552 106.985 0
      vertex -7.65552 106.985 5
    endloop
  endfacet
  facet normal 0.941519 0.336959 0
    outer loop
      vertex -7.65552 106.985 0
      vertex -7.39104 106.246 5
      vertex -7.39104 106.246 0
    endloop
  endfacet
  facet normal 0.970065 0.242847 0
    outer loop
      vertex -7.65552 106.985 5
      vertex -7.84628 107.747 0
      vertex -7.84628 107.747 5
    endloop
  endfacet
  facet normal 0.970065 0.242847 0
    outer loop
      vertex -7.84628 107.747 0
      vertex -7.65552 106.985 5
      vertex -7.65552 106.985 0
    endloop
  endfacet
  facet normal 0.998795 0.0490735 0
    outer loop
      vertex -7.96148 108.523 5
      vertex -8 109.307 0
      vertex -8 109.307 5
    endloop
  endfacet
  facet normal 0.998795 0.0490735 0
    outer loop
      vertex -8 109.307 0
      vertex -7.96148 108.523 5
      vertex -7.96148 108.523 0
    endloop
  endfacet
  facet normal -0.243267 0.969959 0
    outer loop
      vertex 2.32228 101.652 0
      vertex 1.56072 101.461 5
      vertex 2.32228 101.652 5
    endloop
  endfacet
  facet normal -0.243267 0.969959 0
    outer loop
      vertex 1.56072 101.461 5
      vertex 2.32228 101.652 0
      vertex 1.56072 101.461 0
    endloop
  endfacet
  facet normal -0.427906 0.903823 0
    outer loop
      vertex 3.77117 102.252 0
      vertex 3.06147 101.916 5
      vertex 3.77117 102.252 5
    endloop
  endfacet
  facet normal -0.427906 0.903823 0
    outer loop
      vertex 3.06147 101.916 5
      vertex 3.77117 102.252 0
      vertex 3.06147 101.916 0
    endloop
  endfacet
  facet normal -0.741118 0.671374 0
    outer loop
      vertex 5.65685 103.65 0
      vertex 6.18408 104.232 5
      vertex 6.18408 104.232 0
    endloop
  endfacet
  facet normal -0.741118 0.671374 0
    outer loop
      vertex 6.18408 104.232 5
      vertex 5.65685 103.65 0
      vertex 5.65685 103.65 5
    endloop
  endfacet
  facet normal -0.595142 0.80362 0
    outer loop
      vertex 5.07515 103.123 0
      vertex 4.44456 102.656 5
      vertex 5.07515 103.123 5
    endloop
  endfacet
  facet normal -0.595142 0.80362 0
    outer loop
      vertex 4.44456 102.656 5
      vertex 5.07515 103.123 0
      vertex 4.44456 102.656 0
    endloop
  endfacet
  facet normal -0.8576 0.514318 0
    outer loop
      vertex 6.65176 104.863 0
      vertex 7.05537 105.536 5
      vertex 7.05537 105.536 0
    endloop
  endfacet
  facet normal -0.8576 0.514318 0
    outer loop
      vertex 7.05537 105.536 5
      vertex 6.65176 104.863 0
      vertex 6.65176 104.863 5
    endloop
  endfacet
  facet normal -0.98916 0.146844 0
    outer loop
      vertex 7.84628 107.747 0
      vertex 7.96148 108.523 5
      vertex 7.96148 108.523 0
    endloop
  endfacet
  facet normal -0.98916 0.146844 0
    outer loop
      vertex 7.96148 108.523 5
      vertex 7.84628 107.747 0
      vertex 7.84628 107.747 5
    endloop
  endfacet
  facet normal -0.998795 0.0490735 0
    outer loop
      vertex 7.96148 108.523 0
      vertex 8 109.307 5
      vertex 8 109.307 0
    endloop
  endfacet
  facet normal -0.998795 0.0490735 0
    outer loop
      vertex 8 109.307 5
      vertex 7.96148 108.523 0
      vertex 7.96148 108.523 5
    endloop
  endfacet
  facet normal 0.514464 0.857512 -0
    outer loop
      vertex -3.77117 102.252 0
      vertex -4.44456 102.656 5
      vertex -3.77117 102.252 5
    endloop
  endfacet
  facet normal 0.514464 0.857512 0
    outer loop
      vertex -4.44456 102.656 5
      vertex -3.77117 102.252 0
      vertex -4.44456 102.656 0
    endloop
  endfacet
  facet normal 0.33634 0.94174 -0
    outer loop
      vertex -2.32228 101.652 0
      vertex -3.06147 101.916 5
      vertex -2.32228 101.652 5
    endloop
  endfacet
  facet normal 0.33634 0.94174 0
    outer loop
      vertex -3.06147 101.916 5
      vertex -2.32228 101.652 0
      vertex -3.06147 101.916 0
    endloop
  endfacet
  facet normal 0.146487 0.989213 -0
    outer loop
      vertex -0.784137 101.346 0
      vertex -1.56072 101.461 5
      vertex -0.784137 101.346 5
    endloop
  endfacet
  facet normal 0.146487 0.989213 0
    outer loop
      vertex -1.56072 101.461 5
      vertex -0.784137 101.346 0
      vertex -1.56072 101.461 0
    endloop
  endfacet
  facet normal -0.803212 0 -0.595693
    outer loop
      vertex -8.62808 7.4 6.91669
      vertex -8.72453 12 7.04674
      vertex -8.62808 12 6.91669
    endloop
  endfacet
  facet normal -0.803212 -0 -0.595693
    outer loop
      vertex -8.72453 12 7.04674
      vertex -8.62808 7.4 6.91669
      vertex -8.72453 7.4 7.04674
    endloop
  endfacet
  facet normal -0.803212 0 -0.595693
    outer loop
      vertex -8.62808 0 6.91669
      vertex -8.72453 4.6 7.04674
      vertex -8.62808 4.6 6.91669
    endloop
  endfacet
  facet normal -0.803212 -0 -0.595693
    outer loop
      vertex -8.72453 4.6 7.04674
      vertex -8.62808 0 6.91669
      vertex -8.72453 0 7.04674
    endloop
  endfacet
  facet normal 0.740778 -0 0.67175
    outer loop
      vertex -11.2755 7.4 4.95326
      vertex -11.1667 12 4.83328
      vertex -11.2755 12 4.95326
    endloop
  endfacet
  facet normal 0.740778 0 0.67175
    outer loop
      vertex -11.1667 12 4.83328
      vertex -11.2755 7.4 4.95326
      vertex -11.1667 7.4 4.83328
    endloop
  endfacet
  facet normal 0.740778 -0 0.67175
    outer loop
      vertex -11.2755 0 4.95326
      vertex -11.1667 4.6 4.83328
      vertex -11.2755 4.6 4.95326
    endloop
  endfacet
  facet normal 0.740778 0 0.67175
    outer loop
      vertex -11.1667 4.6 4.83328
      vertex -11.2755 0 4.95326
      vertex -11.1667 0 4.83328
    endloop
  endfacet
  facet normal -0.740931 0 -0.671581
    outer loop
      vertex -8.72453 7.4 7.04674
      vertex -8.83328 12 7.16672
      vertex -8.72453 12 7.04674
    endloop
  endfacet
  facet normal -0.740931 -0 -0.671581
    outer loop
      vertex -8.83328 12 7.16672
      vertex -8.72453 7.4 7.04674
      vertex -8.83328 7.4 7.16672
    endloop
  endfacet
  facet normal -0.740931 0 -0.671581
    outer loop
      vertex -8.72453 0 7.04674
      vertex -8.83328 4.6 7.16672
      vertex -8.72453 4.6 7.04674
    endloop
  endfacet
  facet normal -0.740931 -0 -0.671581
    outer loop
      vertex -8.83328 4.6 7.16672
      vertex -8.72453 0 7.04674
      vertex -8.83328 0 7.16672
    endloop
  endfacet
  facet normal -0.671581 0 0.740931
    outer loop
      vertex -8.95326 12 4.72453
      vertex -8.83328 7.4 4.83328
      vertex -8.83328 12 4.83328
    endloop
  endfacet
  facet normal -0.671581 0 0.740931
    outer loop
      vertex -8.83328 7.4 4.83328
      vertex -8.95326 12 4.72453
      vertex -8.95326 7.4 4.72453
    endloop
  endfacet
  facet normal -0.671581 0 0.740931
    outer loop
      vertex -8.95326 4.6 4.72453
      vertex -8.83328 0 4.83328
      vertex -8.83328 4.6 4.83328
    endloop
  endfacet
  facet normal -0.671581 0 0.740931
    outer loop
      vertex -8.83328 0 4.83328
      vertex -8.95326 4.6 4.72453
      vertex -8.95326 0 4.72453
    endloop
  endfacet
  facet normal 0.707116 0 -0.707098
    outer loop
      vertex -10 7.4 8.33345
      vertex -11.1667 12 7.16672
      vertex -10 12 8.33345
    endloop
  endfacet
  facet normal 0.707116 0 -0.707098
    outer loop
      vertex -11.1667 12 7.16672
      vertex -10 7.4 8.33345
      vertex -11.1667 7.4 7.16672
    endloop
  endfacet
  facet normal 0.707116 0 -0.707098
    outer loop
      vertex -10 0 8.33345
      vertex -11.1667 4.6 7.16672
      vertex -10 4.6 8.33345
    endloop
  endfacet
  facet normal 0.707116 0 -0.707098
    outer loop
      vertex -11.1667 4.6 7.16672
      vertex -10 0 8.33345
      vertex -11.1667 0 7.16672
    endloop
  endfacet
  facet normal -0.70711 0 -0.707104
    outer loop
      vertex -8.83328 7.4 7.16672
      vertex -10 12 8.33345
      vertex -8.83328 12 7.16672
    endloop
  endfacet
  facet normal -0.70711 -0 -0.707104
    outer loop
      vertex -10 12 8.33345
      vertex -8.83328 7.4 7.16672
      vertex -10 7.4 8.33345
    endloop
  endfacet
  facet normal -0.70711 0 -0.707104
    outer loop
      vertex -8.83328 0 7.16672
      vertex -10 4.6 8.33345
      vertex -8.83328 4.6 7.16672
    endloop
  endfacet
  facet normal -0.70711 -0 -0.707104
    outer loop
      vertex -10 4.6 8.33345
      vertex -8.83328 0 7.16672
      vertex -10 0 8.33345
    endloop
  endfacet
  facet normal -0.998794 0 0.0490967
    outer loop
      vertex -8.35796 7.4 5.83827
      vertex -8.35001 12 6
      vertex -8.35796 12 5.83827
    endloop
  endfacet
  facet normal -0.998794 0 0.0490967
    outer loop
      vertex -8.35001 12 6
      vertex -8.35796 7.4 5.83827
      vertex -8.35001 7.4 6
    endloop
  endfacet
  facet normal -0.998794 0 0.0490967
    outer loop
      vertex -8.35796 0 5.83827
      vertex -8.35001 4.6 6
      vertex -8.35796 4.6 5.83827
    endloop
  endfacet
  facet normal -0.998794 0 0.0490967
    outer loop
      vertex -8.35001 4.6 6
      vertex -8.35796 0 5.83827
      vertex -8.35001 0 6
    endloop
  endfacet
  facet normal 0.0491058 0 0.998794
    outer loop
      vertex -10.1617 12 4.35796
      vertex -10 7.4 4.35001
      vertex -10 12 4.35001
    endloop
  endfacet
  facet normal 0.0491058 0 0.998794
    outer loop
      vertex -10 7.4 4.35001
      vertex -10.1617 12 4.35796
      vertex -10.1617 7.4 4.35796
    endloop
  endfacet
  facet normal 0.0491058 0 0.998794
    outer loop
      vertex -10.1617 4.6 4.35796
      vertex -10 0 4.35001
      vertex -10 4.6 4.35001
    endloop
  endfacet
  facet normal 0.0491058 0 0.998794
    outer loop
      vertex -10 0 4.35001
      vertex -10.1617 4.6 4.35796
      vertex -10.1617 0 4.35796
    endloop
  endfacet
  facet normal 0.941644 0 -0.33661
    outer loop
      vertex -11.5244 7.4 6.63142
      vertex -11.5789 12 6.47896
      vertex -11.5244 12 6.63142
    endloop
  endfacet
  facet normal 0.941644 0 -0.33661
    outer loop
      vertex -11.5789 12 6.47896
      vertex -11.5244 7.4 6.63142
      vertex -11.5789 7.4 6.47896
    endloop
  endfacet
  facet normal 0.941644 0 -0.33661
    outer loop
      vertex -11.5244 0 6.63142
      vertex -11.5789 4.6 6.47896
      vertex -11.5244 4.6 6.63142
    endloop
  endfacet
  facet normal 0.941644 0 -0.33661
    outer loop
      vertex -11.5789 4.6 6.47896
      vertex -11.5244 0 6.63142
      vertex -11.5789 0 6.47896
    endloop
  endfacet
  facet normal 0 -1 0
    outer loop
      vertex -11.1667 12 7.16672
      vertex -8.83328 12 7.16672
      vertex -10 12 8.33345
    endloop
  endfacet
  facet normal 0 -1 0
    outer loop
      vertex -11.2755 12 7.04674
      vertex -8.83328 12 7.16672
      vertex -11.1667 12 7.16672
    endloop
  endfacet
  facet normal 0 -1 0
    outer loop
      vertex -11.2755 12 7.04674
      vertex -8.72453 12 7.04674
      vertex -8.83328 12 7.16672
    endloop
  endfacet
  facet normal 0 -1 0
    outer loop
      vertex -11.3719 12 6.91669
      vertex -8.72453 12 7.04674
      vertex -11.2755 12 7.04674
    endloop
  endfacet
  facet normal 0 -1 0
    outer loop
      vertex -11.3719 12 6.91669
      vertex -8.62808 12 6.91669
      vertex -8.72453 12 7.04674
    endloop
  endfacet
  facet normal 0 -1 0
    outer loop
      vertex -11.4552 12 6.7778
      vertex -8.62808 12 6.91669
      vertex -11.3719 12 6.91669
    endloop
  endfacet
  facet normal 0 -1 0
    outer loop
      vertex -11.4552 12 6.7778
      vertex -8.54483 12 6.7778
      vertex -8.62808 12 6.91669
    endloop
  endfacet
  facet normal 0 -1 0
    outer loop
      vertex -11.5244 12 6.63142
      vertex -8.54483 12 6.7778
      vertex -11.4552 12 6.7778
    endloop
  endfacet
  facet normal 0 -1 0
    outer loop
      vertex -11.5244 12 6.63142
      vertex -8.4756 12 6.63142
      vertex -8.54483 12 6.7778
    endloop
  endfacet
  facet normal 0 -1 0
    outer loop
      vertex -11.5789 12 6.47896
      vertex -8.4756 12 6.63142
      vertex -11.5244 12 6.63142
    endloop
  endfacet
  facet normal 0 -1 0
    outer loop
      vertex -11.5789 12 6.47896
      vertex -8.42105 12 6.47896
      vertex -8.4756 12 6.63142
    endloop
  endfacet
  facet normal 0 -1 0
    outer loop
      vertex -11.6183 12 6.32188
      vertex -8.42105 12 6.47896
      vertex -11.5789 12 6.47896
    endloop
  endfacet
  facet normal 0 -1 0
    outer loop
      vertex -11.6183 12 6.32188
      vertex -8.38171 12 6.32188
      vertex -8.42105 12 6.47896
    endloop
  endfacet
  facet normal 0 -1 0
    outer loop
      vertex -11.642 12 6.16173
      vertex -8.38171 12 6.32188
      vertex -11.6183 12 6.32188
    endloop
  endfacet
  facet normal 0 -1 0
    outer loop
      vertex -11.642 12 6.16173
      vertex -8.35796 12 6.16173
      vertex -8.38171 12 6.32188
    endloop
  endfacet
  facet normal 0 -1 0
    outer loop
      vertex -11.65 12 6
      vertex -8.35796 12 6.16173
      vertex -11.642 12 6.16173
    endloop
  endfacet
  facet normal 0 -1 0
    outer loop
      vertex -11.65 12 6
      vertex -8.35001 12 6
      vertex -8.35796 12 6.16173
    endloop
  endfacet
  facet normal 0 -1 0
    outer loop
      vertex -11.642 12 5.83827
      vertex -8.35001 12 6
      vertex -11.65 12 6
    endloop
  endfacet
  facet normal 0 -1 0
    outer loop
      vertex -11.642 12 5.83827
      vertex -8.35796 12 5.83827
      vertex -8.35001 12 6
    endloop
  endfacet
  facet normal 0 -1 0
    outer loop
      vertex -11.6183 12 5.67812
      vertex -8.35796 12 5.83827
      vertex -11.642 12 5.83827
    endloop
  endfacet
  facet normal 0 -1 0
    outer loop
      vertex -11.6183 12 5.67812
      vertex -8.38171 12 5.67812
      vertex -8.35796 12 5.83827
    endloop
  endfacet
  facet normal 0 -1 0
    outer loop
      vertex -11.5789 12 5.52104
      vertex -8.38171 12 5.67812
      vertex -11.6183 12 5.67812
    endloop
  endfacet
  facet normal 0 -1 0
    outer loop
      vertex -11.5789 12 5.52104
      vertex -8.42105 12 5.52104
      vertex -8.38171 12 5.67812
    endloop
  endfacet
  facet normal 0 -1 0
    outer loop
      vertex -11.5244 12 5.36858
      vertex -8.42105 12 5.52104
      vertex -11.5789 12 5.52104
    endloop
  endfacet
  facet normal 0 -1 0
    outer loop
      vertex -11.5244 12 5.36858
      vertex -8.4756 12 5.36858
      vertex -8.42105 12 5.52104
    endloop
  endfacet
  facet normal 0 -1 0
    outer loop
      vertex -11.4552 12 5.2222
      vertex -8.4756 12 5.36858
      vertex -11.5244 12 5.36858
    endloop
  endfacet
  facet normal 0 -1 0
    outer loop
      vertex -11.4552 12 5.2222
      vertex -8.54483 12 5.2222
      vertex -8.4756 12 5.36858
    endloop
  endfacet
  facet normal 0 -1 0
    outer loop
      vertex -11.3719 12 5.08331
      vertex -8.54483 12 5.2222
      vertex -11.4552 12 5.2222
    endloop
  endfacet
  facet normal 0 -1 0
    outer loop
      vertex -11.3719 12 5.08331
      vertex -8.62808 12 5.08331
      vertex -8.54483 12 5.2222
    endloop
  endfacet
  facet normal 0 -1 0
    outer loop
      vertex -11.2755 12 4.95326
      vertex -8.62808 12 5.08331
      vertex -11.3719 12 5.08331
    endloop
  endfacet
  facet normal 0 -1 0
    outer loop
      vertex -11.2755 12 4.95326
      vertex -8.72453 12 4.95326
      vertex -8.62808 12 5.08331
    endloop
  endfacet
  facet normal 0 -1 0
    outer loop
      vertex -11.1667 12 4.83328
      vertex -8.72453 12 4.95326
      vertex -11.2755 12 4.95326
    endloop
  endfacet
  facet normal 0 -1 0
    outer loop
      vertex -11.1667 12 4.83328
      vertex -8.83328 12 4.83328
      vertex -8.72453 12 4.95326
    endloop
  endfacet
  facet normal 0 -1 0
    outer loop
      vertex -11.0467 12 4.72453
      vertex -8.83328 12 4.83328
      vertex -11.1667 12 4.83328
    endloop
  endfacet
  facet normal 0 -1 0
    outer loop
      vertex -11.0467 12 4.72453
      vertex -8.95326 12 4.72453
      vertex -8.83328 12 4.83328
    endloop
  endfacet
  facet normal 0 -1 0
    outer loop
      vertex -10.9167 12 4.62808
      vertex -8.95326 12 4.72453
      vertex -11.0467 12 4.72453
    endloop
  endfacet
  facet normal 0 -1 0
    outer loop
      vertex -10.9167 12 4.62808
      vertex -9.08331 12 4.62808
      vertex -8.95326 12 4.72453
    endloop
  endfacet
  facet normal 0 -1 0
    outer loop
      vertex -10.7778 12 4.54483
      vertex -9.08331 12 4.62808
      vertex -10.9167 12 4.62808
    endloop
  endfacet
  facet normal 0 -1 0
    outer loop
      vertex -10.7778 12 4.54483
      vertex -9.2222 12 4.54483
      vertex -9.08331 12 4.62808
    endloop
  endfacet
  facet normal 0 -1 0
    outer loop
      vertex -10.6314 12 4.4756
      vertex -9.2222 12 4.54483
      vertex -10.7778 12 4.54483
    endloop
  endfacet
  facet normal 0 -1 0
    outer loop
      vertex -10.6314 12 4.4756
      vertex -9.36858 12 4.4756
      vertex -9.2222 12 4.54483
    endloop
  endfacet
  facet normal 0 -1 0
    outer loop
      vertex -10.479 12 4.42105
      vertex -9.36858 12 4.4756
      vertex -10.6314 12 4.4756
    endloop
  endfacet
  facet normal 0 -1 0
    outer loop
      vertex -10.479 12 4.42105
      vertex -9.52104 12 4.42105
      vertex -9.36858 12 4.4756
    endloop
  endfacet
  facet normal 0 -1 0
    outer loop
      vertex -10.3219 12 4.38171
      vertex -9.52104 12 4.42105
      vertex -10.479 12 4.42105
    endloop
  endfacet
  facet normal 0 -1 0
    outer loop
      vertex -10.3219 12 4.38171
      vertex -9.67812 12 4.38171
      vertex -9.52104 12 4.42105
    endloop
  endfacet
  facet normal 0 -1 0
    outer loop
      vertex -10.1617 12 4.35796
      vertex -9.67812 12 4.38171
      vertex -10.3219 12 4.38171
    endloop
  endfacet
  facet normal 0 -1 0
    outer loop
      vertex -10.1617 12 4.35796
      vertex -9.83827 12 4.35796
      vertex -9.67812 12 4.38171
    endloop
  endfacet
  facet normal -0 -1 0
    outer loop
      vertex -9.83827 12 4.35796
      vertex -10.1617 12 4.35796
      vertex -10 12 4.35001
    endloop
  endfacet
  facet normal 0.740778 0 -0.67175
    outer loop
      vertex -11.1667 7.4 7.16672
      vertex -11.2755 12 7.04674
      vertex -11.1667 12 7.16672
    endloop
  endfacet
  facet normal 0.740778 0 -0.67175
    outer loop
      vertex -11.2755 12 7.04674
      vertex -11.1667 7.4 7.16672
      vertex -11.2755 7.4 7.04674
    endloop
  endfacet
  facet normal 0.740778 0 -0.67175
    outer loop
      vertex -11.1667 0 7.16672
      vertex -11.2755 4.6 7.04674
      vertex -11.1667 4.6 7.16672
    endloop
  endfacet
  facet normal 0.740778 0 -0.67175
    outer loop
      vertex -11.2755 4.6 7.04674
      vertex -11.1667 0 7.16672
      vertex -11.2755 0 7.04674
    endloop
  endfacet
  facet normal 0.80336 0 -0.595493
    outer loop
      vertex -11.2755 7.4 7.04674
      vertex -11.3719 12 6.91669
      vertex -11.2755 12 7.04674
    endloop
  endfacet
  facet normal 0.80336 0 -0.595493
    outer loop
      vertex -11.3719 12 6.91669
      vertex -11.2755 7.4 7.04674
      vertex -11.3719 7.4 6.91669
    endloop
  endfacet
  facet normal 0.80336 0 -0.595493
    outer loop
      vertex -11.2755 0 7.04674
      vertex -11.3719 4.6 6.91669
      vertex -11.2755 4.6 7.04674
    endloop
  endfacet
  facet normal 0.80336 0 -0.595493
    outer loop
      vertex -11.3719 4.6 6.91669
      vertex -11.2755 0 7.04674
      vertex -11.3719 0 6.91669
    endloop
  endfacet
  facet normal 0.904067 0 -0.427391
    outer loop
      vertex -11.4552 7.4 6.7778
      vertex -11.5244 12 6.63142
      vertex -11.4552 12 6.7778
    endloop
  endfacet
  facet normal 0.904067 0 -0.427391
    outer loop
      vertex -11.5244 12 6.63142
      vertex -11.4552 7.4 6.7778
      vertex -11.5244 7.4 6.63142
    endloop
  endfacet
  facet normal 0.904067 0 -0.427391
    outer loop
      vertex -11.4552 0 6.7778
      vertex -11.5244 4.6 6.63142
      vertex -11.4552 4.6 6.7778
    endloop
  endfacet
  facet normal 0.904067 0 -0.427391
    outer loop
      vertex -11.5244 4.6 6.63142
      vertex -11.4552 0 6.7778
      vertex -11.5244 0 6.63142
    endloop
  endfacet
  facet normal 0.337002 0 0.941504
    outer loop
      vertex -10.6314 12 4.4756
      vertex -10.479 7.4 4.42105
      vertex -10.479 12 4.42105
    endloop
  endfacet
  facet normal 0.337002 0 0.941504
    outer loop
      vertex -10.479 7.4 4.42105
      vertex -10.6314 12 4.4756
      vertex -10.6314 7.4 4.4756
    endloop
  endfacet
  facet normal 0.337002 0 0.941504
    outer loop
      vertex -10.6314 4.6 4.4756
      vertex -10.479 0 4.42105
      vertex -10.479 4.6 4.42105
    endloop
  endfacet
  facet normal 0.337002 0 0.941504
    outer loop
      vertex -10.479 0 4.42105
      vertex -10.6314 4.6 4.4756
      vertex -10.6314 0 4.4756
    endloop
  endfacet
  facet normal -0.427542 0 0.903995
    outer loop
      vertex -9.36858 12 4.4756
      vertex -9.2222 7.4 4.54483
      vertex -9.2222 12 4.54483
    endloop
  endfacet
  facet normal -0.427542 0 0.903995
    outer loop
      vertex -9.2222 7.4 4.54483
      vertex -9.36858 12 4.4756
      vertex -9.36858 7.4 4.4756
    endloop
  endfacet
  facet normal -0.427542 0 0.903995
    outer loop
      vertex -9.36858 4.6 4.4756
      vertex -9.2222 0 4.54483
      vertex -9.2222 4.6 4.54483
    endloop
  endfacet
  facet normal -0.427542 0 0.903995
    outer loop
      vertex -9.2222 0 4.54483
      vertex -9.36858 4.6 4.4756
      vertex -9.36858 0 4.4756
    endloop
  endfacet
  facet normal 0.242913 0 0.970048
    outer loop
      vertex -10.479 12 4.42105
      vertex -10.3219 7.4 4.38171
      vertex -10.3219 12 4.38171
    endloop
  endfacet
  facet normal 0.242913 0 0.970048
    outer loop
      vertex -10.3219 7.4 4.38171
      vertex -10.479 12 4.42105
      vertex -10.479 7.4 4.42105
    endloop
  endfacet
  facet normal 0.242913 0 0.970048
    outer loop
      vertex -10.479 4.6 4.42105
      vertex -10.3219 0 4.38171
      vertex -10.3219 4.6 4.38171
    endloop
  endfacet
  facet normal 0.242913 0 0.970048
    outer loop
      vertex -10.3219 0 4.38171
      vertex -10.479 4.6 4.42105
      vertex -10.479 0 4.42105
    endloop
  endfacet
  facet normal -0.941546 0 0.336884
    outer loop
      vertex -8.4756 7.4 5.36858
      vertex -8.42105 12 5.52104
      vertex -8.4756 12 5.36858
    endloop
  endfacet
  facet normal -0.941546 0 0.336884
    outer loop
      vertex -8.42105 12 5.52104
      vertex -8.4756 7.4 5.36858
      vertex -8.42105 7.4 5.52104
    endloop
  endfacet
  facet normal -0.941546 0 0.336884
    outer loop
      vertex -8.4756 0 5.36858
      vertex -8.42105 4.6 5.52104
      vertex -8.4756 4.6 5.36858
    endloop
  endfacet
  facet normal -0.941546 0 0.336884
    outer loop
      vertex -8.42105 4.6 5.52104
      vertex -8.4756 0 5.36858
      vertex -8.42105 0 5.52104
    endloop
  endfacet
  facet normal -0.970041 0 0.242942
    outer loop
      vertex -8.42105 7.4 5.52104
      vertex -8.38171 12 5.67812
      vertex -8.42105 12 5.52104
    endloop
  endfacet
  facet normal -0.970041 0 0.242942
    outer loop
      vertex -8.38171 12 5.67812
      vertex -8.42105 7.4 5.52104
      vertex -8.38171 7.4 5.67812
    endloop
  endfacet
  facet normal -0.970041 0 0.242942
    outer loop
      vertex -8.42105 0 5.52104
      vertex -8.38171 4.6 5.67812
      vertex -8.42105 4.6 5.52104
    endloop
  endfacet
  facet normal -0.970041 0 0.242942
    outer loop
      vertex -8.38171 4.6 5.67812
      vertex -8.42105 0 5.52104
      vertex -8.38171 0 5.67812
    endloop
  endfacet
  facet normal -0.857722 0 -0.514114
    outer loop
      vertex -8.54483 7.4 6.7778
      vertex -8.62808 12 6.91669
      vertex -8.54483 12 6.7778
    endloop
  endfacet
  facet normal -0.857722 -0 -0.514114
    outer loop
      vertex -8.62808 12 6.91669
      vertex -8.54483 7.4 6.7778
      vertex -8.62808 7.4 6.91669
    endloop
  endfacet
  facet normal -0.857722 0 -0.514114
    outer loop
      vertex -8.54483 0 6.7778
      vertex -8.62808 4.6 6.91669
      vertex -8.54483 4.6 6.7778
    endloop
  endfacet
  facet normal -0.857722 -0 -0.514114
    outer loop
      vertex -8.62808 4.6 6.91669
      vertex -8.54483 0 6.7778
      vertex -8.62808 0 6.91669
    endloop
  endfacet
  facet normal 0.904067 -0 0.427391
    outer loop
      vertex -11.5244 7.4 5.36858
      vertex -11.4552 12 5.2222
      vertex -11.5244 12 5.36858
    endloop
  endfacet
  facet normal 0.904067 0 0.427391
    outer loop
      vertex -11.4552 12 5.2222
      vertex -11.5244 7.4 5.36858
      vertex -11.4552 7.4 5.2222
    endloop
  endfacet
  facet normal 0.904067 -0 0.427391
    outer loop
      vertex -11.5244 0 5.36858
      vertex -11.4552 4.6 5.2222
      vertex -11.5244 4.6 5.36858
    endloop
  endfacet
  facet normal 0.904067 0 0.427391
    outer loop
      vertex -11.4552 4.6 5.2222
      vertex -11.5244 0 5.36858
      vertex -11.4552 0 5.2222
    endloop
  endfacet
  facet normal 0.969953 -0 0.243291
    outer loop
      vertex -11.6183 7.4 5.67812
      vertex -11.5789 12 5.52104
      vertex -11.6183 12 5.67812
    endloop
  endfacet
  facet normal 0.969953 0 0.243291
    outer loop
      vertex -11.5789 12 5.52104
      vertex -11.6183 7.4 5.67812
      vertex -11.5789 7.4 5.52104
    endloop
  endfacet
  facet normal 0.969953 -0 0.243291
    outer loop
      vertex -11.6183 0 5.67812
      vertex -11.5789 4.6 5.52104
      vertex -11.6183 4.6 5.67812
    endloop
  endfacet
  facet normal 0.969953 0 0.243291
    outer loop
      vertex -11.5789 4.6 5.52104
      vertex -11.6183 0 5.67812
      vertex -11.5789 0 5.52104
    endloop
  endfacet
  facet normal 0.998779 -0 0.0494048
    outer loop
      vertex -11.65 7.4 6
      vertex -11.642 12 5.83827
      vertex -11.65 12 6
    endloop
  endfacet
  facet normal 0.998779 0 0.0494048
    outer loop
      vertex -11.642 12 5.83827
      vertex -11.65 7.4 6
      vertex -11.642 7.4 5.83827
    endloop
  endfacet
  facet normal 0.998779 -0 0.0494048
    outer loop
      vertex -11.65 0 6
      vertex -11.642 4.6 5.83827
      vertex -11.65 4.6 6
    endloop
  endfacet
  facet normal 0.998779 0 0.0494048
    outer loop
      vertex -11.642 4.6 5.83827
      vertex -11.65 0 6
      vertex -11.642 0 5.83827
    endloop
  endfacet
  facet normal 0.857586 0 -0.514341
    outer loop
      vertex -11.3719 7.4 6.91669
      vertex -11.4552 12 6.7778
      vertex -11.3719 12 6.91669
    endloop
  endfacet
  facet normal 0.857586 0 -0.514341
    outer loop
      vertex -11.4552 12 6.7778
      vertex -11.3719 7.4 6.91669
      vertex -11.4552 7.4 6.7778
    endloop
  endfacet
  facet normal 0.857586 0 -0.514341
    outer loop
      vertex -11.3719 0 6.91669
      vertex -11.4552 4.6 6.7778
      vertex -11.3719 4.6 6.91669
    endloop
  endfacet
  facet normal 0.857586 0 -0.514341
    outer loop
      vertex -11.4552 4.6 6.7778
      vertex -11.3719 0 6.91669
      vertex -11.4552 0 6.7778
    endloop
  endfacet
  facet normal 0.59584 0 0.803103
    outer loop
      vertex -11.0467 12 4.72453
      vertex -10.9167 7.4 4.62808
      vertex -10.9167 12 4.62808
    endloop
  endfacet
  facet normal 0.59584 0 0.803103
    outer loop
      vertex -10.9167 7.4 4.62808
      vertex -11.0467 12 4.72453
      vertex -11.0467 7.4 4.72453
    endloop
  endfacet
  facet normal 0.59584 0 0.803103
    outer loop
      vertex -11.0467 4.6 4.72453
      vertex -10.9167 0 4.62808
      vertex -10.9167 4.6 4.62808
    endloop
  endfacet
  facet normal 0.59584 0 0.803103
    outer loop
      vertex -10.9167 0 4.62808
      vertex -11.0467 4.6 4.72453
      vertex -11.0467 0 4.72453
    endloop
  endfacet
  facet normal -0.514114 0 0.857722
    outer loop
      vertex -9.2222 12 4.54483
      vertex -9.08331 7.4 4.62808
      vertex -9.08331 12 4.62808
    endloop
  endfacet
  facet normal -0.514114 0 0.857722
    outer loop
      vertex -9.08331 7.4 4.62808
      vertex -9.2222 12 4.54483
      vertex -9.2222 7.4 4.54483
    endloop
  endfacet
  facet normal -0.514114 0 0.857722
    outer loop
      vertex -9.2222 4.6 4.54483
      vertex -9.08331 0 4.62808
      vertex -9.08331 4.6 4.62808
    endloop
  endfacet
  facet normal -0.514114 0 0.857722
    outer loop
      vertex -9.08331 0 4.62808
      vertex -9.2222 4.6 4.54483
      vertex -9.2222 0 4.54483
    endloop
  endfacet
  facet normal -0.595693 0 0.803212
    outer loop
      vertex -9.08331 12 4.62808
      vertex -8.95326 7.4 4.72453
      vertex -8.95326 12 4.72453
    endloop
  endfacet
  facet normal -0.595693 0 0.803212
    outer loop
      vertex -8.95326 7.4 4.72453
      vertex -9.08331 12 4.62808
      vertex -9.08331 7.4 4.62808
    endloop
  endfacet
  facet normal -0.595693 0 0.803212
    outer loop
      vertex -9.08331 4.6 4.62808
      vertex -8.95326 0 4.72453
      vertex -8.95326 4.6 4.72453
    endloop
  endfacet
  facet normal -0.595693 0 0.803212
    outer loop
      vertex -8.95326 0 4.72453
      vertex -9.08331 4.6 4.62808
      vertex -9.08331 0 4.62808
    endloop
  endfacet
  facet normal -0.336884 0 0.941546
    outer loop
      vertex -9.52104 12 4.42105
      vertex -9.36858 7.4 4.4756
      vertex -9.36858 12 4.4756
    endloop
  endfacet
  facet normal -0.336884 0 0.941546
    outer loop
      vertex -9.36858 7.4 4.4756
      vertex -9.52104 12 4.42105
      vertex -9.52104 7.4 4.42105
    endloop
  endfacet
  facet normal -0.336884 0 0.941546
    outer loop
      vertex -9.52104 4.6 4.42105
      vertex -9.36858 0 4.4756
      vertex -9.36858 4.6 4.4756
    endloop
  endfacet
  facet normal -0.336884 0 0.941546
    outer loop
      vertex -9.36858 0 4.4756
      vertex -9.52104 4.6 4.42105
      vertex -9.52104 0 4.42105
    endloop
  endfacet
  facet normal -0.242942 0 0.970041
    outer loop
      vertex -9.67812 12 4.38171
      vertex -9.52104 7.4 4.42105
      vertex -9.52104 12 4.42105
    endloop
  endfacet
  facet normal -0.242942 0 0.970041
    outer loop
      vertex -9.52104 7.4 4.42105
      vertex -9.67812 12 4.38171
      vertex -9.67812 7.4 4.38171
    endloop
  endfacet
  facet normal -0.242942 0 0.970041
    outer loop
      vertex -9.67812 4.6 4.38171
      vertex -9.52104 0 4.42105
      vertex -9.52104 4.6 4.42105
    endloop
  endfacet
  facet normal -0.242942 0 0.970041
    outer loop
      vertex -9.52104 0 4.42105
      vertex -9.67812 4.6 4.38171
      vertex -9.67812 0 4.38171
    endloop
  endfacet
  facet normal -0.0490967 0 0.998794
    outer loop
      vertex -10 12 4.35001
      vertex -9.83827 7.4 4.35796
      vertex -9.83827 12 4.35796
    endloop
  endfacet
  facet normal -0.0490967 0 0.998794
    outer loop
      vertex -9.83827 7.4 4.35796
      vertex -10 12 4.35001
      vertex -10 7.4 4.35001
    endloop
  endfacet
  facet normal -0.0490967 0 0.998794
    outer loop
      vertex -10 4.6 4.35001
      vertex -9.83827 0 4.35796
      vertex -9.83827 4.6 4.35796
    endloop
  endfacet
  facet normal -0.0490967 0 0.998794
    outer loop
      vertex -9.83827 0 4.35796
      vertex -10 4.6 4.35001
      vertex -10 0 4.35001
    endloop
  endfacet
  facet normal -0.146694 0 0.989182
    outer loop
      vertex -9.83827 12 4.35796
      vertex -9.67812 7.4 4.38171
      vertex -9.67812 12 4.38171
    endloop
  endfacet
  facet normal -0.146694 0 0.989182
    outer loop
      vertex -9.67812 7.4 4.38171
      vertex -9.83827 12 4.35796
      vertex -9.83827 7.4 4.35796
    endloop
  endfacet
  facet normal -0.146694 0 0.989182
    outer loop
      vertex -9.83827 4.6 4.35796
      vertex -9.67812 0 4.38171
      vertex -9.67812 4.6 4.38171
    endloop
  endfacet
  facet normal -0.146694 0 0.989182
    outer loop
      vertex -9.67812 0 4.38171
      vertex -9.83827 4.6 4.35796
      vertex -9.83827 0 4.35796
    endloop
  endfacet
  facet normal 0.427494 0 0.904018
    outer loop
      vertex -10.7778 12 4.54483
      vertex -10.6314 7.4 4.4756
      vertex -10.6314 12 4.4756
    endloop
  endfacet
  facet normal 0.427494 0 0.904018
    outer loop
      vertex -10.6314 7.4 4.4756
      vertex -10.7778 12 4.54483
      vertex -10.7778 7.4 4.54483
    endloop
  endfacet
  facet normal 0.427494 0 0.904018
    outer loop
      vertex -10.7778 4.6 4.54483
      vertex -10.6314 0 4.4756
      vertex -10.6314 4.6 4.4756
    endloop
  endfacet
  facet normal 0.427494 0 0.904018
    outer loop
      vertex -10.6314 0 4.4756
      vertex -10.7778 4.6 4.54483
      vertex -10.7778 0 4.54483
    endloop
  endfacet
  facet normal 0.514087 0 0.857738
    outer loop
      vertex -10.9167 12 4.62808
      vertex -10.7778 7.4 4.54483
      vertex -10.7778 12 4.54483
    endloop
  endfacet
  facet normal 0.514087 0 0.857738
    outer loop
      vertex -10.7778 7.4 4.54483
      vertex -10.9167 12 4.62808
      vertex -10.9167 7.4 4.62808
    endloop
  endfacet
  facet normal 0.514087 0 0.857738
    outer loop
      vertex -10.9167 4.6 4.62808
      vertex -10.7778 0 4.54483
      vertex -10.7778 4.6 4.54483
    endloop
  endfacet
  facet normal 0.514087 0 0.857738
    outer loop
      vertex -10.7778 0 4.54483
      vertex -10.9167 4.6 4.62808
      vertex -10.9167 0 4.62808
    endloop
  endfacet
  facet normal 0.671519 0 0.740987
    outer loop
      vertex -11.1667 12 4.83328
      vertex -11.0467 7.4 4.72453
      vertex -11.0467 12 4.72453
    endloop
  endfacet
  facet normal 0.671519 0 0.740987
    outer loop
      vertex -11.0467 7.4 4.72453
      vertex -11.1667 12 4.83328
      vertex -11.1667 7.4 4.83328
    endloop
  endfacet
  facet normal 0.671519 0 0.740987
    outer loop
      vertex -11.1667 4.6 4.83328
      vertex -11.0467 0 4.72453
      vertex -11.0467 4.6 4.72453
    endloop
  endfacet
  facet normal 0.671519 0 0.740987
    outer loop
      vertex -11.0467 0 4.72453
      vertex -11.1667 4.6 4.83328
      vertex -11.1667 0 4.83328
    endloop
  endfacet
  facet normal -0.803212 0 0.595693
    outer loop
      vertex -8.72453 7.4 4.95326
      vertex -8.62808 12 5.08331
      vertex -8.72453 12 4.95326
    endloop
  endfacet
  facet normal -0.803212 0 0.595693
    outer loop
      vertex -8.62808 12 5.08331
      vertex -8.72453 7.4 4.95326
      vertex -8.62808 7.4 5.08331
    endloop
  endfacet
  facet normal -0.803212 0 0.595693
    outer loop
      vertex -8.72453 0 4.95326
      vertex -8.62808 4.6 5.08331
      vertex -8.72453 4.6 4.95326
    endloop
  endfacet
  facet normal -0.803212 0 0.595693
    outer loop
      vertex -8.62808 4.6 5.08331
      vertex -8.72453 0 4.95326
      vertex -8.62808 0 5.08331
    endloop
  endfacet
  facet normal -0.903995 0 0.427542
    outer loop
      vertex -8.54483 7.4 5.2222
      vertex -8.4756 12 5.36858
      vertex -8.54483 12 5.2222
    endloop
  endfacet
  facet normal -0.903995 0 0.427542
    outer loop
      vertex -8.4756 12 5.36858
      vertex -8.54483 7.4 5.2222
      vertex -8.4756 7.4 5.36858
    endloop
  endfacet
  facet normal -0.903995 0 0.427542
    outer loop
      vertex -8.54483 0 5.2222
      vertex -8.4756 4.6 5.36858
      vertex -8.54483 4.6 5.2222
    endloop
  endfacet
  facet normal -0.903995 0 0.427542
    outer loop
      vertex -8.4756 4.6 5.36858
      vertex -8.54483 0 5.2222
      vertex -8.4756 0 5.36858
    endloop
  endfacet
  facet normal -0.740931 0 0.671581
    outer loop
      vertex -8.83328 7.4 4.83328
      vertex -8.72453 12 4.95326
      vertex -8.83328 12 4.83328
    endloop
  endfacet
  facet normal -0.740931 0 0.671581
    outer loop
      vertex -8.72453 12 4.95326
      vertex -8.83328 7.4 4.83328
      vertex -8.72453 7.4 4.95326
    endloop
  endfacet
  facet normal -0.740931 0 0.671581
    outer loop
      vertex -8.83328 0 4.83328
      vertex -8.72453 4.6 4.95326
      vertex -8.83328 4.6 4.83328
    endloop
  endfacet
  facet normal -0.740931 0 0.671581
    outer loop
      vertex -8.72453 4.6 4.95326
      vertex -8.83328 0 4.83328
      vertex -8.72453 0 4.95326
    endloop
  endfacet
  facet normal -0.989182 0 -0.146694
    outer loop
      vertex -8.35796 7.4 6.16173
      vertex -8.38171 12 6.32188
      vertex -8.35796 12 6.16173
    endloop
  endfacet
  facet normal -0.989182 -0 -0.146694
    outer loop
      vertex -8.38171 12 6.32188
      vertex -8.35796 7.4 6.16173
      vertex -8.38171 7.4 6.32188
    endloop
  endfacet
  facet normal -0.989182 0 -0.146694
    outer loop
      vertex -8.35796 0 6.16173
      vertex -8.38171 4.6 6.32188
      vertex -8.35796 4.6 6.16173
    endloop
  endfacet
  facet normal -0.989182 -0 -0.146694
    outer loop
      vertex -8.38171 4.6 6.32188
      vertex -8.35796 0 6.16173
      vertex -8.38171 0 6.32188
    endloop
  endfacet
  facet normal -0.970041 0 -0.242942
    outer loop
      vertex -8.38171 7.4 6.32188
      vertex -8.42105 12 6.47896
      vertex -8.38171 12 6.32188
    endloop
  endfacet
  facet normal -0.970041 -0 -0.242942
    outer loop
      vertex -8.42105 12 6.47896
      vertex -8.38171 7.4 6.32188
      vertex -8.42105 7.4 6.47896
    endloop
  endfacet
  facet normal -0.970041 0 -0.242942
    outer loop
      vertex -8.38171 0 6.32188
      vertex -8.42105 4.6 6.47896
      vertex -8.38171 4.6 6.32188
    endloop
  endfacet
  facet normal -0.970041 -0 -0.242942
    outer loop
      vertex -8.42105 4.6 6.47896
      vertex -8.38171 0 6.32188
      vertex -8.42105 0 6.47896
    endloop
  endfacet
  facet normal -0.998794 0 -0.0490967
    outer loop
      vertex -8.35001 7.4 6
      vertex -8.35796 12 6.16173
      vertex -8.35001 12 6
    endloop
  endfacet
  facet normal -0.998794 -0 -0.0490967
    outer loop
      vertex -8.35796 12 6.16173
      vertex -8.35001 7.4 6
      vertex -8.35796 7.4 6.16173
    endloop
  endfacet
  facet normal -0.998794 0 -0.0490967
    outer loop
      vertex -8.35001 0 6
      vertex -8.35796 4.6 6.16173
      vertex -8.35001 4.6 6
    endloop
  endfacet
  facet normal -0.998794 -0 -0.0490967
    outer loop
      vertex -8.35796 4.6 6.16173
      vertex -8.35001 0 6
      vertex -8.35796 0 6.16173
    endloop
  endfacet
  facet normal -0.903995 0 -0.427542
    outer loop
      vertex -8.4756 7.4 6.63142
      vertex -8.54483 12 6.7778
      vertex -8.4756 12 6.63142
    endloop
  endfacet
  facet normal -0.903995 -0 -0.427542
    outer loop
      vertex -8.54483 12 6.7778
      vertex -8.4756 7.4 6.63142
      vertex -8.54483 7.4 6.7778
    endloop
  endfacet
  facet normal -0.903995 0 -0.427542
    outer loop
      vertex -8.4756 0 6.63142
      vertex -8.54483 4.6 6.7778
      vertex -8.4756 4.6 6.63142
    endloop
  endfacet
  facet normal -0.903995 -0 -0.427542
    outer loop
      vertex -8.54483 4.6 6.7778
      vertex -8.4756 0 6.63142
      vertex -8.54483 0 6.7778
    endloop
  endfacet
  facet normal -0.941546 0 -0.336884
    outer loop
      vertex -8.42105 7.4 6.47896
      vertex -8.4756 12 6.63142
      vertex -8.42105 12 6.47896
    endloop
  endfacet
  facet normal -0.941546 -0 -0.336884
    outer loop
      vertex -8.4756 12 6.63142
      vertex -8.42105 7.4 6.47896
      vertex -8.4756 7.4 6.63142
    endloop
  endfacet
  facet normal -0.941546 0 -0.336884
    outer loop
      vertex -8.42105 0 6.47896
      vertex -8.4756 4.6 6.63142
      vertex -8.42105 4.6 6.47896
    endloop
  endfacet
  facet normal -0.941546 -0 -0.336884
    outer loop
      vertex -8.4756 4.6 6.63142
      vertex -8.42105 0 6.47896
      vertex -8.4756 0 6.63142
    endloop
  endfacet
  facet normal 0.857586 -0 0.514341
    outer loop
      vertex -11.4552 7.4 5.2222
      vertex -11.3719 12 5.08331
      vertex -11.4552 12 5.2222
    endloop
  endfacet
  facet normal 0.857586 0 0.514341
    outer loop
      vertex -11.3719 12 5.08331
      vertex -11.4552 7.4 5.2222
      vertex -11.3719 7.4 5.08331
    endloop
  endfacet
  facet normal 0.857586 -0 0.514341
    outer loop
      vertex -11.4552 0 5.2222
      vertex -11.3719 4.6 5.08331
      vertex -11.4552 4.6 5.2222
    endloop
  endfacet
  facet normal 0.857586 0 0.514341
    outer loop
      vertex -11.3719 4.6 5.08331
      vertex -11.4552 0 5.2222
      vertex -11.3719 0 5.08331
    endloop
  endfacet
  facet normal 0.80336 -0 0.595493
    outer loop
      vertex -11.3719 7.4 5.08331
      vertex -11.2755 12 4.95326
      vertex -11.3719 12 5.08331
    endloop
  endfacet
  facet normal 0.80336 0 0.595493
    outer loop
      vertex -11.2755 12 4.95326
      vertex -11.3719 7.4 5.08331
      vertex -11.2755 7.4 4.95326
    endloop
  endfacet
  facet normal 0.80336 -0 0.595493
    outer loop
      vertex -11.3719 0 5.08331
      vertex -11.2755 4.6 4.95326
      vertex -11.3719 4.6 5.08331
    endloop
  endfacet
  facet normal 0.80336 0 0.595493
    outer loop
      vertex -11.2755 4.6 4.95326
      vertex -11.3719 0 5.08331
      vertex -11.2755 0 4.95326
    endloop
  endfacet
  facet normal 0.989227 -0 0.146392
    outer loop
      vertex -11.642 7.4 5.83827
      vertex -11.6183 12 5.67812
      vertex -11.642 12 5.83827
    endloop
  endfacet
  facet normal 0.989227 0 0.146392
    outer loop
      vertex -11.6183 12 5.67812
      vertex -11.642 7.4 5.83827
      vertex -11.6183 7.4 5.67812
    endloop
  endfacet
  facet normal 0.989227 -0 0.146392
    outer loop
      vertex -11.642 0 5.83827
      vertex -11.6183 4.6 5.67812
      vertex -11.642 4.6 5.83827
    endloop
  endfacet
  facet normal 0.989227 0 0.146392
    outer loop
      vertex -11.6183 4.6 5.67812
      vertex -11.642 0 5.83827
      vertex -11.6183 0 5.67812
    endloop
  endfacet
  facet normal 0.941644 -0 0.33661
    outer loop
      vertex -11.5789 7.4 5.52104
      vertex -11.5244 12 5.36858
      vertex -11.5789 12 5.52104
    endloop
  endfacet
  facet normal 0.941644 0 0.33661
    outer loop
      vertex -11.5244 12 5.36858
      vertex -11.5789 7.4 5.52104
      vertex -11.5244 7.4 5.36858
    endloop
  endfacet
  facet normal 0.941644 -0 0.33661
    outer loop
      vertex -11.5789 0 5.52104
      vertex -11.5244 4.6 5.36858
      vertex -11.5789 4.6 5.52104
    endloop
  endfacet
  facet normal 0.941644 0 0.33661
    outer loop
      vertex -11.5244 4.6 5.36858
      vertex -11.5789 0 5.52104
      vertex -11.5244 0 5.36858
    endloop
  endfacet
  facet normal 0.989227 0 -0.146392
    outer loop
      vertex -11.6183 7.4 6.32188
      vertex -11.642 12 6.16173
      vertex -11.6183 12 6.32188
    endloop
  endfacet
  facet normal 0.989227 0 -0.146392
    outer loop
      vertex -11.642 12 6.16173
      vertex -11.6183 7.4 6.32188
      vertex -11.642 7.4 6.16173
    endloop
  endfacet
  facet normal 0.989227 0 -0.146392
    outer loop
      vertex -11.6183 0 6.32188
      vertex -11.642 4.6 6.16173
      vertex -11.6183 4.6 6.32188
    endloop
  endfacet
  facet normal 0.989227 0 -0.146392
    outer loop
      vertex -11.642 4.6 6.16173
      vertex -11.6183 0 6.32188
      vertex -11.642 0 6.16173
    endloop
  endfacet
  facet normal 0.998779 0 -0.0494048
    outer loop
      vertex -11.642 7.4 6.16173
      vertex -11.65 12 6
      vertex -11.642 12 6.16173
    endloop
  endfacet
  facet normal 0.998779 0 -0.0494048
    outer loop
      vertex -11.65 12 6
      vertex -11.642 7.4 6.16173
      vertex -11.65 7.4 6
    endloop
  endfacet
  facet normal 0.998779 0 -0.0494048
    outer loop
      vertex -11.642 0 6.16173
      vertex -11.65 4.6 6
      vertex -11.642 4.6 6.16173
    endloop
  endfacet
  facet normal 0.998779 0 -0.0494048
    outer loop
      vertex -11.65 4.6 6
      vertex -11.642 0 6.16173
      vertex -11.65 0 6
    endloop
  endfacet
  facet normal 0.146649 0 0.989189
    outer loop
      vertex -10.3219 12 4.38171
      vertex -10.1617 7.4 4.35796
      vertex -10.1617 12 4.35796
    endloop
  endfacet
  facet normal 0.146649 0 0.989189
    outer loop
      vertex -10.1617 7.4 4.35796
      vertex -10.3219 12 4.38171
      vertex -10.3219 7.4 4.38171
    endloop
  endfacet
  facet normal 0.146649 0 0.989189
    outer loop
      vertex -10.3219 4.6 4.38171
      vertex -10.1617 0 4.35796
      vertex -10.1617 4.6 4.35796
    endloop
  endfacet
  facet normal 0.146649 0 0.989189
    outer loop
      vertex -10.1617 0 4.35796
      vertex -10.3219 4.6 4.38171
      vertex -10.3219 0 4.38171
    endloop
  endfacet
  facet normal -0.989182 0 0.146694
    outer loop
      vertex -8.38171 7.4 5.67812
      vertex -8.35796 12 5.83827
      vertex -8.38171 12 5.67812
    endloop
  endfacet
  facet normal -0.989182 0 0.146694
    outer loop
      vertex -8.35796 12 5.83827
      vertex -8.38171 7.4 5.67812
      vertex -8.35796 7.4 5.83827
    endloop
  endfacet
  facet normal -0.989182 0 0.146694
    outer loop
      vertex -8.38171 0 5.67812
      vertex -8.35796 4.6 5.83827
      vertex -8.38171 4.6 5.67812
    endloop
  endfacet
  facet normal -0.989182 0 0.146694
    outer loop
      vertex -8.35796 4.6 5.83827
      vertex -8.38171 0 5.67812
      vertex -8.35796 0 5.83827
    endloop
  endfacet
  facet normal -0.857722 0 0.514114
    outer loop
      vertex -8.62808 7.4 5.08331
      vertex -8.54483 12 5.2222
      vertex -8.62808 12 5.08331
    endloop
  endfacet
  facet normal -0.857722 0 0.514114
    outer loop
      vertex -8.54483 12 5.2222
      vertex -8.62808 7.4 5.08331
      vertex -8.54483 7.4 5.2222
    endloop
  endfacet
  facet normal -0.857722 0 0.514114
    outer loop
      vertex -8.62808 0 5.08331
      vertex -8.54483 4.6 5.2222
      vertex -8.62808 4.6 5.08331
    endloop
  endfacet
  facet normal -0.857722 0 0.514114
    outer loop
      vertex -8.54483 4.6 5.2222
      vertex -8.62808 0 5.08331
      vertex -8.54483 0 5.2222
    endloop
  endfacet
  facet normal 0.969953 0 -0.243291
    outer loop
      vertex -11.5789 7.4 6.47896
      vertex -11.6183 12 6.32188
      vertex -11.5789 12 6.47896
    endloop
  endfacet
  facet normal 0.969953 0 -0.243291
    outer loop
      vertex -11.6183 12 6.32188
      vertex -11.5789 7.4 6.47896
      vertex -11.6183 7.4 6.32188
    endloop
  endfacet
  facet normal 0.969953 0 -0.243291
    outer loop
      vertex -11.5789 0 6.47896
      vertex -11.6183 4.6 6.32188
      vertex -11.5789 4.6 6.47896
    endloop
  endfacet
  facet normal 0.969953 0 -0.243291
    outer loop
      vertex -11.6183 4.6 6.32188
      vertex -11.5789 0 6.47896
      vertex -11.6183 0 6.32188
    endloop
  endfacet
  facet normal 1 -0 0
    outer loop
      vertex -12.85 4.6 12
      vertex -12.85 7.4 2.7091
      vertex -12.85 7.4 12
    endloop
  endfacet
  facet normal 1 0 0
    outer loop
      vertex -12.85 7.4 2.7091
      vertex -12.85 4.6 12
      vertex -12.85 4.6 2.7091
    endloop
  endfacet
  facet normal -1 0 0
    outer loop
      vertex -7.15 4.6 2.7091
      vertex -7.15 7.4 12
      vertex -7.15 7.4 2.7091
    endloop
  endfacet
  facet normal -1 -0 0
    outer loop
      vertex -7.15 7.4 12
      vertex -7.15 4.6 2.7091
      vertex -7.15 4.6 12
    endloop
  endfacet
  facet normal -0 0 1
    outer loop
      vertex -12.85 7.4 2.7091
      vertex -7.15 4.6 2.7091
      vertex -7.15 7.4 2.7091
    endloop
  endfacet
  facet normal 0 0 1
    outer loop
      vertex -7.15 4.6 2.7091
      vertex -12.85 7.4 2.7091
      vertex -12.85 4.6 2.7091
    endloop
  endfacet
  facet normal 0 1 0
    outer loop
      vertex -7.15 4.6 12
      vertex -10 4.6 8.33345
      vertex -12.85 4.6 12
    endloop
  endfacet
  facet normal 0 1 0
    outer loop
      vertex -7.15 4.6 12
      vertex -8.83328 4.6 7.16672
      vertex -10 4.6 8.33345
    endloop
  endfacet
  facet normal 0 1 0
    outer loop
      vertex -7.15 4.6 12
      vertex -8.72453 4.6 7.04674
      vertex -8.83328 4.6 7.16672
    endloop
  endfacet
  facet normal 0 1 0
    outer loop
      vertex -7.15 4.6 12
      vertex -8.62808 4.6 6.91669
      vertex -8.72453 4.6 7.04674
    endloop
  endfacet
  facet normal 0 1 0
    outer loop
      vertex -7.15 4.6 12
      vertex -8.54483 4.6 6.7778
      vertex -8.62808 4.6 6.91669
    endloop
  endfacet
  facet normal 0 1 0
    outer loop
      vertex -7.15 4.6 12
      vertex -8.4756 4.6 6.63142
      vertex -8.54483 4.6 6.7778
    endloop
  endfacet
  facet normal 0 1 0
    outer loop
      vertex -7.15 4.6 12
      vertex -8.42105 4.6 6.47896
      vertex -8.4756 4.6 6.63142
    endloop
  endfacet
  facet normal 0 1 0
    outer loop
      vertex -7.15 4.6 12
      vertex -8.38171 4.6 6.32188
      vertex -8.42105 4.6 6.47896
    endloop
  endfacet
  facet normal 0 1 0
    outer loop
      vertex -7.15 4.6 12
      vertex -8.35796 4.6 6.16173
      vertex -8.38171 4.6 6.32188
    endloop
  endfacet
  facet normal 0 1 -0
    outer loop
      vertex -7.15 4.6 2.7091
      vertex -8.35796 4.6 6.16173
      vertex -7.15 4.6 12
    endloop
  endfacet
  facet normal 0 1 0
    outer loop
      vertex -8.35796 4.6 6.16173
      vertex -7.15 4.6 2.7091
      vertex -8.35001 4.6 6
    endloop
  endfacet
  facet normal 0 1 0
    outer loop
      vertex -8.35001 4.6 6
      vertex -7.15 4.6 2.7091
      vertex -8.35796 4.6 5.83827
    endloop
  endfacet
  facet normal 0 1 0
    outer loop
      vertex -9.83827 4.6 4.35796
      vertex -7.15 4.6 2.7091
      vertex -10 4.6 4.35001
    endloop
  endfacet
  facet normal 0 1 0
    outer loop
      vertex -9.67812 4.6 4.38171
      vertex -7.15 4.6 2.7091
      vertex -9.83827 4.6 4.35796
    endloop
  endfacet
  facet normal 0 1 0
    outer loop
      vertex -9.52104 4.6 4.42105
      vertex -7.15 4.6 2.7091
      vertex -9.67812 4.6 4.38171
    endloop
  endfacet
  facet normal 0 1 0
    outer loop
      vertex -9.36858 4.6 4.4756
      vertex -7.15 4.6 2.7091
      vertex -9.52104 4.6 4.42105
    endloop
  endfacet
  facet normal 0 1 0
    outer loop
      vertex -9.2222 4.6 4.54483
      vertex -7.15 4.6 2.7091
      vertex -9.36858 4.6 4.4756
    endloop
  endfacet
  facet normal 0 1 0
    outer loop
      vertex -9.08331 4.6 4.62808
      vertex -7.15 4.6 2.7091
      vertex -9.2222 4.6 4.54483
    endloop
  endfacet
  facet normal 0 1 0
    outer loop
      vertex -8.95326 4.6 4.72453
      vertex -7.15 4.6 2.7091
      vertex -9.08331 4.6 4.62808
    endloop
  endfacet
  facet normal 0 1 0
    outer loop
      vertex -8.83328 4.6 4.83328
      vertex -7.15 4.6 2.7091
      vertex -8.95326 4.6 4.72453
    endloop
  endfacet
  facet normal 0 1 0
    outer loop
      vertex -8.72453 4.6 4.95326
      vertex -7.15 4.6 2.7091
      vertex -8.83328 4.6 4.83328
    endloop
  endfacet
  facet normal 0 1 0
    outer loop
      vertex -8.62808 4.6 5.08331
      vertex -7.15 4.6 2.7091
      vertex -8.72453 4.6 4.95326
    endloop
  endfacet
  facet normal 0 1 0
    outer loop
      vertex -8.54483 4.6 5.2222
      vertex -7.15 4.6 2.7091
      vertex -8.62808 4.6 5.08331
    endloop
  endfacet
  facet normal 0 1 0
    outer loop
      vertex -8.4756 4.6 5.36858
      vertex -7.15 4.6 2.7091
      vertex -8.54483 4.6 5.2222
    endloop
  endfacet
  facet normal 0 1 0
    outer loop
      vertex -8.42105 4.6 5.52104
      vertex -7.15 4.6 2.7091
      vertex -8.4756 4.6 5.36858
    endloop
  endfacet
  facet normal 0 1 0
    outer loop
      vertex -8.38171 4.6 5.67812
      vertex -7.15 4.6 2.7091
      vertex -8.42105 4.6 5.52104
    endloop
  endfacet
  facet normal 0 1 0
    outer loop
      vertex -8.35796 4.6 5.83827
      vertex -7.15 4.6 2.7091
      vertex -8.38171 4.6 5.67812
    endloop
  endfacet
  facet normal 0 1 -0
    outer loop
      vertex -11.1667 4.6 7.16672
      vertex -12.85 4.6 12
      vertex -10 4.6 8.33345
    endloop
  endfacet
  facet normal 0 1 -0
    outer loop
      vertex -11.2755 4.6 7.04674
      vertex -12.85 4.6 12
      vertex -11.1667 4.6 7.16672
    endloop
  endfacet
  facet normal 0 1 -0
    outer loop
      vertex -11.3719 4.6 6.91669
      vertex -12.85 4.6 12
      vertex -11.2755 4.6 7.04674
    endloop
  endfacet
  facet normal 0 1 -0
    outer loop
      vertex -11.4552 4.6 6.7778
      vertex -12.85 4.6 12
      vertex -11.3719 4.6 6.91669
    endloop
  endfacet
  facet normal 0 1 -0
    outer loop
      vertex -11.5244 4.6 6.63142
      vertex -12.85 4.6 12
      vertex -11.4552 4.6 6.7778
    endloop
  endfacet
  facet normal 0 1 -0
    outer loop
      vertex -11.5789 4.6 6.47896
      vertex -12.85 4.6 12
      vertex -11.5244 4.6 6.63142
    endloop
  endfacet
  facet normal 0 1 -0
    outer loop
      vertex -11.6183 4.6 6.32188
      vertex -12.85 4.6 12
      vertex -11.5789 4.6 6.47896
    endloop
  endfacet
  facet normal 0 1 -0
    outer loop
      vertex -11.642 4.6 6.16173
      vertex -12.85 4.6 12
      vertex -11.6183 4.6 6.32188
    endloop
  endfacet
  facet normal 0 1 0
    outer loop
      vertex -12.85 4.6 2.7091
      vertex -11.642 4.6 6.16173
      vertex -11.65 4.6 6
    endloop
  endfacet
  facet normal 0 1 0
    outer loop
      vertex -12.85 4.6 2.7091
      vertex -11.65 4.6 6
      vertex -11.642 4.6 5.83827
    endloop
  endfacet
  facet normal 0 1 0
    outer loop
      vertex -12.85 4.6 2.7091
      vertex -11.642 4.6 5.83827
      vertex -11.6183 4.6 5.67812
    endloop
  endfacet
  facet normal 0 1 0
    outer loop
      vertex -12.85 4.6 2.7091
      vertex -10 4.6 4.35001
      vertex -7.15 4.6 2.7091
    endloop
  endfacet
  facet normal 0 1 0
    outer loop
      vertex -10 4.6 4.35001
      vertex -12.85 4.6 2.7091
      vertex -10.1617 4.6 4.35796
    endloop
  endfacet
  facet normal 0 1 0
    outer loop
      vertex -10.1617 4.6 4.35796
      vertex -12.85 4.6 2.7091
      vertex -10.3219 4.6 4.38171
    endloop
  endfacet
  facet normal 0 1 0
    outer loop
      vertex -10.3219 4.6 4.38171
      vertex -12.85 4.6 2.7091
      vertex -10.479 4.6 4.42105
    endloop
  endfacet
  facet normal 0 1 0
    outer loop
      vertex -10.479 4.6 4.42105
      vertex -12.85 4.6 2.7091
      vertex -10.6314 4.6 4.4756
    endloop
  endfacet
  facet normal 0 1 0
    outer loop
      vertex -11.642 4.6 6.16173
      vertex -12.85 4.6 2.7091
      vertex -12.85 4.6 12
    endloop
  endfacet
  facet normal 0 1 0
    outer loop
      vertex -11.5789 4.6 5.52104
      vertex -12.85 4.6 2.7091
      vertex -11.6183 4.6 5.67812
    endloop
  endfacet
  facet normal 0 1 0
    outer loop
      vertex -11.5244 4.6 5.36858
      vertex -12.85 4.6 2.7091
      vertex -11.5789 4.6 5.52104
    endloop
  endfacet
  facet normal 0 1 0
    outer loop
      vertex -11.4552 4.6 5.2222
      vertex -12.85 4.6 2.7091
      vertex -11.5244 4.6 5.36858
    endloop
  endfacet
  facet normal 0 1 0
    outer loop
      vertex -11.3719 4.6 5.08331
      vertex -12.85 4.6 2.7091
      vertex -11.4552 4.6 5.2222
    endloop
  endfacet
  facet normal 0 1 0
    outer loop
      vertex -11.2755 4.6 4.95326
      vertex -12.85 4.6 2.7091
      vertex -11.3719 4.6 5.08331
    endloop
  endfacet
  facet normal 0 1 0
    outer loop
      vertex -11.1667 4.6 4.83328
      vertex -12.85 4.6 2.7091
      vertex -11.2755 4.6 4.95326
    endloop
  endfacet
  facet normal 0 1 0
    outer loop
      vertex -11.0467 4.6 4.72453
      vertex -12.85 4.6 2.7091
      vertex -11.1667 4.6 4.83328
    endloop
  endfacet
  facet normal 0 1 0
    outer loop
      vertex -10.9167 4.6 4.62808
      vertex -12.85 4.6 2.7091
      vertex -11.0467 4.6 4.72453
    endloop
  endfacet
  facet normal 0 1 0
    outer loop
      vertex -10.7778 4.6 4.54483
      vertex -12.85 4.6 2.7091
      vertex -10.9167 4.6 4.62808
    endloop
  endfacet
  facet normal 0 1 0
    outer loop
      vertex -10.6314 4.6 4.4756
      vertex -12.85 4.6 2.7091
      vertex -10.7778 4.6 4.54483
    endloop
  endfacet
  facet normal 0 -1 0
    outer loop
      vertex -12.85 7.4 12
      vertex -10 7.4 8.33345
      vertex -7.15 7.4 12
    endloop
  endfacet
  facet normal 0 -1 0
    outer loop
      vertex -12.85 7.4 12
      vertex -11.1667 7.4 7.16672
      vertex -10 7.4 8.33345
    endloop
  endfacet
  facet normal 0 -1 0
    outer loop
      vertex -12.85 7.4 12
      vertex -11.2755 7.4 7.04674
      vertex -11.1667 7.4 7.16672
    endloop
  endfacet
  facet normal 0 -1 0
    outer loop
      vertex -12.85 7.4 12
      vertex -11.3719 7.4 6.91669
      vertex -11.2755 7.4 7.04674
    endloop
  endfacet
  facet normal 0 -1 0
    outer loop
      vertex -12.85 7.4 12
      vertex -11.4552 7.4 6.7778
      vertex -11.3719 7.4 6.91669
    endloop
  endfacet
  facet normal 0 -1 0
    outer loop
      vertex -12.85 7.4 12
      vertex -11.5244 7.4 6.63142
      vertex -11.4552 7.4 6.7778
    endloop
  endfacet
  facet normal 0 -1 0
    outer loop
      vertex -12.85 7.4 12
      vertex -11.5789 7.4 6.47896
      vertex -11.5244 7.4 6.63142
    endloop
  endfacet
  facet normal 0 -1 0
    outer loop
      vertex -12.85 7.4 12
      vertex -11.6183 7.4 6.32188
      vertex -11.5789 7.4 6.47896
    endloop
  endfacet
  facet normal 0 -1 0
    outer loop
      vertex -12.85 7.4 12
      vertex -11.642 7.4 6.16173
      vertex -11.6183 7.4 6.32188
    endloop
  endfacet
  facet normal 0 -1 0
    outer loop
      vertex -12.85 7.4 2.7091
      vertex -11.642 7.4 6.16173
      vertex -12.85 7.4 12
    endloop
  endfacet
  facet normal 0 -1 0
    outer loop
      vertex -11.642 7.4 6.16173
      vertex -12.85 7.4 2.7091
      vertex -11.65 7.4 6
    endloop
  endfacet
  facet normal 0 -1 -0
    outer loop
      vertex -11.65 7.4 6
      vertex -12.85 7.4 2.7091
      vertex -11.642 7.4 5.83827
    endloop
  endfacet
  facet normal 0 -1 -0
    outer loop
      vertex -10.1617 7.4 4.35796
      vertex -12.85 7.4 2.7091
      vertex -10 7.4 4.35001
    endloop
  endfacet
  facet normal 0 -1 -0
    outer loop
      vertex -10.3219 7.4 4.38171
      vertex -12.85 7.4 2.7091
      vertex -10.1617 7.4 4.35796
    endloop
  endfacet
  facet normal 0 -1 -0
    outer loop
      vertex -10.479 7.4 4.42105
      vertex -12.85 7.4 2.7091
      vertex -10.3219 7.4 4.38171
    endloop
  endfacet
  facet normal 0 -1 -0
    outer loop
      vertex -10.6314 7.4 4.4756
      vertex -12.85 7.4 2.7091
      vertex -10.479 7.4 4.42105
    endloop
  endfacet
  facet normal 0 -1 -0
    outer loop
      vertex -10.7778 7.4 4.54483
      vertex -12.85 7.4 2.7091
      vertex -10.6314 7.4 4.4756
    endloop
  endfacet
  facet normal 0 -1 -0
    outer loop
      vertex -10.9167 7.4 4.62808
      vertex -12.85 7.4 2.7091
      vertex -10.7778 7.4 4.54483
    endloop
  endfacet
  facet normal 0 -1 -0
    outer loop
      vertex -11.0467 7.4 4.72453
      vertex -12.85 7.4 2.7091
      vertex -10.9167 7.4 4.62808
    endloop
  endfacet
  facet normal 0 -1 -0
    outer loop
      vertex -11.1667 7.4 4.83328
      vertex -12.85 7.4 2.7091
      vertex -11.0467 7.4 4.72453
    endloop
  endfacet
  facet normal 0 -1 -0
    outer loop
      vertex -11.2755 7.4 4.95326
      vertex -12.85 7.4 2.7091
      vertex -11.1667 7.4 4.83328
    endloop
  endfacet
  facet normal 0 -1 -0
    outer loop
      vertex -11.3719 7.4 5.08331
      vertex -12.85 7.4 2.7091
      vertex -11.2755 7.4 4.95326
    endloop
  endfacet
  facet normal 0 -1 -0
    outer loop
      vertex -11.4552 7.4 5.2222
      vertex -12.85 7.4 2.7091
      vertex -11.3719 7.4 5.08331
    endloop
  endfacet
  facet normal 0 -1 -0
    outer loop
      vertex -11.5244 7.4 5.36858
      vertex -12.85 7.4 2.7091
      vertex -11.4552 7.4 5.2222
    endloop
  endfacet
  facet normal 0 -1 -0
    outer loop
      vertex -11.5789 7.4 5.52104
      vertex -12.85 7.4 2.7091
      vertex -11.5244 7.4 5.36858
    endloop
  endfacet
  facet normal 0 -1 -0
    outer loop
      vertex -11.6183 7.4 5.67812
      vertex -12.85 7.4 2.7091
      vertex -11.5789 7.4 5.52104
    endloop
  endfacet
  facet normal 0 -1 -0
    outer loop
      vertex -11.642 7.4 5.83827
      vertex -12.85 7.4 2.7091
      vertex -11.6183 7.4 5.67812
    endloop
  endfacet
  facet normal 0 -1 0
    outer loop
      vertex -8.83328 7.4 7.16672
      vertex -7.15 7.4 12
      vertex -10 7.4 8.33345
    endloop
  endfacet
  facet normal 0 -1 0
    outer loop
      vertex -8.72453 7.4 7.04674
      vertex -7.15 7.4 12
      vertex -8.83328 7.4 7.16672
    endloop
  endfacet
  facet normal 0 -1 0
    outer loop
      vertex -8.62808 7.4 6.91669
      vertex -7.15 7.4 12
      vertex -8.72453 7.4 7.04674
    endloop
  endfacet
  facet normal 0 -1 0
    outer loop
      vertex -8.54483 7.4 6.7778
      vertex -7.15 7.4 12
      vertex -8.62808 7.4 6.91669
    endloop
  endfacet
  facet normal 0 -1 0
    outer loop
      vertex -8.4756 7.4 6.63142
      vertex -7.15 7.4 12
      vertex -8.54483 7.4 6.7778
    endloop
  endfacet
  facet normal 0 -1 0
    outer loop
      vertex -8.42105 7.4 6.47896
      vertex -7.15 7.4 12
      vertex -8.4756 7.4 6.63142
    endloop
  endfacet
  facet normal 0 -1 0
    outer loop
      vertex -8.38171 7.4 6.32188
      vertex -7.15 7.4 12
      vertex -8.42105 7.4 6.47896
    endloop
  endfacet
  facet normal 0 -1 0
    outer loop
      vertex -8.35796 7.4 6.16173
      vertex -7.15 7.4 12
      vertex -8.38171 7.4 6.32188
    endloop
  endfacet
  facet normal 0 -1 0
    outer loop
      vertex -7.15 7.4 2.7091
      vertex -8.35796 7.4 6.16173
      vertex -8.35001 7.4 6
    endloop
  endfacet
  facet normal 0 -1 0
    outer loop
      vertex -7.15 7.4 2.7091
      vertex -8.35001 7.4 6
      vertex -8.35796 7.4 5.83827
    endloop
  endfacet
  facet normal 0 -1 0
    outer loop
      vertex -7.15 7.4 2.7091
      vertex -8.35796 7.4 5.83827
      vertex -8.38171 7.4 5.67812
    endloop
  endfacet
  facet normal 0 -1 0
    outer loop
      vertex -7.15 7.4 2.7091
      vertex -10 7.4 4.35001
      vertex -12.85 7.4 2.7091
    endloop
  endfacet
  facet normal 0 -1 0
    outer loop
      vertex -10 7.4 4.35001
      vertex -7.15 7.4 2.7091
      vertex -9.83827 7.4 4.35796
    endloop
  endfacet
  facet normal 0 -1 0
    outer loop
      vertex -9.83827 7.4 4.35796
      vertex -7.15 7.4 2.7091
      vertex -9.67812 7.4 4.38171
    endloop
  endfacet
  facet normal 0 -1 0
    outer loop
      vertex -9.67812 7.4 4.38171
      vertex -7.15 7.4 2.7091
      vertex -9.52104 7.4 4.42105
    endloop
  endfacet
  facet normal 0 -1 0
    outer loop
      vertex -9.52104 7.4 4.42105
      vertex -7.15 7.4 2.7091
      vertex -9.36858 7.4 4.4756
    endloop
  endfacet
  facet normal 0 -1 0
    outer loop
      vertex -8.35796 7.4 6.16173
      vertex -7.15 7.4 2.7091
      vertex -7.15 7.4 12
    endloop
  endfacet
  facet normal 0 -1 0
    outer loop
      vertex -8.42105 7.4 5.52104
      vertex -7.15 7.4 2.7091
      vertex -8.38171 7.4 5.67812
    endloop
  endfacet
  facet normal 0 -1 0
    outer loop
      vertex -8.4756 7.4 5.36858
      vertex -7.15 7.4 2.7091
      vertex -8.42105 7.4 5.52104
    endloop
  endfacet
  facet normal 0 -1 0
    outer loop
      vertex -8.54483 7.4 5.2222
      vertex -7.15 7.4 2.7091
      vertex -8.4756 7.4 5.36858
    endloop
  endfacet
  facet normal 0 -1 0
    outer loop
      vertex -8.62808 7.4 5.08331
      vertex -7.15 7.4 2.7091
      vertex -8.54483 7.4 5.2222
    endloop
  endfacet
  facet normal 0 -1 0
    outer loop
      vertex -8.72453 7.4 4.95326
      vertex -7.15 7.4 2.7091
      vertex -8.62808 7.4 5.08331
    endloop
  endfacet
  facet normal 0 -1 0
    outer loop
      vertex -8.83328 7.4 4.83328
      vertex -7.15 7.4 2.7091
      vertex -8.72453 7.4 4.95326
    endloop
  endfacet
  facet normal 0 -1 0
    outer loop
      vertex -8.95326 7.4 4.72453
      vertex -7.15 7.4 2.7091
      vertex -8.83328 7.4 4.83328
    endloop
  endfacet
  facet normal 0 -1 0
    outer loop
      vertex -9.08331 7.4 4.62808
      vertex -7.15 7.4 2.7091
      vertex -8.95326 7.4 4.72453
    endloop
  endfacet
  facet normal 0 -1 0
    outer loop
      vertex -9.2222 7.4 4.54483
      vertex -7.15 7.4 2.7091
      vertex -9.08331 7.4 4.62808
    endloop
  endfacet
  facet normal 0 -1 0
    outer loop
      vertex -9.36858 7.4 4.4756
      vertex -7.15 7.4 2.7091
      vertex -9.2222 7.4 4.54483
    endloop
  endfacet
  facet normal -0.80336 0 -0.595493
    outer loop
      vertex 11.3719 7.4 6.91669
      vertex 11.2755 12 7.04674
      vertex 11.3719 12 6.91669
    endloop
  endfacet
  facet normal -0.80336 -0 -0.595493
    outer loop
      vertex 11.2755 12 7.04674
      vertex 11.3719 7.4 6.91669
      vertex 11.2755 7.4 7.04674
    endloop
  endfacet
  facet normal -0.80336 0 -0.595493
    outer loop
      vertex 11.3719 0 6.91669
      vertex 11.2755 4.6 7.04674
      vertex 11.3719 4.6 6.91669
    endloop
  endfacet
  facet normal -0.80336 -0 -0.595493
    outer loop
      vertex 11.2755 4.6 7.04674
      vertex 11.3719 0 6.91669
      vertex 11.2755 0 7.04674
    endloop
  endfacet
  facet normal -0.707116 0 -0.707098
    outer loop
      vertex 11.1667 7.4 7.16672
      vertex 10 12 8.33345
      vertex 11.1667 12 7.16672
    endloop
  endfacet
  facet normal -0.707116 -0 -0.707098
    outer loop
      vertex 10 12 8.33345
      vertex 11.1667 7.4 7.16672
      vertex 10 7.4 8.33345
    endloop
  endfacet
  facet normal -0.707116 0 -0.707098
    outer loop
      vertex 11.1667 0 7.16672
      vertex 10 4.6 8.33345
      vertex 11.1667 4.6 7.16672
    endloop
  endfacet
  facet normal -0.707116 -0 -0.707098
    outer loop
      vertex 10 4.6 8.33345
      vertex 11.1667 0 7.16672
      vertex 10 0 8.33345
    endloop
  endfacet
  facet normal 0.740931 -0 0.671581
    outer loop
      vertex 8.72453 7.4 4.95326
      vertex 8.83328 12 4.83328
      vertex 8.72453 12 4.95326
    endloop
  endfacet
  facet normal 0.740931 0 0.671581
    outer loop
      vertex 8.83328 12 4.83328
      vertex 8.72453 7.4 4.95326
      vertex 8.83328 7.4 4.83328
    endloop
  endfacet
  facet normal 0.740931 -0 0.671581
    outer loop
      vertex 8.72453 0 4.95326
      vertex 8.83328 4.6 4.83328
      vertex 8.72453 4.6 4.95326
    endloop
  endfacet
  facet normal 0.740931 0 0.671581
    outer loop
      vertex 8.83328 4.6 4.83328
      vertex 8.72453 0 4.95326
      vertex 8.83328 0 4.83328
    endloop
  endfacet
  facet normal -0.740778 0 -0.67175
    outer loop
      vertex 11.2755 7.4 7.04674
      vertex 11.1667 12 7.16672
      vertex 11.2755 12 7.04674
    endloop
  endfacet
  facet normal -0.740778 -0 -0.67175
    outer loop
      vertex 11.1667 12 7.16672
      vertex 11.2755 7.4 7.04674
      vertex 11.1667 7.4 7.16672
    endloop
  endfacet
  facet normal -0.740778 0 -0.67175
    outer loop
      vertex 11.2755 0 7.04674
      vertex 11.1667 4.6 7.16672
      vertex 11.2755 4.6 7.04674
    endloop
  endfacet
  facet normal -0.740778 -0 -0.67175
    outer loop
      vertex 11.1667 4.6 7.16672
      vertex 11.2755 0 7.04674
      vertex 11.1667 0 7.16672
    endloop
  endfacet
  facet normal -0.671519 0 0.740987
    outer loop
      vertex 11.0467 12 4.72453
      vertex 11.1667 7.4 4.83328
      vertex 11.1667 12 4.83328
    endloop
  endfacet
  facet normal -0.671519 0 0.740987
    outer loop
      vertex 11.1667 7.4 4.83328
      vertex 11.0467 12 4.72453
      vertex 11.0467 7.4 4.72453
    endloop
  endfacet
  facet normal -0.671519 0 0.740987
    outer loop
      vertex 11.0467 4.6 4.72453
      vertex 11.1667 0 4.83328
      vertex 11.1667 4.6 4.83328
    endloop
  endfacet
  facet normal -0.671519 0 0.740987
    outer loop
      vertex 11.1667 0 4.83328
      vertex 11.0467 4.6 4.72453
      vertex 11.0467 0 4.72453
    endloop
  endfacet
  facet normal 0.70711 0 -0.707104
    outer loop
      vertex 10 7.4 8.33345
      vertex 8.83328 12 7.16672
      vertex 10 12 8.33345
    endloop
  endfacet
  facet normal 0.70711 0 -0.707104
    outer loop
      vertex 8.83328 12 7.16672
      vertex 10 7.4 8.33345
      vertex 8.83328 7.4 7.16672
    endloop
  endfacet
  facet normal 0.70711 0 -0.707104
    outer loop
      vertex 10 0 8.33345
      vertex 8.83328 4.6 7.16672
      vertex 10 4.6 8.33345
    endloop
  endfacet
  facet normal 0.70711 0 -0.707104
    outer loop
      vertex 8.83328 4.6 7.16672
      vertex 10 0 8.33345
      vertex 8.83328 0 7.16672
    endloop
  endfacet
  facet normal -0.998779 0 0.0494048
    outer loop
      vertex 11.642 7.4 5.83827
      vertex 11.65 12 6
      vertex 11.642 12 5.83827
    endloop
  endfacet
  facet normal -0.998779 0 0.0494048
    outer loop
      vertex 11.65 12 6
      vertex 11.642 7.4 5.83827
      vertex 11.65 7.4 6
    endloop
  endfacet
  facet normal -0.998779 0 0.0494048
    outer loop
      vertex 11.642 0 5.83827
      vertex 11.65 4.6 6
      vertex 11.642 4.6 5.83827
    endloop
  endfacet
  facet normal -0.998779 0 0.0494048
    outer loop
      vertex 11.65 4.6 6
      vertex 11.642 0 5.83827
      vertex 11.65 0 6
    endloop
  endfacet
  facet normal 0.0490967 0 0.998794
    outer loop
      vertex 9.83827 12 4.35796
      vertex 10 7.4 4.35001
      vertex 10 12 4.35001
    endloop
  endfacet
  facet normal 0.0490967 0 0.998794
    outer loop
      vertex 10 7.4 4.35001
      vertex 9.83827 12 4.35796
      vertex 9.83827 7.4 4.35796
    endloop
  endfacet
  facet normal 0.0490967 0 0.998794
    outer loop
      vertex 9.83827 4.6 4.35796
      vertex 10 0 4.35001
      vertex 10 4.6 4.35001
    endloop
  endfacet
  facet normal 0.0490967 0 0.998794
    outer loop
      vertex 10 0 4.35001
      vertex 9.83827 4.6 4.35796
      vertex 9.83827 0 4.35796
    endloop
  endfacet
  facet normal 0.941546 0 -0.336884
    outer loop
      vertex 8.4756 7.4 6.63142
      vertex 8.42105 12 6.47896
      vertex 8.4756 12 6.63142
    endloop
  endfacet
  facet normal 0.941546 0 -0.336884
    outer loop
      vertex 8.42105 12 6.47896
      vertex 8.4756 7.4 6.63142
      vertex 8.42105 7.4 6.47896
    endloop
  endfacet
  facet normal 0.941546 0 -0.336884
    outer loop
      vertex 8.4756 0 6.63142
      vertex 8.42105 4.6 6.47896
      vertex 8.4756 4.6 6.63142
    endloop
  endfacet
  facet normal 0.941546 0 -0.336884
    outer loop
      vertex 8.42105 4.6 6.47896
      vertex 8.4756 0 6.63142
      vertex 8.42105 0 6.47896
    endloop
  endfacet
  facet normal 0 -1 0
    outer loop
      vertex 8.83328 12 7.16672
      vertex 11.1667 12 7.16672
      vertex 10 12 8.33345
    endloop
  endfacet
  facet normal 0 -1 0
    outer loop
      vertex 8.72453 12 7.04674
      vertex 11.1667 12 7.16672
      vertex 8.83328 12 7.16672
    endloop
  endfacet
  facet normal 0 -1 0
    outer loop
      vertex 8.72453 12 7.04674
      vertex 11.2755 12 7.04674
      vertex 11.1667 12 7.16672
    endloop
  endfacet
  facet normal 0 -1 0
    outer loop
      vertex 8.62808 12 6.91669
      vertex 11.2755 12 7.04674
      vertex 8.72453 12 7.04674
    endloop
  endfacet
  facet normal 0 -1 0
    outer loop
      vertex 8.62808 12 6.91669
      vertex 11.3719 12 6.91669
      vertex 11.2755 12 7.04674
    endloop
  endfacet
  facet normal 0 -1 0
    outer loop
      vertex 8.54483 12 6.7778
      vertex 11.3719 12 6.91669
      vertex 8.62808 12 6.91669
    endloop
  endfacet
  facet normal 0 -1 0
    outer loop
      vertex 8.54483 12 6.7778
      vertex 11.4552 12 6.7778
      vertex 11.3719 12 6.91669
    endloop
  endfacet
  facet normal 0 -1 0
    outer loop
      vertex 8.4756 12 6.63142
      vertex 11.4552 12 6.7778
      vertex 8.54483 12 6.7778
    endloop
  endfacet
  facet normal 0 -1 0
    outer loop
      vertex 8.4756 12 6.63142
      vertex 11.5244 12 6.63142
      vertex 11.4552 12 6.7778
    endloop
  endfacet
  facet normal 0 -1 0
    outer loop
      vertex 8.42105 12 6.47896
      vertex 11.5244 12 6.63142
      vertex 8.4756 12 6.63142
    endloop
  endfacet
  facet normal 0 -1 0
    outer loop
      vertex 8.42105 12 6.47896
      vertex 11.5789 12 6.47896
      vertex 11.5244 12 6.63142
    endloop
  endfacet
  facet normal 0 -1 0
    outer loop
      vertex 8.38171 12 6.32188
      vertex 11.5789 12 6.47896
      vertex 8.42105 12 6.47896
    endloop
  endfacet
  facet normal 0 -1 0
    outer loop
      vertex 8.38171 12 6.32188
      vertex 11.6183 12 6.32188
      vertex 11.5789 12 6.47896
    endloop
  endfacet
  facet normal 0 -1 0
    outer loop
      vertex 8.35796 12 6.16173
      vertex 11.6183 12 6.32188
      vertex 8.38171 12 6.32188
    endloop
  endfacet
  facet normal 0 -1 0
    outer loop
      vertex 8.35796 12 6.16173
      vertex 11.642 12 6.16173
      vertex 11.6183 12 6.32188
    endloop
  endfacet
  facet normal 0 -1 0
    outer loop
      vertex 8.35001 12 6
      vertex 11.642 12 6.16173
      vertex 8.35796 12 6.16173
    endloop
  endfacet
  facet normal 0 -1 0
    outer loop
      vertex 8.35001 12 6
      vertex 11.65 12 6
      vertex 11.642 12 6.16173
    endloop
  endfacet
  facet normal 0 -1 0
    outer loop
      vertex 8.35796 12 5.83827
      vertex 11.65 12 6
      vertex 8.35001 12 6
    endloop
  endfacet
  facet normal 0 -1 0
    outer loop
      vertex 8.35796 12 5.83827
      vertex 11.642 12 5.83827
      vertex 11.65 12 6
    endloop
  endfacet
  facet normal 0 -1 0
    outer loop
      vertex 8.38171 12 5.67812
      vertex 11.642 12 5.83827
      vertex 8.35796 12 5.83827
    endloop
  endfacet
  facet normal 0 -1 0
    outer loop
      vertex 8.38171 12 5.67812
      vertex 11.6183 12 5.67812
      vertex 11.642 12 5.83827
    endloop
  endfacet
  facet normal 0 -1 0
    outer loop
      vertex 8.42105 12 5.52104
      vertex 11.6183 12 5.67812
      vertex 8.38171 12 5.67812
    endloop
  endfacet
  facet normal 0 -1 0
    outer loop
      vertex 8.42105 12 5.52104
      vertex 11.5789 12 5.52104
      vertex 11.6183 12 5.67812
    endloop
  endfacet
  facet normal 0 -1 0
    outer loop
      vertex 8.4756 12 5.36858
      vertex 11.5789 12 5.52104
      vertex 8.42105 12 5.52104
    endloop
  endfacet
  facet normal 0 -1 0
    outer loop
      vertex 8.4756 12 5.36858
      vertex 11.5244 12 5.36858
      vertex 11.5789 12 5.52104
    endloop
  endfacet
  facet normal 0 -1 0
    outer loop
      vertex 8.54483 12 5.2222
      vertex 11.5244 12 5.36858
      vertex 8.4756 12 5.36858
    endloop
  endfacet
  facet normal 0 -1 0
    outer loop
      vertex 8.54483 12 5.2222
      vertex 11.4552 12 5.2222
      vertex 11.5244 12 5.36858
    endloop
  endfacet
  facet normal 0 -1 0
    outer loop
      vertex 8.62808 12 5.08331
      vertex 11.4552 12 5.2222
      vertex 8.54483 12 5.2222
    endloop
  endfacet
  facet normal 0 -1 0
    outer loop
      vertex 8.62808 12 5.08331
      vertex 11.3719 12 5.08331
      vertex 11.4552 12 5.2222
    endloop
  endfacet
  facet normal 0 -1 0
    outer loop
      vertex 8.72453 12 4.95326
      vertex 11.3719 12 5.08331
      vertex 8.62808 12 5.08331
    endloop
  endfacet
  facet normal 0 -1 0
    outer loop
      vertex 8.72453 12 4.95326
      vertex 11.2755 12 4.95326
      vertex 11.3719 12 5.08331
    endloop
  endfacet
  facet normal 0 -1 0
    outer loop
      vertex 8.83328 12 4.83328
      vertex 11.2755 12 4.95326
      vertex 8.72453 12 4.95326
    endloop
  endfacet
  facet normal 0 -1 0
    outer loop
      vertex 8.83328 12 4.83328
      vertex 11.1667 12 4.83328
      vertex 11.2755 12 4.95326
    endloop
  endfacet
  facet normal 0 -1 0
    outer loop
      vertex 8.95326 12 4.72453
      vertex 11.1667 12 4.83328
      vertex 8.83328 12 4.83328
    endloop
  endfacet
  facet normal 0 -1 0
    outer loop
      vertex 8.95326 12 4.72453
      vertex 11.0467 12 4.72453
      vertex 11.1667 12 4.83328
    endloop
  endfacet
  facet normal 0 -1 0
    outer loop
      vertex 9.08331 12 4.62808
      vertex 11.0467 12 4.72453
      vertex 8.95326 12 4.72453
    endloop
  endfacet
  facet normal 0 -1 0
    outer loop
      vertex 9.08331 12 4.62808
      vertex 10.9167 12 4.62808
      vertex 11.0467 12 4.72453
    endloop
  endfacet
  facet normal 0 -1 0
    outer loop
      vertex 9.2222 12 4.54483
      vertex 10.9167 12 4.62808
      vertex 9.08331 12 4.62808
    endloop
  endfacet
  facet normal 0 -1 0
    outer loop
      vertex 9.2222 12 4.54483
      vertex 10.7778 12 4.54483
      vertex 10.9167 12 4.62808
    endloop
  endfacet
  facet normal 0 -1 0
    outer loop
      vertex 9.36858 12 4.4756
      vertex 10.7778 12 4.54483
      vertex 9.2222 12 4.54483
    endloop
  endfacet
  facet normal 0 -1 0
    outer loop
      vertex 9.36858 12 4.4756
      vertex 10.6314 12 4.4756
      vertex 10.7778 12 4.54483
    endloop
  endfacet
  facet normal 0 -1 0
    outer loop
      vertex 9.52104 12 4.42105
      vertex 10.6314 12 4.4756
      vertex 9.36858 12 4.4756
    endloop
  endfacet
  facet normal 0 -1 0
    outer loop
      vertex 9.52104 12 4.42105
      vertex 10.479 12 4.42105
      vertex 10.6314 12 4.4756
    endloop
  endfacet
  facet normal 0 -1 0
    outer loop
      vertex 9.67812 12 4.38171
      vertex 10.479 12 4.42105
      vertex 9.52104 12 4.42105
    endloop
  endfacet
  facet normal 0 -1 0
    outer loop
      vertex 9.67812 12 4.38171
      vertex 10.3219 12 4.38171
      vertex 10.479 12 4.42105
    endloop
  endfacet
  facet normal 0 -1 0
    outer loop
      vertex 9.83827 12 4.35796
      vertex 10.3219 12 4.38171
      vertex 9.67812 12 4.38171
    endloop
  endfacet
  facet normal 0 -1 0
    outer loop
      vertex 9.83827 12 4.35796
      vertex 10.1617 12 4.35796
      vertex 10.3219 12 4.38171
    endloop
  endfacet
  facet normal -0 -1 0
    outer loop
      vertex 10.1617 12 4.35796
      vertex 9.83827 12 4.35796
      vertex 10 12 4.35001
    endloop
  endfacet
  facet normal 0.740931 0 -0.671581
    outer loop
      vertex 8.83328 7.4 7.16672
      vertex 8.72453 12 7.04674
      vertex 8.83328 12 7.16672
    endloop
  endfacet
  facet normal 0.740931 0 -0.671581
    outer loop
      vertex 8.72453 12 7.04674
      vertex 8.83328 7.4 7.16672
      vertex 8.72453 7.4 7.04674
    endloop
  endfacet
  facet normal 0.740931 0 -0.671581
    outer loop
      vertex 8.83328 0 7.16672
      vertex 8.72453 4.6 7.04674
      vertex 8.83328 4.6 7.16672
    endloop
  endfacet
  facet normal 0.740931 0 -0.671581
    outer loop
      vertex 8.72453 4.6 7.04674
      vertex 8.83328 0 7.16672
      vertex 8.72453 0 7.04674
    endloop
  endfacet
  facet normal 0.803212 0 -0.595693
    outer loop
      vertex 8.72453 7.4 7.04674
      vertex 8.62808 12 6.91669
      vertex 8.72453 12 7.04674
    endloop
  endfacet
  facet normal 0.803212 0 -0.595693
    outer loop
      vertex 8.62808 12 6.91669
      vertex 8.72453 7.4 7.04674
      vertex 8.62808 7.4 6.91669
    endloop
  endfacet
  facet normal 0.803212 0 -0.595693
    outer loop
      vertex 8.72453 0 7.04674
      vertex 8.62808 4.6 6.91669
      vertex 8.72453 4.6 7.04674
    endloop
  endfacet
  facet normal 0.803212 0 -0.595693
    outer loop
      vertex 8.62808 4.6 6.91669
      vertex 8.72453 0 7.04674
      vertex 8.62808 0 6.91669
    endloop
  endfacet
  facet normal 0.903995 0 -0.427542
    outer loop
      vertex 8.54483 7.4 6.7778
      vertex 8.4756 12 6.63142
      vertex 8.54483 12 6.7778
    endloop
  endfacet
  facet normal 0.903995 0 -0.427542
    outer loop
      vertex 8.4756 12 6.63142
      vertex 8.54483 7.4 6.7778
      vertex 8.4756 7.4 6.63142
    endloop
  endfacet
  facet normal 0.903995 0 -0.427542
    outer loop
      vertex 8.54483 0 6.7778
      vertex 8.4756 4.6 6.63142
      vertex 8.54483 4.6 6.7778
    endloop
  endfacet
  facet normal 0.903995 0 -0.427542
    outer loop
      vertex 8.4756 4.6 6.63142
      vertex 8.54483 0 6.7778
      vertex 8.4756 0 6.63142
    endloop
  endfacet
  facet normal 0.336884 0 0.941546
    outer loop
      vertex 9.36858 12 4.4756
      vertex 9.52104 7.4 4.42105
      vertex 9.52104 12 4.42105
    endloop
  endfacet
  facet normal 0.336884 0 0.941546
    outer loop
      vertex 9.52104 7.4 4.42105
      vertex 9.36858 12 4.4756
      vertex 9.36858 7.4 4.4756
    endloop
  endfacet
  facet normal 0.336884 0 0.941546
    outer loop
      vertex 9.36858 4.6 4.4756
      vertex 9.52104 0 4.42105
      vertex 9.52104 4.6 4.42105
    endloop
  endfacet
  facet normal 0.336884 0 0.941546
    outer loop
      vertex 9.52104 0 4.42105
      vertex 9.36858 4.6 4.4756
      vertex 9.36858 0 4.4756
    endloop
  endfacet
  facet normal -0.427494 0 0.904018
    outer loop
      vertex 10.6314 12 4.4756
      vertex 10.7778 7.4 4.54483
      vertex 10.7778 12 4.54483
    endloop
  endfacet
  facet normal -0.427494 0 0.904018
    outer loop
      vertex 10.7778 7.4 4.54483
      vertex 10.6314 12 4.4756
      vertex 10.6314 7.4 4.4756
    endloop
  endfacet
  facet normal -0.427494 0 0.904018
    outer loop
      vertex 10.6314 4.6 4.4756
      vertex 10.7778 0 4.54483
      vertex 10.7778 4.6 4.54483
    endloop
  endfacet
  facet normal -0.427494 0 0.904018
    outer loop
      vertex 10.7778 0 4.54483
      vertex 10.6314 4.6 4.4756
      vertex 10.6314 0 4.4756
    endloop
  endfacet
  facet normal 0.242942 0 0.970041
    outer loop
      vertex 9.52104 12 4.42105
      vertex 9.67812 7.4 4.38171
      vertex 9.67812 12 4.38171
    endloop
  endfacet
  facet normal 0.242942 0 0.970041
    outer loop
      vertex 9.67812 7.4 4.38171
      vertex 9.52104 12 4.42105
      vertex 9.52104 7.4 4.42105
    endloop
  endfacet
  facet normal 0.242942 0 0.970041
    outer loop
      vertex 9.52104 4.6 4.42105
      vertex 9.67812 0 4.38171
      vertex 9.67812 4.6 4.38171
    endloop
  endfacet
  facet normal 0.242942 0 0.970041
    outer loop
      vertex 9.67812 0 4.38171
      vertex 9.52104 4.6 4.42105
      vertex 9.52104 0 4.42105
    endloop
  endfacet
  facet normal -0.941644 0 0.33661
    outer loop
      vertex 11.5244 7.4 5.36858
      vertex 11.5789 12 5.52104
      vertex 11.5244 12 5.36858
    endloop
  endfacet
  facet normal -0.941644 0 0.33661
    outer loop
      vertex 11.5789 12 5.52104
      vertex 11.5244 7.4 5.36858
      vertex 11.5789 7.4 5.52104
    endloop
  endfacet
  facet normal -0.941644 0 0.33661
    outer loop
      vertex 11.5244 0 5.36858
      vertex 11.5789 4.6 5.52104
      vertex 11.5244 4.6 5.36858
    endloop
  endfacet
  facet normal -0.941644 0 0.33661
    outer loop
      vertex 11.5789 4.6 5.52104
      vertex 11.5244 0 5.36858
      vertex 11.5789 0 5.52104
    endloop
  endfacet
  facet normal -0.969953 0 0.243291
    outer loop
      vertex 11.5789 7.4 5.52104
      vertex 11.6183 12 5.67812
      vertex 11.5789 12 5.52104
    endloop
  endfacet
  facet normal -0.969953 0 0.243291
    outer loop
      vertex 11.6183 12 5.67812
      vertex 11.5789 7.4 5.52104
      vertex 11.6183 7.4 5.67812
    endloop
  endfacet
  facet normal -0.969953 0 0.243291
    outer loop
      vertex 11.5789 0 5.52104
      vertex 11.6183 4.6 5.67812
      vertex 11.5789 4.6 5.52104
    endloop
  endfacet
  facet normal -0.969953 0 0.243291
    outer loop
      vertex 11.6183 4.6 5.67812
      vertex 11.5789 0 5.52104
      vertex 11.6183 0 5.67812
    endloop
  endfacet
  facet normal -0.857586 0 -0.514341
    outer loop
      vertex 11.4552 7.4 6.7778
      vertex 11.3719 12 6.91669
      vertex 11.4552 12 6.7778
    endloop
  endfacet
  facet normal -0.857586 -0 -0.514341
    outer loop
      vertex 11.3719 12 6.91669
      vertex 11.4552 7.4 6.7778
      vertex 11.3719 7.4 6.91669
    endloop
  endfacet
  facet normal -0.857586 0 -0.514341
    outer loop
      vertex 11.4552 0 6.7778
      vertex 11.3719 4.6 6.91669
      vertex 11.4552 4.6 6.7778
    endloop
  endfacet
  facet normal -0.857586 -0 -0.514341
    outer loop
      vertex 11.3719 4.6 6.91669
      vertex 11.4552 0 6.7778
      vertex 11.3719 0 6.91669
    endloop
  endfacet
  facet normal 0.903995 -0 0.427542
    outer loop
      vertex 8.4756 7.4 5.36858
      vertex 8.54483 12 5.2222
      vertex 8.4756 12 5.36858
    endloop
  endfacet
  facet normal 0.903995 0 0.427542
    outer loop
      vertex 8.54483 12 5.2222
      vertex 8.4756 7.4 5.36858
      vertex 8.54483 7.4 5.2222
    endloop
  endfacet
  facet normal 0.903995 -0 0.427542
    outer loop
      vertex 8.4756 0 5.36858
      vertex 8.54483 4.6 5.2222
      vertex 8.4756 4.6 5.36858
    endloop
  endfacet
  facet normal 0.903995 0 0.427542
    outer loop
      vertex 8.54483 4.6 5.2222
      vertex 8.4756 0 5.36858
      vertex 8.54483 0 5.2222
    endloop
  endfacet
  facet normal 0.970041 -0 0.242942
    outer loop
      vertex 8.38171 7.4 5.67812
      vertex 8.42105 12 5.52104
      vertex 8.38171 12 5.67812
    endloop
  endfacet
  facet normal 0.970041 0 0.242942
    outer loop
      vertex 8.42105 12 5.52104
      vertex 8.38171 7.4 5.67812
      vertex 8.42105 7.4 5.52104
    endloop
  endfacet
  facet normal 0.970041 -0 0.242942
    outer loop
      vertex 8.38171 0 5.67812
      vertex 8.42105 4.6 5.52104
      vertex 8.38171 4.6 5.67812
    endloop
  endfacet
  facet normal 0.970041 0 0.242942
    outer loop
      vertex 8.42105 4.6 5.52104
      vertex 8.38171 0 5.67812
      vertex 8.42105 0 5.52104
    endloop
  endfacet
  facet normal 0.998794 -0 0.0490967
    outer loop
      vertex 8.35001 7.4 6
      vertex 8.35796 12 5.83827
      vertex 8.35001 12 6
    endloop
  endfacet
  facet normal 0.998794 0 0.0490967
    outer loop
      vertex 8.35796 12 5.83827
      vertex 8.35001 7.4 6
      vertex 8.35796 7.4 5.83827
    endloop
  endfacet
  facet normal 0.998794 -0 0.0490967
    outer loop
      vertex 8.35001 0 6
      vertex 8.35796 4.6 5.83827
      vertex 8.35001 4.6 6
    endloop
  endfacet
  facet normal 0.998794 0 0.0490967
    outer loop
      vertex 8.35796 4.6 5.83827
      vertex 8.35001 0 6
      vertex 8.35796 0 5.83827
    endloop
  endfacet
  facet normal 0.857722 0 -0.514114
    outer loop
      vertex 8.62808 7.4 6.91669
      vertex 8.54483 12 6.7778
      vertex 8.62808 12 6.91669
    endloop
  endfacet
  facet normal 0.857722 0 -0.514114
    outer loop
      vertex 8.54483 12 6.7778
      vertex 8.62808 7.4 6.91669
      vertex 8.54483 7.4 6.7778
    endloop
  endfacet
  facet normal 0.857722 0 -0.514114
    outer loop
      vertex 8.62808 0 6.91669
      vertex 8.54483 4.6 6.7778
      vertex 8.62808 4.6 6.91669
    endloop
  endfacet
  facet normal 0.857722 0 -0.514114
    outer loop
      vertex 8.54483 4.6 6.7778
      vertex 8.62808 0 6.91669
      vertex 8.54483 0 6.7778
    endloop
  endfacet
  facet normal 0.595693 0 0.803212
    outer loop
      vertex 8.95326 12 4.72453
      vertex 9.08331 7.4 4.62808
      vertex 9.08331 12 4.62808
    endloop
  endfacet
  facet normal 0.595693 0 0.803212
    outer loop
      vertex 9.08331 7.4 4.62808
      vertex 8.95326 12 4.72453
      vertex 8.95326 7.4 4.72453
    endloop
  endfacet
  facet normal 0.595693 0 0.803212
    outer loop
      vertex 8.95326 4.6 4.72453
      vertex 9.08331 0 4.62808
      vertex 9.08331 4.6 4.62808
    endloop
  endfacet
  facet normal 0.595693 0 0.803212
    outer loop
      vertex 9.08331 0 4.62808
      vertex 8.95326 4.6 4.72453
      vertex 8.95326 0 4.72453
    endloop
  endfacet
  facet normal -0.514087 0 0.857738
    outer loop
      vertex 10.7778 12 4.54483
      vertex 10.9167 7.4 4.62808
      vertex 10.9167 12 4.62808
    endloop
  endfacet
  facet normal -0.514087 0 0.857738
    outer loop
      vertex 10.9167 7.4 4.62808
      vertex 10.7778 12 4.54483
      vertex 10.7778 7.4 4.54483
    endloop
  endfacet
  facet normal -0.514087 0 0.857738
    outer loop
      vertex 10.7778 4.6 4.54483
      vertex 10.9167 0 4.62808
      vertex 10.9167 4.6 4.62808
    endloop
  endfacet
  facet normal -0.514087 0 0.857738
    outer loop
      vertex 10.9167 0 4.62808
      vertex 10.7778 4.6 4.54483
      vertex 10.7778 0 4.54483
    endloop
  endfacet
  facet normal -0.59584 0 0.803103
    outer loop
      vertex 10.9167 12 4.62808
      vertex 11.0467 7.4 4.72453
      vertex 11.0467 12 4.72453
    endloop
  endfacet
  facet normal -0.59584 0 0.803103
    outer loop
      vertex 11.0467 7.4 4.72453
      vertex 10.9167 12 4.62808
      vertex 10.9167 7.4 4.62808
    endloop
  endfacet
  facet normal -0.59584 0 0.803103
    outer loop
      vertex 10.9167 4.6 4.62808
      vertex 11.0467 0 4.72453
      vertex 11.0467 4.6 4.72453
    endloop
  endfacet
  facet normal -0.59584 0 0.803103
    outer loop
      vertex 11.0467 0 4.72453
      vertex 10.9167 4.6 4.62808
      vertex 10.9167 0 4.62808
    endloop
  endfacet
  facet normal -0.337002 0 0.941504
    outer loop
      vertex 10.479 12 4.42105
      vertex 10.6314 7.4 4.4756
      vertex 10.6314 12 4.4756
    endloop
  endfacet
  facet normal -0.337002 0 0.941504
    outer loop
      vertex 10.6314 7.4 4.4756
      vertex 10.479 12 4.42105
      vertex 10.479 7.4 4.42105
    endloop
  endfacet
  facet normal -0.337002 0 0.941504
    outer loop
      vertex 10.479 4.6 4.42105
      vertex 10.6314 0 4.4756
      vertex 10.6314 4.6 4.4756
    endloop
  endfacet
  facet normal -0.337002 0 0.941504
    outer loop
      vertex 10.6314 0 4.4756
      vertex 10.479 4.6 4.42105
      vertex 10.479 0 4.42105
    endloop
  endfacet
  facet normal -0.242913 0 0.970048
    outer loop
      vertex 10.3219 12 4.38171
      vertex 10.479 7.4 4.42105
      vertex 10.479 12 4.42105
    endloop
  endfacet
  facet normal -0.242913 0 0.970048
    outer loop
      vertex 10.479 7.4 4.42105
      vertex 10.3219 12 4.38171
      vertex 10.3219 7.4 4.38171
    endloop
  endfacet
  facet normal -0.242913 0 0.970048
    outer loop
      vertex 10.3219 4.6 4.38171
      vertex 10.479 0 4.42105
      vertex 10.479 4.6 4.42105
    endloop
  endfacet
  facet normal -0.242913 0 0.970048
    outer loop
      vertex 10.479 0 4.42105
      vertex 10.3219 4.6 4.38171
      vertex 10.3219 0 4.38171
    endloop
  endfacet
  facet normal -0.146649 0 0.989189
    outer loop
      vertex 10.1617 12 4.35796
      vertex 10.3219 7.4 4.38171
      vertex 10.3219 12 4.38171
    endloop
  endfacet
  facet normal -0.146649 0 0.989189
    outer loop
      vertex 10.3219 7.4 4.38171
      vertex 10.1617 12 4.35796
      vertex 10.1617 7.4 4.35796
    endloop
  endfacet
  facet normal -0.146649 0 0.989189
    outer loop
      vertex 10.1617 4.6 4.35796
      vertex 10.3219 0 4.38171
      vertex 10.3219 4.6 4.38171
    endloop
  endfacet
  facet normal -0.146649 0 0.989189
    outer loop
      vertex 10.3219 0 4.38171
      vertex 10.1617 4.6 4.35796
      vertex 10.1617 0 4.35796
    endloop
  endfacet
  facet normal 0.427542 0 0.903995
    outer loop
      vertex 9.2222 12 4.54483
      vertex 9.36858 7.4 4.4756
      vertex 9.36858 12 4.4756
    endloop
  endfacet
  facet normal 0.427542 0 0.903995
    outer loop
      vertex 9.36858 7.4 4.4756
      vertex 9.2222 12 4.54483
      vertex 9.2222 7.4 4.54483
    endloop
  endfacet
  facet normal 0.427542 0 0.903995
    outer loop
      vertex 9.2222 4.6 4.54483
      vertex 9.36858 0 4.4756
      vertex 9.36858 4.6 4.4756
    endloop
  endfacet
  facet normal 0.427542 0 0.903995
    outer loop
      vertex 9.36858 0 4.4756
      vertex 9.2222 4.6 4.54483
      vertex 9.2222 0 4.54483
    endloop
  endfacet
  facet normal 0.671581 0 0.740931
    outer loop
      vertex 8.83328 12 4.83328
      vertex 8.95326 7.4 4.72453
      vertex 8.95326 12 4.72453
    endloop
  endfacet
  facet normal 0.671581 0 0.740931
    outer loop
      vertex 8.95326 7.4 4.72453
      vertex 8.83328 12 4.83328
      vertex 8.83328 7.4 4.83328
    endloop
  endfacet
  facet normal 0.671581 0 0.740931
    outer loop
      vertex 8.83328 4.6 4.83328
      vertex 8.95326 0 4.72453
      vertex 8.95326 4.6 4.72453
    endloop
  endfacet
  facet normal 0.671581 0 0.740931
    outer loop
      vertex 8.95326 0 4.72453
      vertex 8.83328 4.6 4.83328
      vertex 8.83328 0 4.83328
    endloop
  endfacet
  facet normal -0.80336 0 0.595493
    outer loop
      vertex 11.2755 7.4 4.95326
      vertex 11.3719 12 5.08331
      vertex 11.2755 12 4.95326
    endloop
  endfacet
  facet normal -0.80336 0 0.595493
    outer loop
      vertex 11.3719 12 5.08331
      vertex 11.2755 7.4 4.95326
      vertex 11.3719 7.4 5.08331
    endloop
  endfacet
  facet normal -0.80336 0 0.595493
    outer loop
      vertex 11.2755 0 4.95326
      vertex 11.3719 4.6 5.08331
      vertex 11.2755 4.6 4.95326
    endloop
  endfacet
  facet normal -0.80336 0 0.595493
    outer loop
      vertex 11.3719 4.6 5.08331
      vertex 11.2755 0 4.95326
      vertex 11.3719 0 5.08331
    endloop
  endfacet
  facet normal -0.989227 0 0.146392
    outer loop
      vertex 11.6183 7.4 5.67812
      vertex 11.642 12 5.83827
      vertex 11.6183 12 5.67812
    endloop
  endfacet
  facet normal -0.989227 0 0.146392
    outer loop
      vertex 11.642 12 5.83827
      vertex 11.6183 7.4 5.67812
      vertex 11.642 7.4 5.83827
    endloop
  endfacet
  facet normal -0.989227 0 0.146392
    outer loop
      vertex 11.6183 0 5.67812
      vertex 11.642 4.6 5.83827
      vertex 11.6183 4.6 5.67812
    endloop
  endfacet
  facet normal -0.989227 0 0.146392
    outer loop
      vertex 11.642 4.6 5.83827
      vertex 11.6183 0 5.67812
      vertex 11.642 0 5.83827
    endloop
  endfacet
  facet normal -0.904067 0 0.427391
    outer loop
      vertex 11.4552 7.4 5.2222
      vertex 11.5244 12 5.36858
      vertex 11.4552 12 5.2222
    endloop
  endfacet
  facet normal -0.904067 0 0.427391
    outer loop
      vertex 11.5244 12 5.36858
      vertex 11.4552 7.4 5.2222
      vertex 11.5244 7.4 5.36858
    endloop
  endfacet
  facet normal -0.904067 0 0.427391
    outer loop
      vertex 11.4552 0 5.2222
      vertex 11.5244 4.6 5.36858
      vertex 11.4552 4.6 5.2222
    endloop
  endfacet
  facet normal -0.904067 0 0.427391
    outer loop
      vertex 11.5244 4.6 5.36858
      vertex 11.4552 0 5.2222
      vertex 11.5244 0 5.36858
    endloop
  endfacet
  facet normal -0.857586 0 0.514341
    outer loop
      vertex 11.3719 7.4 5.08331
      vertex 11.4552 12 5.2222
      vertex 11.3719 12 5.08331
    endloop
  endfacet
  facet normal -0.857586 0 0.514341
    outer loop
      vertex 11.4552 12 5.2222
      vertex 11.3719 7.4 5.08331
      vertex 11.4552 7.4 5.2222
    endloop
  endfacet
  facet normal -0.857586 0 0.514341
    outer loop
      vertex 11.3719 0 5.08331
      vertex 11.4552 4.6 5.2222
      vertex 11.3719 4.6 5.08331
    endloop
  endfacet
  facet normal -0.857586 0 0.514341
    outer loop
      vertex 11.4552 4.6 5.2222
      vertex 11.3719 0 5.08331
      vertex 11.4552 0 5.2222
    endloop
  endfacet
  facet normal -0.740778 0 0.67175
    outer loop
      vertex 11.1667 7.4 4.83328
      vertex 11.2755 12 4.95326
      vertex 11.1667 12 4.83328
    endloop
  endfacet
  facet normal -0.740778 0 0.67175
    outer loop
      vertex 11.2755 12 4.95326
      vertex 11.1667 7.4 4.83328
      vertex 11.2755 7.4 4.95326
    endloop
  endfacet
  facet normal -0.740778 0 0.67175
    outer loop
      vertex 11.1667 0 4.83328
      vertex 11.2755 4.6 4.95326
      vertex 11.1667 4.6 4.83328
    endloop
  endfacet
  facet normal -0.740778 0 0.67175
    outer loop
      vertex 11.2755 4.6 4.95326
      vertex 11.1667 0 4.83328
      vertex 11.2755 0 4.95326
    endloop
  endfacet
  facet normal -0.989227 0 -0.146392
    outer loop
      vertex 11.642 7.4 6.16173
      vertex 11.6183 12 6.32188
      vertex 11.642 12 6.16173
    endloop
  endfacet
  facet normal -0.989227 -0 -0.146392
    outer loop
      vertex 11.6183 12 6.32188
      vertex 11.642 7.4 6.16173
      vertex 11.6183 7.4 6.32188
    endloop
  endfacet
  facet normal -0.989227 0 -0.146392
    outer loop
      vertex 11.642 0 6.16173
      vertex 11.6183 4.6 6.32188
      vertex 11.642 4.6 6.16173
    endloop
  endfacet
  facet normal -0.989227 -0 -0.146392
    outer loop
      vertex 11.6183 4.6 6.32188
      vertex 11.642 0 6.16173
      vertex 11.6183 0 6.32188
    endloop
  endfacet
  facet normal -0.969953 0 -0.243291
    outer loop
      vertex 11.6183 7.4 6.32188
      vertex 11.5789 12 6.47896
      vertex 11.6183 12 6.32188
    endloop
  endfacet
  facet normal -0.969953 -0 -0.243291
    outer loop
      vertex 11.5789 12 6.47896
      vertex 11.6183 7.4 6.32188
      vertex 11.5789 7.4 6.47896
    endloop
  endfacet
  facet normal -0.969953 0 -0.243291
    outer loop
      vertex 11.6183 0 6.32188
      vertex 11.5789 4.6 6.47896
      vertex 11.6183 4.6 6.32188
    endloop
  endfacet
  facet normal -0.969953 -0 -0.243291
    outer loop
      vertex 11.5789 4.6 6.47896
      vertex 11.6183 0 6.32188
      vertex 11.5789 0 6.47896
    endloop
  endfacet
  facet normal -0.998779 0 -0.0494048
    outer loop
      vertex 11.65 7.4 6
      vertex 11.642 12 6.16173
      vertex 11.65 12 6
    endloop
  endfacet
  facet normal -0.998779 -0 -0.0494048
    outer loop
      vertex 11.642 12 6.16173
      vertex 11.65 7.4 6
      vertex 11.642 7.4 6.16173
    endloop
  endfacet
  facet normal -0.998779 0 -0.0494048
    outer loop
      vertex 11.65 0 6
      vertex 11.642 4.6 6.16173
      vertex 11.65 4.6 6
    endloop
  endfacet
  facet normal -0.998779 -0 -0.0494048
    outer loop
      vertex 11.642 4.6 6.16173
      vertex 11.65 0 6
      vertex 11.642 0 6.16173
    endloop
  endfacet
  facet normal -0.904067 0 -0.427391
    outer loop
      vertex 11.5244 7.4 6.63142
      vertex 11.4552 12 6.7778
      vertex 11.5244 12 6.63142
    endloop
  endfacet
  facet normal -0.904067 -0 -0.427391
    outer loop
      vertex 11.4552 12 6.7778
      vertex 11.5244 7.4 6.63142
      vertex 11.4552 7.4 6.7778
    endloop
  endfacet
  facet normal -0.904067 0 -0.427391
    outer loop
      vertex 11.5244 0 6.63142
      vertex 11.4552 4.6 6.7778
      vertex 11.5244 4.6 6.63142
    endloop
  endfacet
  facet normal -0.904067 -0 -0.427391
    outer loop
      vertex 11.4552 4.6 6.7778
      vertex 11.5244 0 6.63142
      vertex 11.4552 0 6.7778
    endloop
  endfacet
  facet normal -0.941644 0 -0.33661
    outer loop
      vertex 11.5789 7.4 6.47896
      vertex 11.5244 12 6.63142
      vertex 11.5789 12 6.47896
    endloop
  endfacet
  facet normal -0.941644 -0 -0.33661
    outer loop
      vertex 11.5244 12 6.63142
      vertex 11.5789 7.4 6.47896
      vertex 11.5244 7.4 6.63142
    endloop
  endfacet
  facet normal -0.941644 0 -0.33661
    outer loop
      vertex 11.5789 0 6.47896
      vertex 11.5244 4.6 6.63142
      vertex 11.5789 4.6 6.47896
    endloop
  endfacet
  facet normal -0.941644 -0 -0.33661
    outer loop
      vertex 11.5244 4.6 6.63142
      vertex 11.5789 0 6.47896
      vertex 11.5244 0 6.63142
    endloop
  endfacet
  facet normal 0.857722 -0 0.514114
    outer loop
      vertex 8.54483 7.4 5.2222
      vertex 8.62808 12 5.08331
      vertex 8.54483 12 5.2222
    endloop
  endfacet
  facet normal 0.857722 0 0.514114
    outer loop
      vertex 8.62808 12 5.08331
      vertex 8.54483 7.4 5.2222
      vertex 8.62808 7.4 5.08331
    endloop
  endfacet
  facet normal 0.857722 -0 0.514114
    outer loop
      vertex 8.54483 0 5.2222
      vertex 8.62808 4.6 5.08331
      vertex 8.54483 4.6 5.2222
    endloop
  endfacet
  facet normal 0.857722 0 0.514114
    outer loop
      vertex 8.62808 4.6 5.08331
      vertex 8.54483 0 5.2222
      vertex 8.62808 0 5.08331
    endloop
  endfacet
  facet normal 0.803212 -0 0.595693
    outer loop
      vertex 8.62808 7.4 5.08331
      vertex 8.72453 12 4.95326
      vertex 8.62808 12 5.08331
    endloop
  endfacet
  facet normal 0.803212 0 0.595693
    outer loop
      vertex 8.72453 12 4.95326
      vertex 8.62808 7.4 5.08331
      vertex 8.72453 7.4 4.95326
    endloop
  endfacet
  facet normal 0.803212 -0 0.595693
    outer loop
      vertex 8.62808 0 5.08331
      vertex 8.72453 4.6 4.95326
      vertex 8.62808 4.6 5.08331
    endloop
  endfacet
  facet normal 0.803212 0 0.595693
    outer loop
      vertex 8.72453 4.6 4.95326
      vertex 8.62808 0 5.08331
      vertex 8.72453 0 4.95326
    endloop
  endfacet
  facet normal 0.989182 -0 0.146694
    outer loop
      vertex 8.35796 7.4 5.83827
      vertex 8.38171 12 5.67812
      vertex 8.35796 12 5.83827
    endloop
  endfacet
  facet normal 0.989182 0 0.146694
    outer loop
      vertex 8.38171 12 5.67812
      vertex 8.35796 7.4 5.83827
      vertex 8.38171 7.4 5.67812
    endloop
  endfacet
  facet normal 0.989182 -0 0.146694
    outer loop
      vertex 8.35796 0 5.83827
      vertex 8.38171 4.6 5.67812
      vertex 8.35796 4.6 5.83827
    endloop
  endfacet
  facet normal 0.989182 0 0.146694
    outer loop
      vertex 8.38171 4.6 5.67812
      vertex 8.35796 0 5.83827
      vertex 8.38171 0 5.67812
    endloop
  endfacet
  facet normal 0.941546 -0 0.336884
    outer loop
      vertex 8.42105 7.4 5.52104
      vertex 8.4756 12 5.36858
      vertex 8.42105 12 5.52104
    endloop
  endfacet
  facet normal 0.941546 0 0.336884
    outer loop
      vertex 8.4756 12 5.36858
      vertex 8.42105 7.4 5.52104
      vertex 8.4756 7.4 5.36858
    endloop
  endfacet
  facet normal 0.941546 -0 0.336884
    outer loop
      vertex 8.42105 0 5.52104
      vertex 8.4756 4.6 5.36858
      vertex 8.42105 4.6 5.52104
    endloop
  endfacet
  facet normal 0.941546 0 0.336884
    outer loop
      vertex 8.4756 4.6 5.36858
      vertex 8.42105 0 5.52104
      vertex 8.4756 0 5.36858
    endloop
  endfacet
  facet normal 0.989182 0 -0.146694
    outer loop
      vertex 8.38171 7.4 6.32188
      vertex 8.35796 12 6.16173
      vertex 8.38171 12 6.32188
    endloop
  endfacet
  facet normal 0.989182 0 -0.146694
    outer loop
      vertex 8.35796 12 6.16173
      vertex 8.38171 7.4 6.32188
      vertex 8.35796 7.4 6.16173
    endloop
  endfacet
  facet normal 0.989182 0 -0.146694
    outer loop
      vertex 8.38171 0 6.32188
      vertex 8.35796 4.6 6.16173
      vertex 8.38171 4.6 6.32188
    endloop
  endfacet
  facet normal 0.989182 0 -0.146694
    outer loop
      vertex 8.35796 4.6 6.16173
      vertex 8.38171 0 6.32188
      vertex 8.35796 0 6.16173
    endloop
  endfacet
  facet normal 0.998794 0 -0.0490967
    outer loop
      vertex 8.35796 7.4 6.16173
      vertex 8.35001 12 6
      vertex 8.35796 12 6.16173
    endloop
  endfacet
  facet normal 0.998794 0 -0.0490967
    outer loop
      vertex 8.35001 12 6
      vertex 8.35796 7.4 6.16173
      vertex 8.35001 7.4 6
    endloop
  endfacet
  facet normal 0.998794 0 -0.0490967
    outer loop
      vertex 8.35796 0 6.16173
      vertex 8.35001 4.6 6
      vertex 8.35796 4.6 6.16173
    endloop
  endfacet
  facet normal 0.998794 0 -0.0490967
    outer loop
      vertex 8.35001 4.6 6
      vertex 8.35796 0 6.16173
      vertex 8.35001 0 6
    endloop
  endfacet
  facet normal -0.0491058 0 0.998794
    outer loop
      vertex 10 12 4.35001
      vertex 10.1617 7.4 4.35796
      vertex 10.1617 12 4.35796
    endloop
  endfacet
  facet normal -0.0491058 0 0.998794
    outer loop
      vertex 10.1617 7.4 4.35796
      vertex 10 12 4.35001
      vertex 10 7.4 4.35001
    endloop
  endfacet
  facet normal -0.0491058 0 0.998794
    outer loop
      vertex 10 4.6 4.35001
      vertex 10.1617 0 4.35796
      vertex 10.1617 4.6 4.35796
    endloop
  endfacet
  facet normal -0.0491058 0 0.998794
    outer loop
      vertex 10.1617 0 4.35796
      vertex 10 4.6 4.35001
      vertex 10 0 4.35001
    endloop
  endfacet
  facet normal 0.146694 0 0.989182
    outer loop
      vertex 9.67812 12 4.38171
      vertex 9.83827 7.4 4.35796
      vertex 9.83827 12 4.35796
    endloop
  endfacet
  facet normal 0.146694 0 0.989182
    outer loop
      vertex 9.83827 7.4 4.35796
      vertex 9.67812 12 4.38171
      vertex 9.67812 7.4 4.38171
    endloop
  endfacet
  facet normal 0.146694 0 0.989182
    outer loop
      vertex 9.67812 4.6 4.38171
      vertex 9.83827 0 4.35796
      vertex 9.83827 4.6 4.35796
    endloop
  endfacet
  facet normal 0.146694 0 0.989182
    outer loop
      vertex 9.83827 0 4.35796
      vertex 9.67812 4.6 4.38171
      vertex 9.67812 0 4.38171
    endloop
  endfacet
  facet normal 0.514114 0 0.857722
    outer loop
      vertex 9.08331 12 4.62808
      vertex 9.2222 7.4 4.54483
      vertex 9.2222 12 4.54483
    endloop
  endfacet
  facet normal 0.514114 0 0.857722
    outer loop
      vertex 9.2222 7.4 4.54483
      vertex 9.08331 12 4.62808
      vertex 9.08331 7.4 4.62808
    endloop
  endfacet
  facet normal 0.514114 0 0.857722
    outer loop
      vertex 9.08331 4.6 4.62808
      vertex 9.2222 0 4.54483
      vertex 9.2222 4.6 4.54483
    endloop
  endfacet
  facet normal 0.514114 0 0.857722
    outer loop
      vertex 9.2222 0 4.54483
      vertex 9.08331 4.6 4.62808
      vertex 9.08331 0 4.62808
    endloop
  endfacet
  facet normal 0.970041 0 -0.242942
    outer loop
      vertex 8.42105 7.4 6.47896
      vertex 8.38171 12 6.32188
      vertex 8.42105 12 6.47896
    endloop
  endfacet
  facet normal 0.970041 0 -0.242942
    outer loop
      vertex 8.38171 12 6.32188
      vertex 8.42105 7.4 6.47896
      vertex 8.38171 7.4 6.32188
    endloop
  endfacet
  facet normal 0.970041 0 -0.242942
    outer loop
      vertex 8.42105 0 6.47896
      vertex 8.38171 4.6 6.32188
      vertex 8.42105 4.6 6.47896
    endloop
  endfacet
  facet normal 0.970041 0 -0.242942
    outer loop
      vertex 8.38171 4.6 6.32188
      vertex 8.42105 0 6.47896
      vertex 8.38171 0 6.32188
    endloop
  endfacet
  facet normal 1 -0 0
    outer loop
      vertex 7.15 4.6 12
      vertex 7.15 7.4 2.7091
      vertex 7.15 7.4 12
    endloop
  endfacet
  facet normal 1 0 0
    outer loop
      vertex 7.15 7.4 2.7091
      vertex 7.15 4.6 12
      vertex 7.15 4.6 2.7091
    endloop
  endfacet
  facet normal -1 0 0
    outer loop
      vertex 12.85 4.6 2.7091
      vertex 12.85 7.4 12
      vertex 12.85 7.4 2.7091
    endloop
  endfacet
  facet normal -1 -0 0
    outer loop
      vertex 12.85 7.4 12
      vertex 12.85 4.6 2.7091
      vertex 12.85 4.6 12
    endloop
  endfacet
  facet normal 0 -1 0
    outer loop
      vertex 7.15 7.4 12
      vertex 10 7.4 8.33345
      vertex 12.85 7.4 12
    endloop
  endfacet
  facet normal 0 -1 0
    outer loop
      vertex 7.15 7.4 12
      vertex 8.83328 7.4 7.16672
      vertex 10 7.4 8.33345
    endloop
  endfacet
  facet normal 0 -1 0
    outer loop
      vertex 7.15 7.4 12
      vertex 8.72453 7.4 7.04674
      vertex 8.83328 7.4 7.16672
    endloop
  endfacet
  facet normal 0 -1 0
    outer loop
      vertex 7.15 7.4 12
      vertex 8.62808 7.4 6.91669
      vertex 8.72453 7.4 7.04674
    endloop
  endfacet
  facet normal 0 -1 0
    outer loop
      vertex 7.15 7.4 12
      vertex 8.54483 7.4 6.7778
      vertex 8.62808 7.4 6.91669
    endloop
  endfacet
  facet normal 0 -1 0
    outer loop
      vertex 7.15 7.4 12
      vertex 8.4756 7.4 6.63142
      vertex 8.54483 7.4 6.7778
    endloop
  endfacet
  facet normal 0 -1 0
    outer loop
      vertex 7.15 7.4 12
      vertex 8.42105 7.4 6.47896
      vertex 8.4756 7.4 6.63142
    endloop
  endfacet
  facet normal 0 -1 0
    outer loop
      vertex 7.15 7.4 12
      vertex 8.38171 7.4 6.32188
      vertex 8.42105 7.4 6.47896
    endloop
  endfacet
  facet normal 0 -1 0
    outer loop
      vertex 7.15 7.4 12
      vertex 8.35796 7.4 6.16173
      vertex 8.38171 7.4 6.32188
    endloop
  endfacet
  facet normal 0 -1 0
    outer loop
      vertex 7.15 7.4 2.7091
      vertex 8.35796 7.4 6.16173
      vertex 7.15 7.4 12
    endloop
  endfacet
  facet normal 0 -1 0
    outer loop
      vertex 8.35796 7.4 6.16173
      vertex 7.15 7.4 2.7091
      vertex 8.35001 7.4 6
    endloop
  endfacet
  facet normal 0 -1 -0
    outer loop
      vertex 8.35001 7.4 6
      vertex 7.15 7.4 2.7091
      vertex 8.35796 7.4 5.83827
    endloop
  endfacet
  facet normal 0 -1 -0
    outer loop
      vertex 9.83827 7.4 4.35796
      vertex 7.15 7.4 2.7091
      vertex 10 7.4 4.35001
    endloop
  endfacet
  facet normal 0 -1 -0
    outer loop
      vertex 9.67812 7.4 4.38171
      vertex 7.15 7.4 2.7091
      vertex 9.83827 7.4 4.35796
    endloop
  endfacet
  facet normal 0 -1 -0
    outer loop
      vertex 9.52104 7.4 4.42105
      vertex 7.15 7.4 2.7091
      vertex 9.67812 7.4 4.38171
    endloop
  endfacet
  facet normal 0 -1 -0
    outer loop
      vertex 9.36858 7.4 4.4756
      vertex 7.15 7.4 2.7091
      vertex 9.52104 7.4 4.42105
    endloop
  endfacet
  facet normal 0 -1 -0
    outer loop
      vertex 9.2222 7.4 4.54483
      vertex 7.15 7.4 2.7091
      vertex 9.36858 7.4 4.4756
    endloop
  endfacet
  facet normal 0 -1 -0
    outer loop
      vertex 9.08331 7.4 4.62808
      vertex 7.15 7.4 2.7091
      vertex 9.2222 7.4 4.54483
    endloop
  endfacet
  facet normal 0 -1 -0
    outer loop
      vertex 8.95326 7.4 4.72453
      vertex 7.15 7.4 2.7091
      vertex 9.08331 7.4 4.62808
    endloop
  endfacet
  facet normal 0 -1 -0
    outer loop
      vertex 8.83328 7.4 4.83328
      vertex 7.15 7.4 2.7091
      vertex 8.95326 7.4 4.72453
    endloop
  endfacet
  facet normal 0 -1 -0
    outer loop
      vertex 8.72453 7.4 4.95326
      vertex 7.15 7.4 2.7091
      vertex 8.83328 7.4 4.83328
    endloop
  endfacet
  facet normal 0 -1 -0
    outer loop
      vertex 8.62808 7.4 5.08331
      vertex 7.15 7.4 2.7091
      vertex 8.72453 7.4 4.95326
    endloop
  endfacet
  facet normal 0 -1 -0
    outer loop
      vertex 8.54483 7.4 5.2222
      vertex 7.15 7.4 2.7091
      vertex 8.62808 7.4 5.08331
    endloop
  endfacet
  facet normal 0 -1 -0
    outer loop
      vertex 8.4756 7.4 5.36858
      vertex 7.15 7.4 2.7091
      vertex 8.54483 7.4 5.2222
    endloop
  endfacet
  facet normal 0 -1 -0
    outer loop
      vertex 8.42105 7.4 5.52104
      vertex 7.15 7.4 2.7091
      vertex 8.4756 7.4 5.36858
    endloop
  endfacet
  facet normal 0 -1 -0
    outer loop
      vertex 8.38171 7.4 5.67812
      vertex 7.15 7.4 2.7091
      vertex 8.42105 7.4 5.52104
    endloop
  endfacet
  facet normal 0 -1 -0
    outer loop
      vertex 8.35796 7.4 5.83827
      vertex 7.15 7.4 2.7091
      vertex 8.38171 7.4 5.67812
    endloop
  endfacet
  facet normal 0 -1 0
    outer loop
      vertex 11.1667 7.4 7.16672
      vertex 12.85 7.4 12
      vertex 10 7.4 8.33345
    endloop
  endfacet
  facet normal 0 -1 0
    outer loop
      vertex 11.2755 7.4 7.04674
      vertex 12.85 7.4 12
      vertex 11.1667 7.4 7.16672
    endloop
  endfacet
  facet normal 0 -1 0
    outer loop
      vertex 11.3719 7.4 6.91669
      vertex 12.85 7.4 12
      vertex 11.2755 7.4 7.04674
    endloop
  endfacet
  facet normal 0 -1 0
    outer loop
      vertex 11.4552 7.4 6.7778
      vertex 12.85 7.4 12
      vertex 11.3719 7.4 6.91669
    endloop
  endfacet
  facet normal 0 -1 0
    outer loop
      vertex 11.5244 7.4 6.63142
      vertex 12.85 7.4 12
      vertex 11.4552 7.4 6.7778
    endloop
  endfacet
  facet normal 0 -1 0
    outer loop
      vertex 11.5789 7.4 6.47896
      vertex 12.85 7.4 12
      vertex 11.5244 7.4 6.63142
    endloop
  endfacet
  facet normal 0 -1 0
    outer loop
      vertex 11.6183 7.4 6.32188
      vertex 12.85 7.4 12
      vertex 11.5789 7.4 6.47896
    endloop
  endfacet
  facet normal 0 -1 0
    outer loop
      vertex 11.642 7.4 6.16173
      vertex 12.85 7.4 12
      vertex 11.6183 7.4 6.32188
    endloop
  endfacet
  facet normal 0 -1 0
    outer loop
      vertex 12.85 7.4 2.7091
      vertex 11.642 7.4 6.16173
      vertex 11.65 7.4 6
    endloop
  endfacet
  facet normal 0 -1 0
    outer loop
      vertex 12.85 7.4 2.7091
      vertex 11.65 7.4 6
      vertex 11.642 7.4 5.83827
    endloop
  endfacet
  facet normal 0 -1 0
    outer loop
      vertex 12.85 7.4 2.7091
      vertex 11.642 7.4 5.83827
      vertex 11.6183 7.4 5.67812
    endloop
  endfacet
  facet normal 0 -1 0
    outer loop
      vertex 12.85 7.4 2.7091
      vertex 10 7.4 4.35001
      vertex 7.15 7.4 2.7091
    endloop
  endfacet
  facet normal 0 -1 0
    outer loop
      vertex 10 7.4 4.35001
      vertex 12.85 7.4 2.7091
      vertex 10.1617 7.4 4.35796
    endloop
  endfacet
  facet normal 0 -1 0
    outer loop
      vertex 10.1617 7.4 4.35796
      vertex 12.85 7.4 2.7091
      vertex 10.3219 7.4 4.38171
    endloop
  endfacet
  facet normal 0 -1 0
    outer loop
      vertex 10.3219 7.4 4.38171
      vertex 12.85 7.4 2.7091
      vertex 10.479 7.4 4.42105
    endloop
  endfacet
  facet normal 0 -1 0
    outer loop
      vertex 10.479 7.4 4.42105
      vertex 12.85 7.4 2.7091
      vertex 10.6314 7.4 4.4756
    endloop
  endfacet
  facet normal 0 -1 0
    outer loop
      vertex 11.642 7.4 6.16173
      vertex 12.85 7.4 2.7091
      vertex 12.85 7.4 12
    endloop
  endfacet
  facet normal 0 -1 0
    outer loop
      vertex 11.5789 7.4 5.52104
      vertex 12.85 7.4 2.7091
      vertex 11.6183 7.4 5.67812
    endloop
  endfacet
  facet normal 0 -1 0
    outer loop
      vertex 11.5244 7.4 5.36858
      vertex 12.85 7.4 2.7091
      vertex 11.5789 7.4 5.52104
    endloop
  endfacet
  facet normal 0 -1 0
    outer loop
      vertex 11.4552 7.4 5.2222
      vertex 12.85 7.4 2.7091
      vertex 11.5244 7.4 5.36858
    endloop
  endfacet
  facet normal 0 -1 0
    outer loop
      vertex 11.3719 7.4 5.08331
      vertex 12.85 7.4 2.7091
      vertex 11.4552 7.4 5.2222
    endloop
  endfacet
  facet normal 0 -1 0
    outer loop
      vertex 11.2755 7.4 4.95326
      vertex 12.85 7.4 2.7091
      vertex 11.3719 7.4 5.08331
    endloop
  endfacet
  facet normal 0 -1 0
    outer loop
      vertex 11.1667 7.4 4.83328
      vertex 12.85 7.4 2.7091
      vertex 11.2755 7.4 4.95326
    endloop
  endfacet
  facet normal 0 -1 0
    outer loop
      vertex 11.0467 7.4 4.72453
      vertex 12.85 7.4 2.7091
      vertex 11.1667 7.4 4.83328
    endloop
  endfacet
  facet normal 0 -1 0
    outer loop
      vertex 10.9167 7.4 4.62808
      vertex 12.85 7.4 2.7091
      vertex 11.0467 7.4 4.72453
    endloop
  endfacet
  facet normal 0 -1 0
    outer loop
      vertex 10.7778 7.4 4.54483
      vertex 12.85 7.4 2.7091
      vertex 10.9167 7.4 4.62808
    endloop
  endfacet
  facet normal 0 -1 0
    outer loop
      vertex 10.6314 7.4 4.4756
      vertex 12.85 7.4 2.7091
      vertex 10.7778 7.4 4.54483
    endloop
  endfacet
  facet normal -0 0 1
    outer loop
      vertex 7.15 7.4 2.7091
      vertex 12.85 4.6 2.7091
      vertex 12.85 7.4 2.7091
    endloop
  endfacet
  facet normal 0 0 1
    outer loop
      vertex 12.85 4.6 2.7091
      vertex 7.15 7.4 2.7091
      vertex 7.15 4.6 2.7091
    endloop
  endfacet
  facet normal 0 1 0
    outer loop
      vertex 12.85 4.6 12
      vertex 10 4.6 8.33345
      vertex 7.15 4.6 12
    endloop
  endfacet
  facet normal 0 1 0
    outer loop
      vertex 12.85 4.6 12
      vertex 11.1667 4.6 7.16672
      vertex 10 4.6 8.33345
    endloop
  endfacet
  facet normal 0 1 0
    outer loop
      vertex 12.85 4.6 12
      vertex 11.2755 4.6 7.04674
      vertex 11.1667 4.6 7.16672
    endloop
  endfacet
  facet normal 0 1 0
    outer loop
      vertex 12.85 4.6 12
      vertex 11.3719 4.6 6.91669
      vertex 11.2755 4.6 7.04674
    endloop
  endfacet
  facet normal 0 1 0
    outer loop
      vertex 12.85 4.6 12
      vertex 11.4552 4.6 6.7778
      vertex 11.3719 4.6 6.91669
    endloop
  endfacet
  facet normal 0 1 0
    outer loop
      vertex 12.85 4.6 12
      vertex 11.5244 4.6 6.63142
      vertex 11.4552 4.6 6.7778
    endloop
  endfacet
  facet normal 0 1 0
    outer loop
      vertex 12.85 4.6 12
      vertex 11.5789 4.6 6.47896
      vertex 11.5244 4.6 6.63142
    endloop
  endfacet
  facet normal 0 1 0
    outer loop
      vertex 12.85 4.6 12
      vertex 11.6183 4.6 6.32188
      vertex 11.5789 4.6 6.47896
    endloop
  endfacet
  facet normal 0 1 0
    outer loop
      vertex 12.85 4.6 12
      vertex 11.642 4.6 6.16173
      vertex 11.6183 4.6 6.32188
    endloop
  endfacet
  facet normal 0 1 -0
    outer loop
      vertex 12.85 4.6 2.7091
      vertex 11.642 4.6 6.16173
      vertex 12.85 4.6 12
    endloop
  endfacet
  facet normal 0 1 0
    outer loop
      vertex 11.642 4.6 6.16173
      vertex 12.85 4.6 2.7091
      vertex 11.65 4.6 6
    endloop
  endfacet
  facet normal 0 1 0
    outer loop
      vertex 11.65 4.6 6
      vertex 12.85 4.6 2.7091
      vertex 11.642 4.6 5.83827
    endloop
  endfacet
  facet normal 0 1 0
    outer loop
      vertex 10.1617 4.6 4.35796
      vertex 12.85 4.6 2.7091
      vertex 10 4.6 4.35001
    endloop
  endfacet
  facet normal 0 1 0
    outer loop
      vertex 10.3219 4.6 4.38171
      vertex 12.85 4.6 2.7091
      vertex 10.1617 4.6 4.35796
    endloop
  endfacet
  facet normal 0 1 0
    outer loop
      vertex 10.479 4.6 4.42105
      vertex 12.85 4.6 2.7091
      vertex 10.3219 4.6 4.38171
    endloop
  endfacet
  facet normal 0 1 0
    outer loop
      vertex 10.6314 4.6 4.4756
      vertex 12.85 4.6 2.7091
      vertex 10.479 4.6 4.42105
    endloop
  endfacet
  facet normal 0 1 0
    outer loop
      vertex 10.7778 4.6 4.54483
      vertex 12.85 4.6 2.7091
      vertex 10.6314 4.6 4.4756
    endloop
  endfacet
  facet normal 0 1 0
    outer loop
      vertex 10.9167 4.6 4.62808
      vertex 12.85 4.6 2.7091
      vertex 10.7778 4.6 4.54483
    endloop
  endfacet
  facet normal 0 1 0
    outer loop
      vertex 11.0467 4.6 4.72453
      vertex 12.85 4.6 2.7091
      vertex 10.9167 4.6 4.62808
    endloop
  endfacet
  facet normal 0 1 0
    outer loop
      vertex 11.1667 4.6 4.83328
      vertex 12.85 4.6 2.7091
      vertex 11.0467 4.6 4.72453
    endloop
  endfacet
  facet normal 0 1 0
    outer loop
      vertex 11.2755 4.6 4.95326
      vertex 12.85 4.6 2.7091
      vertex 11.1667 4.6 4.83328
    endloop
  endfacet
  facet normal 0 1 0
    outer loop
      vertex 11.3719 4.6 5.08331
      vertex 12.85 4.6 2.7091
      vertex 11.2755 4.6 4.95326
    endloop
  endfacet
  facet normal 0 1 0
    outer loop
      vertex 11.4552 4.6 5.2222
      vertex 12.85 4.6 2.7091
      vertex 11.3719 4.6 5.08331
    endloop
  endfacet
  facet normal 0 1 0
    outer loop
      vertex 11.5244 4.6 5.36858
      vertex 12.85 4.6 2.7091
      vertex 11.4552 4.6 5.2222
    endloop
  endfacet
  facet normal 0 1 0
    outer loop
      vertex 11.5789 4.6 5.52104
      vertex 12.85 4.6 2.7091
      vertex 11.5244 4.6 5.36858
    endloop
  endfacet
  facet normal 0 1 0
    outer loop
      vertex 11.6183 4.6 5.67812
      vertex 12.85 4.6 2.7091
      vertex 11.5789 4.6 5.52104
    endloop
  endfacet
  facet normal 0 1 0
    outer loop
      vertex 11.642 4.6 5.83827
      vertex 12.85 4.6 2.7091
      vertex 11.6183 4.6 5.67812
    endloop
  endfacet
  facet normal 0 1 -0
    outer loop
      vertex 8.83328 4.6 7.16672
      vertex 7.15 4.6 12
      vertex 10 4.6 8.33345
    endloop
  endfacet
  facet normal 0 1 -0
    outer loop
      vertex 8.72453 4.6 7.04674
      vertex 7.15 4.6 12
      vertex 8.83328 4.6 7.16672
    endloop
  endfacet
  facet normal 0 1 -0
    outer loop
      vertex 8.62808 4.6 6.91669
      vertex 7.15 4.6 12
      vertex 8.72453 4.6 7.04674
    endloop
  endfacet
  facet normal 0 1 -0
    outer loop
      vertex 8.54483 4.6 6.7778
      vertex 7.15 4.6 12
      vertex 8.62808 4.6 6.91669
    endloop
  endfacet
  facet normal 0 1 -0
    outer loop
      vertex 8.4756 4.6 6.63142
      vertex 7.15 4.6 12
      vertex 8.54483 4.6 6.7778
    endloop
  endfacet
  facet normal 0 1 -0
    outer loop
      vertex 8.42105 4.6 6.47896
      vertex 7.15 4.6 12
      vertex 8.4756 4.6 6.63142
    endloop
  endfacet
  facet normal 0 1 -0
    outer loop
      vertex 8.38171 4.6 6.32188
      vertex 7.15 4.6 12
      vertex 8.42105 4.6 6.47896
    endloop
  endfacet
  facet normal 0 1 -0
    outer loop
      vertex 8.35796 4.6 6.16173
      vertex 7.15 4.6 12
      vertex 8.38171 4.6 6.32188
    endloop
  endfacet
  facet normal 0 1 0
    outer loop
      vertex 7.15 4.6 2.7091
      vertex 8.35796 4.6 6.16173
      vertex 8.35001 4.6 6
    endloop
  endfacet
  facet normal 0 1 0
    outer loop
      vertex 7.15 4.6 2.7091
      vertex 8.35001 4.6 6
      vertex 8.35796 4.6 5.83827
    endloop
  endfacet
  facet normal 0 1 0
    outer loop
      vertex 7.15 4.6 2.7091
      vertex 8.35796 4.6 5.83827
      vertex 8.38171 4.6 5.67812
    endloop
  endfacet
  facet normal 0 1 0
    outer loop
      vertex 7.15 4.6 2.7091
      vertex 10 4.6 4.35001
      vertex 12.85 4.6 2.7091
    endloop
  endfacet
  facet normal 0 1 0
    outer loop
      vertex 10 4.6 4.35001
      vertex 7.15 4.6 2.7091
      vertex 9.83827 4.6 4.35796
    endloop
  endfacet
  facet normal 0 1 0
    outer loop
      vertex 9.83827 4.6 4.35796
      vertex 7.15 4.6 2.7091
      vertex 9.67812 4.6 4.38171
    endloop
  endfacet
  facet normal 0 1 0
    outer loop
      vertex 9.67812 4.6 4.38171
      vertex 7.15 4.6 2.7091
      vertex 9.52104 4.6 4.42105
    endloop
  endfacet
  facet normal 0 1 0
    outer loop
      vertex 9.52104 4.6 4.42105
      vertex 7.15 4.6 2.7091
      vertex 9.36858 4.6 4.4756
    endloop
  endfacet
  facet normal 0 1 0
    outer loop
      vertex 8.35796 4.6 6.16173
      vertex 7.15 4.6 2.7091
      vertex 7.15 4.6 12
    endloop
  endfacet
  facet normal 0 1 0
    outer loop
      vertex 8.42105 4.6 5.52104
      vertex 7.15 4.6 2.7091
      vertex 8.38171 4.6 5.67812
    endloop
  endfacet
  facet normal 0 1 0
    outer loop
      vertex 8.4756 4.6 5.36858
      vertex 7.15 4.6 2.7091
      vertex 8.42105 4.6 5.52104
    endloop
  endfacet
  facet normal 0 1 0
    outer loop
      vertex 8.54483 4.6 5.2222
      vertex 7.15 4.6 2.7091
      vertex 8.4756 4.6 5.36858
    endloop
  endfacet
  facet normal 0 1 0
    outer loop
      vertex 8.62808 4.6 5.08331
      vertex 7.15 4.6 2.7091
      vertex 8.54483 4.6 5.2222
    endloop
  endfacet
  facet normal 0 1 0
    outer loop
      vertex 8.72453 4.6 4.95326
      vertex 7.15 4.6 2.7091
      vertex 8.62808 4.6 5.08331
    endloop
  endfacet
  facet normal 0 1 0
    outer loop
      vertex 8.83328 4.6 4.83328
      vertex 7.15 4.6 2.7091
      vertex 8.72453 4.6 4.95326
    endloop
  endfacet
  facet normal 0 1 0
    outer loop
      vertex 8.95326 4.6 4.72453
      vertex 7.15 4.6 2.7091
      vertex 8.83328 4.6 4.83328
    endloop
  endfacet
  facet normal 0 1 0
    outer loop
      vertex 9.08331 4.6 4.62808
      vertex 7.15 4.6 2.7091
      vertex 8.95326 4.6 4.72453
    endloop
  endfacet
  facet normal 0 1 0
    outer loop
      vertex 9.2222 4.6 4.54483
      vertex 7.15 4.6 2.7091
      vertex 9.08331 4.6 4.62808
    endloop
  endfacet
  facet normal 0 1 0
    outer loop
      vertex 9.36858 4.6 4.4756
      vertex 7.15 4.6 2.7091
      vertex 9.2222 4.6 4.54483
    endloop
  endfacet
  facet normal -0.998796 -0.0490485 0
    outer loop
      vertex 2 87.3073 0
      vertex 1.99037 87.5034 12
      vertex 1.99037 87.5034 0
    endloop
  endfacet
  facet normal -0.998796 -0.0490485 0
    outer loop
      vertex 1.99037 87.5034 12
      vertex 2 87.3073 0
      vertex 2 87.3073 12
    endloop
  endfacet
  facet normal 0.998796 -0.0490485 0
    outer loop
      vertex -2 87.3073 12
      vertex -1.99037 87.5034 0
      vertex -1.99037 87.5034 12
    endloop
  endfacet
  facet normal 0.998796 -0.0490485 0
    outer loop
      vertex -1.99037 87.5034 0
      vertex -2 87.3073 12
      vertex -2 87.3073 0
    endloop
  endfacet
  facet normal -0.0489127 -0.998803 0
    outer loop
      vertex 0 89.3073 0
      vertex 0.196033 89.2977 12
      vertex 0 89.3073 12
    endloop
  endfacet
  facet normal -0.0489127 -0.998803 -0
    outer loop
      vertex 0.196033 89.2977 12
      vertex 0 89.3073 0
      vertex 0.196033 89.2977 0
    endloop
  endfacet
  facet normal -0.049421 0.998778 0
    outer loop
      vertex 0.196033 85.317 0
      vertex 0 85.3073 9.5
      vertex 0.196033 85.317 9.5
    endloop
  endfacet
  facet normal -0.049421 0.998778 0
    outer loop
      vertex 0 85.3073 9.5
      vertex 0.196033 85.317 0
      vertex 0 85.3073 0
    endloop
  endfacet
  facet normal -0.671836 -0.7407 0
    outer loop
      vertex 1.26879 88.8534 0
      vertex 1.41421 88.7215 12
      vertex 1.26879 88.8534 12
    endloop
  endfacet
  facet normal -0.671836 -0.7407 -0
    outer loop
      vertex 1.41421 88.7215 12
      vertex 1.26879 88.8534 0
      vertex 1.41421 88.7215 0
    endloop
  endfacet
  facet normal 0.671836 -0.7407 0
    outer loop
      vertex -1.41421 88.7215 0
      vertex -1.26879 88.8534 12
      vertex -1.41421 88.7215 12
    endloop
  endfacet
  facet normal 0.671836 -0.7407 0
    outer loop
      vertex -1.26879 88.8534 12
      vertex -1.41421 88.7215 0
      vertex -1.26879 88.8534 0
    endloop
  endfacet
  facet normal 0.336791 -0.941579 0
    outer loop
      vertex -0.765367 89.1551 0
      vertex -0.580569 89.2212 12
      vertex -0.765367 89.1551 12
    endloop
  endfacet
  facet normal 0.336791 -0.941579 0
    outer loop
      vertex -0.580569 89.2212 12
      vertex -0.765367 89.1551 0
      vertex -0.580569 89.2212 0
    endloop
  endfacet
  facet normal -0.903958 -0.427622 0
    outer loop
      vertex 1.84776 88.0727 0
      vertex 1.76384 88.2501 12
      vertex 1.76384 88.2501 0
    endloop
  endfacet
  facet normal -0.903958 -0.427622 0
    outer loop
      vertex 1.76384 88.2501 12
      vertex 1.84776 88.0727 0
      vertex 1.84776 88.0727 12
    endloop
  endfacet
  facet normal -0.427487 -0.904021 0
    outer loop
      vertex 0.765367 89.1551 0
      vertex 0.942793 89.0712 12
      vertex 0.765367 89.1551 12
    endloop
  endfacet
  facet normal -0.427487 -0.904021 -0
    outer loop
      vertex 0.942793 89.0712 12
      vertex 0.765367 89.1551 0
      vertex 0.942793 89.0712 0
    endloop
  endfacet
  facet normal -0.59563 -0.803259 0
    outer loop
      vertex 1.11114 88.9703 0
      vertex 1.26879 88.8534 12
      vertex 1.11114 88.9703 12
    endloop
  endfacet
  facet normal -0.59563 -0.803259 -0
    outer loop
      vertex 1.26879 88.8534 12
      vertex 1.11114 88.9703 0
      vertex 1.26879 88.8534 0
    endloop
  endfacet
  facet normal 0.903958 -0.427622 0
    outer loop
      vertex -1.84776 88.0727 12
      vertex -1.76384 88.2501 0
      vertex -1.76384 88.2501 12
    endloop
  endfacet
  facet normal 0.903958 -0.427622 0
    outer loop
      vertex -1.76384 88.2501 0
      vertex -1.84776 88.0727 12
      vertex -1.84776 88.0727 0
    endloop
  endfacet
  facet normal 0.146735 -0.989176 0
    outer loop
      vertex -0.390181 89.2689 0
      vertex -0.196033 89.2977 12
      vertex -0.390181 89.2689 12
    endloop
  endfacet
  facet normal 0.146735 -0.989176 0
    outer loop
      vertex -0.196033 89.2977 12
      vertex -0.390181 89.2689 0
      vertex -0.196033 89.2977 0
    endloop
  endfacet
  facet normal -0.336791 0.941579 0
    outer loop
      vertex 0.765367 85.4596 0
      vertex 0.580569 85.3935 9.5
      vertex 0.765367 85.4596 9.5
    endloop
  endfacet
  facet normal -0.336791 0.941579 0
    outer loop
      vertex 0.580569 85.3935 9.5
      vertex 0.765367 85.4596 0
      vertex 0.580569 85.3935 0
    endloop
  endfacet
  facet normal -0.970035 -0.242967 0
    outer loop
      vertex 1.96157 87.6975 0
      vertex 1.91388 87.8879 12
      vertex 1.91388 87.8879 0
    endloop
  endfacet
  facet normal -0.970035 -0.242967 0
    outer loop
      vertex 1.91388 87.8879 12
      vertex 1.96157 87.6975 0
      vertex 1.96157 87.6975 12
    endloop
  endfacet
  facet normal -0.989171 -0.14677 0
    outer loop
      vertex 1.99037 87.5034 0
      vertex 1.96157 87.6975 12
      vertex 1.96157 87.6975 0
    endloop
  endfacet
  facet normal -0.989171 -0.14677 0
    outer loop
      vertex 1.96157 87.6975 12
      vertex 1.99037 87.5034 0
      vertex 1.99037 87.5034 12
    endloop
  endfacet
  facet normal -0.941548 -0.336879 0
    outer loop
      vertex 1.91388 87.8879 0
      vertex 1.84776 88.0727 12
      vertex 1.84776 88.0727 0
    endloop
  endfacet
  facet normal -0.941548 -0.336879 0
    outer loop
      vertex 1.84776 88.0727 12
      vertex 1.91388 87.8879 0
      vertex 1.91388 87.8879 12
    endloop
  endfacet
  facet normal -0.80312 -0.595817 0
    outer loop
      vertex 1.66294 88.4185 0
      vertex 1.54602 88.5761 12
      vertex 1.54602 88.5761 0
    endloop
  endfacet
  facet normal -0.80312 -0.595817 0
    outer loop
      vertex 1.54602 88.5761 12
      vertex 1.66294 88.4185 0
      vertex 1.66294 88.4185 12
    endloop
  endfacet
  facet normal -0.740882 -0.671635 0
    outer loop
      vertex 1.54602 88.5761 0
      vertex 1.41421 88.7215 12
      vertex 1.41421 88.7215 0
    endloop
  endfacet
  facet normal -0.740882 -0.671635 0
    outer loop
      vertex 1.41421 88.7215 12
      vertex 1.54602 88.5761 0
      vertex 1.54602 88.5761 12
    endloop
  endfacet
  facet normal -0.857807 -0.513971 0
    outer loop
      vertex 1.76384 88.2501 0
      vertex 1.66294 88.4185 12
      vertex 1.66294 88.4185 0
    endloop
  endfacet
  facet normal -0.857807 -0.513971 0
    outer loop
      vertex 1.66294 88.4185 12
      vertex 1.76384 88.2501 0
      vertex 1.76384 88.2501 12
    endloop
  endfacet
  facet normal -0.24303 -0.970019 0
    outer loop
      vertex 0.390181 89.2689 0
      vertex 0.580569 89.2212 12
      vertex 0.390181 89.2689 12
    endloop
  endfacet
  facet normal -0.24303 -0.970019 -0
    outer loop
      vertex 0.580569 89.2212 12
      vertex 0.390181 89.2689 0
      vertex 0.580569 89.2212 0
    endloop
  endfacet
  facet normal -0.336791 -0.941579 0
    outer loop
      vertex 0.580569 89.2212 0
      vertex 0.765367 89.1551 12
      vertex 0.580569 89.2212 12
    endloop
  endfacet
  facet normal -0.336791 -0.941579 -0
    outer loop
      vertex 0.765367 89.1551 12
      vertex 0.580569 89.2212 0
      vertex 0.765367 89.1551 0
    endloop
  endfacet
  facet normal -0.146735 -0.989176 0
    outer loop
      vertex 0.196033 89.2977 0
      vertex 0.390181 89.2689 12
      vertex 0.196033 89.2977 12
    endloop
  endfacet
  facet normal -0.146735 -0.989176 -0
    outer loop
      vertex 0.390181 89.2689 12
      vertex 0.196033 89.2977 0
      vertex 0.390181 89.2689 0
    endloop
  endfacet
  facet normal -0.51409 -0.857736 0
    outer loop
      vertex 0.942793 89.0712 0
      vertex 1.11114 88.9703 12
      vertex 0.942793 89.0712 12
    endloop
  endfacet
  facet normal -0.51409 -0.857736 -0
    outer loop
      vertex 1.11114 88.9703 12
      vertex 0.942793 89.0712 0
      vertex 1.11114 88.9703 0
    endloop
  endfacet
  facet normal 0.970035 -0.242967 0
    outer loop
      vertex -1.96157 87.6975 12
      vertex -1.91388 87.8879 0
      vertex -1.91388 87.8879 12
    endloop
  endfacet
  facet normal 0.970035 -0.242967 0
    outer loop
      vertex -1.91388 87.8879 0
      vertex -1.96157 87.6975 12
      vertex -1.96157 87.6975 0
    endloop
  endfacet
  facet normal 0.80312 -0.595817 0
    outer loop
      vertex -1.66294 88.4185 12
      vertex -1.54602 88.5761 0
      vertex -1.54602 88.5761 12
    endloop
  endfacet
  facet normal 0.80312 -0.595817 0
    outer loop
      vertex -1.54602 88.5761 0
      vertex -1.66294 88.4185 12
      vertex -1.66294 88.4185 0
    endloop
  endfacet
  facet normal 0.740882 -0.671635 0
    outer loop
      vertex -1.54602 88.5761 12
      vertex -1.41421 88.7215 0
      vertex -1.41421 88.7215 12
    endloop
  endfacet
  facet normal 0.740882 -0.671635 0
    outer loop
      vertex -1.41421 88.7215 0
      vertex -1.54602 88.5761 12
      vertex -1.54602 88.5761 0
    endloop
  endfacet
  facet normal 0.857807 -0.513971 0
    outer loop
      vertex -1.76384 88.2501 12
      vertex -1.66294 88.4185 0
      vertex -1.66294 88.4185 12
    endloop
  endfacet
  facet normal 0.857807 -0.513971 0
    outer loop
      vertex -1.66294 88.4185 0
      vertex -1.76384 88.2501 12
      vertex -1.76384 88.2501 0
    endloop
  endfacet
  facet normal 0.941548 -0.336879 0
    outer loop
      vertex -1.91388 87.8879 12
      vertex -1.84776 88.0727 0
      vertex -1.84776 88.0727 12
    endloop
  endfacet
  facet normal 0.941548 -0.336879 0
    outer loop
      vertex -1.84776 88.0727 0
      vertex -1.91388 87.8879 12
      vertex -1.91388 87.8879 0
    endloop
  endfacet
  facet normal 0.989171 -0.14677 0
    outer loop
      vertex -1.99037 87.5034 12
      vertex -1.96157 87.6975 0
      vertex -1.96157 87.6975 12
    endloop
  endfacet
  facet normal 0.989171 -0.14677 0
    outer loop
      vertex -1.96157 87.6975 0
      vertex -1.99037 87.5034 12
      vertex -1.99037 87.5034 0
    endloop
  endfacet
  facet normal 0.51409 -0.857736 0
    outer loop
      vertex -1.11114 88.9703 0
      vertex -0.942793 89.0712 12
      vertex -1.11114 88.9703 12
    endloop
  endfacet
  facet normal 0.51409 -0.857736 0
    outer loop
      vertex -0.942793 89.0712 12
      vertex -1.11114 88.9703 0
      vertex -0.942793 89.0712 0
    endloop
  endfacet
  facet normal 0.427487 -0.904021 0
    outer loop
      vertex -0.942793 89.0712 0
      vertex -0.765367 89.1551 12
      vertex -0.942793 89.0712 12
    endloop
  endfacet
  facet normal 0.427487 -0.904021 0
    outer loop
      vertex -0.765367 89.1551 12
      vertex -0.942793 89.0712 0
      vertex -0.765367 89.1551 0
    endloop
  endfacet
  facet normal 0.59563 -0.803259 0
    outer loop
      vertex -1.26879 88.8534 0
      vertex -1.11114 88.9703 12
      vertex -1.26879 88.8534 12
    endloop
  endfacet
  facet normal 0.59563 -0.803259 0
    outer loop
      vertex -1.11114 88.9703 12
      vertex -1.26879 88.8534 0
      vertex -1.11114 88.9703 0
    endloop
  endfacet
  facet normal 0.24303 -0.970019 0
    outer loop
      vertex -0.580569 89.2212 0
      vertex -0.390181 89.2689 12
      vertex -0.580569 89.2212 12
    endloop
  endfacet
  facet normal 0.24303 -0.970019 0
    outer loop
      vertex -0.390181 89.2689 12
      vertex -0.580569 89.2212 0
      vertex -0.390181 89.2689 0
    endloop
  endfacet
  facet normal 0.0489127 -0.998803 0
    outer loop
      vertex -0.196033 89.2977 0
      vertex 0 89.3073 12
      vertex -0.196033 89.2977 12
    endloop
  endfacet
  facet normal 0.0489127 -0.998803 0
    outer loop
      vertex 0 89.3073 12
      vertex -0.196033 89.2977 0
      vertex 0 89.3073 0
    endloop
  endfacet
  facet normal -0.998795 0.0490735 0
    outer loop
      vertex 1.99037 87.1113 0
      vertex 2 87.3073 12
      vertex 2 87.3073 0
    endloop
  endfacet
  facet normal -0.998795 0.0490735 0
    outer loop
      vertex 2 87.3073 12
      vertex 1.99037 87.1113 0
      vertex 1.99037 87.1113 12
    endloop
  endfacet
  facet normal -0.741114 0.671379 0
    outer loop
      vertex 1.54602 86.0386 0
      vertex 1.5 85.9878 9.5
      vertex 1.54602 86.0386 12
    endloop
  endfacet
  facet normal -0.741112 0.671381 2.03742e-08
    outer loop
      vertex 1.41421 85.8931 0
      vertex 1.5 85.9878 9.5
      vertex 1.54602 86.0386 0
    endloop
  endfacet
  facet normal -0.741111 0.671382 0
    outer loop
      vertex 1.5 85.9878 9.5
      vertex 1.41421 85.8931 0
      vertex 1.41421 85.8931 9.5
    endloop
  endfacet
  facet normal -0.741114 0.671379 0
    outer loop
      vertex 1.54602 86.0386 12
      vertex 1.5 85.9878 9.5
      vertex 1.5 85.9878 12
    endloop
  endfacet
  facet normal 0.904051 0.427425 0
    outer loop
      vertex -1.76384 86.3645 12
      vertex -1.84776 86.542 0
      vertex -1.84776 86.542 12
    endloop
  endfacet
  facet normal 0.904051 0.427425 0
    outer loop
      vertex -1.84776 86.542 0
      vertex -1.76384 86.3645 12
      vertex -1.76384 86.3645 0
    endloop
  endfacet
  facet normal -0.970035 0.242967 0
    outer loop
      vertex 1.91388 86.7268 0
      vertex 1.96157 86.9172 12
      vertex 1.96157 86.9172 0
    endloop
  endfacet
  facet normal -0.970035 0.242967 0
    outer loop
      vertex 1.96157 86.9172 12
      vertex 1.91388 86.7268 0
      vertex 1.91388 86.7268 12
    endloop
  endfacet
  facet normal -0.80312 0.595817 0
    outer loop
      vertex 1.54602 86.0386 0
      vertex 1.66294 86.1962 12
      vertex 1.66294 86.1962 0
    endloop
  endfacet
  facet normal -0.80312 0.595817 0
    outer loop
      vertex 1.66294 86.1962 12
      vertex 1.54602 86.0386 0
      vertex 1.54602 86.0386 12
    endloop
  endfacet
  facet normal -0.671556 0.740954 0
    outer loop
      vertex 1.41421 85.8931 0
      vertex 1.26879 85.7613 9.5
      vertex 1.41421 85.8931 9.5
    endloop
  endfacet
  facet normal -0.671556 0.740954 0
    outer loop
      vertex 1.26879 85.7613 9.5
      vertex 1.41421 85.8931 0
      vertex 1.26879 85.7613 0
    endloop
  endfacet
  facet normal -0.904051 0.427425 0
    outer loop
      vertex 1.76384 86.3645 0
      vertex 1.84776 86.542 12
      vertex 1.84776 86.542 0
    endloop
  endfacet
  facet normal -0.904051 0.427425 0
    outer loop
      vertex 1.84776 86.542 12
      vertex 1.76384 86.3645 0
      vertex 1.76384 86.3645 12
    endloop
  endfacet
  facet normal 0.24303 0.970019 -0
    outer loop
      vertex -0.390181 85.3458 0
      vertex -0.580569 85.3935 9.5
      vertex -0.390181 85.3458 9.5
    endloop
  endfacet
  facet normal 0.24303 0.970019 0
    outer loop
      vertex -0.580569 85.3935 9.5
      vertex -0.390181 85.3458 0
      vertex -0.580569 85.3935 0
    endloop
  endfacet
  facet normal 0.970035 0.242967 0
    outer loop
      vertex -1.91388 86.7268 12
      vertex -1.96157 86.9172 0
      vertex -1.96157 86.9172 12
    endloop
  endfacet
  facet normal 0.970035 0.242967 0
    outer loop
      vertex -1.96157 86.9172 0
      vertex -1.91388 86.7268 12
      vertex -1.91388 86.7268 0
    endloop
  endfacet
  facet normal 0.941548 0.336879 0
    outer loop
      vertex -1.84776 86.542 12
      vertex -1.91388 86.7268 0
      vertex -1.91388 86.7268 12
    endloop
  endfacet
  facet normal 0.941548 0.336879 0
    outer loop
      vertex -1.91388 86.7268 0
      vertex -1.84776 86.542 12
      vertex -1.84776 86.542 0
    endloop
  endfacet
  facet normal -0.146735 0.989176 0
    outer loop
      vertex 0.390181 85.3458 0
      vertex 0.196033 85.317 9.5
      vertex 0.390181 85.3458 9.5
    endloop
  endfacet
  facet normal -0.146735 0.989176 0
    outer loop
      vertex 0.196033 85.317 9.5
      vertex 0.390181 85.3458 0
      vertex 0.196033 85.317 0
    endloop
  endfacet
  facet normal -0.427487 0.904021 0
    outer loop
      vertex 0.942793 85.5435 0
      vertex 0.765367 85.4596 9.5
      vertex 0.942793 85.5435 9.5
    endloop
  endfacet
  facet normal -0.427487 0.904021 0
    outer loop
      vertex 0.765367 85.4596 9.5
      vertex 0.942793 85.5435 0
      vertex 0.765367 85.4596 0
    endloop
  endfacet
  facet normal -0.989171 0.14677 0
    outer loop
      vertex 1.96157 86.9172 0
      vertex 1.99037 87.1113 12
      vertex 1.99037 87.1113 0
    endloop
  endfacet
  facet normal -0.989171 0.14677 0
    outer loop
      vertex 1.99037 87.1113 12
      vertex 1.96157 86.9172 0
      vertex 1.96157 86.9172 12
    endloop
  endfacet
  facet normal -0.857673 0.514196 0
    outer loop
      vertex 1.66294 86.1962 0
      vertex 1.76384 86.3645 12
      vertex 1.76384 86.3645 0
    endloop
  endfacet
  facet normal -0.857673 0.514196 0
    outer loop
      vertex 1.76384 86.3645 12
      vertex 1.66294 86.1962 0
      vertex 1.66294 86.1962 12
    endloop
  endfacet
  facet normal -0.941548 0.336879 0
    outer loop
      vertex 1.84776 86.542 0
      vertex 1.91388 86.7268 12
      vertex 1.91388 86.7268 0
    endloop
  endfacet
  facet normal -0.941548 0.336879 0
    outer loop
      vertex 1.91388 86.7268 12
      vertex 1.84776 86.542 0
      vertex 1.84776 86.542 12
    endloop
  endfacet
  facet normal 0.336791 0.941579 -0
    outer loop
      vertex -0.580569 85.3935 0
      vertex -0.765367 85.4596 9.5
      vertex -0.580569 85.3935 9.5
    endloop
  endfacet
  facet normal 0.336791 0.941579 0
    outer loop
      vertex -0.765367 85.4596 9.5
      vertex -0.580569 85.3935 0
      vertex -0.765367 85.4596 0
    endloop
  endfacet
  facet normal 0.671556 0.740954 -0
    outer loop
      vertex -1.26879 85.7613 0
      vertex -1.41421 85.8931 9.5
      vertex -1.26879 85.7613 9.5
    endloop
  endfacet
  facet normal 0.671556 0.740954 0
    outer loop
      vertex -1.41421 85.8931 9.5
      vertex -1.26879 85.7613 0
      vertex -1.41421 85.8931 0
    endloop
  endfacet
  facet normal 0.989171 0.14677 0
    outer loop
      vertex -1.96157 86.9172 12
      vertex -1.99037 87.1113 0
      vertex -1.99037 87.1113 12
    endloop
  endfacet
  facet normal 0.989171 0.14677 0
    outer loop
      vertex -1.99037 87.1113 0
      vertex -1.96157 86.9172 12
      vertex -1.96157 86.9172 0
    endloop
  endfacet
  facet normal 0.998795 0.0490735 0
    outer loop
      vertex -1.99037 87.1113 12
      vertex -2 87.3073 0
      vertex -2 87.3073 12
    endloop
  endfacet
  facet normal 0.998795 0.0490735 0
    outer loop
      vertex -2 87.3073 0
      vertex -1.99037 87.1113 12
      vertex -1.99037 87.1113 0
    endloop
  endfacet
  facet normal -0.24303 0.970019 0
    outer loop
      vertex 0.580569 85.3935 0
      vertex 0.390181 85.3458 9.5
      vertex 0.580569 85.3935 9.5
    endloop
  endfacet
  facet normal -0.24303 0.970019 0
    outer loop
      vertex 0.390181 85.3458 9.5
      vertex 0.580569 85.3935 0
      vertex 0.390181 85.3458 0
    endloop
  endfacet
  facet normal -0.59563 0.803259 0
    outer loop
      vertex 1.26879 85.7613 0
      vertex 1.11114 85.6444 9.5
      vertex 1.26879 85.7613 9.5
    endloop
  endfacet
  facet normal -0.59563 0.803259 0
    outer loop
      vertex 1.11114 85.6444 9.5
      vertex 1.26879 85.7613 0
      vertex 1.11114 85.6444 0
    endloop
  endfacet
  facet normal -0.51409 0.857736 0
    outer loop
      vertex 1.11114 85.6444 0
      vertex 0.942793 85.5435 9.5
      vertex 1.11114 85.6444 9.5
    endloop
  endfacet
  facet normal -0.51409 0.857736 0
    outer loop
      vertex 0.942793 85.5435 9.5
      vertex 1.11114 85.6444 0
      vertex 0.942793 85.5435 0
    endloop
  endfacet
  facet normal 0.146735 0.989176 -0
    outer loop
      vertex -0.196033 85.317 0
      vertex -0.390181 85.3458 9.5
      vertex -0.196033 85.317 9.5
    endloop
  endfacet
  facet normal 0.146735 0.989176 0
    outer loop
      vertex -0.390181 85.3458 9.5
      vertex -0.196033 85.317 0
      vertex -0.390181 85.3458 0
    endloop
  endfacet
  facet normal 0.049421 0.998778 -0
    outer loop
      vertex 0 85.3073 0
      vertex -0.196033 85.317 9.5
      vertex 0 85.3073 9.5
    endloop
  endfacet
  facet normal 0.049421 0.998778 0
    outer loop
      vertex -0.196033 85.317 9.5
      vertex 0 85.3073 0
      vertex -0.196033 85.317 0
    endloop
  endfacet
  facet normal 0.59563 0.803259 -0
    outer loop
      vertex -1.11114 85.6444 0
      vertex -1.26879 85.7613 9.5
      vertex -1.11114 85.6444 9.5
    endloop
  endfacet
  facet normal 0.59563 0.803259 0
    outer loop
      vertex -1.26879 85.7613 9.5
      vertex -1.11114 85.6444 0
      vertex -1.26879 85.7613 0
    endloop
  endfacet
  facet normal 0.427487 0.904021 -0
    outer loop
      vertex -0.765367 85.4596 0
      vertex -0.942793 85.5435 9.5
      vertex -0.765367 85.4596 9.5
    endloop
  endfacet
  facet normal 0.427487 0.904021 0
    outer loop
      vertex -0.942793 85.5435 9.5
      vertex -0.765367 85.4596 0
      vertex -0.942793 85.5435 0
    endloop
  endfacet
  facet normal 0.51409 0.857736 -0
    outer loop
      vertex -0.942793 85.5435 0
      vertex -1.11114 85.6444 9.5
      vertex -0.942793 85.5435 9.5
    endloop
  endfacet
  facet normal 0.51409 0.857736 0
    outer loop
      vertex -1.11114 85.6444 9.5
      vertex -0.942793 85.5435 0
      vertex -1.11114 85.6444 0
    endloop
  endfacet
  facet normal 0.857673 0.514196 0
    outer loop
      vertex -1.66294 86.1962 12
      vertex -1.76384 86.3645 0
      vertex -1.76384 86.3645 12
    endloop
  endfacet
  facet normal 0.857673 0.514196 0
    outer loop
      vertex -1.76384 86.3645 0
      vertex -1.66294 86.1962 12
      vertex -1.66294 86.1962 0
    endloop
  endfacet
  facet normal 0.741114 0.671379 -0
    outer loop
      vertex -1.5 85.9878 9.5
      vertex -1.54602 86.0386 12
      vertex -1.5 85.9878 12
    endloop
  endfacet
  facet normal 0.741114 0.671379 0
    outer loop
      vertex -1.54602 86.0386 12
      vertex -1.5 85.9878 9.5
      vertex -1.54602 86.0386 0
    endloop
  endfacet
  facet normal 0.741111 0.671382 3.13035e-08
    outer loop
      vertex -1.41421 85.8931 9.5
      vertex -1.54602 86.0386 0
      vertex -1.5 85.9878 9.5
    endloop
  endfacet
  facet normal 0.741112 0.671381 0
    outer loop
      vertex -1.54602 86.0386 0
      vertex -1.41421 85.8931 9.5
      vertex -1.41421 85.8931 0
    endloop
  endfacet
  facet normal 0.80312 0.595817 0
    outer loop
      vertex -1.54602 86.0386 12
      vertex -1.66294 86.1962 0
      vertex -1.66294 86.1962 12
    endloop
  endfacet
  facet normal 0.80312 0.595817 0
    outer loop
      vertex -1.66294 86.1962 0
      vertex -1.54602 86.0386 12
      vertex -1.54602 86.0386 0
    endloop
  endfacet
  facet normal 1 0 0
    outer loop
      vertex -1.5 69.2305 10.5
      vertex -1.5 85.9878 12
      vertex -1.5 69.2305 11.5
    endloop
  endfacet
  facet normal 1 0 0
    outer loop
      vertex -1.5 85.9878 12
      vertex -1.5 67.2305 11.5
      vertex -1.5 69.2305 11.5
    endloop
  endfacet
  facet normal 1 0 0
    outer loop
      vertex -1.5 67.2305 11.5
      vertex -1.5 31.0768 11.5
      vertex -1.5 67.2305 10.5
    endloop
  endfacet
  facet normal 1 0 0
    outer loop
      vertex -1.5 85.9878 12
      vertex -1.5 31.0768 11.5
      vertex -1.5 67.2305 11.5
    endloop
  endfacet
  facet normal 1 -0 0
    outer loop
      vertex -1.5 11 12
      vertex -1.5 31.0768 11.5
      vertex -1.5 85.9878 12
    endloop
  endfacet
  facet normal 1 0 0
    outer loop
      vertex -1.5 29.0768 11.5
      vertex -1.5 11 12
      vertex -1.5 29.0768 10.5
    endloop
  endfacet
  facet normal 1 0 0
    outer loop
      vertex -1.5 31.0768 11.5
      vertex -1.5 11 12
      vertex -1.5 29.0768 11.5
    endloop
  endfacet
  facet normal 1 0 0
    outer loop
      vertex -1.5 85.9878 12
      vertex -1.5 69.2305 10.5
      vertex -1.5 85.9878 9.5
    endloop
  endfacet
  facet normal 1 -0 0
    outer loop
      vertex -1.5 67.2305 10.5
      vertex -1.5 85.9878 9.5
      vertex -1.5 69.2305 10.5
    endloop
  endfacet
  facet normal 1 0 0
    outer loop
      vertex -1.5 31.0768 10.5
      vertex -1.5 67.2305 10.5
      vertex -1.5 31.0768 11.5
    endloop
  endfacet
  facet normal 1 0 0
    outer loop
      vertex -1.5 67.2305 10.5
      vertex -1.5 31.0768 10.5
      vertex -1.5 85.9878 9.5
    endloop
  endfacet
  facet normal 1 0 0
    outer loop
      vertex -1.5 11 9.5
      vertex -1.5 31.0768 10.5
      vertex -1.5 29.0768 10.5
    endloop
  endfacet
  facet normal 1 0 0
    outer loop
      vertex -1.5 31.0768 10.5
      vertex -1.5 11 9.5
      vertex -1.5 85.9878 9.5
    endloop
  endfacet
  facet normal 1 0 0
    outer loop
      vertex -1.5 11 9.5
      vertex -1.5 29.0768 10.5
      vertex -1.5 11 12
    endloop
  endfacet
  facet normal -1 0 0
    outer loop
      vertex 1.5 85.9878 9.5
      vertex 1.5 50.1537 10.5
      vertex 1.5 85.9878 12
    endloop
  endfacet
  facet normal -1 0 0
    outer loop
      vertex 1.5 85.9878 9.5
      vertex 1.5 48.1537 10.5
      vertex 1.5 50.1537 10.5
    endloop
  endfacet
  facet normal -1 0 0
    outer loop
      vertex 1.5 11 12
      vertex 1.5 48.1537 10.5
      vertex 1.5 11 9.5
    endloop
  endfacet
  facet normal -1 0 0
    outer loop
      vertex 1.5 11 9.5
      vertex 1.5 48.1537 10.5
      vertex 1.5 85.9878 9.5
    endloop
  endfacet
  facet normal -1 0 0
    outer loop
      vertex 1.5 50.1537 11.5
      vertex 1.5 85.9878 12
      vertex 1.5 50.1537 10.5
    endloop
  endfacet
  facet normal -1 0 0
    outer loop
      vertex 1.5 48.1537 11.5
      vertex 1.5 85.9878 12
      vertex 1.5 50.1537 11.5
    endloop
  endfacet
  facet normal -1 0 0
    outer loop
      vertex 1.5 48.1537 11.5
      vertex 1.5 11 12
      vertex 1.5 85.9878 12
    endloop
  endfacet
  facet normal -1 0 0
    outer loop
      vertex 1.5 48.1537 10.5
      vertex 1.5 11 12
      vertex 1.5 48.1537 11.5
    endloop
  endfacet
  facet normal -0 0 1
    outer loop
      vertex 1.41421 85.8931 9.5
      vertex 1.5 11 9.5
      vertex 1.5 85.9878 9.5
    endloop
  endfacet
  facet normal -0 0 1
    outer loop
      vertex 1.26879 85.7613 9.5
      vertex 1.5 11 9.5
      vertex 1.41421 85.8931 9.5
    endloop
  endfacet
  facet normal -0 0 1
    outer loop
      vertex 1.11114 85.6444 9.5
      vertex 1.5 11 9.5
      vertex 1.26879 85.7613 9.5
    endloop
  endfacet
  facet normal -0 0 1
    outer loop
      vertex 0.942793 85.5435 9.5
      vertex 1.5 11 9.5
      vertex 1.11114 85.6444 9.5
    endloop
  endfacet
  facet normal -0 0 1
    outer loop
      vertex 0.765367 85.4596 9.5
      vertex 1.5 11 9.5
      vertex 0.942793 85.5435 9.5
    endloop
  endfacet
  facet normal -0 0 1
    outer loop
      vertex 0.580569 85.3935 9.5
      vertex 1.5 11 9.5
      vertex 0.765367 85.4596 9.5
    endloop
  endfacet
  facet normal -0 0 1
    outer loop
      vertex 0.390181 85.3458 9.5
      vertex 1.5 11 9.5
      vertex 0.580569 85.3935 9.5
    endloop
  endfacet
  facet normal -0 0 1
    outer loop
      vertex 0.196033 85.317 9.5
      vertex 1.5 11 9.5
      vertex 0.390181 85.3458 9.5
    endloop
  endfacet
  facet normal -0 0 1
    outer loop
      vertex 0 85.3073 9.5
      vertex 1.5 11 9.5
      vertex 0.196033 85.317 9.5
    endloop
  endfacet
  facet normal 0 0 1
    outer loop
      vertex -1.5 11 9.5
      vertex 0 85.3073 9.5
      vertex -0.196033 85.317 9.5
    endloop
  endfacet
  facet normal 0 0 1
    outer loop
      vertex -1.5 11 9.5
      vertex -0.196033 85.317 9.5
      vertex -0.390181 85.3458 9.5
    endloop
  endfacet
  facet normal 0 0 1
    outer loop
      vertex -1.5 11 9.5
      vertex -0.390181 85.3458 9.5
      vertex -0.580569 85.3935 9.5
    endloop
  endfacet
  facet normal 0 0 1
    outer loop
      vertex -1.5 11 9.5
      vertex -0.580569 85.3935 9.5
      vertex -0.765367 85.4596 9.5
    endloop
  endfacet
  facet normal 0 0 1
    outer loop
      vertex -1.5 11 9.5
      vertex -0.765367 85.4596 9.5
      vertex -0.942793 85.5435 9.5
    endloop
  endfacet
  facet normal 0 0 1
    outer loop
      vertex -1.5 11 9.5
      vertex -0.942793 85.5435 9.5
      vertex -1.11114 85.6444 9.5
    endloop
  endfacet
  facet normal 0 0 1
    outer loop
      vertex -1.5 11 9.5
      vertex -1.11114 85.6444 9.5
      vertex -1.26879 85.7613 9.5
    endloop
  endfacet
  facet normal 0 0 1
    outer loop
      vertex -1.5 11 9.5
      vertex -1.26879 85.7613 9.5
      vertex -1.41421 85.8931 9.5
    endloop
  endfacet
  facet normal 0 0 1
    outer loop
      vertex -1.5 11 9.5
      vertex -1.41421 85.8931 9.5
      vertex -1.5 85.9878 9.5
    endloop
  endfacet
  facet normal 0 0 1
    outer loop
      vertex 0 85.3073 9.5
      vertex -1.5 11 9.5
      vertex 1.5 11 9.5
    endloop
  endfacet
  facet normal 0 1 -0
    outer loop
      vertex 1.5 11 9.5
      vertex -1.5 11 12
      vertex 1.5 11 12
    endloop
  endfacet
  facet normal 0 1 0
    outer loop
      vertex -1.5 11 12
      vertex 1.5 11 9.5
      vertex -1.5 11 9.5
    endloop
  endfacet
  facet normal -0.999793 0.0203402 0
    outer loop
      vertex -18 11 0
      vertex -16 109.307 12
      vertex -16 109.307 0
    endloop
  endfacet
  facet normal -0.999793 0.0203402 0
    outer loop
      vertex -16 109.307 12
      vertex -18 11 0
      vertex -18 11 12
    endloop
  endfacet
  facet normal 1 -0 0
    outer loop
      vertex 18 0 12
      vertex 18 11 0
      vertex 18 11 12
    endloop
  endfacet
  facet normal 1 0 0
    outer loop
      vertex 18 11 0
      vertex 18 0 12
      vertex 18 0 0
    endloop
  endfacet
  facet normal -1 0 0
    outer loop
      vertex -18 0 0
      vertex -18 11 12
      vertex -18 11 0
    endloop
  endfacet
  facet normal -1 -0 0
    outer loop
      vertex -18 11 12
      vertex -18 0 0
      vertex -18 0 12
    endloop
  endfacet
  facet normal 0 0 -1
    outer loop
      vertex -18 11 0
      vertex 18 11 0
      vertex 18 0 0
    endloop
  endfacet
  facet normal 0 0 -1
    outer loop
      vertex 18 11 0
      vertex 1.84776 86.542 0
      vertex 16 109.307 0
    endloop
  endfacet
  facet normal 0 -0 -1
    outer loop
      vertex 1.91388 86.7268 0
      vertex 16 109.307 0
      vertex 1.84776 86.542 0
    endloop
  endfacet
  facet normal 0 -0 -1
    outer loop
      vertex 1.99037 87.1113 0
      vertex 16 109.307 0
      vertex 1.96157 86.9172 0
    endloop
  endfacet
  facet normal 0 -0 -1
    outer loop
      vertex 2 87.3073 0
      vertex 16 109.307 0
      vertex 1.99037 87.1113 0
    endloop
  endfacet
  facet normal 0 0 -1
    outer loop
      vertex 1.99037 87.5034 0
      vertex 16 109.307 0
      vertex 2 87.3073 0
    endloop
  endfacet
  facet normal 0 -0 -1
    outer loop
      vertex 6.18408 104.232 0
      vertex 16 109.307 0
      vertex 1.96157 87.6975 0
    endloop
  endfacet
  facet normal 0 -0 -1
    outer loop
      vertex 7.65552 106.985 0
      vertex 16 109.307 0
      vertex 7.39104 106.246 0
    endloop
  endfacet
  facet normal 0 0 -1
    outer loop
      vertex 7.84628 110.868 0
      vertex 15.6926 112.429 0
      vertex 7.96148 110.091 0
    endloop
  endfacet
  facet normal 0 0 -1
    outer loop
      vertex 7.65552 111.63 0
      vertex 15.311 113.952 0
      vertex 7.84628 110.868 0
    endloop
  endfacet
  facet normal 0 0 -1
    outer loop
      vertex 7.39104 112.369 0
      vertex 14.7821 115.43 0
      vertex 7.65552 111.63 0
    endloop
  endfacet
  facet normal 0 0 -1
    outer loop
      vertex 7.05537 113.079 0
      vertex 14.1107 116.85 0
      vertex 7.39104 112.369 0
    endloop
  endfacet
  facet normal -0 0 -1
    outer loop
      vertex 14.7821 115.43 0
      vertex 7.39104 112.369 0
      vertex 14.1107 116.85 0
    endloop
  endfacet
  facet normal -0 0 -1
    outer loop
      vertex 15.311 113.952 0
      vertex 7.65552 111.63 0
      vertex 14.7821 115.43 0
    endloop
  endfacet
  facet normal -0 0 -1
    outer loop
      vertex 15.6926 112.429 0
      vertex 7.84628 110.868 0
      vertex 15.311 113.952 0
    endloop
  endfacet
  facet normal -0 0 -1
    outer loop
      vertex 15.9229 110.876 0
      vertex 7.96148 110.091 0
      vertex 15.6926 112.429 0
    endloop
  endfacet
  facet normal 0 0 -1
    outer loop
      vertex 7.96148 110.091 0
      vertex 15.9229 110.876 0
      vertex 8 109.307 0
    endloop
  endfacet
  facet normal 0 0 -1
    outer loop
      vertex 16 109.307 0
      vertex 8 109.307 0
      vertex 15.9229 110.876 0
    endloop
  endfacet
  facet normal 0 -0 -1
    outer loop
      vertex 8 109.307 0
      vertex 16 109.307 0
      vertex 7.96148 108.523 0
    endloop
  endfacet
  facet normal 0 -0 -1
    outer loop
      vertex 7.96148 108.523 0
      vertex 16 109.307 0
      vertex 7.84628 107.747 0
    endloop
  endfacet
  facet normal 0 -0 -1
    outer loop
      vertex 7.39104 106.246 0
      vertex 16 109.307 0
      vertex 7.05537 105.536 0
    endloop
  endfacet
  facet normal 0 -0 -1
    outer loop
      vertex 7.05537 105.536 0
      vertex 16 109.307 0
      vertex 6.65176 104.863 0
    endloop
  endfacet
  facet normal 0 -0 -1
    outer loop
      vertex 6.65176 104.863 0
      vertex 16 109.307 0
      vertex 6.18408 104.232 0
    endloop
  endfacet
  facet normal 0 0 -1
    outer loop
      vertex 6.18408 104.232 0
      vertex 1.96157 87.6975 0
      vertex 5.65685 103.65 0
    endloop
  endfacet
  facet normal 0 0 -1
    outer loop
      vertex 1.84776 88.0727 0
      vertex 5.65685 103.65 0
      vertex 1.91388 87.8879 0
    endloop
  endfacet
  facet normal 0 0 -1
    outer loop
      vertex 5.65685 103.65 0
      vertex 1.84776 88.0727 0
      vertex 5.07515 103.123 0
    endloop
  endfacet
  facet normal 0 0 -1
    outer loop
      vertex 1.91388 87.8879 0
      vertex 5.65685 103.65 0
      vertex 1.96157 87.6975 0
    endloop
  endfacet
  facet normal 0 -0 -1
    outer loop
      vertex 7.84628 107.747 0
      vertex 16 109.307 0
      vertex 7.65552 106.985 0
    endloop
  endfacet
  facet normal 0 0 -1
    outer loop
      vertex 1.96157 87.6975 0
      vertex 16 109.307 0
      vertex 1.99037 87.5034 0
    endloop
  endfacet
  facet normal 0 -0 -1
    outer loop
      vertex 1.96157 86.9172 0
      vertex 16 109.307 0
      vertex 1.91388 86.7268 0
    endloop
  endfacet
  facet normal 0 0 -1
    outer loop
      vertex 18 11 0
      vertex 1.76384 86.3645 0
      vertex 1.84776 86.542 0
    endloop
  endfacet
  facet normal 0 0 -1
    outer loop
      vertex 18 11 0
      vertex 1.66294 86.1962 0
      vertex 1.76384 86.3645 0
    endloop
  endfacet
  facet normal 0 0 -1
    outer loop
      vertex 18 11 0
      vertex 1.54602 86.0386 0
      vertex 1.66294 86.1962 0
    endloop
  endfacet
  facet normal 0 0 -1
    outer loop
      vertex 18 11 0
      vertex 1.41421 85.8931 0
      vertex 1.54602 86.0386 0
    endloop
  endfacet
  facet normal 0 0 -1
    outer loop
      vertex 18 11 0
      vertex 1.26879 85.7613 0
      vertex 1.41421 85.8931 0
    endloop
  endfacet
  facet normal 0 0 -1
    outer loop
      vertex 18 11 0
      vertex 1.11114 85.6444 0
      vertex 1.26879 85.7613 0
    endloop
  endfacet
  facet normal 0 0 -1
    outer loop
      vertex 18 11 0
      vertex 0.942793 85.5435 0
      vertex 1.11114 85.6444 0
    endloop
  endfacet
  facet normal 0 0 -1
    outer loop
      vertex 18 11 0
      vertex 0.765367 85.4596 0
      vertex 0.942793 85.5435 0
    endloop
  endfacet
  facet normal 0 0 -1
    outer loop
      vertex 18 11 0
      vertex 0.580569 85.3935 0
      vertex 0.765367 85.4596 0
    endloop
  endfacet
  facet normal 0 0 -1
    outer loop
      vertex 18 11 0
      vertex 0.390181 85.3458 0
      vertex 0.580569 85.3935 0
    endloop
  endfacet
  facet normal 0 -0 -1
    outer loop
      vertex 0 85.3073 0
      vertex 18 11 0
      vertex -18 11 0
    endloop
  endfacet
  facet normal 0 0 -1
    outer loop
      vertex 18 11 0
      vertex 0.196033 85.317 0
      vertex 0.390181 85.3458 0
    endloop
  endfacet
  facet normal 0 0 -1
    outer loop
      vertex 18 11 0
      vertex 0 85.3073 0
      vertex 0.196033 85.317 0
    endloop
  endfacet
  facet normal -0 0 -1
    outer loop
      vertex 0 85.3073 0
      vertex -18 11 0
      vertex -0.196033 85.317 0
    endloop
  endfacet
  facet normal -0 0 -1
    outer loop
      vertex -0.196033 85.317 0
      vertex -18 11 0
      vertex -0.390181 85.3458 0
    endloop
  endfacet
  facet normal -0 0 -1
    outer loop
      vertex -0.390181 85.3458 0
      vertex -18 11 0
      vertex -0.580569 85.3935 0
    endloop
  endfacet
  facet normal -0 0 -1
    outer loop
      vertex -0.580569 85.3935 0
      vertex -18 11 0
      vertex -0.765367 85.4596 0
    endloop
  endfacet
  facet normal -0 0 -1
    outer loop
      vertex -0.765367 85.4596 0
      vertex -18 11 0
      vertex -0.942793 85.5435 0
    endloop
  endfacet
  facet normal -0 0 -1
    outer loop
      vertex -0.942793 85.5435 0
      vertex -18 11 0
      vertex -1.11114 85.6444 0
    endloop
  endfacet
  facet normal -0 0 -1
    outer loop
      vertex -1.11114 85.6444 0
      vertex -18 11 0
      vertex -1.26879 85.7613 0
    endloop
  endfacet
  facet normal -0 0 -1
    outer loop
      vertex -1.26879 85.7613 0
      vertex -18 11 0
      vertex -1.41421 85.8931 0
    endloop
  endfacet
  facet normal -0 0 -1
    outer loop
      vertex -1.41421 85.8931 0
      vertex -18 11 0
      vertex -1.54602 86.0386 0
    endloop
  endfacet
  facet normal -0 0 -1
    outer loop
      vertex -1.54602 86.0386 0
      vertex -18 11 0
      vertex -1.66294 86.1962 0
    endloop
  endfacet
  facet normal -0 0 -1
    outer loop
      vertex -1.66294 86.1962 0
      vertex -18 11 0
      vertex -1.76384 86.3645 0
    endloop
  endfacet
  facet normal -0 0 -1
    outer loop
      vertex -1.76384 86.3645 0
      vertex -18 11 0
      vertex -1.84776 86.542 0
    endloop
  endfacet
  facet normal 0 -0 -1
    outer loop
      vertex -16 109.307 0
      vertex -1.84776 86.542 0
      vertex -18 11 0
    endloop
  endfacet
  facet normal 0 0 -1
    outer loop
      vertex -1.11114 88.9703 0
      vertex -3.06147 101.916 0
      vertex -2.32228 101.652 0
    endloop
  endfacet
  facet normal 0 0 -1
    outer loop
      vertex -16 109.307 0
      vertex -2 87.3073 0
      vertex -1.99037 87.1113 0
    endloop
  endfacet
  facet normal 0 0 -1
    outer loop
      vertex -1.99037 87.5034 0
      vertex -3.77117 102.252 0
      vertex -3.06147 101.916 0
    endloop
  endfacet
  facet normal 0 0 -1
    outer loop
      vertex -1.99037 87.5034 0
      vertex -4.44456 102.656 0
      vertex -3.77117 102.252 0
    endloop
  endfacet
  facet normal 0 0 -1
    outer loop
      vertex -16 109.307 0
      vertex -1.99037 87.1113 0
      vertex -1.96157 86.9172 0
    endloop
  endfacet
  facet normal 0 0 -1
    outer loop
      vertex -1.99037 87.5034 0
      vertex -5.07515 103.123 0
      vertex -4.44456 102.656 0
    endloop
  endfacet
  facet normal 0 0 -1
    outer loop
      vertex -1.99037 87.5034 0
      vertex -5.65685 103.65 0
      vertex -5.07515 103.123 0
    endloop
  endfacet
  facet normal 0 0 -1
    outer loop
      vertex -1.99037 87.5034 0
      vertex -16 109.307 0
      vertex -5.65685 103.65 0
    endloop
  endfacet
  facet normal 0 0 -1
    outer loop
      vertex -1.84776 86.542 0
      vertex -16 109.307 0
      vertex -1.91388 86.7268 0
    endloop
  endfacet
  facet normal 0 0 -1
    outer loop
      vertex -1.91388 86.7268 0
      vertex -16 109.307 0
      vertex -1.96157 86.9172 0
    endloop
  endfacet
  facet normal 0 0 -1
    outer loop
      vertex -5.65685 103.65 0
      vertex -16 109.307 0
      vertex -6.18408 104.232 0
    endloop
  endfacet
  facet normal 0 0 -1
    outer loop
      vertex -6.18408 104.232 0
      vertex -16 109.307 0
      vertex -6.65176 104.863 0
    endloop
  endfacet
  facet normal 0 0 -1
    outer loop
      vertex -6.65176 104.863 0
      vertex -16 109.307 0
      vertex -7.05537 105.536 0
    endloop
  endfacet
  facet normal 0 0 -1
    outer loop
      vertex -7.05537 105.536 0
      vertex -16 109.307 0
      vertex -7.39104 106.246 0
    endloop
  endfacet
  facet normal 0 0 -1
    outer loop
      vertex -16 109.307 0
      vertex -8 109.307 0
      vertex -7.96148 108.523 0
    endloop
  endfacet
  facet normal 0 0 -1
    outer loop
      vertex -8 109.307 0
      vertex -10.1503 121.675 0
      vertex -8.88911 122.611 0
    endloop
  endfacet
  facet normal 0 0 -1
    outer loop
      vertex -16 109.307 0
      vertex -7.96148 108.523 0
      vertex -7.84628 107.747 0
    endloop
  endfacet
  facet normal 0 0 -1
    outer loop
      vertex -8 109.307 0
      vertex -11.3137 120.621 0
      vertex -10.1503 121.675 0
    endloop
  endfacet
  facet normal 0 0 -1
    outer loop
      vertex -7.39104 106.246 0
      vertex -16 109.307 0
      vertex -7.65552 106.985 0
    endloop
  endfacet
  facet normal 0 0 -1
    outer loop
      vertex -8 109.307 0
      vertex -16 109.307 0
      vertex -15.9229 110.876 0
    endloop
  endfacet
  facet normal 0 0 -1
    outer loop
      vertex -8 109.307 0
      vertex -12.3682 119.458 0
      vertex -11.3137 120.621 0
    endloop
  endfacet
  facet normal 0 0 -1
    outer loop
      vertex -8 109.307 0
      vertex -13.3035 118.196 0
      vertex -12.3682 119.458 0
    endloop
  endfacet
  facet normal 0 0 -1
    outer loop
      vertex -8 109.307 0
      vertex -14.1107 116.85 0
      vertex -13.3035 118.196 0
    endloop
  endfacet
  facet normal 0 0 -1
    outer loop
      vertex -8 109.307 0
      vertex -14.7821 115.43 0
      vertex -14.1107 116.85 0
    endloop
  endfacet
  facet normal 0 0 -1
    outer loop
      vertex -8 109.307 0
      vertex -15.311 113.952 0
      vertex -14.7821 115.43 0
    endloop
  endfacet
  facet normal 0 0 -1
    outer loop
      vertex -8 109.307 0
      vertex -15.6926 112.429 0
      vertex -15.311 113.952 0
    endloop
  endfacet
  facet normal 0 0 -1
    outer loop
      vertex -8 109.307 0
      vertex -15.9229 110.876 0
      vertex -15.6926 112.429 0
    endloop
  endfacet
  facet normal 0 0 -1
    outer loop
      vertex -18 11 0
      vertex 18 0 0
      vertex -18 0 0
    endloop
  endfacet
  facet normal 0 0 -1
    outer loop
      vertex -7.65552 106.985 0
      vertex -16 109.307 0
      vertex -7.84628 107.747 0
    endloop
  endfacet
  facet normal -0 0 -1
    outer loop
      vertex 14.1107 116.85 0
      vertex 7.05537 113.079 0
      vertex 13.3035 118.196 0
    endloop
  endfacet
  facet normal 0 0 -1
    outer loop
      vertex 6.65176 113.752 0
      vertex 13.3035 118.196 0
      vertex 7.05537 113.079 0
    endloop
  endfacet
  facet normal -0 0 -1
    outer loop
      vertex 13.3035 118.196 0
      vertex 6.65176 113.752 0
      vertex 12.3682 119.458 0
    endloop
  endfacet
  facet normal 0 0 -1
    outer loop
      vertex 6.18408 114.382 0
      vertex 12.3682 119.458 0
      vertex 6.65176 113.752 0
    endloop
  endfacet
  facet normal -0 0 -1
    outer loop
      vertex 12.3682 119.458 0
      vertex 6.18408 114.382 0
      vertex 11.3137 120.621 0
    endloop
  endfacet
  facet normal 0 0 -1
    outer loop
      vertex 5.65685 114.964 0
      vertex 11.3137 120.621 0
      vertex 6.18408 114.382 0
    endloop
  endfacet
  facet normal -0 0 -1
    outer loop
      vertex 11.3137 120.621 0
      vertex 5.65685 114.964 0
      vertex 10.1503 121.675 0
    endloop
  endfacet
  facet normal 0 0 -1
    outer loop
      vertex 5.07515 115.491 0
      vertex 10.1503 121.675 0
      vertex 5.65685 114.964 0
    endloop
  endfacet
  facet normal -0 0 -1
    outer loop
      vertex 10.1503 121.675 0
      vertex 5.07515 115.491 0
      vertex 8.88911 122.611 0
    endloop
  endfacet
  facet normal 0 0 -1
    outer loop
      vertex 4.44456 115.959 0
      vertex 8.88911 122.611 0
      vertex 5.07515 115.491 0
    endloop
  endfacet
  facet normal -0 0 -1
    outer loop
      vertex 8.88911 122.611 0
      vertex 4.44456 115.959 0
      vertex 7.54234 123.418 0
    endloop
  endfacet
  facet normal 0 0 -1
    outer loop
      vertex 3.77117 116.363 0
      vertex 7.54234 123.418 0
      vertex 4.44456 115.959 0
    endloop
  endfacet
  facet normal -0 0 -1
    outer loop
      vertex 7.54234 123.418 0
      vertex 3.77117 116.363 0
      vertex 6.12292 124.089 0
    endloop
  endfacet
  facet normal 0 0 -1
    outer loop
      vertex 3.06147 116.698 0
      vertex 6.12292 124.089 0
      vertex 3.77117 116.363 0
    endloop
  endfacet
  facet normal -0 0 -1
    outer loop
      vertex 6.12292 124.089 0
      vertex 3.06147 116.698 0
      vertex 4.64455 124.618 0
    endloop
  endfacet
  facet normal 0 0 -1
    outer loop
      vertex 2.32228 116.963 0
      vertex 4.64455 124.618 0
      vertex 3.06147 116.698 0
    endloop
  endfacet
  facet normal -0 0 -1
    outer loop
      vertex 4.64455 124.618 0
      vertex 2.32228 116.963 0
      vertex 3.12144 125 0
    endloop
  endfacet
  facet normal 0 0 -1
    outer loop
      vertex 1.56072 117.154 0
      vertex 3.12144 125 0
      vertex 2.32228 116.963 0
    endloop
  endfacet
  facet normal -0 0 -1
    outer loop
      vertex 3.12144 125 0
      vertex 1.56072 117.154 0
      vertex 1.56827 125.23 0
    endloop
  endfacet
  facet normal 0 0 -1
    outer loop
      vertex 0.784137 117.269 0
      vertex 1.56827 125.23 0
      vertex 1.56072 117.154 0
    endloop
  endfacet
  facet normal 0 0 -1
    outer loop
      vertex 0 117.307 0
      vertex 1.56827 125.23 0
      vertex 0.784137 117.269 0
    endloop
  endfacet
  facet normal 0 0 -1
    outer loop
      vertex 0 117.307 0
      vertex 0 125.307 0
      vertex 1.56827 125.23 0
    endloop
  endfacet
  facet normal 0 0 -1
    outer loop
      vertex -0.784137 117.269 0
      vertex 0 125.307 0
      vertex 0 117.307 0
    endloop
  endfacet
  facet normal 0 0 -1
    outer loop
      vertex -1.56827 125.23 0
      vertex -0.784137 117.269 0
      vertex -1.56072 117.154 0
    endloop
  endfacet
  facet normal 0 0 -1
    outer loop
      vertex -0.784137 117.269 0
      vertex -1.56827 125.23 0
      vertex 0 125.307 0
    endloop
  endfacet
  facet normal 0 0 -1
    outer loop
      vertex -3.12144 125 0
      vertex -1.56072 117.154 0
      vertex -2.32228 116.963 0
    endloop
  endfacet
  facet normal 0 0 -1
    outer loop
      vertex -4.64455 124.618 0
      vertex -2.32228 116.963 0
      vertex -3.06147 116.698 0
    endloop
  endfacet
  facet normal 0 0 -1
    outer loop
      vertex -1.56072 117.154 0
      vertex -3.12144 125 0
      vertex -1.56827 125.23 0
    endloop
  endfacet
  facet normal 0 0 -1
    outer loop
      vertex -6.12292 124.089 0
      vertex -3.06147 116.698 0
      vertex -3.77117 116.363 0
    endloop
  endfacet
  facet normal 0 0 -1
    outer loop
      vertex -7.54234 123.418 0
      vertex -3.77117 116.363 0
      vertex -4.44456 115.959 0
    endloop
  endfacet
  facet normal 0 0 -1
    outer loop
      vertex -2.32228 116.963 0
      vertex -4.64455 124.618 0
      vertex -3.12144 125 0
    endloop
  endfacet
  facet normal 0 0 -1
    outer loop
      vertex -8.88911 122.611 0
      vertex -4.44456 115.959 0
      vertex -5.07515 115.491 0
    endloop
  endfacet
  facet normal 0 0 -1
    outer loop
      vertex -8.88911 122.611 0
      vertex -5.07515 115.491 0
      vertex -5.65685 114.964 0
    endloop
  endfacet
  facet normal 0 0 -1
    outer loop
      vertex -3.06147 116.698 0
      vertex -6.12292 124.089 0
      vertex -4.64455 124.618 0
    endloop
  endfacet
  facet normal 0 0 -1
    outer loop
      vertex -8.88911 122.611 0
      vertex -5.65685 114.964 0
      vertex -6.18408 114.382 0
    endloop
  endfacet
  facet normal 0 0 -1
    outer loop
      vertex -8.88911 122.611 0
      vertex -6.18408 114.382 0
      vertex -6.65176 113.752 0
    endloop
  endfacet
  facet normal 0 0 -1
    outer loop
      vertex -8.88911 122.611 0
      vertex -6.65176 113.752 0
      vertex -7.05537 113.079 0
    endloop
  endfacet
  facet normal 0 0 -1
    outer loop
      vertex -8.88911 122.611 0
      vertex -7.05537 113.079 0
      vertex -7.39104 112.369 0
    endloop
  endfacet
  facet normal 0 0 -1
    outer loop
      vertex -3.77117 116.363 0
      vertex -7.54234 123.418 0
      vertex -6.12292 124.089 0
    endloop
  endfacet
  facet normal 0 0 -1
    outer loop
      vertex -8.88911 122.611 0
      vertex -7.39104 112.369 0
      vertex -7.65552 111.63 0
    endloop
  endfacet
  facet normal 0 0 -1
    outer loop
      vertex -8.88911 122.611 0
      vertex -7.65552 111.63 0
      vertex -7.84628 110.868 0
    endloop
  endfacet
  facet normal 0 0 -1
    outer loop
      vertex -8.88911 122.611 0
      vertex -7.84628 110.868 0
      vertex -7.96148 110.091 0
    endloop
  endfacet
  facet normal 0 0 -1
    outer loop
      vertex -8.88911 122.611 0
      vertex -7.96148 110.091 0
      vertex -8 109.307 0
    endloop
  endfacet
  facet normal 0 0 -1
    outer loop
      vertex -4.44456 115.959 0
      vertex -8.88911 122.611 0
      vertex -7.54234 123.418 0
    endloop
  endfacet
  facet normal 0 0 -1
    outer loop
      vertex 1.76384 88.2501 0
      vertex 5.07515 103.123 0
      vertex 1.84776 88.0727 0
    endloop
  endfacet
  facet normal 0 0 -1
    outer loop
      vertex 5.07515 103.123 0
      vertex 1.76384 88.2501 0
      vertex 4.44456 102.656 0
    endloop
  endfacet
  facet normal 0 0 -1
    outer loop
      vertex 1.66294 88.4185 0
      vertex 4.44456 102.656 0
      vertex 1.76384 88.2501 0
    endloop
  endfacet
  facet normal 0 0 -1
    outer loop
      vertex 1.54602 88.5761 0
      vertex 4.44456 102.656 0
      vertex 1.66294 88.4185 0
    endloop
  endfacet
  facet normal 0 0 -1
    outer loop
      vertex 4.44456 102.656 0
      vertex 1.54602 88.5761 0
      vertex 3.77117 102.252 0
    endloop
  endfacet
  facet normal 0 0 -1
    outer loop
      vertex 1.41421 88.7215 0
      vertex 3.77117 102.252 0
      vertex 1.54602 88.5761 0
    endloop
  endfacet
  facet normal 0 0 -1
    outer loop
      vertex 3.77117 102.252 0
      vertex 1.41421 88.7215 0
      vertex 3.06147 101.916 0
    endloop
  endfacet
  facet normal 0 0 -1
    outer loop
      vertex 1.26879 88.8534 0
      vertex 3.06147 101.916 0
      vertex 1.41421 88.7215 0
    endloop
  endfacet
  facet normal 0 0 -1
    outer loop
      vertex 1.11114 88.9703 0
      vertex 3.06147 101.916 0
      vertex 1.26879 88.8534 0
    endloop
  endfacet
  facet normal 0 0 -1
    outer loop
      vertex 3.06147 101.916 0
      vertex 1.11114 88.9703 0
      vertex 2.32228 101.652 0
    endloop
  endfacet
  facet normal 0 0 -1
    outer loop
      vertex 0.942793 89.0712 0
      vertex 2.32228 101.652 0
      vertex 1.11114 88.9703 0
    endloop
  endfacet
  facet normal 0 0 -1
    outer loop
      vertex 0.765367 89.1551 0
      vertex 2.32228 101.652 0
      vertex 0.942793 89.0712 0
    endloop
  endfacet
  facet normal 0 0 -1
    outer loop
      vertex 2.32228 101.652 0
      vertex 0.765367 89.1551 0
      vertex 1.56072 101.461 0
    endloop
  endfacet
  facet normal 0 0 -1
    outer loop
      vertex 0.580569 89.2212 0
      vertex 1.56072 101.461 0
      vertex 0.765367 89.1551 0
    endloop
  endfacet
  facet normal 0 0 -1
    outer loop
      vertex 1.56072 101.461 0
      vertex 0.580569 89.2212 0
      vertex 0.784137 101.346 0
    endloop
  endfacet
  facet normal 0 0 -1
    outer loop
      vertex 0.390181 89.2689 0
      vertex 0.784137 101.346 0
      vertex 0.580569 89.2212 0
    endloop
  endfacet
  facet normal 0 0 -1
    outer loop
      vertex 0.196033 89.2977 0
      vertex 0.784137 101.346 0
      vertex 0.390181 89.2689 0
    endloop
  endfacet
  facet normal 0 0 -1
    outer loop
      vertex 0 101.307 0
      vertex 0.196033 89.2977 0
      vertex 0 89.3073 0
    endloop
  endfacet
  facet normal 0 0 -1
    outer loop
      vertex 0.196033 89.2977 0
      vertex 0 101.307 0
      vertex 0.784137 101.346 0
    endloop
  endfacet
  facet normal 0 0 -1
    outer loop
      vertex -0.196033 89.2977 0
      vertex 0 101.307 0
      vertex 0 89.3073 0
    endloop
  endfacet
  facet normal 0 0 -1
    outer loop
      vertex -0.784137 101.346 0
      vertex -0.196033 89.2977 0
      vertex -0.390181 89.2689 0
    endloop
  endfacet
  facet normal 0 0 -1
    outer loop
      vertex -0.784137 101.346 0
      vertex -0.390181 89.2689 0
      vertex -0.580569 89.2212 0
    endloop
  endfacet
  facet normal 0 0 -1
    outer loop
      vertex -1.56072 101.461 0
      vertex -0.580569 89.2212 0
      vertex -0.765367 89.1551 0
    endloop
  endfacet
  facet normal 0 0 -1
    outer loop
      vertex -0.196033 89.2977 0
      vertex -0.784137 101.346 0
      vertex 0 101.307 0
    endloop
  endfacet
  facet normal 0 0 -1
    outer loop
      vertex -2.32228 101.652 0
      vertex -0.765367 89.1551 0
      vertex -0.942793 89.0712 0
    endloop
  endfacet
  facet normal 0 0 -1
    outer loop
      vertex -2.32228 101.652 0
      vertex -0.942793 89.0712 0
      vertex -1.11114 88.9703 0
    endloop
  endfacet
  facet normal 0 0 -1
    outer loop
      vertex -3.06147 101.916 0
      vertex -1.11114 88.9703 0
      vertex -1.26879 88.8534 0
    endloop
  endfacet
  facet normal 0 0 -1
    outer loop
      vertex -3.06147 101.916 0
      vertex -1.26879 88.8534 0
      vertex -1.41421 88.7215 0
    endloop
  endfacet
  facet normal 0 0 -1
    outer loop
      vertex -3.06147 101.916 0
      vertex -1.41421 88.7215 0
      vertex -1.54602 88.5761 0
    endloop
  endfacet
  facet normal 0 0 -1
    outer loop
      vertex -0.580569 89.2212 0
      vertex -1.56072 101.461 0
      vertex -0.784137 101.346 0
    endloop
  endfacet
  facet normal 0 0 -1
    outer loop
      vertex -3.06147 101.916 0
      vertex -1.54602 88.5761 0
      vertex -1.66294 88.4185 0
    endloop
  endfacet
  facet normal 0 0 -1
    outer loop
      vertex -3.06147 101.916 0
      vertex -1.66294 88.4185 0
      vertex -1.76384 88.2501 0
    endloop
  endfacet
  facet normal 0 0 -1
    outer loop
      vertex -3.06147 101.916 0
      vertex -1.76384 88.2501 0
      vertex -1.84776 88.0727 0
    endloop
  endfacet
  facet normal 0 0 -1
    outer loop
      vertex -3.06147 101.916 0
      vertex -1.84776 88.0727 0
      vertex -1.91388 87.8879 0
    endloop
  endfacet
  facet normal 0 0 -1
    outer loop
      vertex -3.06147 101.916 0
      vertex -1.91388 87.8879 0
      vertex -1.96157 87.6975 0
    endloop
  endfacet
  facet normal 0 0 -1
    outer loop
      vertex -3.06147 101.916 0
      vertex -1.96157 87.6975 0
      vertex -1.99037 87.5034 0
    endloop
  endfacet
  facet normal 0 0 -1
    outer loop
      vertex -16 109.307 0
      vertex -1.99037 87.5034 0
      vertex -2 87.3073 0
    endloop
  endfacet
  facet normal 0 0 -1
    outer loop
      vertex -0.765367 89.1551 0
      vertex -2.32228 101.652 0
      vertex -1.56072 101.461 0
    endloop
  endfacet
  facet normal 0 -1 0
    outer loop
      vertex -8.83328 0 7.16672
      vertex 10 0 8.33345
      vertex -10 0 8.33345
    endloop
  endfacet
  facet normal 0 -1 0
    outer loop
      vertex -8.83328 0 7.16672
      vertex 8.83328 0 7.16672
      vertex 10 0 8.33345
    endloop
  endfacet
  facet normal 0 -1 0
    outer loop
      vertex -8.72453 0 7.04674
      vertex 8.83328 0 7.16672
      vertex -8.83328 0 7.16672
    endloop
  endfacet
  facet normal 0 -1 0
    outer loop
      vertex -8.72453 0 7.04674
      vertex 8.72453 0 7.04674
      vertex 8.83328 0 7.16672
    endloop
  endfacet
  facet normal 0 -1 0
    outer loop
      vertex -8.62808 0 6.91669
      vertex 8.72453 0 7.04674
      vertex -8.72453 0 7.04674
    endloop
  endfacet
  facet normal 0 -1 0
    outer loop
      vertex -8.62808 0 6.91669
      vertex 8.62808 0 6.91669
      vertex 8.72453 0 7.04674
    endloop
  endfacet
  facet normal 0 -1 0
    outer loop
      vertex -8.54483 0 6.7778
      vertex 8.62808 0 6.91669
      vertex -8.62808 0 6.91669
    endloop
  endfacet
  facet normal 0 -1 0
    outer loop
      vertex -8.54483 0 6.7778
      vertex 8.54483 0 6.7778
      vertex 8.62808 0 6.91669
    endloop
  endfacet
  facet normal 0 -1 0
    outer loop
      vertex -8.4756 0 6.63142
      vertex 8.54483 0 6.7778
      vertex -8.54483 0 6.7778
    endloop
  endfacet
  facet normal 0 -1 0
    outer loop
      vertex -8.4756 0 6.63142
      vertex 8.4756 0 6.63142
      vertex 8.54483 0 6.7778
    endloop
  endfacet
  facet normal 0 -1 0
    outer loop
      vertex -8.42105 0 6.47896
      vertex 8.4756 0 6.63142
      vertex -8.4756 0 6.63142
    endloop
  endfacet
  facet normal 0 -1 0
    outer loop
      vertex -8.42105 0 6.47896
      vertex 8.42105 0 6.47896
      vertex 8.4756 0 6.63142
    endloop
  endfacet
  facet normal 0 -1 0
    outer loop
      vertex -8.38171 0 6.32188
      vertex 8.42105 0 6.47896
      vertex -8.42105 0 6.47896
    endloop
  endfacet
  facet normal 0 -1 0
    outer loop
      vertex -8.38171 0 6.32188
      vertex 8.38171 0 6.32188
      vertex 8.42105 0 6.47896
    endloop
  endfacet
  facet normal 0 -1 0
    outer loop
      vertex -8.35796 0 6.16173
      vertex 8.38171 0 6.32188
      vertex -8.38171 0 6.32188
    endloop
  endfacet
  facet normal 0 -1 0
    outer loop
      vertex -8.35796 0 6.16173
      vertex 8.35796 0 6.16173
      vertex 8.38171 0 6.32188
    endloop
  endfacet
  facet normal 0 -1 0
    outer loop
      vertex -8.35001 0 6
      vertex 8.35796 0 6.16173
      vertex -8.35796 0 6.16173
    endloop
  endfacet
  facet normal 0 -1 0
    outer loop
      vertex -8.35001 0 6
      vertex 8.35001 0 6
      vertex 8.35796 0 6.16173
    endloop
  endfacet
  facet normal 0 -1 0
    outer loop
      vertex -8.35796 0 5.83827
      vertex 8.35001 0 6
      vertex -8.35001 0 6
    endloop
  endfacet
  facet normal 0 -1 0
    outer loop
      vertex -8.35796 0 5.83827
      vertex 8.35796 0 5.83827
      vertex 8.35001 0 6
    endloop
  endfacet
  facet normal 0 -1 0
    outer loop
      vertex -8.38171 0 5.67812
      vertex 8.35796 0 5.83827
      vertex -8.35796 0 5.83827
    endloop
  endfacet
  facet normal 0 -1 0
    outer loop
      vertex -8.38171 0 5.67812
      vertex 8.38171 0 5.67812
      vertex 8.35796 0 5.83827
    endloop
  endfacet
  facet normal 0 -1 0
    outer loop
      vertex -8.42105 0 5.52104
      vertex 8.38171 0 5.67812
      vertex -8.38171 0 5.67812
    endloop
  endfacet
  facet normal 0 -1 0
    outer loop
      vertex -8.42105 0 5.52104
      vertex 8.42105 0 5.52104
      vertex 8.38171 0 5.67812
    endloop
  endfacet
  facet normal 0 -1 0
    outer loop
      vertex -8.4756 0 5.36858
      vertex 8.42105 0 5.52104
      vertex -8.42105 0 5.52104
    endloop
  endfacet
  facet normal 0 -1 0
    outer loop
      vertex -8.4756 0 5.36858
      vertex 8.4756 0 5.36858
      vertex 8.42105 0 5.52104
    endloop
  endfacet
  facet normal 0 -1 0
    outer loop
      vertex -8.54483 0 5.2222
      vertex 8.4756 0 5.36858
      vertex -8.4756 0 5.36858
    endloop
  endfacet
  facet normal 0 -1 0
    outer loop
      vertex -8.54483 0 5.2222
      vertex 8.54483 0 5.2222
      vertex 8.4756 0 5.36858
    endloop
  endfacet
  facet normal 0 -1 0
    outer loop
      vertex -8.62808 0 5.08331
      vertex 8.54483 0 5.2222
      vertex -8.54483 0 5.2222
    endloop
  endfacet
  facet normal 0 -1 0
    outer loop
      vertex -8.62808 0 5.08331
      vertex 8.62808 0 5.08331
      vertex 8.54483 0 5.2222
    endloop
  endfacet
  facet normal 0 -1 0
    outer loop
      vertex -8.72453 0 4.95326
      vertex 8.62808 0 5.08331
      vertex -8.62808 0 5.08331
    endloop
  endfacet
  facet normal 0 -1 0
    outer loop
      vertex -8.72453 0 4.95326
      vertex 8.72453 0 4.95326
      vertex 8.62808 0 5.08331
    endloop
  endfacet
  facet normal 0 -1 0
    outer loop
      vertex -8.83328 0 4.83328
      vertex 8.72453 0 4.95326
      vertex -8.72453 0 4.95326
    endloop
  endfacet
  facet normal 0 -1 0
    outer loop
      vertex -8.83328 0 4.83328
      vertex 8.83328 0 4.83328
      vertex 8.72453 0 4.95326
    endloop
  endfacet
  facet normal 0 -1 0
    outer loop
      vertex -8.95326 0 4.72453
      vertex 8.83328 0 4.83328
      vertex -8.83328 0 4.83328
    endloop
  endfacet
  facet normal 0 -1 0
    outer loop
      vertex -8.95326 0 4.72453
      vertex 8.95326 0 4.72453
      vertex 8.83328 0 4.83328
    endloop
  endfacet
  facet normal 0 -1 0
    outer loop
      vertex -9.08331 0 4.62808
      vertex 8.95326 0 4.72453
      vertex -8.95326 0 4.72453
    endloop
  endfacet
  facet normal 0 -1 0
    outer loop
      vertex -9.08331 0 4.62808
      vertex 9.08331 0 4.62808
      vertex 8.95326 0 4.72453
    endloop
  endfacet
  facet normal 0 -1 0
    outer loop
      vertex -9.2222 0 4.54483
      vertex 9.08331 0 4.62808
      vertex -9.08331 0 4.62808
    endloop
  endfacet
  facet normal 0 -1 0
    outer loop
      vertex -9.2222 0 4.54483
      vertex 9.2222 0 4.54483
      vertex 9.08331 0 4.62808
    endloop
  endfacet
  facet normal 0 -1 0
    outer loop
      vertex -9.36858 0 4.4756
      vertex 9.2222 0 4.54483
      vertex -9.2222 0 4.54483
    endloop
  endfacet
  facet normal 0 -1 0
    outer loop
      vertex -9.36858 0 4.4756
      vertex 9.36858 0 4.4756
      vertex 9.2222 0 4.54483
    endloop
  endfacet
  facet normal 0 -1 0
    outer loop
      vertex -9.52104 0 4.42105
      vertex 9.36858 0 4.4756
      vertex -9.36858 0 4.4756
    endloop
  endfacet
  facet normal 0 -1 0
    outer loop
      vertex -9.52104 0 4.42105
      vertex 9.52104 0 4.42105
      vertex 9.36858 0 4.4756
    endloop
  endfacet
  facet normal 0 -1 0
    outer loop
      vertex -18 0 0
      vertex -9.52104 0 4.42105
      vertex -9.67812 0 4.38171
    endloop
  endfacet
  facet normal 0 -1 -0
    outer loop
      vertex -9.52104 0 4.42105
      vertex -18 0 0
      vertex 9.52104 0 4.42105
    endloop
  endfacet
  facet normal 0 -1 0
    outer loop
      vertex -18 0 0
      vertex -9.67812 0 4.38171
      vertex -9.83827 0 4.35796
    endloop
  endfacet
  facet normal 0 -1 0
    outer loop
      vertex 18 0 0
      vertex 9.52104 0 4.42105
      vertex -18 0 0
    endloop
  endfacet
  facet normal 0 -1 0
    outer loop
      vertex -18 0 0
      vertex -9.83827 0 4.35796
      vertex -10 0 4.35001
    endloop
  endfacet
  facet normal 0 -1 0
    outer loop
      vertex 9.52104 0 4.42105
      vertex 18 0 0
      vertex 9.67812 0 4.38171
    endloop
  endfacet
  facet normal 0 -1 0
    outer loop
      vertex -18 0 12
      vertex -10 0 8.33345
      vertex 18 0 12
    endloop
  endfacet
  facet normal 0 -1 0
    outer loop
      vertex -18 0 12
      vertex -11.1667 0 7.16672
      vertex -10 0 8.33345
    endloop
  endfacet
  facet normal 0 -1 0
    outer loop
      vertex -18 0 12
      vertex -11.2755 0 7.04674
      vertex -11.1667 0 7.16672
    endloop
  endfacet
  facet normal 0 -1 0
    outer loop
      vertex -18 0 12
      vertex -11.3719 0 6.91669
      vertex -11.2755 0 7.04674
    endloop
  endfacet
  facet normal 0 -1 0
    outer loop
      vertex -18 0 12
      vertex -11.4552 0 6.7778
      vertex -11.3719 0 6.91669
    endloop
  endfacet
  facet normal 0 -1 0
    outer loop
      vertex -18 0 12
      vertex -11.5244 0 6.63142
      vertex -11.4552 0 6.7778
    endloop
  endfacet
  facet normal 0 -1 0
    outer loop
      vertex -18 0 12
      vertex -11.5789 0 6.47896
      vertex -11.5244 0 6.63142
    endloop
  endfacet
  facet normal 0 -1 0
    outer loop
      vertex -18 0 12
      vertex -11.6183 0 6.32188
      vertex -11.5789 0 6.47896
    endloop
  endfacet
  facet normal 0 -1 0
    outer loop
      vertex -18 0 12
      vertex -11.642 0 6.16173
      vertex -11.6183 0 6.32188
    endloop
  endfacet
  facet normal 0 -1 0
    outer loop
      vertex -18 0 12
      vertex -11.65 0 6
      vertex -11.642 0 6.16173
    endloop
  endfacet
  facet normal 0 -1 0
    outer loop
      vertex -18 0 0
      vertex -11.65 0 6
      vertex -18 0 12
    endloop
  endfacet
  facet normal 0 -1 -0
    outer loop
      vertex -11.65 0 6
      vertex -18 0 0
      vertex -11.642 0 5.83827
    endloop
  endfacet
  facet normal 0 -1 -0
    outer loop
      vertex -11.642 0 5.83827
      vertex -18 0 0
      vertex -11.6183 0 5.67812
    endloop
  endfacet
  facet normal 0 -1 -0
    outer loop
      vertex -11.6183 0 5.67812
      vertex -18 0 0
      vertex -11.5789 0 5.52104
    endloop
  endfacet
  facet normal 0 -1 -0
    outer loop
      vertex -11.5789 0 5.52104
      vertex -18 0 0
      vertex -11.5244 0 5.36858
    endloop
  endfacet
  facet normal 0 -1 -0
    outer loop
      vertex -11.5244 0 5.36858
      vertex -18 0 0
      vertex -11.4552 0 5.2222
    endloop
  endfacet
  facet normal 0 -1 -0
    outer loop
      vertex -11.4552 0 5.2222
      vertex -18 0 0
      vertex -11.3719 0 5.08331
    endloop
  endfacet
  facet normal 0 -1 -0
    outer loop
      vertex -11.3719 0 5.08331
      vertex -18 0 0
      vertex -11.2755 0 4.95326
    endloop
  endfacet
  facet normal 0 -1 0
    outer loop
      vertex 9.67812 0 4.38171
      vertex 18 0 0
      vertex 9.83827 0 4.35796
    endloop
  endfacet
  facet normal 0 -1 -0
    outer loop
      vertex -10.1617 0 4.35796
      vertex -18 0 0
      vertex -10 0 4.35001
    endloop
  endfacet
  facet normal 0 -1 -0
    outer loop
      vertex -10.3219 0 4.38171
      vertex -18 0 0
      vertex -10.1617 0 4.35796
    endloop
  endfacet
  facet normal 0 -1 -0
    outer loop
      vertex -10.479 0 4.42105
      vertex -18 0 0
      vertex -10.3219 0 4.38171
    endloop
  endfacet
  facet normal 0 -1 -0
    outer loop
      vertex -10.6314 0 4.4756
      vertex -18 0 0
      vertex -10.479 0 4.42105
    endloop
  endfacet
  facet normal 0 -1 -0
    outer loop
      vertex -10.7778 0 4.54483
      vertex -18 0 0
      vertex -10.6314 0 4.4756
    endloop
  endfacet
  facet normal 0 -1 -0
    outer loop
      vertex -10.9167 0 4.62808
      vertex -18 0 0
      vertex -10.7778 0 4.54483
    endloop
  endfacet
  facet normal 0 -1 -0
    outer loop
      vertex -11.0467 0 4.72453
      vertex -18 0 0
      vertex -10.9167 0 4.62808
    endloop
  endfacet
  facet normal 0 -1 -0
    outer loop
      vertex -11.1667 0 4.83328
      vertex -18 0 0
      vertex -11.0467 0 4.72453
    endloop
  endfacet
  facet normal 0 -1 -0
    outer loop
      vertex -11.2755 0 4.95326
      vertex -18 0 0
      vertex -11.1667 0 4.83328
    endloop
  endfacet
  facet normal 0 -1 0
    outer loop
      vertex 10 0 8.33345
      vertex 18 0 12
      vertex -10 0 8.33345
    endloop
  endfacet
  facet normal 0 -1 0
    outer loop
      vertex 11.1667 0 7.16672
      vertex 18 0 12
      vertex 10 0 8.33345
    endloop
  endfacet
  facet normal 0 -1 0
    outer loop
      vertex 11.2755 0 7.04674
      vertex 18 0 12
      vertex 11.1667 0 7.16672
    endloop
  endfacet
  facet normal 0 -1 0
    outer loop
      vertex 11.3719 0 6.91669
      vertex 18 0 12
      vertex 11.2755 0 7.04674
    endloop
  endfacet
  facet normal 0 -1 0
    outer loop
      vertex 11.4552 0 6.7778
      vertex 18 0 12
      vertex 11.3719 0 6.91669
    endloop
  endfacet
  facet normal 0 -1 0
    outer loop
      vertex 11.5244 0 6.63142
      vertex 18 0 12
      vertex 11.4552 0 6.7778
    endloop
  endfacet
  facet normal 0 -1 0
    outer loop
      vertex 11.5789 0 6.47896
      vertex 18 0 12
      vertex 11.5244 0 6.63142
    endloop
  endfacet
  facet normal 0 -1 0
    outer loop
      vertex 11.6183 0 6.32188
      vertex 18 0 12
      vertex 11.5789 0 6.47896
    endloop
  endfacet
  facet normal 0 -1 0
    outer loop
      vertex 11.642 0 6.16173
      vertex 18 0 12
      vertex 11.6183 0 6.32188
    endloop
  endfacet
  facet normal 0 -1 0
    outer loop
      vertex 11.65 0 6
      vertex 18 0 12
      vertex 11.642 0 6.16173
    endloop
  endfacet
  facet normal 0 -1 0
    outer loop
      vertex 18 0 0
      vertex 11.65 0 6
      vertex 11.642 0 5.83827
    endloop
  endfacet
  facet normal 0 -1 0
    outer loop
      vertex 18 0 0
      vertex 11.642 0 5.83827
      vertex 11.6183 0 5.67812
    endloop
  endfacet
  facet normal 0 -1 0
    outer loop
      vertex 18 0 0
      vertex 11.6183 0 5.67812
      vertex 11.5789 0 5.52104
    endloop
  endfacet
  facet normal 0 -1 0
    outer loop
      vertex 18 0 0
      vertex 11.5789 0 5.52104
      vertex 11.5244 0 5.36858
    endloop
  endfacet
  facet normal 0 -1 0
    outer loop
      vertex 18 0 0
      vertex 11.5244 0 5.36858
      vertex 11.4552 0 5.2222
    endloop
  endfacet
  facet normal 0 -1 0
    outer loop
      vertex 18 0 0
      vertex 11.4552 0 5.2222
      vertex 11.3719 0 5.08331
    endloop
  endfacet
  facet normal 0 -1 0
    outer loop
      vertex 18 0 0
      vertex 11.3719 0 5.08331
      vertex 11.2755 0 4.95326
    endloop
  endfacet
  facet normal 0 -1 0
    outer loop
      vertex 18 0 0
      vertex 11.2755 0 4.95326
      vertex 11.1667 0 4.83328
    endloop
  endfacet
  facet normal 0 -1 0
    outer loop
      vertex 9.83827 0 4.35796
      vertex 18 0 0
      vertex 10 0 4.35001
    endloop
  endfacet
  facet normal 0 -1 0
    outer loop
      vertex 10 0 4.35001
      vertex 18 0 0
      vertex 10.1617 0 4.35796
    endloop
  endfacet
  facet normal 0 -1 0
    outer loop
      vertex 11.65 0 6
      vertex 18 0 0
      vertex 18 0 12
    endloop
  endfacet
  facet normal 0 -1 0
    outer loop
      vertex 11.0467 0 4.72453
      vertex 18 0 0
      vertex 11.1667 0 4.83328
    endloop
  endfacet
  facet normal 0 -1 0
    outer loop
      vertex 10.9167 0 4.62808
      vertex 18 0 0
      vertex 11.0467 0 4.72453
    endloop
  endfacet
  facet normal 0 -1 0
    outer loop
      vertex 10.7778 0 4.54483
      vertex 18 0 0
      vertex 10.9167 0 4.62808
    endloop
  endfacet
  facet normal 0 -1 0
    outer loop
      vertex 10.6314 0 4.4756
      vertex 18 0 0
      vertex 10.7778 0 4.54483
    endloop
  endfacet
  facet normal 0 -1 0
    outer loop
      vertex 10.479 0 4.42105
      vertex 18 0 0
      vertex 10.6314 0 4.4756
    endloop
  endfacet
  facet normal 0 -1 0
    outer loop
      vertex 10.3219 0 4.38171
      vertex 18 0 0
      vertex 10.479 0 4.42105
    endloop
  endfacet
  facet normal 0 -1 0
    outer loop
      vertex 10.1617 0 4.35796
      vertex 18 0 0
      vertex 10.3219 0 4.38171
    endloop
  endfacet
  facet normal 0 0 1
    outer loop
      vertex -16 109.307 12
      vertex -1.96157 86.9172 12
      vertex -8.54177 102.297 12
    endloop
  endfacet
  facet normal 0 0 1
    outer loop
      vertex -1.96157 86.9172 12
      vertex -16 109.307 12
      vertex -1.91388 86.7268 12
    endloop
  endfacet
  facet normal 0 0 1
    outer loop
      vertex -16 109.307 12
      vertex -8.54177 102.297 12
      vertex -9.18774 103.168 12
    endloop
  endfacet
  facet normal 0 0 1
    outer loop
      vertex -16 109.307 12
      vertex -9.18774 103.168 12
      vertex -9.74523 104.098 12
    endloop
  endfacet
  facet normal 0 0 1
    outer loop
      vertex -16 109.307 12
      vertex -9.74523 104.098 12
      vertex -10.2089 105.079 12
    endloop
  endfacet
  facet normal 0 0 1
    outer loop
      vertex -16 109.307 12
      vertex -10.2089 105.079 12
      vertex -10.5742 106.1 12
    endloop
  endfacet
  facet normal 0 0 1
    outer loop
      vertex -16 109.307 12
      vertex -10.5742 106.1 12
      vertex -10.8377 107.152 12
    endloop
  endfacet
  facet normal 0 0 1
    outer loop
      vertex -16 109.307 12
      vertex -10.8377 107.152 12
      vertex -10.9968 108.224 12
    endloop
  endfacet
  facet normal -0 0 1
    outer loop
      vertex -16 109.307 12
      vertex -10.9968 108.224 12
      vertex -11.05 109.307 12
    endloop
  endfacet
  facet normal 0 0 1
    outer loop
      vertex -10.2089 113.536 12
      vertex -14.7821 115.43 12
      vertex -10.5742 112.515 12
    endloop
  endfacet
  facet normal -0 0 1
    outer loop
      vertex -15.311 113.952 12
      vertex -10.5742 112.515 12
      vertex -14.7821 115.43 12
    endloop
  endfacet
  facet normal 0 0 1
    outer loop
      vertex -1.91388 86.7268 12
      vertex -16 109.307 12
      vertex -18 11 12
    endloop
  endfacet
  facet normal 0 0 1
    outer loop
      vertex -1.91388 86.7268 12
      vertex -18 11 12
      vertex -7.15 7.4 12
    endloop
  endfacet
  facet normal 0 0 1
    outer loop
      vertex -10.5742 112.515 12
      vertex -15.311 113.952 12
      vertex -10.8377 111.463 12
    endloop
  endfacet
  facet normal 0 0 1
    outer loop
      vertex -7.15 7.4 12
      vertex -1.5 85.9878 12
      vertex -1.54602 86.0386 12
    endloop
  endfacet
  facet normal 0 0 1
    outer loop
      vertex 7.01005 100.766 12
      vertex 1.99037 87.5034 12
      vertex 2 87.3073 12
    endloop
  endfacet
  facet normal 0 0 1
    outer loop
      vertex 3.20765 98.7331 12
      vertex 1.96157 87.6975 12
      vertex 1.99037 87.5034 12
    endloop
  endfacet
  facet normal 0 0 1
    outer loop
      vertex 3.20765 98.7331 12
      vertex 1.91388 87.8879 12
      vertex 1.96157 87.6975 12
    endloop
  endfacet
  facet normal 0 0 1
    outer loop
      vertex 3.20765 98.7331 12
      vertex 1.84776 88.0727 12
      vertex 1.91388 87.8879 12
    endloop
  endfacet
  facet normal 0 0 1
    outer loop
      vertex 3.20765 98.7331 12
      vertex 1.76384 88.2501 12
      vertex 1.84776 88.0727 12
    endloop
  endfacet
  facet normal 0 0 1
    outer loop
      vertex 3.20765 98.7331 12
      vertex 1.66294 88.4185 12
      vertex 1.76384 88.2501 12
    endloop
  endfacet
  facet normal 0 0 1
    outer loop
      vertex 3.20765 98.7331 12
      vertex 1.54602 88.5761 12
      vertex 1.66294 88.4185 12
    endloop
  endfacet
  facet normal 0 0 1
    outer loop
      vertex 3.20765 98.7331 12
      vertex 1.41421 88.7215 12
      vertex 1.54602 88.5761 12
    endloop
  endfacet
  facet normal 0 0 1
    outer loop
      vertex 3.20765 98.7331 12
      vertex 1.26879 88.8534 12
      vertex 1.41421 88.7215 12
    endloop
  endfacet
  facet normal 0 0 1
    outer loop
      vertex 3.20765 98.7331 12
      vertex 1.11114 88.9703 12
      vertex 1.26879 88.8534 12
    endloop
  endfacet
  facet normal 0 0 1
    outer loop
      vertex 0.765367 89.1551 12
      vertex 2.15575 98.4697 12
      vertex 1.08309 98.3105 12
    endloop
  endfacet
  facet normal 0 0 1
    outer loop
      vertex 2.15575 98.4697 12
      vertex 0.942793 89.0712 12
      vertex 1.11114 88.9703 12
    endloop
  endfacet
  facet normal 0 0 1
    outer loop
      vertex 2.15575 98.4697 12
      vertex 0.765367 89.1551 12
      vertex 0.942793 89.0712 12
    endloop
  endfacet
  facet normal 0 0 1
    outer loop
      vertex 1.08309 98.3105 12
      vertex 0.580569 89.2212 12
      vertex 0.765367 89.1551 12
    endloop
  endfacet
  facet normal 0 0 1
    outer loop
      vertex 1.08309 98.3105 12
      vertex 0.390181 89.2689 12
      vertex 0.580569 89.2212 12
    endloop
  endfacet
  facet normal 0 0 1
    outer loop
      vertex 1.08309 98.3105 12
      vertex 0.196033 89.2977 12
      vertex 0.390181 89.2689 12
    endloop
  endfacet
  facet normal -0 0 1
    outer loop
      vertex 0 98.2573 12
      vertex 0.196033 89.2977 12
      vertex 1.08309 98.3105 12
    endloop
  endfacet
  facet normal 0 0 1
    outer loop
      vertex 0 98.2573 12
      vertex 0 89.3073 12
      vertex 0.196033 89.2977 12
    endloop
  endfacet
  facet normal 0 0 1
    outer loop
      vertex 0 98.2573 12
      vertex -0.196033 89.2977 12
      vertex 0 89.3073 12
    endloop
  endfacet
  facet normal 0 0 1
    outer loop
      vertex -1.08309 98.3105 12
      vertex -0.196033 89.2977 12
      vertex 0 98.2573 12
    endloop
  endfacet
  facet normal 0 0 1
    outer loop
      vertex -0.196033 89.2977 12
      vertex -1.08309 98.3105 12
      vertex -0.390181 89.2689 12
    endloop
  endfacet
  facet normal 0 0 1
    outer loop
      vertex -0.390181 89.2689 12
      vertex -1.08309 98.3105 12
      vertex -0.580569 89.2212 12
    endloop
  endfacet
  facet normal 0 0 1
    outer loop
      vertex -0.580569 89.2212 12
      vertex -1.08309 98.3105 12
      vertex -0.765367 89.1551 12
    endloop
  endfacet
  facet normal 0 0 1
    outer loop
      vertex -2.15575 98.4697 12
      vertex -0.765367 89.1551 12
      vertex -1.08309 98.3105 12
    endloop
  endfacet
  facet normal 0 0 1
    outer loop
      vertex -0.765367 89.1551 12
      vertex -2.15575 98.4697 12
      vertex -0.942793 89.0712 12
    endloop
  endfacet
  facet normal 0 0 1
    outer loop
      vertex -0.942793 89.0712 12
      vertex -2.15575 98.4697 12
      vertex -1.11114 88.9703 12
    endloop
  endfacet
  facet normal 0 0 1
    outer loop
      vertex -3.20765 98.7331 12
      vertex -1.11114 88.9703 12
      vertex -2.15575 98.4697 12
    endloop
  endfacet
  facet normal 0 0 1
    outer loop
      vertex -1.11114 88.9703 12
      vertex -3.20765 98.7331 12
      vertex -1.26879 88.8534 12
    endloop
  endfacet
  facet normal 0 0 1
    outer loop
      vertex -1.26879 88.8534 12
      vertex -3.20765 98.7331 12
      vertex -1.41421 88.7215 12
    endloop
  endfacet
  facet normal 0 0 1
    outer loop
      vertex -4.22865 99.0985 12
      vertex -1.41421 88.7215 12
      vertex -3.20765 98.7331 12
    endloop
  endfacet
  facet normal 0 0 1
    outer loop
      vertex -1.41421 88.7215 12
      vertex -4.22865 99.0985 12
      vertex -1.54602 88.5761 12
    endloop
  endfacet
  facet normal 0 0 1
    outer loop
      vertex -1.54602 88.5761 12
      vertex -4.22865 99.0985 12
      vertex -1.66294 88.4185 12
    endloop
  endfacet
  facet normal 0 0 1
    outer loop
      vertex -5.20893 99.5621 12
      vertex -1.66294 88.4185 12
      vertex -4.22865 99.0985 12
    endloop
  endfacet
  facet normal 0 0 1
    outer loop
      vertex -1.66294 88.4185 12
      vertex -5.20893 99.5621 12
      vertex -1.76384 88.2501 12
    endloop
  endfacet
  facet normal 0 0 1
    outer loop
      vertex -6.13905 100.12 12
      vertex -1.84776 88.0727 12
      vertex -5.20893 99.5621 12
    endloop
  endfacet
  facet normal 0 0 1
    outer loop
      vertex -1.76384 88.2501 12
      vertex -5.20893 99.5621 12
      vertex -1.84776 88.0727 12
    endloop
  endfacet
  facet normal 0 0 1
    outer loop
      vertex 15.9229 110.876 12
      vertex 10.9968 110.39 12
      vertex 11.05 109.307 12
    endloop
  endfacet
  facet normal 0 0 1
    outer loop
      vertex 12.3682 119.458 12
      vertex 10.8377 111.463 12
      vertex 10.9968 110.39 12
    endloop
  endfacet
  facet normal 0 0 1
    outer loop
      vertex 12.3682 119.458 12
      vertex 10.5742 112.515 12
      vertex 10.8377 111.463 12
    endloop
  endfacet
  facet normal 0 0 1
    outer loop
      vertex 12.3682 119.458 12
      vertex 10.2089 113.536 12
      vertex 10.5742 112.515 12
    endloop
  endfacet
  facet normal 0 0 1
    outer loop
      vertex 7.81353 117.121 12
      vertex 11.3137 120.621 12
      vertex 10.1503 121.675 12
    endloop
  endfacet
  facet normal 0 0 1
    outer loop
      vertex 12.3682 119.458 12
      vertex 9.74523 114.516 12
      vertex 10.2089 113.536 12
    endloop
  endfacet
  facet normal 0 0 1
    outer loop
      vertex 12.3682 119.458 12
      vertex 9.18774 115.446 12
      vertex 9.74523 114.516 12
    endloop
  endfacet
  facet normal 0 0 1
    outer loop
      vertex 7.01005 117.849 12
      vertex 10.1503 121.675 12
      vertex 8.88911 122.611 12
    endloop
  endfacet
  facet normal 0 0 1
    outer loop
      vertex 12.3682 119.458 12
      vertex 8.54177 116.317 12
      vertex 9.18774 115.446 12
    endloop
  endfacet
  facet normal 0 0 1
    outer loop
      vertex 11.3137 120.621 12
      vertex 7.81353 117.121 12
      vertex 8.54177 116.317 12
    endloop
  endfacet
  facet normal 0 0 1
    outer loop
      vertex 6.13905 118.495 12
      vertex 8.88911 122.611 12
      vertex 7.54234 123.418 12
    endloop
  endfacet
  facet normal 0 0 1
    outer loop
      vertex 10.1503 121.675 12
      vertex 7.01005 117.849 12
      vertex 7.81353 117.121 12
    endloop
  endfacet
  facet normal 0 0 1
    outer loop
      vertex 8.88911 122.611 12
      vertex 6.13905 118.495 12
      vertex 7.01005 117.849 12
    endloop
  endfacet
  facet normal 0 0 1
    outer loop
      vertex 5.20893 119.053 12
      vertex 7.54234 123.418 12
      vertex 6.12292 124.089 12
    endloop
  endfacet
  facet normal 0 0 1
    outer loop
      vertex 7.54234 123.418 12
      vertex 5.20893 119.053 12
      vertex 6.13905 118.495 12
    endloop
  endfacet
  facet normal 0 0 1
    outer loop
      vertex 4.22865 119.516 12
      vertex 6.12292 124.089 12
      vertex 4.64455 124.618 12
    endloop
  endfacet
  facet normal 0 0 1
    outer loop
      vertex 6.12292 124.089 12
      vertex 4.22865 119.516 12
      vertex 5.20893 119.053 12
    endloop
  endfacet
  facet normal 0 0 1
    outer loop
      vertex 4.64455 124.618 12
      vertex 3.20765 119.882 12
      vertex 4.22865 119.516 12
    endloop
  endfacet
  facet normal 0 0 1
    outer loop
      vertex 3.12144 125 12
      vertex 3.20765 119.882 12
      vertex 4.64455 124.618 12
    endloop
  endfacet
  facet normal 0 0 1
    outer loop
      vertex 3.12144 125 12
      vertex 2.15575 120.145 12
      vertex 3.20765 119.882 12
    endloop
  endfacet
  facet normal 0 0 1
    outer loop
      vertex 1.56827 125.23 12
      vertex 2.15575 120.145 12
      vertex 3.12144 125 12
    endloop
  endfacet
  facet normal 0 0 1
    outer loop
      vertex 1.56827 125.23 12
      vertex 1.08309 120.304 12
      vertex 2.15575 120.145 12
    endloop
  endfacet
  facet normal 0 0 1
    outer loop
      vertex 0 125.307 12
      vertex 1.08309 120.304 12
      vertex 1.56827 125.23 12
    endloop
  endfacet
  facet normal 0 0 1
    outer loop
      vertex 0 125.307 12
      vertex 0 120.357 12
      vertex 1.08309 120.304 12
    endloop
  endfacet
  facet normal 0 0 1
    outer loop
      vertex 0 125.307 12
      vertex -1.08309 120.304 12
      vertex 0 120.357 12
    endloop
  endfacet
  facet normal -0 0 1
    outer loop
      vertex -1.56827 125.23 12
      vertex -1.08309 120.304 12
      vertex 0 125.307 12
    endloop
  endfacet
  facet normal 0 0 1
    outer loop
      vertex -1.56827 125.23 12
      vertex -2.15575 120.145 12
      vertex -1.08309 120.304 12
    endloop
  endfacet
  facet normal -0 0 1
    outer loop
      vertex -3.12144 125 12
      vertex -2.15575 120.145 12
      vertex -1.56827 125.23 12
    endloop
  endfacet
  facet normal 0 0 1
    outer loop
      vertex -3.12144 125 12
      vertex -3.20765 119.882 12
      vertex -2.15575 120.145 12
    endloop
  endfacet
  facet normal -0 0 1
    outer loop
      vertex -4.64455 124.618 12
      vertex -3.20765 119.882 12
      vertex -3.12144 125 12
    endloop
  endfacet
  facet normal 0 0 1
    outer loop
      vertex -3.20765 119.882 12
      vertex -4.64455 124.618 12
      vertex -4.22865 119.516 12
    endloop
  endfacet
  facet normal -0 0 1
    outer loop
      vertex -6.12292 124.089 12
      vertex -4.22865 119.516 12
      vertex -4.64455 124.618 12
    endloop
  endfacet
  facet normal 0 0 1
    outer loop
      vertex -4.22865 119.516 12
      vertex -6.12292 124.089 12
      vertex -5.20893 119.053 12
    endloop
  endfacet
  facet normal -0 0 1
    outer loop
      vertex -7.54234 123.418 12
      vertex -5.20893 119.053 12
      vertex -6.12292 124.089 12
    endloop
  endfacet
  facet normal 0 0 1
    outer loop
      vertex -5.20893 119.053 12
      vertex -7.54234 123.418 12
      vertex -6.13905 118.495 12
    endloop
  endfacet
  facet normal -0 0 1
    outer loop
      vertex -8.88911 122.611 12
      vertex -6.13905 118.495 12
      vertex -7.54234 123.418 12
    endloop
  endfacet
  facet normal 0 0 1
    outer loop
      vertex -6.13905 118.495 12
      vertex -8.88911 122.611 12
      vertex -7.01005 117.849 12
    endloop
  endfacet
  facet normal -0 0 1
    outer loop
      vertex -10.1503 121.675 12
      vertex -7.01005 117.849 12
      vertex -8.88911 122.611 12
    endloop
  endfacet
  facet normal 0 0 1
    outer loop
      vertex -7.01005 117.849 12
      vertex -10.1503 121.675 12
      vertex -7.81353 117.121 12
    endloop
  endfacet
  facet normal -0 0 1
    outer loop
      vertex -11.3137 120.621 12
      vertex -7.81353 117.121 12
      vertex -10.1503 121.675 12
    endloop
  endfacet
  facet normal 0 0 1
    outer loop
      vertex -7.81353 117.121 12
      vertex -11.3137 120.621 12
      vertex -8.54177 116.317 12
    endloop
  endfacet
  facet normal -0 0 1
    outer loop
      vertex -12.3682 119.458 12
      vertex -8.54177 116.317 12
      vertex -11.3137 120.621 12
    endloop
  endfacet
  facet normal 0 0 1
    outer loop
      vertex -8.54177 116.317 12
      vertex -12.3682 119.458 12
      vertex -9.18774 115.446 12
    endloop
  endfacet
  facet normal -0 0 1
    outer loop
      vertex -13.3035 118.196 12
      vertex -9.18774 115.446 12
      vertex -12.3682 119.458 12
    endloop
  endfacet
  facet normal 0 0 1
    outer loop
      vertex -9.18774 115.446 12
      vertex -13.3035 118.196 12
      vertex -9.74523 114.516 12
    endloop
  endfacet
  facet normal -0 0 1
    outer loop
      vertex -14.1107 116.85 12
      vertex -9.74523 114.516 12
      vertex -13.3035 118.196 12
    endloop
  endfacet
  facet normal -0 0 1
    outer loop
      vertex -14.7821 115.43 12
      vertex -10.2089 113.536 12
      vertex -14.1107 116.85 12
    endloop
  endfacet
  facet normal 0 0 1
    outer loop
      vertex -9.74523 114.516 12
      vertex -14.1107 116.85 12
      vertex -10.2089 113.536 12
    endloop
  endfacet
  facet normal 0 0 1
    outer loop
      vertex 15.9229 110.876 12
      vertex 11.05 109.307 12
      vertex 16 109.307 12
    endloop
  endfacet
  facet normal 0 0 1
    outer loop
      vertex 8.54177 116.317 12
      vertex 12.3682 119.458 12
      vertex 11.3137 120.621 12
    endloop
  endfacet
  facet normal 0 0 1
    outer loop
      vertex 16 109.307 12
      vertex 11.05 109.307 12
      vertex 10.9968 108.224 12
    endloop
  endfacet
  facet normal 0 0 1
    outer loop
      vertex 10.8377 107.152 12
      vertex 16 109.307 12
      vertex 10.9968 108.224 12
    endloop
  endfacet
  facet normal 0 0 1
    outer loop
      vertex 10.5742 106.1 12
      vertex 16 109.307 12
      vertex 10.8377 107.152 12
    endloop
  endfacet
  facet normal 0 0 1
    outer loop
      vertex 10.2089 105.079 12
      vertex 16 109.307 12
      vertex 10.5742 106.1 12
    endloop
  endfacet
  facet normal 0 0 1
    outer loop
      vertex 9.74523 104.098 12
      vertex 16 109.307 12
      vertex 10.2089 105.079 12
    endloop
  endfacet
  facet normal 0 0 1
    outer loop
      vertex 9.18774 103.168 12
      vertex 16 109.307 12
      vertex 9.74523 104.098 12
    endloop
  endfacet
  facet normal 0 0 1
    outer loop
      vertex 8.54177 102.297 12
      vertex 16 109.307 12
      vertex 9.18774 103.168 12
    endloop
  endfacet
  facet normal 0 0 1
    outer loop
      vertex 16 109.307 12
      vertex 8.54177 102.297 12
      vertex 1.91388 86.7268 12
    endloop
  endfacet
  facet normal 0 0 1
    outer loop
      vertex 1.91388 86.7268 12
      vertex 8.54177 102.297 12
      vertex 7.81353 101.494 12
    endloop
  endfacet
  facet normal 0 0 1
    outer loop
      vertex 1.84776 86.542 12
      vertex 16 109.307 12
      vertex 1.91388 86.7268 12
    endloop
  endfacet
  facet normal 0 0 1
    outer loop
      vertex 16 109.307 12
      vertex 1.84776 86.542 12
      vertex 12.85 7.4 12
    endloop
  endfacet
  facet normal 0 0 1
    outer loop
      vertex 1.91388 86.7268 12
      vertex 7.81353 101.494 12
      vertex 7.01005 100.766 12
    endloop
  endfacet
  facet normal 0 0 1
    outer loop
      vertex 12.85 7.4 12
      vertex 18 11 12
      vertex 16 109.307 12
    endloop
  endfacet
  facet normal 0 0 1
    outer loop
      vertex 10.9968 110.39 12
      vertex 15.9229 110.876 12
      vertex 15.6926 112.429 12
    endloop
  endfacet
  facet normal 0 0 1
    outer loop
      vertex 10.9968 110.39 12
      vertex 15.6926 112.429 12
      vertex 15.311 113.952 12
    endloop
  endfacet
  facet normal 0 0 1
    outer loop
      vertex 10.9968 110.39 12
      vertex 15.311 113.952 12
      vertex 14.7821 115.43 12
    endloop
  endfacet
  facet normal 0 0 1
    outer loop
      vertex 10.9968 110.39 12
      vertex 14.7821 115.43 12
      vertex 14.1107 116.85 12
    endloop
  endfacet
  facet normal 0 0 1
    outer loop
      vertex 10.9968 110.39 12
      vertex 14.1107 116.85 12
      vertex 13.3035 118.196 12
    endloop
  endfacet
  facet normal 0 0 1
    outer loop
      vertex 10.9968 110.39 12
      vertex 13.3035 118.196 12
      vertex 12.3682 119.458 12
    endloop
  endfacet
  facet normal 0 0 1
    outer loop
      vertex 12.85 4.6 12
      vertex 18 11 12
      vertex 12.85 7.4 12
    endloop
  endfacet
  facet normal 0 0 1
    outer loop
      vertex 18 11 12
      vertex 12.85 4.6 12
      vertex 18 0 12
    endloop
  endfacet
  facet normal -0 0 1
    outer loop
      vertex 7.15 4.6 12
      vertex 18 0 12
      vertex 12.85 4.6 12
    endloop
  endfacet
  facet normal 0 0 1
    outer loop
      vertex 1.99037 87.5034 12
      vertex 7.01005 100.766 12
      vertex 6.13905 100.12 12
    endloop
  endfacet
  facet normal 0 0 1
    outer loop
      vertex 1.99037 87.5034 12
      vertex 6.13905 100.12 12
      vertex 5.20893 99.5621 12
    endloop
  endfacet
  facet normal 0 0 1
    outer loop
      vertex 1.99037 87.5034 12
      vertex 5.20893 99.5621 12
      vertex 4.22865 99.0985 12
    endloop
  endfacet
  facet normal 0 0 1
    outer loop
      vertex 1.99037 87.5034 12
      vertex 4.22865 99.0985 12
      vertex 3.20765 98.7331 12
    endloop
  endfacet
  facet normal 0 0 1
    outer loop
      vertex 1.11114 88.9703 12
      vertex 3.20765 98.7331 12
      vertex 2.15575 98.4697 12
    endloop
  endfacet
  facet normal 0 0 1
    outer loop
      vertex 7.01005 100.766 12
      vertex 2 87.3073 12
      vertex 1.99037 87.1113 12
    endloop
  endfacet
  facet normal 0 0 1
    outer loop
      vertex 7.01005 100.766 12
      vertex 1.99037 87.1113 12
      vertex 1.96157 86.9172 12
    endloop
  endfacet
  facet normal 0 0 1
    outer loop
      vertex 1.91388 86.7268 12
      vertex 7.01005 100.766 12
      vertex 1.96157 86.9172 12
    endloop
  endfacet
  facet normal -0 0 1
    outer loop
      vertex 1.76384 86.3645 12
      vertex 12.85 7.4 12
      vertex 1.84776 86.542 12
    endloop
  endfacet
  facet normal -0 0 1
    outer loop
      vertex 1.66294 86.1962 12
      vertex 12.85 7.4 12
      vertex 1.76384 86.3645 12
    endloop
  endfacet
  facet normal -0 0 1
    outer loop
      vertex 1.54602 86.0386 12
      vertex 12.85 7.4 12
      vertex 1.66294 86.1962 12
    endloop
  endfacet
  facet normal -0 0 1
    outer loop
      vertex 1.5 85.9878 12
      vertex 12.85 7.4 12
      vertex 1.54602 86.0386 12
    endloop
  endfacet
  facet normal -0 0 1
    outer loop
      vertex 1.5 11 12
      vertex 12.85 7.4 12
      vertex 1.5 85.9878 12
    endloop
  endfacet
  facet normal 0 0 1
    outer loop
      vertex 12.85 7.4 12
      vertex 1.5 11 12
      vertex 7.15 7.4 12
    endloop
  endfacet
  facet normal 0 0 1
    outer loop
      vertex 7.15 7.4 12
      vertex 1.5 11 12
      vertex 7.15 4.6 12
    endloop
  endfacet
  facet normal -0 0 1
    outer loop
      vertex -1.5 11 12
      vertex 7.15 4.6 12
      vertex 1.5 11 12
    endloop
  endfacet
  facet normal 0 0 1
    outer loop
      vertex -7.15 7.4 12
      vertex -1.54602 86.0386 12
      vertex -1.66294 86.1962 12
    endloop
  endfacet
  facet normal 0 0 1
    outer loop
      vertex -7.15 7.4 12
      vertex -1.66294 86.1962 12
      vertex -1.76384 86.3645 12
    endloop
  endfacet
  facet normal 0 0 1
    outer loop
      vertex -7.15 7.4 12
      vertex -1.76384 86.3645 12
      vertex -1.84776 86.542 12
    endloop
  endfacet
  facet normal 0 0 1
    outer loop
      vertex -7.15 7.4 12
      vertex -1.84776 86.542 12
      vertex -1.91388 86.7268 12
    endloop
  endfacet
  facet normal 0 0 1
    outer loop
      vertex -8.54177 102.297 12
      vertex -1.99037 87.1113 12
      vertex -7.81353 101.494 12
    endloop
  endfacet
  facet normal 0 0 1
    outer loop
      vertex -2 87.3073 12
      vertex -7.81353 101.494 12
      vertex -1.99037 87.1113 12
    endloop
  endfacet
  facet normal 0 0 1
    outer loop
      vertex -1.99037 87.5034 12
      vertex -7.81353 101.494 12
      vertex -2 87.3073 12
    endloop
  endfacet
  facet normal 0 0 1
    outer loop
      vertex -1.84776 88.0727 12
      vertex -6.13905 100.12 12
      vertex -1.91388 87.8879 12
    endloop
  endfacet
  facet normal 0 0 1
    outer loop
      vertex -1.91388 87.8879 12
      vertex -6.13905 100.12 12
      vertex -1.96157 87.6975 12
    endloop
  endfacet
  facet normal 0 0 1
    outer loop
      vertex -7.01005 100.766 12
      vertex -1.96157 87.6975 12
      vertex -6.13905 100.12 12
    endloop
  endfacet
  facet normal 0 0 1
    outer loop
      vertex -1.96157 87.6975 12
      vertex -7.01005 100.766 12
      vertex -1.99037 87.5034 12
    endloop
  endfacet
  facet normal 0 0 1
    outer loop
      vertex -7.81353 101.494 12
      vertex -1.99037 87.5034 12
      vertex -7.01005 100.766 12
    endloop
  endfacet
  facet normal 0 0 1
    outer loop
      vertex -1.99037 87.1113 12
      vertex -8.54177 102.297 12
      vertex -1.96157 86.9172 12
    endloop
  endfacet
  facet normal 0 0 1
    outer loop
      vertex -1.5 85.9878 12
      vertex -7.15 7.4 12
      vertex -1.5 11 12
    endloop
  endfacet
  facet normal 0 0 1
    outer loop
      vertex -7.15 4.6 12
      vertex -1.5 11 12
      vertex -7.15 7.4 12
    endloop
  endfacet
  facet normal 0 0 1
    outer loop
      vertex -1.5 11 12
      vertex -7.15 4.6 12
      vertex 7.15 4.6 12
    endloop
  endfacet
  facet normal 0 0 1
    outer loop
      vertex 7.15 4.6 12
      vertex -7.15 4.6 12
      vertex 18 0 12
    endloop
  endfacet
  facet normal 0 0 1
    outer loop
      vertex -18 0 12
      vertex -7.15 4.6 12
      vertex -12.85 4.6 12
    endloop
  endfacet
  facet normal -0 0 1
    outer loop
      vertex -15.6926 112.429 12
      vertex -10.8377 111.463 12
      vertex -15.311 113.952 12
    endloop
  endfacet
  facet normal 0 0 1
    outer loop
      vertex -10.8377 111.463 12
      vertex -15.6926 112.429 12
      vertex -10.9968 110.39 12
    endloop
  endfacet
  facet normal -0 0 1
    outer loop
      vertex -15.9229 110.876 12
      vertex -10.9968 110.39 12
      vertex -15.6926 112.429 12
    endloop
  endfacet
  facet normal 0 0 1
    outer loop
      vertex -10.9968 110.39 12
      vertex -15.9229 110.876 12
      vertex -11.05 109.307 12
    endloop
  endfacet
  facet normal 0 0 1
    outer loop
      vertex -11.05 109.307 12
      vertex -15.9229 110.876 12
      vertex -16 109.307 12
    endloop
  endfacet
  facet normal 0 0 1
    outer loop
      vertex -7.15 7.4 12
      vertex -18 11 12
      vertex -12.85 7.4 12
    endloop
  endfacet
  facet normal 0 0 1
    outer loop
      vertex -12.85 7.4 12
      vertex -18 11 12
      vertex -12.85 4.6 12
    endloop
  endfacet
  facet normal 0 0 1
    outer loop
      vertex -7.15 4.6 12
      vertex -18 0 12
      vertex 18 0 12
    endloop
  endfacet
  facet normal 0 0 1
    outer loop
      vertex -18 0 12
      vertex -12.85 4.6 12
      vertex -18 11 12
    endloop
  endfacet
  facet normal 0.999793 0.0203402 0
    outer loop
      vertex 18 11 12
      vertex 16 109.307 0
      vertex 16 109.307 12
    endloop
  endfacet
  facet normal 0.999793 0.0203402 0
    outer loop
      vertex 16 109.307 0
      vertex 18 11 12
      vertex 18 11 0
    endloop
  endfacet
  facet normal -0.42738 0.904072 0
    outer loop
      vertex -6.12292 124.089 0
      vertex -7.54234 123.418 12
      vertex -6.12292 124.089 12
    endloop
  endfacet
  facet normal -0.42738 0.904072 0
    outer loop
      vertex -7.54234 123.418 12
      vertex -6.12292 124.089 0
      vertex -7.54234 123.418 0
    endloop
  endfacet
  facet normal 0.989183 0.146689 0
    outer loop
      vertex 15.9229 110.876 12
      vertex 15.6926 112.429 0
      vertex 15.6926 112.429 12
    endloop
  endfacet
  facet normal 0.989183 0.146689 0
    outer loop
      vertex 15.6926 112.429 0
      vertex 15.9229 110.876 12
      vertex 15.9229 110.876 0
    endloop
  endfacet
  facet normal 0.0490396 0.998797 -0
    outer loop
      vertex 1.56827 125.23 0
      vertex 0 125.307 12
      vertex 1.56827 125.23 12
    endloop
  endfacet
  facet normal 0.0490396 0.998797 0
    outer loop
      vertex 0 125.307 12
      vertex 1.56827 125.23 0
      vertex 0 125.307 0
    endloop
  endfacet
  facet normal -0.671404 0.741092 0
    outer loop
      vertex -10.1503 121.675 0
      vertex -11.3137 120.621 12
      vertex -10.1503 121.675 12
    endloop
  endfacet
  facet normal -0.671404 0.741092 0
    outer loop
      vertex -11.3137 120.621 12
      vertex -10.1503 121.675 0
      vertex -11.3137 120.621 0
    endloop
  endfacet
  facet normal -0.998795 0.0490804 0
    outer loop
      vertex -16 109.307 0
      vertex -15.9229 110.876 12
      vertex -15.9229 110.876 0
    endloop
  endfacet
  facet normal -0.998795 0.0490804 0
    outer loop
      vertex -15.9229 110.876 12
      vertex -16 109.307 0
      vertex -16 109.307 12
    endloop
  endfacet
  facet normal -0.989183 0.146689 0
    outer loop
      vertex -15.9229 110.876 0
      vertex -15.6926 112.429 12
      vertex -15.6926 112.429 0
    endloop
  endfacet
  facet normal -0.989183 0.146689 0
    outer loop
      vertex -15.6926 112.429 12
      vertex -15.9229 110.876 0
      vertex -15.9229 110.876 12
    endloop
  endfacet
  facet normal 0.998795 0.0490804 0
    outer loop
      vertex 16 109.307 12
      vertex 15.9229 110.876 0
      vertex 15.9229 110.876 12
    endloop
  endfacet
  facet normal 0.998795 0.0490804 0
    outer loop
      vertex 15.9229 110.876 0
      vertex 16 109.307 12
      vertex 16 109.307 0
    endloop
  endfacet
  facet normal -0.970015 0.243045 0
    outer loop
      vertex -15.6926 112.429 0
      vertex -15.311 113.952 12
      vertex -15.311 113.952 0
    endloop
  endfacet
  facet normal -0.970015 0.243045 0
    outer loop
      vertex -15.311 113.952 12
      vertex -15.6926 112.429 0
      vertex -15.6926 112.429 12
    endloop
  endfacet
  facet normal -0.803409 0.595427 0
    outer loop
      vertex -13.3035 118.196 0
      vertex -12.3682 119.458 12
      vertex -12.3682 119.458 0
    endloop
  endfacet
  facet normal -0.803409 0.595427 0
    outer loop
      vertex -12.3682 119.458 12
      vertex -13.3035 118.196 0
      vertex -13.3035 118.196 12
    endloop
  endfacet
  facet normal -0.595961 0.803013 0
    outer loop
      vertex -8.88911 122.611 0
      vertex -10.1503 121.675 12
      vertex -8.88911 122.611 12
    endloop
  endfacet
  facet normal -0.595961 0.803013 0
    outer loop
      vertex -10.1503 121.675 12
      vertex -8.88911 122.611 0
      vertex -10.1503 121.675 0
    endloop
  endfacet
  facet normal -0.513998 0.857791 0
    outer loop
      vertex -7.54234 123.418 0
      vertex -8.88911 122.611 12
      vertex -7.54234 123.418 12
    endloop
  endfacet
  facet normal -0.513998 0.857791 0
    outer loop
      vertex -8.88911 122.611 12
      vertex -7.54234 123.418 0
      vertex -8.88911 122.611 0
    endloop
  endfacet
  facet normal -0.243268 0.969959 0
    outer loop
      vertex -3.12144 125 0
      vertex -4.64455 124.618 12
      vertex -3.12144 125 12
    endloop
  endfacet
  facet normal -0.243268 0.969959 0
    outer loop
      vertex -4.64455 124.618 12
      vertex -3.12144 125 0
      vertex -4.64455 124.618 0
    endloop
  endfacet
  facet normal 0.336907 0.941538 -0
    outer loop
      vertex 6.12292 124.089 0
      vertex 4.64455 124.618 12
      vertex 6.12292 124.089 12
    endloop
  endfacet
  facet normal 0.336907 0.941538 0
    outer loop
      vertex 4.64455 124.618 12
      vertex 6.12292 124.089 0
      vertex 4.64455 124.618 0
    endloop
  endfacet
  facet normal 0.803409 0.595427 0
    outer loop
      vertex 13.3035 118.196 12
      vertex 12.3682 119.458 0
      vertex 12.3682 119.458 12
    endloop
  endfacet
  facet normal 0.803409 0.595427 0
    outer loop
      vertex 12.3682 119.458 0
      vertex 13.3035 118.196 12
      vertex 13.3035 118.196 0
    endloop
  endfacet
  facet normal 0.513998 0.857791 -0
    outer loop
      vertex 8.88911 122.611 0
      vertex 7.54234 123.418 12
      vertex 8.88911 122.611 12
    endloop
  endfacet
  facet normal 0.513998 0.857791 0
    outer loop
      vertex 7.54234 123.418 12
      vertex 8.88911 122.611 0
      vertex 7.54234 123.418 0
    endloop
  endfacet
  facet normal 0.595961 0.803013 -0
    outer loop
      vertex 10.1503 121.675 0
      vertex 8.88911 122.611 12
      vertex 10.1503 121.675 12
    endloop
  endfacet
  facet normal 0.595961 0.803013 0
    outer loop
      vertex 8.88911 122.611 12
      vertex 10.1503 121.675 0
      vertex 8.88911 122.611 0
    endloop
  endfacet
  facet normal 0.42738 0.904072 -0
    outer loop
      vertex 7.54234 123.418 0
      vertex 6.12292 124.089 12
      vertex 7.54234 123.418 12
    endloop
  endfacet
  facet normal 0.42738 0.904072 0
    outer loop
      vertex 6.12292 124.089 12
      vertex 7.54234 123.418 0
      vertex 6.12292 124.089 0
    endloop
  endfacet
  facet normal 0.146487 0.989213 -0
    outer loop
      vertex 3.12144 125 0
      vertex 1.56827 125.23 12
      vertex 3.12144 125 12
    endloop
  endfacet
  facet normal 0.146487 0.989213 0
    outer loop
      vertex 1.56827 125.23 12
      vertex 3.12144 125 0
      vertex 1.56827 125.23 0
    endloop
  endfacet
  facet normal 0.243268 0.969959 -0
    outer loop
      vertex 4.64455 124.618 0
      vertex 3.12144 125 12
      vertex 4.64455 124.618 12
    endloop
  endfacet
  facet normal 0.243268 0.969959 0
    outer loop
      vertex 3.12144 125 12
      vertex 4.64455 124.618 0
      vertex 3.12144 125 0
    endloop
  endfacet
  facet normal -0.904041 0.427446 0
    outer loop
      vertex -14.7821 115.43 0
      vertex -14.1107 116.85 12
      vertex -14.1107 116.85 0
    endloop
  endfacet
  facet normal -0.904041 0.427446 0
    outer loop
      vertex -14.1107 116.85 12
      vertex -14.7821 115.43 0
      vertex -14.7821 115.43 12
    endloop
  endfacet
  facet normal -0.740819 0.671705 0
    outer loop
      vertex -12.3682 119.458 0
      vertex -11.3137 120.621 12
      vertex -11.3137 120.621 0
    endloop
  endfacet
  facet normal -0.740819 0.671705 0
    outer loop
      vertex -11.3137 120.621 12
      vertex -12.3682 119.458 0
      vertex -12.3682 119.458 12
    endloop
  endfacet
  facet normal 0.671404 0.741092 -0
    outer loop
      vertex 11.3137 120.621 0
      vertex 10.1503 121.675 12
      vertex 11.3137 120.621 12
    endloop
  endfacet
  facet normal 0.671404 0.741092 0
    outer loop
      vertex 10.1503 121.675 12
      vertex 11.3137 120.621 0
      vertex 10.1503 121.675 0
    endloop
  endfacet
  facet normal -0.941531 0.336926 0
    outer loop
      vertex -15.311 113.952 0
      vertex -14.7821 115.43 12
      vertex -14.7821 115.43 0
    endloop
  endfacet
  facet normal -0.941531 0.336926 0
    outer loop
      vertex -14.7821 115.43 12
      vertex -15.311 113.952 0
      vertex -15.311 113.952 12
    endloop
  endfacet
  facet normal -0.336907 0.941538 0
    outer loop
      vertex -4.64455 124.618 0
      vertex -6.12292 124.089 12
      vertex -4.64455 124.618 12
    endloop
  endfacet
  facet normal -0.336907 0.941538 0
    outer loop
      vertex -6.12292 124.089 12
      vertex -4.64455 124.618 0
      vertex -6.12292 124.089 0
    endloop
  endfacet
  facet normal -0.146487 0.989213 0
    outer loop
      vertex -1.56827 125.23 0
      vertex -3.12144 125 12
      vertex -1.56827 125.23 12
    endloop
  endfacet
  facet normal -0.146487 0.989213 0
    outer loop
      vertex -3.12144 125 12
      vertex -1.56827 125.23 0
      vertex -3.12144 125 0
    endloop
  endfacet
  facet normal -0.0490396 0.998797 0
    outer loop
      vertex 0 125.307 0
      vertex -1.56827 125.23 12
      vertex 0 125.307 12
    endloop
  endfacet
  facet normal -0.0490396 0.998797 0
    outer loop
      vertex -1.56827 125.23 12
      vertex 0 125.307 0
      vertex -1.56827 125.23 0
    endloop
  endfacet
  facet normal 0.740819 0.671705 0
    outer loop
      vertex 12.3682 119.458 12
      vertex 11.3137 120.621 0
      vertex 11.3137 120.621 12
    endloop
  endfacet
  facet normal 0.740819 0.671705 0
    outer loop
      vertex 11.3137 120.621 0
      vertex 12.3682 119.458 12
      vertex 12.3682 119.458 0
    endloop
  endfacet
  facet normal 0.941531 0.336926 0
    outer loop
      vertex 15.311 113.952 12
      vertex 14.7821 115.43 0
      vertex 14.7821 115.43 12
    endloop
  endfacet
  facet normal 0.941531 0.336926 0
    outer loop
      vertex 14.7821 115.43 0
      vertex 15.311 113.952 12
      vertex 15.311 113.952 0
    endloop
  endfacet
  facet normal 0.970015 0.243045 0
    outer loop
      vertex 15.6926 112.429 12
      vertex 15.311 113.952 0
      vertex 15.311 113.952 12
    endloop
  endfacet
  facet normal 0.970015 0.243045 0
    outer loop
      vertex 15.311 113.952 0
      vertex 15.6926 112.429 12
      vertex 15.6926 112.429 0
    endloop
  endfacet
  facet normal 0.857605 0.514308 0
    outer loop
      vertex 14.1107 116.85 12
      vertex 13.3035 118.196 0
      vertex 13.3035 118.196 12
    endloop
  endfacet
  facet normal 0.857605 0.514308 0
    outer loop
      vertex 13.3035 118.196 0
      vertex 14.1107 116.85 12
      vertex 14.1107 116.85 0
    endloop
  endfacet
  facet normal 0.904041 0.427446 0
    outer loop
      vertex 14.7821 115.43 12
      vertex 14.1107 116.85 0
      vertex 14.1107 116.85 12
    endloop
  endfacet
  facet normal 0.904041 0.427446 0
    outer loop
      vertex 14.1107 116.85 0
      vertex 14.7821 115.43 12
      vertex 14.7821 115.43 0
    endloop
  endfacet
  facet normal -0.857605 0.514308 0
    outer loop
      vertex -14.1107 116.85 0
      vertex -13.3035 118.196 12
      vertex -13.3035 118.196 0
    endloop
  endfacet
  facet normal -0.857605 0.514308 0
    outer loop
      vertex -13.3035 118.196 12
      vertex -14.1107 116.85 0
      vertex -14.1107 116.85 12
    endloop
  endfacet
  facet normal -0 0 1
    outer loop
      vertex -1.5 31.0768 11.5
      vertex -0.7 29.0768 11.5
      vertex -0.7 31.0768 11.5
    endloop
  endfacet
  facet normal 0 0 1
    outer loop
      vertex -0.7 29.0768 11.5
      vertex -1.5 31.0768 11.5
      vertex -1.5 29.0768 11.5
    endloop
  endfacet
  facet normal 1 -0 0
    outer loop
      vertex -0.7 29.0768 11.5
      vertex -0.7 31.0768 10.5
      vertex -0.7 31.0768 11.5
    endloop
  endfacet
  facet normal 1 0 0
    outer loop
      vertex -0.7 31.0768 10.5
      vertex -0.7 29.0768 11.5
      vertex -0.7 29.0768 10.5
    endloop
  endfacet
  facet normal 0 1 -0
    outer loop
      vertex -0.7 31.0768 10.5
      vertex -1.5 31.0768 11.5
      vertex -0.7 31.0768 11.5
    endloop
  endfacet
  facet normal 0 1 0
    outer loop
      vertex -1.5 31.0768 11.5
      vertex -0.7 31.0768 10.5
      vertex -1.5 31.0768 10.5
    endloop
  endfacet
  facet normal 0 0 -1
    outer loop
      vertex -1.5 29.0768 10.5
      vertex -0.7 31.0768 10.5
      vertex -0.7 29.0768 10.5
    endloop
  endfacet
  facet normal -0 0 -1
    outer loop
      vertex -0.7 31.0768 10.5
      vertex -1.5 29.0768 10.5
      vertex -1.5 31.0768 10.5
    endloop
  endfacet
  facet normal 0 -1 0
    outer loop
      vertex -1.5 29.0768 10.5
      vertex -0.7 29.0768 11.5
      vertex -1.5 29.0768 11.5
    endloop
  endfacet
  facet normal 0 -1 -0
    outer loop
      vertex -0.7 29.0768 11.5
      vertex -1.5 29.0768 10.5
      vertex -0.7 29.0768 10.5
    endloop
  endfacet
  facet normal -1 0 0
    outer loop
      vertex 0.7 48.1537 10.5
      vertex 0.7 50.1537 11.5
      vertex 0.7 50.1537 10.5
    endloop
  endfacet
  facet normal -1 -0 0
    outer loop
      vertex 0.7 50.1537 11.5
      vertex 0.7 48.1537 10.5
      vertex 0.7 48.1537 11.5
    endloop
  endfacet
  facet normal -0 0 1
    outer loop
      vertex 0.7 50.1537 11.5
      vertex 1.5 48.1537 11.5
      vertex 1.5 50.1537 11.5
    endloop
  endfacet
  facet normal 0 0 1
    outer loop
      vertex 1.5 48.1537 11.5
      vertex 0.7 50.1537 11.5
      vertex 0.7 48.1537 11.5
    endloop
  endfacet
  facet normal 0 0 -1
    outer loop
      vertex 0.7 48.1537 10.5
      vertex 1.5 50.1537 10.5
      vertex 1.5 48.1537 10.5
    endloop
  endfacet
  facet normal -0 0 -1
    outer loop
      vertex 1.5 50.1537 10.5
      vertex 0.7 48.1537 10.5
      vertex 0.7 50.1537 10.5
    endloop
  endfacet
  facet normal 0 -1 0
    outer loop
      vertex 0.7 48.1537 10.5
      vertex 1.5 48.1537 11.5
      vertex 0.7 48.1537 11.5
    endloop
  endfacet
  facet normal 0 -1 -0
    outer loop
      vertex 1.5 48.1537 11.5
      vertex 0.7 48.1537 10.5
      vertex 1.5 48.1537 10.5
    endloop
  endfacet
  facet normal 0 1 -0
    outer loop
      vertex 1.5 50.1537 10.5
      vertex 0.7 50.1537 11.5
      vertex 1.5 50.1537 11.5
    endloop
  endfacet
  facet normal 0 1 0
    outer loop
      vertex 0.7 50.1537 11.5
      vertex 1.5 50.1537 10.5
      vertex 0.7 50.1537 10.5
    endloop
  endfacet
  facet normal -0 0 1
    outer loop
      vertex -1.5 69.2305 11.5
      vertex -0.7 67.2305 11.5
      vertex -0.7 69.2305 11.5
    endloop
  endfacet
  facet normal 0 0 1
    outer loop
      vertex -0.7 67.2305 11.5
      vertex -1.5 69.2305 11.5
      vertex -1.5 67.2305 11.5
    endloop
  endfacet
  facet normal 1 -0 0
    outer loop
      vertex -0.7 67.2305 11.5
      vertex -0.7 69.2305 10.5
      vertex -0.7 69.2305 11.5
    endloop
  endfacet
  facet normal 1 0 0
    outer loop
      vertex -0.7 69.2305 10.5
      vertex -0.7 67.2305 11.5
      vertex -0.7 67.2305 10.5
    endloop
  endfacet
  facet normal 0 0 -1
    outer loop
      vertex -1.5 67.2305 10.5
      vertex -0.7 69.2305 10.5
      vertex -0.7 67.2305 10.5
    endloop
  endfacet
  facet normal -0 0 -1
    outer loop
      vertex -0.7 69.2305 10.5
      vertex -1.5 67.2305 10.5
      vertex -1.5 69.2305 10.5
    endloop
  endfacet
  facet normal 0 -1 0
    outer loop
      vertex -1.5 67.2305 10.5
      vertex -0.7 67.2305 11.5
      vertex -1.5 67.2305 11.5
    endloop
  endfacet
  facet normal 0 -1 -0
    outer loop
      vertex -0.7 67.2305 11.5
      vertex -1.5 67.2305 10.5
      vertex -0.7 67.2305 10.5
    endloop
  endfacet
  facet normal 0 1 -0
    outer loop
      vertex -0.7 69.2305 10.5
      vertex -1.5 69.2305 11.5
      vertex -0.7 69.2305 11.5
    endloop
  endfacet
  facet normal 0 1 0
    outer loop
      vertex -1.5 69.2305 11.5
      vertex -0.7 69.2305 10.5
      vertex -1.5 69.2305 10.5
    endloop
  endfacet
endsolid OpenSCAD_Model
