solid OpenSCAD_Model
  facet normal -0.991445 -0.130523 0
    outer loop
      vertex 9.3 -17.5 0
      vertex 9.2557 -17.1635 3
      vertex 9.2557 -17.1635 0
    endloop
  endfacet
  facet normal -0.991445 -0.130523 0
    outer loop
      vertex 9.2557 -17.1635 3
      vertex 9.3 -17.5 0
      vertex 9.3 -17.5 3
    endloop
  endfacet
  facet normal 0.991445 -0.130523 0
    outer loop
      vertex 6.7 -17.5 3
      vertex 6.7443 -17.1635 0
      vertex 6.7443 -17.1635 3
    endloop
  endfacet
  facet normal 0.991445 -0.130523 0
    outer loop
      vertex 6.7443 -17.1635 0
      vertex 6.7 -17.5 3
      vertex 6.7 -17.5 0
    endloop
  endfacet
  facet normal 0.130538 -0.991443 0
    outer loop
      vertex 7.66354 -16.2443 0
      vertex 8 -16.2 3
      vertex 7.66354 -16.2443 3
    endloop
  endfacet
  facet normal 0.130538 -0.991443 0
    outer loop
      vertex 8 -16.2 3
      vertex 7.66354 -16.2443 0
      vertex 8 -16.2 0
    endloop
  endfacet
  facet normal -0.130538 0.991443 0
    outer loop
      vertex 8.33646 -18.7557 0
      vertex 8 -18.8 3
      vertex 8.33646 -18.7557 3
    endloop
  endfacet
  facet normal -0.130538 0.991443 0
    outer loop
      vertex 8 -18.8 3
      vertex 8.33646 -18.7557 0
      vertex 8 -18.8 0
    endloop
  endfacet
  facet normal -0.382753 0.923851 0
    outer loop
      vertex 8.65 -18.6258 0
      vertex 8.33646 -18.7557 3
      vertex 8.65 -18.6258 3
    endloop
  endfacet
  facet normal -0.382753 0.923851 0
    outer loop
      vertex 8.33646 -18.7557 3
      vertex 8.65 -18.6258 0
      vertex 8.33646 -18.7557 0
    endloop
  endfacet
  facet normal -0.60877 -0.793346 0
    outer loop
      vertex 8.65 -16.3742 0
      vertex 8.91924 -16.5808 3
      vertex 8.65 -16.3742 3
    endloop
  endfacet
  facet normal -0.60877 -0.793346 -0
    outer loop
      vertex 8.91924 -16.5808 3
      vertex 8.65 -16.3742 0
      vertex 8.91924 -16.5808 0
    endloop
  endfacet
  facet normal -0.923865 -0.382719 0
    outer loop
      vertex 9.2557 -17.1635 0
      vertex 9.12583 -16.85 3
      vertex 9.12583 -16.85 0
    endloop
  endfacet
  facet normal -0.923865 -0.382719 0
    outer loop
      vertex 9.12583 -16.85 3
      vertex 9.2557 -17.1635 0
      vertex 9.2557 -17.1635 3
    endloop
  endfacet
  facet normal -0.382753 -0.923851 0
    outer loop
      vertex 8.33646 -16.2443 0
      vertex 8.65 -16.3742 3
      vertex 8.33646 -16.2443 3
    endloop
  endfacet
  facet normal -0.382753 -0.923851 -0
    outer loop
      vertex 8.65 -16.3742 3
      vertex 8.33646 -16.2443 0
      vertex 8.65 -16.3742 0
    endloop
  endfacet
  facet normal 0.793317 -0.608809 0
    outer loop
      vertex 6.87417 -16.85 3
      vertex 7.08076 -16.5808 0
      vertex 7.08076 -16.5808 3
    endloop
  endfacet
  facet normal 0.793317 -0.608809 0
    outer loop
      vertex 7.08076 -16.5808 0
      vertex 6.87417 -16.85 3
      vertex 6.87417 -16.85 0
    endloop
  endfacet
  facet normal 0.923865 -0.382719 0
    outer loop
      vertex 6.7443 -17.1635 3
      vertex 6.87417 -16.85 0
      vertex 6.87417 -16.85 3
    endloop
  endfacet
  facet normal 0.923865 -0.382719 0
    outer loop
      vertex 6.87417 -16.85 0
      vertex 6.7443 -17.1635 3
      vertex 6.7443 -17.1635 0
    endloop
  endfacet
  facet normal 0.382753 -0.923851 0
    outer loop
      vertex 7.35 -16.3742 0
      vertex 7.66354 -16.2443 3
      vertex 7.35 -16.3742 3
    endloop
  endfacet
  facet normal 0.382753 -0.923851 0
    outer loop
      vertex 7.66354 -16.2443 3
      vertex 7.35 -16.3742 0
      vertex 7.66354 -16.2443 0
    endloop
  endfacet
  facet normal -0.923865 0.382719 0
    outer loop
      vertex 9.12583 -18.15 0
      vertex 9.2557 -17.8365 3
      vertex 9.2557 -17.8365 0
    endloop
  endfacet
  facet normal -0.923865 0.382719 0
    outer loop
      vertex 9.2557 -17.8365 3
      vertex 9.12583 -18.15 0
      vertex 9.12583 -18.15 3
    endloop
  endfacet
  facet normal -0.793317 -0.608809 0
    outer loop
      vertex 9.12583 -16.85 0
      vertex 8.91924 -16.5808 3
      vertex 8.91924 -16.5808 0
    endloop
  endfacet
  facet normal -0.793317 -0.608809 0
    outer loop
      vertex 8.91924 -16.5808 3
      vertex 9.12583 -16.85 0
      vertex 9.12583 -16.85 3
    endloop
  endfacet
  facet normal -0.130538 -0.991443 0
    outer loop
      vertex 8 -16.2 0
      vertex 8.33646 -16.2443 3
      vertex 8 -16.2 3
    endloop
  endfacet
  facet normal -0.130538 -0.991443 -0
    outer loop
      vertex 8.33646 -16.2443 3
      vertex 8 -16.2 0
      vertex 8.33646 -16.2443 0
    endloop
  endfacet
  facet normal 0.60877 -0.793346 0
    outer loop
      vertex 7.08076 -16.5808 0
      vertex 7.35 -16.3742 3
      vertex 7.08076 -16.5808 3
    endloop
  endfacet
  facet normal 0.60877 -0.793346 0
    outer loop
      vertex 7.35 -16.3742 3
      vertex 7.08076 -16.5808 0
      vertex 7.35 -16.3742 0
    endloop
  endfacet
  facet normal -0.991445 0.130523 0
    outer loop
      vertex 9.2557 -17.8365 0
      vertex 9.3 -17.5 3
      vertex 9.3 -17.5 0
    endloop
  endfacet
  facet normal -0.991445 0.130523 0
    outer loop
      vertex 9.3 -17.5 3
      vertex 9.2557 -17.8365 0
      vertex 9.2557 -17.8365 3
    endloop
  endfacet
  facet normal 0.382753 0.923851 -0
    outer loop
      vertex 7.66354 -18.7557 0
      vertex 7.35 -18.6258 3
      vertex 7.66354 -18.7557 3
    endloop
  endfacet
  facet normal 0.382753 0.923851 0
    outer loop
      vertex 7.35 -18.6258 3
      vertex 7.66354 -18.7557 0
      vertex 7.35 -18.6258 0
    endloop
  endfacet
  facet normal 0.793317 0.608809 0
    outer loop
      vertex 7.08076 -18.4192 3
      vertex 6.87417 -18.15 0
      vertex 6.87417 -18.15 3
    endloop
  endfacet
  facet normal 0.793317 0.608809 0
    outer loop
      vertex 6.87417 -18.15 0
      vertex 7.08076 -18.4192 3
      vertex 7.08076 -18.4192 0
    endloop
  endfacet
  facet normal -0.60877 0.793346 0
    outer loop
      vertex 8.91924 -18.4192 0
      vertex 8.65 -18.6258 3
      vertex 8.91924 -18.4192 3
    endloop
  endfacet
  facet normal -0.60877 0.793346 0
    outer loop
      vertex 8.65 -18.6258 3
      vertex 8.91924 -18.4192 0
      vertex 8.65 -18.6258 0
    endloop
  endfacet
  facet normal 0.130538 0.991443 -0
    outer loop
      vertex 8 -18.8 0
      vertex 7.66354 -18.7557 3
      vertex 8 -18.8 3
    endloop
  endfacet
  facet normal 0.130538 0.991443 0
    outer loop
      vertex 7.66354 -18.7557 3
      vertex 8 -18.8 0
      vertex 7.66354 -18.7557 0
    endloop
  endfacet
  facet normal 0.60877 0.793346 -0
    outer loop
      vertex 7.35 -18.6258 0
      vertex 7.08076 -18.4192 3
      vertex 7.35 -18.6258 3
    endloop
  endfacet
  facet normal 0.60877 0.793346 0
    outer loop
      vertex 7.08076 -18.4192 3
      vertex 7.35 -18.6258 0
      vertex 7.08076 -18.4192 0
    endloop
  endfacet
  facet normal 0.923865 0.382719 0
    outer loop
      vertex 6.87417 -18.15 3
      vertex 6.7443 -17.8365 0
      vertex 6.7443 -17.8365 3
    endloop
  endfacet
  facet normal 0.923865 0.382719 0
    outer loop
      vertex 6.7443 -17.8365 0
      vertex 6.87417 -18.15 3
      vertex 6.87417 -18.15 0
    endloop
  endfacet
  facet normal 0.991445 0.130523 0
    outer loop
      vertex 6.7443 -17.8365 3
      vertex 6.7 -17.5 0
      vertex 6.7 -17.5 3
    endloop
  endfacet
  facet normal 0.991445 0.130523 0
    outer loop
      vertex 6.7 -17.5 0
      vertex 6.7443 -17.8365 3
      vertex 6.7443 -17.8365 0
    endloop
  endfacet
  facet normal -0.793317 0.608809 0
    outer loop
      vertex 8.91924 -18.4192 0
      vertex 9.12583 -18.15 3
      vertex 9.12583 -18.15 0
    endloop
  endfacet
  facet normal -0.793317 0.608809 0
    outer loop
      vertex 9.12583 -18.15 3
      vertex 8.91924 -18.4192 0
      vertex 8.91924 -18.4192 3
    endloop
  endfacet
  facet normal -0.991445 -0.130523 0
    outer loop
      vertex 9.3 17.5 0
      vertex 9.2557 17.8365 3
      vertex 9.2557 17.8365 0
    endloop
  endfacet
  facet normal -0.991445 -0.130523 0
    outer loop
      vertex 9.2557 17.8365 3
      vertex 9.3 17.5 0
      vertex 9.3 17.5 3
    endloop
  endfacet
  facet normal 0.991445 0.130523 0
    outer loop
      vertex 6.7443 17.1635 3
      vertex 6.7 17.5 0
      vertex 6.7 17.5 3
    endloop
  endfacet
  facet normal 0.991445 0.130523 0
    outer loop
      vertex 6.7 17.5 0
      vertex 6.7443 17.1635 3
      vertex 6.7443 17.1635 0
    endloop
  endfacet
  facet normal 0.130538 -0.991443 0
    outer loop
      vertex 7.66354 18.7557 0
      vertex 8 18.8 3
      vertex 7.66354 18.7557 3
    endloop
  endfacet
  facet normal 0.130538 -0.991443 0
    outer loop
      vertex 8 18.8 3
      vertex 7.66354 18.7557 0
      vertex 8 18.8 0
    endloop
  endfacet
  facet normal 0.60877 0.793346 -0
    outer loop
      vertex 7.35 16.3742 0
      vertex 7.08076 16.5808 3
      vertex 7.35 16.3742 3
    endloop
  endfacet
  facet normal 0.60877 0.793346 0
    outer loop
      vertex 7.08076 16.5808 3
      vertex 7.35 16.3742 0
      vertex 7.08076 16.5808 0
    endloop
  endfacet
  facet normal -0.60877 -0.793346 0
    outer loop
      vertex 8.65 18.6258 0
      vertex 8.91924 18.4192 3
      vertex 8.65 18.6258 3
    endloop
  endfacet
  facet normal -0.60877 -0.793346 -0
    outer loop
      vertex 8.91924 18.4192 3
      vertex 8.65 18.6258 0
      vertex 8.91924 18.4192 0
    endloop
  endfacet
  facet normal -0.923865 -0.382719 0
    outer loop
      vertex 9.2557 17.8365 0
      vertex 9.12583 18.15 3
      vertex 9.12583 18.15 0
    endloop
  endfacet
  facet normal -0.923865 -0.382719 0
    outer loop
      vertex 9.12583 18.15 3
      vertex 9.2557 17.8365 0
      vertex 9.2557 17.8365 3
    endloop
  endfacet
  facet normal -0.382753 -0.923851 0
    outer loop
      vertex 8.33646 18.7557 0
      vertex 8.65 18.6258 3
      vertex 8.33646 18.7557 3
    endloop
  endfacet
  facet normal -0.382753 -0.923851 -0
    outer loop
      vertex 8.65 18.6258 3
      vertex 8.33646 18.7557 0
      vertex 8.65 18.6258 0
    endloop
  endfacet
  facet normal 0.793317 -0.608809 0
    outer loop
      vertex 6.87417 18.15 3
      vertex 7.08076 18.4192 0
      vertex 7.08076 18.4192 3
    endloop
  endfacet
  facet normal 0.793317 -0.608809 0
    outer loop
      vertex 7.08076 18.4192 0
      vertex 6.87417 18.15 3
      vertex 6.87417 18.15 0
    endloop
  endfacet
  facet normal 0.923865 -0.382719 0
    outer loop
      vertex 6.7443 17.8365 3
      vertex 6.87417 18.15 0
      vertex 6.87417 18.15 3
    endloop
  endfacet
  facet normal 0.923865 -0.382719 0
    outer loop
      vertex 6.87417 18.15 0
      vertex 6.7443 17.8365 3
      vertex 6.7443 17.8365 0
    endloop
  endfacet
  facet normal 0.382753 -0.923851 0
    outer loop
      vertex 7.35 18.6258 0
      vertex 7.66354 18.7557 3
      vertex 7.35 18.6258 3
    endloop
  endfacet
  facet normal 0.382753 -0.923851 0
    outer loop
      vertex 7.66354 18.7557 3
      vertex 7.35 18.6258 0
      vertex 7.66354 18.7557 0
    endloop
  endfacet
  facet normal -0.382753 0.923851 0
    outer loop
      vertex 8.65 16.3742 0
      vertex 8.33646 16.2443 3
      vertex 8.65 16.3742 3
    endloop
  endfacet
  facet normal -0.382753 0.923851 0
    outer loop
      vertex 8.33646 16.2443 3
      vertex 8.65 16.3742 0
      vertex 8.33646 16.2443 0
    endloop
  endfacet
  facet normal -0.923865 0.382719 0
    outer loop
      vertex 9.12583 16.85 0
      vertex 9.2557 17.1635 3
      vertex 9.2557 17.1635 0
    endloop
  endfacet
  facet normal -0.923865 0.382719 0
    outer loop
      vertex 9.2557 17.1635 3
      vertex 9.12583 16.85 0
      vertex 9.12583 16.85 3
    endloop
  endfacet
  facet normal 0.382753 0.923851 -0
    outer loop
      vertex 7.66354 16.2443 0
      vertex 7.35 16.3742 3
      vertex 7.66354 16.2443 3
    endloop
  endfacet
  facet normal 0.382753 0.923851 0
    outer loop
      vertex 7.35 16.3742 3
      vertex 7.66354 16.2443 0
      vertex 7.35 16.3742 0
    endloop
  endfacet
  facet normal 0.923865 0.382719 0
    outer loop
      vertex 6.87417 16.85 3
      vertex 6.7443 17.1635 0
      vertex 6.7443 17.1635 3
    endloop
  endfacet
  facet normal 0.923865 0.382719 0
    outer loop
      vertex 6.7443 17.1635 0
      vertex 6.87417 16.85 3
      vertex 6.87417 16.85 0
    endloop
  endfacet
  facet normal -0.793317 -0.608809 0
    outer loop
      vertex 9.12583 18.15 0
      vertex 8.91924 18.4192 3
      vertex 8.91924 18.4192 0
    endloop
  endfacet
  facet normal -0.793317 -0.608809 0
    outer loop
      vertex 8.91924 18.4192 3
      vertex 9.12583 18.15 0
      vertex 9.12583 18.15 3
    endloop
  endfacet
  facet normal -0.130538 -0.991443 0
    outer loop
      vertex 8 18.8 0
      vertex 8.33646 18.7557 3
      vertex 8 18.8 3
    endloop
  endfacet
  facet normal -0.130538 -0.991443 -0
    outer loop
      vertex 8.33646 18.7557 3
      vertex 8 18.8 0
      vertex 8.33646 18.7557 0
    endloop
  endfacet
  facet normal 0.991445 -0.130523 0
    outer loop
      vertex 6.7 17.5 3
      vertex 6.7443 17.8365 0
      vertex 6.7443 17.8365 3
    endloop
  endfacet
  facet normal 0.991445 -0.130523 0
    outer loop
      vertex 6.7443 17.8365 0
      vertex 6.7 17.5 3
      vertex 6.7 17.5 0
    endloop
  endfacet
  facet normal 0.60877 -0.793346 0
    outer loop
      vertex 7.08076 18.4192 0
      vertex 7.35 18.6258 3
      vertex 7.08076 18.4192 3
    endloop
  endfacet
  facet normal 0.60877 -0.793346 0
    outer loop
      vertex 7.35 18.6258 3
      vertex 7.08076 18.4192 0
      vertex 7.35 18.6258 0
    endloop
  endfacet
  facet normal -0.991445 0.130523 0
    outer loop
      vertex 9.2557 17.1635 0
      vertex 9.3 17.5 3
      vertex 9.3 17.5 0
    endloop
  endfacet
  facet normal -0.991445 0.130523 0
    outer loop
      vertex 9.3 17.5 3
      vertex 9.2557 17.1635 0
      vertex 9.2557 17.1635 3
    endloop
  endfacet
  facet normal -0.60877 0.793346 0
    outer loop
      vertex 8.91924 16.5808 0
      vertex 8.65 16.3742 3
      vertex 8.91924 16.5808 3
    endloop
  endfacet
  facet normal -0.60877 0.793346 0
    outer loop
      vertex 8.65 16.3742 3
      vertex 8.91924 16.5808 0
      vertex 8.65 16.3742 0
    endloop
  endfacet
  facet normal 0.130538 0.991443 -0
    outer loop
      vertex 8 16.2 0
      vertex 7.66354 16.2443 3
      vertex 8 16.2 3
    endloop
  endfacet
  facet normal 0.130538 0.991443 0
    outer loop
      vertex 7.66354 16.2443 3
      vertex 8 16.2 0
      vertex 7.66354 16.2443 0
    endloop
  endfacet
  facet normal 0.793317 0.608809 0
    outer loop
      vertex 7.08076 16.5808 3
      vertex 6.87417 16.85 0
      vertex 6.87417 16.85 3
    endloop
  endfacet
  facet normal 0.793317 0.608809 0
    outer loop
      vertex 6.87417 16.85 0
      vertex 7.08076 16.5808 3
      vertex 7.08076 16.5808 0
    endloop
  endfacet
  facet normal -0.793317 0.608809 0
    outer loop
      vertex 8.91924 16.5808 0
      vertex 9.12583 16.85 3
      vertex 9.12583 16.85 0
    endloop
  endfacet
  facet normal -0.793317 0.608809 0
    outer loop
      vertex 9.12583 16.85 3
      vertex 8.91924 16.5808 0
      vertex 8.91924 16.5808 3
    endloop
  endfacet
  facet normal -0.130538 0.991443 0
    outer loop
      vertex 8.33646 16.2443 0
      vertex 8 16.2 3
      vertex 8.33646 16.2443 3
    endloop
  endfacet
  facet normal -0.130538 0.991443 0
    outer loop
      vertex 8 16.2 3
      vertex 8.33646 16.2443 0
      vertex 8 16.2 0
    endloop
  endfacet
  facet normal 0.989189 -0.146649 0
    outer loop
      vertex 3.35795 -27.3383 3
      vertex 3.3817 -27.1781 0
      vertex 3.3817 -27.1781 3
    endloop
  endfacet
  facet normal 0.989189 -0.146649 0
    outer loop
      vertex 3.3817 -27.1781 0
      vertex 3.35795 -27.3383 3
      vertex 3.35795 -27.3383 0
    endloop
  endfacet
  facet normal 0.0487887 0.998809 -0
    outer loop
      vertex 5 -29.15 0
      vertex 4.83827 -29.1421 3
      vertex 5 -29.15 3
    endloop
  endfacet
  facet normal 0.0487887 0.998809 0
    outer loop
      vertex 4.83827 -29.1421 3
      vertex 5 -29.15 0
      vertex 4.83827 -29.1421 0
    endloop
  endfacet
  facet normal 0.904018 -0.427494 0
    outer loop
      vertex 3.4756 -26.8686 3
      vertex 3.54483 -26.7222 0
      vertex 3.54483 -26.7222 3
    endloop
  endfacet
  facet normal 0.904018 -0.427494 0
    outer loop
      vertex 3.54483 -26.7222 0
      vertex 3.4756 -26.8686 3
      vertex 3.4756 -26.8686 0
    endloop
  endfacet
  facet normal 0.337158 -0.941448 0
    outer loop
      vertex 4.36857 -25.9756 0
      vertex 4.52103 -25.921 3
      vertex 4.36857 -25.9756 3
    endloop
  endfacet
  facet normal 0.337158 -0.941448 0
    outer loop
      vertex 4.52103 -25.921 3
      vertex 4.36857 -25.9756 0
      vertex 4.52103 -25.921 0
    endloop
  endfacet
  facet normal 0 -1 0
    outer loop
      vertex 5 -25.85 0
      vertex 11 -25.85 3
      vertex 5 -25.85 3
    endloop
  endfacet
  facet normal 0 -1 -0
    outer loop
      vertex 11 -25.85 3
      vertex 5 -25.85 0
      vertex 11 -25.85 0
    endloop
  endfacet
  facet normal 0 1 -0
    outer loop
      vertex 11 -29.15 0
      vertex 5 -29.15 3
      vertex 11 -29.15 3
    endloop
  endfacet
  facet normal 0 1 0
    outer loop
      vertex 5 -29.15 3
      vertex 11 -29.15 0
      vertex 5 -29.15 0
    endloop
  endfacet
  facet normal 0.970033 -0.242971 0
    outer loop
      vertex 3.3817 -27.1781 3
      vertex 3.42105 -27.021 0
      vertex 3.42105 -27.021 3
    endloop
  endfacet
  facet normal 0.970033 -0.242971 0
    outer loop
      vertex 3.42105 -27.021 0
      vertex 3.3817 -27.1781 3
      vertex 3.3817 -27.1781 0
    endloop
  endfacet
  facet normal 0.941504 -0.337002 0
    outer loop
      vertex 3.42105 -27.021 3
      vertex 3.4756 -26.8686 0
      vertex 3.4756 -26.8686 3
    endloop
  endfacet
  facet normal 0.941504 -0.337002 0
    outer loop
      vertex 3.4756 -26.8686 0
      vertex 3.42105 -27.021 3
      vertex 3.42105 -27.021 0
    endloop
  endfacet
  facet normal 0.857738 -0.514087 0
    outer loop
      vertex 3.54483 -26.7222 3
      vertex 3.62808 -26.5833 0
      vertex 3.62808 -26.5833 3
    endloop
  endfacet
  facet normal 0.857738 -0.514087 0
    outer loop
      vertex 3.62808 -26.5833 0
      vertex 3.54483 -26.7222 3
      vertex 3.54483 -26.7222 0
    endloop
  endfacet
  facet normal 0.67175 -0.740778 0
    outer loop
      vertex 3.83327 -26.3333 0
      vertex 3.95325 -26.2245 3
      vertex 3.83327 -26.3333 3
    endloop
  endfacet
  facet normal 0.67175 -0.740778 0
    outer loop
      vertex 3.95325 -26.2245 3
      vertex 3.83327 -26.3333 0
      vertex 3.95325 -26.2245 0
    endloop
  endfacet
  facet normal 0.998794 0.0491058 0
    outer loop
      vertex 3.35795 -27.6617 3
      vertex 3.35 -27.5 0
      vertex 3.35 -27.5 3
    endloop
  endfacet
  facet normal 0.998794 0.0491058 0
    outer loop
      vertex 3.35 -27.5 0
      vertex 3.35795 -27.6617 3
      vertex 3.35795 -27.6617 0
    endloop
  endfacet
  facet normal 0.998794 -0.0491058 0
    outer loop
      vertex 3.35 -27.5 3
      vertex 3.35795 -27.3383 0
      vertex 3.35795 -27.3383 3
    endloop
  endfacet
  facet normal 0.998794 -0.0491058 0
    outer loop
      vertex 3.35795 -27.3383 0
      vertex 3.35 -27.5 3
      vertex 3.35 -27.5 0
    endloop
  endfacet
  facet normal 0.146978 -0.98914 0
    outer loop
      vertex 4.6781 -25.8817 0
      vertex 4.83827 -25.8579 3
      vertex 4.6781 -25.8817 3
    endloop
  endfacet
  facet normal 0.146978 -0.98914 0
    outer loop
      vertex 4.83827 -25.8579 3
      vertex 4.6781 -25.8817 0
      vertex 4.83827 -25.8579 0
    endloop
  endfacet
  facet normal 0.0487887 -0.998809 0
    outer loop
      vertex 4.83827 -25.8579 0
      vertex 5 -25.85 3
      vertex 4.83827 -25.8579 3
    endloop
  endfacet
  facet normal 0.0487887 -0.998809 0
    outer loop
      vertex 5 -25.85 3
      vertex 4.83827 -25.8579 0
      vertex 5 -25.85 0
    endloop
  endfacet
  facet normal 0.242725 -0.970095 0
    outer loop
      vertex 4.52103 -25.921 0
      vertex 4.6781 -25.8817 3
      vertex 4.52103 -25.921 3
    endloop
  endfacet
  facet normal 0.242725 -0.970095 0
    outer loop
      vertex 4.6781 -25.8817 3
      vertex 4.52103 -25.921 0
      vertex 4.6781 -25.8817 0
    endloop
  endfacet
  facet normal 0.514341 -0.857586 0
    outer loop
      vertex 4.08331 -26.1281 0
      vertex 4.2222 -26.0448 3
      vertex 4.08331 -26.1281 3
    endloop
  endfacet
  facet normal 0.514341 -0.857586 0
    outer loop
      vertex 4.2222 -26.0448 3
      vertex 4.08331 -26.1281 0
      vertex 4.2222 -26.0448 0
    endloop
  endfacet
  facet normal 0.427414 -0.904056 0
    outer loop
      vertex 4.2222 -26.0448 0
      vertex 4.36857 -25.9756 3
      vertex 4.2222 -26.0448 3
    endloop
  endfacet
  facet normal 0.427414 -0.904056 0
    outer loop
      vertex 4.36857 -25.9756 3
      vertex 4.2222 -26.0448 0
      vertex 4.36857 -25.9756 0
    endloop
  endfacet
  facet normal 0.595464 -0.803382 0
    outer loop
      vertex 3.95325 -26.2245 0
      vertex 4.08331 -26.1281 3
      vertex 3.95325 -26.2245 3
    endloop
  endfacet
  facet normal 0.595464 -0.803382 0
    outer loop
      vertex 4.08331 -26.1281 3
      vertex 3.95325 -26.2245 0
      vertex 4.08331 -26.1281 0
    endloop
  endfacet
  facet normal 0.904018 0.427494 0
    outer loop
      vertex 3.54483 -28.2778 3
      vertex 3.4756 -28.1314 0
      vertex 3.4756 -28.1314 3
    endloop
  endfacet
  facet normal 0.904018 0.427494 0
    outer loop
      vertex 3.4756 -28.1314 0
      vertex 3.54483 -28.2778 3
      vertex 3.54483 -28.2778 0
    endloop
  endfacet
  facet normal 0.146978 0.98914 -0
    outer loop
      vertex 4.83827 -29.1421 0
      vertex 4.6781 -29.1183 3
      vertex 4.83827 -29.1421 3
    endloop
  endfacet
  facet normal 0.146978 0.98914 0
    outer loop
      vertex 4.6781 -29.1183 3
      vertex 4.83827 -29.1421 0
      vertex 4.6781 -29.1183 0
    endloop
  endfacet
  facet normal 0.514341 0.857586 -0
    outer loop
      vertex 4.2222 -28.9552 0
      vertex 4.08331 -28.8719 3
      vertex 4.2222 -28.9552 3
    endloop
  endfacet
  facet normal 0.514341 0.857586 0
    outer loop
      vertex 4.08331 -28.8719 3
      vertex 4.2222 -28.9552 0
      vertex 4.08331 -28.8719 0
    endloop
  endfacet
  facet normal -0.0487977 0.998809 0
    outer loop
      vertex 11.1617 -29.1421 0
      vertex 11 -29.15 3
      vertex 11.1617 -29.1421 3
    endloop
  endfacet
  facet normal -0.0487977 0.998809 0
    outer loop
      vertex 11 -29.15 3
      vertex 11.1617 -29.1421 0
      vertex 11 -29.15 0
    endloop
  endfacet
  facet normal 0.803103 -0.59584 0
    outer loop
      vertex 3.62808 -26.5833 3
      vertex 3.72453 -26.4533 0
      vertex 3.72453 -26.4533 3
    endloop
  endfacet
  facet normal 0.803103 -0.59584 0
    outer loop
      vertex 3.72453 -26.4533 0
      vertex 3.62808 -26.5833 3
      vertex 3.62808 -26.5833 0
    endloop
  endfacet
  facet normal 0.741018 -0.671486 0
    outer loop
      vertex 3.72453 -26.4533 3
      vertex 3.83327 -26.3333 0
      vertex 3.83327 -26.3333 3
    endloop
  endfacet
  facet normal 0.741018 -0.671486 0
    outer loop
      vertex 3.83327 -26.3333 0
      vertex 3.72453 -26.4533 3
      vertex 3.72453 -26.4533 0
    endloop
  endfacet
  facet normal -0.0487977 -0.998809 0
    outer loop
      vertex 11 -25.85 0
      vertex 11.1617 -25.8579 3
      vertex 11 -25.85 3
    endloop
  endfacet
  facet normal -0.0487977 -0.998809 -0
    outer loop
      vertex 11.1617 -25.8579 3
      vertex 11 -25.85 0
      vertex 11.1617 -25.8579 0
    endloop
  endfacet
  facet normal -0.146951 -0.989144 0
    outer loop
      vertex 11.1617 -25.8579 0
      vertex 11.3219 -25.8817 3
      vertex 11.1617 -25.8579 3
    endloop
  endfacet
  facet normal -0.146951 -0.989144 -0
    outer loop
      vertex 11.3219 -25.8817 3
      vertex 11.1617 -25.8579 0
      vertex 11.3219 -25.8817 0
    endloop
  endfacet
  facet normal 0.989189 0.146649 0
    outer loop
      vertex 3.3817 -27.8219 3
      vertex 3.35795 -27.6617 0
      vertex 3.35795 -27.6617 3
    endloop
  endfacet
  facet normal 0.989189 0.146649 0
    outer loop
      vertex 3.35795 -27.6617 0
      vertex 3.3817 -27.8219 3
      vertex 3.3817 -27.8219 0
    endloop
  endfacet
  facet normal 0.970033 0.242971 0
    outer loop
      vertex 3.42105 -27.979 3
      vertex 3.3817 -27.8219 0
      vertex 3.3817 -27.8219 3
    endloop
  endfacet
  facet normal 0.970033 0.242971 0
    outer loop
      vertex 3.3817 -27.8219 0
      vertex 3.42105 -27.979 3
      vertex 3.42105 -27.979 0
    endloop
  endfacet
  facet normal 0.941504 0.337002 0
    outer loop
      vertex 3.4756 -28.1314 3
      vertex 3.42105 -27.979 0
      vertex 3.42105 -27.979 3
    endloop
  endfacet
  facet normal 0.941504 0.337002 0
    outer loop
      vertex 3.42105 -27.979 0
      vertex 3.4756 -28.1314 3
      vertex 3.4756 -28.1314 0
    endloop
  endfacet
  facet normal 0.857738 0.514087 0
    outer loop
      vertex 3.62808 -28.4167 3
      vertex 3.54483 -28.2778 0
      vertex 3.54483 -28.2778 3
    endloop
  endfacet
  facet normal 0.857738 0.514087 0
    outer loop
      vertex 3.54483 -28.2778 0
      vertex 3.62808 -28.4167 3
      vertex 3.62808 -28.4167 0
    endloop
  endfacet
  facet normal 0.427414 0.904056 -0
    outer loop
      vertex 4.36857 -29.0244 0
      vertex 4.2222 -28.9552 3
      vertex 4.36857 -29.0244 3
    endloop
  endfacet
  facet normal 0.427414 0.904056 0
    outer loop
      vertex 4.2222 -28.9552 3
      vertex 4.36857 -29.0244 0
      vertex 4.2222 -28.9552 0
    endloop
  endfacet
  facet normal 0.67175 0.740778 -0
    outer loop
      vertex 3.95325 -28.7755 0
      vertex 3.83327 -28.6667 3
      vertex 3.95325 -28.7755 3
    endloop
  endfacet
  facet normal 0.67175 0.740778 0
    outer loop
      vertex 3.83327 -28.6667 3
      vertex 3.95325 -28.7755 0
      vertex 3.83327 -28.6667 0
    endloop
  endfacet
  facet normal 0.337158 0.941448 -0
    outer loop
      vertex 4.52103 -29.079 0
      vertex 4.36857 -29.0244 3
      vertex 4.52103 -29.079 3
    endloop
  endfacet
  facet normal 0.337158 0.941448 0
    outer loop
      vertex 4.36857 -29.0244 3
      vertex 4.52103 -29.079 0
      vertex 4.36857 -29.0244 0
    endloop
  endfacet
  facet normal 0.242725 0.970095 -0
    outer loop
      vertex 4.6781 -29.1183 0
      vertex 4.52103 -29.079 3
      vertex 4.6781 -29.1183 3
    endloop
  endfacet
  facet normal 0.242725 0.970095 0
    outer loop
      vertex 4.52103 -29.079 3
      vertex 4.6781 -29.1183 0
      vertex 4.52103 -29.079 0
    endloop
  endfacet
  facet normal -0.998809 -0.0487977 0
    outer loop
      vertex 12.65 -27.5 0
      vertex 12.6421 -27.3383 3
      vertex 12.6421 -27.3383 0
    endloop
  endfacet
  facet normal -0.998809 -0.0487977 0
    outer loop
      vertex 12.6421 -27.3383 3
      vertex 12.65 -27.5 0
      vertex 12.65 -27.5 3
    endloop
  endfacet
  facet normal -0.857602 -0.514314 0
    outer loop
      vertex 12.4552 -26.7222 0
      vertex 12.3719 -26.5833 3
      vertex 12.3719 -26.5833 0
    endloop
  endfacet
  facet normal -0.857602 -0.514314 0
    outer loop
      vertex 12.3719 -26.5833 3
      vertex 12.4552 -26.7222 0
      vertex 12.4552 -26.7222 3
    endloop
  endfacet
  facet normal -0.595641 -0.803251 0
    outer loop
      vertex 11.9167 -26.1281 0
      vertex 12.0467 -26.2245 3
      vertex 11.9167 -26.1281 3
    endloop
  endfacet
  facet normal -0.595641 -0.803251 -0
    outer loop
      vertex 12.0467 -26.2245 3
      vertex 11.9167 -26.1281 0
      vertex 12.0467 -26.2245 0
    endloop
  endfacet
  facet normal -0.337275 -0.941406 0
    outer loop
      vertex 11.479 -25.921 0
      vertex 11.6314 -25.9756 3
      vertex 11.479 -25.921 3
    endloop
  endfacet
  facet normal -0.337275 -0.941406 -0
    outer loop
      vertex 11.6314 -25.9756 3
      vertex 11.479 -25.921 0
      vertex 11.6314 -25.9756 0
    endloop
  endfacet
  facet normal -0.146951 0.989144 0
    outer loop
      vertex 11.3219 -29.1183 0
      vertex 11.1617 -29.1421 3
      vertex 11.3219 -29.1183 3
    endloop
  endfacet
  facet normal -0.146951 0.989144 0
    outer loop
      vertex 11.1617 -29.1421 3
      vertex 11.3219 -29.1183 0
      vertex 11.1617 -29.1421 0
    endloop
  endfacet
  facet normal -0.595641 0.803251 0
    outer loop
      vertex 12.0467 -28.7755 0
      vertex 11.9167 -28.8719 3
      vertex 12.0467 -28.7755 3
    endloop
  endfacet
  facet normal -0.595641 0.803251 0
    outer loop
      vertex 11.9167 -28.8719 3
      vertex 12.0467 -28.7755 0
      vertex 11.9167 -28.8719 0
    endloop
  endfacet
  facet normal -0.514314 0.857602 0
    outer loop
      vertex 11.9167 -28.8719 0
      vertex 11.7778 -28.9552 3
      vertex 11.9167 -28.8719 3
    endloop
  endfacet
  facet normal -0.514314 0.857602 0
    outer loop
      vertex 11.7778 -28.9552 3
      vertex 11.9167 -28.8719 0
      vertex 11.7778 -28.9552 0
    endloop
  endfacet
  facet normal -0.671689 0.740833 0
    outer loop
      vertex 12.1667 -28.6667 0
      vertex 12.0467 -28.7755 3
      vertex 12.1667 -28.6667 3
    endloop
  endfacet
  facet normal -0.671689 0.740833 0
    outer loop
      vertex 12.0467 -28.7755 3
      vertex 12.1667 -28.6667 0
      vertex 12.0467 -28.7755 0
    endloop
  endfacet
  facet normal -0.90409 0.427343 0
    outer loop
      vertex 12.4552 -28.2778 0
      vertex 12.5244 -28.1314 3
      vertex 12.5244 -28.1314 0
    endloop
  endfacet
  facet normal -0.90409 0.427343 0
    outer loop
      vertex 12.5244 -28.1314 3
      vertex 12.4552 -28.2778 0
      vertex 12.4552 -28.2778 3
    endloop
  endfacet
  facet normal -0.242681 -0.970106 0
    outer loop
      vertex 11.3219 -25.8817 0
      vertex 11.479 -25.921 3
      vertex 11.3219 -25.8817 3
    endloop
  endfacet
  facet normal -0.242681 -0.970106 -0
    outer loop
      vertex 11.479 -25.921 3
      vertex 11.3219 -25.8817 0
      vertex 11.479 -25.921 0
    endloop
  endfacet
  facet normal 0.595464 0.803382 -0
    outer loop
      vertex 4.08331 -28.8719 0
      vertex 3.95325 -28.7755 3
      vertex 4.08331 -28.8719 3
    endloop
  endfacet
  facet normal 0.595464 0.803382 0
    outer loop
      vertex 3.95325 -28.7755 3
      vertex 4.08331 -28.8719 0
      vertex 3.95325 -28.7755 0
    endloop
  endfacet
  facet normal -0.970106 -0.242681 0
    outer loop
      vertex 12.6183 -27.1781 0
      vertex 12.579 -27.021 3
      vertex 12.579 -27.021 0
    endloop
  endfacet
  facet normal -0.970106 -0.242681 0
    outer loop
      vertex 12.579 -27.021 3
      vertex 12.6183 -27.1781 0
      vertex 12.6183 -27.1781 3
    endloop
  endfacet
  facet normal -0.242681 0.970106 0
    outer loop
      vertex 11.479 -29.079 0
      vertex 11.3219 -29.1183 3
      vertex 11.479 -29.079 3
    endloop
  endfacet
  facet normal -0.242681 0.970106 0
    outer loop
      vertex 11.3219 -29.1183 3
      vertex 11.479 -29.079 0
      vertex 11.3219 -29.1183 0
    endloop
  endfacet
  facet normal 0.741018 0.671486 0
    outer loop
      vertex 3.83327 -28.6667 3
      vertex 3.72453 -28.5467 0
      vertex 3.72453 -28.5467 3
    endloop
  endfacet
  facet normal 0.741018 0.671486 0
    outer loop
      vertex 3.72453 -28.5467 0
      vertex 3.83327 -28.6667 3
      vertex 3.83327 -28.6667 0
    endloop
  endfacet
  facet normal 0.803103 0.59584 0
    outer loop
      vertex 3.72453 -28.5467 3
      vertex 3.62808 -28.4167 0
      vertex 3.62808 -28.4167 3
    endloop
  endfacet
  facet normal 0.803103 0.59584 0
    outer loop
      vertex 3.62808 -28.4167 0
      vertex 3.72453 -28.5467 3
      vertex 3.72453 -28.5467 0
    endloop
  endfacet
  facet normal -0.941406 -0.337275 0
    outer loop
      vertex 12.579 -27.021 0
      vertex 12.5244 -26.8686 3
      vertex 12.5244 -26.8686 0
    endloop
  endfacet
  facet normal -0.941406 -0.337275 0
    outer loop
      vertex 12.5244 -26.8686 3
      vertex 12.579 -27.021 0
      vertex 12.579 -27.021 3
    endloop
  endfacet
  facet normal -0.989144 -0.146951 0
    outer loop
      vertex 12.6421 -27.3383 0
      vertex 12.6183 -27.1781 3
      vertex 12.6183 -27.1781 0
    endloop
  endfacet
  facet normal -0.989144 -0.146951 0
    outer loop
      vertex 12.6183 -27.1781 3
      vertex 12.6421 -27.3383 0
      vertex 12.6421 -27.3383 3
    endloop
  endfacet
  facet normal -0.970106 0.242681 0
    outer loop
      vertex 12.579 -27.979 0
      vertex 12.6183 -27.8219 3
      vertex 12.6183 -27.8219 0
    endloop
  endfacet
  facet normal -0.970106 0.242681 0
    outer loop
      vertex 12.6183 -27.8219 3
      vertex 12.579 -27.979 0
      vertex 12.579 -27.979 3
    endloop
  endfacet
  facet normal -0.427343 -0.90409 0
    outer loop
      vertex 11.6314 -25.9756 0
      vertex 11.7778 -26.0448 3
      vertex 11.6314 -25.9756 3
    endloop
  endfacet
  facet normal -0.427343 -0.90409 -0
    outer loop
      vertex 11.7778 -26.0448 3
      vertex 11.6314 -25.9756 0
      vertex 11.7778 -26.0448 0
    endloop
  endfacet
  facet normal -0.427343 0.90409 0
    outer loop
      vertex 11.7778 -28.9552 0
      vertex 11.6314 -29.0244 3
      vertex 11.7778 -28.9552 3
    endloop
  endfacet
  facet normal -0.427343 0.90409 0
    outer loop
      vertex 11.6314 -29.0244 3
      vertex 11.7778 -28.9552 0
      vertex 11.6314 -29.0244 0
    endloop
  endfacet
  facet normal -0.337275 0.941406 0
    outer loop
      vertex 11.6314 -29.0244 0
      vertex 11.479 -29.079 3
      vertex 11.6314 -29.0244 3
    endloop
  endfacet
  facet normal -0.337275 0.941406 0
    outer loop
      vertex 11.479 -29.079 3
      vertex 11.6314 -29.0244 0
      vertex 11.479 -29.079 0
    endloop
  endfacet
  facet normal -0.857602 0.514314 0
    outer loop
      vertex 12.3719 -28.4167 0
      vertex 12.4552 -28.2778 3
      vertex 12.4552 -28.2778 0
    endloop
  endfacet
  facet normal -0.857602 0.514314 0
    outer loop
      vertex 12.4552 -28.2778 3
      vertex 12.3719 -28.4167 0
      vertex 12.3719 -28.4167 3
    endloop
  endfacet
  facet normal -0.803251 0.595641 0
    outer loop
      vertex 12.2755 -28.5467 0
      vertex 12.3719 -28.4167 3
      vertex 12.3719 -28.4167 0
    endloop
  endfacet
  facet normal -0.803251 0.595641 0
    outer loop
      vertex 12.3719 -28.4167 3
      vertex 12.2755 -28.5467 0
      vertex 12.2755 -28.5467 3
    endloop
  endfacet
  facet normal -0.740833 0.671689 0
    outer loop
      vertex 12.1667 -28.6667 0
      vertex 12.2755 -28.5467 3
      vertex 12.2755 -28.5467 0
    endloop
  endfacet
  facet normal -0.740833 0.671689 0
    outer loop
      vertex 12.2755 -28.5467 3
      vertex 12.1667 -28.6667 0
      vertex 12.1667 -28.6667 3
    endloop
  endfacet
  facet normal -0.671689 -0.740833 0
    outer loop
      vertex 12.0467 -26.2245 0
      vertex 12.1667 -26.3333 3
      vertex 12.0467 -26.2245 3
    endloop
  endfacet
  facet normal -0.671689 -0.740833 -0
    outer loop
      vertex 12.1667 -26.3333 3
      vertex 12.0467 -26.2245 0
      vertex 12.1667 -26.3333 0
    endloop
  endfacet
  facet normal -0.740833 -0.671689 0
    outer loop
      vertex 12.2755 -26.4533 0
      vertex 12.1667 -26.3333 3
      vertex 12.1667 -26.3333 0
    endloop
  endfacet
  facet normal -0.740833 -0.671689 0
    outer loop
      vertex 12.1667 -26.3333 3
      vertex 12.2755 -26.4533 0
      vertex 12.2755 -26.4533 3
    endloop
  endfacet
  facet normal -0.803251 -0.595641 0
    outer loop
      vertex 12.3719 -26.5833 0
      vertex 12.2755 -26.4533 3
      vertex 12.2755 -26.4533 0
    endloop
  endfacet
  facet normal -0.803251 -0.595641 0
    outer loop
      vertex 12.2755 -26.4533 3
      vertex 12.3719 -26.5833 0
      vertex 12.3719 -26.5833 3
    endloop
  endfacet
  facet normal -0.90409 -0.427343 0
    outer loop
      vertex 12.5244 -26.8686 0
      vertex 12.4552 -26.7222 3
      vertex 12.4552 -26.7222 0
    endloop
  endfacet
  facet normal -0.90409 -0.427343 0
    outer loop
      vertex 12.4552 -26.7222 3
      vertex 12.5244 -26.8686 0
      vertex 12.5244 -26.8686 3
    endloop
  endfacet
  facet normal -0.998809 0.0487977 0
    outer loop
      vertex 12.6421 -27.6617 0
      vertex 12.65 -27.5 3
      vertex 12.65 -27.5 0
    endloop
  endfacet
  facet normal -0.998809 0.0487977 0
    outer loop
      vertex 12.65 -27.5 3
      vertex 12.6421 -27.6617 0
      vertex 12.6421 -27.6617 3
    endloop
  endfacet
  facet normal -0.989144 0.146951 0
    outer loop
      vertex 12.6183 -27.8219 0
      vertex 12.6421 -27.6617 3
      vertex 12.6421 -27.6617 0
    endloop
  endfacet
  facet normal -0.989144 0.146951 0
    outer loop
      vertex 12.6421 -27.6617 3
      vertex 12.6183 -27.8219 0
      vertex 12.6183 -27.8219 3
    endloop
  endfacet
  facet normal -0.514314 -0.857602 0
    outer loop
      vertex 11.7778 -26.0448 0
      vertex 11.9167 -26.1281 3
      vertex 11.7778 -26.0448 3
    endloop
  endfacet
  facet normal -0.514314 -0.857602 -0
    outer loop
      vertex 11.9167 -26.1281 3
      vertex 11.7778 -26.0448 0
      vertex 11.9167 -26.1281 0
    endloop
  endfacet
  facet normal -0.941406 0.337275 0
    outer loop
      vertex 12.5244 -28.1314 0
      vertex 12.579 -27.979 3
      vertex 12.579 -27.979 0
    endloop
  endfacet
  facet normal -0.941406 0.337275 0
    outer loop
      vertex 12.579 -27.979 3
      vertex 12.5244 -28.1314 0
      vertex 12.5244 -28.1314 3
    endloop
  endfacet
  facet normal 0.67175 0.740778 -0
    outer loop
      vertex 3.95325 26.2245 0
      vertex 3.83327 26.3333 3
      vertex 3.95325 26.2245 3
    endloop
  endfacet
  facet normal 0.67175 0.740778 0
    outer loop
      vertex 3.83327 26.3333 3
      vertex 3.95325 26.2245 0
      vertex 3.83327 26.3333 0
    endloop
  endfacet
  facet normal 0.970033 0.242971 0
    outer loop
      vertex 3.42105 27.021 3
      vertex 3.3817 27.1781 0
      vertex 3.3817 27.1781 3
    endloop
  endfacet
  facet normal 0.970033 0.242971 0
    outer loop
      vertex 3.3817 27.1781 0
      vertex 3.42105 27.021 3
      vertex 3.42105 27.021 0
    endloop
  endfacet
  facet normal 0.857738 -0.514087 0
    outer loop
      vertex 3.54483 28.2778 3
      vertex 3.62808 28.4167 0
      vertex 3.62808 28.4167 3
    endloop
  endfacet
  facet normal 0.857738 -0.514087 0
    outer loop
      vertex 3.62808 28.4167 0
      vertex 3.54483 28.2778 3
      vertex 3.54483 28.2778 0
    endloop
  endfacet
  facet normal 0.998794 0.0491058 0
    outer loop
      vertex 3.35795 27.3383 3
      vertex 3.35 27.5 0
      vertex 3.35 27.5 3
    endloop
  endfacet
  facet normal 0.998794 0.0491058 0
    outer loop
      vertex 3.35 27.5 0
      vertex 3.35795 27.3383 3
      vertex 3.35795 27.3383 0
    endloop
  endfacet
  facet normal 0.0487887 -0.998809 0
    outer loop
      vertex 4.83827 29.1421 0
      vertex 5 29.15 3
      vertex 4.83827 29.1421 3
    endloop
  endfacet
  facet normal 0.0487887 -0.998809 0
    outer loop
      vertex 5 29.15 3
      vertex 4.83827 29.1421 0
      vertex 5 29.15 0
    endloop
  endfacet
  facet normal 0.514341 0.857586 -0
    outer loop
      vertex 4.2222 26.0448 0
      vertex 4.08331 26.1281 3
      vertex 4.2222 26.0448 3
    endloop
  endfacet
  facet normal 0.514341 0.857586 0
    outer loop
      vertex 4.08331 26.1281 3
      vertex 4.2222 26.0448 0
      vertex 4.08331 26.1281 0
    endloop
  endfacet
  facet normal -0.0487977 0.998809 0
    outer loop
      vertex 11.1617 25.8579 0
      vertex 11 25.85 3
      vertex 11.1617 25.8579 3
    endloop
  endfacet
  facet normal -0.0487977 0.998809 0
    outer loop
      vertex 11 25.85 3
      vertex 11.1617 25.8579 0
      vertex 11 25.85 0
    endloop
  endfacet
  facet normal 0.989189 -0.146649 0
    outer loop
      vertex 3.35795 27.6617 3
      vertex 3.3817 27.8219 0
      vertex 3.3817 27.8219 3
    endloop
  endfacet
  facet normal 0.989189 -0.146649 0
    outer loop
      vertex 3.3817 27.8219 0
      vertex 3.35795 27.6617 3
      vertex 3.35795 27.6617 0
    endloop
  endfacet
  facet normal 0.970033 -0.242971 0
    outer loop
      vertex 3.3817 27.8219 3
      vertex 3.42105 27.979 0
      vertex 3.42105 27.979 3
    endloop
  endfacet
  facet normal 0.970033 -0.242971 0
    outer loop
      vertex 3.42105 27.979 0
      vertex 3.3817 27.8219 3
      vertex 3.3817 27.8219 0
    endloop
  endfacet
  facet normal 0.941504 -0.337002 0
    outer loop
      vertex 3.42105 27.979 3
      vertex 3.4756 28.1314 0
      vertex 3.4756 28.1314 3
    endloop
  endfacet
  facet normal 0.941504 -0.337002 0
    outer loop
      vertex 3.4756 28.1314 0
      vertex 3.42105 27.979 3
      vertex 3.42105 27.979 0
    endloop
  endfacet
  facet normal 0.904018 -0.427494 0
    outer loop
      vertex 3.4756 28.1314 3
      vertex 3.54483 28.2778 0
      vertex 3.54483 28.2778 3
    endloop
  endfacet
  facet normal 0.904018 -0.427494 0
    outer loop
      vertex 3.54483 28.2778 0
      vertex 3.4756 28.1314 3
      vertex 3.4756 28.1314 0
    endloop
  endfacet
  facet normal 0.741018 -0.671486 0
    outer loop
      vertex 3.72453 28.5467 3
      vertex 3.83327 28.6667 0
      vertex 3.83327 28.6667 3
    endloop
  endfacet
  facet normal 0.741018 -0.671486 0
    outer loop
      vertex 3.83327 28.6667 0
      vertex 3.72453 28.5467 3
      vertex 3.72453 28.5467 0
    endloop
  endfacet
  facet normal 0.67175 -0.740778 0
    outer loop
      vertex 3.83327 28.6667 0
      vertex 3.95325 28.7755 3
      vertex 3.83327 28.6667 3
    endloop
  endfacet
  facet normal 0.67175 -0.740778 0
    outer loop
      vertex 3.95325 28.7755 3
      vertex 3.83327 28.6667 0
      vertex 3.95325 28.7755 0
    endloop
  endfacet
  facet normal 0.998794 -0.0491058 0
    outer loop
      vertex 3.35 27.5 3
      vertex 3.35795 27.6617 0
      vertex 3.35795 27.6617 3
    endloop
  endfacet
  facet normal 0.998794 -0.0491058 0
    outer loop
      vertex 3.35795 27.6617 0
      vertex 3.35 27.5 3
      vertex 3.35 27.5 0
    endloop
  endfacet
  facet normal 0.514341 -0.857586 0
    outer loop
      vertex 4.08331 28.8719 0
      vertex 4.2222 28.9552 3
      vertex 4.08331 28.8719 3
    endloop
  endfacet
  facet normal 0.514341 -0.857586 0
    outer loop
      vertex 4.2222 28.9552 3
      vertex 4.08331 28.8719 0
      vertex 4.2222 28.9552 0
    endloop
  endfacet
  facet normal 0.427414 -0.904056 0
    outer loop
      vertex 4.2222 28.9552 0
      vertex 4.36857 29.0244 3
      vertex 4.2222 28.9552 3
    endloop
  endfacet
  facet normal 0.427414 -0.904056 0
    outer loop
      vertex 4.36857 29.0244 3
      vertex 4.2222 28.9552 0
      vertex 4.36857 29.0244 0
    endloop
  endfacet
  facet normal -0.146951 -0.989144 0
    outer loop
      vertex 11.1617 29.1421 0
      vertex 11.3219 29.1183 3
      vertex 11.1617 29.1421 3
    endloop
  endfacet
  facet normal -0.146951 -0.989144 -0
    outer loop
      vertex 11.3219 29.1183 3
      vertex 11.1617 29.1421 0
      vertex 11.3219 29.1183 0
    endloop
  endfacet
  facet normal 0.242725 -0.970095 0
    outer loop
      vertex 4.52103 29.079 0
      vertex 4.6781 29.1183 3
      vertex 4.52103 29.079 3
    endloop
  endfacet
  facet normal 0.242725 -0.970095 0
    outer loop
      vertex 4.6781 29.1183 3
      vertex 4.52103 29.079 0
      vertex 4.6781 29.1183 0
    endloop
  endfacet
  facet normal 0.146978 -0.98914 0
    outer loop
      vertex 4.6781 29.1183 0
      vertex 4.83827 29.1421 3
      vertex 4.6781 29.1183 3
    endloop
  endfacet
  facet normal 0.146978 -0.98914 0
    outer loop
      vertex 4.83827 29.1421 3
      vertex 4.6781 29.1183 0
      vertex 4.83827 29.1421 0
    endloop
  endfacet
  facet normal 0.0487887 0.998809 -0
    outer loop
      vertex 5 25.85 0
      vertex 4.83827 25.8579 3
      vertex 5 25.85 3
    endloop
  endfacet
  facet normal 0.0487887 0.998809 0
    outer loop
      vertex 4.83827 25.8579 3
      vertex 5 25.85 0
      vertex 4.83827 25.8579 0
    endloop
  endfacet
  facet normal 0.595464 0.803382 -0
    outer loop
      vertex 4.08331 26.1281 0
      vertex 3.95325 26.2245 3
      vertex 4.08331 26.1281 3
    endloop
  endfacet
  facet normal 0.595464 0.803382 0
    outer loop
      vertex 3.95325 26.2245 3
      vertex 4.08331 26.1281 0
      vertex 3.95325 26.2245 0
    endloop
  endfacet
  facet normal 0.337158 0.941448 -0
    outer loop
      vertex 4.52103 25.921 0
      vertex 4.36857 25.9756 3
      vertex 4.52103 25.921 3
    endloop
  endfacet
  facet normal 0.337158 0.941448 0
    outer loop
      vertex 4.36857 25.9756 3
      vertex 4.52103 25.921 0
      vertex 4.36857 25.9756 0
    endloop
  endfacet
  facet normal -0.998809 -0.0487977 0
    outer loop
      vertex 12.65 27.5 0
      vertex 12.6421 27.6617 3
      vertex 12.6421 27.6617 0
    endloop
  endfacet
  facet normal -0.998809 -0.0487977 0
    outer loop
      vertex 12.6421 27.6617 3
      vertex 12.65 27.5 0
      vertex 12.65 27.5 3
    endloop
  endfacet
  facet normal 0 1 -0
    outer loop
      vertex 11 25.85 0
      vertex 5 25.85 3
      vertex 11 25.85 3
    endloop
  endfacet
  facet normal 0 1 0
    outer loop
      vertex 5 25.85 3
      vertex 11 25.85 0
      vertex 5 25.85 0
    endloop
  endfacet
  facet normal 0.803103 -0.59584 0
    outer loop
      vertex 3.62808 28.4167 3
      vertex 3.72453 28.5467 0
      vertex 3.72453 28.5467 3
    endloop
  endfacet
  facet normal 0.803103 -0.59584 0
    outer loop
      vertex 3.72453 28.5467 0
      vertex 3.62808 28.4167 3
      vertex 3.62808 28.4167 0
    endloop
  endfacet
  facet normal 0.595464 -0.803382 0
    outer loop
      vertex 3.95325 28.7755 0
      vertex 4.08331 28.8719 3
      vertex 3.95325 28.7755 3
    endloop
  endfacet
  facet normal 0.595464 -0.803382 0
    outer loop
      vertex 4.08331 28.8719 3
      vertex 3.95325 28.7755 0
      vertex 4.08331 28.8719 0
    endloop
  endfacet
  facet normal 0 -1 0
    outer loop
      vertex 5 29.15 0
      vertex 11 29.15 3
      vertex 5 29.15 3
    endloop
  endfacet
  facet normal 0 -1 -0
    outer loop
      vertex 11 29.15 3
      vertex 5 29.15 0
      vertex 11 29.15 0
    endloop
  endfacet
  facet normal -0.0487977 -0.998809 0
    outer loop
      vertex 11 29.15 0
      vertex 11.1617 29.1421 3
      vertex 11 29.15 3
    endloop
  endfacet
  facet normal -0.0487977 -0.998809 -0
    outer loop
      vertex 11.1617 29.1421 3
      vertex 11 29.15 0
      vertex 11.1617 29.1421 0
    endloop
  endfacet
  facet normal -0.242681 -0.970106 0
    outer loop
      vertex 11.3219 29.1183 0
      vertex 11.479 29.079 3
      vertex 11.3219 29.1183 3
    endloop
  endfacet
  facet normal -0.242681 -0.970106 -0
    outer loop
      vertex 11.479 29.079 3
      vertex 11.3219 29.1183 0
      vertex 11.479 29.079 0
    endloop
  endfacet
  facet normal 0.337158 -0.941448 0
    outer loop
      vertex 4.36857 29.0244 0
      vertex 4.52103 29.079 3
      vertex 4.36857 29.0244 3
    endloop
  endfacet
  facet normal 0.337158 -0.941448 0
    outer loop
      vertex 4.52103 29.079 3
      vertex 4.36857 29.0244 0
      vertex 4.52103 29.079 0
    endloop
  endfacet
  facet normal 0.941504 0.337002 0
    outer loop
      vertex 3.4756 26.8686 3
      vertex 3.42105 27.021 0
      vertex 3.42105 27.021 3
    endloop
  endfacet
  facet normal 0.941504 0.337002 0
    outer loop
      vertex 3.42105 27.021 0
      vertex 3.4756 26.8686 3
      vertex 3.4756 26.8686 0
    endloop
  endfacet
  facet normal 0.857738 0.514087 0
    outer loop
      vertex 3.62808 26.5833 3
      vertex 3.54483 26.7222 0
      vertex 3.54483 26.7222 3
    endloop
  endfacet
  facet normal 0.857738 0.514087 0
    outer loop
      vertex 3.54483 26.7222 0
      vertex 3.62808 26.5833 3
      vertex 3.62808 26.5833 0
    endloop
  endfacet
  facet normal 0.427414 0.904056 -0
    outer loop
      vertex 4.36857 25.9756 0
      vertex 4.2222 26.0448 3
      vertex 4.36857 25.9756 3
    endloop
  endfacet
  facet normal 0.427414 0.904056 0
    outer loop
      vertex 4.2222 26.0448 3
      vertex 4.36857 25.9756 0
      vertex 4.2222 26.0448 0
    endloop
  endfacet
  facet normal 0.242725 0.970095 -0
    outer loop
      vertex 4.6781 25.8817 0
      vertex 4.52103 25.921 3
      vertex 4.6781 25.8817 3
    endloop
  endfacet
  facet normal 0.242725 0.970095 0
    outer loop
      vertex 4.52103 25.921 3
      vertex 4.6781 25.8817 0
      vertex 4.52103 25.921 0
    endloop
  endfacet
  facet normal 0.146978 0.98914 -0
    outer loop
      vertex 4.83827 25.8579 0
      vertex 4.6781 25.8817 3
      vertex 4.83827 25.8579 3
    endloop
  endfacet
  facet normal 0.146978 0.98914 0
    outer loop
      vertex 4.6781 25.8817 3
      vertex 4.83827 25.8579 0
      vertex 4.6781 25.8817 0
    endloop
  endfacet
  facet normal -0.146951 0.989144 0
    outer loop
      vertex 11.3219 25.8817 0
      vertex 11.1617 25.8579 3
      vertex 11.3219 25.8817 3
    endloop
  endfacet
  facet normal -0.146951 0.989144 0
    outer loop
      vertex 11.1617 25.8579 3
      vertex 11.3219 25.8817 0
      vertex 11.1617 25.8579 0
    endloop
  endfacet
  facet normal -0.514314 0.857602 0
    outer loop
      vertex 11.9167 26.1281 0
      vertex 11.7778 26.0448 3
      vertex 11.9167 26.1281 3
    endloop
  endfacet
  facet normal -0.514314 0.857602 0
    outer loop
      vertex 11.7778 26.0448 3
      vertex 11.9167 26.1281 0
      vertex 11.7778 26.0448 0
    endloop
  endfacet
  facet normal -0.671689 0.740833 0
    outer loop
      vertex 12.1667 26.3333 0
      vertex 12.0467 26.2245 3
      vertex 12.1667 26.3333 3
    endloop
  endfacet
  facet normal -0.671689 0.740833 0
    outer loop
      vertex 12.0467 26.2245 3
      vertex 12.1667 26.3333 0
      vertex 12.0467 26.2245 0
    endloop
  endfacet
  facet normal -0.595641 0.803251 0
    outer loop
      vertex 12.0467 26.2245 0
      vertex 11.9167 26.1281 3
      vertex 12.0467 26.2245 3
    endloop
  endfacet
  facet normal -0.595641 0.803251 0
    outer loop
      vertex 11.9167 26.1281 3
      vertex 12.0467 26.2245 0
      vertex 11.9167 26.1281 0
    endloop
  endfacet
  facet normal -0.740833 0.671689 0
    outer loop
      vertex 12.1667 26.3333 0
      vertex 12.2755 26.4533 3
      vertex 12.2755 26.4533 0
    endloop
  endfacet
  facet normal -0.740833 0.671689 0
    outer loop
      vertex 12.2755 26.4533 3
      vertex 12.1667 26.3333 0
      vertex 12.1667 26.3333 3
    endloop
  endfacet
  facet normal -0.90409 0.427343 0
    outer loop
      vertex 12.4552 26.7222 0
      vertex 12.5244 26.8686 3
      vertex 12.5244 26.8686 0
    endloop
  endfacet
  facet normal -0.90409 0.427343 0
    outer loop
      vertex 12.5244 26.8686 3
      vertex 12.4552 26.7222 0
      vertex 12.4552 26.7222 3
    endloop
  endfacet
  facet normal 0.904018 0.427494 0
    outer loop
      vertex 3.54483 26.7222 3
      vertex 3.4756 26.8686 0
      vertex 3.4756 26.8686 3
    endloop
  endfacet
  facet normal 0.904018 0.427494 0
    outer loop
      vertex 3.4756 26.8686 0
      vertex 3.54483 26.7222 3
      vertex 3.54483 26.7222 0
    endloop
  endfacet
  facet normal 0.989189 0.146649 0
    outer loop
      vertex 3.3817 27.1781 3
      vertex 3.35795 27.3383 0
      vertex 3.35795 27.3383 3
    endloop
  endfacet
  facet normal 0.989189 0.146649 0
    outer loop
      vertex 3.35795 27.3383 0
      vertex 3.3817 27.1781 3
      vertex 3.3817 27.1781 0
    endloop
  endfacet
  facet normal -0.337275 -0.941406 0
    outer loop
      vertex 11.479 29.079 0
      vertex 11.6314 29.0244 3
      vertex 11.479 29.079 3
    endloop
  endfacet
  facet normal -0.337275 -0.941406 -0
    outer loop
      vertex 11.6314 29.0244 3
      vertex 11.479 29.079 0
      vertex 11.6314 29.0244 0
    endloop
  endfacet
  facet normal 0.741018 0.671486 0
    outer loop
      vertex 3.83327 26.3333 3
      vertex 3.72453 26.4533 0
      vertex 3.72453 26.4533 3
    endloop
  endfacet
  facet normal 0.741018 0.671486 0
    outer loop
      vertex 3.72453 26.4533 0
      vertex 3.83327 26.3333 3
      vertex 3.83327 26.3333 0
    endloop
  endfacet
  facet normal 0.803103 0.59584 0
    outer loop
      vertex 3.72453 26.4533 3
      vertex 3.62808 26.5833 0
      vertex 3.62808 26.5833 3
    endloop
  endfacet
  facet normal 0.803103 0.59584 0
    outer loop
      vertex 3.62808 26.5833 0
      vertex 3.72453 26.4533 3
      vertex 3.72453 26.4533 0
    endloop
  endfacet
  facet normal -0.427343 -0.90409 0
    outer loop
      vertex 11.6314 29.0244 0
      vertex 11.7778 28.9552 3
      vertex 11.6314 29.0244 3
    endloop
  endfacet
  facet normal -0.427343 -0.90409 -0
    outer loop
      vertex 11.7778 28.9552 3
      vertex 11.6314 29.0244 0
      vertex 11.7778 28.9552 0
    endloop
  endfacet
  facet normal -0.970106 0.242681 0
    outer loop
      vertex 12.579 27.021 0
      vertex 12.6183 27.1781 3
      vertex 12.6183 27.1781 0
    endloop
  endfacet
  facet normal -0.970106 0.242681 0
    outer loop
      vertex 12.6183 27.1781 3
      vertex 12.579 27.021 0
      vertex 12.579 27.021 3
    endloop
  endfacet
  facet normal -0.242681 0.970106 0
    outer loop
      vertex 11.479 25.921 0
      vertex 11.3219 25.8817 3
      vertex 11.479 25.921 3
    endloop
  endfacet
  facet normal -0.242681 0.970106 0
    outer loop
      vertex 11.3219 25.8817 3
      vertex 11.479 25.921 0
      vertex 11.3219 25.8817 0
    endloop
  endfacet
  facet normal -0.941406 0.337275 0
    outer loop
      vertex 12.5244 26.8686 0
      vertex 12.579 27.021 3
      vertex 12.579 27.021 0
    endloop
  endfacet
  facet normal -0.941406 0.337275 0
    outer loop
      vertex 12.579 27.021 3
      vertex 12.5244 26.8686 0
      vertex 12.5244 26.8686 3
    endloop
  endfacet
  facet normal -0.740833 -0.671689 0
    outer loop
      vertex 12.2755 28.5467 0
      vertex 12.1667 28.6667 3
      vertex 12.1667 28.6667 0
    endloop
  endfacet
  facet normal -0.740833 -0.671689 0
    outer loop
      vertex 12.1667 28.6667 3
      vertex 12.2755 28.5467 0
      vertex 12.2755 28.5467 3
    endloop
  endfacet
  facet normal -0.514314 -0.857602 0
    outer loop
      vertex 11.7778 28.9552 0
      vertex 11.9167 28.8719 3
      vertex 11.7778 28.9552 3
    endloop
  endfacet
  facet normal -0.514314 -0.857602 -0
    outer loop
      vertex 11.9167 28.8719 3
      vertex 11.7778 28.9552 0
      vertex 11.9167 28.8719 0
    endloop
  endfacet
  facet normal -0.90409 -0.427343 0
    outer loop
      vertex 12.5244 28.1314 0
      vertex 12.4552 28.2778 3
      vertex 12.4552 28.2778 0
    endloop
  endfacet
  facet normal -0.90409 -0.427343 0
    outer loop
      vertex 12.4552 28.2778 3
      vertex 12.5244 28.1314 0
      vertex 12.5244 28.1314 3
    endloop
  endfacet
  facet normal -0.998809 0.0487977 0
    outer loop
      vertex 12.6421 27.3383 0
      vertex 12.65 27.5 3
      vertex 12.65 27.5 0
    endloop
  endfacet
  facet normal -0.998809 0.0487977 0
    outer loop
      vertex 12.65 27.5 3
      vertex 12.6421 27.3383 0
      vertex 12.6421 27.3383 3
    endloop
  endfacet
  facet normal -0.427343 0.90409 0
    outer loop
      vertex 11.7778 26.0448 0
      vertex 11.6314 25.9756 3
      vertex 11.7778 26.0448 3
    endloop
  endfacet
  facet normal -0.427343 0.90409 0
    outer loop
      vertex 11.6314 25.9756 3
      vertex 11.7778 26.0448 0
      vertex 11.6314 25.9756 0
    endloop
  endfacet
  facet normal -0.337275 0.941406 0
    outer loop
      vertex 11.6314 25.9756 0
      vertex 11.479 25.921 3
      vertex 11.6314 25.9756 3
    endloop
  endfacet
  facet normal -0.337275 0.941406 0
    outer loop
      vertex 11.479 25.921 3
      vertex 11.6314 25.9756 0
      vertex 11.479 25.921 0
    endloop
  endfacet
  facet normal -0.803251 0.595641 0
    outer loop
      vertex 12.2755 26.4533 0
      vertex 12.3719 26.5833 3
      vertex 12.3719 26.5833 0
    endloop
  endfacet
  facet normal -0.803251 0.595641 0
    outer loop
      vertex 12.3719 26.5833 3
      vertex 12.2755 26.4533 0
      vertex 12.2755 26.4533 3
    endloop
  endfacet
  facet normal -0.857602 0.514314 0
    outer loop
      vertex 12.3719 26.5833 0
      vertex 12.4552 26.7222 3
      vertex 12.4552 26.7222 0
    endloop
  endfacet
  facet normal -0.857602 0.514314 0
    outer loop
      vertex 12.4552 26.7222 3
      vertex 12.3719 26.5833 0
      vertex 12.3719 26.5833 3
    endloop
  endfacet
  facet normal -0.857602 -0.514314 0
    outer loop
      vertex 12.4552 28.2778 0
      vertex 12.3719 28.4167 3
      vertex 12.3719 28.4167 0
    endloop
  endfacet
  facet normal -0.857602 -0.514314 0
    outer loop
      vertex 12.3719 28.4167 3
      vertex 12.4552 28.2778 0
      vertex 12.4552 28.2778 3
    endloop
  endfacet
  facet normal -0.595641 -0.803251 0
    outer loop
      vertex 11.9167 28.8719 0
      vertex 12.0467 28.7755 3
      vertex 11.9167 28.8719 3
    endloop
  endfacet
  facet normal -0.595641 -0.803251 -0
    outer loop
      vertex 12.0467 28.7755 3
      vertex 11.9167 28.8719 0
      vertex 12.0467 28.7755 0
    endloop
  endfacet
  facet normal -0.671689 -0.740833 0
    outer loop
      vertex 12.0467 28.7755 0
      vertex 12.1667 28.6667 3
      vertex 12.0467 28.7755 3
    endloop
  endfacet
  facet normal -0.671689 -0.740833 -0
    outer loop
      vertex 12.1667 28.6667 3
      vertex 12.0467 28.7755 0
      vertex 12.1667 28.6667 0
    endloop
  endfacet
  facet normal -0.941406 -0.337275 0
    outer loop
      vertex 12.579 27.979 0
      vertex 12.5244 28.1314 3
      vertex 12.5244 28.1314 0
    endloop
  endfacet
  facet normal -0.941406 -0.337275 0
    outer loop
      vertex 12.5244 28.1314 3
      vertex 12.579 27.979 0
      vertex 12.579 27.979 3
    endloop
  endfacet
  facet normal -0.970106 -0.242681 0
    outer loop
      vertex 12.6183 27.8219 0
      vertex 12.579 27.979 3
      vertex 12.579 27.979 0
    endloop
  endfacet
  facet normal -0.970106 -0.242681 0
    outer loop
      vertex 12.579 27.979 3
      vertex 12.6183 27.8219 0
      vertex 12.6183 27.8219 3
    endloop
  endfacet
  facet normal -0.989144 -0.146951 0
    outer loop
      vertex 12.6421 27.6617 0
      vertex 12.6183 27.8219 3
      vertex 12.6183 27.8219 0
    endloop
  endfacet
  facet normal -0.989144 -0.146951 0
    outer loop
      vertex 12.6183 27.8219 3
      vertex 12.6421 27.6617 0
      vertex 12.6421 27.6617 3
    endloop
  endfacet
  facet normal -0.989144 0.146951 0
    outer loop
      vertex 12.6183 27.1781 0
      vertex 12.6421 27.3383 3
      vertex 12.6421 27.3383 0
    endloop
  endfacet
  facet normal -0.989144 0.146951 0
    outer loop
      vertex 12.6421 27.3383 3
      vertex 12.6183 27.1781 0
      vertex 12.6183 27.1781 3
    endloop
  endfacet
  facet normal -0.803251 -0.595641 0
    outer loop
      vertex 12.3719 28.4167 0
      vertex 12.2755 28.5467 3
      vertex 12.2755 28.5467 0
    endloop
  endfacet
  facet normal -0.803251 -0.595641 0
    outer loop
      vertex 12.2755 28.5467 3
      vertex 12.3719 28.4167 0
      vertex 12.3719 28.4167 3
    endloop
  endfacet
  facet normal 0 0 1
    outer loop
      vertex 8.33646 -16.2443 3
      vertex 3.35876 -3.35876 3
      vertex 8 -16.2 3
    endloop
  endfacet
  facet normal -0 0 1
    outer loop
      vertex 3.01337 -3.6718 3
      vertex 8 -16.2 3
      vertex 3.35876 -3.35876 3
    endloop
  endfacet
  facet normal 0 0 1
    outer loop
      vertex 8 -16.2 3
      vertex 3.01337 -3.6718 3
      vertex 7.66354 -16.2443 3
    endloop
  endfacet
  facet normal -0 0 1
    outer loop
      vertex 2.63896 -3.94948 3
      vertex 7.66354 -16.2443 3
      vertex 3.01337 -3.6718 3
    endloop
  endfacet
  facet normal -0 0 1
    outer loop
      vertex 2.23913 -4.18913 3
      vertex 7.66354 -16.2443 3
      vertex 2.63896 -3.94948 3
    endloop
  endfacet
  facet normal 0 0 1
    outer loop
      vertex 7.66354 -16.2443 3
      vertex 2.23913 -4.18913 3
      vertex 7.35 -16.3742 3
    endloop
  endfacet
  facet normal -0 0 1
    outer loop
      vertex 1.81775 -4.38843 3
      vertex 7.35 -16.3742 3
      vertex 2.23913 -4.18913 3
    endloop
  endfacet
  facet normal -0 0 1
    outer loop
      vertex 1.37885 -4.54547 3
      vertex 7.35 -16.3742 3
      vertex 1.81775 -4.38843 3
    endloop
  endfacet
  facet normal 0 0 1
    outer loop
      vertex 7.35 -16.3742 3
      vertex 1.37885 -4.54547 3
      vertex 7.08076 -16.5808 3
    endloop
  endfacet
  facet normal -0 0 1
    outer loop
      vertex 0.926679 -4.65873 3
      vertex 7.08076 -16.5808 3
      vertex 1.37885 -4.54547 3
    endloop
  endfacet
  facet normal -0 0 1
    outer loop
      vertex 0.465581 -4.72713 3
      vertex 7.08076 -16.5808 3
      vertex 0.926679 -4.65873 3
    endloop
  endfacet
  facet normal 0 0 1
    outer loop
      vertex 7.08076 -16.5808 3
      vertex 0.465581 -4.72713 3
      vertex 6.87417 -16.85 3
    endloop
  endfacet
  facet normal -0 0 1
    outer loop
      vertex 0 -4.75 3
      vertex 6.87417 -16.85 3
      vertex 0.465581 -4.72713 3
    endloop
  endfacet
  facet normal 0 0 1
    outer loop
      vertex -0.465581 -4.72713 3
      vertex 6.87417 -16.85 3
      vertex 0 -4.75 3
    endloop
  endfacet
  facet normal 0 0 1
    outer loop
      vertex 6.7 -17.5 3
      vertex 4.6781 -25.8817 3
      vertex 4.83827 -25.8579 3
    endloop
  endfacet
  facet normal 0 0 1
    outer loop
      vertex 6.87417 -16.85 3
      vertex -0.465581 -4.72713 3
      vertex 6.7443 -17.1635 3
    endloop
  endfacet
  facet normal 0 0 1
    outer loop
      vertex 6.7 -17.5 3
      vertex 4.52103 -25.921 3
      vertex 4.6781 -25.8817 3
    endloop
  endfacet
  facet normal 0 0 1
    outer loop
      vertex 6.7 -17.5 3
      vertex 4.36857 -25.9756 3
      vertex 4.52103 -25.921 3
    endloop
  endfacet
  facet normal 0 0 1
    outer loop
      vertex -0.926679 -4.65873 3
      vertex 6.7443 -17.1635 3
      vertex -0.465581 -4.72713 3
    endloop
  endfacet
  facet normal 0 0 1
    outer loop
      vertex 6.7 -17.5 3
      vertex 4.2222 -26.0448 3
      vertex 4.36857 -25.9756 3
    endloop
  endfacet
  facet normal 0 0 1
    outer loop
      vertex -1.37885 -4.54547 3
      vertex 6.7443 -17.1635 3
      vertex -0.926679 -4.65873 3
    endloop
  endfacet
  facet normal 0 0 1
    outer loop
      vertex 6.7 -17.5 3
      vertex 4.08331 -26.1281 3
      vertex 4.2222 -26.0448 3
    endloop
  endfacet
  facet normal 0 0 1
    outer loop
      vertex 6.7443 -17.1635 3
      vertex -1.37885 -4.54547 3
      vertex 6.7 -17.5 3
    endloop
  endfacet
  facet normal 0 0 1
    outer loop
      vertex 6.7 -17.5 3
      vertex 3.95325 -26.2245 3
      vertex 4.08331 -26.1281 3
    endloop
  endfacet
  facet normal 0 0 1
    outer loop
      vertex 4.75 0 3
      vertex 27 30 3
      vertex 9.12583 16.85 3
    endloop
  endfacet
  facet normal 0 0 1
    outer loop
      vertex 27 -30 3
      vertex 9.2557 -17.1635 3
      vertex 9.3 -17.5 3
    endloop
  endfacet
  facet normal 0 0 1
    outer loop
      vertex 27 30 3
      vertex 4.75 0 3
      vertex 27 -30 3
    endloop
  endfacet
  facet normal 0 0 1
    outer loop
      vertex 27 -30 3
      vertex 9.12583 -16.85 3
      vertex 9.2557 -17.1635 3
    endloop
  endfacet
  facet normal 0 0 1
    outer loop
      vertex 4.72713 0.465581 3
      vertex 9.12583 16.85 3
      vertex 8.91924 16.5808 3
    endloop
  endfacet
  facet normal 0 0 1
    outer loop
      vertex 27 -30 3
      vertex 4.75 0 3
      vertex 9.12583 -16.85 3
    endloop
  endfacet
  facet normal 0 0 1
    outer loop
      vertex 4.54547 1.37885 3
      vertex 8.91924 16.5808 3
      vertex 8.65 16.3742 3
    endloop
  endfacet
  facet normal -0 0 1
    outer loop
      vertex 4.72713 -0.465581 3
      vertex 9.12583 -16.85 3
      vertex 4.75 0 3
    endloop
  endfacet
  facet normal 0 0 1
    outer loop
      vertex 3.94948 2.63896 3
      vertex 8.65 16.3742 3
      vertex 8.33646 16.2443 3
    endloop
  endfacet
  facet normal 0 0 1
    outer loop
      vertex 9.12583 -16.85 3
      vertex 4.72713 -0.465581 3
      vertex 8.91924 -16.5808 3
    endloop
  endfacet
  facet normal 0 0 1
    outer loop
      vertex 3.35876 3.35876 3
      vertex 8.33646 16.2443 3
      vertex 8 16.2 3
    endloop
  endfacet
  facet normal -0 0 1
    outer loop
      vertex 4.65873 -0.926679 3
      vertex 8.91924 -16.5808 3
      vertex 4.72713 -0.465581 3
    endloop
  endfacet
  facet normal 0 0 1
    outer loop
      vertex 3.01337 3.6718 3
      vertex 8 16.2 3
      vertex 7.66354 16.2443 3
    endloop
  endfacet
  facet normal -0 0 1
    outer loop
      vertex 4.54547 -1.37885 3
      vertex 8.91924 -16.5808 3
      vertex 4.65873 -0.926679 3
    endloop
  endfacet
  facet normal 0 0 1
    outer loop
      vertex 2.63896 3.94948 3
      vertex 7.66354 16.2443 3
      vertex 7.35 16.3742 3
    endloop
  endfacet
  facet normal 0 0 1
    outer loop
      vertex 8.91924 -16.5808 3
      vertex 4.54547 -1.37885 3
      vertex 8.65 -16.3742 3
    endloop
  endfacet
  facet normal 0 0 1
    outer loop
      vertex 2.63896 3.94948 3
      vertex 7.35 16.3742 3
      vertex 7.08076 16.5808 3
    endloop
  endfacet
  facet normal -0 0 1
    outer loop
      vertex 4.38843 -1.81775 3
      vertex 8.65 -16.3742 3
      vertex 4.54547 -1.37885 3
    endloop
  endfacet
  facet normal 0 0 1
    outer loop
      vertex 2.63896 3.94948 3
      vertex 7.08076 16.5808 3
      vertex 6.87417 16.85 3
    endloop
  endfacet
  facet normal -0 0 1
    outer loop
      vertex 4.18913 -2.23913 3
      vertex 8.65 -16.3742 3
      vertex 4.38843 -1.81775 3
    endloop
  endfacet
  facet normal 0 0 1
    outer loop
      vertex 2.63896 3.94948 3
      vertex 6.87417 16.85 3
      vertex 6.7443 17.1635 3
    endloop
  endfacet
  facet normal -0 0 1
    outer loop
      vertex 3.94948 -2.63896 3
      vertex 8.65 -16.3742 3
      vertex 4.18913 -2.23913 3
    endloop
  endfacet
  facet normal 0 0 1
    outer loop
      vertex 2.63896 3.94948 3
      vertex 6.7443 17.1635 3
      vertex 6.7 17.5 3
    endloop
  endfacet
  facet normal 0 0 1
    outer loop
      vertex 8.65 -16.3742 3
      vertex 3.94948 -2.63896 3
      vertex 8.33646 -16.2443 3
    endloop
  endfacet
  facet normal 0 0 1
    outer loop
      vertex 12.579 27.021 3
      vertex 27 30 3
      vertex 12.6183 27.1781 3
    endloop
  endfacet
  facet normal 0 0 1
    outer loop
      vertex 27 -30 3
      vertex 12.6421 -27.3383 3
      vertex 12.65 -27.5 3
    endloop
  endfacet
  facet normal 0 0 1
    outer loop
      vertex 12.5244 26.8686 3
      vertex 27 30 3
      vertex 12.579 27.021 3
    endloop
  endfacet
  facet normal 0 0 1
    outer loop
      vertex 27 -30 3
      vertex 12.6183 -27.1781 3
      vertex 12.6421 -27.3383 3
    endloop
  endfacet
  facet normal 0 0 1
    outer loop
      vertex 12.4552 26.7222 3
      vertex 27 30 3
      vertex 12.5244 26.8686 3
    endloop
  endfacet
  facet normal 0 0 1
    outer loop
      vertex 27 -30 3
      vertex 12.579 -27.021 3
      vertex 12.6183 -27.1781 3
    endloop
  endfacet
  facet normal 0 0 1
    outer loop
      vertex 9.2557 17.1635 3
      vertex 27 30 3
      vertex 9.3 17.5 3
    endloop
  endfacet
  facet normal 0 0 1
    outer loop
      vertex 27 -30 3
      vertex 12.5244 -26.8686 3
      vertex 12.579 -27.021 3
    endloop
  endfacet
  facet normal 0 0 1
    outer loop
      vertex 12.3719 26.5833 3
      vertex 27 30 3
      vertex 12.4552 26.7222 3
    endloop
  endfacet
  facet normal 0 0 1
    outer loop
      vertex 9.12583 16.85 3
      vertex 27 30 3
      vertex 9.2557 17.1635 3
    endloop
  endfacet
  facet normal 0 0 1
    outer loop
      vertex 12.2755 26.4533 3
      vertex 27 30 3
      vertex 12.3719 26.5833 3
    endloop
  endfacet
  facet normal -0 -0 1
    outer loop
      vertex 12.2755 -26.4533 3
      vertex 27 -30 3
      vertex 9.3 -17.5 3
    endloop
  endfacet
  facet normal 0 0 1
    outer loop
      vertex 27 30 3
      vertex 12.2755 26.4533 3
      vertex 9.3 17.5 3
    endloop
  endfacet
  facet normal 0 0 1
    outer loop
      vertex 27 -30 3
      vertex 12.4552 -26.7222 3
      vertex 12.5244 -26.8686 3
    endloop
  endfacet
  facet normal 0 0 1
    outer loop
      vertex 9.3 17.5 3
      vertex 12.2755 26.4533 3
      vertex 12.1667 26.3333 3
    endloop
  endfacet
  facet normal 0 0 1
    outer loop
      vertex 27 -30 3
      vertex 12.3719 -26.5833 3
      vertex 12.4552 -26.7222 3
    endloop
  endfacet
  facet normal 0 0 1
    outer loop
      vertex 9.2557 17.8365 3
      vertex 12.1667 26.3333 3
      vertex 12.0467 26.2245 3
    endloop
  endfacet
  facet normal 0 0 1
    outer loop
      vertex 27 -30 3
      vertex 12.2755 -26.4533 3
      vertex 12.3719 -26.5833 3
    endloop
  endfacet
  facet normal 0 0 1
    outer loop
      vertex 9.2557 17.8365 3
      vertex 12.0467 26.2245 3
      vertex 11.9167 26.1281 3
    endloop
  endfacet
  facet normal 0 0 1
    outer loop
      vertex 12.2755 -26.4533 3
      vertex 9.3 -17.5 3
      vertex 12.1667 -26.3333 3
    endloop
  endfacet
  facet normal 0 0 1
    outer loop
      vertex 9.2557 17.8365 3
      vertex 11.9167 26.1281 3
      vertex 11.7778 26.0448 3
    endloop
  endfacet
  facet normal -0 0 1
    outer loop
      vertex 9.2557 -17.8365 3
      vertex 12.1667 -26.3333 3
      vertex 9.3 -17.5 3
    endloop
  endfacet
  facet normal 0 0 1
    outer loop
      vertex 9.12583 18.15 3
      vertex 11.7778 26.0448 3
      vertex 11.6314 25.9756 3
    endloop
  endfacet
  facet normal 0 0 1
    outer loop
      vertex 12.1667 -26.3333 3
      vertex 9.2557 -17.8365 3
      vertex 12.0467 -26.2245 3
    endloop
  endfacet
  facet normal 0 0 1
    outer loop
      vertex 9.12583 18.15 3
      vertex 11.6314 25.9756 3
      vertex 11.479 25.921 3
    endloop
  endfacet
  facet normal 0 0 1
    outer loop
      vertex 12.0467 -26.2245 3
      vertex 9.2557 -17.8365 3
      vertex 11.9167 -26.1281 3
    endloop
  endfacet
  facet normal 0 0 1
    outer loop
      vertex 8.91924 18.4192 3
      vertex 11.479 25.921 3
      vertex 11.3219 25.8817 3
    endloop
  endfacet
  facet normal 0 0 1
    outer loop
      vertex 11.9167 -26.1281 3
      vertex 9.2557 -17.8365 3
      vertex 11.7778 -26.0448 3
    endloop
  endfacet
  facet normal 0 0 1
    outer loop
      vertex 8.91924 18.4192 3
      vertex 11.3219 25.8817 3
      vertex 11.1617 25.8579 3
    endloop
  endfacet
  facet normal -0 0 1
    outer loop
      vertex 9.12583 -18.15 3
      vertex 11.7778 -26.0448 3
      vertex 9.2557 -17.8365 3
    endloop
  endfacet
  facet normal 0 0 1
    outer loop
      vertex 8.91924 18.4192 3
      vertex 11.1617 25.8579 3
      vertex 11 25.85 3
    endloop
  endfacet
  facet normal 0 0 1
    outer loop
      vertex 11.7778 -26.0448 3
      vertex 9.12583 -18.15 3
      vertex 11.6314 -25.9756 3
    endloop
  endfacet
  facet normal 0 0 1
    outer loop
      vertex 11.6314 -25.9756 3
      vertex 9.12583 -18.15 3
      vertex 11.479 -25.921 3
    endloop
  endfacet
  facet normal 0 0 1
    outer loop
      vertex 12.1667 26.3333 3
      vertex 9.2557 17.8365 3
      vertex 9.3 17.5 3
    endloop
  endfacet
  facet normal 0 0 1
    outer loop
      vertex 11.7778 26.0448 3
      vertex 9.12583 18.15 3
      vertex 9.2557 17.8365 3
    endloop
  endfacet
  facet normal 0 0 1
    outer loop
      vertex 11.479 25.921 3
      vertex 8.91924 18.4192 3
      vertex 9.12583 18.15 3
    endloop
  endfacet
  facet normal 0 0 1
    outer loop
      vertex 11 25.85 3
      vertex 8.65 18.6258 3
      vertex 8.91924 18.4192 3
    endloop
  endfacet
  facet normal 0 0 1
    outer loop
      vertex 11 25.85 3
      vertex 8.33646 18.7557 3
      vertex 8.65 18.6258 3
    endloop
  endfacet
  facet normal 0 0 1
    outer loop
      vertex 11 25.85 3
      vertex 8 18.8 3
      vertex 8.33646 18.7557 3
    endloop
  endfacet
  facet normal -0 0 1
    outer loop
      vertex 5 25.85 3
      vertex 8 18.8 3
      vertex 11 25.85 3
    endloop
  endfacet
  facet normal 0 0 1
    outer loop
      vertex 8 18.8 3
      vertex 5 25.85 3
      vertex 7.66354 18.7557 3
    endloop
  endfacet
  facet normal 0 0 1
    outer loop
      vertex 7.66354 18.7557 3
      vertex 5 25.85 3
      vertex 7.35 18.6258 3
    endloop
  endfacet
  facet normal 0 0 1
    outer loop
      vertex 7.35 18.6258 3
      vertex 5 25.85 3
      vertex 7.08076 18.4192 3
    endloop
  endfacet
  facet normal 0 0 1
    outer loop
      vertex 7.08076 18.4192 3
      vertex 4.52103 25.921 3
      vertex 6.87417 18.15 3
    endloop
  endfacet
  facet normal 0 0 1
    outer loop
      vertex 4.52103 25.921 3
      vertex 7.08076 18.4192 3
      vertex 4.6781 25.8817 3
    endloop
  endfacet
  facet normal 0 0 1
    outer loop
      vertex 4.6781 25.8817 3
      vertex 7.08076 18.4192 3
      vertex 4.83827 25.8579 3
    endloop
  endfacet
  facet normal 0 0 1
    outer loop
      vertex 4.83827 25.8579 3
      vertex 7.08076 18.4192 3
      vertex 5 25.85 3
    endloop
  endfacet
  facet normal 0 0 1
    outer loop
      vertex 24 33 3
      vertex 27 30 3
      vertex 26.9856 30.2941 3
    endloop
  endfacet
  facet normal 0 0 1
    outer loop
      vertex 24 33 3
      vertex 12.6421 27.3383 3
      vertex 27 30 3
    endloop
  endfacet
  facet normal 0 0 1
    outer loop
      vertex 24 33 3
      vertex 26.9856 30.2941 3
      vertex 26.9424 30.5853 3
    endloop
  endfacet
  facet normal 0 0 1
    outer loop
      vertex 12.6183 27.1781 3
      vertex 27 30 3
      vertex 12.6421 27.3383 3
    endloop
  endfacet
  facet normal 0 0 1
    outer loop
      vertex 24 33 3
      vertex 26.9424 30.5853 3
      vertex 26.8708 30.8709 3
    endloop
  endfacet
  facet normal 0 -0 1
    outer loop
      vertex 24 -33 3
      vertex 27 -30 3
      vertex 12.65 -27.5 3
    endloop
  endfacet
  facet normal 0 0 1
    outer loop
      vertex 24 33 3
      vertex 26.8708 30.8709 3
      vertex 26.7716 31.148 3
    endloop
  endfacet
  facet normal 0 0 1
    outer loop
      vertex 27 -30 3
      vertex 24 -33 3
      vertex 26.9856 -30.2941 3
    endloop
  endfacet
  facet normal 0 0 1
    outer loop
      vertex 24 33 3
      vertex 26.7716 31.148 3
      vertex 26.6458 31.4142 3
    endloop
  endfacet
  facet normal 0 0 1
    outer loop
      vertex 26.9856 -30.2941 3
      vertex 24 -33 3
      vertex 26.9424 -30.5853 3
    endloop
  endfacet
  facet normal 0 0 1
    outer loop
      vertex 24 33 3
      vertex 26.6458 31.4142 3
      vertex 26.4944 31.6667 3
    endloop
  endfacet
  facet normal 0 0 1
    outer loop
      vertex 26.9424 -30.5853 3
      vertex 24 -33 3
      vertex 26.8708 -30.8709 3
    endloop
  endfacet
  facet normal 0 0 1
    outer loop
      vertex 24 33 3
      vertex 26.4944 31.6667 3
      vertex 26.319 31.9032 3
    endloop
  endfacet
  facet normal 0 0 1
    outer loop
      vertex 26.8708 -30.8709 3
      vertex 24 -33 3
      vertex 26.7716 -31.148 3
    endloop
  endfacet
  facet normal 0 0 1
    outer loop
      vertex 24 33 3
      vertex 26.319 31.9032 3
      vertex 26.1213 32.1213 3
    endloop
  endfacet
  facet normal 0 0 1
    outer loop
      vertex 26.7716 -31.148 3
      vertex 24 -33 3
      vertex 26.6458 -31.4142 3
    endloop
  endfacet
  facet normal 0 0 1
    outer loop
      vertex 24 33 3
      vertex 26.1213 32.1213 3
      vertex 25.9032 32.319 3
    endloop
  endfacet
  facet normal 0 0 1
    outer loop
      vertex 26.6458 -31.4142 3
      vertex 24 -33 3
      vertex 26.4944 -31.6667 3
    endloop
  endfacet
  facet normal 0 0 1
    outer loop
      vertex 24 33 3
      vertex 25.9032 32.319 3
      vertex 25.6667 32.4944 3
    endloop
  endfacet
  facet normal 0 0 1
    outer loop
      vertex 26.4944 -31.6667 3
      vertex 24 -33 3
      vertex 26.319 -31.9032 3
    endloop
  endfacet
  facet normal 0 0 1
    outer loop
      vertex 24 33 3
      vertex 25.6667 32.4944 3
      vertex 25.4142 32.6458 3
    endloop
  endfacet
  facet normal 0 0 1
    outer loop
      vertex 26.319 -31.9032 3
      vertex 24 -33 3
      vertex 26.1213 -32.1213 3
    endloop
  endfacet
  facet normal 0 0 1
    outer loop
      vertex 24 33 3
      vertex 25.4142 32.6458 3
      vertex 25.148 32.7716 3
    endloop
  endfacet
  facet normal 0 0 1
    outer loop
      vertex 26.1213 -32.1213 3
      vertex 24 -33 3
      vertex 25.9032 -32.319 3
    endloop
  endfacet
  facet normal 0 0 1
    outer loop
      vertex 24 33 3
      vertex 25.148 32.7716 3
      vertex 24.8709 32.8708 3
    endloop
  endfacet
  facet normal 0 0 1
    outer loop
      vertex 25.9032 -32.319 3
      vertex 24 -33 3
      vertex 25.6667 -32.4944 3
    endloop
  endfacet
  facet normal 0 0 1
    outer loop
      vertex 24 33 3
      vertex 24.8709 32.8708 3
      vertex 24.5853 32.9424 3
    endloop
  endfacet
  facet normal 0 0 1
    outer loop
      vertex 25.6667 -32.4944 3
      vertex 24 -33 3
      vertex 25.4142 -32.6458 3
    endloop
  endfacet
  facet normal 0 0 1
    outer loop
      vertex 24 33 3
      vertex 24.5853 32.9424 3
      vertex 24.2941 32.9856 3
    endloop
  endfacet
  facet normal 0 0 1
    outer loop
      vertex 25.4142 -32.6458 3
      vertex 24 -33 3
      vertex 25.148 -32.7716 3
    endloop
  endfacet
  facet normal 0 0 1
    outer loop
      vertex 12.6421 27.3383 3
      vertex 24 33 3
      vertex 12.65 27.5 3
    endloop
  endfacet
  facet normal 0 0 1
    outer loop
      vertex 25.148 -32.7716 3
      vertex 24 -33 3
      vertex 24.8709 -32.8708 3
    endloop
  endfacet
  facet normal 0 0 1
    outer loop
      vertex 24.8709 -32.8708 3
      vertex 24 -33 3
      vertex 24.5853 -32.9424 3
    endloop
  endfacet
  facet normal 0 0 1
    outer loop
      vertex 24 33 3
      vertex 12.6421 27.6617 3
      vertex 12.65 27.5 3
    endloop
  endfacet
  facet normal 0 0 1
    outer loop
      vertex 24 33 3
      vertex 12.6183 27.8219 3
      vertex 12.6421 27.6617 3
    endloop
  endfacet
  facet normal 0 0 1
    outer loop
      vertex 24 33 3
      vertex 12.579 27.979 3
      vertex 12.6183 27.8219 3
    endloop
  endfacet
  facet normal 0 0 1
    outer loop
      vertex 24 33 3
      vertex 12.5244 28.1314 3
      vertex 12.579 27.979 3
    endloop
  endfacet
  facet normal 0 0 1
    outer loop
      vertex 24 33 3
      vertex 12.4552 28.2778 3
      vertex 12.5244 28.1314 3
    endloop
  endfacet
  facet normal 0 0 1
    outer loop
      vertex 24 33 3
      vertex 12.3719 28.4167 3
      vertex 12.4552 28.2778 3
    endloop
  endfacet
  facet normal 0 0 1
    outer loop
      vertex 24 33 3
      vertex 12.2755 28.5467 3
      vertex 12.3719 28.4167 3
    endloop
  endfacet
  facet normal 0 0 1
    outer loop
      vertex 24 33 3
      vertex 12.1667 28.6667 3
      vertex 12.2755 28.5467 3
    endloop
  endfacet
  facet normal 0 0 1
    outer loop
      vertex 24 33 3
      vertex 12.0467 28.7755 3
      vertex 12.1667 28.6667 3
    endloop
  endfacet
  facet normal 0 0 1
    outer loop
      vertex 24 33 3
      vertex 11.9167 28.8719 3
      vertex 12.0467 28.7755 3
    endloop
  endfacet
  facet normal 0 0 1
    outer loop
      vertex 24 33 3
      vertex 11.7778 28.9552 3
      vertex 11.9167 28.8719 3
    endloop
  endfacet
  facet normal 0 0 1
    outer loop
      vertex 24 33 3
      vertex 11.6314 29.0244 3
      vertex 11.7778 28.9552 3
    endloop
  endfacet
  facet normal 0 0 1
    outer loop
      vertex 24 33 3
      vertex 11.479 29.079 3
      vertex 11.6314 29.0244 3
    endloop
  endfacet
  facet normal 0 0 1
    outer loop
      vertex 24 33 3
      vertex 11.3219 29.1183 3
      vertex 11.479 29.079 3
    endloop
  endfacet
  facet normal 0 0 1
    outer loop
      vertex 24 33 3
      vertex 11.1617 29.1421 3
      vertex 11.3219 29.1183 3
    endloop
  endfacet
  facet normal 0 0 1
    outer loop
      vertex 24 33 3
      vertex 11 29.15 3
      vertex 11.1617 29.1421 3
    endloop
  endfacet
  facet normal -0 0 1
    outer loop
      vertex -4.75 33 3
      vertex 11 29.15 3
      vertex 24 33 3
    endloop
  endfacet
  facet normal 0 0 1
    outer loop
      vertex 11 29.15 3
      vertex -4.75 33 3
      vertex 5 29.15 3
    endloop
  endfacet
  facet normal 0 0 1
    outer loop
      vertex 5 29.15 3
      vertex -4.75 33 3
      vertex 4.83827 29.1421 3
    endloop
  endfacet
  facet normal 0 0 1
    outer loop
      vertex 7.66354 16.2443 3
      vertex 2.63896 3.94948 3
      vertex 3.01337 3.6718 3
    endloop
  endfacet
  facet normal 0 0 1
    outer loop
      vertex 3.35795 27.3383 3
      vertex 2.23913 4.18913 3
      vertex 2.63896 3.94948 3
    endloop
  endfacet
  facet normal 0 0 1
    outer loop
      vertex 3.35795 27.3383 3
      vertex 1.81775 4.38843 3
      vertex 2.23913 4.18913 3
    endloop
  endfacet
  facet normal 0 0 1
    outer loop
      vertex -4.75 33 3
      vertex 3.35 27.5 3
      vertex 3.35795 27.6617 3
    endloop
  endfacet
  facet normal 0 0 1
    outer loop
      vertex 3.35795 27.3383 3
      vertex 1.37885 4.54547 3
      vertex 1.81775 4.38843 3
    endloop
  endfacet
  facet normal 0 0 1
    outer loop
      vertex 3.35795 27.3383 3
      vertex 0.926679 4.65873 3
      vertex 1.37885 4.54547 3
    endloop
  endfacet
  facet normal 0 0 1
    outer loop
      vertex 3.35795 27.3383 3
      vertex 0.465581 4.72713 3
      vertex 0.926679 4.65873 3
    endloop
  endfacet
  facet normal 0 0 1
    outer loop
      vertex 3.35795 27.3383 3
      vertex 0 4.75 3
      vertex 0.465581 4.72713 3
    endloop
  endfacet
  facet normal 0 0 1
    outer loop
      vertex 3.35795 27.3383 3
      vertex -0.465581 4.72713 3
      vertex 0 4.75 3
    endloop
  endfacet
  facet normal 0 0 1
    outer loop
      vertex -4.75 33 3
      vertex 3.35795 27.6617 3
      vertex 3.3817 27.8219 3
    endloop
  endfacet
  facet normal 0 0 1
    outer loop
      vertex 3.35795 27.3383 3
      vertex -0.926679 4.65873 3
      vertex -0.465581 4.72713 3
    endloop
  endfacet
  facet normal 0 0 1
    outer loop
      vertex 3.35795 27.3383 3
      vertex -1.37885 4.54547 3
      vertex -0.926679 4.65873 3
    endloop
  endfacet
  facet normal 0 0 1
    outer loop
      vertex 3.35795 27.3383 3
      vertex -7.75 30 3
      vertex -1.37885 4.54547 3
    endloop
  endfacet
  facet normal 0 0 1
    outer loop
      vertex -1.37885 4.54547 3
      vertex -7.75 30 3
      vertex -1.81775 4.38843 3
    endloop
  endfacet
  facet normal 0 0 1
    outer loop
      vertex -1.81775 4.38843 3
      vertex -7.75 30 3
      vertex -2.23913 4.18913 3
    endloop
  endfacet
  facet normal 0 0 1
    outer loop
      vertex -4.75 33 3
      vertex 3.3817 27.8219 3
      vertex 3.42105 27.979 3
    endloop
  endfacet
  facet normal 0 0 1
    outer loop
      vertex -2.23913 4.18913 3
      vertex -7.75 30 3
      vertex -2.63896 3.94948 3
    endloop
  endfacet
  facet normal 0 0 1
    outer loop
      vertex -2.63896 3.94948 3
      vertex -7.75 30 3
      vertex -3.01337 3.6718 3
    endloop
  endfacet
  facet normal 0 0 1
    outer loop
      vertex -3.01337 3.6718 3
      vertex -7.75 30 3
      vertex -3.35876 3.35876 3
    endloop
  endfacet
  facet normal 0 0 1
    outer loop
      vertex -3.35876 3.35876 3
      vertex -7.75 30 3
      vertex -3.6718 3.01337 3
    endloop
  endfacet
  facet normal 0 0 1
    outer loop
      vertex -3.6718 3.01337 3
      vertex -7.75 30 3
      vertex -3.94948 2.63896 3
    endloop
  endfacet
  facet normal 0 0 1
    outer loop
      vertex -3.94948 2.63896 3
      vertex -7.75 30 3
      vertex -4.18913 2.23913 3
    endloop
  endfacet
  facet normal 0 0 1
    outer loop
      vertex -4.18913 2.23913 3
      vertex -7.75 30 3
      vertex -4.38843 1.81775 3
    endloop
  endfacet
  facet normal 0 0 1
    outer loop
      vertex 4.83827 29.1421 3
      vertex -4.75 33 3
      vertex 4.6781 29.1183 3
    endloop
  endfacet
  facet normal 0 0 1
    outer loop
      vertex -4.75 33 3
      vertex 4.52103 29.079 3
      vertex 4.6781 29.1183 3
    endloop
  endfacet
  facet normal 0 0 1
    outer loop
      vertex -4.75 33 3
      vertex 4.36857 29.0244 3
      vertex 4.52103 29.079 3
    endloop
  endfacet
  facet normal 0 0 1
    outer loop
      vertex -4.75 33 3
      vertex 4.2222 28.9552 3
      vertex 4.36857 29.0244 3
    endloop
  endfacet
  facet normal 0 0 1
    outer loop
      vertex -4.75 33 3
      vertex 4.08331 28.8719 3
      vertex 4.2222 28.9552 3
    endloop
  endfacet
  facet normal 0 0 1
    outer loop
      vertex -4.75 33 3
      vertex 3.95325 28.7755 3
      vertex 4.08331 28.8719 3
    endloop
  endfacet
  facet normal 0 0 1
    outer loop
      vertex -4.75 33 3
      vertex 3.83327 28.6667 3
      vertex 3.95325 28.7755 3
    endloop
  endfacet
  facet normal 0 0 1
    outer loop
      vertex -4.75 33 3
      vertex 3.72453 28.5467 3
      vertex 3.83327 28.6667 3
    endloop
  endfacet
  facet normal 0 0 1
    outer loop
      vertex -4.75 33 3
      vertex 3.62808 28.4167 3
      vertex 3.72453 28.5467 3
    endloop
  endfacet
  facet normal 0 0 1
    outer loop
      vertex -4.75 33 3
      vertex 3.54483 28.2778 3
      vertex 3.62808 28.4167 3
    endloop
  endfacet
  facet normal 0 0 1
    outer loop
      vertex -4.75 33 3
      vertex 3.4756 28.1314 3
      vertex 3.54483 28.2778 3
    endloop
  endfacet
  facet normal 0 0 1
    outer loop
      vertex -4.75 33 3
      vertex 3.42105 27.979 3
      vertex 3.4756 28.1314 3
    endloop
  endfacet
  facet normal 0 0 1
    outer loop
      vertex 3.35 27.5 3
      vertex -4.75 33 3
      vertex -7.75 30 3
    endloop
  endfacet
  facet normal 0 0 1
    outer loop
      vertex -4.38843 1.81775 3
      vertex -7.75 30 3
      vertex -4.54547 1.37885 3
    endloop
  endfacet
  facet normal 0 0 1
    outer loop
      vertex -4.54547 1.37885 3
      vertex -7.75 30 3
      vertex -4.65873 0.926679 3
    endloop
  endfacet
  facet normal 0 0 1
    outer loop
      vertex -4.65873 0.926679 3
      vertex -7.75 30 3
      vertex -4.72713 0.465581 3
    endloop
  endfacet
  facet normal 0 0 1
    outer loop
      vertex -4.72713 0.465581 3
      vertex -7.75 30 3
      vertex -4.75 0 3
    endloop
  endfacet
  facet normal 0 0 1
    outer loop
      vertex -7.75 30 3
      vertex -4.75 33 3
      vertex -5.04405 32.9856 3
    endloop
  endfacet
  facet normal 0 0 1
    outer loop
      vertex -7.75 -30 3
      vertex -4.75 0 3
      vertex -7.75 30 3
    endloop
  endfacet
  facet normal 0 0 1
    outer loop
      vertex -7.75 30 3
      vertex -5.04405 32.9856 3
      vertex -5.33527 32.9424 3
    endloop
  endfacet
  facet normal 0 0 1
    outer loop
      vertex -4.75 0 3
      vertex -7.75 -30 3
      vertex -4.75 -33 3
    endloop
  endfacet
  facet normal 0 0 1
    outer loop
      vertex -7.75 30 3
      vertex -5.33527 32.9424 3
      vertex -5.62085 32.8708 3
    endloop
  endfacet
  facet normal 0 0 1
    outer loop
      vertex -4.75 -33 3
      vertex -7.75 -30 3
      vertex -5.04405 -32.9856 3
    endloop
  endfacet
  facet normal 0 0 1
    outer loop
      vertex -7.75 30 3
      vertex -5.62085 32.8708 3
      vertex -5.89805 32.7716 3
    endloop
  endfacet
  facet normal 0 0 1
    outer loop
      vertex -5.04405 -32.9856 3
      vertex -7.75 -30 3
      vertex -5.33527 -32.9424 3
    endloop
  endfacet
  facet normal 0 0 1
    outer loop
      vertex -7.75 30 3
      vertex -5.89805 32.7716 3
      vertex -6.16419 32.6458 3
    endloop
  endfacet
  facet normal 0 0 1
    outer loop
      vertex -5.33527 -32.9424 3
      vertex -7.75 -30 3
      vertex -5.62085 -32.8708 3
    endloop
  endfacet
  facet normal 0 0 1
    outer loop
      vertex -7.75 30 3
      vertex -6.16419 32.6458 3
      vertex -6.41671 32.4944 3
    endloop
  endfacet
  facet normal 0 0 1
    outer loop
      vertex -5.62085 -32.8708 3
      vertex -7.75 -30 3
      vertex -5.89805 -32.7716 3
    endloop
  endfacet
  facet normal 0 0 1
    outer loop
      vertex -7.75 30 3
      vertex -6.41671 32.4944 3
      vertex -6.65318 32.319 3
    endloop
  endfacet
  facet normal 0 0 1
    outer loop
      vertex -5.89805 -32.7716 3
      vertex -7.75 -30 3
      vertex -6.16419 -32.6458 3
    endloop
  endfacet
  facet normal 0 0 1
    outer loop
      vertex -7.75 30 3
      vertex -6.65318 32.319 3
      vertex -6.87132 32.1213 3
    endloop
  endfacet
  facet normal 0 0 1
    outer loop
      vertex -6.16419 -32.6458 3
      vertex -7.75 -30 3
      vertex -6.41671 -32.4944 3
    endloop
  endfacet
  facet normal 0 0 1
    outer loop
      vertex -7.75 30 3
      vertex -6.87132 32.1213 3
      vertex -7.06903 31.9032 3
    endloop
  endfacet
  facet normal 0 0 1
    outer loop
      vertex -6.41671 -32.4944 3
      vertex -7.75 -30 3
      vertex -6.65318 -32.319 3
    endloop
  endfacet
  facet normal 0 0 1
    outer loop
      vertex -7.75 30 3
      vertex -7.06903 31.9032 3
      vertex -7.24441 31.6667 3
    endloop
  endfacet
  facet normal 0 0 1
    outer loop
      vertex -6.65318 -32.319 3
      vertex -7.75 -30 3
      vertex -6.87132 -32.1213 3
    endloop
  endfacet
  facet normal 0 0 1
    outer loop
      vertex -7.75 30 3
      vertex -7.24441 31.6667 3
      vertex -7.39576 31.4142 3
    endloop
  endfacet
  facet normal 0 0 1
    outer loop
      vertex -6.87132 -32.1213 3
      vertex -7.75 -30 3
      vertex -7.06903 -31.9032 3
    endloop
  endfacet
  facet normal 0 0 1
    outer loop
      vertex -7.75 30 3
      vertex -7.39576 31.4142 3
      vertex -7.52164 31.148 3
    endloop
  endfacet
  facet normal 0 0 1
    outer loop
      vertex -7.06903 -31.9032 3
      vertex -7.75 -30 3
      vertex -7.24441 -31.6667 3
    endloop
  endfacet
  facet normal 0 0 1
    outer loop
      vertex -7.75 30 3
      vertex -7.52164 31.148 3
      vertex -7.62082 30.8709 3
    endloop
  endfacet
  facet normal 0 0 1
    outer loop
      vertex -7.24441 -31.6667 3
      vertex -7.75 -30 3
      vertex -7.39576 -31.4142 3
    endloop
  endfacet
  facet normal 0 0 1
    outer loop
      vertex -7.75 30 3
      vertex -7.62082 30.8709 3
      vertex -7.69236 30.5853 3
    endloop
  endfacet
  facet normal 0 0 1
    outer loop
      vertex -7.39576 -31.4142 3
      vertex -7.75 -30 3
      vertex -7.52164 -31.148 3
    endloop
  endfacet
  facet normal 0 0 1
    outer loop
      vertex -7.75 30 3
      vertex -7.69236 30.5853 3
      vertex -7.73555 30.2941 3
    endloop
  endfacet
  facet normal 0 0 1
    outer loop
      vertex -7.52164 -31.148 3
      vertex -7.75 -30 3
      vertex -7.62082 -30.8709 3
    endloop
  endfacet
  facet normal 0 0 1
    outer loop
      vertex -7.62082 -30.8709 3
      vertex -7.75 -30 3
      vertex -7.69236 -30.5853 3
    endloop
  endfacet
  facet normal 0 0 1
    outer loop
      vertex -7.69236 -30.5853 3
      vertex -7.75 -30 3
      vertex -7.73555 -30.2941 3
    endloop
  endfacet
  facet normal 0 0 1
    outer loop
      vertex 24.5853 -32.9424 3
      vertex 24 -33 3
      vertex 24.2941 -32.9856 3
    endloop
  endfacet
  facet normal -0 0 1
    outer loop
      vertex 12.6421 -27.6617 3
      vertex 24 -33 3
      vertex 12.65 -27.5 3
    endloop
  endfacet
  facet normal -0 0 1
    outer loop
      vertex 12.6183 -27.8219 3
      vertex 24 -33 3
      vertex 12.6421 -27.6617 3
    endloop
  endfacet
  facet normal -0 0 1
    outer loop
      vertex 12.579 -27.979 3
      vertex 24 -33 3
      vertex 12.6183 -27.8219 3
    endloop
  endfacet
  facet normal -0 0 1
    outer loop
      vertex 12.5244 -28.1314 3
      vertex 24 -33 3
      vertex 12.579 -27.979 3
    endloop
  endfacet
  facet normal -0 0 1
    outer loop
      vertex 12.4552 -28.2778 3
      vertex 24 -33 3
      vertex 12.5244 -28.1314 3
    endloop
  endfacet
  facet normal -0 0 1
    outer loop
      vertex 12.3719 -28.4167 3
      vertex 24 -33 3
      vertex 12.4552 -28.2778 3
    endloop
  endfacet
  facet normal -0 0 1
    outer loop
      vertex 12.2755 -28.5467 3
      vertex 24 -33 3
      vertex 12.3719 -28.4167 3
    endloop
  endfacet
  facet normal -0 0 1
    outer loop
      vertex 12.1667 -28.6667 3
      vertex 24 -33 3
      vertex 12.2755 -28.5467 3
    endloop
  endfacet
  facet normal -0 0 1
    outer loop
      vertex 12.0467 -28.7755 3
      vertex 24 -33 3
      vertex 12.1667 -28.6667 3
    endloop
  endfacet
  facet normal -0 0 1
    outer loop
      vertex 11.9167 -28.8719 3
      vertex 24 -33 3
      vertex 12.0467 -28.7755 3
    endloop
  endfacet
  facet normal -0 0 1
    outer loop
      vertex 11.7778 -28.9552 3
      vertex 24 -33 3
      vertex 11.9167 -28.8719 3
    endloop
  endfacet
  facet normal -0 0 1
    outer loop
      vertex 11.6314 -29.0244 3
      vertex 24 -33 3
      vertex 11.7778 -28.9552 3
    endloop
  endfacet
  facet normal -0 0 1
    outer loop
      vertex 11.479 -29.079 3
      vertex 24 -33 3
      vertex 11.6314 -29.0244 3
    endloop
  endfacet
  facet normal -0 0 1
    outer loop
      vertex 11.3219 -29.1183 3
      vertex 24 -33 3
      vertex 11.479 -29.079 3
    endloop
  endfacet
  facet normal -0 0 1
    outer loop
      vertex 11.1617 -29.1421 3
      vertex 24 -33 3
      vertex 11.3219 -29.1183 3
    endloop
  endfacet
  facet normal -0 0 1
    outer loop
      vertex 11 -29.15 3
      vertex 24 -33 3
      vertex 11.1617 -29.1421 3
    endloop
  endfacet
  facet normal 0 0 1
    outer loop
      vertex -4.75 -33 3
      vertex 11 -29.15 3
      vertex 5 -29.15 3
    endloop
  endfacet
  facet normal 0 0 1
    outer loop
      vertex -4.75 -33 3
      vertex 5 -29.15 3
      vertex 4.83827 -29.1421 3
    endloop
  endfacet
  facet normal 0 0 1
    outer loop
      vertex -4.75 -33 3
      vertex 4.83827 -29.1421 3
      vertex 4.6781 -29.1183 3
    endloop
  endfacet
  facet normal 0 0 1
    outer loop
      vertex -1.81775 -4.38843 3
      vertex 6.7 -17.5 3
      vertex -1.37885 -4.54547 3
    endloop
  endfacet
  facet normal 0 0 1
    outer loop
      vertex 6.7 -17.5 3
      vertex 3.83327 -26.3333 3
      vertex 3.95325 -26.2245 3
    endloop
  endfacet
  facet normal 0 0 1
    outer loop
      vertex 6.7 -17.5 3
      vertex 3.72453 -26.4533 3
      vertex 3.83327 -26.3333 3
    endloop
  endfacet
  facet normal 0 0 1
    outer loop
      vertex 6.7 -17.5 3
      vertex -1.81775 -4.38843 3
      vertex 3.72453 -26.4533 3
    endloop
  endfacet
  facet normal 0 0 1
    outer loop
      vertex 3.72453 -26.4533 3
      vertex -1.81775 -4.38843 3
      vertex 3.62808 -26.5833 3
    endloop
  endfacet
  facet normal 0 0 1
    outer loop
      vertex -2.23913 -4.18913 3
      vertex 3.62808 -26.5833 3
      vertex -1.81775 -4.38843 3
    endloop
  endfacet
  facet normal 0 0 1
    outer loop
      vertex -4.75 -33 3
      vertex 3.62808 -26.5833 3
      vertex -2.23913 -4.18913 3
    endloop
  endfacet
  facet normal 0 0 1
    outer loop
      vertex 3.62808 -26.5833 3
      vertex -4.75 -33 3
      vertex 3.54483 -26.7222 3
    endloop
  endfacet
  facet normal 0 0 1
    outer loop
      vertex 3.54483 -26.7222 3
      vertex -4.75 -33 3
      vertex 3.4756 -26.8686 3
    endloop
  endfacet
  facet normal 0 0 1
    outer loop
      vertex 3.4756 -26.8686 3
      vertex -4.75 -33 3
      vertex 3.42105 -27.021 3
    endloop
  endfacet
  facet normal 0 0 1
    outer loop
      vertex 3.42105 -27.021 3
      vertex -4.75 -33 3
      vertex 3.3817 -27.1781 3
    endloop
  endfacet
  facet normal 0 0 1
    outer loop
      vertex 3.3817 -27.1781 3
      vertex -4.75 -33 3
      vertex 3.35795 -27.3383 3
    endloop
  endfacet
  facet normal 0 0 1
    outer loop
      vertex 3.35795 -27.3383 3
      vertex -4.75 -33 3
      vertex 3.35 -27.5 3
    endloop
  endfacet
  facet normal 0 0 1
    outer loop
      vertex 3.35 -27.5 3
      vertex -4.75 -33 3
      vertex 3.35795 -27.6617 3
    endloop
  endfacet
  facet normal 0 0 1
    outer loop
      vertex -4.75 -33 3
      vertex -2.23913 -4.18913 3
      vertex -2.63896 -3.94948 3
    endloop
  endfacet
  facet normal 0 0 1
    outer loop
      vertex 3.35795 -27.6617 3
      vertex -4.75 -33 3
      vertex 3.3817 -27.8219 3
    endloop
  endfacet
  facet normal 0 0 1
    outer loop
      vertex -4.75 -33 3
      vertex -2.63896 -3.94948 3
      vertex -3.01337 -3.6718 3
    endloop
  endfacet
  facet normal 0 0 1
    outer loop
      vertex -4.75 -33 3
      vertex -3.01337 -3.6718 3
      vertex -3.35876 -3.35876 3
    endloop
  endfacet
  facet normal 0 0 1
    outer loop
      vertex -4.75 -33 3
      vertex -3.35876 -3.35876 3
      vertex -3.6718 -3.01337 3
    endloop
  endfacet
  facet normal 0 0 1
    outer loop
      vertex -4.75 -33 3
      vertex -3.6718 -3.01337 3
      vertex -3.94948 -2.63896 3
    endloop
  endfacet
  facet normal 0 0 1
    outer loop
      vertex -4.75 -33 3
      vertex -3.94948 -2.63896 3
      vertex -4.18913 -2.23913 3
    endloop
  endfacet
  facet normal 0 0 1
    outer loop
      vertex -4.75 -33 3
      vertex -4.18913 -2.23913 3
      vertex -4.38843 -1.81775 3
    endloop
  endfacet
  facet normal 0 0 1
    outer loop
      vertex -4.75 -33 3
      vertex -4.38843 -1.81775 3
      vertex -4.54547 -1.37885 3
    endloop
  endfacet
  facet normal 0 0 1
    outer loop
      vertex 11 -29.15 3
      vertex -4.75 -33 3
      vertex 24 -33 3
    endloop
  endfacet
  facet normal 0 0 1
    outer loop
      vertex 4.52103 -29.079 3
      vertex -4.75 -33 3
      vertex 4.6781 -29.1183 3
    endloop
  endfacet
  facet normal 0 0 1
    outer loop
      vertex 4.36857 -29.0244 3
      vertex -4.75 -33 3
      vertex 4.52103 -29.079 3
    endloop
  endfacet
  facet normal 0 0 1
    outer loop
      vertex 4.2222 -28.9552 3
      vertex -4.75 -33 3
      vertex 4.36857 -29.0244 3
    endloop
  endfacet
  facet normal 0 0 1
    outer loop
      vertex 4.08331 -28.8719 3
      vertex -4.75 -33 3
      vertex 4.2222 -28.9552 3
    endloop
  endfacet
  facet normal 0 0 1
    outer loop
      vertex 3.95325 -28.7755 3
      vertex -4.75 -33 3
      vertex 4.08331 -28.8719 3
    endloop
  endfacet
  facet normal 0 0 1
    outer loop
      vertex 3.83327 -28.6667 3
      vertex -4.75 -33 3
      vertex 3.95325 -28.7755 3
    endloop
  endfacet
  facet normal 0 0 1
    outer loop
      vertex 3.72453 -28.5467 3
      vertex -4.75 -33 3
      vertex 3.83327 -28.6667 3
    endloop
  endfacet
  facet normal 0 0 1
    outer loop
      vertex 3.62808 -28.4167 3
      vertex -4.75 -33 3
      vertex 3.72453 -28.5467 3
    endloop
  endfacet
  facet normal 0 0 1
    outer loop
      vertex 3.54483 -28.2778 3
      vertex -4.75 -33 3
      vertex 3.62808 -28.4167 3
    endloop
  endfacet
  facet normal 0 0 1
    outer loop
      vertex 3.4756 -28.1314 3
      vertex -4.75 -33 3
      vertex 3.54483 -28.2778 3
    endloop
  endfacet
  facet normal 0 0 1
    outer loop
      vertex 3.42105 -27.979 3
      vertex -4.75 -33 3
      vertex 3.4756 -28.1314 3
    endloop
  endfacet
  facet normal 0 0 1
    outer loop
      vertex 3.3817 -27.8219 3
      vertex -4.75 -33 3
      vertex 3.42105 -27.979 3
    endloop
  endfacet
  facet normal 0 0 1
    outer loop
      vertex -4.65873 -0.926679 3
      vertex -4.75 -33 3
      vertex -4.54547 -1.37885 3
    endloop
  endfacet
  facet normal 0 0 1
    outer loop
      vertex -4.72713 -0.465581 3
      vertex -4.75 -33 3
      vertex -4.65873 -0.926679 3
    endloop
  endfacet
  facet normal 0 0 1
    outer loop
      vertex -4.75 -33 3
      vertex -4.72713 -0.465581 3
      vertex -4.75 0 3
    endloop
  endfacet
  facet normal -0 0 1
    outer loop
      vertex 8.91924 -18.4192 3
      vertex 11.479 -25.921 3
      vertex 9.12583 -18.15 3
    endloop
  endfacet
  facet normal 0 0 1
    outer loop
      vertex 11.479 -25.921 3
      vertex 8.91924 -18.4192 3
      vertex 11.3219 -25.8817 3
    endloop
  endfacet
  facet normal 0 0 1
    outer loop
      vertex 11.3219 -25.8817 3
      vertex 8.91924 -18.4192 3
      vertex 11.1617 -25.8579 3
    endloop
  endfacet
  facet normal 0 0 1
    outer loop
      vertex 11.1617 -25.8579 3
      vertex 8.91924 -18.4192 3
      vertex 11 -25.85 3
    endloop
  endfacet
  facet normal -0 0 1
    outer loop
      vertex 8.65 -18.6258 3
      vertex 11 -25.85 3
      vertex 8.91924 -18.4192 3
    endloop
  endfacet
  facet normal -0 0 1
    outer loop
      vertex 8.33646 -18.7557 3
      vertex 11 -25.85 3
      vertex 8.65 -18.6258 3
    endloop
  endfacet
  facet normal -0 0 1
    outer loop
      vertex 8 -18.8 3
      vertex 11 -25.85 3
      vertex 8.33646 -18.7557 3
    endloop
  endfacet
  facet normal 0 0 1
    outer loop
      vertex 5 -25.85 3
      vertex 8 -18.8 3
      vertex 7.66354 -18.7557 3
    endloop
  endfacet
  facet normal 0 0 1
    outer loop
      vertex 5 -25.85 3
      vertex 7.66354 -18.7557 3
      vertex 7.35 -18.6258 3
    endloop
  endfacet
  facet normal 0 0 1
    outer loop
      vertex 5 -25.85 3
      vertex 7.35 -18.6258 3
      vertex 7.08076 -18.4192 3
    endloop
  endfacet
  facet normal 0 0 1
    outer loop
      vertex 4.83827 -25.8579 3
      vertex 7.08076 -18.4192 3
      vertex 6.87417 -18.15 3
    endloop
  endfacet
  facet normal 0 0 1
    outer loop
      vertex 8 -18.8 3
      vertex 5 -25.85 3
      vertex 11 -25.85 3
    endloop
  endfacet
  facet normal 0 0 1
    outer loop
      vertex 4.83827 -25.8579 3
      vertex 6.87417 -18.15 3
      vertex 6.7443 -17.8365 3
    endloop
  endfacet
  facet normal 0 0 1
    outer loop
      vertex 4.83827 -25.8579 3
      vertex 6.7443 -17.8365 3
      vertex 6.7 -17.5 3
    endloop
  endfacet
  facet normal 0 0 1
    outer loop
      vertex 9.12583 16.85 3
      vertex 4.72713 0.465581 3
      vertex 4.75 0 3
    endloop
  endfacet
  facet normal 0 0 1
    outer loop
      vertex 4.36857 25.9756 3
      vertex 6.87417 18.15 3
      vertex 4.52103 25.921 3
    endloop
  endfacet
  facet normal -0 0 1
    outer loop
      vertex 3.35876 -3.35876 3
      vertex 8.33646 -16.2443 3
      vertex 3.6718 -3.01337 3
    endloop
  endfacet
  facet normal 0 0 1
    outer loop
      vertex 7.08076 -18.4192 3
      vertex 4.83827 -25.8579 3
      vertex 5 -25.85 3
    endloop
  endfacet
  facet normal -0 0 1
    outer loop
      vertex 3.6718 -3.01337 3
      vertex 8.33646 -16.2443 3
      vertex 3.94948 -2.63896 3
    endloop
  endfacet
  facet normal 0 0 1
    outer loop
      vertex 4.2222 26.0448 3
      vertex 6.87417 18.15 3
      vertex 4.36857 25.9756 3
    endloop
  endfacet
  facet normal 0 0 1
    outer loop
      vertex 8.91924 16.5808 3
      vertex 4.65873 0.926679 3
      vertex 4.72713 0.465581 3
    endloop
  endfacet
  facet normal 0 0 1
    outer loop
      vertex 8.91924 16.5808 3
      vertex 4.54547 1.37885 3
      vertex 4.65873 0.926679 3
    endloop
  endfacet
  facet normal 0 0 1
    outer loop
      vertex 6.87417 18.15 3
      vertex 4.2222 26.0448 3
      vertex 6.7443 17.8365 3
    endloop
  endfacet
  facet normal 0 0 1
    outer loop
      vertex 8.65 16.3742 3
      vertex 4.38843 1.81775 3
      vertex 4.54547 1.37885 3
    endloop
  endfacet
  facet normal 0 0 1
    outer loop
      vertex 4.08331 26.1281 3
      vertex 6.7443 17.8365 3
      vertex 4.2222 26.0448 3
    endloop
  endfacet
  facet normal 0 0 1
    outer loop
      vertex 3.95325 26.2245 3
      vertex 6.7443 17.8365 3
      vertex 4.08331 26.1281 3
    endloop
  endfacet
  facet normal 0 0 1
    outer loop
      vertex 8.65 16.3742 3
      vertex 4.18913 2.23913 3
      vertex 4.38843 1.81775 3
    endloop
  endfacet
  facet normal 0 0 1
    outer loop
      vertex 3.83327 26.3333 3
      vertex 6.7443 17.8365 3
      vertex 3.95325 26.2245 3
    endloop
  endfacet
  facet normal 0 0 1
    outer loop
      vertex 6.7443 17.8365 3
      vertex 3.83327 26.3333 3
      vertex 6.7 17.5 3
    endloop
  endfacet
  facet normal 0 0 1
    outer loop
      vertex 8.65 16.3742 3
      vertex 3.94948 2.63896 3
      vertex 4.18913 2.23913 3
    endloop
  endfacet
  facet normal 0 0 1
    outer loop
      vertex 3.72453 26.4533 3
      vertex 6.7 17.5 3
      vertex 3.83327 26.3333 3
    endloop
  endfacet
  facet normal 0 0 1
    outer loop
      vertex 3.62808 26.5833 3
      vertex 6.7 17.5 3
      vertex 3.72453 26.4533 3
    endloop
  endfacet
  facet normal 0 0 1
    outer loop
      vertex 8.33646 16.2443 3
      vertex 3.6718 3.01337 3
      vertex 3.94948 2.63896 3
    endloop
  endfacet
  facet normal 0 0 1
    outer loop
      vertex 6.7 17.5 3
      vertex 3.62808 26.5833 3
      vertex 2.63896 3.94948 3
    endloop
  endfacet
  facet normal 0 0 1
    outer loop
      vertex 2.63896 3.94948 3
      vertex 3.62808 26.5833 3
      vertex 3.54483 26.7222 3
    endloop
  endfacet
  facet normal 0 0 1
    outer loop
      vertex 2.63896 3.94948 3
      vertex 3.54483 26.7222 3
      vertex 3.4756 26.8686 3
    endloop
  endfacet
  facet normal 0 0 1
    outer loop
      vertex 2.63896 3.94948 3
      vertex 3.4756 26.8686 3
      vertex 3.42105 27.021 3
    endloop
  endfacet
  facet normal 0 0 1
    outer loop
      vertex 2.63896 3.94948 3
      vertex 3.42105 27.021 3
      vertex 3.3817 27.1781 3
    endloop
  endfacet
  facet normal 0 0 1
    outer loop
      vertex 8.33646 16.2443 3
      vertex 3.35876 3.35876 3
      vertex 3.6718 3.01337 3
    endloop
  endfacet
  facet normal 0 0 1
    outer loop
      vertex 2.63896 3.94948 3
      vertex 3.3817 27.1781 3
      vertex 3.35795 27.3383 3
    endloop
  endfacet
  facet normal 0 0 1
    outer loop
      vertex -7.75 30 3
      vertex 3.35795 27.3383 3
      vertex 3.35 27.5 3
    endloop
  endfacet
  facet normal 0 0 1
    outer loop
      vertex 8 16.2 3
      vertex 3.01337 3.6718 3
      vertex 3.35876 3.35876 3
    endloop
  endfacet
  facet normal -0.90402 0.427491 0
    outer loop
      vertex -7.52164 31.148 0
      vertex -7.39576 31.4142 3
      vertex -7.39576 31.4142 0
    endloop
  endfacet
  facet normal -0.90402 0.427491 0
    outer loop
      vertex -7.39576 31.4142 3
      vertex -7.52164 31.148 0
      vertex -7.52164 31.148 3
    endloop
  endfacet
  facet normal -0.94151 0.336986 0
    outer loop
      vertex -7.62082 30.8709 0
      vertex -7.52164 31.148 3
      vertex -7.52164 31.148 0
    endloop
  endfacet
  facet normal -0.94151 0.336986 0
    outer loop
      vertex -7.52164 31.148 3
      vertex -7.62082 30.8709 0
      vertex -7.62082 30.8709 3
    endloop
  endfacet
  facet normal -1 0 0
    outer loop
      vertex -7.75 -30 0
      vertex -7.75 30 3
      vertex -7.75 30 0
    endloop
  endfacet
  facet normal -1 -0 0
    outer loop
      vertex -7.75 30 3
      vertex -7.75 -30 0
      vertex -7.75 -30 3
    endloop
  endfacet
  facet normal -0.0489126 -0.998803 0
    outer loop
      vertex -5.04405 -32.9856 0
      vertex -4.75 -33 3
      vertex -5.04405 -32.9856 3
    endloop
  endfacet
  facet normal -0.0489126 -0.998803 -0
    outer loop
      vertex -4.75 -33 3
      vertex -5.04405 -32.9856 0
      vertex -4.75 -33 0
    endloop
  endfacet
  facet normal -0.998795 0.0490738 0
    outer loop
      vertex -7.75 30 0
      vertex -7.73555 30.2941 3
      vertex -7.73555 30.2941 0
    endloop
  endfacet
  facet normal -0.998795 0.0490738 0
    outer loop
      vertex -7.73555 30.2941 3
      vertex -7.75 30 0
      vertex -7.75 30 3
    endloop
  endfacet
  facet normal 0 0 -1
    outer loop
      vertex 8.33646 16.2443 0
      vertex 3.35876 3.35876 0
      vertex 8 16.2 0
    endloop
  endfacet
  facet normal 0 0 -1
    outer loop
      vertex 3.01337 3.6718 0
      vertex 8 16.2 0
      vertex 3.35876 3.35876 0
    endloop
  endfacet
  facet normal -0 0 -1
    outer loop
      vertex 8 16.2 0
      vertex 3.01337 3.6718 0
      vertex 7.66354 16.2443 0
    endloop
  endfacet
  facet normal 0 0 -1
    outer loop
      vertex 2.63896 3.94948 0
      vertex 7.66354 16.2443 0
      vertex 3.01337 3.6718 0
    endloop
  endfacet
  facet normal 0 0 -1
    outer loop
      vertex 2.23913 4.18913 0
      vertex 7.66354 16.2443 0
      vertex 2.63896 3.94948 0
    endloop
  endfacet
  facet normal -0 0 -1
    outer loop
      vertex 7.66354 16.2443 0
      vertex 2.23913 4.18913 0
      vertex 7.35 16.3742 0
    endloop
  endfacet
  facet normal 0 0 -1
    outer loop
      vertex 1.81775 4.38843 0
      vertex 7.35 16.3742 0
      vertex 2.23913 4.18913 0
    endloop
  endfacet
  facet normal 0 0 -1
    outer loop
      vertex 1.37885 4.54547 0
      vertex 7.35 16.3742 0
      vertex 1.81775 4.38843 0
    endloop
  endfacet
  facet normal -0 0 -1
    outer loop
      vertex 7.35 16.3742 0
      vertex 1.37885 4.54547 0
      vertex 7.08076 16.5808 0
    endloop
  endfacet
  facet normal 0 0 -1
    outer loop
      vertex 0.926679 4.65873 0
      vertex 7.08076 16.5808 0
      vertex 1.37885 4.54547 0
    endloop
  endfacet
  facet normal 0 0 -1
    outer loop
      vertex 0.465581 4.72713 0
      vertex 7.08076 16.5808 0
      vertex 0.926679 4.65873 0
    endloop
  endfacet
  facet normal -0 0 -1
    outer loop
      vertex 7.08076 16.5808 0
      vertex 0.465581 4.72713 0
      vertex 6.87417 16.85 0
    endloop
  endfacet
  facet normal 0 0 -1
    outer loop
      vertex 0 4.75 0
      vertex 6.87417 16.85 0
      vertex 0.465581 4.72713 0
    endloop
  endfacet
  facet normal 0 0 -1
    outer loop
      vertex -0.465581 4.72713 0
      vertex 6.87417 16.85 0
      vertex 0 4.75 0
    endloop
  endfacet
  facet normal 0 0 -1
    outer loop
      vertex 6.7 17.5 0
      vertex 4.6781 25.8817 0
      vertex 4.83827 25.8579 0
    endloop
  endfacet
  facet normal -0 0 -1
    outer loop
      vertex 6.87417 16.85 0
      vertex -0.465581 4.72713 0
      vertex 6.7443 17.1635 0
    endloop
  endfacet
  facet normal 0 0 -1
    outer loop
      vertex 6.7 17.5 0
      vertex 4.52103 25.921 0
      vertex 4.6781 25.8817 0
    endloop
  endfacet
  facet normal 0 0 -1
    outer loop
      vertex 6.7 17.5 0
      vertex 4.36857 25.9756 0
      vertex 4.52103 25.921 0
    endloop
  endfacet
  facet normal 0 0 -1
    outer loop
      vertex -0.926679 4.65873 0
      vertex 6.7443 17.1635 0
      vertex -0.465581 4.72713 0
    endloop
  endfacet
  facet normal 0 0 -1
    outer loop
      vertex 6.7 17.5 0
      vertex 4.2222 26.0448 0
      vertex 4.36857 25.9756 0
    endloop
  endfacet
  facet normal 0 0 -1
    outer loop
      vertex -1.37885 4.54547 0
      vertex 6.7443 17.1635 0
      vertex -0.926679 4.65873 0
    endloop
  endfacet
  facet normal 0 0 -1
    outer loop
      vertex 6.7 17.5 0
      vertex 4.08331 26.1281 0
      vertex 4.2222 26.0448 0
    endloop
  endfacet
  facet normal -0 0 -1
    outer loop
      vertex 6.7443 17.1635 0
      vertex -1.37885 4.54547 0
      vertex 6.7 17.5 0
    endloop
  endfacet
  facet normal 0 0 -1
    outer loop
      vertex 6.7 17.5 0
      vertex 3.95325 26.2245 0
      vertex 4.08331 26.1281 0
    endloop
  endfacet
  facet normal 0 0 -1
    outer loop
      vertex 4.75 0 0
      vertex 27 -30 0
      vertex 9.12583 -16.85 0
    endloop
  endfacet
  facet normal 0 0 -1
    outer loop
      vertex 27 30 0
      vertex 9.2557 17.1635 0
      vertex 9.3 17.5 0
    endloop
  endfacet
  facet normal 0 0 -1
    outer loop
      vertex 27 -30 0
      vertex 4.75 0 0
      vertex 27 30 0
    endloop
  endfacet
  facet normal 0 0 -1
    outer loop
      vertex 27 30 0
      vertex 9.12583 16.85 0
      vertex 9.2557 17.1635 0
    endloop
  endfacet
  facet normal 0 0 -1
    outer loop
      vertex 4.72713 -0.465581 0
      vertex 9.12583 -16.85 0
      vertex 8.91924 -16.5808 0
    endloop
  endfacet
  facet normal 0 0 -1
    outer loop
      vertex 27 30 0
      vertex 4.75 0 0
      vertex 9.12583 16.85 0
    endloop
  endfacet
  facet normal 0 0 -1
    outer loop
      vertex 4.54547 -1.37885 0
      vertex 8.91924 -16.5808 0
      vertex 8.65 -16.3742 0
    endloop
  endfacet
  facet normal 0 0 -1
    outer loop
      vertex 4.72713 0.465581 0
      vertex 9.12583 16.85 0
      vertex 4.75 0 0
    endloop
  endfacet
  facet normal 0 0 -1
    outer loop
      vertex 3.94948 -2.63896 0
      vertex 8.65 -16.3742 0
      vertex 8.33646 -16.2443 0
    endloop
  endfacet
  facet normal 0 0 -1
    outer loop
      vertex 9.12583 16.85 0
      vertex 4.72713 0.465581 0
      vertex 8.91924 16.5808 0
    endloop
  endfacet
  facet normal 0 0 -1
    outer loop
      vertex 3.35876 -3.35876 0
      vertex 8.33646 -16.2443 0
      vertex 8 -16.2 0
    endloop
  endfacet
  facet normal 0 0 -1
    outer loop
      vertex 4.65873 0.926679 0
      vertex 8.91924 16.5808 0
      vertex 4.72713 0.465581 0
    endloop
  endfacet
  facet normal 0 0 -1
    outer loop
      vertex 3.01337 -3.6718 0
      vertex 8 -16.2 0
      vertex 7.66354 -16.2443 0
    endloop
  endfacet
  facet normal 0 0 -1
    outer loop
      vertex 4.54547 1.37885 0
      vertex 8.91924 16.5808 0
      vertex 4.65873 0.926679 0
    endloop
  endfacet
  facet normal 0 0 -1
    outer loop
      vertex 2.63896 -3.94948 0
      vertex 7.66354 -16.2443 0
      vertex 7.35 -16.3742 0
    endloop
  endfacet
  facet normal 0 0 -1
    outer loop
      vertex 8.91924 16.5808 0
      vertex 4.54547 1.37885 0
      vertex 8.65 16.3742 0
    endloop
  endfacet
  facet normal 0 0 -1
    outer loop
      vertex 2.63896 -3.94948 0
      vertex 7.35 -16.3742 0
      vertex 7.08076 -16.5808 0
    endloop
  endfacet
  facet normal 0 0 -1
    outer loop
      vertex 4.38843 1.81775 0
      vertex 8.65 16.3742 0
      vertex 4.54547 1.37885 0
    endloop
  endfacet
  facet normal 0 0 -1
    outer loop
      vertex 2.63896 -3.94948 0
      vertex 7.08076 -16.5808 0
      vertex 6.87417 -16.85 0
    endloop
  endfacet
  facet normal 0 0 -1
    outer loop
      vertex 4.18913 2.23913 0
      vertex 8.65 16.3742 0
      vertex 4.38843 1.81775 0
    endloop
  endfacet
  facet normal 0 0 -1
    outer loop
      vertex 2.63896 -3.94948 0
      vertex 6.87417 -16.85 0
      vertex 6.7443 -17.1635 0
    endloop
  endfacet
  facet normal 0 0 -1
    outer loop
      vertex 3.94948 2.63896 0
      vertex 8.65 16.3742 0
      vertex 4.18913 2.23913 0
    endloop
  endfacet
  facet normal 0 0 -1
    outer loop
      vertex 2.63896 -3.94948 0
      vertex 6.7443 -17.1635 0
      vertex 6.7 -17.5 0
    endloop
  endfacet
  facet normal 0 0 -1
    outer loop
      vertex 8.65 16.3742 0
      vertex 3.94948 2.63896 0
      vertex 8.33646 16.2443 0
    endloop
  endfacet
  facet normal 0 0 -1
    outer loop
      vertex 12.579 -27.021 0
      vertex 27 -30 0
      vertex 12.6183 -27.1781 0
    endloop
  endfacet
  facet normal 0 0 -1
    outer loop
      vertex 27 30 0
      vertex 12.6421 27.3383 0
      vertex 12.65 27.5 0
    endloop
  endfacet
  facet normal 0 0 -1
    outer loop
      vertex 12.5244 -26.8686 0
      vertex 27 -30 0
      vertex 12.579 -27.021 0
    endloop
  endfacet
  facet normal 0 0 -1
    outer loop
      vertex 27 30 0
      vertex 12.6183 27.1781 0
      vertex 12.6421 27.3383 0
    endloop
  endfacet
  facet normal 0 0 -1
    outer loop
      vertex 12.4552 -26.7222 0
      vertex 27 -30 0
      vertex 12.5244 -26.8686 0
    endloop
  endfacet
  facet normal 0 0 -1
    outer loop
      vertex 27 30 0
      vertex 12.579 27.021 0
      vertex 12.6183 27.1781 0
    endloop
  endfacet
  facet normal 0 0 -1
    outer loop
      vertex 9.2557 -17.1635 0
      vertex 27 -30 0
      vertex 9.3 -17.5 0
    endloop
  endfacet
  facet normal 0 0 -1
    outer loop
      vertex 27 30 0
      vertex 12.5244 26.8686 0
      vertex 12.579 27.021 0
    endloop
  endfacet
  facet normal 0 0 -1
    outer loop
      vertex 12.3719 -26.5833 0
      vertex 27 -30 0
      vertex 12.4552 -26.7222 0
    endloop
  endfacet
  facet normal 0 0 -1
    outer loop
      vertex 9.12583 -16.85 0
      vertex 27 -30 0
      vertex 9.2557 -17.1635 0
    endloop
  endfacet
  facet normal 0 0 -1
    outer loop
      vertex 12.2755 -26.4533 0
      vertex 27 -30 0
      vertex 12.3719 -26.5833 0
    endloop
  endfacet
  facet normal 0 -0 -1
    outer loop
      vertex 12.2755 26.4533 0
      vertex 27 30 0
      vertex 9.3 17.5 0
    endloop
  endfacet
  facet normal 0 0 -1
    outer loop
      vertex 27 -30 0
      vertex 12.2755 -26.4533 0
      vertex 9.3 -17.5 0
    endloop
  endfacet
  facet normal 0 0 -1
    outer loop
      vertex 27 30 0
      vertex 12.4552 26.7222 0
      vertex 12.5244 26.8686 0
    endloop
  endfacet
  facet normal 0 0 -1
    outer loop
      vertex 9.3 -17.5 0
      vertex 12.2755 -26.4533 0
      vertex 12.1667 -26.3333 0
    endloop
  endfacet
  facet normal 0 0 -1
    outer loop
      vertex 27 30 0
      vertex 12.3719 26.5833 0
      vertex 12.4552 26.7222 0
    endloop
  endfacet
  facet normal 0 0 -1
    outer loop
      vertex 9.2557 -17.8365 0
      vertex 12.1667 -26.3333 0
      vertex 12.0467 -26.2245 0
    endloop
  endfacet
  facet normal 0 0 -1
    outer loop
      vertex 27 30 0
      vertex 12.2755 26.4533 0
      vertex 12.3719 26.5833 0
    endloop
  endfacet
  facet normal 0 0 -1
    outer loop
      vertex 9.2557 -17.8365 0
      vertex 12.0467 -26.2245 0
      vertex 11.9167 -26.1281 0
    endloop
  endfacet
  facet normal 0 0 -1
    outer loop
      vertex 12.2755 26.4533 0
      vertex 9.3 17.5 0
      vertex 12.1667 26.3333 0
    endloop
  endfacet
  facet normal 0 0 -1
    outer loop
      vertex 9.2557 -17.8365 0
      vertex 11.9167 -26.1281 0
      vertex 11.7778 -26.0448 0
    endloop
  endfacet
  facet normal 0 0 -1
    outer loop
      vertex 9.2557 17.8365 0
      vertex 12.1667 26.3333 0
      vertex 9.3 17.5 0
    endloop
  endfacet
  facet normal 0 0 -1
    outer loop
      vertex 9.12583 -18.15 0
      vertex 11.7778 -26.0448 0
      vertex 11.6314 -25.9756 0
    endloop
  endfacet
  facet normal 0 0 -1
    outer loop
      vertex 12.1667 26.3333 0
      vertex 9.2557 17.8365 0
      vertex 12.0467 26.2245 0
    endloop
  endfacet
  facet normal 0 0 -1
    outer loop
      vertex 9.12583 -18.15 0
      vertex 11.6314 -25.9756 0
      vertex 11.479 -25.921 0
    endloop
  endfacet
  facet normal 0 0 -1
    outer loop
      vertex 12.0467 26.2245 0
      vertex 9.2557 17.8365 0
      vertex 11.9167 26.1281 0
    endloop
  endfacet
  facet normal 0 0 -1
    outer loop
      vertex 8.91924 -18.4192 0
      vertex 11.479 -25.921 0
      vertex 11.3219 -25.8817 0
    endloop
  endfacet
  facet normal 0 0 -1
    outer loop
      vertex 11.9167 26.1281 0
      vertex 9.2557 17.8365 0
      vertex 11.7778 26.0448 0
    endloop
  endfacet
  facet normal 0 0 -1
    outer loop
      vertex 8.91924 -18.4192 0
      vertex 11.3219 -25.8817 0
      vertex 11.1617 -25.8579 0
    endloop
  endfacet
  facet normal 0 0 -1
    outer loop
      vertex 9.12583 18.15 0
      vertex 11.7778 26.0448 0
      vertex 9.2557 17.8365 0
    endloop
  endfacet
  facet normal 0 0 -1
    outer loop
      vertex 8.91924 -18.4192 0
      vertex 11.1617 -25.8579 0
      vertex 11 -25.85 0
    endloop
  endfacet
  facet normal 0 0 -1
    outer loop
      vertex 11.7778 26.0448 0
      vertex 9.12583 18.15 0
      vertex 11.6314 25.9756 0
    endloop
  endfacet
  facet normal 0 0 -1
    outer loop
      vertex 11.6314 25.9756 0
      vertex 9.12583 18.15 0
      vertex 11.479 25.921 0
    endloop
  endfacet
  facet normal 0 0 -1
    outer loop
      vertex 12.1667 -26.3333 0
      vertex 9.2557 -17.8365 0
      vertex 9.3 -17.5 0
    endloop
  endfacet
  facet normal 0 0 -1
    outer loop
      vertex 11.7778 -26.0448 0
      vertex 9.12583 -18.15 0
      vertex 9.2557 -17.8365 0
    endloop
  endfacet
  facet normal 0 0 -1
    outer loop
      vertex 11.479 -25.921 0
      vertex 8.91924 -18.4192 0
      vertex 9.12583 -18.15 0
    endloop
  endfacet
  facet normal 0 0 -1
    outer loop
      vertex 11 -25.85 0
      vertex 8.65 -18.6258 0
      vertex 8.91924 -18.4192 0
    endloop
  endfacet
  facet normal 0 0 -1
    outer loop
      vertex 11 -25.85 0
      vertex 8.33646 -18.7557 0
      vertex 8.65 -18.6258 0
    endloop
  endfacet
  facet normal 0 0 -1
    outer loop
      vertex 11 -25.85 0
      vertex 8 -18.8 0
      vertex 8.33646 -18.7557 0
    endloop
  endfacet
  facet normal 0 0 -1
    outer loop
      vertex 5 -25.85 0
      vertex 8 -18.8 0
      vertex 11 -25.85 0
    endloop
  endfacet
  facet normal -0 0 -1
    outer loop
      vertex 8 -18.8 0
      vertex 5 -25.85 0
      vertex 7.66354 -18.7557 0
    endloop
  endfacet
  facet normal -0 0 -1
    outer loop
      vertex 7.66354 -18.7557 0
      vertex 5 -25.85 0
      vertex 7.35 -18.6258 0
    endloop
  endfacet
  facet normal -0 0 -1
    outer loop
      vertex 7.35 -18.6258 0
      vertex 5 -25.85 0
      vertex 7.08076 -18.4192 0
    endloop
  endfacet
  facet normal -0 0 -1
    outer loop
      vertex 7.08076 -18.4192 0
      vertex 4.52103 -25.921 0
      vertex 6.87417 -18.15 0
    endloop
  endfacet
  facet normal 0 0 -1
    outer loop
      vertex 4.52103 -25.921 0
      vertex 7.08076 -18.4192 0
      vertex 4.6781 -25.8817 0
    endloop
  endfacet
  facet normal 0 0 -1
    outer loop
      vertex 4.6781 -25.8817 0
      vertex 7.08076 -18.4192 0
      vertex 4.83827 -25.8579 0
    endloop
  endfacet
  facet normal 0 0 -1
    outer loop
      vertex 4.83827 -25.8579 0
      vertex 7.08076 -18.4192 0
      vertex 5 -25.85 0
    endloop
  endfacet
  facet normal 0 0 -1
    outer loop
      vertex 24 -33 0
      vertex 27 -30 0
      vertex 26.9856 -30.2941 0
    endloop
  endfacet
  facet normal 0 0 -1
    outer loop
      vertex 24 -33 0
      vertex 12.6421 -27.3383 0
      vertex 27 -30 0
    endloop
  endfacet
  facet normal 0 0 -1
    outer loop
      vertex 24 -33 0
      vertex 26.9856 -30.2941 0
      vertex 26.9424 -30.5853 0
    endloop
  endfacet
  facet normal 0 0 -1
    outer loop
      vertex 12.6183 -27.1781 0
      vertex 27 -30 0
      vertex 12.6421 -27.3383 0
    endloop
  endfacet
  facet normal 0 0 -1
    outer loop
      vertex 24 -33 0
      vertex 26.9424 -30.5853 0
      vertex 26.8708 -30.8709 0
    endloop
  endfacet
  facet normal 0 -0 -1
    outer loop
      vertex 24 33 0
      vertex 27 30 0
      vertex 12.65 27.5 0
    endloop
  endfacet
  facet normal 0 0 -1
    outer loop
      vertex 24 -33 0
      vertex 26.8708 -30.8709 0
      vertex 26.7716 -31.148 0
    endloop
  endfacet
  facet normal 0 0 -1
    outer loop
      vertex 27 30 0
      vertex 24 33 0
      vertex 26.9856 30.2941 0
    endloop
  endfacet
  facet normal 0 0 -1
    outer loop
      vertex 24 -33 0
      vertex 26.7716 -31.148 0
      vertex 26.6458 -31.4142 0
    endloop
  endfacet
  facet normal 0 0 -1
    outer loop
      vertex 26.9856 30.2941 0
      vertex 24 33 0
      vertex 26.9424 30.5853 0
    endloop
  endfacet
  facet normal 0 0 -1
    outer loop
      vertex 24 -33 0
      vertex 26.6458 -31.4142 0
      vertex 26.4944 -31.6667 0
    endloop
  endfacet
  facet normal 0 0 -1
    outer loop
      vertex 26.9424 30.5853 0
      vertex 24 33 0
      vertex 26.8708 30.8709 0
    endloop
  endfacet
  facet normal 0 0 -1
    outer loop
      vertex 24 -33 0
      vertex 26.4944 -31.6667 0
      vertex 26.319 -31.9032 0
    endloop
  endfacet
  facet normal 0 0 -1
    outer loop
      vertex 26.8708 30.8709 0
      vertex 24 33 0
      vertex 26.7716 31.148 0
    endloop
  endfacet
  facet normal 0 0 -1
    outer loop
      vertex 24 -33 0
      vertex 26.319 -31.9032 0
      vertex 26.1213 -32.1213 0
    endloop
  endfacet
  facet normal 0 0 -1
    outer loop
      vertex 26.7716 31.148 0
      vertex 24 33 0
      vertex 26.6458 31.4142 0
    endloop
  endfacet
  facet normal 0 0 -1
    outer loop
      vertex 24 -33 0
      vertex 26.1213 -32.1213 0
      vertex 25.9032 -32.319 0
    endloop
  endfacet
  facet normal 0 0 -1
    outer loop
      vertex 26.6458 31.4142 0
      vertex 24 33 0
      vertex 26.4944 31.6667 0
    endloop
  endfacet
  facet normal 0 0 -1
    outer loop
      vertex 24 -33 0
      vertex 25.9032 -32.319 0
      vertex 25.6667 -32.4944 0
    endloop
  endfacet
  facet normal 0 0 -1
    outer loop
      vertex 26.4944 31.6667 0
      vertex 24 33 0
      vertex 26.319 31.9032 0
    endloop
  endfacet
  facet normal 0 0 -1
    outer loop
      vertex 24 -33 0
      vertex 25.6667 -32.4944 0
      vertex 25.4142 -32.6458 0
    endloop
  endfacet
  facet normal 0 0 -1
    outer loop
      vertex 26.319 31.9032 0
      vertex 24 33 0
      vertex 26.1213 32.1213 0
    endloop
  endfacet
  facet normal 0 0 -1
    outer loop
      vertex 24 -33 0
      vertex 25.4142 -32.6458 0
      vertex 25.148 -32.7716 0
    endloop
  endfacet
  facet normal 0 0 -1
    outer loop
      vertex 26.1213 32.1213 0
      vertex 24 33 0
      vertex 25.9032 32.319 0
    endloop
  endfacet
  facet normal 0 0 -1
    outer loop
      vertex 24 -33 0
      vertex 25.148 -32.7716 0
      vertex 24.8709 -32.8708 0
    endloop
  endfacet
  facet normal 0 0 -1
    outer loop
      vertex 25.9032 32.319 0
      vertex 24 33 0
      vertex 25.6667 32.4944 0
    endloop
  endfacet
  facet normal 0 0 -1
    outer loop
      vertex 24 -33 0
      vertex 24.8709 -32.8708 0
      vertex 24.5853 -32.9424 0
    endloop
  endfacet
  facet normal 0 0 -1
    outer loop
      vertex 25.6667 32.4944 0
      vertex 24 33 0
      vertex 25.4142 32.6458 0
    endloop
  endfacet
  facet normal 0 0 -1
    outer loop
      vertex 24 -33 0
      vertex 24.5853 -32.9424 0
      vertex 24.2941 -32.9856 0
    endloop
  endfacet
  facet normal 0 0 -1
    outer loop
      vertex 25.4142 32.6458 0
      vertex 24 33 0
      vertex 25.148 32.7716 0
    endloop
  endfacet
  facet normal 0 0 -1
    outer loop
      vertex 12.6421 -27.3383 0
      vertex 24 -33 0
      vertex 12.65 -27.5 0
    endloop
  endfacet
  facet normal 0 0 -1
    outer loop
      vertex 25.148 32.7716 0
      vertex 24 33 0
      vertex 24.8709 32.8708 0
    endloop
  endfacet
  facet normal 0 0 -1
    outer loop
      vertex 24.8709 32.8708 0
      vertex 24 33 0
      vertex 24.5853 32.9424 0
    endloop
  endfacet
  facet normal 0 0 -1
    outer loop
      vertex 24 -33 0
      vertex 12.6421 -27.6617 0
      vertex 12.65 -27.5 0
    endloop
  endfacet
  facet normal 0 0 -1
    outer loop
      vertex 24 -33 0
      vertex 12.6183 -27.8219 0
      vertex 12.6421 -27.6617 0
    endloop
  endfacet
  facet normal 0 0 -1
    outer loop
      vertex 24 -33 0
      vertex 12.579 -27.979 0
      vertex 12.6183 -27.8219 0
    endloop
  endfacet
  facet normal 0 0 -1
    outer loop
      vertex 24 -33 0
      vertex 12.5244 -28.1314 0
      vertex 12.579 -27.979 0
    endloop
  endfacet
  facet normal 0 0 -1
    outer loop
      vertex 24 -33 0
      vertex 12.4552 -28.2778 0
      vertex 12.5244 -28.1314 0
    endloop
  endfacet
  facet normal 0 0 -1
    outer loop
      vertex 24 -33 0
      vertex 12.3719 -28.4167 0
      vertex 12.4552 -28.2778 0
    endloop
  endfacet
  facet normal 0 0 -1
    outer loop
      vertex 24 -33 0
      vertex 12.2755 -28.5467 0
      vertex 12.3719 -28.4167 0
    endloop
  endfacet
  facet normal 0 0 -1
    outer loop
      vertex 24 -33 0
      vertex 12.1667 -28.6667 0
      vertex 12.2755 -28.5467 0
    endloop
  endfacet
  facet normal 0 0 -1
    outer loop
      vertex 24 -33 0
      vertex 12.0467 -28.7755 0
      vertex 12.1667 -28.6667 0
    endloop
  endfacet
  facet normal 0 0 -1
    outer loop
      vertex 24 -33 0
      vertex 11.9167 -28.8719 0
      vertex 12.0467 -28.7755 0
    endloop
  endfacet
  facet normal 0 0 -1
    outer loop
      vertex 24 -33 0
      vertex 11.7778 -28.9552 0
      vertex 11.9167 -28.8719 0
    endloop
  endfacet
  facet normal 0 0 -1
    outer loop
      vertex 24 -33 0
      vertex 11.6314 -29.0244 0
      vertex 11.7778 -28.9552 0
    endloop
  endfacet
  facet normal 0 0 -1
    outer loop
      vertex 24 -33 0
      vertex 11.479 -29.079 0
      vertex 11.6314 -29.0244 0
    endloop
  endfacet
  facet normal 0 0 -1
    outer loop
      vertex 24 -33 0
      vertex 11.3219 -29.1183 0
      vertex 11.479 -29.079 0
    endloop
  endfacet
  facet normal 0 0 -1
    outer loop
      vertex 24 -33 0
      vertex 11.1617 -29.1421 0
      vertex 11.3219 -29.1183 0
    endloop
  endfacet
  facet normal 0 0 -1
    outer loop
      vertex 24 -33 0
      vertex 11 -29.15 0
      vertex 11.1617 -29.1421 0
    endloop
  endfacet
  facet normal 0 0 -1
    outer loop
      vertex -4.75 -33 0
      vertex 11 -29.15 0
      vertex 24 -33 0
    endloop
  endfacet
  facet normal -0 0 -1
    outer loop
      vertex 11 -29.15 0
      vertex -4.75 -33 0
      vertex 5 -29.15 0
    endloop
  endfacet
  facet normal -0 0 -1
    outer loop
      vertex 5 -29.15 0
      vertex -4.75 -33 0
      vertex 4.83827 -29.1421 0
    endloop
  endfacet
  facet normal 0 0 -1
    outer loop
      vertex 7.66354 -16.2443 0
      vertex 2.63896 -3.94948 0
      vertex 3.01337 -3.6718 0
    endloop
  endfacet
  facet normal 0 0 -1
    outer loop
      vertex 3.35795 -27.3383 0
      vertex 2.23913 -4.18913 0
      vertex 2.63896 -3.94948 0
    endloop
  endfacet
  facet normal 0 0 -1
    outer loop
      vertex 3.35795 -27.3383 0
      vertex 1.81775 -4.38843 0
      vertex 2.23913 -4.18913 0
    endloop
  endfacet
  facet normal 0 0 -1
    outer loop
      vertex -4.75 -33 0
      vertex 3.35 -27.5 0
      vertex 3.35795 -27.6617 0
    endloop
  endfacet
  facet normal 0 0 -1
    outer loop
      vertex 3.35795 -27.3383 0
      vertex 1.37885 -4.54547 0
      vertex 1.81775 -4.38843 0
    endloop
  endfacet
  facet normal 0 0 -1
    outer loop
      vertex 3.35795 -27.3383 0
      vertex 0.926679 -4.65873 0
      vertex 1.37885 -4.54547 0
    endloop
  endfacet
  facet normal 0 0 -1
    outer loop
      vertex 3.35795 -27.3383 0
      vertex 0.465581 -4.72713 0
      vertex 0.926679 -4.65873 0
    endloop
  endfacet
  facet normal 0 0 -1
    outer loop
      vertex 3.35795 -27.3383 0
      vertex 0 -4.75 0
      vertex 0.465581 -4.72713 0
    endloop
  endfacet
  facet normal 0 0 -1
    outer loop
      vertex 3.35795 -27.3383 0
      vertex -0.465581 -4.72713 0
      vertex 0 -4.75 0
    endloop
  endfacet
  facet normal 0 0 -1
    outer loop
      vertex -4.75 -33 0
      vertex 3.35795 -27.6617 0
      vertex 3.3817 -27.8219 0
    endloop
  endfacet
  facet normal 0 0 -1
    outer loop
      vertex 3.35795 -27.3383 0
      vertex -0.926679 -4.65873 0
      vertex -0.465581 -4.72713 0
    endloop
  endfacet
  facet normal 0 0 -1
    outer loop
      vertex 3.35795 -27.3383 0
      vertex -1.37885 -4.54547 0
      vertex -0.926679 -4.65873 0
    endloop
  endfacet
  facet normal -0 0 -1
    outer loop
      vertex 3.35795 -27.3383 0
      vertex -7.75 -30 0
      vertex -1.37885 -4.54547 0
    endloop
  endfacet
  facet normal -0 0 -1
    outer loop
      vertex -1.37885 -4.54547 0
      vertex -7.75 -30 0
      vertex -1.81775 -4.38843 0
    endloop
  endfacet
  facet normal -0 0 -1
    outer loop
      vertex -1.81775 -4.38843 0
      vertex -7.75 -30 0
      vertex -2.23913 -4.18913 0
    endloop
  endfacet
  facet normal 0 0 -1
    outer loop
      vertex -4.75 -33 0
      vertex 3.3817 -27.8219 0
      vertex 3.42105 -27.979 0
    endloop
  endfacet
  facet normal -0 0 -1
    outer loop
      vertex -2.23913 -4.18913 0
      vertex -7.75 -30 0
      vertex -2.63896 -3.94948 0
    endloop
  endfacet
  facet normal -0 0 -1
    outer loop
      vertex -2.63896 -3.94948 0
      vertex -7.75 -30 0
      vertex -3.01337 -3.6718 0
    endloop
  endfacet
  facet normal -0 0 -1
    outer loop
      vertex -3.01337 -3.6718 0
      vertex -7.75 -30 0
      vertex -3.35876 -3.35876 0
    endloop
  endfacet
  facet normal -0 0 -1
    outer loop
      vertex -3.35876 -3.35876 0
      vertex -7.75 -30 0
      vertex -3.6718 -3.01337 0
    endloop
  endfacet
  facet normal -0 0 -1
    outer loop
      vertex -3.6718 -3.01337 0
      vertex -7.75 -30 0
      vertex -3.94948 -2.63896 0
    endloop
  endfacet
  facet normal -0 0 -1
    outer loop
      vertex -3.94948 -2.63896 0
      vertex -7.75 -30 0
      vertex -4.18913 -2.23913 0
    endloop
  endfacet
  facet normal -0 0 -1
    outer loop
      vertex -4.18913 -2.23913 0
      vertex -7.75 -30 0
      vertex -4.38843 -1.81775 0
    endloop
  endfacet
  facet normal -0 0 -1
    outer loop
      vertex 4.83827 -29.1421 0
      vertex -4.75 -33 0
      vertex 4.6781 -29.1183 0
    endloop
  endfacet
  facet normal 0 0 -1
    outer loop
      vertex -4.75 -33 0
      vertex 4.52103 -29.079 0
      vertex 4.6781 -29.1183 0
    endloop
  endfacet
  facet normal 0 0 -1
    outer loop
      vertex -4.75 -33 0
      vertex 4.36857 -29.0244 0
      vertex 4.52103 -29.079 0
    endloop
  endfacet
  facet normal 0 0 -1
    outer loop
      vertex -4.75 -33 0
      vertex 4.2222 -28.9552 0
      vertex 4.36857 -29.0244 0
    endloop
  endfacet
  facet normal 0 0 -1
    outer loop
      vertex -4.75 -33 0
      vertex 4.08331 -28.8719 0
      vertex 4.2222 -28.9552 0
    endloop
  endfacet
  facet normal 0 0 -1
    outer loop
      vertex -4.75 -33 0
      vertex 3.95325 -28.7755 0
      vertex 4.08331 -28.8719 0
    endloop
  endfacet
  facet normal 0 0 -1
    outer loop
      vertex -4.75 -33 0
      vertex 3.83327 -28.6667 0
      vertex 3.95325 -28.7755 0
    endloop
  endfacet
  facet normal 0 0 -1
    outer loop
      vertex -4.75 -33 0
      vertex 3.72453 -28.5467 0
      vertex 3.83327 -28.6667 0
    endloop
  endfacet
  facet normal 0 0 -1
    outer loop
      vertex -4.75 -33 0
      vertex 3.62808 -28.4167 0
      vertex 3.72453 -28.5467 0
    endloop
  endfacet
  facet normal 0 0 -1
    outer loop
      vertex -4.75 -33 0
      vertex 3.54483 -28.2778 0
      vertex 3.62808 -28.4167 0
    endloop
  endfacet
  facet normal 0 0 -1
    outer loop
      vertex -4.75 -33 0
      vertex 3.4756 -28.1314 0
      vertex 3.54483 -28.2778 0
    endloop
  endfacet
  facet normal 0 0 -1
    outer loop
      vertex -4.75 -33 0
      vertex 3.42105 -27.979 0
      vertex 3.4756 -28.1314 0
    endloop
  endfacet
  facet normal 0 0 -1
    outer loop
      vertex 3.35 -27.5 0
      vertex -4.75 -33 0
      vertex -7.75 -30 0
    endloop
  endfacet
  facet normal -0 0 -1
    outer loop
      vertex -4.38843 -1.81775 0
      vertex -7.75 -30 0
      vertex -4.54547 -1.37885 0
    endloop
  endfacet
  facet normal -0 0 -1
    outer loop
      vertex -4.54547 -1.37885 0
      vertex -7.75 -30 0
      vertex -4.65873 -0.926679 0
    endloop
  endfacet
  facet normal -0 0 -1
    outer loop
      vertex -4.65873 -0.926679 0
      vertex -7.75 -30 0
      vertex -4.72713 -0.465581 0
    endloop
  endfacet
  facet normal -0 0 -1
    outer loop
      vertex -4.72713 -0.465581 0
      vertex -7.75 -30 0
      vertex -4.75 0 0
    endloop
  endfacet
  facet normal 0 0 -1
    outer loop
      vertex -7.75 -30 0
      vertex -4.75 -33 0
      vertex -5.04405 -32.9856 0
    endloop
  endfacet
  facet normal 0 0 -1
    outer loop
      vertex -7.75 30 0
      vertex -4.75 0 0
      vertex -7.75 -30 0
    endloop
  endfacet
  facet normal 0 0 -1
    outer loop
      vertex -7.75 -30 0
      vertex -5.04405 -32.9856 0
      vertex -5.33527 -32.9424 0
    endloop
  endfacet
  facet normal 0 0 -1
    outer loop
      vertex -4.75 0 0
      vertex -7.75 30 0
      vertex -4.75 33 0
    endloop
  endfacet
  facet normal 0 0 -1
    outer loop
      vertex -7.75 -30 0
      vertex -5.33527 -32.9424 0
      vertex -5.62085 -32.8708 0
    endloop
  endfacet
  facet normal 0 0 -1
    outer loop
      vertex -4.75 33 0
      vertex -7.75 30 0
      vertex -5.04405 32.9856 0
    endloop
  endfacet
  facet normal 0 0 -1
    outer loop
      vertex -7.75 -30 0
      vertex -5.62085 -32.8708 0
      vertex -5.89805 -32.7716 0
    endloop
  endfacet
  facet normal 0 0 -1
    outer loop
      vertex -5.04405 32.9856 0
      vertex -7.75 30 0
      vertex -5.33527 32.9424 0
    endloop
  endfacet
  facet normal 0 0 -1
    outer loop
      vertex -7.75 -30 0
      vertex -5.89805 -32.7716 0
      vertex -6.16419 -32.6458 0
    endloop
  endfacet
  facet normal 0 0 -1
    outer loop
      vertex -5.33527 32.9424 0
      vertex -7.75 30 0
      vertex -5.62085 32.8708 0
    endloop
  endfacet
  facet normal 0 0 -1
    outer loop
      vertex -7.75 -30 0
      vertex -6.16419 -32.6458 0
      vertex -6.41671 -32.4944 0
    endloop
  endfacet
  facet normal 0 0 -1
    outer loop
      vertex -5.62085 32.8708 0
      vertex -7.75 30 0
      vertex -5.89805 32.7716 0
    endloop
  endfacet
  facet normal 0 0 -1
    outer loop
      vertex -7.75 -30 0
      vertex -6.41671 -32.4944 0
      vertex -6.65318 -32.319 0
    endloop
  endfacet
  facet normal 0 0 -1
    outer loop
      vertex -5.89805 32.7716 0
      vertex -7.75 30 0
      vertex -6.16419 32.6458 0
    endloop
  endfacet
  facet normal 0 0 -1
    outer loop
      vertex -7.75 -30 0
      vertex -6.65318 -32.319 0
      vertex -6.87132 -32.1213 0
    endloop
  endfacet
  facet normal 0 0 -1
    outer loop
      vertex -6.16419 32.6458 0
      vertex -7.75 30 0
      vertex -6.41671 32.4944 0
    endloop
  endfacet
  facet normal 0 0 -1
    outer loop
      vertex -7.75 -30 0
      vertex -6.87132 -32.1213 0
      vertex -7.06903 -31.9032 0
    endloop
  endfacet
  facet normal 0 0 -1
    outer loop
      vertex -6.41671 32.4944 0
      vertex -7.75 30 0
      vertex -6.65318 32.319 0
    endloop
  endfacet
  facet normal 0 0 -1
    outer loop
      vertex -7.75 -30 0
      vertex -7.06903 -31.9032 0
      vertex -7.24441 -31.6667 0
    endloop
  endfacet
  facet normal 0 0 -1
    outer loop
      vertex -6.65318 32.319 0
      vertex -7.75 30 0
      vertex -6.87132 32.1213 0
    endloop
  endfacet
  facet normal 0 0 -1
    outer loop
      vertex -7.75 -30 0
      vertex -7.24441 -31.6667 0
      vertex -7.39576 -31.4142 0
    endloop
  endfacet
  facet normal 0 0 -1
    outer loop
      vertex -6.87132 32.1213 0
      vertex -7.75 30 0
      vertex -7.06903 31.9032 0
    endloop
  endfacet
  facet normal 0 0 -1
    outer loop
      vertex -7.75 -30 0
      vertex -7.39576 -31.4142 0
      vertex -7.52164 -31.148 0
    endloop
  endfacet
  facet normal 0 0 -1
    outer loop
      vertex -7.06903 31.9032 0
      vertex -7.75 30 0
      vertex -7.24441 31.6667 0
    endloop
  endfacet
  facet normal 0 0 -1
    outer loop
      vertex -7.75 -30 0
      vertex -7.52164 -31.148 0
      vertex -7.62082 -30.8709 0
    endloop
  endfacet
  facet normal 0 0 -1
    outer loop
      vertex -7.24441 31.6667 0
      vertex -7.75 30 0
      vertex -7.39576 31.4142 0
    endloop
  endfacet
  facet normal 0 0 -1
    outer loop
      vertex -7.75 -30 0
      vertex -7.62082 -30.8709 0
      vertex -7.69236 -30.5853 0
    endloop
  endfacet
  facet normal 0 0 -1
    outer loop
      vertex -7.39576 31.4142 0
      vertex -7.75 30 0
      vertex -7.52164 31.148 0
    endloop
  endfacet
  facet normal 0 0 -1
    outer loop
      vertex -7.75 -30 0
      vertex -7.69236 -30.5853 0
      vertex -7.73555 -30.2941 0
    endloop
  endfacet
  facet normal 0 0 -1
    outer loop
      vertex -7.52164 31.148 0
      vertex -7.75 30 0
      vertex -7.62082 30.8709 0
    endloop
  endfacet
  facet normal 0 0 -1
    outer loop
      vertex -7.62082 30.8709 0
      vertex -7.75 30 0
      vertex -7.69236 30.5853 0
    endloop
  endfacet
  facet normal 0 0 -1
    outer loop
      vertex -7.69236 30.5853 0
      vertex -7.75 30 0
      vertex -7.73555 30.2941 0
    endloop
  endfacet
  facet normal 0 0 -1
    outer loop
      vertex 24.5853 32.9424 0
      vertex 24 33 0
      vertex 24.2941 32.9856 0
    endloop
  endfacet
  facet normal 0 0 -1
    outer loop
      vertex 12.6421 27.6617 0
      vertex 24 33 0
      vertex 12.65 27.5 0
    endloop
  endfacet
  facet normal 0 0 -1
    outer loop
      vertex 12.6183 27.8219 0
      vertex 24 33 0
      vertex 12.6421 27.6617 0
    endloop
  endfacet
  facet normal 0 0 -1
    outer loop
      vertex 12.579 27.979 0
      vertex 24 33 0
      vertex 12.6183 27.8219 0
    endloop
  endfacet
  facet normal 0 0 -1
    outer loop
      vertex 12.5244 28.1314 0
      vertex 24 33 0
      vertex 12.579 27.979 0
    endloop
  endfacet
  facet normal 0 0 -1
    outer loop
      vertex 12.4552 28.2778 0
      vertex 24 33 0
      vertex 12.5244 28.1314 0
    endloop
  endfacet
  facet normal 0 0 -1
    outer loop
      vertex 12.3719 28.4167 0
      vertex 24 33 0
      vertex 12.4552 28.2778 0
    endloop
  endfacet
  facet normal 0 0 -1
    outer loop
      vertex 12.2755 28.5467 0
      vertex 24 33 0
      vertex 12.3719 28.4167 0
    endloop
  endfacet
  facet normal 0 0 -1
    outer loop
      vertex 12.1667 28.6667 0
      vertex 24 33 0
      vertex 12.2755 28.5467 0
    endloop
  endfacet
  facet normal 0 0 -1
    outer loop
      vertex 12.0467 28.7755 0
      vertex 24 33 0
      vertex 12.1667 28.6667 0
    endloop
  endfacet
  facet normal 0 0 -1
    outer loop
      vertex 11.9167 28.8719 0
      vertex 24 33 0
      vertex 12.0467 28.7755 0
    endloop
  endfacet
  facet normal 0 0 -1
    outer loop
      vertex 11.7778 28.9552 0
      vertex 24 33 0
      vertex 11.9167 28.8719 0
    endloop
  endfacet
  facet normal 0 0 -1
    outer loop
      vertex 11.6314 29.0244 0
      vertex 24 33 0
      vertex 11.7778 28.9552 0
    endloop
  endfacet
  facet normal 0 0 -1
    outer loop
      vertex 11.479 29.079 0
      vertex 24 33 0
      vertex 11.6314 29.0244 0
    endloop
  endfacet
  facet normal 0 0 -1
    outer loop
      vertex 11.3219 29.1183 0
      vertex 24 33 0
      vertex 11.479 29.079 0
    endloop
  endfacet
  facet normal 0 0 -1
    outer loop
      vertex 11.1617 29.1421 0
      vertex 24 33 0
      vertex 11.3219 29.1183 0
    endloop
  endfacet
  facet normal 0 0 -1
    outer loop
      vertex 11 29.15 0
      vertex 24 33 0
      vertex 11.1617 29.1421 0
    endloop
  endfacet
  facet normal 0 0 -1
    outer loop
      vertex -4.75 33 0
      vertex 11 29.15 0
      vertex 5 29.15 0
    endloop
  endfacet
  facet normal 0 0 -1
    outer loop
      vertex -4.75 33 0
      vertex 5 29.15 0
      vertex 4.83827 29.1421 0
    endloop
  endfacet
  facet normal 0 0 -1
    outer loop
      vertex -4.75 33 0
      vertex 4.83827 29.1421 0
      vertex 4.6781 29.1183 0
    endloop
  endfacet
  facet normal 0 0 -1
    outer loop
      vertex -1.81775 4.38843 0
      vertex 6.7 17.5 0
      vertex -1.37885 4.54547 0
    endloop
  endfacet
  facet normal 0 0 -1
    outer loop
      vertex 6.7 17.5 0
      vertex 3.83327 26.3333 0
      vertex 3.95325 26.2245 0
    endloop
  endfacet
  facet normal 0 0 -1
    outer loop
      vertex 6.7 17.5 0
      vertex 3.72453 26.4533 0
      vertex 3.83327 26.3333 0
    endloop
  endfacet
  facet normal -0 0 -1
    outer loop
      vertex 6.7 17.5 0
      vertex -1.81775 4.38843 0
      vertex 3.72453 26.4533 0
    endloop
  endfacet
  facet normal -0 0 -1
    outer loop
      vertex 3.72453 26.4533 0
      vertex -1.81775 4.38843 0
      vertex 3.62808 26.5833 0
    endloop
  endfacet
  facet normal 0 0 -1
    outer loop
      vertex -2.23913 4.18913 0
      vertex 3.62808 26.5833 0
      vertex -1.81775 4.38843 0
    endloop
  endfacet
  facet normal 0 0 -1
    outer loop
      vertex -4.75 33 0
      vertex 3.62808 26.5833 0
      vertex -2.23913 4.18913 0
    endloop
  endfacet
  facet normal 0 0 -1
    outer loop
      vertex 3.62808 26.5833 0
      vertex -4.75 33 0
      vertex 3.54483 26.7222 0
    endloop
  endfacet
  facet normal 0 0 -1
    outer loop
      vertex 3.54483 26.7222 0
      vertex -4.75 33 0
      vertex 3.4756 26.8686 0
    endloop
  endfacet
  facet normal 0 0 -1
    outer loop
      vertex 3.4756 26.8686 0
      vertex -4.75 33 0
      vertex 3.42105 27.021 0
    endloop
  endfacet
  facet normal 0 0 -1
    outer loop
      vertex 3.42105 27.021 0
      vertex -4.75 33 0
      vertex 3.3817 27.1781 0
    endloop
  endfacet
  facet normal 0 0 -1
    outer loop
      vertex 3.3817 27.1781 0
      vertex -4.75 33 0
      vertex 3.35795 27.3383 0
    endloop
  endfacet
  facet normal 0 0 -1
    outer loop
      vertex 3.35795 27.3383 0
      vertex -4.75 33 0
      vertex 3.35 27.5 0
    endloop
  endfacet
  facet normal 0 0 -1
    outer loop
      vertex 3.35 27.5 0
      vertex -4.75 33 0
      vertex 3.35795 27.6617 0
    endloop
  endfacet
  facet normal 0 0 -1
    outer loop
      vertex -4.75 33 0
      vertex -2.23913 4.18913 0
      vertex -2.63896 3.94948 0
    endloop
  endfacet
  facet normal 0 0 -1
    outer loop
      vertex 3.35795 27.6617 0
      vertex -4.75 33 0
      vertex 3.3817 27.8219 0
    endloop
  endfacet
  facet normal 0 0 -1
    outer loop
      vertex -4.75 33 0
      vertex -2.63896 3.94948 0
      vertex -3.01337 3.6718 0
    endloop
  endfacet
  facet normal 0 0 -1
    outer loop
      vertex -4.75 33 0
      vertex -3.01337 3.6718 0
      vertex -3.35876 3.35876 0
    endloop
  endfacet
  facet normal 0 0 -1
    outer loop
      vertex -4.75 33 0
      vertex -3.35876 3.35876 0
      vertex -3.6718 3.01337 0
    endloop
  endfacet
  facet normal 0 0 -1
    outer loop
      vertex -4.75 33 0
      vertex -3.6718 3.01337 0
      vertex -3.94948 2.63896 0
    endloop
  endfacet
  facet normal 0 0 -1
    outer loop
      vertex -4.75 33 0
      vertex -3.94948 2.63896 0
      vertex -4.18913 2.23913 0
    endloop
  endfacet
  facet normal 0 0 -1
    outer loop
      vertex -4.75 33 0
      vertex -4.18913 2.23913 0
      vertex -4.38843 1.81775 0
    endloop
  endfacet
  facet normal 0 0 -1
    outer loop
      vertex -4.75 33 0
      vertex -4.38843 1.81775 0
      vertex -4.54547 1.37885 0
    endloop
  endfacet
  facet normal 0 0 -1
    outer loop
      vertex 11 29.15 0
      vertex -4.75 33 0
      vertex 24 33 0
    endloop
  endfacet
  facet normal 0 0 -1
    outer loop
      vertex 4.52103 29.079 0
      vertex -4.75 33 0
      vertex 4.6781 29.1183 0
    endloop
  endfacet
  facet normal 0 0 -1
    outer loop
      vertex 4.36857 29.0244 0
      vertex -4.75 33 0
      vertex 4.52103 29.079 0
    endloop
  endfacet
  facet normal 0 0 -1
    outer loop
      vertex 4.2222 28.9552 0
      vertex -4.75 33 0
      vertex 4.36857 29.0244 0
    endloop
  endfacet
  facet normal 0 0 -1
    outer loop
      vertex 4.08331 28.8719 0
      vertex -4.75 33 0
      vertex 4.2222 28.9552 0
    endloop
  endfacet
  facet normal 0 0 -1
    outer loop
      vertex 3.95325 28.7755 0
      vertex -4.75 33 0
      vertex 4.08331 28.8719 0
    endloop
  endfacet
  facet normal 0 0 -1
    outer loop
      vertex 3.83327 28.6667 0
      vertex -4.75 33 0
      vertex 3.95325 28.7755 0
    endloop
  endfacet
  facet normal 0 0 -1
    outer loop
      vertex 3.72453 28.5467 0
      vertex -4.75 33 0
      vertex 3.83327 28.6667 0
    endloop
  endfacet
  facet normal 0 0 -1
    outer loop
      vertex 3.62808 28.4167 0
      vertex -4.75 33 0
      vertex 3.72453 28.5467 0
    endloop
  endfacet
  facet normal 0 0 -1
    outer loop
      vertex 3.54483 28.2778 0
      vertex -4.75 33 0
      vertex 3.62808 28.4167 0
    endloop
  endfacet
  facet normal 0 0 -1
    outer loop
      vertex 3.4756 28.1314 0
      vertex -4.75 33 0
      vertex 3.54483 28.2778 0
    endloop
  endfacet
  facet normal 0 0 -1
    outer loop
      vertex 3.42105 27.979 0
      vertex -4.75 33 0
      vertex 3.4756 28.1314 0
    endloop
  endfacet
  facet normal 0 0 -1
    outer loop
      vertex 3.3817 27.8219 0
      vertex -4.75 33 0
      vertex 3.42105 27.979 0
    endloop
  endfacet
  facet normal 0 0 -1
    outer loop
      vertex -4.65873 0.926679 0
      vertex -4.75 33 0
      vertex -4.54547 1.37885 0
    endloop
  endfacet
  facet normal 0 0 -1
    outer loop
      vertex -4.72713 0.465581 0
      vertex -4.75 33 0
      vertex -4.65873 0.926679 0
    endloop
  endfacet
  facet normal 0 0 -1
    outer loop
      vertex -4.75 33 0
      vertex -4.72713 0.465581 0
      vertex -4.75 0 0
    endloop
  endfacet
  facet normal 0 0 -1
    outer loop
      vertex 8.91924 18.4192 0
      vertex 11.479 25.921 0
      vertex 9.12583 18.15 0
    endloop
  endfacet
  facet normal 0 0 -1
    outer loop
      vertex 11.479 25.921 0
      vertex 8.91924 18.4192 0
      vertex 11.3219 25.8817 0
    endloop
  endfacet
  facet normal 0 0 -1
    outer loop
      vertex 11.3219 25.8817 0
      vertex 8.91924 18.4192 0
      vertex 11.1617 25.8579 0
    endloop
  endfacet
  facet normal 0 0 -1
    outer loop
      vertex 11.1617 25.8579 0
      vertex 8.91924 18.4192 0
      vertex 11 25.85 0
    endloop
  endfacet
  facet normal 0 0 -1
    outer loop
      vertex 8.65 18.6258 0
      vertex 11 25.85 0
      vertex 8.91924 18.4192 0
    endloop
  endfacet
  facet normal 0 0 -1
    outer loop
      vertex 8.33646 18.7557 0
      vertex 11 25.85 0
      vertex 8.65 18.6258 0
    endloop
  endfacet
  facet normal 0 0 -1
    outer loop
      vertex 8 18.8 0
      vertex 11 25.85 0
      vertex 8.33646 18.7557 0
    endloop
  endfacet
  facet normal 0 0 -1
    outer loop
      vertex 5 25.85 0
      vertex 8 18.8 0
      vertex 7.66354 18.7557 0
    endloop
  endfacet
  facet normal 0 0 -1
    outer loop
      vertex 5 25.85 0
      vertex 7.66354 18.7557 0
      vertex 7.35 18.6258 0
    endloop
  endfacet
  facet normal 0 0 -1
    outer loop
      vertex 5 25.85 0
      vertex 7.35 18.6258 0
      vertex 7.08076 18.4192 0
    endloop
  endfacet
  facet normal 0 0 -1
    outer loop
      vertex 4.83827 25.8579 0
      vertex 7.08076 18.4192 0
      vertex 6.87417 18.15 0
    endloop
  endfacet
  facet normal 0 0 -1
    outer loop
      vertex 8 18.8 0
      vertex 5 25.85 0
      vertex 11 25.85 0
    endloop
  endfacet
  facet normal 0 0 -1
    outer loop
      vertex 4.83827 25.8579 0
      vertex 6.87417 18.15 0
      vertex 6.7443 17.8365 0
    endloop
  endfacet
  facet normal 0 0 -1
    outer loop
      vertex 4.83827 25.8579 0
      vertex 6.7443 17.8365 0
      vertex 6.7 17.5 0
    endloop
  endfacet
  facet normal 0 0 -1
    outer loop
      vertex 9.12583 -16.85 0
      vertex 4.72713 -0.465581 0
      vertex 4.75 0 0
    endloop
  endfacet
  facet normal 0 0 -1
    outer loop
      vertex 4.36857 -25.9756 0
      vertex 6.87417 -18.15 0
      vertex 4.52103 -25.921 0
    endloop
  endfacet
  facet normal 0 0 -1
    outer loop
      vertex 3.35876 3.35876 0
      vertex 8.33646 16.2443 0
      vertex 3.6718 3.01337 0
    endloop
  endfacet
  facet normal 0 0 -1
    outer loop
      vertex 7.08076 18.4192 0
      vertex 4.83827 25.8579 0
      vertex 5 25.85 0
    endloop
  endfacet
  facet normal 0 0 -1
    outer loop
      vertex 3.6718 3.01337 0
      vertex 8.33646 16.2443 0
      vertex 3.94948 2.63896 0
    endloop
  endfacet
  facet normal 0 0 -1
    outer loop
      vertex 4.2222 -26.0448 0
      vertex 6.87417 -18.15 0
      vertex 4.36857 -25.9756 0
    endloop
  endfacet
  facet normal 0 0 -1
    outer loop
      vertex 8.91924 -16.5808 0
      vertex 4.65873 -0.926679 0
      vertex 4.72713 -0.465581 0
    endloop
  endfacet
  facet normal 0 0 -1
    outer loop
      vertex 8.91924 -16.5808 0
      vertex 4.54547 -1.37885 0
      vertex 4.65873 -0.926679 0
    endloop
  endfacet
  facet normal -0 0 -1
    outer loop
      vertex 6.87417 -18.15 0
      vertex 4.2222 -26.0448 0
      vertex 6.7443 -17.8365 0
    endloop
  endfacet
  facet normal 0 0 -1
    outer loop
      vertex 8.65 -16.3742 0
      vertex 4.38843 -1.81775 0
      vertex 4.54547 -1.37885 0
    endloop
  endfacet
  facet normal 0 0 -1
    outer loop
      vertex 4.08331 -26.1281 0
      vertex 6.7443 -17.8365 0
      vertex 4.2222 -26.0448 0
    endloop
  endfacet
  facet normal 0 0 -1
    outer loop
      vertex 3.95325 -26.2245 0
      vertex 6.7443 -17.8365 0
      vertex 4.08331 -26.1281 0
    endloop
  endfacet
  facet normal 0 0 -1
    outer loop
      vertex 8.65 -16.3742 0
      vertex 4.18913 -2.23913 0
      vertex 4.38843 -1.81775 0
    endloop
  endfacet
  facet normal 0 0 -1
    outer loop
      vertex 3.83327 -26.3333 0
      vertex 6.7443 -17.8365 0
      vertex 3.95325 -26.2245 0
    endloop
  endfacet
  facet normal -0 0 -1
    outer loop
      vertex 6.7443 -17.8365 0
      vertex 3.83327 -26.3333 0
      vertex 6.7 -17.5 0
    endloop
  endfacet
  facet normal 0 0 -1
    outer loop
      vertex 8.65 -16.3742 0
      vertex 3.94948 -2.63896 0
      vertex 4.18913 -2.23913 0
    endloop
  endfacet
  facet normal 0 0 -1
    outer loop
      vertex 3.72453 -26.4533 0
      vertex 6.7 -17.5 0
      vertex 3.83327 -26.3333 0
    endloop
  endfacet
  facet normal 0 0 -1
    outer loop
      vertex 3.62808 -26.5833 0
      vertex 6.7 -17.5 0
      vertex 3.72453 -26.4533 0
    endloop
  endfacet
  facet normal 0 0 -1
    outer loop
      vertex 8.33646 -16.2443 0
      vertex 3.6718 -3.01337 0
      vertex 3.94948 -2.63896 0
    endloop
  endfacet
  facet normal -0 0 -1
    outer loop
      vertex 6.7 -17.5 0
      vertex 3.62808 -26.5833 0
      vertex 2.63896 -3.94948 0
    endloop
  endfacet
  facet normal 0 0 -1
    outer loop
      vertex 2.63896 -3.94948 0
      vertex 3.62808 -26.5833 0
      vertex 3.54483 -26.7222 0
    endloop
  endfacet
  facet normal 0 0 -1
    outer loop
      vertex 2.63896 -3.94948 0
      vertex 3.54483 -26.7222 0
      vertex 3.4756 -26.8686 0
    endloop
  endfacet
  facet normal 0 0 -1
    outer loop
      vertex 2.63896 -3.94948 0
      vertex 3.4756 -26.8686 0
      vertex 3.42105 -27.021 0
    endloop
  endfacet
  facet normal 0 0 -1
    outer loop
      vertex 2.63896 -3.94948 0
      vertex 3.42105 -27.021 0
      vertex 3.3817 -27.1781 0
    endloop
  endfacet
  facet normal 0 0 -1
    outer loop
      vertex 8.33646 -16.2443 0
      vertex 3.35876 -3.35876 0
      vertex 3.6718 -3.01337 0
    endloop
  endfacet
  facet normal 0 0 -1
    outer loop
      vertex 2.63896 -3.94948 0
      vertex 3.3817 -27.1781 0
      vertex 3.35795 -27.3383 0
    endloop
  endfacet
  facet normal 0 0 -1
    outer loop
      vertex -7.75 -30 0
      vertex 3.35795 -27.3383 0
      vertex 3.35 -27.5 0
    endloop
  endfacet
  facet normal 0 0 -1
    outer loop
      vertex 8 -16.2 0
      vertex 3.01337 -3.6718 0
      vertex 3.35876 -3.35876 0
    endloop
  endfacet
  facet normal -0.998795 -0.0490738 0
    outer loop
      vertex -7.73555 -30.2941 0
      vertex -7.75 -30 3
      vertex -7.75 -30 0
    endloop
  endfacet
  facet normal -0.998795 -0.0490738 0
    outer loop
      vertex -7.75 -30 3
      vertex -7.73555 -30.2941 0
      vertex -7.73555 -30.2941 3
    endloop
  endfacet
  facet normal 1 -0 0
    outer loop
      vertex 27 -30 3
      vertex 27 30 0
      vertex 27 30 3
    endloop
  endfacet
  facet normal 1 0 0
    outer loop
      vertex 27 30 0
      vertex 27 -30 3
      vertex 27 -30 0
    endloop
  endfacet
  facet normal 0.998803 0.0489044 0
    outer loop
      vertex 27 30 3
      vertex 26.9856 30.2941 0
      vertex 26.9856 30.2941 3
    endloop
  endfacet
  facet normal 0.998803 0.0489044 0
    outer loop
      vertex 26.9856 30.2941 0
      vertex 27 30 3
      vertex 27 30 0
    endloop
  endfacet
  facet normal -0.671539 -0.740969 0
    outer loop
      vertex -6.87132 -32.1213 0
      vertex -6.65318 -32.319 3
      vertex -6.87132 -32.1213 3
    endloop
  endfacet
  facet normal -0.671539 -0.740969 -0
    outer loop
      vertex -6.65318 -32.319 3
      vertex -6.87132 -32.1213 0
      vertex -6.65318 -32.319 0
    endloop
  endfacet
  facet normal 0.671607 -0.740908 0
    outer loop
      vertex 25.9032 -32.319 0
      vertex 26.1213 -32.1213 3
      vertex 25.9032 -32.319 3
    endloop
  endfacet
  facet normal 0.671607 -0.740908 0
    outer loop
      vertex 26.1213 -32.1213 3
      vertex 25.9032 -32.319 0
      vertex 26.1213 -32.1213 0
    endloop
  endfacet
  facet normal 0.904125 -0.427269 0
    outer loop
      vertex 26.6458 -31.4142 3
      vertex 26.7716 -31.148 0
      vertex 26.7716 -31.148 3
    endloop
  endfacet
  facet normal 0.904125 -0.427269 0
    outer loop
      vertex 26.7716 -31.148 0
      vertex 26.6458 -31.4142 3
      vertex 26.6458 -31.4142 0
    endloop
  endfacet
  facet normal 0.857643 -0.514246 0
    outer loop
      vertex 26.4944 -31.6667 3
      vertex 26.6458 -31.4142 0
      vertex 26.6458 -31.4142 3
    endloop
  endfacet
  facet normal 0.857643 -0.514246 0
    outer loop
      vertex 26.6458 -31.4142 0
      vertex 26.4944 -31.6667 3
      vertex 26.4944 -31.6667 0
    endloop
  endfacet
  facet normal 0.0489044 -0.998803 0
    outer loop
      vertex 24 -33 0
      vertex 24.2941 -32.9856 3
      vertex 24 -33 3
    endloop
  endfacet
  facet normal 0.0489044 -0.998803 0
    outer loop
      vertex 24.2941 -32.9856 3
      vertex 24 -33 0
      vertex 24.2941 -32.9856 0
    endloop
  endfacet
  facet normal 0 -1 0
    outer loop
      vertex -4.75 -33 0
      vertex 24 -33 3
      vertex -4.75 -33 3
    endloop
  endfacet
  facet normal 0 -1 -0
    outer loop
      vertex 24 -33 3
      vertex -4.75 -33 0
      vertex 24 -33 0
    endloop
  endfacet
  facet normal 0.146746 -0.989174 0
    outer loop
      vertex 24.2941 -32.9856 0
      vertex 24.5853 -32.9424 3
      vertex 24.2941 -32.9856 3
    endloop
  endfacet
  facet normal 0.146746 -0.989174 0
    outer loop
      vertex 24.5853 -32.9424 3
      vertex 24.2941 -32.9856 0
      vertex 24.5853 -32.9424 0
    endloop
  endfacet
  facet normal -0.0489126 0.998803 0
    outer loop
      vertex -4.75 33 0
      vertex -5.04405 32.9856 3
      vertex -4.75 33 3
    endloop
  endfacet
  facet normal -0.0489126 0.998803 0
    outer loop
      vertex -5.04405 32.9856 3
      vertex -4.75 33 0
      vertex -5.04405 32.9856 0
    endloop
  endfacet
  facet normal 0.857643 0.514246 0
    outer loop
      vertex 26.6458 31.4142 3
      vertex 26.4944 31.6667 0
      vertex 26.4944 31.6667 3
    endloop
  endfacet
  facet normal 0.857643 0.514246 0
    outer loop
      vertex 26.4944 31.6667 0
      vertex 26.6458 31.4142 3
      vertex 26.6458 31.4142 0
    endloop
  endfacet
  facet normal 0.904125 0.427269 0
    outer loop
      vertex 26.7716 31.148 3
      vertex 26.6458 31.4142 0
      vertex 26.6458 31.4142 3
    endloop
  endfacet
  facet normal 0.904125 0.427269 0
    outer loop
      vertex 26.6458 31.4142 0
      vertex 26.7716 31.148 3
      vertex 26.7716 31.148 0
    endloop
  endfacet
  facet normal -0.989179 0.146712 0
    outer loop
      vertex -7.73555 30.2941 0
      vertex -7.69236 30.5853 3
      vertex -7.69236 30.5853 0
    endloop
  endfacet
  facet normal -0.989179 0.146712 0
    outer loop
      vertex -7.69236 30.5853 3
      vertex -7.73555 30.2941 0
      vertex -7.73555 30.2941 3
    endloop
  endfacet
  facet normal -0.970031 0.242983 0
    outer loop
      vertex -7.69236 30.5853 0
      vertex -7.62082 30.8709 3
      vertex -7.62082 30.8709 0
    endloop
  endfacet
  facet normal -0.970031 0.242983 0
    outer loop
      vertex -7.62082 30.8709 3
      vertex -7.69236 30.5853 0
      vertex -7.69236 30.5853 3
    endloop
  endfacet
  facet normal 0.989174 -0.146746 0
    outer loop
      vertex 26.9424 -30.5853 3
      vertex 26.9856 -30.2941 0
      vertex 26.9856 -30.2941 3
    endloop
  endfacet
  facet normal 0.989174 -0.146746 0
    outer loop
      vertex 26.9856 -30.2941 0
      vertex 26.9424 -30.5853 3
      vertex 26.9424 -30.5853 0
    endloop
  endfacet
  facet normal -0.146736 -0.989176 0
    outer loop
      vertex -5.33527 -32.9424 0
      vertex -5.04405 -32.9856 3
      vertex -5.33527 -32.9424 3
    endloop
  endfacet
  facet normal -0.146736 -0.989176 -0
    outer loop
      vertex -5.04405 -32.9856 3
      vertex -5.33527 -32.9424 0
      vertex -5.04405 -32.9856 0
    endloop
  endfacet
  facet normal -0.90402 -0.427491 0
    outer loop
      vertex -7.39576 -31.4142 0
      vertex -7.52164 -31.148 3
      vertex -7.52164 -31.148 0
    endloop
  endfacet
  facet normal -0.90402 -0.427491 0
    outer loop
      vertex -7.52164 -31.148 3
      vertex -7.39576 -31.4142 0
      vertex -7.39576 -31.4142 3
    endloop
  endfacet
  facet normal 0.740908 -0.671607 0
    outer loop
      vertex 26.1213 -32.1213 3
      vertex 26.319 -31.9032 0
      vertex 26.319 -31.9032 3
    endloop
  endfacet
  facet normal 0.740908 -0.671607 0
    outer loop
      vertex 26.319 -31.9032 0
      vertex 26.1213 -32.1213 3
      vertex 26.1213 -32.1213 0
    endloop
  endfacet
  facet normal 0.595699 -0.803208 0
    outer loop
      vertex 25.6667 -32.4944 0
      vertex 25.9032 -32.319 3
      vertex 25.6667 -32.4944 3
    endloop
  endfacet
  facet normal 0.595699 -0.803208 0
    outer loop
      vertex 25.9032 -32.319 3
      vertex 25.6667 -32.4944 0
      vertex 25.9032 -32.319 0
    endloop
  endfacet
  facet normal 0.740908 0.671607 0
    outer loop
      vertex 26.319 31.9032 3
      vertex 26.1213 32.1213 0
      vertex 26.1213 32.1213 3
    endloop
  endfacet
  facet normal 0.740908 0.671607 0
    outer loop
      vertex 26.1213 32.1213 0
      vertex 26.319 31.9032 3
      vertex 26.319 31.9032 0
    endloop
  endfacet
  facet normal 0 1 -0
    outer loop
      vertex 24 33 0
      vertex -4.75 33 3
      vertex 24 33 3
    endloop
  endfacet
  facet normal 0 1 0
    outer loop
      vertex -4.75 33 3
      vertex 24 33 0
      vertex -4.75 33 0
    endloop
  endfacet
  facet normal -0.514216 0.857661 0
    outer loop
      vertex -6.16419 32.6458 0
      vertex -6.41671 32.4944 3
      vertex -6.16419 32.6458 3
    endloop
  endfacet
  facet normal -0.514216 0.857661 0
    outer loop
      vertex -6.41671 32.4944 3
      vertex -6.16419 32.6458 0
      vertex -6.41671 32.4944 0
    endloop
  endfacet
  facet normal -0.740891 0.671625 0
    outer loop
      vertex -7.06903 31.9032 0
      vertex -6.87132 32.1213 3
      vertex -6.87132 32.1213 0
    endloop
  endfacet
  facet normal -0.740891 0.671625 0
    outer loop
      vertex -6.87132 32.1213 3
      vertex -7.06903 31.9032 0
      vertex -7.06903 31.9032 3
    endloop
  endfacet
  facet normal 0.941488 0.337047 0
    outer loop
      vertex 26.8708 30.8709 3
      vertex 26.7716 31.148 0
      vertex 26.7716 31.148 3
    endloop
  endfacet
  facet normal 0.941488 0.337047 0
    outer loop
      vertex 26.7716 31.148 0
      vertex 26.8708 30.8709 3
      vertex 26.8708 30.8709 0
    endloop
  endfacet
  facet normal 0.969982 -0.243175 0
    outer loop
      vertex 26.8708 -30.8709 3
      vertex 26.9424 -30.5853 0
      vertex 26.9424 -30.5853 3
    endloop
  endfacet
  facet normal 0.969982 -0.243175 0
    outer loop
      vertex 26.9424 -30.5853 0
      vertex 26.8708 -30.8709 3
      vertex 26.8708 -30.8709 0
    endloop
  endfacet
  facet normal 0.941488 -0.337047 0
    outer loop
      vertex 26.7716 -31.148 3
      vertex 26.8708 -30.8709 0
      vertex 26.8708 -30.8709 3
    endloop
  endfacet
  facet normal 0.941488 -0.337047 0
    outer loop
      vertex 26.8708 -30.8709 0
      vertex 26.7716 -31.148 3
      vertex 26.7716 -31.148 0
    endloop
  endfacet
  facet normal 0.998803 -0.0489044 0
    outer loop
      vertex 26.9856 -30.2941 3
      vertex 27 -30 0
      vertex 27 -30 3
    endloop
  endfacet
  facet normal 0.998803 -0.0489044 0
    outer loop
      vertex 27 -30 0
      vertex 26.9856 -30.2941 3
      vertex 26.9856 -30.2941 0
    endloop
  endfacet
  facet normal -0.427347 -0.904088 0
    outer loop
      vertex -6.16419 -32.6458 0
      vertex -5.89805 -32.7716 3
      vertex -6.16419 -32.6458 3
    endloop
  endfacet
  facet normal -0.427347 -0.904088 -0
    outer loop
      vertex -5.89805 -32.7716 3
      vertex -6.16419 -32.6458 0
      vertex -5.89805 -32.7716 0
    endloop
  endfacet
  facet normal -0.514216 -0.857661 0
    outer loop
      vertex -6.41671 -32.4944 0
      vertex -6.16419 -32.6458 3
      vertex -6.41671 -32.4944 3
    endloop
  endfacet
  facet normal -0.514216 -0.857661 -0
    outer loop
      vertex -6.16419 -32.6458 3
      vertex -6.41671 -32.4944 0
      vertex -6.16419 -32.6458 0
    endloop
  endfacet
  facet normal -0.989179 -0.146712 0
    outer loop
      vertex -7.69236 -30.5853 0
      vertex -7.73555 -30.2941 3
      vertex -7.73555 -30.2941 0
    endloop
  endfacet
  facet normal -0.989179 -0.146712 0
    outer loop
      vertex -7.73555 -30.2941 3
      vertex -7.69236 -30.5853 0
      vertex -7.69236 -30.5853 3
    endloop
  endfacet
  facet normal -0.94151 -0.336986 0
    outer loop
      vertex -7.52164 -31.148 0
      vertex -7.62082 -30.8709 3
      vertex -7.62082 -30.8709 0
    endloop
  endfacet
  facet normal -0.94151 -0.336986 0
    outer loop
      vertex -7.62082 -30.8709 3
      vertex -7.52164 -31.148 0
      vertex -7.52164 -31.148 3
    endloop
  endfacet
  facet normal 0.803208 -0.595699 0
    outer loop
      vertex 26.319 -31.9032 3
      vertex 26.4944 -31.6667 0
      vertex 26.4944 -31.6667 3
    endloop
  endfacet
  facet normal 0.803208 -0.595699 0
    outer loop
      vertex 26.4944 -31.6667 0
      vertex 26.319 -31.9032 3
      vertex 26.319 -31.9032 0
    endloop
  endfacet
  facet normal 0.514246 -0.857643 0
    outer loop
      vertex 25.4142 -32.6458 0
      vertex 25.6667 -32.4944 3
      vertex 25.4142 -32.6458 3
    endloop
  endfacet
  facet normal 0.514246 -0.857643 0
    outer loop
      vertex 25.6667 -32.4944 3
      vertex 25.4142 -32.6458 0
      vertex 25.6667 -32.4944 0
    endloop
  endfacet
  facet normal 0.243175 -0.969982 0
    outer loop
      vertex 24.5853 -32.9424 0
      vertex 24.8709 -32.8708 3
      vertex 24.5853 -32.9424 3
    endloop
  endfacet
  facet normal 0.243175 -0.969982 0
    outer loop
      vertex 24.8709 -32.8708 3
      vertex 24.5853 -32.9424 0
      vertex 24.8709 -32.8708 0
    endloop
  endfacet
  facet normal 0.146746 0.989174 -0
    outer loop
      vertex 24.5853 32.9424 0
      vertex 24.2941 32.9856 3
      vertex 24.5853 32.9424 3
    endloop
  endfacet
  facet normal 0.146746 0.989174 0
    outer loop
      vertex 24.2941 32.9856 3
      vertex 24.5853 32.9424 0
      vertex 24.2941 32.9856 0
    endloop
  endfacet
  facet normal 0.803208 0.595699 0
    outer loop
      vertex 26.4944 31.6667 3
      vertex 26.319 31.9032 0
      vertex 26.319 31.9032 3
    endloop
  endfacet
  facet normal 0.803208 0.595699 0
    outer loop
      vertex 26.319 31.9032 0
      vertex 26.4944 31.6667 3
      vertex 26.4944 31.6667 0
    endloop
  endfacet
  facet normal -0.427347 0.904088 0
    outer loop
      vertex -5.89805 32.7716 0
      vertex -6.16419 32.6458 3
      vertex -5.89805 32.7716 3
    endloop
  endfacet
  facet normal -0.427347 0.904088 0
    outer loop
      vertex -6.16419 32.6458 3
      vertex -5.89805 32.7716 0
      vertex -6.16419 32.6458 0
    endloop
  endfacet
  facet normal -0.243191 0.969978 0
    outer loop
      vertex -5.33527 32.9424 0
      vertex -5.62085 32.8708 3
      vertex -5.33527 32.9424 3
    endloop
  endfacet
  facet normal -0.243191 0.969978 0
    outer loop
      vertex -5.62085 32.8708 3
      vertex -5.33527 32.9424 0
      vertex -5.62085 32.8708 0
    endloop
  endfacet
  facet normal -0.146736 0.989176 0
    outer loop
      vertex -5.04405 32.9856 0
      vertex -5.33527 32.9424 3
      vertex -5.04405 32.9856 3
    endloop
  endfacet
  facet normal -0.146736 0.989176 0
    outer loop
      vertex -5.33527 32.9424 3
      vertex -5.04405 32.9856 0
      vertex -5.33527 32.9424 0
    endloop
  endfacet
  facet normal -0.671539 0.740969 0
    outer loop
      vertex -6.65318 32.319 0
      vertex -6.87132 32.1213 3
      vertex -6.65318 32.319 3
    endloop
  endfacet
  facet normal -0.671539 0.740969 0
    outer loop
      vertex -6.87132 32.1213 3
      vertex -6.65318 32.319 0
      vertex -6.87132 32.1213 0
    endloop
  endfacet
  facet normal -0.595747 0.803172 0
    outer loop
      vertex -6.41671 32.4944 0
      vertex -6.65318 32.319 3
      vertex -6.41671 32.4944 3
    endloop
  endfacet
  facet normal -0.595747 0.803172 0
    outer loop
      vertex -6.65318 32.319 3
      vertex -6.41671 32.4944 0
      vertex -6.65318 32.319 0
    endloop
  endfacet
  facet normal -0.857718 0.514121 0
    outer loop
      vertex -7.39576 31.4142 0
      vertex -7.24441 31.6667 3
      vertex -7.24441 31.6667 0
    endloop
  endfacet
  facet normal -0.857718 0.514121 0
    outer loop
      vertex -7.24441 31.6667 3
      vertex -7.39576 31.4142 0
      vertex -7.39576 31.4142 3
    endloop
  endfacet
  facet normal -0.803241 0.595655 0
    outer loop
      vertex -7.24441 31.6667 0
      vertex -7.06903 31.9032 3
      vertex -7.06903 31.9032 0
    endloop
  endfacet
  facet normal -0.803241 0.595655 0
    outer loop
      vertex -7.06903 31.9032 3
      vertex -7.24441 31.6667 0
      vertex -7.24441 31.6667 3
    endloop
  endfacet
  facet normal 0.969982 0.243175 0
    outer loop
      vertex 26.9424 30.5853 3
      vertex 26.8708 30.8709 0
      vertex 26.8708 30.8709 3
    endloop
  endfacet
  facet normal 0.969982 0.243175 0
    outer loop
      vertex 26.8708 30.8709 0
      vertex 26.9424 30.5853 3
      vertex 26.9424 30.5853 0
    endloop
  endfacet
  facet normal 0.989174 0.146746 0
    outer loop
      vertex 26.9856 30.2941 3
      vertex 26.9424 30.5853 0
      vertex 26.9424 30.5853 3
    endloop
  endfacet
  facet normal 0.989174 0.146746 0
    outer loop
      vertex 26.9424 30.5853 0
      vertex 26.9856 30.2941 3
      vertex 26.9856 30.2941 0
    endloop
  endfacet
  facet normal -0.243191 -0.969978 0
    outer loop
      vertex -5.62085 -32.8708 0
      vertex -5.33527 -32.9424 3
      vertex -5.62085 -32.8708 3
    endloop
  endfacet
  facet normal -0.243191 -0.969978 -0
    outer loop
      vertex -5.33527 -32.9424 3
      vertex -5.62085 -32.8708 0
      vertex -5.33527 -32.9424 0
    endloop
  endfacet
  facet normal -0.857718 -0.514121 0
    outer loop
      vertex -7.24441 -31.6667 0
      vertex -7.39576 -31.4142 3
      vertex -7.39576 -31.4142 0
    endloop
  endfacet
  facet normal -0.857718 -0.514121 0
    outer loop
      vertex -7.39576 -31.4142 3
      vertex -7.24441 -31.6667 0
      vertex -7.24441 -31.6667 3
    endloop
  endfacet
  facet normal -0.970031 -0.242983 0
    outer loop
      vertex -7.62082 -30.8709 0
      vertex -7.69236 -30.5853 3
      vertex -7.69236 -30.5853 0
    endloop
  endfacet
  facet normal -0.970031 -0.242983 0
    outer loop
      vertex -7.69236 -30.5853 3
      vertex -7.62082 -30.8709 0
      vertex -7.62082 -30.8709 3
    endloop
  endfacet
  facet normal 0.0489044 0.998803 -0
    outer loop
      vertex 24.2941 32.9856 0
      vertex 24 33 3
      vertex 24.2941 32.9856 3
    endloop
  endfacet
  facet normal 0.0489044 0.998803 0
    outer loop
      vertex 24 33 3
      vertex 24.2941 32.9856 0
      vertex 24 33 0
    endloop
  endfacet
  facet normal 0.243175 0.969982 -0
    outer loop
      vertex 24.8709 32.8708 0
      vertex 24.5853 32.9424 3
      vertex 24.8709 32.8708 3
    endloop
  endfacet
  facet normal 0.243175 0.969982 0
    outer loop
      vertex 24.5853 32.9424 3
      vertex 24.8709 32.8708 0
      vertex 24.5853 32.9424 0
    endloop
  endfacet
  facet normal 0.595699 0.803208 -0
    outer loop
      vertex 25.9032 32.319 0
      vertex 25.6667 32.4944 3
      vertex 25.9032 32.319 3
    endloop
  endfacet
  facet normal 0.595699 0.803208 0
    outer loop
      vertex 25.6667 32.4944 3
      vertex 25.9032 32.319 0
      vertex 25.6667 32.4944 0
    endloop
  endfacet
  facet normal 0.671607 0.740908 -0
    outer loop
      vertex 26.1213 32.1213 0
      vertex 25.9032 32.319 3
      vertex 26.1213 32.1213 3
    endloop
  endfacet
  facet normal 0.671607 0.740908 0
    outer loop
      vertex 25.9032 32.319 3
      vertex 26.1213 32.1213 0
      vertex 25.9032 32.319 0
    endloop
  endfacet
  facet normal -0.336939 0.941527 0
    outer loop
      vertex -5.62085 32.8708 0
      vertex -5.89805 32.7716 3
      vertex -5.62085 32.8708 3
    endloop
  endfacet
  facet normal -0.336939 0.941527 0
    outer loop
      vertex -5.89805 32.7716 3
      vertex -5.62085 32.8708 0
      vertex -5.89805 32.7716 0
    endloop
  endfacet
  facet normal -0.336939 -0.941527 0
    outer loop
      vertex -5.89805 -32.7716 0
      vertex -5.62085 -32.8708 3
      vertex -5.89805 -32.7716 3
    endloop
  endfacet
  facet normal -0.336939 -0.941527 -0
    outer loop
      vertex -5.62085 -32.8708 3
      vertex -5.89805 -32.7716 0
      vertex -5.62085 -32.8708 0
    endloop
  endfacet
  facet normal -0.595747 -0.803172 0
    outer loop
      vertex -6.65318 -32.319 0
      vertex -6.41671 -32.4944 3
      vertex -6.65318 -32.319 3
    endloop
  endfacet
  facet normal -0.595747 -0.803172 -0
    outer loop
      vertex -6.41671 -32.4944 3
      vertex -6.65318 -32.319 0
      vertex -6.41671 -32.4944 0
    endloop
  endfacet
  facet normal -0.740891 -0.671625 0
    outer loop
      vertex -6.87132 -32.1213 0
      vertex -7.06903 -31.9032 3
      vertex -7.06903 -31.9032 0
    endloop
  endfacet
  facet normal -0.740891 -0.671625 0
    outer loop
      vertex -7.06903 -31.9032 3
      vertex -6.87132 -32.1213 0
      vertex -6.87132 -32.1213 3
    endloop
  endfacet
  facet normal -0.803241 -0.595655 0
    outer loop
      vertex -7.06903 -31.9032 0
      vertex -7.24441 -31.6667 3
      vertex -7.24441 -31.6667 0
    endloop
  endfacet
  facet normal -0.803241 -0.595655 0
    outer loop
      vertex -7.24441 -31.6667 3
      vertex -7.06903 -31.9032 0
      vertex -7.06903 -31.9032 3
    endloop
  endfacet
  facet normal 0.427269 -0.904125 0
    outer loop
      vertex 25.148 -32.7716 0
      vertex 25.4142 -32.6458 3
      vertex 25.148 -32.7716 3
    endloop
  endfacet
  facet normal 0.427269 -0.904125 0
    outer loop
      vertex 25.4142 -32.6458 3
      vertex 25.148 -32.7716 0
      vertex 25.4142 -32.6458 0
    endloop
  endfacet
  facet normal 0.337047 -0.941488 0
    outer loop
      vertex 24.8709 -32.8708 0
      vertex 25.148 -32.7716 3
      vertex 24.8709 -32.8708 3
    endloop
  endfacet
  facet normal 0.337047 -0.941488 0
    outer loop
      vertex 25.148 -32.7716 3
      vertex 24.8709 -32.8708 0
      vertex 25.148 -32.7716 0
    endloop
  endfacet
  facet normal 0.427269 0.904125 -0
    outer loop
      vertex 25.4142 32.6458 0
      vertex 25.148 32.7716 3
      vertex 25.4142 32.6458 3
    endloop
  endfacet
  facet normal 0.427269 0.904125 0
    outer loop
      vertex 25.148 32.7716 3
      vertex 25.4142 32.6458 0
      vertex 25.148 32.7716 0
    endloop
  endfacet
  facet normal 0.514246 0.857643 -0
    outer loop
      vertex 25.6667 32.4944 0
      vertex 25.4142 32.6458 3
      vertex 25.6667 32.4944 3
    endloop
  endfacet
  facet normal 0.514246 0.857643 0
    outer loop
      vertex 25.4142 32.6458 3
      vertex 25.6667 32.4944 0
      vertex 25.4142 32.6458 0
    endloop
  endfacet
  facet normal 0.337047 0.941488 -0
    outer loop
      vertex 25.148 32.7716 0
      vertex 24.8709 32.8708 3
      vertex 25.148 32.7716 3
    endloop
  endfacet
  facet normal 0.337047 0.941488 0
    outer loop
      vertex 24.8709 32.8708 3
      vertex 25.148 32.7716 0
      vertex 24.8709 32.8708 0
    endloop
  endfacet
  facet normal -0.998796 -0.0490623 0
    outer loop
      vertex 4.75 0 0
      vertex 4.72713 0.465581 3
      vertex 4.72713 0.465581 0
    endloop
  endfacet
  facet normal -0.998796 -0.0490623 0
    outer loop
      vertex 4.72713 0.465581 3
      vertex 4.75 0 0
      vertex 4.75 0 3
    endloop
  endfacet
  facet normal 0.998796 -0.0490623 0
    outer loop
      vertex -4.75 0 3
      vertex -4.72713 0.465581 0
      vertex -4.72713 0.465581 3
    endloop
  endfacet
  facet normal 0.998796 -0.0490623 0
    outer loop
      vertex -4.72713 0.465581 0
      vertex -4.75 0 3
      vertex -4.75 0 0
    endloop
  endfacet
  facet normal -0.0490623 -0.998796 0
    outer loop
      vertex 0 4.75 0
      vertex 0.465581 4.72713 3
      vertex 0 4.75 3
    endloop
  endfacet
  facet normal -0.0490623 -0.998796 -0
    outer loop
      vertex 0.465581 4.72713 3
      vertex 0 4.75 0
      vertex 0.465581 4.72713 0
    endloop
  endfacet
  facet normal 0.0490623 0.998796 -0
    outer loop
      vertex 0 -4.75 0
      vertex -0.465581 -4.72713 3
      vertex 0 -4.75 3
    endloop
  endfacet
  facet normal 0.0490623 0.998796 0
    outer loop
      vertex -0.465581 -4.72713 3
      vertex 0 -4.75 0
      vertex -0.465581 -4.72713 0
    endloop
  endfacet
  facet normal -0.740955 -0.671555 0
    outer loop
      vertex 3.6718 3.01337 0
      vertex 3.35876 3.35876 3
      vertex 3.35876 3.35876 0
    endloop
  endfacet
  facet normal -0.740955 -0.671555 0
    outer loop
      vertex 3.35876 3.35876 3
      vertex 3.6718 3.01337 0
      vertex 3.6718 3.01337 3
    endloop
  endfacet
  facet normal 0.671555 -0.740955 0
    outer loop
      vertex -3.35876 3.35876 0
      vertex -3.01337 3.6718 3
      vertex -3.35876 3.35876 3
    endloop
  endfacet
  facet normal 0.671555 -0.740955 0
    outer loop
      vertex -3.01337 3.6718 3
      vertex -3.35876 3.35876 0
      vertex -3.01337 3.6718 0
    endloop
  endfacet
  facet normal 0.336888 -0.941545 0
    outer loop
      vertex -1.81775 4.38843 0
      vertex -1.37885 4.54547 3
      vertex -1.81775 4.38843 3
    endloop
  endfacet
  facet normal 0.336888 -0.941545 0
    outer loop
      vertex -1.37885 4.54547 3
      vertex -1.81775 4.38843 0
      vertex -1.37885 4.54547 0
    endloop
  endfacet
  facet normal -0.941545 -0.336888 0
    outer loop
      vertex 4.54547 1.37885 0
      vertex 4.38843 1.81775 3
      vertex 4.38843 1.81775 0
    endloop
  endfacet
  facet normal -0.941545 -0.336888 0
    outer loop
      vertex 4.38843 1.81775 3
      vertex 4.54547 1.37885 0
      vertex 4.54547 1.37885 3
    endloop
  endfacet
  facet normal -0.427559 -0.903988 0
    outer loop
      vertex 1.81775 4.38843 0
      vertex 2.23913 4.18913 3
      vertex 1.81775 4.38843 3
    endloop
  endfacet
  facet normal -0.427559 -0.903988 -0
    outer loop
      vertex 2.23913 4.18913 3
      vertex 1.81775 4.38843 0
      vertex 2.23913 4.18913 0
    endloop
  endfacet
  facet normal -0.595697 -0.803209 0
    outer loop
      vertex 2.63896 3.94948 0
      vertex 3.01337 3.6718 3
      vertex 2.63896 3.94948 3
    endloop
  endfacet
  facet normal -0.595697 -0.803209 -0
    outer loop
      vertex 3.01337 3.6718 3
      vertex 2.63896 3.94948 0
      vertex 3.01337 3.6718 0
    endloop
  endfacet
  facet normal 0.903988 -0.427559 0
    outer loop
      vertex -4.38843 1.81775 3
      vertex -4.18913 2.23913 0
      vertex -4.18913 2.23913 3
    endloop
  endfacet
  facet normal 0.903988 -0.427559 0
    outer loop
      vertex -4.18913 2.23913 0
      vertex -4.38843 1.81775 3
      vertex -4.38843 1.81775 0
    endloop
  endfacet
  facet normal 0.146736 -0.989176 0
    outer loop
      vertex -0.926679 4.65873 0
      vertex -0.465581 4.72713 3
      vertex -0.926679 4.65873 3
    endloop
  endfacet
  facet normal 0.146736 -0.989176 0
    outer loop
      vertex -0.465581 4.72713 3
      vertex -0.926679 4.65873 0
      vertex -0.465581 4.72713 0
    endloop
  endfacet
  facet normal -0.903988 0.427559 0
    outer loop
      vertex 4.18913 -2.23913 0
      vertex 4.38843 -1.81775 3
      vertex 4.38843 -1.81775 0
    endloop
  endfacet
  facet normal -0.903988 0.427559 0
    outer loop
      vertex 4.38843 -1.81775 3
      vertex 4.18913 -2.23913 0
      vertex 4.18913 -2.23913 3
    endloop
  endfacet
  facet normal -0.941545 0.336888 0
    outer loop
      vertex 4.38843 -1.81775 0
      vertex 4.54547 -1.37885 3
      vertex 4.54547 -1.37885 0
    endloop
  endfacet
  facet normal -0.941545 0.336888 0
    outer loop
      vertex 4.54547 -1.37885 3
      vertex 4.38843 -1.81775 0
      vertex 4.38843 -1.81775 3
    endloop
  endfacet
  facet normal -0.970033 -0.242974 0
    outer loop
      vertex 4.65873 0.926679 0
      vertex 4.54547 1.37885 3
      vertex 4.54547 1.37885 0
    endloop
  endfacet
  facet normal -0.970033 -0.242974 0
    outer loop
      vertex 4.54547 1.37885 3
      vertex 4.65873 0.926679 0
      vertex 4.65873 0.926679 3
    endloop
  endfacet
  facet normal -0.989176 -0.146736 0
    outer loop
      vertex 4.72713 0.465581 0
      vertex 4.65873 0.926679 3
      vertex 4.65873 0.926679 0
    endloop
  endfacet
  facet normal -0.989176 -0.146736 0
    outer loop
      vertex 4.65873 0.926679 3
      vertex 4.72713 0.465581 0
      vertex 4.72713 0.465581 3
    endloop
  endfacet
  facet normal -0.857728 -0.514105 0
    outer loop
      vertex 4.18913 2.23913 0
      vertex 3.94948 2.63896 3
      vertex 3.94948 2.63896 0
    endloop
  endfacet
  facet normal -0.857728 -0.514105 0
    outer loop
      vertex 3.94948 2.63896 3
      vertex 4.18913 2.23913 0
      vertex 4.18913 2.23913 3
    endloop
  endfacet
  facet normal -0.803209 -0.595697 0
    outer loop
      vertex 3.94948 2.63896 0
      vertex 3.6718 3.01337 3
      vertex 3.6718 3.01337 0
    endloop
  endfacet
  facet normal -0.803209 -0.595697 0
    outer loop
      vertex 3.6718 3.01337 3
      vertex 3.94948 2.63896 0
      vertex 3.94948 2.63896 3
    endloop
  endfacet
  facet normal -0.903988 -0.427559 0
    outer loop
      vertex 4.38843 1.81775 0
      vertex 4.18913 2.23913 3
      vertex 4.18913 2.23913 0
    endloop
  endfacet
  facet normal -0.903988 -0.427559 0
    outer loop
      vertex 4.18913 2.23913 3
      vertex 4.38843 1.81775 0
      vertex 4.38843 1.81775 3
    endloop
  endfacet
  facet normal -0.242974 -0.970033 0
    outer loop
      vertex 0.926679 4.65873 0
      vertex 1.37885 4.54547 3
      vertex 0.926679 4.65873 3
    endloop
  endfacet
  facet normal -0.242974 -0.970033 -0
    outer loop
      vertex 1.37885 4.54547 3
      vertex 0.926679 4.65873 0
      vertex 1.37885 4.54547 0
    endloop
  endfacet
  facet normal -0.336888 -0.941545 0
    outer loop
      vertex 1.37885 4.54547 0
      vertex 1.81775 4.38843 3
      vertex 1.37885 4.54547 3
    endloop
  endfacet
  facet normal -0.336888 -0.941545 -0
    outer loop
      vertex 1.81775 4.38843 3
      vertex 1.37885 4.54547 0
      vertex 1.81775 4.38843 0
    endloop
  endfacet
  facet normal -0.146736 -0.989176 0
    outer loop
      vertex 0.465581 4.72713 0
      vertex 0.926679 4.65873 3
      vertex 0.465581 4.72713 3
    endloop
  endfacet
  facet normal -0.146736 -0.989176 -0
    outer loop
      vertex 0.926679 4.65873 3
      vertex 0.465581 4.72713 0
      vertex 0.926679 4.65873 0
    endloop
  endfacet
  facet normal -0.514105 -0.857728 0
    outer loop
      vertex 2.23913 4.18913 0
      vertex 2.63896 3.94948 3
      vertex 2.23913 4.18913 3
    endloop
  endfacet
  facet normal -0.514105 -0.857728 -0
    outer loop
      vertex 2.63896 3.94948 3
      vertex 2.23913 4.18913 0
      vertex 2.63896 3.94948 0
    endloop
  endfacet
  facet normal -0.671555 -0.740955 0
    outer loop
      vertex 3.01337 3.6718 0
      vertex 3.35876 3.35876 3
      vertex 3.01337 3.6718 3
    endloop
  endfacet
  facet normal -0.671555 -0.740955 -0
    outer loop
      vertex 3.35876 3.35876 3
      vertex 3.01337 3.6718 0
      vertex 3.35876 3.35876 0
    endloop
  endfacet
  facet normal 0.970033 -0.242974 0
    outer loop
      vertex -4.65873 0.926679 3
      vertex -4.54547 1.37885 0
      vertex -4.54547 1.37885 3
    endloop
  endfacet
  facet normal 0.970033 -0.242974 0
    outer loop
      vertex -4.54547 1.37885 0
      vertex -4.65873 0.926679 3
      vertex -4.65873 0.926679 0
    endloop
  endfacet
  facet normal 0.803209 -0.595697 0
    outer loop
      vertex -3.94948 2.63896 3
      vertex -3.6718 3.01337 0
      vertex -3.6718 3.01337 3
    endloop
  endfacet
  facet normal 0.803209 -0.595697 0
    outer loop
      vertex -3.6718 3.01337 0
      vertex -3.94948 2.63896 3
      vertex -3.94948 2.63896 0
    endloop
  endfacet
  facet normal 0.740955 -0.671555 0
    outer loop
      vertex -3.6718 3.01337 3
      vertex -3.35876 3.35876 0
      vertex -3.35876 3.35876 3
    endloop
  endfacet
  facet normal 0.740955 -0.671555 0
    outer loop
      vertex -3.35876 3.35876 0
      vertex -3.6718 3.01337 3
      vertex -3.6718 3.01337 0
    endloop
  endfacet
  facet normal 0.857728 -0.514105 0
    outer loop
      vertex -4.18913 2.23913 3
      vertex -3.94948 2.63896 0
      vertex -3.94948 2.63896 3
    endloop
  endfacet
  facet normal 0.857728 -0.514105 0
    outer loop
      vertex -3.94948 2.63896 0
      vertex -4.18913 2.23913 3
      vertex -4.18913 2.23913 0
    endloop
  endfacet
  facet normal 0.941545 -0.336888 0
    outer loop
      vertex -4.54547 1.37885 3
      vertex -4.38843 1.81775 0
      vertex -4.38843 1.81775 3
    endloop
  endfacet
  facet normal 0.941545 -0.336888 0
    outer loop
      vertex -4.38843 1.81775 0
      vertex -4.54547 1.37885 3
      vertex -4.54547 1.37885 0
    endloop
  endfacet
  facet normal 0.989176 -0.146736 0
    outer loop
      vertex -4.72713 0.465581 3
      vertex -4.65873 0.926679 0
      vertex -4.65873 0.926679 3
    endloop
  endfacet
  facet normal 0.989176 -0.146736 0
    outer loop
      vertex -4.65873 0.926679 0
      vertex -4.72713 0.465581 3
      vertex -4.72713 0.465581 0
    endloop
  endfacet
  facet normal 0.514105 -0.857728 0
    outer loop
      vertex -2.63896 3.94948 0
      vertex -2.23913 4.18913 3
      vertex -2.63896 3.94948 3
    endloop
  endfacet
  facet normal 0.514105 -0.857728 0
    outer loop
      vertex -2.23913 4.18913 3
      vertex -2.63896 3.94948 0
      vertex -2.23913 4.18913 0
    endloop
  endfacet
  facet normal 0.427559 -0.903988 0
    outer loop
      vertex -2.23913 4.18913 0
      vertex -1.81775 4.38843 3
      vertex -2.23913 4.18913 3
    endloop
  endfacet
  facet normal 0.427559 -0.903988 0
    outer loop
      vertex -1.81775 4.38843 3
      vertex -2.23913 4.18913 0
      vertex -1.81775 4.38843 0
    endloop
  endfacet
  facet normal 0.595697 -0.803209 0
    outer loop
      vertex -3.01337 3.6718 0
      vertex -2.63896 3.94948 3
      vertex -3.01337 3.6718 3
    endloop
  endfacet
  facet normal 0.595697 -0.803209 0
    outer loop
      vertex -2.63896 3.94948 3
      vertex -3.01337 3.6718 0
      vertex -2.63896 3.94948 0
    endloop
  endfacet
  facet normal 0.242974 -0.970033 0
    outer loop
      vertex -1.37885 4.54547 0
      vertex -0.926679 4.65873 3
      vertex -1.37885 4.54547 3
    endloop
  endfacet
  facet normal 0.242974 -0.970033 0
    outer loop
      vertex -0.926679 4.65873 3
      vertex -1.37885 4.54547 0
      vertex -0.926679 4.65873 0
    endloop
  endfacet
  facet normal 0.0490623 -0.998796 0
    outer loop
      vertex -0.465581 4.72713 0
      vertex 0 4.75 3
      vertex -0.465581 4.72713 3
    endloop
  endfacet
  facet normal 0.0490623 -0.998796 0
    outer loop
      vertex 0 4.75 3
      vertex -0.465581 4.72713 0
      vertex 0 4.75 0
    endloop
  endfacet
  facet normal -0.0490623 0.998796 0
    outer loop
      vertex 0.465581 -4.72713 0
      vertex 0 -4.75 3
      vertex 0.465581 -4.72713 3
    endloop
  endfacet
  facet normal -0.0490623 0.998796 0
    outer loop
      vertex 0 -4.75 3
      vertex 0.465581 -4.72713 0
      vertex 0 -4.75 0
    endloop
  endfacet
  facet normal -0.242974 0.970033 0
    outer loop
      vertex 1.37885 -4.54547 0
      vertex 0.926679 -4.65873 3
      vertex 1.37885 -4.54547 3
    endloop
  endfacet
  facet normal -0.242974 0.970033 0
    outer loop
      vertex 0.926679 -4.65873 3
      vertex 1.37885 -4.54547 0
      vertex 0.926679 -4.65873 0
    endloop
  endfacet
  facet normal -0.595697 0.803209 0
    outer loop
      vertex 3.01337 -3.6718 0
      vertex 2.63896 -3.94948 3
      vertex 3.01337 -3.6718 3
    endloop
  endfacet
  facet normal -0.595697 0.803209 0
    outer loop
      vertex 2.63896 -3.94948 3
      vertex 3.01337 -3.6718 0
      vertex 2.63896 -3.94948 0
    endloop
  endfacet
  facet normal -0.427559 0.903988 0
    outer loop
      vertex 2.23913 -4.18913 0
      vertex 1.81775 -4.38843 3
      vertex 2.23913 -4.18913 3
    endloop
  endfacet
  facet normal -0.427559 0.903988 0
    outer loop
      vertex 1.81775 -4.38843 3
      vertex 2.23913 -4.18913 0
      vertex 1.81775 -4.38843 0
    endloop
  endfacet
  facet normal -0.740955 0.671555 0
    outer loop
      vertex 3.35876 -3.35876 0
      vertex 3.6718 -3.01337 3
      vertex 3.6718 -3.01337 0
    endloop
  endfacet
  facet normal -0.740955 0.671555 0
    outer loop
      vertex 3.6718 -3.01337 3
      vertex 3.35876 -3.35876 0
      vertex 3.35876 -3.35876 3
    endloop
  endfacet
  facet normal -0.857728 0.514105 0
    outer loop
      vertex 3.94948 -2.63896 0
      vertex 4.18913 -2.23913 3
      vertex 4.18913 -2.23913 0
    endloop
  endfacet
  facet normal -0.857728 0.514105 0
    outer loop
      vertex 4.18913 -2.23913 3
      vertex 3.94948 -2.63896 0
      vertex 3.94948 -2.63896 3
    endloop
  endfacet
  facet normal 0.671555 0.740955 -0
    outer loop
      vertex -3.01337 -3.6718 0
      vertex -3.35876 -3.35876 3
      vertex -3.01337 -3.6718 3
    endloop
  endfacet
  facet normal 0.671555 0.740955 0
    outer loop
      vertex -3.35876 -3.35876 3
      vertex -3.01337 -3.6718 0
      vertex -3.35876 -3.35876 0
    endloop
  endfacet
  facet normal 0.514105 0.857728 -0
    outer loop
      vertex -2.23913 -4.18913 0
      vertex -2.63896 -3.94948 3
      vertex -2.23913 -4.18913 3
    endloop
  endfacet
  facet normal 0.514105 0.857728 0
    outer loop
      vertex -2.63896 -3.94948 3
      vertex -2.23913 -4.18913 0
      vertex -2.63896 -3.94948 0
    endloop
  endfacet
  facet normal 0.336888 0.941545 -0
    outer loop
      vertex -1.37885 -4.54547 0
      vertex -1.81775 -4.38843 3
      vertex -1.37885 -4.54547 3
    endloop
  endfacet
  facet normal 0.336888 0.941545 0
    outer loop
      vertex -1.81775 -4.38843 3
      vertex -1.37885 -4.54547 0
      vertex -1.81775 -4.38843 0
    endloop
  endfacet
  facet normal 0.146736 0.989176 -0
    outer loop
      vertex -0.465581 -4.72713 0
      vertex -0.926679 -4.65873 3
      vertex -0.465581 -4.72713 3
    endloop
  endfacet
  facet normal 0.146736 0.989176 0
    outer loop
      vertex -0.926679 -4.65873 3
      vertex -0.465581 -4.72713 0
      vertex -0.926679 -4.65873 0
    endloop
  endfacet
  facet normal 0.857728 0.514105 0
    outer loop
      vertex -3.94948 -2.63896 3
      vertex -4.18913 -2.23913 0
      vertex -4.18913 -2.23913 3
    endloop
  endfacet
  facet normal 0.857728 0.514105 0
    outer loop
      vertex -4.18913 -2.23913 0
      vertex -3.94948 -2.63896 3
      vertex -3.94948 -2.63896 0
    endloop
  endfacet
  facet normal 0.903988 0.427559 0
    outer loop
      vertex -4.18913 -2.23913 3
      vertex -4.38843 -1.81775 0
      vertex -4.38843 -1.81775 3
    endloop
  endfacet
  facet normal 0.903988 0.427559 0
    outer loop
      vertex -4.38843 -1.81775 0
      vertex -4.18913 -2.23913 3
      vertex -4.18913 -2.23913 0
    endloop
  endfacet
  facet normal 0.803209 0.595697 0
    outer loop
      vertex -3.6718 -3.01337 3
      vertex -3.94948 -2.63896 0
      vertex -3.94948 -2.63896 3
    endloop
  endfacet
  facet normal 0.803209 0.595697 0
    outer loop
      vertex -3.94948 -2.63896 0
      vertex -3.6718 -3.01337 3
      vertex -3.6718 -3.01337 0
    endloop
  endfacet
  facet normal 0.970033 0.242974 0
    outer loop
      vertex -4.54547 -1.37885 3
      vertex -4.65873 -0.926679 0
      vertex -4.65873 -0.926679 3
    endloop
  endfacet
  facet normal 0.970033 0.242974 0
    outer loop
      vertex -4.65873 -0.926679 0
      vertex -4.54547 -1.37885 3
      vertex -4.54547 -1.37885 0
    endloop
  endfacet
  facet normal 0.941545 0.336888 0
    outer loop
      vertex -4.38843 -1.81775 3
      vertex -4.54547 -1.37885 0
      vertex -4.54547 -1.37885 3
    endloop
  endfacet
  facet normal 0.941545 0.336888 0
    outer loop
      vertex -4.54547 -1.37885 0
      vertex -4.38843 -1.81775 3
      vertex -4.38843 -1.81775 0
    endloop
  endfacet
  facet normal 0.998796 0.0490623 0
    outer loop
      vertex -4.72713 -0.465581 3
      vertex -4.75 0 0
      vertex -4.75 0 3
    endloop
  endfacet
  facet normal 0.998796 0.0490623 0
    outer loop
      vertex -4.75 0 0
      vertex -4.72713 -0.465581 3
      vertex -4.72713 -0.465581 0
    endloop
  endfacet
  facet normal -0.146736 0.989176 0
    outer loop
      vertex 0.926679 -4.65873 0
      vertex 0.465581 -4.72713 3
      vertex 0.926679 -4.65873 3
    endloop
  endfacet
  facet normal -0.146736 0.989176 0
    outer loop
      vertex 0.465581 -4.72713 3
      vertex 0.926679 -4.65873 0
      vertex 0.465581 -4.72713 0
    endloop
  endfacet
  facet normal -0.336888 0.941545 0
    outer loop
      vertex 1.81775 -4.38843 0
      vertex 1.37885 -4.54547 3
      vertex 1.81775 -4.38843 3
    endloop
  endfacet
  facet normal -0.336888 0.941545 0
    outer loop
      vertex 1.37885 -4.54547 3
      vertex 1.81775 -4.38843 0
      vertex 1.37885 -4.54547 0
    endloop
  endfacet
  facet normal -0.671555 0.740955 0
    outer loop
      vertex 3.35876 -3.35876 0
      vertex 3.01337 -3.6718 3
      vertex 3.35876 -3.35876 3
    endloop
  endfacet
  facet normal -0.671555 0.740955 0
    outer loop
      vertex 3.01337 -3.6718 3
      vertex 3.35876 -3.35876 0
      vertex 3.01337 -3.6718 0
    endloop
  endfacet
  facet normal -0.514105 0.857728 0
    outer loop
      vertex 2.63896 -3.94948 0
      vertex 2.23913 -4.18913 3
      vertex 2.63896 -3.94948 3
    endloop
  endfacet
  facet normal -0.514105 0.857728 0
    outer loop
      vertex 2.23913 -4.18913 3
      vertex 2.63896 -3.94948 0
      vertex 2.23913 -4.18913 0
    endloop
  endfacet
  facet normal -0.803209 0.595697 0
    outer loop
      vertex 3.6718 -3.01337 0
      vertex 3.94948 -2.63896 3
      vertex 3.94948 -2.63896 0
    endloop
  endfacet
  facet normal -0.803209 0.595697 0
    outer loop
      vertex 3.94948 -2.63896 3
      vertex 3.6718 -3.01337 0
      vertex 3.6718 -3.01337 3
    endloop
  endfacet
  facet normal -0.998796 0.0490623 0
    outer loop
      vertex 4.72713 -0.465581 0
      vertex 4.75 0 3
      vertex 4.75 0 0
    endloop
  endfacet
  facet normal -0.998796 0.0490623 0
    outer loop
      vertex 4.75 0 3
      vertex 4.72713 -0.465581 0
      vertex 4.72713 -0.465581 3
    endloop
  endfacet
  facet normal 0.595697 0.803209 -0
    outer loop
      vertex -2.63896 -3.94948 0
      vertex -3.01337 -3.6718 3
      vertex -2.63896 -3.94948 3
    endloop
  endfacet
  facet normal 0.595697 0.803209 0
    outer loop
      vertex -3.01337 -3.6718 3
      vertex -2.63896 -3.94948 0
      vertex -3.01337 -3.6718 0
    endloop
  endfacet
  facet normal 0.427559 0.903988 -0
    outer loop
      vertex -1.81775 -4.38843 0
      vertex -2.23913 -4.18913 3
      vertex -1.81775 -4.38843 3
    endloop
  endfacet
  facet normal 0.427559 0.903988 0
    outer loop
      vertex -2.23913 -4.18913 3
      vertex -1.81775 -4.38843 0
      vertex -2.23913 -4.18913 0
    endloop
  endfacet
  facet normal 0.242974 0.970033 -0
    outer loop
      vertex -0.926679 -4.65873 0
      vertex -1.37885 -4.54547 3
      vertex -0.926679 -4.65873 3
    endloop
  endfacet
  facet normal 0.242974 0.970033 0
    outer loop
      vertex -1.37885 -4.54547 3
      vertex -0.926679 -4.65873 0
      vertex -1.37885 -4.54547 0
    endloop
  endfacet
  facet normal 0.740955 0.671555 0
    outer loop
      vertex -3.35876 -3.35876 3
      vertex -3.6718 -3.01337 0
      vertex -3.6718 -3.01337 3
    endloop
  endfacet
  facet normal 0.740955 0.671555 0
    outer loop
      vertex -3.6718 -3.01337 0
      vertex -3.35876 -3.35876 3
      vertex -3.35876 -3.35876 0
    endloop
  endfacet
  facet normal 0.989176 0.146736 0
    outer loop
      vertex -4.65873 -0.926679 3
      vertex -4.72713 -0.465581 0
      vertex -4.72713 -0.465581 3
    endloop
  endfacet
  facet normal 0.989176 0.146736 0
    outer loop
      vertex -4.72713 -0.465581 0
      vertex -4.65873 -0.926679 3
      vertex -4.65873 -0.926679 0
    endloop
  endfacet
  facet normal -0.970033 0.242974 0
    outer loop
      vertex 4.54547 -1.37885 0
      vertex 4.65873 -0.926679 3
      vertex 4.65873 -0.926679 0
    endloop
  endfacet
  facet normal -0.970033 0.242974 0
    outer loop
      vertex 4.65873 -0.926679 3
      vertex 4.54547 -1.37885 0
      vertex 4.54547 -1.37885 3
    endloop
  endfacet
  facet normal -0.989176 0.146736 0
    outer loop
      vertex 4.65873 -0.926679 0
      vertex 4.72713 -0.465581 3
      vertex 4.72713 -0.465581 0
    endloop
  endfacet
  facet normal -0.989176 0.146736 0
    outer loop
      vertex 4.72713 -0.465581 3
      vertex 4.65873 -0.926679 0
      vertex 4.65873 -0.926679 3
    endloop
  endfacet
endsolid OpenSCAD_Model
