solid OpenSCAD_Model
  facet normal 0.999464 0.0327381 0
    outer loop
      vertex -46.85 0 8
      vertex -46.8786 0.873132 2
      vertex -46.8786 0.873132 8
    endloop
  endfacet
  facet normal 0.999464 0.0327381 0
    outer loop
      vertex -46.8786 0.873132 2
      vertex -46.85 0 8
      vertex -46.85 0 2
    endloop
  endfacet
  facet normal -0.999464 0.0327381 0
    outer loop
      vertex -73.55 0 0
      vertex -73.5214 0.873132 8
      vertex -73.5214 0.873132 0
    endloop
  endfacet
  facet normal -0.999464 0.0327381 0
    outer loop
      vertex -73.5214 0.873132 8
      vertex -73.55 0 0
      vertex -73.55 0 8
    endloop
  endfacet
  facet normal 0.0327393 0.999464 -0
    outer loop
      vertex -59.3269 13.3214 2
      vertex -60.2 13.35 8
      vertex -59.3269 13.3214 8
    endloop
  endfacet
  facet normal 0.0327393 0.999464 0
    outer loop
      vertex -60.2 13.35 8
      vertex -59.3269 13.3214 2
      vertex -60.2 13.35 2
    endloop
  endfacet
  facet normal 0.683624 0.729834 -0
    outer loop
      vertex -50.7601 9.43987 0
      vertex -51.3977 10.0371 8
      vertex -50.7601 9.43987 8
    endloop
  endfacet
  facet normal 0.683624 0.729834 0
    outer loop
      vertex -51.3977 10.0371 8
      vertex -50.7601 9.43987 0
      vertex -51.3977 10.0371 0
    endloop
  endfacet
  facet normal -0.683624 0.729834 0
    outer loop
      vertex -69.0023 10.0371 0
      vertex -69.6399 9.43987 8
      vertex -69.0023 10.0371 8
    endloop
  endfacet
  facet normal -0.683624 0.729834 0
    outer loop
      vertex -69.6399 9.43987 8
      vertex -69.0023 10.0371 0
      vertex -69.6399 9.43987 0
    endloop
  endfacet
  facet normal -0.352227 0.935915 0
    outer loop
      vertex -64.4912 12.6415 2
      vertex -65.3088 12.3338 8
      vertex -64.4912 12.6415 8
    endloop
  endfacet
  facet normal -0.352209 0.935921 2.82331e-06
    outer loop
      vertex -65.2658 12.35 2
      vertex -65.3088 12.3338 8
      vertex -64.4912 12.6415 2
    endloop
  endfacet
  facet normal -0.352554 0.935791 0
    outer loop
      vertex -65.3088 12.3338 0
      vertex -65.2658 12.35 2
      vertex -65.2658 12.35 0
    endloop
  endfacet
  facet normal -0.352554 0.935791 0
    outer loop
      vertex -65.2658 12.35 2
      vertex -65.3088 12.3338 0
      vertex -65.3088 12.3338 8
    endloop
  endfacet
  facet normal 0.910881 0.412668 0
    outer loop
      vertex -47.8662 5.10882 8
      vertex -48.2267 5.90455 0
      vertex -48.2267 5.90455 8
    endloop
  endfacet
  facet normal 0.910881 0.412668 0
    outer loop
      vertex -48.2267 5.90455 0
      vertex -47.8662 5.10882 8
      vertex -47.8662 5.10882 0
    endloop
  endfacet
  facet normal 0.412638 0.910895 -0
    outer loop
      vertex -54.2954 11.9733 0
      vertex -55.0912 12.3338 8
      vertex -54.2954 11.9733 8
    endloop
  endfacet
  facet normal 0.412638 0.910895 0
    outer loop
      vertex -55.0912 12.3338 8
      vertex -54.2954 11.9733 0
      vertex -55.0912 12.3338 0
    endloop
  endfacet
  facet normal 0.58244 0.812874 -0
    outer loop
      vertex -52.073 10.5913 0
      vertex -52.7831 11.1001 8
      vertex -52.073 10.5913 8
    endloop
  endfacet
  facet normal 0.58244 0.812874 0
    outer loop
      vertex -52.7831 11.1001 8
      vertex -52.073 10.5913 0
      vertex -52.7831 11.1001 0
    endloop
  endfacet
  facet normal -0.910838 0.412763 0
    outer loop
      vertex -72.5338 5.10882 0
      vertex -72.1732 5.90455 8
      vertex -72.1732 5.90455 0
    endloop
  endfacet
  facet normal -0.910838 0.412763 0
    outer loop
      vertex -72.1732 5.90455 8
      vertex -72.5338 5.10882 0
      vertex -72.5338 5.10882 8
    endloop
  endfacet
  facet normal -0.162877 0.986646 0
    outer loop
      vertex -61.9425 13.2358 2
      vertex -62.8045 13.0935 8
      vertex -61.9425 13.2358 8
    endloop
  endfacet
  facet normal -0.162877 0.986646 0
    outer loop
      vertex -62.8045 13.0935 8
      vertex -61.9425 13.2358 2
      vertex -62.8045 13.0935 2
    endloop
  endfacet
  facet normal 0.973851 0.227188 0
    outer loop
      vertex -47.3049 3.45523 8
      vertex -47.1987 3 2
      vertex -47.3049 3.45523 0
    endloop
  endfacet
  facet normal 0.97387 0.227104 6.71622e-06
    outer loop
      vertex -47.1065 2.60445 8
      vertex -47.1987 3 2
      vertex -47.3049 3.45523 8
    endloop
  endfacet
  facet normal 0.973893 0.227008 0
    outer loop
      vertex -47.1987 3 2
      vertex -47.1065 2.60445 8
      vertex -47.1065 2.60445 2
    endloop
  endfacet
  facet normal 0.973851 0.227188 0
    outer loop
      vertex -47.3049 3.45523 0
      vertex -47.1987 3 2
      vertex -47.1987 3 0
    endloop
  endfacet
  facet normal 0.995188 0.0979863 0
    outer loop
      vertex -46.8786 0.873132 8
      vertex -46.9642 1.74252 2
      vertex -46.9642 1.74252 8
    endloop
  endfacet
  facet normal 0.995188 0.0979863 0
    outer loop
      vertex -46.9642 1.74252 2
      vertex -46.8786 0.873132 8
      vertex -46.8786 0.873132 2
    endloop
  endfacet
  facet normal 0.812874 0.58244 0
    outer loop
      vertex -49.0999 7.41686 8
      vertex -49.6087 8.12696 0
      vertex -49.6087 8.12696 8
    endloop
  endfacet
  facet normal 0.812874 0.58244 0
    outer loop
      vertex -49.6087 8.12696 0
      vertex -49.0999 7.41686 8
      vertex -49.0999 7.41686 0
    endloop
  endfacet
  facet normal 0.773018 0.634385 0
    outer loop
      vertex -49.6087 8.12696 8
      vertex -50.1629 8.80227 0
      vertex -50.1629 8.80227 8
    endloop
  endfacet
  facet normal 0.773018 0.634385 0
    outer loop
      vertex -50.1629 8.80227 0
      vertex -49.6087 8.12696 8
      vertex -49.6087 8.12696 0
    endloop
  endfacet
  facet normal 0.849212 0.528053 0
    outer loop
      vertex -48.6386 6.675 8
      vertex -49.0999 7.41686 0
      vertex -49.0999 7.41686 8
    endloop
  endfacet
  facet normal 0.849212 0.528053 0
    outer loop
      vertex -49.0999 7.41686 0
      vertex -48.6386 6.675 8
      vertex -48.6386 6.675 0
    endloop
  endfacet
  facet normal 0.227125 0.973866 -0
    outer loop
      vertex -56.7448 12.8951 2
      vertex -57.5955 13.0935 8
      vertex -56.7448 12.8951 8
    endloop
  endfacet
  facet normal 0.227125 0.973866 0
    outer loop
      vertex -57.5955 13.0935 8
      vertex -56.7448 12.8951 2
      vertex -57.5955 13.0935 2
    endloop
  endfacet
  facet normal 0.352227 0.935915 2.6748e-06
    outer loop
      vertex -55.0912 12.3338 8
      vertex -55.1342 12.35 2
      vertex -55.9088 12.6415 8
    endloop
  endfacet
  facet normal 0.352554 0.935791 -0
    outer loop
      vertex -55.0912 12.3338 0
      vertex -55.1342 12.35 2
      vertex -55.0912 12.3338 8
    endloop
  endfacet
  facet normal 0.352554 0.935791 0
    outer loop
      vertex -55.1342 12.35 2
      vertex -55.0912 12.3338 0
      vertex -55.1342 12.35 0
    endloop
  endfacet
  facet normal 0.352209 0.935921 0
    outer loop
      vertex -55.9088 12.6415 8
      vertex -55.1342 12.35 2
      vertex -55.9088 12.6415 2
    endloop
  endfacet
  facet normal 0.162877 0.986646 -0
    outer loop
      vertex -57.5955 13.0935 2
      vertex -58.4575 13.2358 8
      vertex -57.5955 13.0935 8
    endloop
  endfacet
  facet normal 0.162877 0.986646 0
    outer loop
      vertex -58.4575 13.2358 8
      vertex -57.5955 13.0935 2
      vertex -58.4575 13.2358 2
    endloop
  endfacet
  facet normal 0.528032 0.849224 -0
    outer loop
      vertex -52.7831 11.1001 0
      vertex -53.525 11.5614 8
      vertex -52.7831 11.1001 8
    endloop
  endfacet
  facet normal 0.528032 0.849224 0
    outer loop
      vertex -53.525 11.5614 8
      vertex -52.7831 11.1001 0
      vertex -53.525 11.5614 0
    endloop
  endfacet
  facet normal 0.63439 0.773013 -0
    outer loop
      vertex -51.3977 10.0371 0
      vertex -52.073 10.5913 8
      vertex -51.3977 10.0371 8
    endloop
  endfacet
  facet normal 0.63439 0.773013 0
    outer loop
      vertex -52.073 10.5913 8
      vertex -51.3977 10.0371 0
      vertex -52.073 10.5913 0
    endloop
  endfacet
  facet normal -0.97387 0.227104 0
    outer loop
      vertex -73.2935 2.60445 0
      vertex -73.0951 3.45523 8
      vertex -73.0951 3.45523 0
    endloop
  endfacet
  facet normal -0.97387 0.227104 0
    outer loop
      vertex -73.0951 3.45523 8
      vertex -73.2935 2.60445 0
      vertex -73.2935 2.60445 8
    endloop
  endfacet
  facet normal -0.812874 0.58244 0
    outer loop
      vertex -71.3001 7.41686 0
      vertex -70.7913 8.12696 8
      vertex -70.7913 8.12696 0
    endloop
  endfacet
  facet normal -0.812874 0.58244 0
    outer loop
      vertex -70.7913 8.12696 8
      vertex -71.3001 7.41686 0
      vertex -71.3001 7.41686 8
    endloop
  endfacet
  facet normal -0.729851 0.683606 0
    outer loop
      vertex -70.2371 8.80227 0
      vertex -69.6399 9.43987 8
      vertex -69.6399 9.43987 0
    endloop
  endfacet
  facet normal -0.729851 0.683606 0
    outer loop
      vertex -69.6399 9.43987 8
      vertex -70.2371 8.80227 0
      vertex -70.2371 8.80227 8
    endloop
  endfacet
  facet normal -0.849212 0.528053 0
    outer loop
      vertex -71.7614 6.675 0
      vertex -71.3001 7.41686 8
      vertex -71.3001 7.41686 0
    endloop
  endfacet
  facet normal -0.849212 0.528053 0
    outer loop
      vertex -71.3001 7.41686 8
      vertex -71.7614 6.675 0
      vertex -71.7614 6.675 8
    endloop
  endfacet
  facet normal -0.935915 0.352227 0
    outer loop
      vertex -72.8415 4.29122 0
      vertex -72.5338 5.10882 8
      vertex -72.5338 5.10882 0
    endloop
  endfacet
  facet normal -0.935915 0.352227 0
    outer loop
      vertex -72.5338 5.10882 8
      vertex -72.8415 4.29122 0
      vertex -72.8415 4.29122 8
    endloop
  endfacet
  facet normal -0.986644 0.16289 0
    outer loop
      vertex -73.4358 1.74252 0
      vertex -73.2935 2.60445 8
      vertex -73.2935 2.60445 0
    endloop
  endfacet
  facet normal -0.986644 0.16289 0
    outer loop
      vertex -73.2935 2.60445 8
      vertex -73.4358 1.74252 0
      vertex -73.4358 1.74252 8
    endloop
  endfacet
  facet normal -0.528032 0.849224 0
    outer loop
      vertex -66.875 11.5614 0
      vertex -67.6169 11.1001 8
      vertex -66.875 11.5614 8
    endloop
  endfacet
  facet normal -0.528032 0.849224 0
    outer loop
      vertex -67.6169 11.1001 8
      vertex -66.875 11.5614 0
      vertex -67.6169 11.1001 0
    endloop
  endfacet
  facet normal -0.0979849 0.995188 0
    outer loop
      vertex -61.0731 13.3214 2
      vertex -61.9425 13.2358 8
      vertex -61.0731 13.3214 8
    endloop
  endfacet
  facet normal -0.0979849 0.995188 0
    outer loop
      vertex -61.9425 13.2358 8
      vertex -61.0731 13.3214 2
      vertex -61.9425 13.2358 2
    endloop
  endfacet
  facet normal 0.63439 -0.773013 0
    outer loop
      vertex -52.073 -10.5913 0
      vertex -51.3977 -10.0371 8
      vertex -52.073 -10.5913 8
    endloop
  endfacet
  facet normal 0.63439 -0.773013 0
    outer loop
      vertex -51.3977 -10.0371 8
      vertex -52.073 -10.5913 0
      vertex -51.3977 -10.0371 0
    endloop
  endfacet
  facet normal 0.995188 -0.0979863 0
    outer loop
      vertex -46.9642 -1.74252 8
      vertex -46.8786 -0.873132 2
      vertex -46.8786 -0.873132 8
    endloop
  endfacet
  facet normal 0.995188 -0.0979863 0
    outer loop
      vertex -46.8786 -0.873132 2
      vertex -46.9642 -1.74252 8
      vertex -46.9642 -1.74252 2
    endloop
  endfacet
  facet normal -0.683624 -0.729834 0
    outer loop
      vertex -69.6399 -9.43987 0
      vertex -69.0023 -10.0371 8
      vertex -69.6399 -9.43987 8
    endloop
  endfacet
  facet normal -0.683624 -0.729834 -0
    outer loop
      vertex -69.0023 -10.0371 8
      vertex -69.6399 -9.43987 0
      vertex -69.0023 -10.0371 0
    endloop
  endfacet
  facet normal -0.528032 -0.849224 0
    outer loop
      vertex -67.6169 -11.1001 0
      vertex -66.875 -11.5614 8
      vertex -67.6169 -11.1001 8
    endloop
  endfacet
  facet normal -0.528032 -0.849224 -0
    outer loop
      vertex -66.875 -11.5614 8
      vertex -67.6169 -11.1001 0
      vertex -66.875 -11.5614 0
    endloop
  endfacet
  facet normal -0.352227 -0.935915 0
    outer loop
      vertex -65.3088 -12.3338 0
      vertex -64.4912 -12.6415 8
      vertex -65.3088 -12.3338 8
    endloop
  endfacet
  facet normal -0.352227 -0.935915 -0
    outer loop
      vertex -64.4912 -12.6415 8
      vertex -65.3088 -12.3338 0
      vertex -64.4912 -12.6415 0
    endloop
  endfacet
  facet normal -0.162877 -0.986646 0
    outer loop
      vertex -62.8045 -13.0935 0
      vertex -61.9425 -13.2358 8
      vertex -62.8045 -13.0935 8
    endloop
  endfacet
  facet normal -0.162877 -0.986646 -0
    outer loop
      vertex -61.9425 -13.2358 8
      vertex -62.8045 -13.0935 0
      vertex -61.9425 -13.2358 0
    endloop
  endfacet
  facet normal 0 0 -1
    outer loop
      vertex -60.2 -3 0
      vertex -49.6734 3 0
      vertex -49.6734 -3 0
    endloop
  endfacet
  facet normal -0 0 -1
    outer loop
      vertex -49.6734 3 0
      vertex -60.2 -3 0
      vertex -60.2 3 0
    endloop
  endfacet
  facet normal 0 0 -1
    outer loop
      vertex -50.3792 4.84306 0
      vertex -48.2267 5.90455 0
      vertex -50.0835 4.19038 0
    endloop
  endfacet
  facet normal -0 0 -1
    outer loop
      vertex -48.2267 5.90455 0
      vertex -50.3792 4.84306 0
      vertex -48.6386 6.675 0
    endloop
  endfacet
  facet normal 0 0 -1
    outer loop
      vertex -50.717 5.475 0
      vertex -48.6386 6.675 0
      vertex -50.3792 4.84306 0
    endloop
  endfacet
  facet normal -0 0 -1
    outer loop
      vertex -48.6386 6.675 0
      vertex -50.717 5.475 0
      vertex -49.0999 7.41686 0
    endloop
  endfacet
  facet normal 0 0 -1
    outer loop
      vertex -51.0954 6.08349 0
      vertex -49.0999 7.41686 0
      vertex -50.717 5.475 0
    endloop
  endfacet
  facet normal -0 0 -1
    outer loop
      vertex -49.0999 7.41686 0
      vertex -51.0954 6.08349 0
      vertex -49.6087 8.12696 0
    endloop
  endfacet
  facet normal 0 0 -1
    outer loop
      vertex -51.5128 6.66594 0
      vertex -49.6087 8.12696 0
      vertex -51.0954 6.08349 0
    endloop
  endfacet
  facet normal -0 0 -1
    outer loop
      vertex -49.6087 8.12696 0
      vertex -51.5128 6.66594 0
      vertex -50.1629 8.80227 0
    endloop
  endfacet
  facet normal 0 0 -1
    outer loop
      vertex -51.9674 7.21984 0
      vertex -50.1629 8.80227 0
      vertex -51.5128 6.66594 0
    endloop
  endfacet
  facet normal -0 0 -1
    outer loop
      vertex -50.1629 8.80227 0
      vertex -51.9674 7.21984 0
      vertex -50.7601 9.43987 0
    endloop
  endfacet
  facet normal 0 0 -1
    outer loop
      vertex -52.4572 7.74282 0
      vertex -50.7601 9.43987 0
      vertex -51.9674 7.21984 0
    endloop
  endfacet
  facet normal -0 0 -1
    outer loop
      vertex -50.7601 9.43987 0
      vertex -52.4572 7.74282 0
      vertex -51.3977 10.0371 0
    endloop
  endfacet
  facet normal 0 0 -1
    outer loop
      vertex -52.9802 8.23265 0
      vertex -51.3977 10.0371 0
      vertex -52.4572 7.74282 0
    endloop
  endfacet
  facet normal -0 0 -1
    outer loop
      vertex -51.3977 10.0371 0
      vertex -52.9802 8.23265 0
      vertex -52.073 10.5913 0
    endloop
  endfacet
  facet normal 0 0 -1
    outer loop
      vertex -53.5341 8.68722 0
      vertex -52.073 10.5913 0
      vertex -52.9802 8.23265 0
    endloop
  endfacet
  facet normal -0 0 -1
    outer loop
      vertex -52.073 10.5913 0
      vertex -53.5341 8.68722 0
      vertex -52.7831 11.1001 0
    endloop
  endfacet
  facet normal 0 0 -1
    outer loop
      vertex -54.1165 9.10459 0
      vertex -52.7831 11.1001 0
      vertex -53.5341 8.68722 0
    endloop
  endfacet
  facet normal -0 0 -1
    outer loop
      vertex -52.7831 11.1001 0
      vertex -54.1165 9.10459 0
      vertex -53.525 11.5614 0
    endloop
  endfacet
  facet normal 0 0 -1
    outer loop
      vertex -54.725 9.48298 0
      vertex -53.525 11.5614 0
      vertex -54.1165 9.10459 0
    endloop
  endfacet
  facet normal -0 0 -1
    outer loop
      vertex -53.525 11.5614 0
      vertex -54.725 9.48298 0
      vertex -54.2954 11.9733 0
    endloop
  endfacet
  facet normal 0 0 -1
    outer loop
      vertex -55.3569 9.82076 0
      vertex -54.2954 11.9733 0
      vertex -54.725 9.48298 0
    endloop
  endfacet
  facet normal -0 0 -1
    outer loop
      vertex -54.2954 11.9733 0
      vertex -55.3569 9.82076 0
      vertex -55.0912 12.3338 0
    endloop
  endfacet
  facet normal 0 0 -1
    outer loop
      vertex -56.0096 10.1165 0
      vertex -55.0912 12.3338 0
      vertex -55.3569 9.82076 0
    endloop
  endfacet
  facet normal 0 0 -1
    outer loop
      vertex -40.6788 -3 0
      vertex -19.5212 3 0
      vertex -19.5212 -3 0
    endloop
  endfacet
  facet normal -0 0 -1
    outer loop
      vertex -19.5212 3 0
      vertex -40.6788 -3 0
      vertex -40.6788 3 0
    endloop
  endfacet
  facet normal 0 0 -1
    outer loop
      vertex -20.2344 4.86518 0
      vertex -18.0819 5.92667 0
      vertex -19.9373 4.20952 0
    endloop
  endfacet
  facet normal -0 0 -1
    outer loop
      vertex -18.0819 5.92667 0
      vertex -20.2344 4.86518 0
      vertex -18.4953 6.7 0
    endloop
  endfacet
  facet normal 0 0 -1
    outer loop
      vertex -20.5737 5.5 0
      vertex -18.4953 6.7 0
      vertex -20.2344 4.86518 0
    endloop
  endfacet
  facet normal -0 0 -1
    outer loop
      vertex -18.4953 6.7 0
      vertex -20.5737 5.5 0
      vertex -18.9583 7.44464 0
    endloop
  endfacet
  facet normal 0 0 -1
    outer loop
      vertex -20.9538 6.11127 0
      vertex -18.9583 7.44464 0
      vertex -20.5737 5.5 0
    endloop
  endfacet
  facet normal -0 0 -1
    outer loop
      vertex -18.9583 7.44464 0
      vertex -20.9538 6.11127 0
      vertex -19.4691 8.1574 0
    endloop
  endfacet
  facet normal 0 0 -1
    outer loop
      vertex -21.3731 6.69637 0
      vertex -19.4691 8.1574 0
      vertex -20.9538 6.11127 0
    endloop
  endfacet
  facet normal -0 0 -1
    outer loop
      vertex -19.4691 8.1574 0
      vertex -21.3731 6.69637 0
      vertex -20.0253 8.83523 0
    endloop
  endfacet
  facet normal 0 0 -1
    outer loop
      vertex -21.8298 7.2528 0
      vertex -20.0253 8.83523 0
      vertex -21.3731 6.69637 0
    endloop
  endfacet
  facet normal -0 0 -1
    outer loop
      vertex -20.0253 8.83523 0
      vertex -21.8298 7.2528 0
      vertex -20.6248 9.47523 0
    endloop
  endfacet
  facet normal 0 0 -1
    outer loop
      vertex -22.3218 7.77817 0
      vertex -20.6248 9.47523 0
      vertex -21.8298 7.2528 0
    endloop
  endfacet
  facet normal -0 0 -1
    outer loop
      vertex -20.6248 9.47523 0
      vertex -22.3218 7.77817 0
      vertex -21.2648 10.0747 0
    endloop
  endfacet
  facet normal 0 0 -1
    outer loop
      vertex -22.8472 8.27024 0
      vertex -21.2648 10.0747 0
      vertex -22.3218 7.77817 0
    endloop
  endfacet
  facet normal -0 0 -1
    outer loop
      vertex -21.2648 10.0747 0
      vertex -22.8472 8.27024 0
      vertex -21.9426 10.6309 0
    endloop
  endfacet
  facet normal 0 0 -1
    outer loop
      vertex -23.4036 8.72689 0
      vertex -21.9426 10.6309 0
      vertex -22.8472 8.27024 0
    endloop
  endfacet
  facet normal -0 0 -1
    outer loop
      vertex -21.9426 10.6309 0
      vertex -23.4036 8.72689 0
      vertex -22.6554 11.1417 0
    endloop
  endfacet
  facet normal 0 0 -1
    outer loop
      vertex -23.9887 9.14616 0
      vertex -22.6554 11.1417 0
      vertex -23.4036 8.72689 0
    endloop
  endfacet
  facet normal -0 0 -1
    outer loop
      vertex -22.6554 11.1417 0
      vertex -23.9887 9.14616 0
      vertex -23.4 11.6047 0
    endloop
  endfacet
  facet normal 0 0 -1
    outer loop
      vertex -24.6 9.52628 0
      vertex -23.4 11.6047 0
      vertex -23.9887 9.14616 0
    endloop
  endfacet
  facet normal -0 0 -1
    outer loop
      vertex -23.4 11.6047 0
      vertex -24.6 9.52628 0
      vertex -24.1733 12.0181 0
    endloop
  endfacet
  facet normal 0 0 -1
    outer loop
      vertex -25.2348 9.8656 0
      vertex -24.1733 12.0181 0
      vertex -24.6 9.52628 0
    endloop
  endfacet
  facet normal -0 0 -1
    outer loop
      vertex -24.1733 12.0181 0
      vertex -25.2348 9.8656 0
      vertex -24.972 12.38 0
    endloop
  endfacet
  facet normal 0 0 -1
    outer loop
      vertex -25.8905 10.1627 0
      vertex -24.972 12.38 0
      vertex -25.2348 9.8656 0
    endloop
  endfacet
  facet normal 0 0 -1
    outer loop
      vertex -10.631 -3 0
      vertex 10.631 3 0
      vertex 10.631 -3 0
    endloop
  endfacet
  facet normal -0 0 -1
    outer loop
      vertex 10.631 3 0
      vertex -10.631 -3 0
      vertex -10.631 3 0
    endloop
  endfacet
  facet normal 0 0 -1
    outer loop
      vertex 9.91044 4.88729 0
      vertex 12.0629 5.94878 0
      vertex 10.2089 4.22865 0
    endloop
  endfacet
  facet normal -0 0 -1
    outer loop
      vertex 12.0629 5.94878 0
      vertex 9.91044 4.88729 0
      vertex 11.648 6.725 0
    endloop
  endfacet
  facet normal 0 0 -1
    outer loop
      vertex 9.56958 5.525 0
      vertex 11.648 6.725 0
      vertex 9.91044 4.88729 0
    endloop
  endfacet
  facet normal -0 0 -1
    outer loop
      vertex 11.648 6.725 0
      vertex 9.56958 5.525 0
      vertex 11.1833 7.47242 0
    endloop
  endfacet
  facet normal 0 0 -1
    outer loop
      vertex 9.18774 6.13905 0
      vertex 11.1833 7.47242 0
      vertex 9.56958 5.525 0
    endloop
  endfacet
  facet normal -0 0 -1
    outer loop
      vertex 11.1833 7.47242 0
      vertex 9.18774 6.13905 0
      vertex 10.6706 8.18784 0
    endloop
  endfacet
  facet normal 0 0 -1
    outer loop
      vertex 8.76655 6.72681 0
      vertex 10.6706 8.18784 0
      vertex 9.18774 6.13905 0
    endloop
  endfacet
  facet normal -0 0 -1
    outer loop
      vertex 10.6706 8.18784 0
      vertex 8.76655 6.72681 0
      vertex 10.1122 8.8682 0
    endloop
  endfacet
  facet normal 0 0 -1
    outer loop
      vertex 8.30783 7.28577 0
      vertex 10.1122 8.8682 0
      vertex 8.76655 6.72681 0
    endloop
  endfacet
  facet normal -0 0 -1
    outer loop
      vertex 10.1122 8.8682 0
      vertex 8.30783 7.28577 0
      vertex 9.51059 9.51059 0
    endloop
  endfacet
  facet normal 0 0 -1
    outer loop
      vertex 7.81353 7.81353 0
      vertex 9.51059 9.51059 0
      vertex 8.30783 7.28577 0
    endloop
  endfacet
  facet normal -0 0 -1
    outer loop
      vertex 9.51059 9.51059 0
      vertex 7.81353 7.81353 0
      vertex 8.8682 10.1122 0
    endloop
  endfacet
  facet normal 0 0 -1
    outer loop
      vertex 7.28577 8.30783 0
      vertex 8.8682 10.1122 0
      vertex 7.81353 7.81353 0
    endloop
  endfacet
  facet normal -0 0 -1
    outer loop
      vertex 8.8682 10.1122 0
      vertex 7.28577 8.30783 0
      vertex 8.18784 10.6706 0
    endloop
  endfacet
  facet normal 0 0 -1
    outer loop
      vertex 6.72681 8.76655 0
      vertex 8.18784 10.6706 0
      vertex 7.28577 8.30783 0
    endloop
  endfacet
  facet normal -0 0 -1
    outer loop
      vertex 8.18784 10.6706 0
      vertex 6.72681 8.76655 0
      vertex 7.47242 11.1833 0
    endloop
  endfacet
  facet normal 0 0 -1
    outer loop
      vertex 6.13905 9.18774 0
      vertex 7.47242 11.1833 0
      vertex 6.72681 8.76655 0
    endloop
  endfacet
  facet normal -0 0 -1
    outer loop
      vertex 7.47242 11.1833 0
      vertex 6.13905 9.18774 0
      vertex 6.725 11.648 0
    endloop
  endfacet
  facet normal 0 0 -1
    outer loop
      vertex 5.525 9.56958 0
      vertex 6.725 11.648 0
      vertex 6.13905 9.18774 0
    endloop
  endfacet
  facet normal -0 0 -1
    outer loop
      vertex 6.725 11.648 0
      vertex 5.525 9.56958 0
      vertex 5.94878 12.0629 0
    endloop
  endfacet
  facet normal 0 0 -1
    outer loop
      vertex 4.88729 9.91044 0
      vertex 5.94878 12.0629 0
      vertex 5.525 9.56958 0
    endloop
  endfacet
  facet normal -0 0 -1
    outer loop
      vertex 5.94878 12.0629 0
      vertex 4.88729 9.91044 0
      vertex 5.14709 12.4262 0
    endloop
  endfacet
  facet normal 0 0 -1
    outer loop
      vertex 4.22865 10.2089 0
      vertex 5.14709 12.4262 0
      vertex 4.88729 9.91044 0
    endloop
  endfacet
  facet normal 0 0 -1
    outer loop
      vertex 19.4168 -3 0
      vertex 40.7832 3 0
      vertex 40.7832 -3 0
    endloop
  endfacet
  facet normal -0 0 -1
    outer loop
      vertex 40.7832 3 0
      vertex 19.4168 -3 0
      vertex 19.4168 3 0
    endloop
  endfacet
  facet normal 0 0 -1
    outer loop
      vertex 40.0553 4.9094 0
      vertex 42.2078 5.9709 0
      vertex 40.3551 4.24779 0
    endloop
  endfacet
  facet normal -0 0 -1
    outer loop
      vertex 42.2078 5.9709 0
      vertex 40.0553 4.9094 0
      vertex 41.7913 6.75 0
    endloop
  endfacet
  facet normal 0 0 -1
    outer loop
      vertex 39.7129 5.55 0
      vertex 41.7913 6.75 0
      vertex 40.0553 4.9094 0
    endloop
  endfacet
  facet normal -0 0 -1
    outer loop
      vertex 41.7913 6.75 0
      vertex 39.7129 5.55 0
      vertex 41.3248 7.5002 0
    endloop
  endfacet
  facet normal 0 0 -1
    outer loop
      vertex 39.3293 6.16683 0
      vertex 41.3248 7.5002 0
      vertex 39.7129 5.55 0
    endloop
  endfacet
  facet normal -0 0 -1
    outer loop
      vertex 41.3248 7.5002 0
      vertex 39.3293 6.16683 0
      vertex 40.8103 8.21828 0
    endloop
  endfacet
  facet normal 0 0 -1
    outer loop
      vertex 38.9062 6.75725 0
      vertex 40.8103 8.21828 0
      vertex 39.3293 6.16683 0
    endloop
  endfacet
  facet normal -0 0 -1
    outer loop
      vertex 40.8103 8.21828 0
      vertex 38.9062 6.75725 0
      vertex 40.2498 8.90117 0
    endloop
  endfacet
  facet normal 0 0 -1
    outer loop
      vertex 38.4454 7.31874 0
      vertex 40.2498 8.90117 0
      vertex 38.9062 6.75725 0
    endloop
  endfacet
  facet normal -0 0 -1
    outer loop
      vertex 40.2498 8.90117 0
      vertex 38.4454 7.31874 0
      vertex 39.6459 9.54594 0
    endloop
  endfacet
  facet normal 0 0 -1
    outer loop
      vertex 37.9489 7.84888 0
      vertex 39.6459 9.54594 0
      vertex 38.4454 7.31874 0
    endloop
  endfacet
  facet normal -0 0 -1
    outer loop
      vertex 39.6459 9.54594 0
      vertex 37.9489 7.84888 0
      vertex 39.0012 10.1498 0
    endloop
  endfacet
  facet normal 0 0 -1
    outer loop
      vertex 37.4187 8.34542 0
      vertex 39.0012 10.1498 0
      vertex 37.9489 7.84888 0
    endloop
  endfacet
  facet normal -0 0 -1
    outer loop
      vertex 39.0012 10.1498 0
      vertex 37.4187 8.34542 0
      vertex 38.3183 10.7103 0
    endloop
  endfacet
  facet normal 0 0 -1
    outer loop
      vertex 36.8573 8.80622 0
      vertex 38.3183 10.7103 0
      vertex 37.4187 8.34542 0
    endloop
  endfacet
  facet normal -0 0 -1
    outer loop
      vertex 38.3183 10.7103 0
      vertex 36.8573 8.80622 0
      vertex 37.6002 11.2248 0
    endloop
  endfacet
  facet normal 0 0 -1
    outer loop
      vertex 36.2668 9.22931 0
      vertex 37.6002 11.2248 0
      vertex 36.8573 8.80622 0
    endloop
  endfacet
  facet normal -0 0 -1
    outer loop
      vertex 37.6002 11.2248 0
      vertex 36.2668 9.22931 0
      vertex 36.85 11.6913 0
    endloop
  endfacet
  facet normal 0 0 -1
    outer loop
      vertex 35.65 9.61288 0
      vertex 36.85 11.6913 0
      vertex 36.2668 9.22931 0
    endloop
  endfacet
  facet normal -0 0 -1
    outer loop
      vertex 36.85 11.6913 0
      vertex 35.65 9.61288 0
      vertex 36.0709 12.1078 0
    endloop
  endfacet
  facet normal 0 0 -1
    outer loop
      vertex 35.0094 9.95529 0
      vertex 36.0709 12.1078 0
      vertex 35.65 9.61288 0
    endloop
  endfacet
  facet normal -0 0 -1
    outer loop
      vertex 36.0709 12.1078 0
      vertex 35.0094 9.95529 0
      vertex 35.2662 12.4724 0
    endloop
  endfacet
  facet normal 0 0 -1
    outer loop
      vertex 34.3478 10.2551 0
      vertex 35.2662 12.4724 0
      vertex 35.0094 9.95529 0
    endloop
  endfacet
  facet normal 0 0 -1
    outer loop
      vertex 71.35 0 0
      vertex 73.75 0 0
      vertex 73.721 -0.886212 0
    endloop
  endfacet
  facet normal 0 0 -1
    outer loop
      vertex 71.3261 -0.729244 0
      vertex 73.721 -0.886212 0
      vertex 73.6341 -1.76863 0
    endloop
  endfacet
  facet normal 0 0 -1
    outer loop
      vertex 73.75 0 0
      vertex 71.35 0 0
      vertex 73.721 0.886212 0
    endloop
  endfacet
  facet normal 0 0 -1
    outer loop
      vertex 71.2546 -1.45537 0
      vertex 73.6341 -1.76863 0
      vertex 73.4896 -2.64347 0
    endloop
  endfacet
  facet normal 0 0 -1
    outer loop
      vertex 71.3261 0.729244 0
      vertex 73.721 0.886212 0
      vertex 71.35 0 0
    endloop
  endfacet
  facet normal 0 0 -1
    outer loop
      vertex 71.1358 -2.17526 0
      vertex 73.4896 -2.64347 0
      vertex 73.2883 -3.507 0
    endloop
  endfacet
  facet normal -0 0 -1
    outer loop
      vertex 73.721 0.886212 0
      vertex 71.3261 0.729244 0
      vertex 73.6341 1.76863 0
    endloop
  endfacet
  facet normal 0 0 -1
    outer loop
      vertex 70.9701 -2.88583 0
      vertex 73.2883 -3.507 0
      vertex 73.0309 -4.3555 0
    endloop
  endfacet
  facet normal 0 0 -1
    outer loop
      vertex 71.2546 1.45537 0
      vertex 73.6341 1.76863 0
      vertex 71.3261 0.729244 0
    endloop
  endfacet
  facet normal 0 0 -1
    outer loop
      vertex 70.7583 -3.58405 0
      vertex 73.0309 -4.3555 0
      vertex 72.7186 -5.18536 0
    endloop
  endfacet
  facet normal -0 0 -1
    outer loop
      vertex 73.6341 1.76863 0
      vertex 71.2546 1.45537 0
      vertex 73.4896 2.64347 0
    endloop
  endfacet
  facet normal 0 0 -1
    outer loop
      vertex 70.5013 -4.26692 0
      vertex 72.7186 -5.18536 0
      vertex 72.3526 -5.99301 0
    endloop
  endfacet
  facet normal 0 0 -1
    outer loop
      vertex 71.1358 2.17526 0
      vertex 73.4896 2.64347 0
      vertex 71.2546 1.45537 0
    endloop
  endfacet
  facet normal 0 0 -1
    outer loop
      vertex 70.2001 -4.93152 0
      vertex 72.3526 -5.99301 0
      vertex 71.9346 -6.775 0
    endloop
  endfacet
  facet normal -0 0 -1
    outer loop
      vertex 73.4896 2.64347 0
      vertex 71.1358 2.17526 0
      vertex 73.2883 3.507 0
    endloop
  endfacet
  facet normal 0 0 -1
    outer loop
      vertex 69.8562 -5.575 0
      vertex 71.9346 -6.775 0
      vertex 71.4664 -7.52798 0
    endloop
  endfacet
  facet normal 0 0 -1
    outer loop
      vertex 70.9701 2.88583 0
      vertex 73.2883 3.507 0
      vertex 71.1358 2.17526 0
    endloop
  endfacet
  facet normal -0 0 -1
    outer loop
      vertex 73.2883 3.507 0
      vertex 70.9701 2.88583 0
      vertex 73.0309 4.3555 0
    endloop
  endfacet
  facet normal 0 0 -1
    outer loop
      vertex 73.721 -0.886212 0
      vertex 71.3261 -0.729244 0
      vertex 71.35 0 0
    endloop
  endfacet
  facet normal 0 0 -1
    outer loop
      vertex 73.6341 -1.76863 0
      vertex 71.2546 -1.45537 0
      vertex 71.3261 -0.729244 0
    endloop
  endfacet
  facet normal 0 0 -1
    outer loop
      vertex 73.4896 -2.64347 0
      vertex 71.1358 -2.17526 0
      vertex 71.2546 -1.45537 0
    endloop
  endfacet
  facet normal 0 0 -1
    outer loop
      vertex 73.2883 -3.507 0
      vertex 70.9701 -2.88583 0
      vertex 71.1358 -2.17526 0
    endloop
  endfacet
  facet normal 0 0 -1
    outer loop
      vertex 69.4709 -6.19461 0
      vertex 71.4664 -7.52798 0
      vertex 70.9499 -8.24872 0
    endloop
  endfacet
  facet normal 0 0 -1
    outer loop
      vertex 73.0309 -4.3555 0
      vertex 70.7583 -3.58405 0
      vertex 70.9701 -2.88583 0
    endloop
  endfacet
  facet normal 0 0 -1
    outer loop
      vertex 72.7186 -5.18536 0
      vertex 70.5013 -4.26692 0
      vertex 70.7583 -3.58405 0
    endloop
  endfacet
  facet normal 0 0 -1
    outer loop
      vertex 69.0459 -6.78769 0
      vertex 70.9499 -8.24872 0
      vertex 70.3874 -8.93414 0
    endloop
  endfacet
  facet normal 0 0 -1
    outer loop
      vertex 72.3526 -5.99301 0
      vertex 70.2001 -4.93152 0
      vertex 70.5013 -4.26692 0
    endloop
  endfacet
  facet normal 0 0 -1
    outer loop
      vertex 71.9346 -6.775 0
      vertex 69.8562 -5.575 0
      vertex 70.2001 -4.93152 0
    endloop
  endfacet
  facet normal 0 0 -1
    outer loop
      vertex 68.583 -7.35171 0
      vertex 70.3874 -8.93414 0
      vertex 69.7813 -9.5813 0
    endloop
  endfacet
  facet normal 0 0 -1
    outer loop
      vertex 71.4664 -7.52798 0
      vertex 69.4709 -6.19461 0
      vertex 69.8562 -5.575 0
    endloop
  endfacet
  facet normal 0 0 -1
    outer loop
      vertex 68.0842 -7.88424 0
      vertex 69.7813 -9.5813 0
      vertex 69.1341 -10.1874 0
    endloop
  endfacet
  facet normal 0 0 -1
    outer loop
      vertex 70.9499 -8.24872 0
      vertex 69.0459 -6.78769 0
      vertex 69.4709 -6.19461 0
    endloop
  endfacet
  facet normal 0 0 -1
    outer loop
      vertex 70.3874 -8.93414 0
      vertex 68.583 -7.35171 0
      vertex 69.0459 -6.78769 0
    endloop
  endfacet
  facet normal 0 0 -1
    outer loop
      vertex 67.5517 -8.38301 0
      vertex 69.1341 -10.1874 0
      vertex 68.4487 -10.7499 0
    endloop
  endfacet
  facet normal 0 0 -1
    outer loop
      vertex 69.7813 -9.5813 0
      vertex 68.0842 -7.88424 0
      vertex 68.583 -7.35171 0
    endloop
  endfacet
  facet normal 0 0 -1
    outer loop
      vertex 66.9877 -8.84589 0
      vertex 68.4487 -10.7499 0
      vertex 67.728 -11.2664 0
    endloop
  endfacet
  facet normal 0 0 -1
    outer loop
      vertex 69.1341 -10.1874 0
      vertex 67.5517 -8.38301 0
      vertex 68.0842 -7.88424 0
    endloop
  endfacet
  facet normal 0 0 -1
    outer loop
      vertex 68.4487 -10.7499 0
      vertex 66.9877 -8.84589 0
      vertex 67.5517 -8.38301 0
    endloop
  endfacet
  facet normal 0 0 -1
    outer loop
      vertex 66.3946 -9.27089 0
      vertex 67.728 -11.2664 0
      vertex 66.975 -11.7346 0
    endloop
  endfacet
  facet normal 0 0 -1
    outer loop
      vertex 67.728 -11.2664 0
      vertex 66.3946 -9.27089 0
      vertex 66.9877 -8.84589 0
    endloop
  endfacet
  facet normal 0 0 -1
    outer loop
      vertex 65.775 -9.65618 0
      vertex 66.975 -11.7346 0
      vertex 66.193 -12.1526 0
    endloop
  endfacet
  facet normal 0 0 -1
    outer loop
      vertex 66.975 -11.7346 0
      vertex 65.775 -9.65618 0
      vertex 66.3946 -9.27089 0
    endloop
  endfacet
  facet normal 0 0 -1
    outer loop
      vertex 65.1315 -10.0001 0
      vertex 66.193 -12.1526 0
      vertex 65.3854 -12.5186 0
    endloop
  endfacet
  facet normal 0 0 -1
    outer loop
      vertex 66.193 -12.1526 0
      vertex 65.1315 -10.0001 0
      vertex 65.775 -9.65618 0
    endloop
  endfacet
  facet normal 0 0 -1
    outer loop
      vertex 64.4669 -10.3013 0
      vertex 65.3854 -12.5186 0
      vertex 64.5555 -12.8309 0
    endloop
  endfacet
  facet normal 0 0 -1
    outer loop
      vertex 65.3854 -12.5186 0
      vertex 64.4669 -10.3013 0
      vertex 65.1315 -10.0001 0
    endloop
  endfacet
  facet normal 0 0 -1
    outer loop
      vertex 64.5555 -12.8309 0
      vertex 63.784 -10.5583 0
      vertex 64.4669 -10.3013 0
    endloop
  endfacet
  facet normal 0 0 -1
    outer loop
      vertex 63.707 -13.0883 0
      vertex 63.784 -10.5583 0
      vertex 64.5555 -12.8309 0
    endloop
  endfacet
  facet normal 0 0 -1
    outer loop
      vertex 63.707 -13.0883 0
      vertex 63.0858 -10.7701 0
      vertex 63.784 -10.5583 0
    endloop
  endfacet
  facet normal 0 0 -1
    outer loop
      vertex 62.8435 -13.2896 0
      vertex 63.0858 -10.7701 0
      vertex 63.707 -13.0883 0
    endloop
  endfacet
  facet normal 0 0 -1
    outer loop
      vertex 62.8435 -13.2896 0
      vertex 62.3753 -10.9358 0
      vertex 63.0858 -10.7701 0
    endloop
  endfacet
  facet normal 0 0 -1
    outer loop
      vertex 61.9686 -13.4341 0
      vertex 62.3753 -10.9358 0
      vertex 62.8435 -13.2896 0
    endloop
  endfacet
  facet normal 0 0 -1
    outer loop
      vertex 61.9686 -13.4341 0
      vertex 61.6554 -11.0546 0
      vertex 62.3753 -10.9358 0
    endloop
  endfacet
  facet normal 0 0 -1
    outer loop
      vertex 61.0862 -13.521 0
      vertex 61.6554 -11.0546 0
      vertex 61.9686 -13.4341 0
    endloop
  endfacet
  facet normal 0 0 -1
    outer loop
      vertex 61.0862 -13.521 0
      vertex 60.9292 -11.1261 0
      vertex 61.6554 -11.0546 0
    endloop
  endfacet
  facet normal 0 0 -1
    outer loop
      vertex 60.2 -13.55 0
      vertex 60.9292 -11.1261 0
      vertex 61.0862 -13.521 0
    endloop
  endfacet
  facet normal 0 0 -1
    outer loop
      vertex 60.2 -13.55 0
      vertex 60.2 -11.15 0
      vertex 60.9292 -11.1261 0
    endloop
  endfacet
  facet normal 0 0 -1
    outer loop
      vertex 60.2 -13.55 0
      vertex 59.4708 -11.1261 0
      vertex 60.2 -11.15 0
    endloop
  endfacet
  facet normal 0 0 -1
    outer loop
      vertex 59.3138 -13.521 0
      vertex 59.4708 -11.1261 0
      vertex 60.2 -13.55 0
    endloop
  endfacet
  facet normal 0 0 -1
    outer loop
      vertex 59.3138 -13.521 0
      vertex 58.7446 -11.0546 0
      vertex 59.4708 -11.1261 0
    endloop
  endfacet
  facet normal 0 0 -1
    outer loop
      vertex 58.4314 -13.4341 0
      vertex 58.7446 -11.0546 0
      vertex 59.3138 -13.521 0
    endloop
  endfacet
  facet normal 0 0 -1
    outer loop
      vertex 58.4314 -13.4341 0
      vertex 58.0247 -10.9358 0
      vertex 58.7446 -11.0546 0
    endloop
  endfacet
  facet normal 0 0 -1
    outer loop
      vertex 57.5565 -13.2896 0
      vertex 58.0247 -10.9358 0
      vertex 58.4314 -13.4341 0
    endloop
  endfacet
  facet normal 0 0 -1
    outer loop
      vertex 57.5565 -13.2896 0
      vertex 57.3142 -10.7701 0
      vertex 58.0247 -10.9358 0
    endloop
  endfacet
  facet normal 0 0 -1
    outer loop
      vertex 56.693 -13.0883 0
      vertex 57.3142 -10.7701 0
      vertex 57.5565 -13.2896 0
    endloop
  endfacet
  facet normal 0 0 -1
    outer loop
      vertex 56.693 -13.0883 0
      vertex 56.616 -10.5583 0
      vertex 57.3142 -10.7701 0
    endloop
  endfacet
  facet normal 0 0 -1
    outer loop
      vertex 55.8445 -12.8309 0
      vertex 56.616 -10.5583 0
      vertex 56.693 -13.0883 0
    endloop
  endfacet
  facet normal -0 0 -1
    outer loop
      vertex 56.616 -10.5583 0
      vertex 55.8445 -12.8309 0
      vertex 55.9331 -10.3013 0
    endloop
  endfacet
  facet normal 0 0 -1
    outer loop
      vertex 55.0146 -12.5186 0
      vertex 55.9331 -10.3013 0
      vertex 55.8445 -12.8309 0
    endloop
  endfacet
  facet normal -0 0 -1
    outer loop
      vertex 55.9331 -10.3013 0
      vertex 55.0146 -12.5186 0
      vertex 55.2685 -10.0001 0
    endloop
  endfacet
  facet normal 0 0 -1
    outer loop
      vertex 54.207 -12.1526 0
      vertex 55.2685 -10.0001 0
      vertex 55.0146 -12.5186 0
    endloop
  endfacet
  facet normal -0 0 -1
    outer loop
      vertex 55.2685 -10.0001 0
      vertex 54.207 -12.1526 0
      vertex 54.625 -9.65618 0
    endloop
  endfacet
  facet normal 0 0 -1
    outer loop
      vertex 53.425 -11.7346 0
      vertex 54.625 -9.65618 0
      vertex 54.207 -12.1526 0
    endloop
  endfacet
  facet normal -0 0 -1
    outer loop
      vertex 54.625 -9.65618 0
      vertex 53.425 -11.7346 0
      vertex 54.0054 -9.27089 0
    endloop
  endfacet
  facet normal 0 0 -1
    outer loop
      vertex 52.672 -11.2664 0
      vertex 54.0054 -9.27089 0
      vertex 53.425 -11.7346 0
    endloop
  endfacet
  facet normal -0 0 -1
    outer loop
      vertex 54.0054 -9.27089 0
      vertex 52.672 -11.2664 0
      vertex 53.4123 -8.84589 0
    endloop
  endfacet
  facet normal 0 0 -1
    outer loop
      vertex 51.9513 -10.7499 0
      vertex 53.4123 -8.84589 0
      vertex 52.672 -11.2664 0
    endloop
  endfacet
  facet normal -0 0 -1
    outer loop
      vertex 53.4123 -8.84589 0
      vertex 51.9513 -10.7499 0
      vertex 52.8483 -8.38301 0
    endloop
  endfacet
  facet normal 0 0 -1
    outer loop
      vertex 51.2659 -10.1874 0
      vertex 52.8483 -8.38301 0
      vertex 51.9513 -10.7499 0
    endloop
  endfacet
  facet normal -0 0 -1
    outer loop
      vertex 52.8483 -8.38301 0
      vertex 51.2659 -10.1874 0
      vertex 52.3158 -7.88424 0
    endloop
  endfacet
  facet normal 0 0 -1
    outer loop
      vertex 50.6187 -9.5813 0
      vertex 52.3158 -7.88424 0
      vertex 51.2659 -10.1874 0
    endloop
  endfacet
  facet normal -0 0 -1
    outer loop
      vertex 52.3158 -7.88424 0
      vertex 50.6187 -9.5813 0
      vertex 51.817 -7.35171 0
    endloop
  endfacet
  facet normal 0 0 -1
    outer loop
      vertex 50.0126 -8.93414 0
      vertex 51.817 -7.35171 0
      vertex 50.6187 -9.5813 0
    endloop
  endfacet
  facet normal -0 0 -1
    outer loop
      vertex 51.817 -7.35171 0
      vertex 50.0126 -8.93414 0
      vertex 51.3541 -6.78769 0
    endloop
  endfacet
  facet normal 0 0 -1
    outer loop
      vertex 49.4501 -8.24872 0
      vertex 51.3541 -6.78769 0
      vertex 50.0126 -8.93414 0
    endloop
  endfacet
  facet normal -0 0 -1
    outer loop
      vertex 51.3541 -6.78769 0
      vertex 49.4501 -8.24872 0
      vertex 50.9291 -6.19461 0
    endloop
  endfacet
  facet normal 0 0 -1
    outer loop
      vertex 48.9336 -7.52798 0
      vertex 50.9291 -6.19461 0
      vertex 49.4501 -8.24872 0
    endloop
  endfacet
  facet normal -0 0 -1
    outer loop
      vertex 50.9291 -6.19461 0
      vertex 48.9336 -7.52798 0
      vertex 50.5438 -5.575 0
    endloop
  endfacet
  facet normal 0 0 -1
    outer loop
      vertex 48.4654 -6.775 0
      vertex 50.5438 -5.575 0
      vertex 48.9336 -7.52798 0
    endloop
  endfacet
  facet normal -0 0 -1
    outer loop
      vertex 50.5438 -5.575 0
      vertex 48.4654 -6.775 0
      vertex 50.1999 -4.93152 0
    endloop
  endfacet
  facet normal -0 0 -1
    outer loop
      vertex 50.1999 -4.93152 0
      vertex 48.0474 -5.99301 0
      vertex 49.8987 -4.26692 0
    endloop
  endfacet
  facet normal 0 0 -1
    outer loop
      vertex 48.0474 -5.99301 0
      vertex 50.1999 -4.93152 0
      vertex 48.4654 -6.775 0
    endloop
  endfacet
  facet normal 0 0 -1
    outer loop
      vertex 70.7583 3.58405 0
      vertex 73.0309 4.3555 0
      vertex 70.9701 2.88583 0
    endloop
  endfacet
  facet normal -0 0 -1
    outer loop
      vertex 73.0309 4.3555 0
      vertex 70.7583 3.58405 0
      vertex 72.7186 5.18536 0
    endloop
  endfacet
  facet normal 0 0 -1
    outer loop
      vertex 70.5013 4.26692 0
      vertex 72.7186 5.18536 0
      vertex 70.7583 3.58405 0
    endloop
  endfacet
  facet normal -0 0 -1
    outer loop
      vertex 72.7186 5.18536 0
      vertex 70.5013 4.26692 0
      vertex 72.3526 5.99301 0
    endloop
  endfacet
  facet normal 0 0 -1
    outer loop
      vertex 70.2001 4.93152 0
      vertex 72.3526 5.99301 0
      vertex 70.5013 4.26692 0
    endloop
  endfacet
  facet normal -0 0 -1
    outer loop
      vertex 72.3526 5.99301 0
      vertex 70.2001 4.93152 0
      vertex 71.9346 6.775 0
    endloop
  endfacet
  facet normal 0 0 -1
    outer loop
      vertex 69.8562 5.575 0
      vertex 71.9346 6.775 0
      vertex 70.2001 4.93152 0
    endloop
  endfacet
  facet normal -0 0 -1
    outer loop
      vertex 71.9346 6.775 0
      vertex 69.8562 5.575 0
      vertex 71.4664 7.52798 0
    endloop
  endfacet
  facet normal 0 0 -1
    outer loop
      vertex 69.4709 6.19461 0
      vertex 71.4664 7.52798 0
      vertex 69.8562 5.575 0
    endloop
  endfacet
  facet normal -0 0 -1
    outer loop
      vertex 71.4664 7.52798 0
      vertex 69.4709 6.19461 0
      vertex 70.9499 8.24872 0
    endloop
  endfacet
  facet normal 0 0 -1
    outer loop
      vertex 69.0459 6.78769 0
      vertex 70.9499 8.24872 0
      vertex 69.4709 6.19461 0
    endloop
  endfacet
  facet normal -0 0 -1
    outer loop
      vertex 70.9499 8.24872 0
      vertex 69.0459 6.78769 0
      vertex 70.3874 8.93414 0
    endloop
  endfacet
  facet normal 0 0 -1
    outer loop
      vertex 68.583 7.35171 0
      vertex 70.3874 8.93414 0
      vertex 69.0459 6.78769 0
    endloop
  endfacet
  facet normal -0 0 -1
    outer loop
      vertex 70.3874 8.93414 0
      vertex 68.583 7.35171 0
      vertex 69.7813 9.5813 0
    endloop
  endfacet
  facet normal 0 0 -1
    outer loop
      vertex 68.0842 7.88424 0
      vertex 69.7813 9.5813 0
      vertex 68.583 7.35171 0
    endloop
  endfacet
  facet normal -0 0 -1
    outer loop
      vertex 69.7813 9.5813 0
      vertex 68.0842 7.88424 0
      vertex 69.1341 10.1874 0
    endloop
  endfacet
  facet normal 0 0 -1
    outer loop
      vertex 67.5517 8.38301 0
      vertex 69.1341 10.1874 0
      vertex 68.0842 7.88424 0
    endloop
  endfacet
  facet normal -0 0 -1
    outer loop
      vertex 69.1341 10.1874 0
      vertex 67.5517 8.38301 0
      vertex 68.4487 10.7499 0
    endloop
  endfacet
  facet normal 0 0 -1
    outer loop
      vertex 66.9877 8.84589 0
      vertex 68.4487 10.7499 0
      vertex 67.5517 8.38301 0
    endloop
  endfacet
  facet normal -0 0 -1
    outer loop
      vertex 68.4487 10.7499 0
      vertex 66.9877 8.84589 0
      vertex 67.728 11.2664 0
    endloop
  endfacet
  facet normal 0 0 -1
    outer loop
      vertex 66.3946 9.27089 0
      vertex 67.728 11.2664 0
      vertex 66.9877 8.84589 0
    endloop
  endfacet
  facet normal -0 0 -1
    outer loop
      vertex 67.728 11.2664 0
      vertex 66.3946 9.27089 0
      vertex 66.975 11.7346 0
    endloop
  endfacet
  facet normal 0 0 -1
    outer loop
      vertex 65.775 9.65618 0
      vertex 66.975 11.7346 0
      vertex 66.3946 9.27089 0
    endloop
  endfacet
  facet normal -0 0 -1
    outer loop
      vertex 66.975 11.7346 0
      vertex 65.775 9.65618 0
      vertex 66.193 12.1526 0
    endloop
  endfacet
  facet normal 0 0 -1
    outer loop
      vertex 65.1315 10.0001 0
      vertex 66.193 12.1526 0
      vertex 65.775 9.65618 0
    endloop
  endfacet
  facet normal -0 0 -1
    outer loop
      vertex 66.193 12.1526 0
      vertex 65.1315 10.0001 0
      vertex 65.3854 12.5186 0
    endloop
  endfacet
  facet normal 0 0 -1
    outer loop
      vertex 64.4669 10.3013 0
      vertex 65.3854 12.5186 0
      vertex 65.1315 10.0001 0
    endloop
  endfacet
  facet normal 0 0 -1
    outer loop
      vertex 65.3018 12.55 0
      vertex 68 21.55 0
      vertex 68 12.55 0
    endloop
  endfacet
  facet normal -0 0 -1
    outer loop
      vertex 65.3854 12.5186 0
      vertex 64.4669 10.3013 0
      vertex 65.3018 12.55 0
    endloop
  endfacet
  facet normal 0 0 -1
    outer loop
      vertex 63.784 10.5583 0
      vertex 65.3018 12.55 0
      vertex 64.4669 10.3013 0
    endloop
  endfacet
  facet normal 0 0 -1
    outer loop
      vertex 63.0858 10.7701 0
      vertex 65.3018 12.55 0
      vertex 63.784 10.5583 0
    endloop
  endfacet
  facet normal 0 0 -1
    outer loop
      vertex 62.3753 10.9358 0
      vertex 65.3018 12.55 0
      vertex 63.0858 10.7701 0
    endloop
  endfacet
  facet normal 0 0 -1
    outer loop
      vertex 61.6554 11.0546 0
      vertex 65.3018 12.55 0
      vertex 62.3753 10.9358 0
    endloop
  endfacet
  facet normal 0 0 -1
    outer loop
      vertex 60.9292 11.1261 0
      vertex 65.3018 12.55 0
      vertex 61.6554 11.0546 0
    endloop
  endfacet
  facet normal -0 0 -1
    outer loop
      vertex 65.3018 12.55 0
      vertex 60.9292 11.1261 0
      vertex 68 21.55 0
    endloop
  endfacet
  facet normal 0 0 -1
    outer loop
      vertex 60.2 11.15 0
      vertex 68 21.55 0
      vertex 60.9292 11.1261 0
    endloop
  endfacet
  facet normal 0 0 -1
    outer loop
      vertex 52.4 21.55 0
      vertex 60.2 11.15 0
      vertex 59.4708 11.1261 0
    endloop
  endfacet
  facet normal 0 0 -1
    outer loop
      vertex 55.0982 12.55 0
      vertex 59.4708 11.1261 0
      vertex 58.7446 11.0546 0
    endloop
  endfacet
  facet normal 0 0 -1
    outer loop
      vertex 55.0982 12.55 0
      vertex 58.7446 11.0546 0
      vertex 58.0247 10.9358 0
    endloop
  endfacet
  facet normal 0 0 -1
    outer loop
      vertex 55.0982 12.55 0
      vertex 58.0247 10.9358 0
      vertex 57.3142 10.7701 0
    endloop
  endfacet
  facet normal 0 0 -1
    outer loop
      vertex 55.0982 12.55 0
      vertex 57.3142 10.7701 0
      vertex 56.616 10.5583 0
    endloop
  endfacet
  facet normal 0 0 -1
    outer loop
      vertex 55.0982 12.55 0
      vertex 56.616 10.5583 0
      vertex 55.9331 10.3013 0
    endloop
  endfacet
  facet normal 0 0 -1
    outer loop
      vertex 55.0146 12.5186 0
      vertex 55.9331 10.3013 0
      vertex 55.2685 10.0001 0
    endloop
  endfacet
  facet normal 0 0 -1
    outer loop
      vertex 59.4708 11.1261 0
      vertex 55.0982 12.55 0
      vertex 52.4 21.55 0
    endloop
  endfacet
  facet normal 0 0 -1
    outer loop
      vertex 52.4 21.55 0
      vertex 55.0982 12.55 0
      vertex 52.4 12.55 0
    endloop
  endfacet
  facet normal 0 0 -1
    outer loop
      vertex 60.2 11.15 0
      vertex 52.4 21.55 0
      vertex 68 21.55 0
    endloop
  endfacet
  facet normal 0 0 -1
    outer loop
      vertex 35.1928 12.5 0
      vertex 37.9 21.5 0
      vertex 37.9 12.5 0
    endloop
  endfacet
  facet normal -0 0 -1
    outer loop
      vertex 35.2662 12.4724 0
      vertex 34.3478 10.2551 0
      vertex 35.1928 12.5 0
    endloop
  endfacet
  facet normal 0 0 -1
    outer loop
      vertex 33.668 10.5109 0
      vertex 35.1928 12.5 0
      vertex 34.3478 10.2551 0
    endloop
  endfacet
  facet normal 0 0 -1
    outer loop
      vertex 32.9729 10.7218 0
      vertex 35.1928 12.5 0
      vertex 33.668 10.5109 0
    endloop
  endfacet
  facet normal 0 0 -1
    outer loop
      vertex 32.2655 10.8867 0
      vertex 35.1928 12.5 0
      vertex 32.9729 10.7218 0
    endloop
  endfacet
  facet normal 0 0 -1
    outer loop
      vertex 31.5488 11.005 0
      vertex 35.1928 12.5 0
      vertex 32.2655 10.8867 0
    endloop
  endfacet
  facet normal 0 0 -1
    outer loop
      vertex 30.826 11.0762 0
      vertex 35.1928 12.5 0
      vertex 31.5488 11.005 0
    endloop
  endfacet
  facet normal -0 0 -1
    outer loop
      vertex 35.1928 12.5 0
      vertex 30.826 11.0762 0
      vertex 37.9 21.5 0
    endloop
  endfacet
  facet normal 0 0 -1
    outer loop
      vertex 30.1 11.1 0
      vertex 37.9 21.5 0
      vertex 30.826 11.0762 0
    endloop
  endfacet
  facet normal 0 0 -1
    outer loop
      vertex 22.3 21.5 0
      vertex 30.1 11.1 0
      vertex 29.374 11.0762 0
    endloop
  endfacet
  facet normal 0 0 -1
    outer loop
      vertex 25.0072 12.5 0
      vertex 29.374 11.0762 0
      vertex 28.6512 11.005 0
    endloop
  endfacet
  facet normal 0 0 -1
    outer loop
      vertex 25.0072 12.5 0
      vertex 28.6512 11.005 0
      vertex 27.9345 10.8867 0
    endloop
  endfacet
  facet normal 0 0 -1
    outer loop
      vertex 25.0072 12.5 0
      vertex 27.9345 10.8867 0
      vertex 27.2271 10.7218 0
    endloop
  endfacet
  facet normal 0 0 -1
    outer loop
      vertex 25.0072 12.5 0
      vertex 27.2271 10.7218 0
      vertex 26.532 10.5109 0
    endloop
  endfacet
  facet normal 0 0 -1
    outer loop
      vertex 25.0072 12.5 0
      vertex 26.532 10.5109 0
      vertex 25.8522 10.2551 0
    endloop
  endfacet
  facet normal 0 0 -1
    outer loop
      vertex 24.9338 12.4724 0
      vertex 25.8522 10.2551 0
      vertex 25.1906 9.95529 0
    endloop
  endfacet
  facet normal 0 0 -1
    outer loop
      vertex 29.374 11.0762 0
      vertex 25.0072 12.5 0
      vertex 22.3 21.5 0
    endloop
  endfacet
  facet normal 0 0 -1
    outer loop
      vertex 22.3 21.5 0
      vertex 25.0072 12.5 0
      vertex 22.3 12.5 0
    endloop
  endfacet
  facet normal 0 0 -1
    outer loop
      vertex 30.1 11.1 0
      vertex 22.3 21.5 0
      vertex 37.9 21.5 0
    endloop
  endfacet
  facet normal 0 0 -1
    outer loop
      vertex 5.0838 12.45 0
      vertex 7.8 21.45 0
      vertex 7.8 12.45 0
    endloop
  endfacet
  facet normal -0 0 -1
    outer loop
      vertex 5.14709 12.4262 0
      vertex 4.22865 10.2089 0
      vertex 5.0838 12.45 0
    endloop
  endfacet
  facet normal 0 0 -1
    outer loop
      vertex 3.55191 10.4636 0
      vertex 5.0838 12.45 0
      vertex 4.22865 10.2089 0
    endloop
  endfacet
  facet normal 0 0 -1
    outer loop
      vertex 2.85995 10.6735 0
      vertex 5.0838 12.45 0
      vertex 3.55191 10.4636 0
    endloop
  endfacet
  facet normal 0 0 -1
    outer loop
      vertex 2.15575 10.8377 0
      vertex 5.0838 12.45 0
      vertex 2.85995 10.6735 0
    endloop
  endfacet
  facet normal 0 0 -1
    outer loop
      vertex 1.44231 10.9555 0
      vertex 5.0838 12.45 0
      vertex 2.15575 10.8377 0
    endloop
  endfacet
  facet normal 0 0 -1
    outer loop
      vertex 0.722704 11.0263 0
      vertex 5.0838 12.45 0
      vertex 1.44231 10.9555 0
    endloop
  endfacet
  facet normal -0 0 -1
    outer loop
      vertex 5.0838 12.45 0
      vertex 0.722704 11.0263 0
      vertex 7.8 21.45 0
    endloop
  endfacet
  facet normal 0 0 -1
    outer loop
      vertex 0 11.05 0
      vertex 7.8 21.45 0
      vertex 0.722704 11.0263 0
    endloop
  endfacet
  facet normal 0 0 -1
    outer loop
      vertex -7.8 21.45 0
      vertex 0 11.05 0
      vertex -0.722704 11.0263 0
    endloop
  endfacet
  facet normal 0 0 -1
    outer loop
      vertex -5.0838 12.45 0
      vertex -0.722704 11.0263 0
      vertex -1.44231 10.9555 0
    endloop
  endfacet
  facet normal 0 0 -1
    outer loop
      vertex -5.0838 12.45 0
      vertex -1.44231 10.9555 0
      vertex -2.15575 10.8377 0
    endloop
  endfacet
  facet normal 0 0 -1
    outer loop
      vertex -5.0838 12.45 0
      vertex -2.15575 10.8377 0
      vertex -2.85995 10.6735 0
    endloop
  endfacet
  facet normal 0 0 -1
    outer loop
      vertex -5.0838 12.45 0
      vertex -2.85995 10.6735 0
      vertex -3.55191 10.4636 0
    endloop
  endfacet
  facet normal 0 0 -1
    outer loop
      vertex -5.0838 12.45 0
      vertex -3.55191 10.4636 0
      vertex -4.22865 10.2089 0
    endloop
  endfacet
  facet normal 0 0 -1
    outer loop
      vertex -5.14709 12.4262 0
      vertex -4.22865 10.2089 0
      vertex -4.88729 9.91044 0
    endloop
  endfacet
  facet normal 0 0 -1
    outer loop
      vertex -0.722704 11.0263 0
      vertex -5.0838 12.45 0
      vertex -7.8 21.45 0
    endloop
  endfacet
  facet normal 0 0 -1
    outer loop
      vertex -7.8 21.45 0
      vertex -5.0838 12.45 0
      vertex -7.8 12.45 0
    endloop
  endfacet
  facet normal 0 0 -1
    outer loop
      vertex 0 11.05 0
      vertex -7.8 21.45 0
      vertex 7.8 21.45 0
    endloop
  endfacet
  facet normal 0 0 -1
    outer loop
      vertex -25.0252 12.4 0
      vertex -22.3 21.4 0
      vertex -22.3 12.4 0
    endloop
  endfacet
  facet normal -0 0 -1
    outer loop
      vertex -24.972 12.38 0
      vertex -25.8905 10.1627 0
      vertex -25.0252 12.4 0
    endloop
  endfacet
  facet normal 0 0 -1
    outer loop
      vertex -26.5642 10.4162 0
      vertex -25.0252 12.4 0
      vertex -25.8905 10.1627 0
    endloop
  endfacet
  facet normal 0 0 -1
    outer loop
      vertex -27.253 10.6252 0
      vertex -25.0252 12.4 0
      vertex -26.5642 10.4162 0
    endloop
  endfacet
  facet normal 0 0 -1
    outer loop
      vertex -27.954 10.7886 0
      vertex -25.0252 12.4 0
      vertex -27.253 10.6252 0
    endloop
  endfacet
  facet normal 0 0 -1
    outer loop
      vertex -28.6642 10.9059 0
      vertex -25.0252 12.4 0
      vertex -27.954 10.7886 0
    endloop
  endfacet
  facet normal 0 0 -1
    outer loop
      vertex -29.3806 10.9764 0
      vertex -25.0252 12.4 0
      vertex -28.6642 10.9059 0
    endloop
  endfacet
  facet normal -0 0 -1
    outer loop
      vertex -25.0252 12.4 0
      vertex -29.3806 10.9764 0
      vertex -22.3 21.4 0
    endloop
  endfacet
  facet normal 0 0 -1
    outer loop
      vertex -30.1 11 0
      vertex -22.3 21.4 0
      vertex -29.3806 10.9764 0
    endloop
  endfacet
  facet normal 0 0 -1
    outer loop
      vertex -37.9 21.4 0
      vertex -30.1 11 0
      vertex -30.8194 10.9764 0
    endloop
  endfacet
  facet normal 0 0 -1
    outer loop
      vertex -35.1748 12.4 0
      vertex -30.8194 10.9764 0
      vertex -31.5358 10.9059 0
    endloop
  endfacet
  facet normal 0 0 -1
    outer loop
      vertex -35.1748 12.4 0
      vertex -31.5358 10.9059 0
      vertex -32.246 10.7886 0
    endloop
  endfacet
  facet normal 0 0 -1
    outer loop
      vertex -35.1748 12.4 0
      vertex -32.246 10.7886 0
      vertex -32.947 10.6252 0
    endloop
  endfacet
  facet normal 0 0 -1
    outer loop
      vertex -35.1748 12.4 0
      vertex -32.947 10.6252 0
      vertex -33.6358 10.4162 0
    endloop
  endfacet
  facet normal 0 0 -1
    outer loop
      vertex -35.1748 12.4 0
      vertex -33.6358 10.4162 0
      vertex -34.3095 10.1627 0
    endloop
  endfacet
  facet normal 0 0 -1
    outer loop
      vertex -35.228 12.38 0
      vertex -34.3095 10.1627 0
      vertex -34.9652 9.8656 0
    endloop
  endfacet
  facet normal 0 0 -1
    outer loop
      vertex -30.8194 10.9764 0
      vertex -35.1748 12.4 0
      vertex -37.9 21.4 0
    endloop
  endfacet
  facet normal 0 0 -1
    outer loop
      vertex -37.9 21.4 0
      vertex -35.1748 12.4 0
      vertex -37.9 12.4 0
    endloop
  endfacet
  facet normal 0 0 -1
    outer loop
      vertex -30.1 11 0
      vertex -37.9 21.4 0
      vertex -22.3 21.4 0
    endloop
  endfacet
  facet normal 0 0 -1
    outer loop
      vertex -55.1342 12.35 0
      vertex -52.4 21.35 0
      vertex -52.4 12.35 0
    endloop
  endfacet
  facet normal -0 0 -1
    outer loop
      vertex -55.0912 12.3338 0
      vertex -56.0096 10.1165 0
      vertex -55.1342 12.35 0
    endloop
  endfacet
  facet normal 0 0 -1
    outer loop
      vertex -56.6802 10.3689 0
      vertex -55.1342 12.35 0
      vertex -56.0096 10.1165 0
    endloop
  endfacet
  facet normal 0 0 -1
    outer loop
      vertex -57.3659 10.5769 0
      vertex -55.1342 12.35 0
      vertex -56.6802 10.3689 0
    endloop
  endfacet
  facet normal 0 0 -1
    outer loop
      vertex -58.0638 10.7396 0
      vertex -55.1342 12.35 0
      vertex -57.3659 10.5769 0
    endloop
  endfacet
  facet normal 0 0 -1
    outer loop
      vertex -58.7707 10.8563 0
      vertex -55.1342 12.35 0
      vertex -58.0638 10.7396 0
    endloop
  endfacet
  facet normal 0 0 -1
    outer loop
      vertex -59.4838 10.9266 0
      vertex -55.1342 12.35 0
      vertex -58.7707 10.8563 0
    endloop
  endfacet
  facet normal -0 0 -1
    outer loop
      vertex -55.1342 12.35 0
      vertex -59.4838 10.9266 0
      vertex -52.4 21.35 0
    endloop
  endfacet
  facet normal 0 0 -1
    outer loop
      vertex -60.2 10.95 0
      vertex -52.4 21.35 0
      vertex -59.4838 10.9266 0
    endloop
  endfacet
  facet normal 0 0 -1
    outer loop
      vertex -68 21.35 0
      vertex -60.2 10.95 0
      vertex -60.9162 10.9266 0
    endloop
  endfacet
  facet normal 0 0 -1
    outer loop
      vertex -65.2658 12.35 0
      vertex -60.9162 10.9266 0
      vertex -61.6293 10.8563 0
    endloop
  endfacet
  facet normal 0 0 -1
    outer loop
      vertex -65.2658 12.35 0
      vertex -61.6293 10.8563 0
      vertex -62.3362 10.7396 0
    endloop
  endfacet
  facet normal 0 0 -1
    outer loop
      vertex -65.2658 12.35 0
      vertex -62.3362 10.7396 0
      vertex -63.0341 10.5769 0
    endloop
  endfacet
  facet normal 0 0 -1
    outer loop
      vertex -65.2658 12.35 0
      vertex -63.0341 10.5769 0
      vertex -63.7198 10.3689 0
    endloop
  endfacet
  facet normal 0 0 -1
    outer loop
      vertex -65.2658 12.35 0
      vertex -63.7198 10.3689 0
      vertex -64.3904 10.1165 0
    endloop
  endfacet
  facet normal 0 0 -1
    outer loop
      vertex -65.3088 12.3338 0
      vertex -64.3904 10.1165 0
      vertex -65.0431 9.82076 0
    endloop
  endfacet
  facet normal 0 0 -1
    outer loop
      vertex -60.9162 10.9266 0
      vertex -65.2658 12.35 0
      vertex -68 21.35 0
    endloop
  endfacet
  facet normal 0 0 -1
    outer loop
      vertex -68 21.35 0
      vertex -65.2658 12.35 0
      vertex -68 12.35 0
    endloop
  endfacet
  facet normal 0 0 -1
    outer loop
      vertex -60.2 10.95 0
      vertex -68 21.35 0
      vertex -52.4 21.35 0
    endloop
  endfacet
  facet normal 0 0 -1
    outer loop
      vertex -64.3904 10.1165 0
      vertex -65.3088 12.3338 0
      vertex -65.2658 12.35 0
    endloop
  endfacet
  facet normal 0 0 -1
    outer loop
      vertex -66.1046 11.9733 0
      vertex -65.0431 9.82076 0
      vertex -65.675 9.48298 0
    endloop
  endfacet
  facet normal 0 0 -1
    outer loop
      vertex -65.0431 9.82076 0
      vertex -66.1046 11.9733 0
      vertex -65.3088 12.3338 0
    endloop
  endfacet
  facet normal 0 0 -1
    outer loop
      vertex -66.875 11.5614 0
      vertex -65.675 9.48298 0
      vertex -66.2835 9.10459 0
    endloop
  endfacet
  facet normal 0 0 -1
    outer loop
      vertex -67.6169 11.1001 0
      vertex -66.2835 9.10459 0
      vertex -66.8659 8.68722 0
    endloop
  endfacet
  facet normal 0 0 -1
    outer loop
      vertex -65.675 9.48298 0
      vertex -66.875 11.5614 0
      vertex -66.1046 11.9733 0
    endloop
  endfacet
  facet normal 0 0 -1
    outer loop
      vertex -68.327 10.5913 0
      vertex -66.8659 8.68722 0
      vertex -67.4198 8.23265 0
    endloop
  endfacet
  facet normal 0 0 -1
    outer loop
      vertex -66.2835 9.10459 0
      vertex -67.6169 11.1001 0
      vertex -66.875 11.5614 0
    endloop
  endfacet
  facet normal 0 0 -1
    outer loop
      vertex -69.0023 10.0371 0
      vertex -67.4198 8.23265 0
      vertex -67.9428 7.74282 0
    endloop
  endfacet
  facet normal 0 0 -1
    outer loop
      vertex -66.8659 8.68722 0
      vertex -68.327 10.5913 0
      vertex -67.6169 11.1001 0
    endloop
  endfacet
  facet normal 0 0 -1
    outer loop
      vertex -69.6399 9.43987 0
      vertex -67.9428 7.74282 0
      vertex -68.4326 7.21984 0
    endloop
  endfacet
  facet normal 0 0 -1
    outer loop
      vertex -70.2371 8.80227 0
      vertex -68.4326 7.21984 0
      vertex -68.8872 6.66594 0
    endloop
  endfacet
  facet normal 0 0 -1
    outer loop
      vertex -67.4198 8.23265 0
      vertex -69.0023 10.0371 0
      vertex -68.327 10.5913 0
    endloop
  endfacet
  facet normal 0 0 -1
    outer loop
      vertex -70.7913 8.12696 0
      vertex -68.8872 6.66594 0
      vertex -69.3046 6.08349 0
    endloop
  endfacet
  facet normal 0 0 -1
    outer loop
      vertex -67.9428 7.74282 0
      vertex -69.6399 9.43987 0
      vertex -69.0023 10.0371 0
    endloop
  endfacet
  facet normal 0 0 -1
    outer loop
      vertex -71.3001 7.41686 0
      vertex -69.3046 6.08349 0
      vertex -69.683 5.475 0
    endloop
  endfacet
  facet normal 0 0 -1
    outer loop
      vertex -71.7614 6.675 0
      vertex -69.683 5.475 0
      vertex -70.0208 4.84306 0
    endloop
  endfacet
  facet normal 0 0 -1
    outer loop
      vertex -68.4326 7.21984 0
      vertex -70.2371 8.80227 0
      vertex -69.6399 9.43987 0
    endloop
  endfacet
  facet normal 0 0 -1
    outer loop
      vertex -72.1732 5.90455 0
      vertex -70.0208 4.84306 0
      vertex -70.3165 4.19038 0
    endloop
  endfacet
  facet normal 0 0 -1
    outer loop
      vertex -72.5338 5.10882 0
      vertex -70.3165 4.19038 0
      vertex -70.5689 3.51976 0
    endloop
  endfacet
  facet normal 0 0 -1
    outer loop
      vertex -72.8415 4.29122 0
      vertex -70.5689 3.51976 0
      vertex -70.7769 2.83407 0
    endloop
  endfacet
  facet normal 0 0 -1
    outer loop
      vertex -68.8872 6.66594 0
      vertex -70.7913 8.12696 0
      vertex -70.2371 8.80227 0
    endloop
  endfacet
  facet normal 0 0 -1
    outer loop
      vertex -73.0951 3.45523 0
      vertex -70.7769 2.83407 0
      vertex -70.9396 2.13624 0
    endloop
  endfacet
  facet normal 0 0 -1
    outer loop
      vertex -73.2935 2.60445 0
      vertex -70.9396 2.13624 0
      vertex -71.0563 1.42926 0
    endloop
  endfacet
  facet normal 0 0 -1
    outer loop
      vertex -73.4358 1.74252 0
      vertex -71.0563 1.42926 0
      vertex -71.1266 0.716164 0
    endloop
  endfacet
  facet normal 0 0 -1
    outer loop
      vertex -69.3046 6.08349 0
      vertex -71.3001 7.41686 0
      vertex -70.7913 8.12696 0
    endloop
  endfacet
  facet normal 0 0 -1
    outer loop
      vertex -73.5214 0.873132 0
      vertex -71.1266 0.716164 0
      vertex -71.15 0 0
    endloop
  endfacet
  facet normal 0 0 -1
    outer loop
      vertex -73.0951 -3.45523 0
      vertex -70.7769 -2.83407 0
      vertex -72.8415 -4.29122 0
    endloop
  endfacet
  facet normal -0 0 -1
    outer loop
      vertex -70.7769 -2.83407 0
      vertex -73.0951 -3.45523 0
      vertex -70.9396 -2.13624 0
    endloop
  endfacet
  facet normal 0 0 -1
    outer loop
      vertex -69.683 5.475 0
      vertex -71.7614 6.675 0
      vertex -71.3001 7.41686 0
    endloop
  endfacet
  facet normal 0 0 -1
    outer loop
      vertex -73.2935 -2.60445 0
      vertex -70.9396 -2.13624 0
      vertex -73.0951 -3.45523 0
    endloop
  endfacet
  facet normal 0 0 -1
    outer loop
      vertex -70.0208 4.84306 0
      vertex -72.1732 5.90455 0
      vertex -71.7614 6.675 0
    endloop
  endfacet
  facet normal -0 0 -1
    outer loop
      vertex -70.9396 -2.13624 0
      vertex -73.2935 -2.60445 0
      vertex -71.0563 -1.42926 0
    endloop
  endfacet
  facet normal 0 0 -1
    outer loop
      vertex -70.3165 4.19038 0
      vertex -72.5338 5.10882 0
      vertex -72.1732 5.90455 0
    endloop
  endfacet
  facet normal 0 0 -1
    outer loop
      vertex -73.4358 -1.74252 0
      vertex -71.0563 -1.42926 0
      vertex -73.2935 -2.60445 0
    endloop
  endfacet
  facet normal 0 0 -1
    outer loop
      vertex -70.5689 3.51976 0
      vertex -72.8415 4.29122 0
      vertex -72.5338 5.10882 0
    endloop
  endfacet
  facet normal -0 0 -1
    outer loop
      vertex -71.0563 -1.42926 0
      vertex -73.4358 -1.74252 0
      vertex -71.1266 -0.716164 0
    endloop
  endfacet
  facet normal 0 0 -1
    outer loop
      vertex -70.7769 2.83407 0
      vertex -73.0951 3.45523 0
      vertex -72.8415 4.29122 0
    endloop
  endfacet
  facet normal 0 0 -1
    outer loop
      vertex -73.5214 -0.873132 0
      vertex -71.1266 -0.716164 0
      vertex -73.4358 -1.74252 0
    endloop
  endfacet
  facet normal 0 0 -1
    outer loop
      vertex -70.9396 2.13624 0
      vertex -73.2935 2.60445 0
      vertex -73.0951 3.45523 0
    endloop
  endfacet
  facet normal -0 0 -1
    outer loop
      vertex -71.1266 -0.716164 0
      vertex -73.5214 -0.873132 0
      vertex -71.15 0 0
    endloop
  endfacet
  facet normal 0 0 -1
    outer loop
      vertex -71.0563 1.42926 0
      vertex -73.4358 1.74252 0
      vertex -73.2935 2.60445 0
    endloop
  endfacet
  facet normal 0 0 -1
    outer loop
      vertex -73.55 0 0
      vertex -71.15 0 0
      vertex -73.5214 -0.873132 0
    endloop
  endfacet
  facet normal 0 0 -1
    outer loop
      vertex -71.1266 0.716164 0
      vertex -73.5214 0.873132 0
      vertex -73.4358 1.74252 0
    endloop
  endfacet
  facet normal 0 0 -1
    outer loop
      vertex -71.15 0 0
      vertex -73.55 0 0
      vertex -73.5214 0.873132 0
    endloop
  endfacet
  facet normal 0 0 -1
    outer loop
      vertex -34.3095 10.1627 0
      vertex -35.228 12.38 0
      vertex -35.1748 12.4 0
    endloop
  endfacet
  facet normal 0 0 -1
    outer loop
      vertex -36.0267 12.0181 0
      vertex -34.9652 9.8656 0
      vertex -35.6 9.52628 0
    endloop
  endfacet
  facet normal 0 0 -1
    outer loop
      vertex -34.9652 9.8656 0
      vertex -36.0267 12.0181 0
      vertex -35.228 12.38 0
    endloop
  endfacet
  facet normal 0 0 -1
    outer loop
      vertex -36.8 11.6047 0
      vertex -35.6 9.52628 0
      vertex -36.2113 9.14616 0
    endloop
  endfacet
  facet normal 0 0 -1
    outer loop
      vertex -37.5446 11.1417 0
      vertex -36.2113 9.14616 0
      vertex -36.7964 8.72689 0
    endloop
  endfacet
  facet normal 0 0 -1
    outer loop
      vertex -35.6 9.52628 0
      vertex -36.8 11.6047 0
      vertex -36.0267 12.0181 0
    endloop
  endfacet
  facet normal 0 0 -1
    outer loop
      vertex -38.2574 10.6309 0
      vertex -36.7964 8.72689 0
      vertex -37.3528 8.27024 0
    endloop
  endfacet
  facet normal 0 0 -1
    outer loop
      vertex -36.2113 9.14616 0
      vertex -37.5446 11.1417 0
      vertex -36.8 11.6047 0
    endloop
  endfacet
  facet normal 0 0 -1
    outer loop
      vertex -38.9352 10.0747 0
      vertex -37.3528 8.27024 0
      vertex -37.8782 7.77817 0
    endloop
  endfacet
  facet normal 0 0 -1
    outer loop
      vertex -36.7964 8.72689 0
      vertex -38.2574 10.6309 0
      vertex -37.5446 11.1417 0
    endloop
  endfacet
  facet normal 0 0 -1
    outer loop
      vertex -39.5752 9.47523 0
      vertex -37.8782 7.77817 0
      vertex -38.3702 7.2528 0
    endloop
  endfacet
  facet normal 0 0 -1
    outer loop
      vertex -40.1747 8.83523 0
      vertex -38.3702 7.2528 0
      vertex -38.8269 6.69637 0
    endloop
  endfacet
  facet normal 0 0 -1
    outer loop
      vertex -37.3528 8.27024 0
      vertex -38.9352 10.0747 0
      vertex -38.2574 10.6309 0
    endloop
  endfacet
  facet normal 0 0 -1
    outer loop
      vertex -40.7309 8.1574 0
      vertex -38.8269 6.69637 0
      vertex -39.2462 6.11127 0
    endloop
  endfacet
  facet normal 0 0 -1
    outer loop
      vertex -37.8782 7.77817 0
      vertex -39.5752 9.47523 0
      vertex -38.9352 10.0747 0
    endloop
  endfacet
  facet normal 0 0 -1
    outer loop
      vertex -41.2417 7.44464 0
      vertex -39.2462 6.11127 0
      vertex -39.6263 5.5 0
    endloop
  endfacet
  facet normal 0 0 -1
    outer loop
      vertex -41.7047 6.7 0
      vertex -39.6263 5.5 0
      vertex -39.9656 4.86518 0
    endloop
  endfacet
  facet normal 0 0 -1
    outer loop
      vertex -38.3702 7.2528 0
      vertex -40.1747 8.83523 0
      vertex -39.5752 9.47523 0
    endloop
  endfacet
  facet normal 0 0 -1
    outer loop
      vertex -42.1181 5.92667 0
      vertex -39.9656 4.86518 0
      vertex -40.2627 4.20952 0
    endloop
  endfacet
  facet normal 0 0 -1
    outer loop
      vertex -42.48 5.12796 0
      vertex -40.2627 4.20952 0
      vertex -40.5162 3.53583 0
    endloop
  endfacet
  facet normal 0 0 -1
    outer loop
      vertex -42.7889 4.30729 0
      vertex -40.5162 3.53583 0
      vertex -40.6788 3 0
    endloop
  endfacet
  facet normal 0 0 -1
    outer loop
      vertex -38.8269 6.69637 0
      vertex -40.7309 8.1574 0
      vertex -40.1747 8.83523 0
    endloop
  endfacet
  facet normal 0 0 -1
    outer loop
      vertex -42.48 -5.12796 0
      vertex -40.2627 -4.20952 0
      vertex -42.1181 -5.92667 0
    endloop
  endfacet
  facet normal -0 0 -1
    outer loop
      vertex -40.2627 -4.20952 0
      vertex -42.48 -5.12796 0
      vertex -40.5162 -3.53583 0
    endloop
  endfacet
  facet normal 0 0 -1
    outer loop
      vertex -39.2462 6.11127 0
      vertex -41.2417 7.44464 0
      vertex -40.7309 8.1574 0
    endloop
  endfacet
  facet normal 0 0 -1
    outer loop
      vertex -42.7889 -4.30729 0
      vertex -40.5162 -3.53583 0
      vertex -42.48 -5.12796 0
    endloop
  endfacet
  facet normal 0 0 -1
    outer loop
      vertex -39.6263 5.5 0
      vertex -41.7047 6.7 0
      vertex -41.2417 7.44464 0
    endloop
  endfacet
  facet normal -0 0 -1
    outer loop
      vertex -40.5162 -3.53583 0
      vertex -42.7889 -4.30729 0
      vertex -40.6788 -3 0
    endloop
  endfacet
  facet normal 0 0 -1
    outer loop
      vertex -39.9656 4.86518 0
      vertex -42.1181 5.92667 0
      vertex -41.7047 6.7 0
    endloop
  endfacet
  facet normal 0 0 -1
    outer loop
      vertex -43.0434 -3.46817 0
      vertex -40.6788 -3 0
      vertex -42.7889 -4.30729 0
    endloop
  endfacet
  facet normal 0 0 -1
    outer loop
      vertex -40.2627 4.20952 0
      vertex -42.48 5.12796 0
      vertex -42.1181 5.92667 0
    endloop
  endfacet
  facet normal 0 0 -1
    outer loop
      vertex -43.1526 -3 0
      vertex -40.6788 -3 0
      vertex -43.0434 -3.46817 0
    endloop
  endfacet
  facet normal 0 0 -1
    outer loop
      vertex -40.5162 3.53583 0
      vertex -42.7889 4.30729 0
      vertex -42.48 5.12796 0
    endloop
  endfacet
  facet normal 0 0 -1
    outer loop
      vertex -40.6788 -3 0
      vertex -43.1526 -3 0
      vertex -40.6788 3 0
    endloop
  endfacet
  facet normal 0 0 -1
    outer loop
      vertex -43.1526 3 0
      vertex -40.6788 3 0
      vertex -43.1526 -3 0
    endloop
  endfacet
  facet normal 0 -0 -1
    outer loop
      vertex -43.0434 3.46817 0
      vertex -40.6788 3 0
      vertex -43.1526 3 0
    endloop
  endfacet
  facet normal 0 0 -1
    outer loop
      vertex -40.6788 3 0
      vertex -43.0434 3.46817 0
      vertex -42.7889 4.30729 0
    endloop
  endfacet
  facet normal 0 0 -1
    outer loop
      vertex -47.1987 -3 0
      vertex -43.1526 3 0
      vertex -43.1526 -3 0
    endloop
  endfacet
  facet normal 0 0 -1
    outer loop
      vertex -47.1987 -3 0
      vertex -47.1987 3 0
      vertex -43.1526 3 0
    endloop
  endfacet
  facet normal 0 0 -1
    outer loop
      vertex -49.6734 -3 0
      vertex -47.1987 -3 0
      vertex -47.3049 -3.45523 0
    endloop
  endfacet
  facet normal 0 0 -1
    outer loop
      vertex -47.1987 -3 0
      vertex -49.6734 -3 0
      vertex -47.1987 3 0
    endloop
  endfacet
  facet normal 0 0 -1
    outer loop
      vertex -49.6734 -3 0
      vertex -47.3049 -3.45523 0
      vertex -47.5585 -4.29122 0
    endloop
  endfacet
  facet normal 0 0 -1
    outer loop
      vertex -49.6734 3 0
      vertex -47.1987 3 0
      vertex -49.6734 -3 0
    endloop
  endfacet
  facet normal 0 0 -1
    outer loop
      vertex -49.8311 -3.51976 0
      vertex -47.5585 -4.29122 0
      vertex -47.8662 -5.10882 0
    endloop
  endfacet
  facet normal 0 0 -1
    outer loop
      vertex -47.1987 3 0
      vertex -49.6734 3 0
      vertex -47.3049 3.45523 0
    endloop
  endfacet
  facet normal 0 0 -1
    outer loop
      vertex -50.0835 -4.19038 0
      vertex -47.8662 -5.10882 0
      vertex -48.2267 -5.90455 0
    endloop
  endfacet
  facet normal -0 0 -1
    outer loop
      vertex -47.3049 3.45523 0
      vertex -49.6734 3 0
      vertex -47.5585 4.29122 0
    endloop
  endfacet
  facet normal 0 0 -1
    outer loop
      vertex -50.3792 -4.84306 0
      vertex -48.2267 -5.90455 0
      vertex -48.6386 -6.675 0
    endloop
  endfacet
  facet normal 0 0 -1
    outer loop
      vertex -49.8311 3.51976 0
      vertex -47.5585 4.29122 0
      vertex -49.6734 3 0
    endloop
  endfacet
  facet normal 0 0 -1
    outer loop
      vertex -50.717 -5.475 0
      vertex -48.6386 -6.675 0
      vertex -49.0999 -7.41686 0
    endloop
  endfacet
  facet normal -0 0 -1
    outer loop
      vertex -47.5585 4.29122 0
      vertex -49.8311 3.51976 0
      vertex -47.8662 5.10882 0
    endloop
  endfacet
  facet normal 0 0 -1
    outer loop
      vertex -51.0954 -6.08349 0
      vertex -49.0999 -7.41686 0
      vertex -49.6087 -8.12696 0
    endloop
  endfacet
  facet normal 0 0 -1
    outer loop
      vertex -50.0835 4.19038 0
      vertex -47.8662 5.10882 0
      vertex -49.8311 3.51976 0
    endloop
  endfacet
  facet normal -0 0 -1
    outer loop
      vertex -47.8662 5.10882 0
      vertex -50.0835 4.19038 0
      vertex -48.2267 5.90455 0
    endloop
  endfacet
  facet normal 0 0 -1
    outer loop
      vertex -47.5585 -4.29122 0
      vertex -49.8311 -3.51976 0
      vertex -49.6734 -3 0
    endloop
  endfacet
  facet normal 0 0 -1
    outer loop
      vertex -47.8662 -5.10882 0
      vertex -50.0835 -4.19038 0
      vertex -49.8311 -3.51976 0
    endloop
  endfacet
  facet normal 0 0 -1
    outer loop
      vertex -51.5128 -6.66594 0
      vertex -49.6087 -8.12696 0
      vertex -50.1629 -8.80227 0
    endloop
  endfacet
  facet normal 0 0 -1
    outer loop
      vertex -48.2267 -5.90455 0
      vertex -50.3792 -4.84306 0
      vertex -50.0835 -4.19038 0
    endloop
  endfacet
  facet normal 0 0 -1
    outer loop
      vertex -48.6386 -6.675 0
      vertex -50.717 -5.475 0
      vertex -50.3792 -4.84306 0
    endloop
  endfacet
  facet normal 0 0 -1
    outer loop
      vertex -51.9674 -7.21984 0
      vertex -50.1629 -8.80227 0
      vertex -50.7601 -9.43987 0
    endloop
  endfacet
  facet normal 0 0 -1
    outer loop
      vertex -49.0999 -7.41686 0
      vertex -51.0954 -6.08349 0
      vertex -50.717 -5.475 0
    endloop
  endfacet
  facet normal 0 0 -1
    outer loop
      vertex -52.4572 -7.74282 0
      vertex -50.7601 -9.43987 0
      vertex -51.3977 -10.0371 0
    endloop
  endfacet
  facet normal 0 0 -1
    outer loop
      vertex -49.6087 -8.12696 0
      vertex -51.5128 -6.66594 0
      vertex -51.0954 -6.08349 0
    endloop
  endfacet
  facet normal 0 0 -1
    outer loop
      vertex -50.1629 -8.80227 0
      vertex -51.9674 -7.21984 0
      vertex -51.5128 -6.66594 0
    endloop
  endfacet
  facet normal 0 0 -1
    outer loop
      vertex -52.9802 -8.23265 0
      vertex -51.3977 -10.0371 0
      vertex -52.073 -10.5913 0
    endloop
  endfacet
  facet normal 0 0 -1
    outer loop
      vertex -50.7601 -9.43987 0
      vertex -52.4572 -7.74282 0
      vertex -51.9674 -7.21984 0
    endloop
  endfacet
  facet normal 0 0 -1
    outer loop
      vertex -53.5341 -8.68722 0
      vertex -52.073 -10.5913 0
      vertex -52.7831 -11.1001 0
    endloop
  endfacet
  facet normal 0 0 -1
    outer loop
      vertex -51.3977 -10.0371 0
      vertex -52.9802 -8.23265 0
      vertex -52.4572 -7.74282 0
    endloop
  endfacet
  facet normal 0 0 -1
    outer loop
      vertex -54.1165 -9.10459 0
      vertex -52.7831 -11.1001 0
      vertex -53.525 -11.5614 0
    endloop
  endfacet
  facet normal 0 0 -1
    outer loop
      vertex -52.073 -10.5913 0
      vertex -53.5341 -8.68722 0
      vertex -52.9802 -8.23265 0
    endloop
  endfacet
  facet normal 0 0 -1
    outer loop
      vertex -52.7831 -11.1001 0
      vertex -54.1165 -9.10459 0
      vertex -53.5341 -8.68722 0
    endloop
  endfacet
  facet normal 0 0 -1
    outer loop
      vertex -54.725 -9.48298 0
      vertex -53.525 -11.5614 0
      vertex -54.2954 -11.9733 0
    endloop
  endfacet
  facet normal 0 0 -1
    outer loop
      vertex -53.525 -11.5614 0
      vertex -54.725 -9.48298 0
      vertex -54.1165 -9.10459 0
    endloop
  endfacet
  facet normal 0 0 -1
    outer loop
      vertex -55.3569 -9.82076 0
      vertex -54.2954 -11.9733 0
      vertex -55.0912 -12.3338 0
    endloop
  endfacet
  facet normal 0 0 -1
    outer loop
      vertex -54.2954 -11.9733 0
      vertex -55.3569 -9.82076 0
      vertex -54.725 -9.48298 0
    endloop
  endfacet
  facet normal 0 0 -1
    outer loop
      vertex -56.0096 -10.1165 0
      vertex -55.0912 -12.3338 0
      vertex -55.9088 -12.6415 0
    endloop
  endfacet
  facet normal 0 0 -1
    outer loop
      vertex -55.0912 -12.3338 0
      vertex -56.0096 -10.1165 0
      vertex -55.3569 -9.82076 0
    endloop
  endfacet
  facet normal 0 0 -1
    outer loop
      vertex -55.9088 -12.6415 0
      vertex -56.6802 -10.3689 0
      vertex -56.0096 -10.1165 0
    endloop
  endfacet
  facet normal 0 0 -1
    outer loop
      vertex -56.7448 -12.8951 0
      vertex -56.6802 -10.3689 0
      vertex -55.9088 -12.6415 0
    endloop
  endfacet
  facet normal 0 0 -1
    outer loop
      vertex -56.7448 -12.8951 0
      vertex -57.3659 -10.5769 0
      vertex -56.6802 -10.3689 0
    endloop
  endfacet
  facet normal 0 0 -1
    outer loop
      vertex -57.5955 -13.0935 0
      vertex -57.3659 -10.5769 0
      vertex -56.7448 -12.8951 0
    endloop
  endfacet
  facet normal 0 0 -1
    outer loop
      vertex -57.5955 -13.0935 0
      vertex -58.0638 -10.7396 0
      vertex -57.3659 -10.5769 0
    endloop
  endfacet
  facet normal 0 0 -1
    outer loop
      vertex -58.4575 -13.2358 0
      vertex -58.0638 -10.7396 0
      vertex -57.5955 -13.0935 0
    endloop
  endfacet
  facet normal 0 0 -1
    outer loop
      vertex -58.4575 -13.2358 0
      vertex -58.7707 -10.8563 0
      vertex -58.0638 -10.7396 0
    endloop
  endfacet
  facet normal 0 0 -1
    outer loop
      vertex -59.3269 -13.3214 0
      vertex -58.7707 -10.8563 0
      vertex -58.4575 -13.2358 0
    endloop
  endfacet
  facet normal 0 0 -1
    outer loop
      vertex -59.3269 -13.3214 0
      vertex -59.4838 -10.9266 0
      vertex -58.7707 -10.8563 0
    endloop
  endfacet
  facet normal 0 0 -1
    outer loop
      vertex -60.2 -13.35 0
      vertex -59.4838 -10.9266 0
      vertex -59.3269 -13.3214 0
    endloop
  endfacet
  facet normal 0 0 -1
    outer loop
      vertex -60.2 -13.35 0
      vertex -60.2 -10.95 0
      vertex -59.4838 -10.9266 0
    endloop
  endfacet
  facet normal 0 0 -1
    outer loop
      vertex -60.2 -13.35 0
      vertex -60.9162 -10.9266 0
      vertex -60.2 -10.95 0
    endloop
  endfacet
  facet normal 0 0 -1
    outer loop
      vertex -61.0731 -13.3214 0
      vertex -60.9162 -10.9266 0
      vertex -60.2 -13.35 0
    endloop
  endfacet
  facet normal 0 0 -1
    outer loop
      vertex -61.0731 -13.3214 0
      vertex -61.6293 -10.8563 0
      vertex -60.9162 -10.9266 0
    endloop
  endfacet
  facet normal 0 0 -1
    outer loop
      vertex -61.9425 -13.2358 0
      vertex -61.6293 -10.8563 0
      vertex -61.0731 -13.3214 0
    endloop
  endfacet
  facet normal 0 0 -1
    outer loop
      vertex -61.9425 -13.2358 0
      vertex -62.3362 -10.7396 0
      vertex -61.6293 -10.8563 0
    endloop
  endfacet
  facet normal 0 0 -1
    outer loop
      vertex -62.8045 -13.0935 0
      vertex -62.3362 -10.7396 0
      vertex -61.9425 -13.2358 0
    endloop
  endfacet
  facet normal 0 0 -1
    outer loop
      vertex -62.8045 -13.0935 0
      vertex -63.0341 -10.5769 0
      vertex -62.3362 -10.7396 0
    endloop
  endfacet
  facet normal 0 0 -1
    outer loop
      vertex -63.6552 -12.8951 0
      vertex -63.0341 -10.5769 0
      vertex -62.8045 -13.0935 0
    endloop
  endfacet
  facet normal 0 0 -1
    outer loop
      vertex -63.6552 -12.8951 0
      vertex -63.7198 -10.3689 0
      vertex -63.0341 -10.5769 0
    endloop
  endfacet
  facet normal 0 0 -1
    outer loop
      vertex -64.4912 -12.6415 0
      vertex -63.7198 -10.3689 0
      vertex -63.6552 -12.8951 0
    endloop
  endfacet
  facet normal -0 0 -1
    outer loop
      vertex -63.7198 -10.3689 0
      vertex -64.4912 -12.6415 0
      vertex -64.3904 -10.1165 0
    endloop
  endfacet
  facet normal 0 0 -1
    outer loop
      vertex -65.3088 -12.3338 0
      vertex -64.3904 -10.1165 0
      vertex -64.4912 -12.6415 0
    endloop
  endfacet
  facet normal -0 0 -1
    outer loop
      vertex -64.3904 -10.1165 0
      vertex -65.3088 -12.3338 0
      vertex -65.0431 -9.82076 0
    endloop
  endfacet
  facet normal 0 0 -1
    outer loop
      vertex -66.1046 -11.9733 0
      vertex -65.0431 -9.82076 0
      vertex -65.3088 -12.3338 0
    endloop
  endfacet
  facet normal -0 0 -1
    outer loop
      vertex -65.0431 -9.82076 0
      vertex -66.1046 -11.9733 0
      vertex -65.675 -9.48298 0
    endloop
  endfacet
  facet normal 0 0 -1
    outer loop
      vertex -66.875 -11.5614 0
      vertex -65.675 -9.48298 0
      vertex -66.1046 -11.9733 0
    endloop
  endfacet
  facet normal -0 0 -1
    outer loop
      vertex -65.675 -9.48298 0
      vertex -66.875 -11.5614 0
      vertex -66.2835 -9.10459 0
    endloop
  endfacet
  facet normal 0 0 -1
    outer loop
      vertex -67.6169 -11.1001 0
      vertex -66.2835 -9.10459 0
      vertex -66.875 -11.5614 0
    endloop
  endfacet
  facet normal -0 0 -1
    outer loop
      vertex -66.2835 -9.10459 0
      vertex -67.6169 -11.1001 0
      vertex -66.8659 -8.68722 0
    endloop
  endfacet
  facet normal 0 0 -1
    outer loop
      vertex -68.327 -10.5913 0
      vertex -66.8659 -8.68722 0
      vertex -67.6169 -11.1001 0
    endloop
  endfacet
  facet normal -0 0 -1
    outer loop
      vertex -66.8659 -8.68722 0
      vertex -68.327 -10.5913 0
      vertex -67.4198 -8.23265 0
    endloop
  endfacet
  facet normal 0 0 -1
    outer loop
      vertex -69.0023 -10.0371 0
      vertex -67.4198 -8.23265 0
      vertex -68.327 -10.5913 0
    endloop
  endfacet
  facet normal -0 0 -1
    outer loop
      vertex -67.4198 -8.23265 0
      vertex -69.0023 -10.0371 0
      vertex -67.9428 -7.74282 0
    endloop
  endfacet
  facet normal 0 0 -1
    outer loop
      vertex -69.6399 -9.43987 0
      vertex -67.9428 -7.74282 0
      vertex -69.0023 -10.0371 0
    endloop
  endfacet
  facet normal -0 0 -1
    outer loop
      vertex -67.9428 -7.74282 0
      vertex -69.6399 -9.43987 0
      vertex -68.4326 -7.21984 0
    endloop
  endfacet
  facet normal 0 0 -1
    outer loop
      vertex -70.2371 -8.80227 0
      vertex -68.4326 -7.21984 0
      vertex -69.6399 -9.43987 0
    endloop
  endfacet
  facet normal -0 0 -1
    outer loop
      vertex -68.4326 -7.21984 0
      vertex -70.2371 -8.80227 0
      vertex -68.8872 -6.66594 0
    endloop
  endfacet
  facet normal 0 0 -1
    outer loop
      vertex -70.7913 -8.12696 0
      vertex -68.8872 -6.66594 0
      vertex -70.2371 -8.80227 0
    endloop
  endfacet
  facet normal -0 0 -1
    outer loop
      vertex -68.8872 -6.66594 0
      vertex -70.7913 -8.12696 0
      vertex -69.3046 -6.08349 0
    endloop
  endfacet
  facet normal 0 0 -1
    outer loop
      vertex -71.3001 -7.41686 0
      vertex -69.3046 -6.08349 0
      vertex -70.7913 -8.12696 0
    endloop
  endfacet
  facet normal -0 0 -1
    outer loop
      vertex -69.3046 -6.08349 0
      vertex -71.3001 -7.41686 0
      vertex -69.683 -5.475 0
    endloop
  endfacet
  facet normal 0 0 -1
    outer loop
      vertex -71.7614 -6.675 0
      vertex -69.683 -5.475 0
      vertex -71.3001 -7.41686 0
    endloop
  endfacet
  facet normal -0 0 -1
    outer loop
      vertex -69.683 -5.475 0
      vertex -71.7614 -6.675 0
      vertex -70.0208 -4.84306 0
    endloop
  endfacet
  facet normal 0 0 -1
    outer loop
      vertex -72.1732 -5.90455 0
      vertex -70.0208 -4.84306 0
      vertex -71.7614 -6.675 0
    endloop
  endfacet
  facet normal -0 0 -1
    outer loop
      vertex -70.0208 -4.84306 0
      vertex -72.1732 -5.90455 0
      vertex -70.3165 -4.19038 0
    endloop
  endfacet
  facet normal 0 0 -1
    outer loop
      vertex -72.5338 -5.10882 0
      vertex -70.3165 -4.19038 0
      vertex -72.1732 -5.90455 0
    endloop
  endfacet
  facet normal -0 0 -1
    outer loop
      vertex -70.3165 -4.19038 0
      vertex -72.5338 -5.10882 0
      vertex -70.5689 -3.51976 0
    endloop
  endfacet
  facet normal -0 0 -1
    outer loop
      vertex -70.5689 -3.51976 0
      vertex -72.8415 -4.29122 0
      vertex -70.7769 -2.83407 0
    endloop
  endfacet
  facet normal 0 0 -1
    outer loop
      vertex -72.8415 -4.29122 0
      vertex -70.5689 -3.51976 0
      vertex -72.5338 -5.10882 0
    endloop
  endfacet
  facet normal 0 0 -1
    outer loop
      vertex -4.22865 10.2089 0
      vertex -5.14709 12.4262 0
      vertex -5.0838 12.45 0
    endloop
  endfacet
  facet normal 0 0 -1
    outer loop
      vertex -5.94878 12.0629 0
      vertex -4.88729 9.91044 0
      vertex -5.525 9.56958 0
    endloop
  endfacet
  facet normal 0 0 -1
    outer loop
      vertex -4.88729 9.91044 0
      vertex -5.94878 12.0629 0
      vertex -5.14709 12.4262 0
    endloop
  endfacet
  facet normal 0 0 -1
    outer loop
      vertex -6.725 11.648 0
      vertex -5.525 9.56958 0
      vertex -6.13905 9.18774 0
    endloop
  endfacet
  facet normal 0 0 -1
    outer loop
      vertex -5.525 9.56958 0
      vertex -6.725 11.648 0
      vertex -5.94878 12.0629 0
    endloop
  endfacet
  facet normal 0 0 -1
    outer loop
      vertex -7.47242 11.1833 0
      vertex -6.13905 9.18774 0
      vertex -6.72681 8.76655 0
    endloop
  endfacet
  facet normal 0 0 -1
    outer loop
      vertex -8.18784 10.6706 0
      vertex -6.72681 8.76655 0
      vertex -7.28577 8.30783 0
    endloop
  endfacet
  facet normal 0 0 -1
    outer loop
      vertex -6.13905 9.18774 0
      vertex -7.47242 11.1833 0
      vertex -6.725 11.648 0
    endloop
  endfacet
  facet normal 0 0 -1
    outer loop
      vertex -8.8682 10.1122 0
      vertex -7.28577 8.30783 0
      vertex -7.81353 7.81353 0
    endloop
  endfacet
  facet normal 0 0 -1
    outer loop
      vertex -6.72681 8.76655 0
      vertex -8.18784 10.6706 0
      vertex -7.47242 11.1833 0
    endloop
  endfacet
  facet normal 0 0 -1
    outer loop
      vertex -9.51059 9.51059 0
      vertex -7.81353 7.81353 0
      vertex -8.30783 7.28577 0
    endloop
  endfacet
  facet normal 0 0 -1
    outer loop
      vertex -10.1122 8.8682 0
      vertex -8.30783 7.28577 0
      vertex -8.76655 6.72681 0
    endloop
  endfacet
  facet normal 0 0 -1
    outer loop
      vertex -7.28577 8.30783 0
      vertex -8.8682 10.1122 0
      vertex -8.18784 10.6706 0
    endloop
  endfacet
  facet normal 0 0 -1
    outer loop
      vertex -10.6706 8.18784 0
      vertex -8.76655 6.72681 0
      vertex -9.18774 6.13905 0
    endloop
  endfacet
  facet normal 0 0 -1
    outer loop
      vertex -7.81353 7.81353 0
      vertex -9.51059 9.51059 0
      vertex -8.8682 10.1122 0
    endloop
  endfacet
  facet normal 0 0 -1
    outer loop
      vertex -11.1833 7.47242 0
      vertex -9.18774 6.13905 0
      vertex -9.56958 5.525 0
    endloop
  endfacet
  facet normal 0 0 -1
    outer loop
      vertex -11.648 6.725 0
      vertex -9.56958 5.525 0
      vertex -9.91044 4.88729 0
    endloop
  endfacet
  facet normal 0 0 -1
    outer loop
      vertex -8.30783 7.28577 0
      vertex -10.1122 8.8682 0
      vertex -9.51059 9.51059 0
    endloop
  endfacet
  facet normal 0 0 -1
    outer loop
      vertex -12.0629 5.94878 0
      vertex -9.91044 4.88729 0
      vertex -10.2089 4.22865 0
    endloop
  endfacet
  facet normal 0 0 -1
    outer loop
      vertex -12.4262 5.14709 0
      vertex -10.2089 4.22865 0
      vertex -10.4636 3.55191 0
    endloop
  endfacet
  facet normal 0 0 -1
    outer loop
      vertex -12.7362 4.32336 0
      vertex -10.4636 3.55191 0
      vertex -10.631 3 0
    endloop
  endfacet
  facet normal 0 0 -1
    outer loop
      vertex -8.76655 6.72681 0
      vertex -10.6706 8.18784 0
      vertex -10.1122 8.8682 0
    endloop
  endfacet
  facet normal 0 0 -1
    outer loop
      vertex -12.4262 -5.14709 0
      vertex -10.2089 -4.22865 0
      vertex -12.0629 -5.94878 0
    endloop
  endfacet
  facet normal -0 0 -1
    outer loop
      vertex -10.2089 -4.22865 0
      vertex -12.4262 -5.14709 0
      vertex -10.4636 -3.55191 0
    endloop
  endfacet
  facet normal 0 0 -1
    outer loop
      vertex -9.18774 6.13905 0
      vertex -11.1833 7.47242 0
      vertex -10.6706 8.18784 0
    endloop
  endfacet
  facet normal 0 0 -1
    outer loop
      vertex -12.7362 -4.32336 0
      vertex -10.4636 -3.55191 0
      vertex -12.4262 -5.14709 0
    endloop
  endfacet
  facet normal 0 0 -1
    outer loop
      vertex -9.56958 5.525 0
      vertex -11.648 6.725 0
      vertex -11.1833 7.47242 0
    endloop
  endfacet
  facet normal -0 0 -1
    outer loop
      vertex -10.4636 -3.55191 0
      vertex -12.7362 -4.32336 0
      vertex -10.631 -3 0
    endloop
  endfacet
  facet normal 0 0 -1
    outer loop
      vertex -9.91044 4.88729 0
      vertex -12.0629 5.94878 0
      vertex -11.648 6.725 0
    endloop
  endfacet
  facet normal 0 0 -1
    outer loop
      vertex -12.9917 -3.48112 0
      vertex -10.631 -3 0
      vertex -12.7362 -4.32336 0
    endloop
  endfacet
  facet normal 0 0 -1
    outer loop
      vertex -10.2089 4.22865 0
      vertex -12.4262 5.14709 0
      vertex -12.0629 5.94878 0
    endloop
  endfacet
  facet normal 0 0 -1
    outer loop
      vertex -13.1039 -3 0
      vertex -10.631 -3 0
      vertex -12.9917 -3.48112 0
    endloop
  endfacet
  facet normal 0 0 -1
    outer loop
      vertex -10.4636 3.55191 0
      vertex -12.7362 4.32336 0
      vertex -12.4262 5.14709 0
    endloop
  endfacet
  facet normal 0 0 -1
    outer loop
      vertex -10.631 -3 0
      vertex -13.1039 -3 0
      vertex -10.631 3 0
    endloop
  endfacet
  facet normal 0 0 -1
    outer loop
      vertex -13.1039 3 0
      vertex -10.631 3 0
      vertex -13.1039 -3 0
    endloop
  endfacet
  facet normal 0 -0 -1
    outer loop
      vertex -12.9917 3.48112 0
      vertex -10.631 3 0
      vertex -13.1039 3 0
    endloop
  endfacet
  facet normal 0 0 -1
    outer loop
      vertex -10.631 3 0
      vertex -12.9917 3.48112 0
      vertex -12.7362 4.32336 0
    endloop
  endfacet
  facet normal 0 0 -1
    outer loop
      vertex -17.0474 -3 0
      vertex -13.1039 3 0
      vertex -13.1039 -3 0
    endloop
  endfacet
  facet normal 0 0 -1
    outer loop
      vertex -17.0474 -3 0
      vertex -17.0474 3 0
      vertex -13.1039 3 0
    endloop
  endfacet
  facet normal 0 0 -1
    outer loop
      vertex -19.5212 -3 0
      vertex -17.0474 -3 0
      vertex -17.1566 -3.46817 0
    endloop
  endfacet
  facet normal 0 0 -1
    outer loop
      vertex -17.0474 -3 0
      vertex -19.5212 -3 0
      vertex -17.0474 3 0
    endloop
  endfacet
  facet normal 0 0 -1
    outer loop
      vertex -19.5212 -3 0
      vertex -17.1566 -3.46817 0
      vertex -17.4111 -4.30729 0
    endloop
  endfacet
  facet normal 0 0 -1
    outer loop
      vertex -19.5212 3 0
      vertex -17.0474 3 0
      vertex -19.5212 -3 0
    endloop
  endfacet
  facet normal 0 0 -1
    outer loop
      vertex -19.6838 -3.53583 0
      vertex -17.4111 -4.30729 0
      vertex -17.72 -5.12796 0
    endloop
  endfacet
  facet normal 0 0 -1
    outer loop
      vertex -17.0474 3 0
      vertex -19.5212 3 0
      vertex -17.1566 3.46817 0
    endloop
  endfacet
  facet normal 0 0 -1
    outer loop
      vertex -19.9373 -4.20952 0
      vertex -17.72 -5.12796 0
      vertex -18.0819 -5.92667 0
    endloop
  endfacet
  facet normal -0 0 -1
    outer loop
      vertex -17.1566 3.46817 0
      vertex -19.5212 3 0
      vertex -17.4111 4.30729 0
    endloop
  endfacet
  facet normal 0 0 -1
    outer loop
      vertex -20.2344 -4.86518 0
      vertex -18.0819 -5.92667 0
      vertex -18.4953 -6.7 0
    endloop
  endfacet
  facet normal 0 0 -1
    outer loop
      vertex -19.6838 3.53583 0
      vertex -17.4111 4.30729 0
      vertex -19.5212 3 0
    endloop
  endfacet
  facet normal 0 0 -1
    outer loop
      vertex -20.5737 -5.5 0
      vertex -18.4953 -6.7 0
      vertex -18.9583 -7.44464 0
    endloop
  endfacet
  facet normal -0 0 -1
    outer loop
      vertex -17.4111 4.30729 0
      vertex -19.6838 3.53583 0
      vertex -17.72 5.12796 0
    endloop
  endfacet
  facet normal 0 0 -1
    outer loop
      vertex -20.9538 -6.11127 0
      vertex -18.9583 -7.44464 0
      vertex -19.4691 -8.1574 0
    endloop
  endfacet
  facet normal 0 0 -1
    outer loop
      vertex -19.9373 4.20952 0
      vertex -17.72 5.12796 0
      vertex -19.6838 3.53583 0
    endloop
  endfacet
  facet normal -0 0 -1
    outer loop
      vertex -17.72 5.12796 0
      vertex -19.9373 4.20952 0
      vertex -18.0819 5.92667 0
    endloop
  endfacet
  facet normal 0 0 -1
    outer loop
      vertex -17.4111 -4.30729 0
      vertex -19.6838 -3.53583 0
      vertex -19.5212 -3 0
    endloop
  endfacet
  facet normal 0 0 -1
    outer loop
      vertex -17.72 -5.12796 0
      vertex -19.9373 -4.20952 0
      vertex -19.6838 -3.53583 0
    endloop
  endfacet
  facet normal 0 0 -1
    outer loop
      vertex -21.3731 -6.69637 0
      vertex -19.4691 -8.1574 0
      vertex -20.0253 -8.83523 0
    endloop
  endfacet
  facet normal 0 0 -1
    outer loop
      vertex -18.0819 -5.92667 0
      vertex -20.2344 -4.86518 0
      vertex -19.9373 -4.20952 0
    endloop
  endfacet
  facet normal 0 0 -1
    outer loop
      vertex -18.4953 -6.7 0
      vertex -20.5737 -5.5 0
      vertex -20.2344 -4.86518 0
    endloop
  endfacet
  facet normal 0 0 -1
    outer loop
      vertex -21.8298 -7.2528 0
      vertex -20.0253 -8.83523 0
      vertex -20.6248 -9.47523 0
    endloop
  endfacet
  facet normal 0 0 -1
    outer loop
      vertex -18.9583 -7.44464 0
      vertex -20.9538 -6.11127 0
      vertex -20.5737 -5.5 0
    endloop
  endfacet
  facet normal 0 0 -1
    outer loop
      vertex -22.3218 -7.77817 0
      vertex -20.6248 -9.47523 0
      vertex -21.2648 -10.0747 0
    endloop
  endfacet
  facet normal 0 0 -1
    outer loop
      vertex -19.4691 -8.1574 0
      vertex -21.3731 -6.69637 0
      vertex -20.9538 -6.11127 0
    endloop
  endfacet
  facet normal 0 0 -1
    outer loop
      vertex -20.0253 -8.83523 0
      vertex -21.8298 -7.2528 0
      vertex -21.3731 -6.69637 0
    endloop
  endfacet
  facet normal 0 0 -1
    outer loop
      vertex -22.8472 -8.27024 0
      vertex -21.2648 -10.0747 0
      vertex -21.9426 -10.6309 0
    endloop
  endfacet
  facet normal 0 0 -1
    outer loop
      vertex -20.6248 -9.47523 0
      vertex -22.3218 -7.77817 0
      vertex -21.8298 -7.2528 0
    endloop
  endfacet
  facet normal 0 0 -1
    outer loop
      vertex -23.4036 -8.72689 0
      vertex -21.9426 -10.6309 0
      vertex -22.6554 -11.1417 0
    endloop
  endfacet
  facet normal 0 0 -1
    outer loop
      vertex -21.2648 -10.0747 0
      vertex -22.8472 -8.27024 0
      vertex -22.3218 -7.77817 0
    endloop
  endfacet
  facet normal 0 0 -1
    outer loop
      vertex -23.9887 -9.14616 0
      vertex -22.6554 -11.1417 0
      vertex -23.4 -11.6047 0
    endloop
  endfacet
  facet normal 0 0 -1
    outer loop
      vertex -21.9426 -10.6309 0
      vertex -23.4036 -8.72689 0
      vertex -22.8472 -8.27024 0
    endloop
  endfacet
  facet normal 0 0 -1
    outer loop
      vertex -22.6554 -11.1417 0
      vertex -23.9887 -9.14616 0
      vertex -23.4036 -8.72689 0
    endloop
  endfacet
  facet normal 0 0 -1
    outer loop
      vertex -24.6 -9.52628 0
      vertex -23.4 -11.6047 0
      vertex -24.1733 -12.0181 0
    endloop
  endfacet
  facet normal 0 0 -1
    outer loop
      vertex -23.4 -11.6047 0
      vertex -24.6 -9.52628 0
      vertex -23.9887 -9.14616 0
    endloop
  endfacet
  facet normal 0 0 -1
    outer loop
      vertex -25.2348 -9.8656 0
      vertex -24.1733 -12.0181 0
      vertex -24.972 -12.38 0
    endloop
  endfacet
  facet normal 0 0 -1
    outer loop
      vertex -24.1733 -12.0181 0
      vertex -25.2348 -9.8656 0
      vertex -24.6 -9.52628 0
    endloop
  endfacet
  facet normal 0 0 -1
    outer loop
      vertex -25.8905 -10.1627 0
      vertex -24.972 -12.38 0
      vertex -25.7927 -12.6889 0
    endloop
  endfacet
  facet normal 0 0 -1
    outer loop
      vertex -24.972 -12.38 0
      vertex -25.8905 -10.1627 0
      vertex -25.2348 -9.8656 0
    endloop
  endfacet
  facet normal 0 0 -1
    outer loop
      vertex -25.7927 -12.6889 0
      vertex -26.5642 -10.4162 0
      vertex -25.8905 -10.1627 0
    endloop
  endfacet
  facet normal 0 0 -1
    outer loop
      vertex -26.6318 -12.9434 0
      vertex -26.5642 -10.4162 0
      vertex -25.7927 -12.6889 0
    endloop
  endfacet
  facet normal 0 0 -1
    outer loop
      vertex -26.6318 -12.9434 0
      vertex -27.253 -10.6252 0
      vertex -26.5642 -10.4162 0
    endloop
  endfacet
  facet normal 0 0 -1
    outer loop
      vertex -27.4858 -13.1425 0
      vertex -27.253 -10.6252 0
      vertex -26.6318 -12.9434 0
    endloop
  endfacet
  facet normal 0 0 -1
    outer loop
      vertex -27.4858 -13.1425 0
      vertex -27.954 -10.7886 0
      vertex -27.253 -10.6252 0
    endloop
  endfacet
  facet normal 0 0 -1
    outer loop
      vertex -28.351 -13.2854 0
      vertex -27.954 -10.7886 0
      vertex -27.4858 -13.1425 0
    endloop
  endfacet
  facet normal 0 0 -1
    outer loop
      vertex -28.351 -13.2854 0
      vertex -28.6642 -10.9059 0
      vertex -27.954 -10.7886 0
    endloop
  endfacet
  facet normal 0 0 -1
    outer loop
      vertex -29.2236 -13.3713 0
      vertex -28.6642 -10.9059 0
      vertex -28.351 -13.2854 0
    endloop
  endfacet
  facet normal 0 0 -1
    outer loop
      vertex -29.2236 -13.3713 0
      vertex -29.3806 -10.9764 0
      vertex -28.6642 -10.9059 0
    endloop
  endfacet
  facet normal 0 0 -1
    outer loop
      vertex -30.1 -13.4 0
      vertex -29.3806 -10.9764 0
      vertex -29.2236 -13.3713 0
    endloop
  endfacet
  facet normal 0 0 -1
    outer loop
      vertex -30.1 -13.4 0
      vertex -30.1 -11 0
      vertex -29.3806 -10.9764 0
    endloop
  endfacet
  facet normal 0 0 -1
    outer loop
      vertex -30.1 -13.4 0
      vertex -30.8194 -10.9764 0
      vertex -30.1 -11 0
    endloop
  endfacet
  facet normal 0 0 -1
    outer loop
      vertex -30.9764 -13.3713 0
      vertex -30.8194 -10.9764 0
      vertex -30.1 -13.4 0
    endloop
  endfacet
  facet normal 0 0 -1
    outer loop
      vertex -30.9764 -13.3713 0
      vertex -31.5358 -10.9059 0
      vertex -30.8194 -10.9764 0
    endloop
  endfacet
  facet normal 0 0 -1
    outer loop
      vertex -31.8491 -13.2854 0
      vertex -31.5358 -10.9059 0
      vertex -30.9764 -13.3713 0
    endloop
  endfacet
  facet normal 0 0 -1
    outer loop
      vertex -31.8491 -13.2854 0
      vertex -32.246 -10.7886 0
      vertex -31.5358 -10.9059 0
    endloop
  endfacet
  facet normal 0 0 -1
    outer loop
      vertex -32.7142 -13.1425 0
      vertex -32.246 -10.7886 0
      vertex -31.8491 -13.2854 0
    endloop
  endfacet
  facet normal 0 0 -1
    outer loop
      vertex -32.7142 -13.1425 0
      vertex -32.947 -10.6252 0
      vertex -32.246 -10.7886 0
    endloop
  endfacet
  facet normal 0 0 -1
    outer loop
      vertex -33.5682 -12.9434 0
      vertex -32.947 -10.6252 0
      vertex -32.7142 -13.1425 0
    endloop
  endfacet
  facet normal 0 0 -1
    outer loop
      vertex -33.5682 -12.9434 0
      vertex -33.6358 -10.4162 0
      vertex -32.947 -10.6252 0
    endloop
  endfacet
  facet normal 0 0 -1
    outer loop
      vertex -34.4073 -12.6889 0
      vertex -33.6358 -10.4162 0
      vertex -33.5682 -12.9434 0
    endloop
  endfacet
  facet normal -0 0 -1
    outer loop
      vertex -33.6358 -10.4162 0
      vertex -34.4073 -12.6889 0
      vertex -34.3095 -10.1627 0
    endloop
  endfacet
  facet normal 0 0 -1
    outer loop
      vertex -35.228 -12.38 0
      vertex -34.3095 -10.1627 0
      vertex -34.4073 -12.6889 0
    endloop
  endfacet
  facet normal -0 0 -1
    outer loop
      vertex -34.3095 -10.1627 0
      vertex -35.228 -12.38 0
      vertex -34.9652 -9.8656 0
    endloop
  endfacet
  facet normal 0 0 -1
    outer loop
      vertex -36.0267 -12.0181 0
      vertex -34.9652 -9.8656 0
      vertex -35.228 -12.38 0
    endloop
  endfacet
  facet normal -0 0 -1
    outer loop
      vertex -34.9652 -9.8656 0
      vertex -36.0267 -12.0181 0
      vertex -35.6 -9.52628 0
    endloop
  endfacet
  facet normal 0 0 -1
    outer loop
      vertex -36.8 -11.6047 0
      vertex -35.6 -9.52628 0
      vertex -36.0267 -12.0181 0
    endloop
  endfacet
  facet normal -0 0 -1
    outer loop
      vertex -35.6 -9.52628 0
      vertex -36.8 -11.6047 0
      vertex -36.2113 -9.14616 0
    endloop
  endfacet
  facet normal 0 0 -1
    outer loop
      vertex -37.5446 -11.1417 0
      vertex -36.2113 -9.14616 0
      vertex -36.8 -11.6047 0
    endloop
  endfacet
  facet normal -0 0 -1
    outer loop
      vertex -36.2113 -9.14616 0
      vertex -37.5446 -11.1417 0
      vertex -36.7964 -8.72689 0
    endloop
  endfacet
  facet normal 0 0 -1
    outer loop
      vertex -38.2574 -10.6309 0
      vertex -36.7964 -8.72689 0
      vertex -37.5446 -11.1417 0
    endloop
  endfacet
  facet normal -0 0 -1
    outer loop
      vertex -36.7964 -8.72689 0
      vertex -38.2574 -10.6309 0
      vertex -37.3528 -8.27024 0
    endloop
  endfacet
  facet normal 0 0 -1
    outer loop
      vertex -38.9352 -10.0747 0
      vertex -37.3528 -8.27024 0
      vertex -38.2574 -10.6309 0
    endloop
  endfacet
  facet normal -0 0 -1
    outer loop
      vertex -37.3528 -8.27024 0
      vertex -38.9352 -10.0747 0
      vertex -37.8782 -7.77817 0
    endloop
  endfacet
  facet normal 0 0 -1
    outer loop
      vertex -39.5752 -9.47523 0
      vertex -37.8782 -7.77817 0
      vertex -38.9352 -10.0747 0
    endloop
  endfacet
  facet normal -0 0 -1
    outer loop
      vertex -37.8782 -7.77817 0
      vertex -39.5752 -9.47523 0
      vertex -38.3702 -7.2528 0
    endloop
  endfacet
  facet normal 0 0 -1
    outer loop
      vertex -40.1747 -8.83523 0
      vertex -38.3702 -7.2528 0
      vertex -39.5752 -9.47523 0
    endloop
  endfacet
  facet normal -0 0 -1
    outer loop
      vertex -38.3702 -7.2528 0
      vertex -40.1747 -8.83523 0
      vertex -38.8269 -6.69637 0
    endloop
  endfacet
  facet normal 0 0 -1
    outer loop
      vertex -40.7309 -8.1574 0
      vertex -38.8269 -6.69637 0
      vertex -40.1747 -8.83523 0
    endloop
  endfacet
  facet normal -0 0 -1
    outer loop
      vertex -38.8269 -6.69637 0
      vertex -40.7309 -8.1574 0
      vertex -39.2462 -6.11127 0
    endloop
  endfacet
  facet normal 0 0 -1
    outer loop
      vertex -41.2417 -7.44464 0
      vertex -39.2462 -6.11127 0
      vertex -40.7309 -8.1574 0
    endloop
  endfacet
  facet normal -0 0 -1
    outer loop
      vertex -39.2462 -6.11127 0
      vertex -41.2417 -7.44464 0
      vertex -39.6263 -5.5 0
    endloop
  endfacet
  facet normal 0 0 -1
    outer loop
      vertex -41.7047 -6.7 0
      vertex -39.6263 -5.5 0
      vertex -41.2417 -7.44464 0
    endloop
  endfacet
  facet normal -0 0 -1
    outer loop
      vertex -39.6263 -5.5 0
      vertex -41.7047 -6.7 0
      vertex -39.9656 -4.86518 0
    endloop
  endfacet
  facet normal -0 0 -1
    outer loop
      vertex -39.9656 -4.86518 0
      vertex -42.1181 -5.92667 0
      vertex -40.2627 -4.20952 0
    endloop
  endfacet
  facet normal 0 0 -1
    outer loop
      vertex -42.1181 -5.92667 0
      vertex -39.9656 -4.86518 0
      vertex -41.7047 -6.7 0
    endloop
  endfacet
  facet normal 0 0 -1
    outer loop
      vertex 25.8522 10.2551 0
      vertex 24.9338 12.4724 0
      vertex 25.0072 12.5 0
    endloop
  endfacet
  facet normal 0 0 -1
    outer loop
      vertex 24.1291 12.1078 0
      vertex 25.1906 9.95529 0
      vertex 24.55 9.61288 0
    endloop
  endfacet
  facet normal 0 0 -1
    outer loop
      vertex 25.1906 9.95529 0
      vertex 24.1291 12.1078 0
      vertex 24.9338 12.4724 0
    endloop
  endfacet
  facet normal 0 0 -1
    outer loop
      vertex 23.35 11.6913 0
      vertex 24.55 9.61288 0
      vertex 23.9332 9.22931 0
    endloop
  endfacet
  facet normal 0 0 -1
    outer loop
      vertex 24.55 9.61288 0
      vertex 23.35 11.6913 0
      vertex 24.1291 12.1078 0
    endloop
  endfacet
  facet normal 0 0 -1
    outer loop
      vertex 22.5998 11.2248 0
      vertex 23.9332 9.22931 0
      vertex 23.3427 8.80622 0
    endloop
  endfacet
  facet normal 0 0 -1
    outer loop
      vertex 21.8817 10.7103 0
      vertex 23.3427 8.80622 0
      vertex 22.7813 8.34542 0
    endloop
  endfacet
  facet normal 0 0 -1
    outer loop
      vertex 23.9332 9.22931 0
      vertex 22.5998 11.2248 0
      vertex 23.35 11.6913 0
    endloop
  endfacet
  facet normal 0 0 -1
    outer loop
      vertex 21.1988 10.1498 0
      vertex 22.7813 8.34542 0
      vertex 22.2511 7.84888 0
    endloop
  endfacet
  facet normal 0 0 -1
    outer loop
      vertex 23.3427 8.80622 0
      vertex 21.8817 10.7103 0
      vertex 22.5998 11.2248 0
    endloop
  endfacet
  facet normal 0 0 -1
    outer loop
      vertex 20.5541 9.54594 0
      vertex 22.2511 7.84888 0
      vertex 21.7546 7.31874 0
    endloop
  endfacet
  facet normal 0 0 -1
    outer loop
      vertex 19.9502 8.90117 0
      vertex 21.7546 7.31874 0
      vertex 21.2938 6.75725 0
    endloop
  endfacet
  facet normal 0 0 -1
    outer loop
      vertex 22.7813 8.34542 0
      vertex 21.1988 10.1498 0
      vertex 21.8817 10.7103 0
    endloop
  endfacet
  facet normal 0 0 -1
    outer loop
      vertex 19.3897 8.21828 0
      vertex 21.2938 6.75725 0
      vertex 20.8707 6.16683 0
    endloop
  endfacet
  facet normal 0 0 -1
    outer loop
      vertex 22.2511 7.84888 0
      vertex 20.5541 9.54594 0
      vertex 21.1988 10.1498 0
    endloop
  endfacet
  facet normal 0 0 -1
    outer loop
      vertex 18.8752 7.5002 0
      vertex 20.8707 6.16683 0
      vertex 20.4871 5.55 0
    endloop
  endfacet
  facet normal 0 0 -1
    outer loop
      vertex 18.4087 6.75 0
      vertex 20.4871 5.55 0
      vertex 20.1447 4.9094 0
    endloop
  endfacet
  facet normal 0 0 -1
    outer loop
      vertex 21.7546 7.31874 0
      vertex 19.9502 8.90117 0
      vertex 20.5541 9.54594 0
    endloop
  endfacet
  facet normal 0 0 -1
    outer loop
      vertex 17.9922 5.9709 0
      vertex 20.1447 4.9094 0
      vertex 19.8449 4.24779 0
    endloop
  endfacet
  facet normal 0 0 -1
    outer loop
      vertex 17.6276 5.16623 0
      vertex 19.8449 4.24779 0
      vertex 19.5891 3.56798 0
    endloop
  endfacet
  facet normal 0 0 -1
    outer loop
      vertex 17.3164 4.33943 0
      vertex 19.5891 3.56798 0
      vertex 19.4168 3 0
    endloop
  endfacet
  facet normal 0 0 -1
    outer loop
      vertex 21.2938 6.75725 0
      vertex 19.3897 8.21828 0
      vertex 19.9502 8.90117 0
    endloop
  endfacet
  facet normal 0 0 -1
    outer loop
      vertex 17.6276 -5.16623 0
      vertex 19.8449 -4.24779 0
      vertex 17.9922 -5.9709 0
    endloop
  endfacet
  facet normal -0 0 -1
    outer loop
      vertex 19.8449 -4.24779 0
      vertex 17.6276 -5.16623 0
      vertex 19.5891 -3.56798 0
    endloop
  endfacet
  facet normal 0 0 -1
    outer loop
      vertex 20.8707 6.16683 0
      vertex 18.8752 7.5002 0
      vertex 19.3897 8.21828 0
    endloop
  endfacet
  facet normal 0 0 -1
    outer loop
      vertex 17.3164 -4.33943 0
      vertex 19.5891 -3.56798 0
      vertex 17.6276 -5.16623 0
    endloop
  endfacet
  facet normal 0 0 -1
    outer loop
      vertex 20.4871 5.55 0
      vertex 18.4087 6.75 0
      vertex 18.8752 7.5002 0
    endloop
  endfacet
  facet normal -0 0 -1
    outer loop
      vertex 19.5891 -3.56798 0
      vertex 17.3164 -4.33943 0
      vertex 19.4168 -3 0
    endloop
  endfacet
  facet normal 0 0 -1
    outer loop
      vertex 20.1447 4.9094 0
      vertex 17.9922 5.9709 0
      vertex 18.4087 6.75 0
    endloop
  endfacet
  facet normal 0 0 -1
    outer loop
      vertex 17.06 -3.49406 0
      vertex 19.4168 -3 0
      vertex 17.3164 -4.33943 0
    endloop
  endfacet
  facet normal 0 0 -1
    outer loop
      vertex 19.8449 4.24779 0
      vertex 17.6276 5.16623 0
      vertex 17.9922 5.9709 0
    endloop
  endfacet
  facet normal 0 0 -1
    outer loop
      vertex 16.9448 -3 0
      vertex 19.4168 -3 0
      vertex 17.06 -3.49406 0
    endloop
  endfacet
  facet normal 0 0 -1
    outer loop
      vertex 19.5891 3.56798 0
      vertex 17.3164 4.33943 0
      vertex 17.6276 5.16623 0
    endloop
  endfacet
  facet normal 0 0 -1
    outer loop
      vertex 19.4168 -3 0
      vertex 16.9448 -3 0
      vertex 19.4168 3 0
    endloop
  endfacet
  facet normal 0 0 -1
    outer loop
      vertex 16.9448 3 0
      vertex 19.4168 3 0
      vertex 16.9448 -3 0
    endloop
  endfacet
  facet normal 0 -0 -1
    outer loop
      vertex 17.06 3.49406 0
      vertex 19.4168 3 0
      vertex 16.9448 3 0
    endloop
  endfacet
  facet normal 0 0 -1
    outer loop
      vertex 19.4168 3 0
      vertex 17.06 3.49406 0
      vertex 17.3164 4.33943 0
    endloop
  endfacet
  facet normal 0 0 -1
    outer loop
      vertex 13.1039 -3 0
      vertex 16.9448 3 0
      vertex 16.9448 -3 0
    endloop
  endfacet
  facet normal 0 0 -1
    outer loop
      vertex 13.1039 -3 0
      vertex 13.1039 3 0
      vertex 16.9448 3 0
    endloop
  endfacet
  facet normal 0 0 -1
    outer loop
      vertex 10.631 -3 0
      vertex 13.1039 -3 0
      vertex 12.9917 -3.48112 0
    endloop
  endfacet
  facet normal 0 0 -1
    outer loop
      vertex 13.1039 -3 0
      vertex 10.631 -3 0
      vertex 13.1039 3 0
    endloop
  endfacet
  facet normal 0 0 -1
    outer loop
      vertex 10.631 -3 0
      vertex 12.9917 -3.48112 0
      vertex 12.7362 -4.32336 0
    endloop
  endfacet
  facet normal 0 0 -1
    outer loop
      vertex 10.631 3 0
      vertex 13.1039 3 0
      vertex 10.631 -3 0
    endloop
  endfacet
  facet normal 0 0 -1
    outer loop
      vertex 10.4636 -3.55191 0
      vertex 12.7362 -4.32336 0
      vertex 12.4262 -5.14709 0
    endloop
  endfacet
  facet normal 0 0 -1
    outer loop
      vertex 13.1039 3 0
      vertex 10.631 3 0
      vertex 12.9917 3.48112 0
    endloop
  endfacet
  facet normal 0 0 -1
    outer loop
      vertex 10.2089 -4.22865 0
      vertex 12.4262 -5.14709 0
      vertex 12.0629 -5.94878 0
    endloop
  endfacet
  facet normal -0 0 -1
    outer loop
      vertex 12.9917 3.48112 0
      vertex 10.631 3 0
      vertex 12.7362 4.32336 0
    endloop
  endfacet
  facet normal 0 0 -1
    outer loop
      vertex 9.91044 -4.88729 0
      vertex 12.0629 -5.94878 0
      vertex 11.648 -6.725 0
    endloop
  endfacet
  facet normal 0 0 -1
    outer loop
      vertex 10.4636 3.55191 0
      vertex 12.7362 4.32336 0
      vertex 10.631 3 0
    endloop
  endfacet
  facet normal 0 0 -1
    outer loop
      vertex 9.56958 -5.525 0
      vertex 11.648 -6.725 0
      vertex 11.1833 -7.47242 0
    endloop
  endfacet
  facet normal -0 0 -1
    outer loop
      vertex 12.7362 4.32336 0
      vertex 10.4636 3.55191 0
      vertex 12.4262 5.14709 0
    endloop
  endfacet
  facet normal 0 0 -1
    outer loop
      vertex 9.18774 -6.13905 0
      vertex 11.1833 -7.47242 0
      vertex 10.6706 -8.18784 0
    endloop
  endfacet
  facet normal 0 0 -1
    outer loop
      vertex 10.2089 4.22865 0
      vertex 12.4262 5.14709 0
      vertex 10.4636 3.55191 0
    endloop
  endfacet
  facet normal -0 0 -1
    outer loop
      vertex 12.4262 5.14709 0
      vertex 10.2089 4.22865 0
      vertex 12.0629 5.94878 0
    endloop
  endfacet
  facet normal 0 0 -1
    outer loop
      vertex 12.7362 -4.32336 0
      vertex 10.4636 -3.55191 0
      vertex 10.631 -3 0
    endloop
  endfacet
  facet normal 0 0 -1
    outer loop
      vertex 12.4262 -5.14709 0
      vertex 10.2089 -4.22865 0
      vertex 10.4636 -3.55191 0
    endloop
  endfacet
  facet normal 0 0 -1
    outer loop
      vertex 8.76655 -6.72681 0
      vertex 10.6706 -8.18784 0
      vertex 10.1122 -8.8682 0
    endloop
  endfacet
  facet normal 0 0 -1
    outer loop
      vertex 12.0629 -5.94878 0
      vertex 9.91044 -4.88729 0
      vertex 10.2089 -4.22865 0
    endloop
  endfacet
  facet normal 0 0 -1
    outer loop
      vertex 11.648 -6.725 0
      vertex 9.56958 -5.525 0
      vertex 9.91044 -4.88729 0
    endloop
  endfacet
  facet normal 0 0 -1
    outer loop
      vertex 8.30783 -7.28577 0
      vertex 10.1122 -8.8682 0
      vertex 9.51059 -9.51059 0
    endloop
  endfacet
  facet normal 0 0 -1
    outer loop
      vertex 11.1833 -7.47242 0
      vertex 9.18774 -6.13905 0
      vertex 9.56958 -5.525 0
    endloop
  endfacet
  facet normal 0 0 -1
    outer loop
      vertex 7.81353 -7.81353 0
      vertex 9.51059 -9.51059 0
      vertex 8.8682 -10.1122 0
    endloop
  endfacet
  facet normal 0 0 -1
    outer loop
      vertex 10.6706 -8.18784 0
      vertex 8.76655 -6.72681 0
      vertex 9.18774 -6.13905 0
    endloop
  endfacet
  facet normal 0 0 -1
    outer loop
      vertex 10.1122 -8.8682 0
      vertex 8.30783 -7.28577 0
      vertex 8.76655 -6.72681 0
    endloop
  endfacet
  facet normal 0 0 -1
    outer loop
      vertex 7.28577 -8.30783 0
      vertex 8.8682 -10.1122 0
      vertex 8.18784 -10.6706 0
    endloop
  endfacet
  facet normal 0 0 -1
    outer loop
      vertex 9.51059 -9.51059 0
      vertex 7.81353 -7.81353 0
      vertex 8.30783 -7.28577 0
    endloop
  endfacet
  facet normal 0 0 -1
    outer loop
      vertex 6.72681 -8.76655 0
      vertex 8.18784 -10.6706 0
      vertex 7.47242 -11.1833 0
    endloop
  endfacet
  facet normal 0 0 -1
    outer loop
      vertex 8.8682 -10.1122 0
      vertex 7.28577 -8.30783 0
      vertex 7.81353 -7.81353 0
    endloop
  endfacet
  facet normal 0 0 -1
    outer loop
      vertex 8.18784 -10.6706 0
      vertex 6.72681 -8.76655 0
      vertex 7.28577 -8.30783 0
    endloop
  endfacet
  facet normal 0 0 -1
    outer loop
      vertex 6.13905 -9.18774 0
      vertex 7.47242 -11.1833 0
      vertex 6.725 -11.648 0
    endloop
  endfacet
  facet normal 0 0 -1
    outer loop
      vertex 7.47242 -11.1833 0
      vertex 6.13905 -9.18774 0
      vertex 6.72681 -8.76655 0
    endloop
  endfacet
  facet normal 0 0 -1
    outer loop
      vertex 5.525 -9.56958 0
      vertex 6.725 -11.648 0
      vertex 5.94878 -12.0629 0
    endloop
  endfacet
  facet normal 0 0 -1
    outer loop
      vertex 6.725 -11.648 0
      vertex 5.525 -9.56958 0
      vertex 6.13905 -9.18774 0
    endloop
  endfacet
  facet normal 0 0 -1
    outer loop
      vertex 4.88729 -9.91044 0
      vertex 5.94878 -12.0629 0
      vertex 5.14709 -12.4262 0
    endloop
  endfacet
  facet normal 0 0 -1
    outer loop
      vertex 5.94878 -12.0629 0
      vertex 4.88729 -9.91044 0
      vertex 5.525 -9.56958 0
    endloop
  endfacet
  facet normal 0 0 -1
    outer loop
      vertex 4.22865 -10.2089 0
      vertex 5.14709 -12.4262 0
      vertex 4.32336 -12.7362 0
    endloop
  endfacet
  facet normal 0 0 -1
    outer loop
      vertex 5.14709 -12.4262 0
      vertex 4.22865 -10.2089 0
      vertex 4.88729 -9.91044 0
    endloop
  endfacet
  facet normal 0 0 -1
    outer loop
      vertex 4.32336 -12.7362 0
      vertex 3.55191 -10.4636 0
      vertex 4.22865 -10.2089 0
    endloop
  endfacet
  facet normal 0 0 -1
    outer loop
      vertex 3.48112 -12.9917 0
      vertex 3.55191 -10.4636 0
      vertex 4.32336 -12.7362 0
    endloop
  endfacet
  facet normal 0 0 -1
    outer loop
      vertex 3.48112 -12.9917 0
      vertex 2.85995 -10.6735 0
      vertex 3.55191 -10.4636 0
    endloop
  endfacet
  facet normal 0 0 -1
    outer loop
      vertex 2.62396 -13.1916 0
      vertex 2.85995 -10.6735 0
      vertex 3.48112 -12.9917 0
    endloop
  endfacet
  facet normal 0 0 -1
    outer loop
      vertex 2.62396 -13.1916 0
      vertex 2.15575 -10.8377 0
      vertex 2.85995 -10.6735 0
    endloop
  endfacet
  facet normal 0 0 -1
    outer loop
      vertex 1.75558 -13.3349 0
      vertex 2.15575 -10.8377 0
      vertex 2.62396 -13.1916 0
    endloop
  endfacet
  facet normal 0 0 -1
    outer loop
      vertex 1.75558 -13.3349 0
      vertex 1.44231 -10.9555 0
      vertex 2.15575 -10.8377 0
    endloop
  endfacet
  facet normal 0 0 -1
    outer loop
      vertex 0.879672 -13.4212 0
      vertex 1.44231 -10.9555 0
      vertex 1.75558 -13.3349 0
    endloop
  endfacet
  facet normal 0 0 -1
    outer loop
      vertex 0.879672 -13.4212 0
      vertex 0.722704 -11.0263 0
      vertex 1.44231 -10.9555 0
    endloop
  endfacet
  facet normal 0 0 -1
    outer loop
      vertex 0 -13.45 0
      vertex 0.722704 -11.0263 0
      vertex 0.879672 -13.4212 0
    endloop
  endfacet
  facet normal 0 0 -1
    outer loop
      vertex 0 -13.45 0
      vertex 0 -11.05 0
      vertex 0.722704 -11.0263 0
    endloop
  endfacet
  facet normal 0 0 -1
    outer loop
      vertex 0 -13.45 0
      vertex -0.722704 -11.0263 0
      vertex 0 -11.05 0
    endloop
  endfacet
  facet normal 0 0 -1
    outer loop
      vertex -0.879672 -13.4212 0
      vertex -0.722704 -11.0263 0
      vertex 0 -13.45 0
    endloop
  endfacet
  facet normal 0 0 -1
    outer loop
      vertex -0.879672 -13.4212 0
      vertex -1.44231 -10.9555 0
      vertex -0.722704 -11.0263 0
    endloop
  endfacet
  facet normal 0 0 -1
    outer loop
      vertex -1.75558 -13.3349 0
      vertex -1.44231 -10.9555 0
      vertex -0.879672 -13.4212 0
    endloop
  endfacet
  facet normal 0 0 -1
    outer loop
      vertex -1.75558 -13.3349 0
      vertex -2.15575 -10.8377 0
      vertex -1.44231 -10.9555 0
    endloop
  endfacet
  facet normal 0 0 -1
    outer loop
      vertex -2.62396 -13.1916 0
      vertex -2.15575 -10.8377 0
      vertex -1.75558 -13.3349 0
    endloop
  endfacet
  facet normal 0 0 -1
    outer loop
      vertex -2.62396 -13.1916 0
      vertex -2.85995 -10.6735 0
      vertex -2.15575 -10.8377 0
    endloop
  endfacet
  facet normal 0 0 -1
    outer loop
      vertex -3.48112 -12.9917 0
      vertex -2.85995 -10.6735 0
      vertex -2.62396 -13.1916 0
    endloop
  endfacet
  facet normal 0 0 -1
    outer loop
      vertex -3.48112 -12.9917 0
      vertex -3.55191 -10.4636 0
      vertex -2.85995 -10.6735 0
    endloop
  endfacet
  facet normal 0 0 -1
    outer loop
      vertex -4.32336 -12.7362 0
      vertex -3.55191 -10.4636 0
      vertex -3.48112 -12.9917 0
    endloop
  endfacet
  facet normal -0 0 -1
    outer loop
      vertex -3.55191 -10.4636 0
      vertex -4.32336 -12.7362 0
      vertex -4.22865 -10.2089 0
    endloop
  endfacet
  facet normal 0 0 -1
    outer loop
      vertex -5.14709 -12.4262 0
      vertex -4.22865 -10.2089 0
      vertex -4.32336 -12.7362 0
    endloop
  endfacet
  facet normal -0 0 -1
    outer loop
      vertex -4.22865 -10.2089 0
      vertex -5.14709 -12.4262 0
      vertex -4.88729 -9.91044 0
    endloop
  endfacet
  facet normal 0 0 -1
    outer loop
      vertex -5.94878 -12.0629 0
      vertex -4.88729 -9.91044 0
      vertex -5.14709 -12.4262 0
    endloop
  endfacet
  facet normal -0 0 -1
    outer loop
      vertex -4.88729 -9.91044 0
      vertex -5.94878 -12.0629 0
      vertex -5.525 -9.56958 0
    endloop
  endfacet
  facet normal 0 0 -1
    outer loop
      vertex -6.725 -11.648 0
      vertex -5.525 -9.56958 0
      vertex -5.94878 -12.0629 0
    endloop
  endfacet
  facet normal -0 0 -1
    outer loop
      vertex -5.525 -9.56958 0
      vertex -6.725 -11.648 0
      vertex -6.13905 -9.18774 0
    endloop
  endfacet
  facet normal 0 0 -1
    outer loop
      vertex -7.47242 -11.1833 0
      vertex -6.13905 -9.18774 0
      vertex -6.725 -11.648 0
    endloop
  endfacet
  facet normal -0 0 -1
    outer loop
      vertex -6.13905 -9.18774 0
      vertex -7.47242 -11.1833 0
      vertex -6.72681 -8.76655 0
    endloop
  endfacet
  facet normal 0 0 -1
    outer loop
      vertex -8.18784 -10.6706 0
      vertex -6.72681 -8.76655 0
      vertex -7.47242 -11.1833 0
    endloop
  endfacet
  facet normal -0 0 -1
    outer loop
      vertex -6.72681 -8.76655 0
      vertex -8.18784 -10.6706 0
      vertex -7.28577 -8.30783 0
    endloop
  endfacet
  facet normal 0 0 -1
    outer loop
      vertex -8.8682 -10.1122 0
      vertex -7.28577 -8.30783 0
      vertex -8.18784 -10.6706 0
    endloop
  endfacet
  facet normal -0 0 -1
    outer loop
      vertex -7.28577 -8.30783 0
      vertex -8.8682 -10.1122 0
      vertex -7.81353 -7.81353 0
    endloop
  endfacet
  facet normal 0 0 -1
    outer loop
      vertex -9.51059 -9.51059 0
      vertex -7.81353 -7.81353 0
      vertex -8.8682 -10.1122 0
    endloop
  endfacet
  facet normal -0 0 -1
    outer loop
      vertex -7.81353 -7.81353 0
      vertex -9.51059 -9.51059 0
      vertex -8.30783 -7.28577 0
    endloop
  endfacet
  facet normal 0 0 -1
    outer loop
      vertex -10.1122 -8.8682 0
      vertex -8.30783 -7.28577 0
      vertex -9.51059 -9.51059 0
    endloop
  endfacet
  facet normal -0 0 -1
    outer loop
      vertex -8.30783 -7.28577 0
      vertex -10.1122 -8.8682 0
      vertex -8.76655 -6.72681 0
    endloop
  endfacet
  facet normal 0 0 -1
    outer loop
      vertex -10.6706 -8.18784 0
      vertex -8.76655 -6.72681 0
      vertex -10.1122 -8.8682 0
    endloop
  endfacet
  facet normal -0 0 -1
    outer loop
      vertex -8.76655 -6.72681 0
      vertex -10.6706 -8.18784 0
      vertex -9.18774 -6.13905 0
    endloop
  endfacet
  facet normal 0 0 -1
    outer loop
      vertex -11.1833 -7.47242 0
      vertex -9.18774 -6.13905 0
      vertex -10.6706 -8.18784 0
    endloop
  endfacet
  facet normal -0 0 -1
    outer loop
      vertex -9.18774 -6.13905 0
      vertex -11.1833 -7.47242 0
      vertex -9.56958 -5.525 0
    endloop
  endfacet
  facet normal 0 0 -1
    outer loop
      vertex -11.648 -6.725 0
      vertex -9.56958 -5.525 0
      vertex -11.1833 -7.47242 0
    endloop
  endfacet
  facet normal -0 0 -1
    outer loop
      vertex -9.56958 -5.525 0
      vertex -11.648 -6.725 0
      vertex -9.91044 -4.88729 0
    endloop
  endfacet
  facet normal -0 0 -1
    outer loop
      vertex -9.91044 -4.88729 0
      vertex -12.0629 -5.94878 0
      vertex -10.2089 -4.22865 0
    endloop
  endfacet
  facet normal 0 0 -1
    outer loop
      vertex -12.0629 -5.94878 0
      vertex -9.91044 -4.88729 0
      vertex -11.648 -6.725 0
    endloop
  endfacet
  facet normal 0 0 -1
    outer loop
      vertex 55.9331 10.3013 0
      vertex 55.0146 12.5186 0
      vertex 55.0982 12.55 0
    endloop
  endfacet
  facet normal 0 0 -1
    outer loop
      vertex 54.207 12.1526 0
      vertex 55.2685 10.0001 0
      vertex 54.625 9.65618 0
    endloop
  endfacet
  facet normal 0 0 -1
    outer loop
      vertex 55.2685 10.0001 0
      vertex 54.207 12.1526 0
      vertex 55.0146 12.5186 0
    endloop
  endfacet
  facet normal 0 0 -1
    outer loop
      vertex 53.425 11.7346 0
      vertex 54.625 9.65618 0
      vertex 54.0054 9.27089 0
    endloop
  endfacet
  facet normal 0 0 -1
    outer loop
      vertex 54.625 9.65618 0
      vertex 53.425 11.7346 0
      vertex 54.207 12.1526 0
    endloop
  endfacet
  facet normal 0 0 -1
    outer loop
      vertex 52.672 11.2664 0
      vertex 54.0054 9.27089 0
      vertex 53.4123 8.84589 0
    endloop
  endfacet
  facet normal 0 0 -1
    outer loop
      vertex 51.9513 10.7499 0
      vertex 53.4123 8.84589 0
      vertex 52.8483 8.38301 0
    endloop
  endfacet
  facet normal 0 0 -1
    outer loop
      vertex 54.0054 9.27089 0
      vertex 52.672 11.2664 0
      vertex 53.425 11.7346 0
    endloop
  endfacet
  facet normal 0 0 -1
    outer loop
      vertex 51.2659 10.1874 0
      vertex 52.8483 8.38301 0
      vertex 52.3158 7.88424 0
    endloop
  endfacet
  facet normal 0 0 -1
    outer loop
      vertex 53.4123 8.84589 0
      vertex 51.9513 10.7499 0
      vertex 52.672 11.2664 0
    endloop
  endfacet
  facet normal 0 0 -1
    outer loop
      vertex 50.6187 9.5813 0
      vertex 52.3158 7.88424 0
      vertex 51.817 7.35171 0
    endloop
  endfacet
  facet normal 0 0 -1
    outer loop
      vertex 50.0126 8.93414 0
      vertex 51.817 7.35171 0
      vertex 51.3541 6.78769 0
    endloop
  endfacet
  facet normal 0 0 -1
    outer loop
      vertex 52.8483 8.38301 0
      vertex 51.2659 10.1874 0
      vertex 51.9513 10.7499 0
    endloop
  endfacet
  facet normal 0 0 -1
    outer loop
      vertex 49.4501 8.24872 0
      vertex 51.3541 6.78769 0
      vertex 50.9291 6.19461 0
    endloop
  endfacet
  facet normal 0 0 -1
    outer loop
      vertex 52.3158 7.88424 0
      vertex 50.6187 9.5813 0
      vertex 51.2659 10.1874 0
    endloop
  endfacet
  facet normal 0 0 -1
    outer loop
      vertex 48.9336 7.52798 0
      vertex 50.9291 6.19461 0
      vertex 50.5438 5.575 0
    endloop
  endfacet
  facet normal 0 0 -1
    outer loop
      vertex 48.4654 6.775 0
      vertex 50.5438 5.575 0
      vertex 50.1999 4.93152 0
    endloop
  endfacet
  facet normal 0 0 -1
    outer loop
      vertex 51.817 7.35171 0
      vertex 50.0126 8.93414 0
      vertex 50.6187 9.5813 0
    endloop
  endfacet
  facet normal 0 0 -1
    outer loop
      vertex 48.0474 5.99301 0
      vertex 50.1999 4.93152 0
      vertex 49.8987 4.26692 0
    endloop
  endfacet
  facet normal 0 0 -1
    outer loop
      vertex 47.6814 5.18536 0
      vertex 49.8987 4.26692 0
      vertex 49.6417 3.58405 0
    endloop
  endfacet
  facet normal 0 0 -1
    outer loop
      vertex 47.3691 4.3555 0
      vertex 49.6417 3.58405 0
      vertex 49.4646 3 0
    endloop
  endfacet
  facet normal 0 0 -1
    outer loop
      vertex 51.3541 6.78769 0
      vertex 49.4501 8.24872 0
      vertex 50.0126 8.93414 0
    endloop
  endfacet
  facet normal 0 0 -1
    outer loop
      vertex 47.6814 -5.18536 0
      vertex 49.8987 -4.26692 0
      vertex 48.0474 -5.99301 0
    endloop
  endfacet
  facet normal -0 0 -1
    outer loop
      vertex 49.8987 -4.26692 0
      vertex 47.6814 -5.18536 0
      vertex 49.6417 -3.58405 0
    endloop
  endfacet
  facet normal 0 0 -1
    outer loop
      vertex 50.9291 6.19461 0
      vertex 48.9336 7.52798 0
      vertex 49.4501 8.24872 0
    endloop
  endfacet
  facet normal 0 0 -1
    outer loop
      vertex 47.3691 -4.3555 0
      vertex 49.6417 -3.58405 0
      vertex 47.6814 -5.18536 0
    endloop
  endfacet
  facet normal 0 0 -1
    outer loop
      vertex 50.5438 5.575 0
      vertex 48.4654 6.775 0
      vertex 48.9336 7.52798 0
    endloop
  endfacet
  facet normal -0 0 -1
    outer loop
      vertex 49.6417 -3.58405 0
      vertex 47.3691 -4.3555 0
      vertex 49.4646 -3 0
    endloop
  endfacet
  facet normal 0 0 -1
    outer loop
      vertex 50.1999 4.93152 0
      vertex 48.0474 5.99301 0
      vertex 48.4654 6.775 0
    endloop
  endfacet
  facet normal 0 0 -1
    outer loop
      vertex 47.1117 -3.507 0
      vertex 49.4646 -3 0
      vertex 47.3691 -4.3555 0
    endloop
  endfacet
  facet normal 0 0 -1
    outer loop
      vertex 49.8987 4.26692 0
      vertex 47.6814 5.18536 0
      vertex 48.0474 5.99301 0
    endloop
  endfacet
  facet normal 0 0 -1
    outer loop
      vertex 46.9935 -3 0
      vertex 49.4646 -3 0
      vertex 47.1117 -3.507 0
    endloop
  endfacet
  facet normal 0 0 -1
    outer loop
      vertex 49.6417 3.58405 0
      vertex 47.3691 4.3555 0
      vertex 47.6814 5.18536 0
    endloop
  endfacet
  facet normal 0 0 -1
    outer loop
      vertex 49.4646 -3 0
      vertex 46.9935 -3 0
      vertex 49.4646 3 0
    endloop
  endfacet
  facet normal 0 0 -1
    outer loop
      vertex 46.9935 3 0
      vertex 49.4646 3 0
      vertex 46.9935 -3 0
    endloop
  endfacet
  facet normal 0 -0 -1
    outer loop
      vertex 47.1117 3.507 0
      vertex 49.4646 3 0
      vertex 46.9935 3 0
    endloop
  endfacet
  facet normal 0 0 -1
    outer loop
      vertex 49.4646 3 0
      vertex 47.1117 3.507 0
      vertex 47.3691 4.3555 0
    endloop
  endfacet
  facet normal 0 0 -1
    outer loop
      vertex 43.2552 -3 0
      vertex 46.9935 3 0
      vertex 46.9935 -3 0
    endloop
  endfacet
  facet normal 0 0 -1
    outer loop
      vertex 43.2552 -3 0
      vertex 43.2552 3 0
      vertex 46.9935 3 0
    endloop
  endfacet
  facet normal 0 0 -1
    outer loop
      vertex 40.7832 -3 0
      vertex 43.2552 -3 0
      vertex 43.14 -3.49406 0
    endloop
  endfacet
  facet normal 0 0 -1
    outer loop
      vertex 43.2552 -3 0
      vertex 40.7832 -3 0
      vertex 43.2552 3 0
    endloop
  endfacet
  facet normal 0 0 -1
    outer loop
      vertex 40.7832 -3 0
      vertex 43.14 -3.49406 0
      vertex 42.8836 -4.33943 0
    endloop
  endfacet
  facet normal 0 0 -1
    outer loop
      vertex 40.7832 3 0
      vertex 43.2552 3 0
      vertex 40.7832 -3 0
    endloop
  endfacet
  facet normal 0 0 -1
    outer loop
      vertex 40.6109 -3.56798 0
      vertex 42.8836 -4.33943 0
      vertex 42.5724 -5.16623 0
    endloop
  endfacet
  facet normal 0 0 -1
    outer loop
      vertex 43.2552 3 0
      vertex 40.7832 3 0
      vertex 43.14 3.49406 0
    endloop
  endfacet
  facet normal 0 0 -1
    outer loop
      vertex 40.3551 -4.24779 0
      vertex 42.5724 -5.16623 0
      vertex 42.2078 -5.9709 0
    endloop
  endfacet
  facet normal -0 0 -1
    outer loop
      vertex 43.14 3.49406 0
      vertex 40.7832 3 0
      vertex 42.8836 4.33943 0
    endloop
  endfacet
  facet normal 0 0 -1
    outer loop
      vertex 40.0553 -4.9094 0
      vertex 42.2078 -5.9709 0
      vertex 41.7913 -6.75 0
    endloop
  endfacet
  facet normal 0 0 -1
    outer loop
      vertex 40.6109 3.56798 0
      vertex 42.8836 4.33943 0
      vertex 40.7832 3 0
    endloop
  endfacet
  facet normal 0 0 -1
    outer loop
      vertex 39.7129 -5.55 0
      vertex 41.7913 -6.75 0
      vertex 41.3248 -7.5002 0
    endloop
  endfacet
  facet normal -0 0 -1
    outer loop
      vertex 42.8836 4.33943 0
      vertex 40.6109 3.56798 0
      vertex 42.5724 5.16623 0
    endloop
  endfacet
  facet normal 0 0 -1
    outer loop
      vertex 39.3293 -6.16683 0
      vertex 41.3248 -7.5002 0
      vertex 40.8103 -8.21828 0
    endloop
  endfacet
  facet normal 0 0 -1
    outer loop
      vertex 40.3551 4.24779 0
      vertex 42.5724 5.16623 0
      vertex 40.6109 3.56798 0
    endloop
  endfacet
  facet normal -0 0 -1
    outer loop
      vertex 42.5724 5.16623 0
      vertex 40.3551 4.24779 0
      vertex 42.2078 5.9709 0
    endloop
  endfacet
  facet normal 0 0 -1
    outer loop
      vertex 42.8836 -4.33943 0
      vertex 40.6109 -3.56798 0
      vertex 40.7832 -3 0
    endloop
  endfacet
  facet normal 0 0 -1
    outer loop
      vertex 42.5724 -5.16623 0
      vertex 40.3551 -4.24779 0
      vertex 40.6109 -3.56798 0
    endloop
  endfacet
  facet normal 0 0 -1
    outer loop
      vertex 38.9062 -6.75725 0
      vertex 40.8103 -8.21828 0
      vertex 40.2498 -8.90117 0
    endloop
  endfacet
  facet normal 0 0 -1
    outer loop
      vertex 42.2078 -5.9709 0
      vertex 40.0553 -4.9094 0
      vertex 40.3551 -4.24779 0
    endloop
  endfacet
  facet normal 0 0 -1
    outer loop
      vertex 41.7913 -6.75 0
      vertex 39.7129 -5.55 0
      vertex 40.0553 -4.9094 0
    endloop
  endfacet
  facet normal 0 0 -1
    outer loop
      vertex 38.4454 -7.31874 0
      vertex 40.2498 -8.90117 0
      vertex 39.6459 -9.54594 0
    endloop
  endfacet
  facet normal 0 0 -1
    outer loop
      vertex 41.3248 -7.5002 0
      vertex 39.3293 -6.16683 0
      vertex 39.7129 -5.55 0
    endloop
  endfacet
  facet normal 0 0 -1
    outer loop
      vertex 37.9489 -7.84888 0
      vertex 39.6459 -9.54594 0
      vertex 39.0012 -10.1498 0
    endloop
  endfacet
  facet normal 0 0 -1
    outer loop
      vertex 40.8103 -8.21828 0
      vertex 38.9062 -6.75725 0
      vertex 39.3293 -6.16683 0
    endloop
  endfacet
  facet normal 0 0 -1
    outer loop
      vertex 40.2498 -8.90117 0
      vertex 38.4454 -7.31874 0
      vertex 38.9062 -6.75725 0
    endloop
  endfacet
  facet normal 0 0 -1
    outer loop
      vertex 37.4187 -8.34542 0
      vertex 39.0012 -10.1498 0
      vertex 38.3183 -10.7103 0
    endloop
  endfacet
  facet normal 0 0 -1
    outer loop
      vertex 39.6459 -9.54594 0
      vertex 37.9489 -7.84888 0
      vertex 38.4454 -7.31874 0
    endloop
  endfacet
  facet normal 0 0 -1
    outer loop
      vertex 36.8573 -8.80622 0
      vertex 38.3183 -10.7103 0
      vertex 37.6002 -11.2248 0
    endloop
  endfacet
  facet normal 0 0 -1
    outer loop
      vertex 39.0012 -10.1498 0
      vertex 37.4187 -8.34542 0
      vertex 37.9489 -7.84888 0
    endloop
  endfacet
  facet normal 0 0 -1
    outer loop
      vertex 38.3183 -10.7103 0
      vertex 36.8573 -8.80622 0
      vertex 37.4187 -8.34542 0
    endloop
  endfacet
  facet normal 0 0 -1
    outer loop
      vertex 36.2668 -9.22931 0
      vertex 37.6002 -11.2248 0
      vertex 36.85 -11.6913 0
    endloop
  endfacet
  facet normal 0 0 -1
    outer loop
      vertex 37.6002 -11.2248 0
      vertex 36.2668 -9.22931 0
      vertex 36.8573 -8.80622 0
    endloop
  endfacet
  facet normal 0 0 -1
    outer loop
      vertex 35.65 -9.61288 0
      vertex 36.85 -11.6913 0
      vertex 36.0709 -12.1078 0
    endloop
  endfacet
  facet normal 0 0 -1
    outer loop
      vertex 36.85 -11.6913 0
      vertex 35.65 -9.61288 0
      vertex 36.2668 -9.22931 0
    endloop
  endfacet
  facet normal 0 0 -1
    outer loop
      vertex 35.0094 -9.95529 0
      vertex 36.0709 -12.1078 0
      vertex 35.2662 -12.4724 0
    endloop
  endfacet
  facet normal 0 0 -1
    outer loop
      vertex 36.0709 -12.1078 0
      vertex 35.0094 -9.95529 0
      vertex 35.65 -9.61288 0
    endloop
  endfacet
  facet normal 0 0 -1
    outer loop
      vertex 34.3478 -10.2551 0
      vertex 35.2662 -12.4724 0
      vertex 34.4394 -12.7836 0
    endloop
  endfacet
  facet normal 0 0 -1
    outer loop
      vertex 35.2662 -12.4724 0
      vertex 34.3478 -10.2551 0
      vertex 35.0094 -9.95529 0
    endloop
  endfacet
  facet normal 0 0 -1
    outer loop
      vertex 34.4394 -12.7836 0
      vertex 33.668 -10.5109 0
      vertex 34.3478 -10.2551 0
    endloop
  endfacet
  facet normal 0 0 -1
    outer loop
      vertex 33.5941 -13.04 0
      vertex 33.668 -10.5109 0
      vertex 34.4394 -12.7836 0
    endloop
  endfacet
  facet normal 0 0 -1
    outer loop
      vertex 33.5941 -13.04 0
      vertex 32.9729 -10.7218 0
      vertex 33.668 -10.5109 0
    endloop
  endfacet
  facet normal 0 0 -1
    outer loop
      vertex 32.7337 -13.2406 0
      vertex 32.9729 -10.7218 0
      vertex 33.5941 -13.04 0
    endloop
  endfacet
  facet normal 0 0 -1
    outer loop
      vertex 32.7337 -13.2406 0
      vertex 32.2655 -10.8867 0
      vertex 32.9729 -10.7218 0
    endloop
  endfacet
  facet normal 0 0 -1
    outer loop
      vertex 31.8621 -13.3845 0
      vertex 32.2655 -10.8867 0
      vertex 32.7337 -13.2406 0
    endloop
  endfacet
  facet normal 0 0 -1
    outer loop
      vertex 31.8621 -13.3845 0
      vertex 31.5488 -11.005 0
      vertex 32.2655 -10.8867 0
    endloop
  endfacet
  facet normal 0 0 -1
    outer loop
      vertex 30.9829 -13.4711 0
      vertex 31.5488 -11.005 0
      vertex 31.8621 -13.3845 0
    endloop
  endfacet
  facet normal 0 0 -1
    outer loop
      vertex 30.9829 -13.4711 0
      vertex 30.826 -11.0762 0
      vertex 31.5488 -11.005 0
    endloop
  endfacet
  facet normal 0 0 -1
    outer loop
      vertex 30.1 -13.5 0
      vertex 30.826 -11.0762 0
      vertex 30.9829 -13.4711 0
    endloop
  endfacet
  facet normal 0 0 -1
    outer loop
      vertex 30.1 -13.5 0
      vertex 30.1 -11.1 0
      vertex 30.826 -11.0762 0
    endloop
  endfacet
  facet normal 0 0 -1
    outer loop
      vertex 30.1 -13.5 0
      vertex 29.374 -11.0762 0
      vertex 30.1 -11.1 0
    endloop
  endfacet
  facet normal 0 0 -1
    outer loop
      vertex 29.2171 -13.4711 0
      vertex 29.374 -11.0762 0
      vertex 30.1 -13.5 0
    endloop
  endfacet
  facet normal 0 0 -1
    outer loop
      vertex 29.2171 -13.4711 0
      vertex 28.6512 -11.005 0
      vertex 29.374 -11.0762 0
    endloop
  endfacet
  facet normal 0 0 -1
    outer loop
      vertex 28.3379 -13.3845 0
      vertex 28.6512 -11.005 0
      vertex 29.2171 -13.4711 0
    endloop
  endfacet
  facet normal 0 0 -1
    outer loop
      vertex 28.3379 -13.3845 0
      vertex 27.9345 -10.8867 0
      vertex 28.6512 -11.005 0
    endloop
  endfacet
  facet normal 0 0 -1
    outer loop
      vertex 27.4663 -13.2406 0
      vertex 27.9345 -10.8867 0
      vertex 28.3379 -13.3845 0
    endloop
  endfacet
  facet normal 0 0 -1
    outer loop
      vertex 27.4663 -13.2406 0
      vertex 27.2271 -10.7218 0
      vertex 27.9345 -10.8867 0
    endloop
  endfacet
  facet normal 0 0 -1
    outer loop
      vertex 26.6059 -13.04 0
      vertex 27.2271 -10.7218 0
      vertex 27.4663 -13.2406 0
    endloop
  endfacet
  facet normal 0 0 -1
    outer loop
      vertex 26.6059 -13.04 0
      vertex 26.532 -10.5109 0
      vertex 27.2271 -10.7218 0
    endloop
  endfacet
  facet normal 0 0 -1
    outer loop
      vertex 25.7606 -12.7836 0
      vertex 26.532 -10.5109 0
      vertex 26.6059 -13.04 0
    endloop
  endfacet
  facet normal -0 0 -1
    outer loop
      vertex 26.532 -10.5109 0
      vertex 25.7606 -12.7836 0
      vertex 25.8522 -10.2551 0
    endloop
  endfacet
  facet normal 0 0 -1
    outer loop
      vertex 24.9338 -12.4724 0
      vertex 25.8522 -10.2551 0
      vertex 25.7606 -12.7836 0
    endloop
  endfacet
  facet normal -0 0 -1
    outer loop
      vertex 25.8522 -10.2551 0
      vertex 24.9338 -12.4724 0
      vertex 25.1906 -9.95529 0
    endloop
  endfacet
  facet normal 0 0 -1
    outer loop
      vertex 24.1291 -12.1078 0
      vertex 25.1906 -9.95529 0
      vertex 24.9338 -12.4724 0
    endloop
  endfacet
  facet normal -0 0 -1
    outer loop
      vertex 25.1906 -9.95529 0
      vertex 24.1291 -12.1078 0
      vertex 24.55 -9.61288 0
    endloop
  endfacet
  facet normal 0 0 -1
    outer loop
      vertex 23.35 -11.6913 0
      vertex 24.55 -9.61288 0
      vertex 24.1291 -12.1078 0
    endloop
  endfacet
  facet normal -0 0 -1
    outer loop
      vertex 24.55 -9.61288 0
      vertex 23.35 -11.6913 0
      vertex 23.9332 -9.22931 0
    endloop
  endfacet
  facet normal 0 0 -1
    outer loop
      vertex 22.5998 -11.2248 0
      vertex 23.9332 -9.22931 0
      vertex 23.35 -11.6913 0
    endloop
  endfacet
  facet normal -0 0 -1
    outer loop
      vertex 23.9332 -9.22931 0
      vertex 22.5998 -11.2248 0
      vertex 23.3427 -8.80622 0
    endloop
  endfacet
  facet normal 0 0 -1
    outer loop
      vertex 21.8817 -10.7103 0
      vertex 23.3427 -8.80622 0
      vertex 22.5998 -11.2248 0
    endloop
  endfacet
  facet normal -0 0 -1
    outer loop
      vertex 23.3427 -8.80622 0
      vertex 21.8817 -10.7103 0
      vertex 22.7813 -8.34542 0
    endloop
  endfacet
  facet normal 0 0 -1
    outer loop
      vertex 21.1988 -10.1498 0
      vertex 22.7813 -8.34542 0
      vertex 21.8817 -10.7103 0
    endloop
  endfacet
  facet normal -0 0 -1
    outer loop
      vertex 22.7813 -8.34542 0
      vertex 21.1988 -10.1498 0
      vertex 22.2511 -7.84888 0
    endloop
  endfacet
  facet normal 0 0 -1
    outer loop
      vertex 20.5541 -9.54594 0
      vertex 22.2511 -7.84888 0
      vertex 21.1988 -10.1498 0
    endloop
  endfacet
  facet normal -0 0 -1
    outer loop
      vertex 22.2511 -7.84888 0
      vertex 20.5541 -9.54594 0
      vertex 21.7546 -7.31874 0
    endloop
  endfacet
  facet normal 0 0 -1
    outer loop
      vertex 19.9502 -8.90117 0
      vertex 21.7546 -7.31874 0
      vertex 20.5541 -9.54594 0
    endloop
  endfacet
  facet normal -0 0 -1
    outer loop
      vertex 21.7546 -7.31874 0
      vertex 19.9502 -8.90117 0
      vertex 21.2938 -6.75725 0
    endloop
  endfacet
  facet normal 0 0 -1
    outer loop
      vertex 19.3897 -8.21828 0
      vertex 21.2938 -6.75725 0
      vertex 19.9502 -8.90117 0
    endloop
  endfacet
  facet normal -0 0 -1
    outer loop
      vertex 21.2938 -6.75725 0
      vertex 19.3897 -8.21828 0
      vertex 20.8707 -6.16683 0
    endloop
  endfacet
  facet normal 0 0 -1
    outer loop
      vertex 18.8752 -7.5002 0
      vertex 20.8707 -6.16683 0
      vertex 19.3897 -8.21828 0
    endloop
  endfacet
  facet normal -0 0 -1
    outer loop
      vertex 20.8707 -6.16683 0
      vertex 18.8752 -7.5002 0
      vertex 20.4871 -5.55 0
    endloop
  endfacet
  facet normal 0 0 -1
    outer loop
      vertex 18.4087 -6.75 0
      vertex 20.4871 -5.55 0
      vertex 18.8752 -7.5002 0
    endloop
  endfacet
  facet normal -0 0 -1
    outer loop
      vertex 20.4871 -5.55 0
      vertex 18.4087 -6.75 0
      vertex 20.1447 -4.9094 0
    endloop
  endfacet
  facet normal -0 0 -1
    outer loop
      vertex 20.1447 -4.9094 0
      vertex 17.9922 -5.9709 0
      vertex 19.8449 -4.24779 0
    endloop
  endfacet
  facet normal 0 0 -1
    outer loop
      vertex 17.9922 -5.9709 0
      vertex 20.1447 -4.9094 0
      vertex 18.4087 -6.75 0
    endloop
  endfacet
  facet normal 0 0 -1
    outer loop
      vertex 49.4646 -3 0
      vertex 60.2 3 0
      vertex 60.2 -3 0
    endloop
  endfacet
  facet normal -0 0 -1
    outer loop
      vertex 60.2 3 0
      vertex 49.4646 -3 0
      vertex 49.4646 3 0
    endloop
  endfacet
  facet normal 0.986644 0.16289 0
    outer loop
      vertex -46.9642 1.74252 8
      vertex -47.1065 2.60445 2
      vertex -47.1065 2.60445 8
    endloop
  endfacet
  facet normal 0.986644 0.16289 0
    outer loop
      vertex -47.1065 2.60445 2
      vertex -46.9642 1.74252 8
      vertex -46.9642 1.74252 2
    endloop
  endfacet
  facet normal 0.935915 0.352227 0
    outer loop
      vertex -47.5585 4.29122 8
      vertex -47.8662 5.10882 0
      vertex -47.8662 5.10882 8
    endloop
  endfacet
  facet normal 0.935915 0.352227 0
    outer loop
      vertex -47.8662 5.10882 0
      vertex -47.5585 4.29122 8
      vertex -47.5585 4.29122 0
    endloop
  endfacet
  facet normal 0.956939 0.29029 0
    outer loop
      vertex -47.3049 3.45523 8
      vertex -47.5585 4.29122 0
      vertex -47.5585 4.29122 8
    endloop
  endfacet
  facet normal 0.956939 0.29029 0
    outer loop
      vertex -47.5585 4.29122 0
      vertex -47.3049 3.45523 8
      vertex -47.3049 3.45523 0
    endloop
  endfacet
  facet normal 0.729851 0.683606 0
    outer loop
      vertex -50.1629 8.80227 8
      vertex -50.7601 9.43987 0
      vertex -50.7601 9.43987 8
    endloop
  endfacet
  facet normal 0.729851 0.683606 0
    outer loop
      vertex -50.7601 9.43987 0
      vertex -50.1629 8.80227 8
      vertex -50.1629 8.80227 0
    endloop
  endfacet
  facet normal 0.88188 0.471473 0
    outer loop
      vertex -48.2267 5.90455 8
      vertex -48.6386 6.675 0
      vertex -48.6386 6.675 8
    endloop
  endfacet
  facet normal 0.88188 0.471473 0
    outer loop
      vertex -48.6386 6.675 0
      vertex -48.2267 5.90455 8
      vertex -48.2267 5.90455 0
    endloop
  endfacet
  facet normal 0.290287 0.95694 -0
    outer loop
      vertex -55.9088 12.6415 2
      vertex -56.7448 12.8951 8
      vertex -55.9088 12.6415 8
    endloop
  endfacet
  facet normal 0.290287 0.95694 0
    outer loop
      vertex -56.7448 12.8951 8
      vertex -55.9088 12.6415 2
      vertex -56.7448 12.8951 2
    endloop
  endfacet
  facet normal 0.0979849 0.995188 -0
    outer loop
      vertex -58.4575 13.2358 2
      vertex -59.3269 13.3214 8
      vertex -58.4575 13.2358 8
    endloop
  endfacet
  facet normal 0.0979849 0.995188 0
    outer loop
      vertex -59.3269 13.3214 8
      vertex -58.4575 13.2358 2
      vertex -59.3269 13.3214 2
    endloop
  endfacet
  facet normal 0.471497 0.881868 -0
    outer loop
      vertex -53.525 11.5614 0
      vertex -54.2954 11.9733 8
      vertex -53.525 11.5614 8
    endloop
  endfacet
  facet normal 0.471497 0.881868 0
    outer loop
      vertex -54.2954 11.9733 8
      vertex -53.525 11.5614 0
      vertex -54.2954 11.9733 0
    endloop
  endfacet
  facet normal -0.773018 0.634385 0
    outer loop
      vertex -70.7913 8.12696 0
      vertex -70.2371 8.80227 8
      vertex -70.2371 8.80227 0
    endloop
  endfacet
  facet normal -0.773018 0.634385 0
    outer loop
      vertex -70.2371 8.80227 8
      vertex -70.7913 8.12696 0
      vertex -70.7913 8.12696 8
    endloop
  endfacet
  facet normal -0.881928 0.471384 0
    outer loop
      vertex -72.1732 5.90455 0
      vertex -71.7614 6.675 8
      vertex -71.7614 6.675 0
    endloop
  endfacet
  facet normal -0.881928 0.471384 0
    outer loop
      vertex -71.7614 6.675 8
      vertex -72.1732 5.90455 0
      vertex -72.1732 5.90455 8
    endloop
  endfacet
  facet normal -0.956939 0.29029 0
    outer loop
      vertex -73.0951 3.45523 0
      vertex -72.8415 4.29122 8
      vertex -72.8415 4.29122 0
    endloop
  endfacet
  facet normal -0.956939 0.29029 0
    outer loop
      vertex -72.8415 4.29122 8
      vertex -73.0951 3.45523 0
      vertex -73.0951 3.45523 8
    endloop
  endfacet
  facet normal -0.995188 0.0979863 0
    outer loop
      vertex -73.5214 0.873132 0
      vertex -73.4358 1.74252 8
      vertex -73.4358 1.74252 0
    endloop
  endfacet
  facet normal -0.995188 0.0979863 0
    outer loop
      vertex -73.4358 1.74252 8
      vertex -73.5214 0.873132 0
      vertex -73.5214 0.873132 8
    endloop
  endfacet
  facet normal 0 0 1
    outer loop
      vertex -49.25 0 8
      vertex -46.85 0 8
      vertex -46.8786 0.873132 8
    endloop
  endfacet
  facet normal 0 0 1
    outer loop
      vertex -49.2734 0.716164 8
      vertex -46.8786 0.873132 8
      vertex -46.9642 1.74252 8
    endloop
  endfacet
  facet normal 0 0 1
    outer loop
      vertex -46.85 0 8
      vertex -49.25 0 8
      vertex -46.8786 -0.873132 8
    endloop
  endfacet
  facet normal 0 0 1
    outer loop
      vertex -49.3437 1.42926 8
      vertex -46.9642 1.74252 8
      vertex -47.1065 2.60445 8
    endloop
  endfacet
  facet normal -0 0 1
    outer loop
      vertex -49.2734 -0.716164 8
      vertex -46.8786 -0.873132 8
      vertex -49.25 0 8
    endloop
  endfacet
  facet normal 0 0 1
    outer loop
      vertex -49.4604 2.13624 8
      vertex -47.1065 2.60445 8
      vertex -47.3049 3.45523 8
    endloop
  endfacet
  facet normal 0 0 1
    outer loop
      vertex -46.8786 -0.873132 8
      vertex -49.2734 -0.716164 8
      vertex -46.9642 -1.74252 8
    endloop
  endfacet
  facet normal 0 0 1
    outer loop
      vertex -49.6231 2.83407 8
      vertex -47.3049 3.45523 8
      vertex -47.5585 4.29122 8
    endloop
  endfacet
  facet normal -0 0 1
    outer loop
      vertex -49.3437 -1.42926 8
      vertex -46.9642 -1.74252 8
      vertex -49.2734 -0.716164 8
    endloop
  endfacet
  facet normal 0 0 1
    outer loop
      vertex -49.8311 3.51976 8
      vertex -47.5585 4.29122 8
      vertex -47.8662 5.10882 8
    endloop
  endfacet
  facet normal 0 0 1
    outer loop
      vertex -46.9642 -1.74252 8
      vertex -49.3437 -1.42926 8
      vertex -47.1065 -2.60445 8
    endloop
  endfacet
  facet normal 0 0 1
    outer loop
      vertex -50.0835 4.19038 8
      vertex -47.8662 5.10882 8
      vertex -48.2267 5.90455 8
    endloop
  endfacet
  facet normal -0 0 1
    outer loop
      vertex -49.4604 -2.13624 8
      vertex -47.1065 -2.60445 8
      vertex -49.3437 -1.42926 8
    endloop
  endfacet
  facet normal 0 0 1
    outer loop
      vertex -50.3792 4.84306 8
      vertex -48.2267 5.90455 8
      vertex -48.6386 6.675 8
    endloop
  endfacet
  facet normal 0 0 1
    outer loop
      vertex -47.1065 -2.60445 8
      vertex -49.4604 -2.13624 8
      vertex -47.3049 -3.45523 8
    endloop
  endfacet
  facet normal 0 0 1
    outer loop
      vertex -50.717 5.475 8
      vertex -48.6386 6.675 8
      vertex -49.0999 7.41686 8
    endloop
  endfacet
  facet normal -0 0 1
    outer loop
      vertex -49.6231 -2.83407 8
      vertex -47.3049 -3.45523 8
      vertex -49.4604 -2.13624 8
    endloop
  endfacet
  facet normal 0 0 1
    outer loop
      vertex -47.3049 -3.45523 8
      vertex -49.6231 -2.83407 8
      vertex -47.5585 -4.29122 8
    endloop
  endfacet
  facet normal 0 0 1
    outer loop
      vertex -46.8786 0.873132 8
      vertex -49.2734 0.716164 8
      vertex -49.25 0 8
    endloop
  endfacet
  facet normal 0 0 1
    outer loop
      vertex -46.9642 1.74252 8
      vertex -49.3437 1.42926 8
      vertex -49.2734 0.716164 8
    endloop
  endfacet
  facet normal 0 0 1
    outer loop
      vertex -47.1065 2.60445 8
      vertex -49.4604 2.13624 8
      vertex -49.3437 1.42926 8
    endloop
  endfacet
  facet normal 0 0 1
    outer loop
      vertex -51.0954 6.08349 8
      vertex -49.0999 7.41686 8
      vertex -49.6087 8.12696 8
    endloop
  endfacet
  facet normal 0 0 1
    outer loop
      vertex -47.3049 3.45523 8
      vertex -49.6231 2.83407 8
      vertex -49.4604 2.13624 8
    endloop
  endfacet
  facet normal 0 0 1
    outer loop
      vertex -47.5585 4.29122 8
      vertex -49.8311 3.51976 8
      vertex -49.6231 2.83407 8
    endloop
  endfacet
  facet normal 0 0 1
    outer loop
      vertex -47.8662 5.10882 8
      vertex -50.0835 4.19038 8
      vertex -49.8311 3.51976 8
    endloop
  endfacet
  facet normal 0 0 1
    outer loop
      vertex -51.5128 6.66594 8
      vertex -49.6087 8.12696 8
      vertex -50.1629 8.80227 8
    endloop
  endfacet
  facet normal 0 0 1
    outer loop
      vertex -48.2267 5.90455 8
      vertex -50.3792 4.84306 8
      vertex -50.0835 4.19038 8
    endloop
  endfacet
  facet normal 0 0 1
    outer loop
      vertex -48.6386 6.675 8
      vertex -50.717 5.475 8
      vertex -50.3792 4.84306 8
    endloop
  endfacet
  facet normal 0 0 1
    outer loop
      vertex -51.9674 7.21984 8
      vertex -50.1629 8.80227 8
      vertex -50.7601 9.43987 8
    endloop
  endfacet
  facet normal 0 0 1
    outer loop
      vertex -49.0999 7.41686 8
      vertex -51.0954 6.08349 8
      vertex -50.717 5.475 8
    endloop
  endfacet
  facet normal 0 0 1
    outer loop
      vertex -52.4572 7.74282 8
      vertex -50.7601 9.43987 8
      vertex -51.3977 10.0371 8
    endloop
  endfacet
  facet normal 0 0 1
    outer loop
      vertex -49.6087 8.12696 8
      vertex -51.5128 6.66594 8
      vertex -51.0954 6.08349 8
    endloop
  endfacet
  facet normal 0 0 1
    outer loop
      vertex -50.1629 8.80227 8
      vertex -51.9674 7.21984 8
      vertex -51.5128 6.66594 8
    endloop
  endfacet
  facet normal 0 0 1
    outer loop
      vertex -52.9802 8.23265 8
      vertex -51.3977 10.0371 8
      vertex -52.073 10.5913 8
    endloop
  endfacet
  facet normal 0 0 1
    outer loop
      vertex -50.7601 9.43987 8
      vertex -52.4572 7.74282 8
      vertex -51.9674 7.21984 8
    endloop
  endfacet
  facet normal 0 0 1
    outer loop
      vertex -53.5341 8.68722 8
      vertex -52.073 10.5913 8
      vertex -52.7831 11.1001 8
    endloop
  endfacet
  facet normal 0 0 1
    outer loop
      vertex -51.3977 10.0371 8
      vertex -52.9802 8.23265 8
      vertex -52.4572 7.74282 8
    endloop
  endfacet
  facet normal 0 0 1
    outer loop
      vertex -54.1165 9.10459 8
      vertex -52.7831 11.1001 8
      vertex -53.525 11.5614 8
    endloop
  endfacet
  facet normal 0 0 1
    outer loop
      vertex -52.073 10.5913 8
      vertex -53.5341 8.68722 8
      vertex -52.9802 8.23265 8
    endloop
  endfacet
  facet normal 0 0 1
    outer loop
      vertex -52.7831 11.1001 8
      vertex -54.1165 9.10459 8
      vertex -53.5341 8.68722 8
    endloop
  endfacet
  facet normal 0 0 1
    outer loop
      vertex -54.725 9.48298 8
      vertex -53.525 11.5614 8
      vertex -54.2954 11.9733 8
    endloop
  endfacet
  facet normal 0 0 1
    outer loop
      vertex -53.525 11.5614 8
      vertex -54.725 9.48298 8
      vertex -54.1165 9.10459 8
    endloop
  endfacet
  facet normal 0 0 1
    outer loop
      vertex -55.3569 9.82076 8
      vertex -54.2954 11.9733 8
      vertex -55.0912 12.3338 8
    endloop
  endfacet
  facet normal 0 0 1
    outer loop
      vertex -54.2954 11.9733 8
      vertex -55.3569 9.82076 8
      vertex -54.725 9.48298 8
    endloop
  endfacet
  facet normal 0 0 1
    outer loop
      vertex -56.0096 10.1165 8
      vertex -55.0912 12.3338 8
      vertex -55.9088 12.6415 8
    endloop
  endfacet
  facet normal 0 0 1
    outer loop
      vertex -55.0912 12.3338 8
      vertex -56.0096 10.1165 8
      vertex -55.3569 9.82076 8
    endloop
  endfacet
  facet normal 0 0 1
    outer loop
      vertex -55.9088 12.6415 8
      vertex -56.6802 10.3689 8
      vertex -56.0096 10.1165 8
    endloop
  endfacet
  facet normal 0 0 1
    outer loop
      vertex -56.7448 12.8951 8
      vertex -56.6802 10.3689 8
      vertex -55.9088 12.6415 8
    endloop
  endfacet
  facet normal 0 0 1
    outer loop
      vertex -56.7448 12.8951 8
      vertex -57.3659 10.5769 8
      vertex -56.6802 10.3689 8
    endloop
  endfacet
  facet normal 0 0 1
    outer loop
      vertex -57.5955 13.0935 8
      vertex -57.3659 10.5769 8
      vertex -56.7448 12.8951 8
    endloop
  endfacet
  facet normal 0 0 1
    outer loop
      vertex -57.5955 13.0935 8
      vertex -58.0638 10.7396 8
      vertex -57.3659 10.5769 8
    endloop
  endfacet
  facet normal 0 0 1
    outer loop
      vertex -58.4575 13.2358 8
      vertex -58.0638 10.7396 8
      vertex -57.5955 13.0935 8
    endloop
  endfacet
  facet normal 0 0 1
    outer loop
      vertex -58.4575 13.2358 8
      vertex -58.7707 10.8563 8
      vertex -58.0638 10.7396 8
    endloop
  endfacet
  facet normal 0 0 1
    outer loop
      vertex -59.3269 13.3214 8
      vertex -58.7707 10.8563 8
      vertex -58.4575 13.2358 8
    endloop
  endfacet
  facet normal 0 0 1
    outer loop
      vertex -59.3269 13.3214 8
      vertex -59.4838 10.9266 8
      vertex -58.7707 10.8563 8
    endloop
  endfacet
  facet normal 0 0 1
    outer loop
      vertex -60.2 13.35 8
      vertex -59.4838 10.9266 8
      vertex -59.3269 13.3214 8
    endloop
  endfacet
  facet normal 0 0 1
    outer loop
      vertex -60.2 13.35 8
      vertex -60.2 10.95 8
      vertex -59.4838 10.9266 8
    endloop
  endfacet
  facet normal 0 0 1
    outer loop
      vertex -60.2 13.35 8
      vertex -60.9162 10.9266 8
      vertex -60.2 10.95 8
    endloop
  endfacet
  facet normal -0 0 1
    outer loop
      vertex -61.0731 13.3214 8
      vertex -60.9162 10.9266 8
      vertex -60.2 13.35 8
    endloop
  endfacet
  facet normal 0 0 1
    outer loop
      vertex -61.0731 13.3214 8
      vertex -61.6293 10.8563 8
      vertex -60.9162 10.9266 8
    endloop
  endfacet
  facet normal -0 0 1
    outer loop
      vertex -61.9425 13.2358 8
      vertex -61.6293 10.8563 8
      vertex -61.0731 13.3214 8
    endloop
  endfacet
  facet normal 0 0 1
    outer loop
      vertex -61.9425 13.2358 8
      vertex -62.3362 10.7396 8
      vertex -61.6293 10.8563 8
    endloop
  endfacet
  facet normal -0 0 1
    outer loop
      vertex -62.8045 13.0935 8
      vertex -62.3362 10.7396 8
      vertex -61.9425 13.2358 8
    endloop
  endfacet
  facet normal 0 0 1
    outer loop
      vertex -62.8045 13.0935 8
      vertex -63.0341 10.5769 8
      vertex -62.3362 10.7396 8
    endloop
  endfacet
  facet normal -0 0 1
    outer loop
      vertex -63.6552 12.8951 8
      vertex -63.0341 10.5769 8
      vertex -62.8045 13.0935 8
    endloop
  endfacet
  facet normal 0 0 1
    outer loop
      vertex -63.6552 12.8951 8
      vertex -63.7198 10.3689 8
      vertex -63.0341 10.5769 8
    endloop
  endfacet
  facet normal -0 0 1
    outer loop
      vertex -64.4912 12.6415 8
      vertex -63.7198 10.3689 8
      vertex -63.6552 12.8951 8
    endloop
  endfacet
  facet normal 0 0 1
    outer loop
      vertex -63.7198 10.3689 8
      vertex -64.4912 12.6415 8
      vertex -64.3904 10.1165 8
    endloop
  endfacet
  facet normal -0 0 1
    outer loop
      vertex -65.3088 12.3338 8
      vertex -64.3904 10.1165 8
      vertex -64.4912 12.6415 8
    endloop
  endfacet
  facet normal 0 0 1
    outer loop
      vertex -64.3904 10.1165 8
      vertex -65.3088 12.3338 8
      vertex -65.0431 9.82076 8
    endloop
  endfacet
  facet normal -0 0 1
    outer loop
      vertex -66.1046 11.9733 8
      vertex -65.0431 9.82076 8
      vertex -65.3088 12.3338 8
    endloop
  endfacet
  facet normal 0 0 1
    outer loop
      vertex -65.0431 9.82076 8
      vertex -66.1046 11.9733 8
      vertex -65.675 9.48298 8
    endloop
  endfacet
  facet normal -0 0 1
    outer loop
      vertex -66.875 11.5614 8
      vertex -65.675 9.48298 8
      vertex -66.1046 11.9733 8
    endloop
  endfacet
  facet normal 0 0 1
    outer loop
      vertex -65.675 9.48298 8
      vertex -66.875 11.5614 8
      vertex -66.2835 9.10459 8
    endloop
  endfacet
  facet normal -0 0 1
    outer loop
      vertex -67.6169 11.1001 8
      vertex -66.2835 9.10459 8
      vertex -66.875 11.5614 8
    endloop
  endfacet
  facet normal 0 0 1
    outer loop
      vertex -66.2835 9.10459 8
      vertex -67.6169 11.1001 8
      vertex -66.8659 8.68722 8
    endloop
  endfacet
  facet normal -0 0 1
    outer loop
      vertex -68.327 10.5913 8
      vertex -66.8659 8.68722 8
      vertex -67.6169 11.1001 8
    endloop
  endfacet
  facet normal 0 0 1
    outer loop
      vertex -66.8659 8.68722 8
      vertex -68.327 10.5913 8
      vertex -67.4198 8.23265 8
    endloop
  endfacet
  facet normal -0 0 1
    outer loop
      vertex -69.0023 10.0371 8
      vertex -67.4198 8.23265 8
      vertex -68.327 10.5913 8
    endloop
  endfacet
  facet normal 0 0 1
    outer loop
      vertex -67.4198 8.23265 8
      vertex -69.0023 10.0371 8
      vertex -67.9428 7.74282 8
    endloop
  endfacet
  facet normal -0 0 1
    outer loop
      vertex -69.6399 9.43987 8
      vertex -67.9428 7.74282 8
      vertex -69.0023 10.0371 8
    endloop
  endfacet
  facet normal 0 0 1
    outer loop
      vertex -67.9428 7.74282 8
      vertex -69.6399 9.43987 8
      vertex -68.4326 7.21984 8
    endloop
  endfacet
  facet normal -0 0 1
    outer loop
      vertex -70.2371 8.80227 8
      vertex -68.4326 7.21984 8
      vertex -69.6399 9.43987 8
    endloop
  endfacet
  facet normal 0 0 1
    outer loop
      vertex -68.4326 7.21984 8
      vertex -70.2371 8.80227 8
      vertex -68.8872 6.66594 8
    endloop
  endfacet
  facet normal -0 0 1
    outer loop
      vertex -70.7913 8.12696 8
      vertex -68.8872 6.66594 8
      vertex -70.2371 8.80227 8
    endloop
  endfacet
  facet normal 0 0 1
    outer loop
      vertex -68.8872 6.66594 8
      vertex -70.7913 8.12696 8
      vertex -69.3046 6.08349 8
    endloop
  endfacet
  facet normal -0 0 1
    outer loop
      vertex -71.3001 7.41686 8
      vertex -69.3046 6.08349 8
      vertex -70.7913 8.12696 8
    endloop
  endfacet
  facet normal 0 0 1
    outer loop
      vertex -69.3046 6.08349 8
      vertex -71.3001 7.41686 8
      vertex -69.683 5.475 8
    endloop
  endfacet
  facet normal -0 0 1
    outer loop
      vertex -71.7614 6.675 8
      vertex -69.683 5.475 8
      vertex -71.3001 7.41686 8
    endloop
  endfacet
  facet normal 0 0 1
    outer loop
      vertex -69.683 5.475 8
      vertex -71.7614 6.675 8
      vertex -70.0208 4.84306 8
    endloop
  endfacet
  facet normal -0 0 1
    outer loop
      vertex -72.1732 5.90455 8
      vertex -70.0208 4.84306 8
      vertex -71.7614 6.675 8
    endloop
  endfacet
  facet normal 0 0 1
    outer loop
      vertex -70.0208 4.84306 8
      vertex -72.1732 5.90455 8
      vertex -70.3165 4.19038 8
    endloop
  endfacet
  facet normal -0 0 1
    outer loop
      vertex -72.5338 5.10882 8
      vertex -70.3165 4.19038 8
      vertex -72.1732 5.90455 8
    endloop
  endfacet
  facet normal 0 0 1
    outer loop
      vertex -70.3165 4.19038 8
      vertex -72.5338 5.10882 8
      vertex -70.5689 3.51976 8
    endloop
  endfacet
  facet normal 0 0 1
    outer loop
      vertex -70.5689 3.51976 8
      vertex -72.8415 4.29122 8
      vertex -70.7769 2.83407 8
    endloop
  endfacet
  facet normal -0 0 1
    outer loop
      vertex -72.8415 4.29122 8
      vertex -70.5689 3.51976 8
      vertex -72.5338 5.10882 8
    endloop
  endfacet
  facet normal -0 0 1
    outer loop
      vertex -49.8311 -3.51976 8
      vertex -47.5585 -4.29122 8
      vertex -49.6231 -2.83407 8
    endloop
  endfacet
  facet normal 0 0 1
    outer loop
      vertex -47.5585 -4.29122 8
      vertex -49.8311 -3.51976 8
      vertex -47.8662 -5.10882 8
    endloop
  endfacet
  facet normal -0 0 1
    outer loop
      vertex -50.0835 -4.19038 8
      vertex -47.8662 -5.10882 8
      vertex -49.8311 -3.51976 8
    endloop
  endfacet
  facet normal 0 0 1
    outer loop
      vertex -47.8662 -5.10882 8
      vertex -50.0835 -4.19038 8
      vertex -48.2267 -5.90455 8
    endloop
  endfacet
  facet normal -0 0 1
    outer loop
      vertex -50.3792 -4.84306 8
      vertex -48.2267 -5.90455 8
      vertex -50.0835 -4.19038 8
    endloop
  endfacet
  facet normal 0 0 1
    outer loop
      vertex -48.2267 -5.90455 8
      vertex -50.3792 -4.84306 8
      vertex -48.6386 -6.675 8
    endloop
  endfacet
  facet normal -0 0 1
    outer loop
      vertex -50.717 -5.475 8
      vertex -48.6386 -6.675 8
      vertex -50.3792 -4.84306 8
    endloop
  endfacet
  facet normal 0 0 1
    outer loop
      vertex -48.6386 -6.675 8
      vertex -50.717 -5.475 8
      vertex -49.0999 -7.41686 8
    endloop
  endfacet
  facet normal -0 0 1
    outer loop
      vertex -51.0954 -6.08349 8
      vertex -49.0999 -7.41686 8
      vertex -50.717 -5.475 8
    endloop
  endfacet
  facet normal 0 0 1
    outer loop
      vertex -49.0999 -7.41686 8
      vertex -51.0954 -6.08349 8
      vertex -49.6087 -8.12696 8
    endloop
  endfacet
  facet normal -0 0 1
    outer loop
      vertex -51.5128 -6.66594 8
      vertex -49.6087 -8.12696 8
      vertex -51.0954 -6.08349 8
    endloop
  endfacet
  facet normal 0 0 1
    outer loop
      vertex -49.6087 -8.12696 8
      vertex -51.5128 -6.66594 8
      vertex -50.1629 -8.80227 8
    endloop
  endfacet
  facet normal -0 0 1
    outer loop
      vertex -51.9674 -7.21984 8
      vertex -50.1629 -8.80227 8
      vertex -51.5128 -6.66594 8
    endloop
  endfacet
  facet normal 0 0 1
    outer loop
      vertex -50.1629 -8.80227 8
      vertex -51.9674 -7.21984 8
      vertex -50.7601 -9.43987 8
    endloop
  endfacet
  facet normal -0 0 1
    outer loop
      vertex -52.4572 -7.74282 8
      vertex -50.7601 -9.43987 8
      vertex -51.9674 -7.21984 8
    endloop
  endfacet
  facet normal 0 0 1
    outer loop
      vertex -50.7601 -9.43987 8
      vertex -52.4572 -7.74282 8
      vertex -51.3977 -10.0371 8
    endloop
  endfacet
  facet normal -0 0 1
    outer loop
      vertex -52.9802 -8.23265 8
      vertex -51.3977 -10.0371 8
      vertex -52.4572 -7.74282 8
    endloop
  endfacet
  facet normal 0 0 1
    outer loop
      vertex -51.3977 -10.0371 8
      vertex -52.9802 -8.23265 8
      vertex -52.073 -10.5913 8
    endloop
  endfacet
  facet normal -0 0 1
    outer loop
      vertex -53.5341 -8.68722 8
      vertex -52.073 -10.5913 8
      vertex -52.9802 -8.23265 8
    endloop
  endfacet
  facet normal 0 0 1
    outer loop
      vertex -52.073 -10.5913 8
      vertex -53.5341 -8.68722 8
      vertex -52.7831 -11.1001 8
    endloop
  endfacet
  facet normal -0 0 1
    outer loop
      vertex -54.1165 -9.10459 8
      vertex -52.7831 -11.1001 8
      vertex -53.5341 -8.68722 8
    endloop
  endfacet
  facet normal 0 0 1
    outer loop
      vertex -52.7831 -11.1001 8
      vertex -54.1165 -9.10459 8
      vertex -53.525 -11.5614 8
    endloop
  endfacet
  facet normal -0 0 1
    outer loop
      vertex -54.725 -9.48298 8
      vertex -53.525 -11.5614 8
      vertex -54.1165 -9.10459 8
    endloop
  endfacet
  facet normal 0 0 1
    outer loop
      vertex -53.525 -11.5614 8
      vertex -54.725 -9.48298 8
      vertex -54.2954 -11.9733 8
    endloop
  endfacet
  facet normal -0 0 1
    outer loop
      vertex -55.3569 -9.82076 8
      vertex -54.2954 -11.9733 8
      vertex -54.725 -9.48298 8
    endloop
  endfacet
  facet normal 0 0 1
    outer loop
      vertex -54.2954 -11.9733 8
      vertex -55.3569 -9.82076 8
      vertex -55.0912 -12.3338 8
    endloop
  endfacet
  facet normal -0 0 1
    outer loop
      vertex -56.0096 -10.1165 8
      vertex -55.0912 -12.3338 8
      vertex -55.3569 -9.82076 8
    endloop
  endfacet
  facet normal 0 0 1
    outer loop
      vertex -55.0912 -12.3338 8
      vertex -56.0096 -10.1165 8
      vertex -55.9088 -12.6415 8
    endloop
  endfacet
  facet normal -0 0 1
    outer loop
      vertex -56.6802 -10.3689 8
      vertex -55.9088 -12.6415 8
      vertex -56.0096 -10.1165 8
    endloop
  endfacet
  facet normal 0 0 1
    outer loop
      vertex -56.6802 -10.3689 8
      vertex -56.7448 -12.8951 8
      vertex -55.9088 -12.6415 8
    endloop
  endfacet
  facet normal -0 0 1
    outer loop
      vertex -57.3659 -10.5769 8
      vertex -56.7448 -12.8951 8
      vertex -56.6802 -10.3689 8
    endloop
  endfacet
  facet normal 0 0 1
    outer loop
      vertex -57.3659 -10.5769 8
      vertex -57.5955 -13.0935 8
      vertex -56.7448 -12.8951 8
    endloop
  endfacet
  facet normal -0 0 1
    outer loop
      vertex -58.0638 -10.7396 8
      vertex -57.5955 -13.0935 8
      vertex -57.3659 -10.5769 8
    endloop
  endfacet
  facet normal 0 0 1
    outer loop
      vertex -58.0638 -10.7396 8
      vertex -58.4575 -13.2358 8
      vertex -57.5955 -13.0935 8
    endloop
  endfacet
  facet normal -0 0 1
    outer loop
      vertex -58.7707 -10.8563 8
      vertex -58.4575 -13.2358 8
      vertex -58.0638 -10.7396 8
    endloop
  endfacet
  facet normal 0 0 1
    outer loop
      vertex -58.7707 -10.8563 8
      vertex -59.3269 -13.3214 8
      vertex -58.4575 -13.2358 8
    endloop
  endfacet
  facet normal -0 0 1
    outer loop
      vertex -59.4838 -10.9266 8
      vertex -59.3269 -13.3214 8
      vertex -58.7707 -10.8563 8
    endloop
  endfacet
  facet normal -0 0 1
    outer loop
      vertex -60.2 -10.95 8
      vertex -59.3269 -13.3214 8
      vertex -59.4838 -10.9266 8
    endloop
  endfacet
  facet normal 0 0 1
    outer loop
      vertex -60.2 -10.95 8
      vertex -60.2 -13.35 8
      vertex -59.3269 -13.3214 8
    endloop
  endfacet
  facet normal 0 0 1
    outer loop
      vertex -60.9162 -10.9266 8
      vertex -60.2 -13.35 8
      vertex -60.2 -10.95 8
    endloop
  endfacet
  facet normal 0 0 1
    outer loop
      vertex -60.9162 -10.9266 8
      vertex -61.0731 -13.3214 8
      vertex -60.2 -13.35 8
    endloop
  endfacet
  facet normal 0 0 1
    outer loop
      vertex -61.6293 -10.8563 8
      vertex -61.0731 -13.3214 8
      vertex -60.9162 -10.9266 8
    endloop
  endfacet
  facet normal 0 0 1
    outer loop
      vertex -61.6293 -10.8563 8
      vertex -61.9425 -13.2358 8
      vertex -61.0731 -13.3214 8
    endloop
  endfacet
  facet normal 0 0 1
    outer loop
      vertex -62.3362 -10.7396 8
      vertex -61.9425 -13.2358 8
      vertex -61.6293 -10.8563 8
    endloop
  endfacet
  facet normal 0 0 1
    outer loop
      vertex -62.3362 -10.7396 8
      vertex -62.8045 -13.0935 8
      vertex -61.9425 -13.2358 8
    endloop
  endfacet
  facet normal 0 0 1
    outer loop
      vertex -63.0341 -10.5769 8
      vertex -62.8045 -13.0935 8
      vertex -62.3362 -10.7396 8
    endloop
  endfacet
  facet normal 0 0 1
    outer loop
      vertex -63.0341 -10.5769 8
      vertex -63.6552 -12.8951 8
      vertex -62.8045 -13.0935 8
    endloop
  endfacet
  facet normal 0 0 1
    outer loop
      vertex -63.7198 -10.3689 8
      vertex -63.6552 -12.8951 8
      vertex -63.0341 -10.5769 8
    endloop
  endfacet
  facet normal 0 0 1
    outer loop
      vertex -64.4912 -12.6415 8
      vertex -63.7198 -10.3689 8
      vertex -64.3904 -10.1165 8
    endloop
  endfacet
  facet normal 0 0 1
    outer loop
      vertex -63.7198 -10.3689 8
      vertex -64.4912 -12.6415 8
      vertex -63.6552 -12.8951 8
    endloop
  endfacet
  facet normal 0 0 1
    outer loop
      vertex -65.3088 -12.3338 8
      vertex -64.3904 -10.1165 8
      vertex -65.0431 -9.82076 8
    endloop
  endfacet
  facet normal 0 0 1
    outer loop
      vertex -64.3904 -10.1165 8
      vertex -65.3088 -12.3338 8
      vertex -64.4912 -12.6415 8
    endloop
  endfacet
  facet normal 0 0 1
    outer loop
      vertex -66.1046 -11.9733 8
      vertex -65.0431 -9.82076 8
      vertex -65.675 -9.48298 8
    endloop
  endfacet
  facet normal 0 0 1
    outer loop
      vertex -65.0431 -9.82076 8
      vertex -66.1046 -11.9733 8
      vertex -65.3088 -12.3338 8
    endloop
  endfacet
  facet normal 0 0 1
    outer loop
      vertex -66.875 -11.5614 8
      vertex -65.675 -9.48298 8
      vertex -66.2835 -9.10459 8
    endloop
  endfacet
  facet normal 0 0 1
    outer loop
      vertex -67.6169 -11.1001 8
      vertex -66.2835 -9.10459 8
      vertex -66.8659 -8.68722 8
    endloop
  endfacet
  facet normal 0 0 1
    outer loop
      vertex -65.675 -9.48298 8
      vertex -66.875 -11.5614 8
      vertex -66.1046 -11.9733 8
    endloop
  endfacet
  facet normal 0 0 1
    outer loop
      vertex -68.327 -10.5913 8
      vertex -66.8659 -8.68722 8
      vertex -67.4198 -8.23265 8
    endloop
  endfacet
  facet normal 0 0 1
    outer loop
      vertex -66.2835 -9.10459 8
      vertex -67.6169 -11.1001 8
      vertex -66.875 -11.5614 8
    endloop
  endfacet
  facet normal 0 0 1
    outer loop
      vertex -69.0023 -10.0371 8
      vertex -67.4198 -8.23265 8
      vertex -67.9428 -7.74282 8
    endloop
  endfacet
  facet normal 0 0 1
    outer loop
      vertex -66.8659 -8.68722 8
      vertex -68.327 -10.5913 8
      vertex -67.6169 -11.1001 8
    endloop
  endfacet
  facet normal 0 0 1
    outer loop
      vertex -69.6399 -9.43987 8
      vertex -67.9428 -7.74282 8
      vertex -68.4326 -7.21984 8
    endloop
  endfacet
  facet normal 0 0 1
    outer loop
      vertex -70.2371 -8.80227 8
      vertex -68.4326 -7.21984 8
      vertex -68.8872 -6.66594 8
    endloop
  endfacet
  facet normal 0 0 1
    outer loop
      vertex -67.4198 -8.23265 8
      vertex -69.0023 -10.0371 8
      vertex -68.327 -10.5913 8
    endloop
  endfacet
  facet normal 0 0 1
    outer loop
      vertex -70.7913 -8.12696 8
      vertex -68.8872 -6.66594 8
      vertex -69.3046 -6.08349 8
    endloop
  endfacet
  facet normal 0 0 1
    outer loop
      vertex -67.9428 -7.74282 8
      vertex -69.6399 -9.43987 8
      vertex -69.0023 -10.0371 8
    endloop
  endfacet
  facet normal 0 0 1
    outer loop
      vertex -71.3001 -7.41686 8
      vertex -69.3046 -6.08349 8
      vertex -69.683 -5.475 8
    endloop
  endfacet
  facet normal 0 0 1
    outer loop
      vertex -71.7614 -6.675 8
      vertex -69.683 -5.475 8
      vertex -70.0208 -4.84306 8
    endloop
  endfacet
  facet normal 0 0 1
    outer loop
      vertex -68.4326 -7.21984 8
      vertex -70.2371 -8.80227 8
      vertex -69.6399 -9.43987 8
    endloop
  endfacet
  facet normal 0 0 1
    outer loop
      vertex -72.1732 -5.90455 8
      vertex -70.0208 -4.84306 8
      vertex -70.3165 -4.19038 8
    endloop
  endfacet
  facet normal 0 0 1
    outer loop
      vertex -72.5338 -5.10882 8
      vertex -70.3165 -4.19038 8
      vertex -70.5689 -3.51976 8
    endloop
  endfacet
  facet normal 0 0 1
    outer loop
      vertex -72.8415 -4.29122 8
      vertex -70.5689 -3.51976 8
      vertex -70.7769 -2.83407 8
    endloop
  endfacet
  facet normal 0 0 1
    outer loop
      vertex -68.8872 -6.66594 8
      vertex -70.7913 -8.12696 8
      vertex -70.2371 -8.80227 8
    endloop
  endfacet
  facet normal 0 0 1
    outer loop
      vertex -73.0951 -3.45523 8
      vertex -70.7769 -2.83407 8
      vertex -70.9396 -2.13624 8
    endloop
  endfacet
  facet normal 0 0 1
    outer loop
      vertex -73.2935 -2.60445 8
      vertex -70.9396 -2.13624 8
      vertex -71.0563 -1.42926 8
    endloop
  endfacet
  facet normal 0 0 1
    outer loop
      vertex -73.4358 -1.74252 8
      vertex -71.0563 -1.42926 8
      vertex -71.1266 -0.716164 8
    endloop
  endfacet
  facet normal 0 0 1
    outer loop
      vertex -69.3046 -6.08349 8
      vertex -71.3001 -7.41686 8
      vertex -70.7913 -8.12696 8
    endloop
  endfacet
  facet normal 0 0 1
    outer loop
      vertex -73.5214 -0.873132 8
      vertex -71.1266 -0.716164 8
      vertex -71.15 0 8
    endloop
  endfacet
  facet normal -0 0 1
    outer loop
      vertex -73.0951 3.45523 8
      vertex -70.7769 2.83407 8
      vertex -72.8415 4.29122 8
    endloop
  endfacet
  facet normal 0 0 1
    outer loop
      vertex -70.7769 2.83407 8
      vertex -73.0951 3.45523 8
      vertex -70.9396 2.13624 8
    endloop
  endfacet
  facet normal 0 0 1
    outer loop
      vertex -69.683 -5.475 8
      vertex -71.7614 -6.675 8
      vertex -71.3001 -7.41686 8
    endloop
  endfacet
  facet normal -0 0 1
    outer loop
      vertex -73.2935 2.60445 8
      vertex -70.9396 2.13624 8
      vertex -73.0951 3.45523 8
    endloop
  endfacet
  facet normal 0 0 1
    outer loop
      vertex -70.0208 -4.84306 8
      vertex -72.1732 -5.90455 8
      vertex -71.7614 -6.675 8
    endloop
  endfacet
  facet normal 0 0 1
    outer loop
      vertex -70.9396 2.13624 8
      vertex -73.2935 2.60445 8
      vertex -71.0563 1.42926 8
    endloop
  endfacet
  facet normal 0 0 1
    outer loop
      vertex -70.3165 -4.19038 8
      vertex -72.5338 -5.10882 8
      vertex -72.1732 -5.90455 8
    endloop
  endfacet
  facet normal -0 0 1
    outer loop
      vertex -73.4358 1.74252 8
      vertex -71.0563 1.42926 8
      vertex -73.2935 2.60445 8
    endloop
  endfacet
  facet normal 0 0 1
    outer loop
      vertex -70.5689 -3.51976 8
      vertex -72.8415 -4.29122 8
      vertex -72.5338 -5.10882 8
    endloop
  endfacet
  facet normal 0 0 1
    outer loop
      vertex -71.0563 1.42926 8
      vertex -73.4358 1.74252 8
      vertex -71.1266 0.716164 8
    endloop
  endfacet
  facet normal 0 0 1
    outer loop
      vertex -70.7769 -2.83407 8
      vertex -73.0951 -3.45523 8
      vertex -72.8415 -4.29122 8
    endloop
  endfacet
  facet normal -0 0 1
    outer loop
      vertex -73.5214 0.873132 8
      vertex -71.1266 0.716164 8
      vertex -73.4358 1.74252 8
    endloop
  endfacet
  facet normal 0 0 1
    outer loop
      vertex -70.9396 -2.13624 8
      vertex -73.2935 -2.60445 8
      vertex -73.0951 -3.45523 8
    endloop
  endfacet
  facet normal 0 0 1
    outer loop
      vertex -71.1266 0.716164 8
      vertex -73.5214 0.873132 8
      vertex -71.15 0 8
    endloop
  endfacet
  facet normal 0 0 1
    outer loop
      vertex -71.0563 -1.42926 8
      vertex -73.4358 -1.74252 8
      vertex -73.2935 -2.60445 8
    endloop
  endfacet
  facet normal 0 0 1
    outer loop
      vertex -73.55 0 8
      vertex -71.15 0 8
      vertex -73.5214 0.873132 8
    endloop
  endfacet
  facet normal 0 0 1
    outer loop
      vertex -71.1266 -0.716164 8
      vertex -73.5214 -0.873132 8
      vertex -73.4358 -1.74252 8
    endloop
  endfacet
  facet normal 0 0 1
    outer loop
      vertex -71.15 0 8
      vertex -73.55 0 8
      vertex -73.5214 -0.873132 8
    endloop
  endfacet
  facet normal -0.471497 0.881868 0
    outer loop
      vertex -66.1046 11.9733 0
      vertex -66.875 11.5614 8
      vertex -66.1046 11.9733 8
    endloop
  endfacet
  facet normal -0.471497 0.881868 0
    outer loop
      vertex -66.875 11.5614 8
      vertex -66.1046 11.9733 0
      vertex -66.875 11.5614 0
    endloop
  endfacet
  facet normal -0.412638 0.910895 0
    outer loop
      vertex -65.3088 12.3338 0
      vertex -66.1046 11.9733 8
      vertex -65.3088 12.3338 8
    endloop
  endfacet
  facet normal -0.412638 0.910895 0
    outer loop
      vertex -66.1046 11.9733 8
      vertex -65.3088 12.3338 0
      vertex -66.1046 11.9733 0
    endloop
  endfacet
  facet normal -0.58244 0.812874 0
    outer loop
      vertex -67.6169 11.1001 0
      vertex -68.327 10.5913 8
      vertex -67.6169 11.1001 8
    endloop
  endfacet
  facet normal -0.58244 0.812874 0
    outer loop
      vertex -68.327 10.5913 8
      vertex -67.6169 11.1001 0
      vertex -68.327 10.5913 0
    endloop
  endfacet
  facet normal -0.63439 0.773013 0
    outer loop
      vertex -68.327 10.5913 0
      vertex -69.0023 10.0371 8
      vertex -68.327 10.5913 8
    endloop
  endfacet
  facet normal -0.63439 0.773013 0
    outer loop
      vertex -69.0023 10.0371 8
      vertex -68.327 10.5913 0
      vertex -69.0023 10.0371 0
    endloop
  endfacet
  facet normal -0.227125 0.973866 0
    outer loop
      vertex -62.8045 13.0935 2
      vertex -63.6552 12.8951 8
      vertex -62.8045 13.0935 8
    endloop
  endfacet
  facet normal -0.227125 0.973866 0
    outer loop
      vertex -63.6552 12.8951 8
      vertex -62.8045 13.0935 2
      vertex -63.6552 12.8951 2
    endloop
  endfacet
  facet normal -0.290287 0.95694 0
    outer loop
      vertex -63.6552 12.8951 2
      vertex -64.4912 12.6415 8
      vertex -63.6552 12.8951 8
    endloop
  endfacet
  facet normal -0.290287 0.95694 0
    outer loop
      vertex -64.4912 12.6415 8
      vertex -63.6552 12.8951 2
      vertex -64.4912 12.6415 2
    endloop
  endfacet
  facet normal -0.0327393 0.999464 0
    outer loop
      vertex -60.2 13.35 2
      vertex -61.0731 13.3214 8
      vertex -60.2 13.35 8
    endloop
  endfacet
  facet normal -0.0327393 0.999464 0
    outer loop
      vertex -61.0731 13.3214 8
      vertex -60.2 13.35 2
      vertex -61.0731 13.3214 2
    endloop
  endfacet
  facet normal 0.999464 -0.0327381 0
    outer loop
      vertex -46.8786 -0.873132 8
      vertex -46.85 0 2
      vertex -46.85 0 8
    endloop
  endfacet
  facet normal 0.999464 -0.0327381 0
    outer loop
      vertex -46.85 0 2
      vertex -46.8786 -0.873132 8
      vertex -46.8786 -0.873132 2
    endloop
  endfacet
  facet normal 0.0327393 -0.999464 0
    outer loop
      vertex -60.2 -13.35 0
      vertex -59.3269 -13.3214 8
      vertex -60.2 -13.35 8
    endloop
  endfacet
  facet normal 0.0327393 -0.999464 0
    outer loop
      vertex -59.3269 -13.3214 8
      vertex -60.2 -13.35 0
      vertex -59.3269 -13.3214 0
    endloop
  endfacet
  facet normal 0.162877 -0.986646 0
    outer loop
      vertex -58.4575 -13.2358 0
      vertex -57.5955 -13.0935 8
      vertex -58.4575 -13.2358 8
    endloop
  endfacet
  facet normal 0.162877 -0.986646 0
    outer loop
      vertex -57.5955 -13.0935 8
      vertex -58.4575 -13.2358 0
      vertex -57.5955 -13.0935 0
    endloop
  endfacet
  facet normal 0.352227 -0.935915 0
    outer loop
      vertex -55.9088 -12.6415 0
      vertex -55.0912 -12.3338 8
      vertex -55.9088 -12.6415 8
    endloop
  endfacet
  facet normal 0.352227 -0.935915 0
    outer loop
      vertex -55.0912 -12.3338 8
      vertex -55.9088 -12.6415 0
      vertex -55.0912 -12.3338 0
    endloop
  endfacet
  facet normal 0.227125 -0.973866 0
    outer loop
      vertex -57.5955 -13.0935 0
      vertex -56.7448 -12.8951 8
      vertex -57.5955 -13.0935 8
    endloop
  endfacet
  facet normal 0.227125 -0.973866 0
    outer loop
      vertex -56.7448 -12.8951 8
      vertex -57.5955 -13.0935 0
      vertex -56.7448 -12.8951 0
    endloop
  endfacet
  facet normal 0.683624 -0.729834 0
    outer loop
      vertex -51.3977 -10.0371 0
      vertex -50.7601 -9.43987 8
      vertex -51.3977 -10.0371 8
    endloop
  endfacet
  facet normal 0.683624 -0.729834 0
    outer loop
      vertex -50.7601 -9.43987 8
      vertex -51.3977 -10.0371 0
      vertex -50.7601 -9.43987 0
    endloop
  endfacet
  facet normal 0.528032 -0.849224 0
    outer loop
      vertex -53.525 -11.5614 0
      vertex -52.7831 -11.1001 8
      vertex -53.525 -11.5614 8
    endloop
  endfacet
  facet normal 0.528032 -0.849224 0
    outer loop
      vertex -52.7831 -11.1001 8
      vertex -53.525 -11.5614 0
      vertex -52.7831 -11.1001 0
    endloop
  endfacet
  facet normal 0.412638 -0.910895 0
    outer loop
      vertex -55.0912 -12.3338 0
      vertex -54.2954 -11.9733 8
      vertex -55.0912 -12.3338 8
    endloop
  endfacet
  facet normal 0.412638 -0.910895 0
    outer loop
      vertex -54.2954 -11.9733 8
      vertex -55.0912 -12.3338 0
      vertex -54.2954 -11.9733 0
    endloop
  endfacet
  facet normal 0.773018 -0.634385 0
    outer loop
      vertex -50.1629 -8.80227 8
      vertex -49.6087 -8.12696 0
      vertex -49.6087 -8.12696 8
    endloop
  endfacet
  facet normal 0.773018 -0.634385 0
    outer loop
      vertex -49.6087 -8.12696 0
      vertex -50.1629 -8.80227 8
      vertex -50.1629 -8.80227 0
    endloop
  endfacet
  facet normal 0.849212 -0.528053 0
    outer loop
      vertex -49.0999 -7.41686 8
      vertex -48.6386 -6.675 0
      vertex -48.6386 -6.675 8
    endloop
  endfacet
  facet normal 0.849212 -0.528053 0
    outer loop
      vertex -48.6386 -6.675 0
      vertex -49.0999 -7.41686 8
      vertex -49.0999 -7.41686 0
    endloop
  endfacet
  facet normal 0.935915 -0.352227 0
    outer loop
      vertex -47.8662 -5.10882 8
      vertex -47.5585 -4.29122 0
      vertex -47.5585 -4.29122 8
    endloop
  endfacet
  facet normal 0.935915 -0.352227 0
    outer loop
      vertex -47.5585 -4.29122 0
      vertex -47.8662 -5.10882 8
      vertex -47.8662 -5.10882 0
    endloop
  endfacet
  facet normal 0.88188 -0.471473 0
    outer loop
      vertex -48.6386 -6.675 8
      vertex -48.2267 -5.90455 0
      vertex -48.2267 -5.90455 8
    endloop
  endfacet
  facet normal 0.88188 -0.471473 0
    outer loop
      vertex -48.2267 -5.90455 0
      vertex -48.6386 -6.675 8
      vertex -48.6386 -6.675 0
    endloop
  endfacet
  facet normal 0.956939 -0.29029 0
    outer loop
      vertex -47.5585 -4.29122 8
      vertex -47.3049 -3.45523 0
      vertex -47.3049 -3.45523 8
    endloop
  endfacet
  facet normal 0.956939 -0.29029 0
    outer loop
      vertex -47.3049 -3.45523 0
      vertex -47.5585 -4.29122 8
      vertex -47.5585 -4.29122 0
    endloop
  endfacet
  facet normal 0.986644 -0.16289 0
    outer loop
      vertex -47.1065 -2.60445 8
      vertex -46.9642 -1.74252 2
      vertex -46.9642 -1.74252 8
    endloop
  endfacet
  facet normal 0.986644 -0.16289 0
    outer loop
      vertex -46.9642 -1.74252 2
      vertex -47.1065 -2.60445 8
      vertex -47.1065 -2.60445 2
    endloop
  endfacet
  facet normal -0.63439 -0.773013 0
    outer loop
      vertex -69.0023 -10.0371 0
      vertex -68.327 -10.5913 8
      vertex -69.0023 -10.0371 8
    endloop
  endfacet
  facet normal -0.63439 -0.773013 -0
    outer loop
      vertex -68.327 -10.5913 8
      vertex -69.0023 -10.0371 0
      vertex -68.327 -10.5913 0
    endloop
  endfacet
  facet normal -0.471497 -0.881868 0
    outer loop
      vertex -66.875 -11.5614 0
      vertex -66.1046 -11.9733 8
      vertex -66.875 -11.5614 8
    endloop
  endfacet
  facet normal -0.471497 -0.881868 -0
    outer loop
      vertex -66.1046 -11.9733 8
      vertex -66.875 -11.5614 0
      vertex -66.1046 -11.9733 0
    endloop
  endfacet
  facet normal -0.290287 -0.95694 0
    outer loop
      vertex -64.4912 -12.6415 0
      vertex -63.6552 -12.8951 8
      vertex -64.4912 -12.6415 8
    endloop
  endfacet
  facet normal -0.290287 -0.95694 -0
    outer loop
      vertex -63.6552 -12.8951 8
      vertex -64.4912 -12.6415 0
      vertex -63.6552 -12.8951 0
    endloop
  endfacet
  facet normal -0.0979849 -0.995188 0
    outer loop
      vertex -61.9425 -13.2358 0
      vertex -61.0731 -13.3214 8
      vertex -61.9425 -13.2358 8
    endloop
  endfacet
  facet normal -0.0979849 -0.995188 -0
    outer loop
      vertex -61.0731 -13.3214 8
      vertex -61.9425 -13.2358 0
      vertex -61.0731 -13.3214 0
    endloop
  endfacet
  facet normal -0.910838 -0.412763 0
    outer loop
      vertex -72.1732 -5.90455 0
      vertex -72.5338 -5.10882 8
      vertex -72.5338 -5.10882 0
    endloop
  endfacet
  facet normal -0.910838 -0.412763 0
    outer loop
      vertex -72.5338 -5.10882 8
      vertex -72.1732 -5.90455 0
      vertex -72.1732 -5.90455 8
    endloop
  endfacet
  facet normal -0.849212 -0.528053 0
    outer loop
      vertex -71.3001 -7.41686 0
      vertex -71.7614 -6.675 8
      vertex -71.7614 -6.675 0
    endloop
  endfacet
  facet normal -0.849212 -0.528053 0
    outer loop
      vertex -71.7614 -6.675 8
      vertex -71.3001 -7.41686 0
      vertex -71.3001 -7.41686 8
    endloop
  endfacet
  facet normal -0.812874 -0.58244 0
    outer loop
      vertex -70.7913 -8.12696 0
      vertex -71.3001 -7.41686 8
      vertex -71.3001 -7.41686 0
    endloop
  endfacet
  facet normal -0.812874 -0.58244 0
    outer loop
      vertex -71.3001 -7.41686 8
      vertex -70.7913 -8.12696 0
      vertex -70.7913 -8.12696 8
    endloop
  endfacet
  facet normal -0.729851 -0.683606 0
    outer loop
      vertex -69.6399 -9.43987 0
      vertex -70.2371 -8.80227 8
      vertex -70.2371 -8.80227 0
    endloop
  endfacet
  facet normal -0.729851 -0.683606 0
    outer loop
      vertex -70.2371 -8.80227 8
      vertex -69.6399 -9.43987 0
      vertex -69.6399 -9.43987 8
    endloop
  endfacet
  facet normal -0.97387 -0.227104 0
    outer loop
      vertex -73.0951 -3.45523 0
      vertex -73.2935 -2.60445 8
      vertex -73.2935 -2.60445 0
    endloop
  endfacet
  facet normal -0.97387 -0.227104 0
    outer loop
      vertex -73.2935 -2.60445 8
      vertex -73.0951 -3.45523 0
      vertex -73.0951 -3.45523 8
    endloop
  endfacet
  facet normal -0.935915 -0.352227 0
    outer loop
      vertex -72.5338 -5.10882 0
      vertex -72.8415 -4.29122 8
      vertex -72.8415 -4.29122 0
    endloop
  endfacet
  facet normal -0.935915 -0.352227 0
    outer loop
      vertex -72.8415 -4.29122 8
      vertex -72.5338 -5.10882 0
      vertex -72.5338 -5.10882 8
    endloop
  endfacet
  facet normal -0.986644 -0.16289 0
    outer loop
      vertex -73.2935 -2.60445 0
      vertex -73.4358 -1.74252 8
      vertex -73.4358 -1.74252 0
    endloop
  endfacet
  facet normal -0.986644 -0.16289 0
    outer loop
      vertex -73.4358 -1.74252 8
      vertex -73.2935 -2.60445 0
      vertex -73.2935 -2.60445 8
    endloop
  endfacet
  facet normal -0.999464 -0.0327381 0
    outer loop
      vertex -73.5214 -0.873132 0
      vertex -73.55 0 8
      vertex -73.55 0 0
    endloop
  endfacet
  facet normal -0.999464 -0.0327381 0
    outer loop
      vertex -73.55 0 8
      vertex -73.5214 -0.873132 0
      vertex -73.5214 -0.873132 8
    endloop
  endfacet
  facet normal 0.0979849 -0.995188 0
    outer loop
      vertex -59.3269 -13.3214 0
      vertex -58.4575 -13.2358 8
      vertex -59.3269 -13.3214 8
    endloop
  endfacet
  facet normal 0.0979849 -0.995188 0
    outer loop
      vertex -58.4575 -13.2358 8
      vertex -59.3269 -13.3214 0
      vertex -58.4575 -13.2358 0
    endloop
  endfacet
  facet normal 0.290287 -0.95694 0
    outer loop
      vertex -56.7448 -12.8951 0
      vertex -55.9088 -12.6415 8
      vertex -56.7448 -12.8951 8
    endloop
  endfacet
  facet normal 0.290287 -0.95694 0
    outer loop
      vertex -55.9088 -12.6415 8
      vertex -56.7448 -12.8951 0
      vertex -55.9088 -12.6415 0
    endloop
  endfacet
  facet normal 0.729851 -0.683606 0
    outer loop
      vertex -50.7601 -9.43987 8
      vertex -50.1629 -8.80227 0
      vertex -50.1629 -8.80227 8
    endloop
  endfacet
  facet normal 0.729851 -0.683606 0
    outer loop
      vertex -50.1629 -8.80227 0
      vertex -50.7601 -9.43987 8
      vertex -50.7601 -9.43987 0
    endloop
  endfacet
  facet normal 0.58244 -0.812874 0
    outer loop
      vertex -52.7831 -11.1001 0
      vertex -52.073 -10.5913 8
      vertex -52.7831 -11.1001 8
    endloop
  endfacet
  facet normal 0.58244 -0.812874 0
    outer loop
      vertex -52.073 -10.5913 8
      vertex -52.7831 -11.1001 0
      vertex -52.073 -10.5913 0
    endloop
  endfacet
  facet normal 0.471497 -0.881868 0
    outer loop
      vertex -54.2954 -11.9733 0
      vertex -53.525 -11.5614 8
      vertex -54.2954 -11.9733 8
    endloop
  endfacet
  facet normal 0.471497 -0.881868 0
    outer loop
      vertex -53.525 -11.5614 8
      vertex -54.2954 -11.9733 0
      vertex -53.525 -11.5614 0
    endloop
  endfacet
  facet normal 0.812874 -0.58244 0
    outer loop
      vertex -49.6087 -8.12696 8
      vertex -49.0999 -7.41686 0
      vertex -49.0999 -7.41686 8
    endloop
  endfacet
  facet normal 0.812874 -0.58244 0
    outer loop
      vertex -49.0999 -7.41686 0
      vertex -49.6087 -8.12696 8
      vertex -49.6087 -8.12696 0
    endloop
  endfacet
  facet normal 0.910881 -0.412668 0
    outer loop
      vertex -48.2267 -5.90455 8
      vertex -47.8662 -5.10882 0
      vertex -47.8662 -5.10882 8
    endloop
  endfacet
  facet normal 0.910881 -0.412668 0
    outer loop
      vertex -47.8662 -5.10882 0
      vertex -48.2267 -5.90455 8
      vertex -48.2267 -5.90455 0
    endloop
  endfacet
  facet normal 0.973893 -0.227008 0
    outer loop
      vertex -47.1065 -2.60445 8
      vertex -47.1987 -3 2
      vertex -47.1065 -2.60445 2
    endloop
  endfacet
  facet normal 0.97387 -0.227104 6.71622e-06
    outer loop
      vertex -47.3049 -3.45523 8
      vertex -47.1987 -3 2
      vertex -47.1065 -2.60445 8
    endloop
  endfacet
  facet normal 0.973851 -0.227188 0
    outer loop
      vertex -47.3049 -3.45523 0
      vertex -47.1987 -3 2
      vertex -47.3049 -3.45523 8
    endloop
  endfacet
  facet normal 0.973851 -0.227188 0
    outer loop
      vertex -47.1987 -3 2
      vertex -47.3049 -3.45523 0
      vertex -47.1987 -3 0
    endloop
  endfacet
  facet normal -0.58244 -0.812874 0
    outer loop
      vertex -68.327 -10.5913 0
      vertex -67.6169 -11.1001 8
      vertex -68.327 -10.5913 8
    endloop
  endfacet
  facet normal -0.58244 -0.812874 -0
    outer loop
      vertex -67.6169 -11.1001 8
      vertex -68.327 -10.5913 0
      vertex -67.6169 -11.1001 0
    endloop
  endfacet
  facet normal -0.412638 -0.910895 0
    outer loop
      vertex -66.1046 -11.9733 0
      vertex -65.3088 -12.3338 8
      vertex -66.1046 -11.9733 8
    endloop
  endfacet
  facet normal -0.412638 -0.910895 -0
    outer loop
      vertex -65.3088 -12.3338 8
      vertex -66.1046 -11.9733 0
      vertex -65.3088 -12.3338 0
    endloop
  endfacet
  facet normal -0.227125 -0.973866 0
    outer loop
      vertex -63.6552 -12.8951 0
      vertex -62.8045 -13.0935 8
      vertex -63.6552 -12.8951 8
    endloop
  endfacet
  facet normal -0.227125 -0.973866 -0
    outer loop
      vertex -62.8045 -13.0935 8
      vertex -63.6552 -12.8951 0
      vertex -62.8045 -13.0935 0
    endloop
  endfacet
  facet normal -0.0327393 -0.999464 0
    outer loop
      vertex -61.0731 -13.3214 0
      vertex -60.2 -13.35 8
      vertex -61.0731 -13.3214 8
    endloop
  endfacet
  facet normal -0.0327393 -0.999464 -0
    outer loop
      vertex -60.2 -13.35 8
      vertex -61.0731 -13.3214 0
      vertex -60.2 -13.35 0
    endloop
  endfacet
  facet normal -0.881928 -0.471384 0
    outer loop
      vertex -71.7614 -6.675 0
      vertex -72.1732 -5.90455 8
      vertex -72.1732 -5.90455 0
    endloop
  endfacet
  facet normal -0.881928 -0.471384 0
    outer loop
      vertex -72.1732 -5.90455 8
      vertex -71.7614 -6.675 0
      vertex -71.7614 -6.675 8
    endloop
  endfacet
  facet normal -0.773018 -0.634385 0
    outer loop
      vertex -70.2371 -8.80227 0
      vertex -70.7913 -8.12696 8
      vertex -70.7913 -8.12696 0
    endloop
  endfacet
  facet normal -0.773018 -0.634385 0
    outer loop
      vertex -70.7913 -8.12696 8
      vertex -70.2371 -8.80227 0
      vertex -70.2371 -8.80227 8
    endloop
  endfacet
  facet normal -0.956939 -0.29029 0
    outer loop
      vertex -72.8415 -4.29122 0
      vertex -73.0951 -3.45523 8
      vertex -73.0951 -3.45523 0
    endloop
  endfacet
  facet normal -0.956939 -0.29029 0
    outer loop
      vertex -73.0951 -3.45523 8
      vertex -72.8415 -4.29122 0
      vertex -72.8415 -4.29122 8
    endloop
  endfacet
  facet normal -0.995188 -0.0979863 0
    outer loop
      vertex -73.4358 -1.74252 0
      vertex -73.5214 -0.873132 8
      vertex -73.5214 -0.873132 0
    endloop
  endfacet
  facet normal -0.995188 -0.0979863 0
    outer loop
      vertex -73.5214 -0.873132 8
      vertex -73.4358 -1.74252 0
      vertex -73.4358 -1.74252 8
    endloop
  endfacet
  facet normal -1 0 0
    outer loop
      vertex -68 12.35 0
      vertex -68 21.35 2
      vertex -68 21.35 0
    endloop
  endfacet
  facet normal -1 -0 0
    outer loop
      vertex -68 21.35 2
      vertex -68 12.35 0
      vertex -68 12.35 2
    endloop
  endfacet
  facet normal 0 0 1
    outer loop
      vertex -52.4 21.35 2
      vertex -55.1342 12.35 2
      vertex -52.4 12.35 2
    endloop
  endfacet
  facet normal 0 0 1
    outer loop
      vertex -52.4 21.35 2
      vertex -55.9088 12.6415 2
      vertex -55.1342 12.35 2
    endloop
  endfacet
  facet normal -0 0 1
    outer loop
      vertex -59.4 17.35 2
      vertex -55.9088 12.6415 2
      vertex -52.4 21.35 2
    endloop
  endfacet
  facet normal 0 0 1
    outer loop
      vertex -55.9088 12.6415 2
      vertex -59.4 17.35 2
      vertex -56.7448 12.8951 2
    endloop
  endfacet
  facet normal -0 0 1
    outer loop
      vertex -59.5072 16.95 2
      vertex -56.7448 12.8951 2
      vertex -59.4 17.35 2
    endloop
  endfacet
  facet normal 0 0 1
    outer loop
      vertex -56.7448 12.8951 2
      vertex -59.5072 16.95 2
      vertex -57.5955 13.0935 2
    endloop
  endfacet
  facet normal 0 0 1
    outer loop
      vertex -57.5955 13.0935 2
      vertex -59.5072 16.95 2
      vertex -58.4575 13.2358 2
    endloop
  endfacet
  facet normal 0 0 1
    outer loop
      vertex -52.4 21.35 2
      vertex -59.5072 17.75 2
      vertex -59.4 17.35 2
    endloop
  endfacet
  facet normal 0 0 1
    outer loop
      vertex -52.4 21.35 2
      vertex -59.8 18.0428 2
      vertex -59.5072 17.75 2
    endloop
  endfacet
  facet normal 0 0 1
    outer loop
      vertex -52.4 21.35 2
      vertex -60.2 18.15 2
      vertex -59.8 18.0428 2
    endloop
  endfacet
  facet normal -0 0 1
    outer loop
      vertex -68 21.35 2
      vertex -60.2 18.15 2
      vertex -52.4 21.35 2
    endloop
  endfacet
  facet normal 0 0 1
    outer loop
      vertex -60.6 16.6572 2
      vertex -61.9425 13.2358 2
      vertex -61.0731 13.3214 2
    endloop
  endfacet
  facet normal 0 0 1
    outer loop
      vertex -60.8928 16.95 2
      vertex -62.8045 13.0935 2
      vertex -61.9425 13.2358 2
    endloop
  endfacet
  facet normal 0 0 1
    outer loop
      vertex -68 21.35 2
      vertex -61 17.35 2
      vertex -60.8928 17.75 2
    endloop
  endfacet
  facet normal 0 0 1
    outer loop
      vertex -60.8928 16.95 2
      vertex -63.6552 12.8951 2
      vertex -62.8045 13.0935 2
    endloop
  endfacet
  facet normal 0 0 1
    outer loop
      vertex -61 17.35 2
      vertex -64.4912 12.6415 2
      vertex -63.6552 12.8951 2
    endloop
  endfacet
  facet normal 0 0 1
    outer loop
      vertex -61 17.35 2
      vertex -68 21.35 2
      vertex -64.4912 12.6415 2
    endloop
  endfacet
  facet normal 0 0 1
    outer loop
      vertex -60.2 18.15 2
      vertex -68 21.35 2
      vertex -60.6 18.0428 2
    endloop
  endfacet
  facet normal 0 0 1
    outer loop
      vertex -68 21.35 2
      vertex -60.8928 17.75 2
      vertex -60.6 18.0428 2
    endloop
  endfacet
  facet normal 0 0 1
    outer loop
      vertex -64.4912 12.6415 2
      vertex -68 21.35 2
      vertex -65.2658 12.35 2
    endloop
  endfacet
  facet normal 0 0 1
    outer loop
      vertex -65.2658 12.35 2
      vertex -68 21.35 2
      vertex -68 12.35 2
    endloop
  endfacet
  facet normal -0 0 1
    outer loop
      vertex -59.8 16.6572 2
      vertex -58.4575 13.2358 2
      vertex -59.5072 16.95 2
    endloop
  endfacet
  facet normal 0 0 1
    outer loop
      vertex -58.4575 13.2358 2
      vertex -59.8 16.6572 2
      vertex -59.3269 13.3214 2
    endloop
  endfacet
  facet normal -0 0 1
    outer loop
      vertex -60.2 16.55 2
      vertex -59.3269 13.3214 2
      vertex -59.8 16.6572 2
    endloop
  endfacet
  facet normal 0 0 1
    outer loop
      vertex -60.2 16.55 2
      vertex -60.2 13.35 2
      vertex -59.3269 13.3214 2
    endloop
  endfacet
  facet normal 0 0 1
    outer loop
      vertex -61.0731 13.3214 2
      vertex -60.2 16.55 2
      vertex -60.6 16.6572 2
    endloop
  endfacet
  facet normal 0 0 1
    outer loop
      vertex -61.9425 13.2358 2
      vertex -60.6 16.6572 2
      vertex -60.8928 16.95 2
    endloop
  endfacet
  facet normal 0 0 1
    outer loop
      vertex -63.6552 12.8951 2
      vertex -60.8928 16.95 2
      vertex -61 17.35 2
    endloop
  endfacet
  facet normal 0 0 1
    outer loop
      vertex -60.2 16.55 2
      vertex -61.0731 13.3214 2
      vertex -60.2 13.35 2
    endloop
  endfacet
  facet normal 1 -0 0
    outer loop
      vertex -52.4 12.35 2
      vertex -52.4 21.35 0
      vertex -52.4 21.35 2
    endloop
  endfacet
  facet normal 1 0 0
    outer loop
      vertex -52.4 21.35 0
      vertex -52.4 12.35 2
      vertex -52.4 12.35 0
    endloop
  endfacet
  facet normal 0 1 -0
    outer loop
      vertex -52.4 21.35 0
      vertex -68 21.35 2
      vertex -52.4 21.35 2
    endloop
  endfacet
  facet normal 0 1 0
    outer loop
      vertex -68 21.35 2
      vertex -52.4 21.35 0
      vertex -68 21.35 0
    endloop
  endfacet
  facet normal 0 -1 0
    outer loop
      vertex -55.1342 12.35 0
      vertex -52.4 12.35 2
      vertex -55.1342 12.35 2
    endloop
  endfacet
  facet normal 0 -1 -0
    outer loop
      vertex -52.4 12.35 2
      vertex -55.1342 12.35 0
      vertex -52.4 12.35 0
    endloop
  endfacet
  facet normal 0 -1 0
    outer loop
      vertex -68 12.35 0
      vertex -65.2658 12.35 2
      vertex -68 12.35 2
    endloop
  endfacet
  facet normal 0 -1 -0
    outer loop
      vertex -65.2658 12.35 2
      vertex -68 12.35 0
      vertex -65.2658 12.35 0
    endloop
  endfacet
  facet normal -0.999467 -0.0326567 0
    outer loop
      vertex -49.25 0 2
      vertex -49.2734 0.716164 8
      vertex -49.2734 0.716164 2
    endloop
  endfacet
  facet normal -0.999467 -0.0326567 0
    outer loop
      vertex -49.2734 0.716164 8
      vertex -49.25 0 2
      vertex -49.25 0 8
    endloop
  endfacet
  facet normal 0.999467 -0.0326567 0
    outer loop
      vertex -71.15 0 8
      vertex -71.1266 0.716164 0
      vertex -71.1266 0.716164 8
    endloop
  endfacet
  facet normal 0.999467 -0.0326567 0
    outer loop
      vertex -71.1266 0.716164 0
      vertex -71.15 0 8
      vertex -71.15 0 0
    endloop
  endfacet
  facet normal -0.032655 -0.999467 0
    outer loop
      vertex -60.2 10.95 0
      vertex -59.4838 10.9266 8
      vertex -60.2 10.95 8
    endloop
  endfacet
  facet normal -0.032655 -0.999467 -0
    outer loop
      vertex -59.4838 10.9266 8
      vertex -60.2 10.95 0
      vertex -59.4838 10.9266 0
    endloop
  endfacet
  facet normal 0.032655 0.999467 -0
    outer loop
      vertex -60.2 -10.95 0
      vertex -60.9162 -10.9266 8
      vertex -60.2 -10.95 8
    endloop
  endfacet
  facet normal 0.032655 0.999467 0
    outer loop
      vertex -60.9162 -10.9266 8
      vertex -60.2 -10.95 0
      vertex -60.9162 -10.9266 0
    endloop
  endfacet
  facet normal 0.729881 0.683574 0
    outer loop
      vertex -67.9428 -7.74282 8
      vertex -68.4326 -7.21984 0
      vertex -68.4326 -7.21984 8
    endloop
  endfacet
  facet normal 0.729881 0.683574 0
    outer loop
      vertex -68.4326 -7.21984 0
      vertex -67.9428 -7.74282 8
      vertex -67.9428 -7.74282 0
    endloop
  endfacet
  facet normal -0.729881 -0.683574 0
    outer loop
      vertex -51.9674 7.21984 0
      vertex -52.4572 7.74282 8
      vertex -52.4572 7.74282 0
    endloop
  endfacet
  facet normal -0.729881 -0.683574 0
    outer loop
      vertex -52.4572 7.74282 8
      vertex -51.9674 7.21984 0
      vertex -51.9674 7.21984 8
    endloop
  endfacet
  facet normal 0.683583 -0.729873 0
    outer loop
      vertex -67.9428 7.74282 0
      vertex -67.4198 8.23265 8
      vertex -67.9428 7.74282 8
    endloop
  endfacet
  facet normal 0.683583 -0.729873 0
    outer loop
      vertex -67.4198 8.23265 8
      vertex -67.9428 7.74282 0
      vertex -67.4198 8.23265 0
    endloop
  endfacet
  facet normal 0.97388 0.227062 0
    outer loop
      vertex -70.7769 -2.83407 8
      vertex -70.9396 -2.13624 0
      vertex -70.9396 -2.13624 8
    endloop
  endfacet
  facet normal 0.97388 0.227062 0
    outer loop
      vertex -70.9396 -2.13624 0
      vertex -70.7769 -2.83407 8
      vertex -70.7769 -2.83407 0
    endloop
  endfacet
  facet normal -0.935908 -0.352246 0
    outer loop
      vertex -49.8311 3.51976 0
      vertex -50.0835 4.19038 8
      vertex -50.0835 4.19038 0
    endloop
  endfacet
  facet normal -0.935908 -0.352246 0
    outer loop
      vertex -50.0835 4.19038 8
      vertex -49.8311 3.51976 0
      vertex -49.8311 3.51976 8
    endloop
  endfacet
  facet normal 0.849192 -0.528085 0
    outer loop
      vertex -69.683 5.475 8
      vertex -69.3046 6.08349 0
      vertex -69.3046 6.08349 8
    endloop
  endfacet
  facet normal 0.849192 -0.528085 0
    outer loop
      vertex -69.3046 6.08349 0
      vertex -69.683 5.475 8
      vertex -69.683 5.475 0
    endloop
  endfacet
  facet normal 0.812832 -0.582498 0
    outer loop
      vertex -69.3046 6.08349 8
      vertex -68.8872 6.66594 0
      vertex -68.8872 6.66594 8
    endloop
  endfacet
  facet normal 0.812832 -0.582498 0
    outer loop
      vertex -68.8872 6.66594 0
      vertex -69.3046 6.08349 8
      vertex -69.3046 6.08349 0
    endloop
  endfacet
  facet normal -0.849192 0.528085 0
    outer loop
      vertex -51.0954 -6.08349 0
      vertex -50.717 -5.475 8
      vertex -50.717 -5.475 0
    endloop
  endfacet
  facet normal -0.849192 0.528085 0
    outer loop
      vertex -50.717 -5.475 8
      vertex -51.0954 -6.08349 0
      vertex -51.0954 -6.08349 8
    endloop
  endfacet
  facet normal -0.22704 0.973885 0
    outer loop
      vertex -57.3659 -10.5769 0
      vertex -58.0638 -10.7396 8
      vertex -57.3659 -10.5769 8
    endloop
  endfacet
  facet normal -0.22704 0.973885 0
    outer loop
      vertex -58.0638 -10.7396 8
      vertex -57.3659 -10.5769 0
      vertex -58.0638 -10.7396 0
    endloop
  endfacet
  facet normal -0.683583 0.729873 0
    outer loop
      vertex -52.4572 -7.74282 0
      vertex -52.9802 -8.23265 8
      vertex -52.4572 -7.74282 8
    endloop
  endfacet
  facet normal -0.683583 0.729873 0
    outer loop
      vertex -52.9802 -8.23265 8
      vertex -52.4572 -7.74282 0
      vertex -52.9802 -8.23265 0
    endloop
  endfacet
  facet normal 0.352255 0.935904 -0
    outer loop
      vertex -63.7198 -10.3689 0
      vertex -64.3904 -10.1165 8
      vertex -63.7198 -10.3689 8
    endloop
  endfacet
  facet normal 0.352255 0.935904 0
    outer loop
      vertex -64.3904 -10.1165 8
      vertex -63.7198 -10.3689 0
      vertex -64.3904 -10.1165 0
    endloop
  endfacet
  facet normal 0.772993 0.634415 0
    outer loop
      vertex -68.4326 -7.21984 8
      vertex -68.8872 -6.66594 0
      vertex -68.8872 -6.66594 8
    endloop
  endfacet
  facet normal 0.772993 0.634415 0
    outer loop
      vertex -68.8872 -6.66594 0
      vertex -68.4326 -7.21984 8
      vertex -68.4326 -7.21984 0
    endloop
  endfacet
  facet normal 0.995176 0.0981086 0
    outer loop
      vertex -71.0563 -1.42926 8
      vertex -71.1266 -0.716164 0
      vertex -71.1266 -0.716164 8
    endloop
  endfacet
  facet normal 0.995176 0.0981086 0
    outer loop
      vertex -71.1266 -0.716164 0
      vertex -71.0563 -1.42926 8
      vertex -71.0563 -1.42926 0
    endloop
  endfacet
  facet normal -0.986648 -0.162864 0
    outer loop
      vertex -49.3437 1.42926 2
      vertex -49.4604 2.13624 8
      vertex -49.4604 2.13624 2
    endloop
  endfacet
  facet normal -0.986648 -0.162864 0
    outer loop
      vertex -49.4604 2.13624 8
      vertex -49.3437 1.42926 2
      vertex -49.3437 1.42926 8
    endloop
  endfacet
  facet normal -0.995176 -0.0981086 0
    outer loop
      vertex -49.2734 0.716164 2
      vertex -49.3437 1.42926 8
      vertex -49.3437 1.42926 2
    endloop
  endfacet
  facet normal -0.995176 -0.0981086 0
    outer loop
      vertex -49.3437 1.42926 8
      vertex -49.2734 0.716164 2
      vertex -49.2734 0.716164 8
    endloop
  endfacet
  facet normal -0.97388 -0.227062 0
    outer loop
      vertex -49.4604 2.13624 2
      vertex -49.6231 2.83407 8
      vertex -49.6231 2.83407 2
    endloop
  endfacet
  facet normal -0.97388 -0.227062 0
    outer loop
      vertex -49.6231 2.83407 8
      vertex -49.4604 2.13624 2
      vertex -49.4604 2.13624 8
    endloop
  endfacet
  facet normal -0.849192 -0.528085 0
    outer loop
      vertex -50.717 5.475 0
      vertex -51.0954 6.08349 8
      vertex -51.0954 6.08349 0
    endloop
  endfacet
  facet normal -0.849192 -0.528085 0
    outer loop
      vertex -51.0954 6.08349 8
      vertex -50.717 5.475 0
      vertex -50.717 5.475 8
    endloop
  endfacet
  facet normal -0.812832 -0.582498 0
    outer loop
      vertex -51.0954 6.08349 0
      vertex -51.5128 6.66594 8
      vertex -51.5128 6.66594 0
    endloop
  endfacet
  facet normal -0.812832 -0.582498 0
    outer loop
      vertex -51.5128 6.66594 8
      vertex -51.0954 6.08349 0
      vertex -51.0954 6.08349 8
    endloop
  endfacet
  facet normal -0.22704 -0.973885 0
    outer loop
      vertex -58.0638 10.7396 0
      vertex -57.3659 10.5769 8
      vertex -58.0638 10.7396 8
    endloop
  endfacet
  facet normal -0.22704 -0.973885 -0
    outer loop
      vertex -57.3659 10.5769 8
      vertex -58.0638 10.7396 0
      vertex -57.3659 10.5769 0
    endloop
  endfacet
  facet normal -0.290279 -0.956942 0
    outer loop
      vertex -57.3659 10.5769 0
      vertex -56.6802 10.3689 8
      vertex -57.3659 10.5769 8
    endloop
  endfacet
  facet normal -0.290279 -0.956942 -0
    outer loop
      vertex -56.6802 10.3689 8
      vertex -57.3659 10.5769 0
      vertex -56.6802 10.3689 0
    endloop
  endfacet
  facet normal -0.582504 -0.812828 0
    outer loop
      vertex -54.1165 9.10459 0
      vertex -53.5341 8.68722 8
      vertex -54.1165 9.10459 8
    endloop
  endfacet
  facet normal -0.582504 -0.812828 -0
    outer loop
      vertex -53.5341 8.68722 8
      vertex -54.1165 9.10459 0
      vertex -53.5341 8.68722 0
    endloop
  endfacet
  facet normal -0.528068 -0.849202 0
    outer loop
      vertex -54.725 9.48298 0
      vertex -54.1165 9.10459 8
      vertex -54.725 9.48298 8
    endloop
  endfacet
  facet normal -0.528068 -0.849202 -0
    outer loop
      vertex -54.1165 9.10459 8
      vertex -54.725 9.48298 0
      vertex -54.1165 9.10459 0
    endloop
  endfacet
  facet normal 0.97388 -0.227062 0
    outer loop
      vertex -70.9396 2.13624 8
      vertex -70.7769 2.83407 0
      vertex -70.7769 2.83407 8
    endloop
  endfacet
  facet normal 0.97388 -0.227062 0
    outer loop
      vertex -70.7769 2.83407 0
      vertex -70.9396 2.13624 8
      vertex -70.9396 2.13624 0
    endloop
  endfacet
  facet normal 0.772993 -0.634415 0
    outer loop
      vertex -68.8872 6.66594 8
      vertex -68.4326 7.21984 0
      vertex -68.4326 7.21984 8
    endloop
  endfacet
  facet normal 0.772993 -0.634415 0
    outer loop
      vertex -68.4326 7.21984 0
      vertex -68.8872 6.66594 8
      vertex -68.8872 6.66594 0
    endloop
  endfacet
  facet normal 0.956941 -0.290282 0
    outer loop
      vertex -70.7769 2.83407 8
      vertex -70.5689 3.51976 0
      vertex -70.5689 3.51976 8
    endloop
  endfacet
  facet normal 0.956941 -0.290282 0
    outer loop
      vertex -70.5689 3.51976 0
      vertex -70.7769 2.83407 8
      vertex -70.7769 2.83407 0
    endloop
  endfacet
  facet normal 0.471421 -0.881908 0
    outer loop
      vertex -65.675 9.48298 0
      vertex -65.0431 9.82076 8
      vertex -65.675 9.48298 8
    endloop
  endfacet
  facet normal 0.471421 -0.881908 0
    outer loop
      vertex -65.0431 9.82076 8
      vertex -65.675 9.48298 0
      vertex -65.0431 9.82076 0
    endloop
  endfacet
  facet normal 0.528068 -0.849202 0
    outer loop
      vertex -66.2835 9.10459 0
      vertex -65.675 9.48298 8
      vertex -66.2835 9.10459 8
    endloop
  endfacet
  facet normal 0.528068 -0.849202 0
    outer loop
      vertex -65.675 9.48298 8
      vertex -66.2835 9.10459 0
      vertex -65.675 9.48298 0
    endloop
  endfacet
  facet normal 0.582504 -0.812828 0
    outer loop
      vertex -66.8659 8.68722 0
      vertex -66.2835 9.10459 8
      vertex -66.8659 8.68722 8
    endloop
  endfacet
  facet normal 0.582504 -0.812828 0
    outer loop
      vertex -66.2835 9.10459 8
      vertex -66.8659 8.68722 0
      vertex -66.2835 9.10459 0
    endloop
  endfacet
  facet normal 0.22704 -0.973885 0
    outer loop
      vertex -63.0341 10.5769 0
      vertex -62.3362 10.7396 8
      vertex -63.0341 10.5769 8
    endloop
  endfacet
  facet normal 0.22704 -0.973885 0
    outer loop
      vertex -62.3362 10.7396 8
      vertex -63.0341 10.5769 0
      vertex -62.3362 10.7396 0
    endloop
  endfacet
  facet normal 0.032655 -0.999467 0
    outer loop
      vertex -60.9162 10.9266 0
      vertex -60.2 10.95 8
      vertex -60.9162 10.9266 8
    endloop
  endfacet
  facet normal 0.032655 -0.999467 0
    outer loop
      vertex -60.2 10.95 8
      vertex -60.9162 10.9266 0
      vertex -60.2 10.95 0
    endloop
  endfacet
  facet normal -0.0981081 0.995176 0
    outer loop
      vertex -58.7707 -10.8563 0
      vertex -59.4838 -10.9266 8
      vertex -58.7707 -10.8563 8
    endloop
  endfacet
  facet normal -0.0981081 0.995176 0
    outer loop
      vertex -59.4838 -10.9266 8
      vertex -58.7707 -10.8563 0
      vertex -59.4838 -10.9266 0
    endloop
  endfacet
  facet normal -0.032655 0.999467 0
    outer loop
      vertex -59.4838 -10.9266 0
      vertex -60.2 -10.95 8
      vertex -59.4838 -10.9266 8
    endloop
  endfacet
  facet normal -0.032655 0.999467 0
    outer loop
      vertex -60.2 -10.95 8
      vertex -59.4838 -10.9266 0
      vertex -60.2 -10.95 0
    endloop
  endfacet
  facet normal -0.352255 0.935904 0
    outer loop
      vertex -56.0096 -10.1165 0
      vertex -56.6802 -10.3689 8
      vertex -56.0096 -10.1165 8
    endloop
  endfacet
  facet normal -0.352255 0.935904 0
    outer loop
      vertex -56.6802 -10.3689 8
      vertex -56.0096 -10.1165 0
      vertex -56.6802 -10.3689 0
    endloop
  endfacet
  facet normal -0.582504 0.812828 0
    outer loop
      vertex -53.5341 -8.68722 0
      vertex -54.1165 -9.10459 8
      vertex -53.5341 -8.68722 8
    endloop
  endfacet
  facet normal -0.582504 0.812828 0
    outer loop
      vertex -54.1165 -9.10459 8
      vertex -53.5341 -8.68722 0
      vertex -54.1165 -9.10459 0
    endloop
  endfacet
  facet normal -0.528068 0.849202 0
    outer loop
      vertex -54.1165 -9.10459 0
      vertex -54.725 -9.48298 8
      vertex -54.1165 -9.10459 8
    endloop
  endfacet
  facet normal -0.528068 0.849202 0
    outer loop
      vertex -54.725 -9.48298 8
      vertex -54.1165 -9.10459 0
      vertex -54.725 -9.48298 0
    endloop
  endfacet
  facet normal -0.910877 0.412678 0
    outer loop
      vertex -50.3792 -4.84306 0
      vertex -50.0835 -4.19038 8
      vertex -50.0835 -4.19038 0
    endloop
  endfacet
  facet normal -0.910877 0.412678 0
    outer loop
      vertex -50.0835 -4.19038 8
      vertex -50.3792 -4.84306 0
      vertex -50.3792 -4.84306 8
    endloop
  endfacet
  facet normal -0.97388 0.227062 0
    outer loop
      vertex -49.6231 -2.83407 2
      vertex -49.4604 -2.13624 8
      vertex -49.4604 -2.13624 2
    endloop
  endfacet
  facet normal -0.97388 0.227062 0
    outer loop
      vertex -49.4604 -2.13624 8
      vertex -49.6231 -2.83407 2
      vertex -49.6231 -2.83407 8
    endloop
  endfacet
  facet normal -0.986648 0.162864 0
    outer loop
      vertex -49.4604 -2.13624 2
      vertex -49.3437 -1.42926 8
      vertex -49.3437 -1.42926 2
    endloop
  endfacet
  facet normal -0.986648 0.162864 0
    outer loop
      vertex -49.3437 -1.42926 8
      vertex -49.4604 -2.13624 2
      vertex -49.4604 -2.13624 8
    endloop
  endfacet
  facet normal 0.412713 0.910861 -0
    outer loop
      vertex -64.3904 -10.1165 0
      vertex -65.0431 -9.82076 8
      vertex -64.3904 -10.1165 8
    endloop
  endfacet
  facet normal 0.412713 0.910861 0
    outer loop
      vertex -65.0431 -9.82076 8
      vertex -64.3904 -10.1165 0
      vertex -65.0431 -9.82076 0
    endloop
  endfacet
  facet normal 0.528068 0.849202 -0
    outer loop
      vertex -65.675 -9.48298 0
      vertex -66.2835 -9.10459 8
      vertex -65.675 -9.48298 8
    endloop
  endfacet
  facet normal 0.528068 0.849202 0
    outer loop
      vertex -66.2835 -9.10459 8
      vertex -65.675 -9.48298 0
      vertex -66.2835 -9.10459 0
    endloop
  endfacet
  facet normal 0.162882 0.986645 -0
    outer loop
      vertex -61.6293 -10.8563 0
      vertex -62.3362 -10.7396 8
      vertex -61.6293 -10.8563 8
    endloop
  endfacet
  facet normal 0.162882 0.986645 0
    outer loop
      vertex -62.3362 -10.7396 8
      vertex -61.6293 -10.8563 0
      vertex -62.3362 -10.7396 0
    endloop
  endfacet
  facet normal 0.849192 0.528085 0
    outer loop
      vertex -69.3046 -6.08349 8
      vertex -69.683 -5.475 0
      vertex -69.683 -5.475 8
    endloop
  endfacet
  facet normal 0.849192 0.528085 0
    outer loop
      vertex -69.683 -5.475 0
      vertex -69.3046 -6.08349 8
      vertex -69.3046 -6.08349 0
    endloop
  endfacet
  facet normal 0.812832 0.582498 0
    outer loop
      vertex -68.8872 -6.66594 8
      vertex -69.3046 -6.08349 0
      vertex -69.3046 -6.08349 8
    endloop
  endfacet
  facet normal 0.812832 0.582498 0
    outer loop
      vertex -69.3046 -6.08349 0
      vertex -68.8872 -6.66594 8
      vertex -68.8872 -6.66594 0
    endloop
  endfacet
  facet normal 0.956941 0.290282 0
    outer loop
      vertex -70.5689 -3.51976 8
      vertex -70.7769 -2.83407 0
      vertex -70.7769 -2.83407 8
    endloop
  endfacet
  facet normal 0.956941 0.290282 0
    outer loop
      vertex -70.7769 -2.83407 0
      vertex -70.5689 -3.51976 8
      vertex -70.5689 -3.51976 0
    endloop
  endfacet
  facet normal 0.999467 0.0326567 0
    outer loop
      vertex -71.1266 -0.716164 8
      vertex -71.15 0 0
      vertex -71.15 0 8
    endloop
  endfacet
  facet normal 0.999467 0.0326567 0
    outer loop
      vertex -71.15 0 0
      vertex -71.1266 -0.716164 8
      vertex -71.1266 -0.716164 0
    endloop
  endfacet
  facet normal -0.772993 -0.634415 0
    outer loop
      vertex -51.5128 6.66594 0
      vertex -51.9674 7.21984 8
      vertex -51.9674 7.21984 0
    endloop
  endfacet
  facet normal -0.772993 -0.634415 0
    outer loop
      vertex -51.9674 7.21984 8
      vertex -51.5128 6.66594 0
      vertex -51.5128 6.66594 8
    endloop
  endfacet
  facet normal -0.881909 -0.47142 0
    outer loop
      vertex -50.3792 4.84306 0
      vertex -50.717 5.475 8
      vertex -50.717 5.475 0
    endloop
  endfacet
  facet normal -0.881909 -0.47142 0
    outer loop
      vertex -50.717 5.475 8
      vertex -50.3792 4.84306 0
      vertex -50.3792 4.84306 8
    endloop
  endfacet
  facet normal -0.910877 -0.412678 0
    outer loop
      vertex -50.0835 4.19038 0
      vertex -50.3792 4.84306 8
      vertex -50.3792 4.84306 0
    endloop
  endfacet
  facet normal -0.910877 -0.412678 0
    outer loop
      vertex -50.3792 4.84306 8
      vertex -50.0835 4.19038 0
      vertex -50.0835 4.19038 8
    endloop
  endfacet
  facet normal -0.352255 -0.935904 0
    outer loop
      vertex -56.6802 10.3689 0
      vertex -56.0096 10.1165 8
      vertex -56.6802 10.3689 8
    endloop
  endfacet
  facet normal -0.352255 -0.935904 -0
    outer loop
      vertex -56.0096 10.1165 8
      vertex -56.6802 10.3689 0
      vertex -56.0096 10.1165 0
    endloop
  endfacet
  facet normal -0.162882 -0.986645 0
    outer loop
      vertex -58.7707 10.8563 0
      vertex -58.0638 10.7396 8
      vertex -58.7707 10.8563 8
    endloop
  endfacet
  facet normal -0.162882 -0.986645 -0
    outer loop
      vertex -58.0638 10.7396 8
      vertex -58.7707 10.8563 0
      vertex -58.0638 10.7396 0
    endloop
  endfacet
  facet normal -0.0981081 -0.995176 0
    outer loop
      vertex -59.4838 10.9266 0
      vertex -58.7707 10.8563 8
      vertex -59.4838 10.9266 8
    endloop
  endfacet
  facet normal -0.0981081 -0.995176 -0
    outer loop
      vertex -58.7707 10.8563 8
      vertex -59.4838 10.9266 0
      vertex -58.7707 10.8563 0
    endloop
  endfacet
  facet normal -0.412713 -0.910861 0
    outer loop
      vertex -56.0096 10.1165 0
      vertex -55.3569 9.82076 8
      vertex -56.0096 10.1165 8
    endloop
  endfacet
  facet normal -0.412713 -0.910861 -0
    outer loop
      vertex -55.3569 9.82076 8
      vertex -56.0096 10.1165 0
      vertex -55.3569 9.82076 0
    endloop
  endfacet
  facet normal -0.471421 -0.881908 0
    outer loop
      vertex -55.3569 9.82076 0
      vertex -54.725 9.48298 8
      vertex -55.3569 9.82076 8
    endloop
  endfacet
  facet normal -0.471421 -0.881908 -0
    outer loop
      vertex -54.725 9.48298 8
      vertex -55.3569 9.82076 0
      vertex -54.725 9.48298 0
    endloop
  endfacet
  facet normal -0.63439 -0.773013 0
    outer loop
      vertex -53.5341 8.68722 0
      vertex -52.9802 8.23265 8
      vertex -53.5341 8.68722 8
    endloop
  endfacet
  facet normal -0.63439 -0.773013 -0
    outer loop
      vertex -52.9802 8.23265 8
      vertex -53.5341 8.68722 0
      vertex -52.9802 8.23265 0
    endloop
  endfacet
  facet normal -0.683583 -0.729873 0
    outer loop
      vertex -52.9802 8.23265 0
      vertex -52.4572 7.74282 8
      vertex -52.9802 8.23265 8
    endloop
  endfacet
  facet normal -0.683583 -0.729873 -0
    outer loop
      vertex -52.4572 7.74282 8
      vertex -52.9802 8.23265 0
      vertex -52.4572 7.74282 0
    endloop
  endfacet
  facet normal 0.910877 -0.412678 0
    outer loop
      vertex -70.3165 4.19038 8
      vertex -70.0208 4.84306 0
      vertex -70.0208 4.84306 8
    endloop
  endfacet
  facet normal 0.910877 -0.412678 0
    outer loop
      vertex -70.0208 4.84306 0
      vertex -70.3165 4.19038 8
      vertex -70.3165 4.19038 0
    endloop
  endfacet
  facet normal 0.935908 -0.352246 0
    outer loop
      vertex -70.5689 3.51976 8
      vertex -70.3165 4.19038 0
      vertex -70.3165 4.19038 8
    endloop
  endfacet
  facet normal 0.935908 -0.352246 0
    outer loop
      vertex -70.3165 4.19038 0
      vertex -70.5689 3.51976 8
      vertex -70.5689 3.51976 0
    endloop
  endfacet
  facet normal 0.986648 -0.162864 0
    outer loop
      vertex -71.0563 1.42926 8
      vertex -70.9396 2.13624 0
      vertex -70.9396 2.13624 8
    endloop
  endfacet
  facet normal 0.986648 -0.162864 0
    outer loop
      vertex -70.9396 2.13624 0
      vertex -71.0563 1.42926 8
      vertex -71.0563 1.42926 0
    endloop
  endfacet
  facet normal 0.995176 -0.0981086 0
    outer loop
      vertex -71.1266 0.716164 8
      vertex -71.0563 1.42926 0
      vertex -71.0563 1.42926 8
    endloop
  endfacet
  facet normal 0.995176 -0.0981086 0
    outer loop
      vertex -71.0563 1.42926 0
      vertex -71.1266 0.716164 8
      vertex -71.1266 0.716164 0
    endloop
  endfacet
  facet normal 0.352255 -0.935904 0
    outer loop
      vertex -64.3904 10.1165 0
      vertex -63.7198 10.3689 8
      vertex -64.3904 10.1165 8
    endloop
  endfacet
  facet normal 0.352255 -0.935904 0
    outer loop
      vertex -63.7198 10.3689 8
      vertex -64.3904 10.1165 0
      vertex -63.7198 10.3689 0
    endloop
  endfacet
  facet normal 0.162882 -0.986645 0
    outer loop
      vertex -62.3362 10.7396 0
      vertex -61.6293 10.8563 8
      vertex -62.3362 10.7396 8
    endloop
  endfacet
  facet normal 0.162882 -0.986645 0
    outer loop
      vertex -61.6293 10.8563 8
      vertex -62.3362 10.7396 0
      vertex -61.6293 10.8563 0
    endloop
  endfacet
  facet normal -0.999467 0.0326567 0
    outer loop
      vertex -49.2734 -0.716164 2
      vertex -49.25 0 8
      vertex -49.25 0 2
    endloop
  endfacet
  facet normal -0.999467 0.0326567 0
    outer loop
      vertex -49.25 0 8
      vertex -49.2734 -0.716164 2
      vertex -49.2734 -0.716164 8
    endloop
  endfacet
  facet normal -0.290279 0.956942 0
    outer loop
      vertex -56.6802 -10.3689 0
      vertex -57.3659 -10.5769 8
      vertex -56.6802 -10.3689 8
    endloop
  endfacet
  facet normal -0.290279 0.956942 0
    outer loop
      vertex -57.3659 -10.5769 8
      vertex -56.6802 -10.3689 0
      vertex -57.3659 -10.5769 0
    endloop
  endfacet
  facet normal -0.63439 0.773013 0
    outer loop
      vertex -52.9802 -8.23265 0
      vertex -53.5341 -8.68722 8
      vertex -52.9802 -8.23265 8
    endloop
  endfacet
  facet normal -0.63439 0.773013 0
    outer loop
      vertex -53.5341 -8.68722 8
      vertex -52.9802 -8.23265 0
      vertex -53.5341 -8.68722 0
    endloop
  endfacet
  facet normal -0.412713 0.910861 0
    outer loop
      vertex -55.3569 -9.82076 0
      vertex -56.0096 -10.1165 8
      vertex -55.3569 -9.82076 8
    endloop
  endfacet
  facet normal -0.412713 0.910861 0
    outer loop
      vertex -56.0096 -10.1165 8
      vertex -55.3569 -9.82076 0
      vertex -56.0096 -10.1165 0
    endloop
  endfacet
  facet normal -0.471421 0.881908 0
    outer loop
      vertex -54.725 -9.48298 0
      vertex -55.3569 -9.82076 8
      vertex -54.725 -9.48298 8
    endloop
  endfacet
  facet normal -0.471421 0.881908 0
    outer loop
      vertex -55.3569 -9.82076 8
      vertex -54.725 -9.48298 0
      vertex -55.3569 -9.82076 0
    endloop
  endfacet
  facet normal -0.812832 0.582498 0
    outer loop
      vertex -51.5128 -6.66594 0
      vertex -51.0954 -6.08349 8
      vertex -51.0954 -6.08349 0
    endloop
  endfacet
  facet normal -0.812832 0.582498 0
    outer loop
      vertex -51.0954 -6.08349 8
      vertex -51.5128 -6.66594 0
      vertex -51.5128 -6.66594 8
    endloop
  endfacet
  facet normal -0.729881 0.683574 0
    outer loop
      vertex -52.4572 -7.74282 0
      vertex -51.9674 -7.21984 8
      vertex -51.9674 -7.21984 0
    endloop
  endfacet
  facet normal -0.729881 0.683574 0
    outer loop
      vertex -51.9674 -7.21984 8
      vertex -52.4572 -7.74282 0
      vertex -52.4572 -7.74282 8
    endloop
  endfacet
  facet normal -0.772993 0.634415 0
    outer loop
      vertex -51.9674 -7.21984 0
      vertex -51.5128 -6.66594 8
      vertex -51.5128 -6.66594 0
    endloop
  endfacet
  facet normal -0.772993 0.634415 0
    outer loop
      vertex -51.5128 -6.66594 8
      vertex -51.9674 -7.21984 0
      vertex -51.9674 -7.21984 8
    endloop
  endfacet
  facet normal -0.881909 0.47142 0
    outer loop
      vertex -50.717 -5.475 0
      vertex -50.3792 -4.84306 8
      vertex -50.3792 -4.84306 0
    endloop
  endfacet
  facet normal -0.881909 0.47142 0
    outer loop
      vertex -50.3792 -4.84306 8
      vertex -50.717 -5.475 0
      vertex -50.717 -5.475 8
    endloop
  endfacet
  facet normal -0.935908 0.352246 0
    outer loop
      vertex -50.0835 -4.19038 0
      vertex -49.8311 -3.51976 8
      vertex -49.8311 -3.51976 0
    endloop
  endfacet
  facet normal -0.935908 0.352246 0
    outer loop
      vertex -49.8311 -3.51976 8
      vertex -50.0835 -4.19038 0
      vertex -50.0835 -4.19038 8
    endloop
  endfacet
  facet normal -0.956924 0.29034 0
    outer loop
      vertex -49.6734 -3 0
      vertex -49.8311 -3.51976 0
      vertex -49.6734 -3 2
    endloop
  endfacet
  facet normal -0.956995 0.290103 0
    outer loop
      vertex -49.6734 -3 2
      vertex -49.6231 -2.83407 8
      vertex -49.6231 -2.83407 2
    endloop
  endfacet
  facet normal -0.956924 0.29034 0
    outer loop
      vertex -49.8311 -3.51976 8
      vertex -49.6734 -3 2
      vertex -49.8311 -3.51976 0
    endloop
  endfacet
  facet normal -0.956941 0.290282 -5.40395e-06
    outer loop
      vertex -49.6734 -3 2
      vertex -49.8311 -3.51976 8
      vertex -49.6231 -2.83407 8
    endloop
  endfacet
  facet normal 0.582504 0.812828 -0
    outer loop
      vertex -66.2835 -9.10459 0
      vertex -66.8659 -8.68722 8
      vertex -66.2835 -9.10459 8
    endloop
  endfacet
  facet normal 0.582504 0.812828 0
    outer loop
      vertex -66.8659 -8.68722 8
      vertex -66.2835 -9.10459 0
      vertex -66.8659 -8.68722 0
    endloop
  endfacet
  facet normal 0.683583 0.729873 -0
    outer loop
      vertex -67.4198 -8.23265 0
      vertex -67.9428 -7.74282 8
      vertex -67.4198 -8.23265 8
    endloop
  endfacet
  facet normal 0.683583 0.729873 0
    outer loop
      vertex -67.9428 -7.74282 8
      vertex -67.4198 -8.23265 0
      vertex -67.9428 -7.74282 0
    endloop
  endfacet
  facet normal 0.63439 0.773013 -0
    outer loop
      vertex -66.8659 -8.68722 0
      vertex -67.4198 -8.23265 8
      vertex -66.8659 -8.68722 8
    endloop
  endfacet
  facet normal 0.63439 0.773013 0
    outer loop
      vertex -67.4198 -8.23265 8
      vertex -66.8659 -8.68722 0
      vertex -67.4198 -8.23265 0
    endloop
  endfacet
  facet normal 0.471421 0.881908 -0
    outer loop
      vertex -65.0431 -9.82076 0
      vertex -65.675 -9.48298 8
      vertex -65.0431 -9.82076 8
    endloop
  endfacet
  facet normal 0.471421 0.881908 0
    outer loop
      vertex -65.675 -9.48298 8
      vertex -65.0431 -9.82076 0
      vertex -65.675 -9.48298 0
    endloop
  endfacet
  facet normal 0.290279 0.956942 -0
    outer loop
      vertex -63.0341 -10.5769 0
      vertex -63.7198 -10.3689 8
      vertex -63.0341 -10.5769 8
    endloop
  endfacet
  facet normal 0.290279 0.956942 0
    outer loop
      vertex -63.7198 -10.3689 8
      vertex -63.0341 -10.5769 0
      vertex -63.7198 -10.3689 0
    endloop
  endfacet
  facet normal 0.22704 0.973885 -0
    outer loop
      vertex -62.3362 -10.7396 0
      vertex -63.0341 -10.5769 8
      vertex -62.3362 -10.7396 8
    endloop
  endfacet
  facet normal 0.22704 0.973885 0
    outer loop
      vertex -63.0341 -10.5769 8
      vertex -62.3362 -10.7396 0
      vertex -63.0341 -10.5769 0
    endloop
  endfacet
  facet normal 0.910877 0.412678 0
    outer loop
      vertex -70.0208 -4.84306 8
      vertex -70.3165 -4.19038 0
      vertex -70.3165 -4.19038 8
    endloop
  endfacet
  facet normal 0.910877 0.412678 0
    outer loop
      vertex -70.3165 -4.19038 0
      vertex -70.0208 -4.84306 8
      vertex -70.0208 -4.84306 0
    endloop
  endfacet
  facet normal 0.935908 0.352246 0
    outer loop
      vertex -70.3165 -4.19038 8
      vertex -70.5689 -3.51976 0
      vertex -70.5689 -3.51976 8
    endloop
  endfacet
  facet normal 0.935908 0.352246 0
    outer loop
      vertex -70.5689 -3.51976 0
      vertex -70.3165 -4.19038 8
      vertex -70.3165 -4.19038 0
    endloop
  endfacet
  facet normal 0.986648 0.162864 0
    outer loop
      vertex -70.9396 -2.13624 8
      vertex -71.0563 -1.42926 0
      vertex -71.0563 -1.42926 8
    endloop
  endfacet
  facet normal 0.986648 0.162864 0
    outer loop
      vertex -71.0563 -1.42926 0
      vertex -70.9396 -2.13624 8
      vertex -70.9396 -2.13624 0
    endloop
  endfacet
  facet normal -0.956924 -0.29034 -0
    outer loop
      vertex -49.6734 3 2
      vertex -49.8311 3.51976 0
      vertex -49.6734 3 0
    endloop
  endfacet
  facet normal -0.956924 -0.29034 0
    outer loop
      vertex -49.8311 3.51976 0
      vertex -49.6734 3 2
      vertex -49.8311 3.51976 8
    endloop
  endfacet
  facet normal -0.956995 -0.290103 -0
    outer loop
      vertex -49.6231 2.83407 8
      vertex -49.6734 3 2
      vertex -49.6231 2.83407 2
    endloop
  endfacet
  facet normal -0.956941 -0.290282 -5.40395e-06
    outer loop
      vertex -49.6734 3 2
      vertex -49.6231 2.83407 8
      vertex -49.8311 3.51976 8
    endloop
  endfacet
  facet normal 0.729881 -0.683574 0
    outer loop
      vertex -68.4326 7.21984 8
      vertex -67.9428 7.74282 0
      vertex -67.9428 7.74282 8
    endloop
  endfacet
  facet normal 0.729881 -0.683574 0
    outer loop
      vertex -67.9428 7.74282 0
      vertex -68.4326 7.21984 8
      vertex -68.4326 7.21984 0
    endloop
  endfacet
  facet normal 0.881909 -0.47142 0
    outer loop
      vertex -70.0208 4.84306 8
      vertex -69.683 5.475 0
      vertex -69.683 5.475 8
    endloop
  endfacet
  facet normal 0.881909 -0.47142 0
    outer loop
      vertex -69.683 5.475 0
      vertex -70.0208 4.84306 8
      vertex -70.0208 4.84306 0
    endloop
  endfacet
  facet normal 0.63439 -0.773013 0
    outer loop
      vertex -67.4198 8.23265 0
      vertex -66.8659 8.68722 8
      vertex -67.4198 8.23265 8
    endloop
  endfacet
  facet normal 0.63439 -0.773013 0
    outer loop
      vertex -66.8659 8.68722 8
      vertex -67.4198 8.23265 0
      vertex -66.8659 8.68722 0
    endloop
  endfacet
  facet normal 0.412713 -0.910861 0
    outer loop
      vertex -65.0431 9.82076 0
      vertex -64.3904 10.1165 8
      vertex -65.0431 9.82076 8
    endloop
  endfacet
  facet normal 0.412713 -0.910861 0
    outer loop
      vertex -64.3904 10.1165 8
      vertex -65.0431 9.82076 0
      vertex -64.3904 10.1165 0
    endloop
  endfacet
  facet normal 0.290279 -0.956942 0
    outer loop
      vertex -63.7198 10.3689 0
      vertex -63.0341 10.5769 8
      vertex -63.7198 10.3689 8
    endloop
  endfacet
  facet normal 0.290279 -0.956942 0
    outer loop
      vertex -63.0341 10.5769 8
      vertex -63.7198 10.3689 0
      vertex -63.0341 10.5769 0
    endloop
  endfacet
  facet normal 0.0981081 -0.995176 0
    outer loop
      vertex -61.6293 10.8563 0
      vertex -60.9162 10.9266 8
      vertex -61.6293 10.8563 8
    endloop
  endfacet
  facet normal 0.0981081 -0.995176 0
    outer loop
      vertex -60.9162 10.9266 8
      vertex -61.6293 10.8563 0
      vertex -60.9162 10.9266 0
    endloop
  endfacet
  facet normal -0.162882 0.986645 0
    outer loop
      vertex -58.0638 -10.7396 0
      vertex -58.7707 -10.8563 8
      vertex -58.0638 -10.7396 8
    endloop
  endfacet
  facet normal -0.162882 0.986645 0
    outer loop
      vertex -58.7707 -10.8563 8
      vertex -58.0638 -10.7396 0
      vertex -58.7707 -10.8563 0
    endloop
  endfacet
  facet normal -0.995176 0.0981086 0
    outer loop
      vertex -49.3437 -1.42926 2
      vertex -49.2734 -0.716164 8
      vertex -49.2734 -0.716164 2
    endloop
  endfacet
  facet normal -0.995176 0.0981086 0
    outer loop
      vertex -49.2734 -0.716164 8
      vertex -49.3437 -1.42926 2
      vertex -49.3437 -1.42926 8
    endloop
  endfacet
  facet normal 0.0981081 0.995176 -0
    outer loop
      vertex -60.9162 -10.9266 0
      vertex -61.6293 -10.8563 8
      vertex -60.9162 -10.9266 8
    endloop
  endfacet
  facet normal 0.0981081 0.995176 0
    outer loop
      vertex -61.6293 -10.8563 8
      vertex -60.9162 -10.9266 0
      vertex -61.6293 -10.8563 0
    endloop
  endfacet
  facet normal 0.881909 0.47142 0
    outer loop
      vertex -69.683 -5.475 8
      vertex -70.0208 -4.84306 0
      vertex -70.0208 -4.84306 8
    endloop
  endfacet
  facet normal 0.881909 0.47142 0
    outer loop
      vertex -70.0208 -4.84306 0
      vertex -69.683 -5.475 8
      vertex -69.683 -5.475 0
    endloop
  endfacet
  facet normal 0.965914 0.258865 0
    outer loop
      vertex -59.4 17.35 2.6
      vertex -59.5072 17.75 2
      vertex -59.5072 17.75 2.6
    endloop
  endfacet
  facet normal 0.965914 0.258865 0
    outer loop
      vertex -59.5072 17.75 2
      vertex -59.4 17.35 2.6
      vertex -59.4 17.35 2
    endloop
  endfacet
  facet normal -0.965914 0.258865 0
    outer loop
      vertex -61 17.35 2
      vertex -60.8928 17.75 2.6
      vertex -60.8928 17.75 2
    endloop
  endfacet
  facet normal -0.965914 0.258865 0
    outer loop
      vertex -60.8928 17.75 2.6
      vertex -61 17.35 2
      vertex -61 17.35 2.6
    endloop
  endfacet
  facet normal -0.258865 0.965914 0
    outer loop
      vertex -60.2 18.15 2
      vertex -60.6 18.0428 2.6
      vertex -60.2 18.15 2.6
    endloop
  endfacet
  facet normal -0.258865 0.965914 0
    outer loop
      vertex -60.6 18.0428 2.6
      vertex -60.2 18.15 2
      vertex -60.6 18.0428 2
    endloop
  endfacet
  facet normal 0 0 1
    outer loop
      vertex -59.5072 17.75 2.6
      vertex -59.5072 16.95 2.6
      vertex -59.4 17.35 2.6
    endloop
  endfacet
  facet normal 0 0 1
    outer loop
      vertex -59.8 18.0428 2.6
      vertex -59.5072 16.95 2.6
      vertex -59.5072 17.75 2.6
    endloop
  endfacet
  facet normal 0 0 1
    outer loop
      vertex -59.8 18.0428 2.6
      vertex -59.8 16.6572 2.6
      vertex -59.5072 16.95 2.6
    endloop
  endfacet
  facet normal 0 0 1
    outer loop
      vertex -60.2 18.15 2.6
      vertex -59.8 16.6572 2.6
      vertex -59.8 18.0428 2.6
    endloop
  endfacet
  facet normal 0 0 1
    outer loop
      vertex -60.2 18.15 2.6
      vertex -60.2 16.55 2.6
      vertex -59.8 16.6572 2.6
    endloop
  endfacet
  facet normal -0 0 1
    outer loop
      vertex -60.6 18.0428 2.6
      vertex -60.2 16.55 2.6
      vertex -60.2 18.15 2.6
    endloop
  endfacet
  facet normal 0 0 1
    outer loop
      vertex -60.6 18.0428 2.6
      vertex -60.6 16.6572 2.6
      vertex -60.2 16.55 2.6
    endloop
  endfacet
  facet normal -0 0 1
    outer loop
      vertex -60.8928 17.75 2.6
      vertex -60.6 16.6572 2.6
      vertex -60.6 18.0428 2.6
    endloop
  endfacet
  facet normal 0 0 1
    outer loop
      vertex -60.8928 17.75 2.6
      vertex -60.8928 16.95 2.6
      vertex -60.6 16.6572 2.6
    endloop
  endfacet
  facet normal 0 -0 1
    outer loop
      vertex -60.8928 16.95 2.6
      vertex -60.8928 17.75 2.6
      vertex -61 17.35 2.6
    endloop
  endfacet
  facet normal -0.707107 0.707107 0
    outer loop
      vertex -60.8928 17.75 2
      vertex -60.6 18.0428 2.6
      vertex -60.6 18.0428 2
    endloop
  endfacet
  facet normal -0.707107 0.707107 0
    outer loop
      vertex -60.6 18.0428 2.6
      vertex -60.8928 17.75 2
      vertex -60.8928 17.75 2.6
    endloop
  endfacet
  facet normal 0.258865 -0.965914 0
    outer loop
      vertex -60.2 16.55 2
      vertex -59.8 16.6572 2.6
      vertex -60.2 16.55 2.6
    endloop
  endfacet
  facet normal 0.258865 -0.965914 0
    outer loop
      vertex -59.8 16.6572 2.6
      vertex -60.2 16.55 2
      vertex -59.8 16.6572 2
    endloop
  endfacet
  facet normal 0.258865 0.965914 -0
    outer loop
      vertex -59.8 18.0428 2
      vertex -60.2 18.15 2.6
      vertex -59.8 18.0428 2.6
    endloop
  endfacet
  facet normal 0.258865 0.965914 0
    outer loop
      vertex -60.2 18.15 2.6
      vertex -59.8 18.0428 2
      vertex -60.2 18.15 2
    endloop
  endfacet
  facet normal 0.707107 0.707107 0
    outer loop
      vertex -59.5072 17.75 2.6
      vertex -59.8 18.0428 2
      vertex -59.8 18.0428 2.6
    endloop
  endfacet
  facet normal 0.707107 0.707107 0
    outer loop
      vertex -59.8 18.0428 2
      vertex -59.5072 17.75 2.6
      vertex -59.5072 17.75 2
    endloop
  endfacet
  facet normal 0.965914 -0.258865 0
    outer loop
      vertex -59.5072 16.95 2.6
      vertex -59.4 17.35 2
      vertex -59.4 17.35 2.6
    endloop
  endfacet
  facet normal 0.965914 -0.258865 0
    outer loop
      vertex -59.4 17.35 2
      vertex -59.5072 16.95 2.6
      vertex -59.5072 16.95 2
    endloop
  endfacet
  facet normal 0.707107 -0.707107 0
    outer loop
      vertex -59.8 16.6572 2.6
      vertex -59.5072 16.95 2
      vertex -59.5072 16.95 2.6
    endloop
  endfacet
  facet normal 0.707107 -0.707107 0
    outer loop
      vertex -59.5072 16.95 2
      vertex -59.8 16.6572 2.6
      vertex -59.8 16.6572 2
    endloop
  endfacet
  facet normal -0.258865 -0.965914 0
    outer loop
      vertex -60.6 16.6572 2
      vertex -60.2 16.55 2.6
      vertex -60.6 16.6572 2.6
    endloop
  endfacet
  facet normal -0.258865 -0.965914 -0
    outer loop
      vertex -60.2 16.55 2.6
      vertex -60.6 16.6572 2
      vertex -60.2 16.55 2
    endloop
  endfacet
  facet normal -0.707107 -0.707107 0
    outer loop
      vertex -60.6 16.6572 2
      vertex -60.8928 16.95 2.6
      vertex -60.8928 16.95 2
    endloop
  endfacet
  facet normal -0.707107 -0.707107 0
    outer loop
      vertex -60.8928 16.95 2.6
      vertex -60.6 16.6572 2
      vertex -60.6 16.6572 2.6
    endloop
  endfacet
  facet normal -0.965914 -0.258865 0
    outer loop
      vertex -60.8928 16.95 2
      vertex -61 17.35 2.6
      vertex -61 17.35 2
    endloop
  endfacet
  facet normal -0.965914 -0.258865 0
    outer loop
      vertex -61 17.35 2.6
      vertex -60.8928 16.95 2
      vertex -60.8928 16.95 2.6
    endloop
  endfacet
  facet normal 0.999464 0.03273 0
    outer loop
      vertex -16.7 0 8
      vertex -16.7287 0.876402 2
      vertex -16.7287 0.876402 8
    endloop
  endfacet
  facet normal 0.999464 0.03273 0
    outer loop
      vertex -16.7287 0.876402 2
      vertex -16.7 0 8
      vertex -16.7 0 2
    endloop
  endfacet
  facet normal -0.999464 0.03273 0
    outer loop
      vertex -43.5 0 2
      vertex -43.4713 0.876402 8
      vertex -43.4713 0.876402 2
    endloop
  endfacet
  facet normal -0.999464 0.03273 0
    outer loop
      vertex -43.4713 0.876402 8
      vertex -43.5 0 2
      vertex -43.5 0 8
    endloop
  endfacet
  facet normal -0.0327301 0.999464 0
    outer loop
      vertex -30.1 13.4 2
      vertex -30.9764 13.3713 8
      vertex -30.1 13.4 8
    endloop
  endfacet
  facet normal -0.0327301 0.999464 0
    outer loop
      vertex -30.9764 13.3713 8
      vertex -30.1 13.4 2
      vertex -30.9764 13.3713 2
    endloop
  endfacet
  facet normal 0.0327301 -0.999464 0
    outer loop
      vertex -30.1 -13.4 0
      vertex -29.2236 -13.3713 8
      vertex -30.1 -13.4 8
    endloop
  endfacet
  facet normal 0.0327301 -0.999464 0
    outer loop
      vertex -29.2236 -13.3713 8
      vertex -30.1 -13.4 0
      vertex -29.2236 -13.3713 0
    endloop
  endfacet
  facet normal 0.683619 0.729839 -0
    outer loop
      vertex -20.6248 9.47523 0
      vertex -21.2648 10.0747 8
      vertex -20.6248 9.47523 8
    endloop
  endfacet
  facet normal 0.683619 0.729839 0
    outer loop
      vertex -21.2648 10.0747 8
      vertex -20.6248 9.47523 0
      vertex -21.2648 10.0747 0
    endloop
  endfacet
  facet normal -0.729822 0.683638 0
    outer loop
      vertex -40.1747 8.83523 0
      vertex -39.5752 9.47523 8
      vertex -39.5752 9.47523 0
    endloop
  endfacet
  facet normal -0.729822 0.683638 0
    outer loop
      vertex -39.5752 9.47523 8
      vertex -40.1747 8.83523 0
      vertex -40.1747 8.83523 8
    endloop
  endfacet
  facet normal -0.41272 0.910858 0
    outer loop
      vertex -35.228 12.38 0
      vertex -36.0267 12.0181 8
      vertex -35.228 12.38 8
    endloop
  endfacet
  facet normal -0.41272 0.910858 0
    outer loop
      vertex -36.0267 12.0181 8
      vertex -35.228 12.38 0
      vertex -36.0267 12.0181 0
    endloop
  endfacet
  facet normal 0.91086 0.412716 0
    outer loop
      vertex -17.72 5.12796 8
      vertex -18.0819 5.92667 0
      vertex -18.0819 5.92667 8
    endloop
  endfacet
  facet normal 0.91086 0.412716 0
    outer loop
      vertex -18.0819 5.92667 0
      vertex -17.72 5.12796 8
      vertex -17.72 5.12796 0
    endloop
  endfacet
  facet normal 0.35226 0.935902 -3.7024e-06
    outer loop
      vertex -24.972 12.38 8
      vertex -25.0252 12.4 2
      vertex -25.7927 12.6889 8
    endloop
  endfacet
  facet normal 0.351895 0.93604 -0
    outer loop
      vertex -24.972 12.38 0
      vertex -25.0252 12.4 2
      vertex -24.972 12.38 8
    endloop
  endfacet
  facet normal 0.351895 0.93604 0
    outer loop
      vertex -25.0252 12.4 2
      vertex -24.972 12.38 0
      vertex -25.0252 12.4 0
    endloop
  endfacet
  facet normal 0.352286 0.935892 0
    outer loop
      vertex -25.7927 12.6889 8
      vertex -25.0252 12.4 2
      vertex -25.7927 12.6889 2
    endloop
  endfacet
  facet normal 0.52805 0.849213 -0
    outer loop
      vertex -22.6554 11.1417 0
      vertex -23.4 11.6047 8
      vertex -22.6554 11.1417 8
    endloop
  endfacet
  facet normal 0.52805 0.849213 0
    outer loop
      vertex -23.4 11.6047 8
      vertex -22.6554 11.1417 0
      vertex -23.4 11.6047 0
    endloop
  endfacet
  facet normal -0.91086 0.412716 0
    outer loop
      vertex -42.48 5.12796 0
      vertex -42.1181 5.92667 8
      vertex -42.1181 5.92667 0
    endloop
  endfacet
  facet normal -0.91086 0.412716 0
    outer loop
      vertex -42.1181 5.92667 8
      vertex -42.48 5.12796 0
      vertex -42.48 5.12796 8
    endloop
  endfacet
  facet normal -0.227049 0.973883 0
    outer loop
      vertex -32.7142 13.1425 2
      vertex -33.5682 12.9434 8
      vertex -32.7142 13.1425 8
    endloop
  endfacet
  facet normal -0.227049 0.973883 0
    outer loop
      vertex -33.5682 12.9434 8
      vertex -32.7142 13.1425 2
      vertex -33.5682 12.9434 2
    endloop
  endfacet
  facet normal 0.973859 0.227151 0
    outer loop
      vertex -17.1566 3.46817 8
      vertex -17.0474 3 2
      vertex -17.1566 3.46817 0
    endloop
  endfacet
  facet normal 0.973881 0.227059 7.562e-06
    outer loop
      vertex -16.9575 2.61421 8
      vertex -17.0474 3 2
      vertex -17.1566 3.46817 8
    endloop
  endfacet
  facet normal 0.973907 0.226948 0
    outer loop
      vertex -17.0474 3 2
      vertex -16.9575 2.61421 8
      vertex -16.9575 2.61421 2
    endloop
  endfacet
  facet normal 0.973859 0.227151 0
    outer loop
      vertex -17.1566 3.46817 0
      vertex -17.0474 3 2
      vertex -17.0474 3 0
    endloop
  endfacet
  facet normal 0.956954 0.290238 0
    outer loop
      vertex -17.1566 3.46817 8
      vertex -17.4111 4.30729 0
      vertex -17.4111 4.30729 8
    endloop
  endfacet
  facet normal 0.956954 0.290238 0
    outer loop
      vertex -17.4111 4.30729 0
      vertex -17.1566 3.46817 8
      vertex -17.1566 3.46817 0
    endloop
  endfacet
  facet normal 0.812823 0.58251 0
    outer loop
      vertex -18.9583 7.44464 8
      vertex -19.4691 8.1574 0
      vertex -19.4691 8.1574 8
    endloop
  endfacet
  facet normal 0.812823 0.58251 0
    outer loop
      vertex -19.4691 8.1574 0
      vertex -18.9583 7.44464 8
      vertex -18.9583 7.44464 0
    endloop
  endfacet
  facet normal 0.773056 0.634338 0
    outer loop
      vertex -19.4691 8.1574 8
      vertex -20.0253 8.83523 0
      vertex -20.0253 8.83523 8
    endloop
  endfacet
  facet normal 0.773056 0.634338 0
    outer loop
      vertex -20.0253 8.83523 0
      vertex -19.4691 8.1574 8
      vertex -19.4691 8.1574 0
    endloop
  endfacet
  facet normal 0.881899 0.471438 0
    outer loop
      vertex -18.0819 5.92667 8
      vertex -18.4953 6.7 0
      vertex -18.4953 6.7 8
    endloop
  endfacet
  facet normal 0.881899 0.471438 0
    outer loop
      vertex -18.4953 6.7 0
      vertex -18.0819 5.92667 8
      vertex -18.0819 5.92667 0
    endloop
  endfacet
  facet normal 0.162956 0.986633 -0
    outer loop
      vertex -27.4858 13.1425 2
      vertex -28.351 13.2854 8
      vertex -27.4858 13.1425 8
    endloop
  endfacet
  facet normal 0.162956 0.986633 0
    outer loop
      vertex -28.351 13.2854 8
      vertex -27.4858 13.1425 2
      vertex -28.351 13.2854 2
    endloop
  endfacet
  facet normal 0.0979679 0.99519 -0
    outer loop
      vertex -28.351 13.2854 2
      vertex -29.2236 13.3713 8
      vertex -28.351 13.2854 8
    endloop
  endfacet
  facet normal 0.0979679 0.99519 0
    outer loop
      vertex -29.2236 13.3713 8
      vertex -28.351 13.2854 2
      vertex -29.2236 13.3713 2
    endloop
  endfacet
  facet normal 0.471452 0.881892 -0
    outer loop
      vertex -23.4 11.6047 0
      vertex -24.1733 12.0181 8
      vertex -23.4 11.6047 8
    endloop
  endfacet
  facet normal 0.471452 0.881892 0
    outer loop
      vertex -24.1733 12.0181 8
      vertex -23.4 11.6047 0
      vertex -24.1733 12.0181 0
    endloop
  endfacet
  facet normal 0.634355 0.773042 -0
    outer loop
      vertex -21.2648 10.0747 0
      vertex -21.9426 10.6309 8
      vertex -21.2648 10.0747 8
    endloop
  endfacet
  facet normal 0.634355 0.773042 0
    outer loop
      vertex -21.9426 10.6309 8
      vertex -21.2648 10.0747 0
      vertex -21.9426 10.6309 0
    endloop
  endfacet
  facet normal -0.973859 0.227151 0
    outer loop
      vertex -43.1526 3 2
      vertex -43.0434 3.46817 0
      vertex -43.1526 3 0
    endloop
  endfacet
  facet normal -0.973859 0.227151 0
    outer loop
      vertex -43.0434 3.46817 0
      vertex -43.1526 3 2
      vertex -43.0434 3.46817 8
    endloop
  endfacet
  facet normal -0.973907 0.226948 0
    outer loop
      vertex -43.2425 2.61421 8
      vertex -43.1526 3 2
      vertex -43.2425 2.61421 2
    endloop
  endfacet
  facet normal -0.973881 0.227059 7.562e-06
    outer loop
      vertex -43.1526 3 2
      vertex -43.2425 2.61421 8
      vertex -43.0434 3.46817 8
    endloop
  endfacet
  facet normal -0.849226 0.528029 0
    outer loop
      vertex -41.7047 6.7 0
      vertex -41.2417 7.44464 8
      vertex -41.2417 7.44464 0
    endloop
  endfacet
  facet normal -0.849226 0.528029 0
    outer loop
      vertex -41.2417 7.44464 8
      vertex -41.7047 6.7 0
      vertex -41.7047 6.7 8
    endloop
  endfacet
  facet normal -0.773056 0.634338 0
    outer loop
      vertex -40.7309 8.1574 0
      vertex -40.1747 8.83523 8
      vertex -40.1747 8.83523 0
    endloop
  endfacet
  facet normal -0.773056 0.634338 0
    outer loop
      vertex -40.1747 8.83523 8
      vertex -40.7309 8.1574 0
      vertex -40.7309 8.1574 8
    endloop
  endfacet
  facet normal -0.881899 0.471438 0
    outer loop
      vertex -42.1181 5.92667 0
      vertex -41.7047 6.7 8
      vertex -41.7047 6.7 0
    endloop
  endfacet
  facet normal -0.881899 0.471438 0
    outer loop
      vertex -41.7047 6.7 8
      vertex -42.1181 5.92667 0
      vertex -42.1181 5.92667 8
    endloop
  endfacet
  facet normal 0 0 1
    outer loop
      vertex -19.1 0 8
      vertex -16.7 0 8
      vertex -16.7287 0.876402 8
    endloop
  endfacet
  facet normal 0 0 1
    outer loop
      vertex -19.1236 0.719434 8
      vertex -16.7287 0.876402 8
      vertex -16.8146 1.74905 8
    endloop
  endfacet
  facet normal 0 0 1
    outer loop
      vertex -16.7 0 8
      vertex -19.1 0 8
      vertex -16.7287 -0.876402 8
    endloop
  endfacet
  facet normal 0 0 1
    outer loop
      vertex -19.1941 1.43579 8
      vertex -16.8146 1.74905 8
      vertex -16.9575 2.61421 8
    endloop
  endfacet
  facet normal -0 0 1
    outer loop
      vertex -19.1236 -0.719434 8
      vertex -16.7287 -0.876402 8
      vertex -19.1 0 8
    endloop
  endfacet
  facet normal 0 0 1
    outer loop
      vertex -19.3114 2.14599 8
      vertex -16.9575 2.61421 8
      vertex -17.1566 3.46817 8
    endloop
  endfacet
  facet normal 0 0 1
    outer loop
      vertex -16.7287 -0.876402 8
      vertex -19.1236 -0.719434 8
      vertex -16.8146 -1.74905 8
    endloop
  endfacet
  facet normal 0 0 1
    outer loop
      vertex -19.4748 2.84701 8
      vertex -17.1566 3.46817 8
      vertex -17.4111 4.30729 8
    endloop
  endfacet
  facet normal -0 0 1
    outer loop
      vertex -19.1941 -1.43579 8
      vertex -16.8146 -1.74905 8
      vertex -19.1236 -0.719434 8
    endloop
  endfacet
  facet normal 0 0 1
    outer loop
      vertex -19.6838 3.53583 8
      vertex -17.4111 4.30729 8
      vertex -17.72 5.12796 8
    endloop
  endfacet
  facet normal 0 0 1
    outer loop
      vertex -16.8146 -1.74905 8
      vertex -19.1941 -1.43579 8
      vertex -16.9575 -2.61421 8
    endloop
  endfacet
  facet normal 0 0 1
    outer loop
      vertex -19.9373 4.20952 8
      vertex -17.72 5.12796 8
      vertex -18.0819 5.92667 8
    endloop
  endfacet
  facet normal -0 0 1
    outer loop
      vertex -19.3114 -2.14599 8
      vertex -16.9575 -2.61421 8
      vertex -19.1941 -1.43579 8
    endloop
  endfacet
  facet normal 0 0 1
    outer loop
      vertex -20.2344 4.86518 8
      vertex -18.0819 5.92667 8
      vertex -18.4953 6.7 8
    endloop
  endfacet
  facet normal 0 0 1
    outer loop
      vertex -16.9575 -2.61421 8
      vertex -19.3114 -2.14599 8
      vertex -17.1566 -3.46817 8
    endloop
  endfacet
  facet normal 0 0 1
    outer loop
      vertex -20.5737 5.5 8
      vertex -18.4953 6.7 8
      vertex -18.9583 7.44464 8
    endloop
  endfacet
  facet normal -0 0 1
    outer loop
      vertex -19.4748 -2.84701 8
      vertex -17.1566 -3.46817 8
      vertex -19.3114 -2.14599 8
    endloop
  endfacet
  facet normal 0 0 1
    outer loop
      vertex -17.1566 -3.46817 8
      vertex -19.4748 -2.84701 8
      vertex -17.4111 -4.30729 8
    endloop
  endfacet
  facet normal 0 0 1
    outer loop
      vertex -16.7287 0.876402 8
      vertex -19.1236 0.719434 8
      vertex -19.1 0 8
    endloop
  endfacet
  facet normal 0 0 1
    outer loop
      vertex -16.8146 1.74905 8
      vertex -19.1941 1.43579 8
      vertex -19.1236 0.719434 8
    endloop
  endfacet
  facet normal 0 0 1
    outer loop
      vertex -16.9575 2.61421 8
      vertex -19.3114 2.14599 8
      vertex -19.1941 1.43579 8
    endloop
  endfacet
  facet normal 0 0 1
    outer loop
      vertex -20.9538 6.11127 8
      vertex -18.9583 7.44464 8
      vertex -19.4691 8.1574 8
    endloop
  endfacet
  facet normal 0 0 1
    outer loop
      vertex -17.1566 3.46817 8
      vertex -19.4748 2.84701 8
      vertex -19.3114 2.14599 8
    endloop
  endfacet
  facet normal 0 0 1
    outer loop
      vertex -17.4111 4.30729 8
      vertex -19.6838 3.53583 8
      vertex -19.4748 2.84701 8
    endloop
  endfacet
  facet normal 0 0 1
    outer loop
      vertex -17.72 5.12796 8
      vertex -19.9373 4.20952 8
      vertex -19.6838 3.53583 8
    endloop
  endfacet
  facet normal 0 0 1
    outer loop
      vertex -21.3731 6.69637 8
      vertex -19.4691 8.1574 8
      vertex -20.0253 8.83523 8
    endloop
  endfacet
  facet normal 0 0 1
    outer loop
      vertex -18.0819 5.92667 8
      vertex -20.2344 4.86518 8
      vertex -19.9373 4.20952 8
    endloop
  endfacet
  facet normal 0 0 1
    outer loop
      vertex -18.4953 6.7 8
      vertex -20.5737 5.5 8
      vertex -20.2344 4.86518 8
    endloop
  endfacet
  facet normal 0 0 1
    outer loop
      vertex -21.8298 7.2528 8
      vertex -20.0253 8.83523 8
      vertex -20.6248 9.47523 8
    endloop
  endfacet
  facet normal 0 0 1
    outer loop
      vertex -18.9583 7.44464 8
      vertex -20.9538 6.11127 8
      vertex -20.5737 5.5 8
    endloop
  endfacet
  facet normal 0 0 1
    outer loop
      vertex -22.3218 7.77817 8
      vertex -20.6248 9.47523 8
      vertex -21.2648 10.0747 8
    endloop
  endfacet
  facet normal 0 0 1
    outer loop
      vertex -19.4691 8.1574 8
      vertex -21.3731 6.69637 8
      vertex -20.9538 6.11127 8
    endloop
  endfacet
  facet normal 0 0 1
    outer loop
      vertex -20.0253 8.83523 8
      vertex -21.8298 7.2528 8
      vertex -21.3731 6.69637 8
    endloop
  endfacet
  facet normal 0 0 1
    outer loop
      vertex -22.8472 8.27024 8
      vertex -21.2648 10.0747 8
      vertex -21.9426 10.6309 8
    endloop
  endfacet
  facet normal 0 0 1
    outer loop
      vertex -20.6248 9.47523 8
      vertex -22.3218 7.77817 8
      vertex -21.8298 7.2528 8
    endloop
  endfacet
  facet normal 0 0 1
    outer loop
      vertex -23.4036 8.72689 8
      vertex -21.9426 10.6309 8
      vertex -22.6554 11.1417 8
    endloop
  endfacet
  facet normal 0 0 1
    outer loop
      vertex -21.2648 10.0747 8
      vertex -22.8472 8.27024 8
      vertex -22.3218 7.77817 8
    endloop
  endfacet
  facet normal 0 0 1
    outer loop
      vertex -23.9887 9.14616 8
      vertex -22.6554 11.1417 8
      vertex -23.4 11.6047 8
    endloop
  endfacet
  facet normal 0 0 1
    outer loop
      vertex -21.9426 10.6309 8
      vertex -23.4036 8.72689 8
      vertex -22.8472 8.27024 8
    endloop
  endfacet
  facet normal 0 0 1
    outer loop
      vertex -22.6554 11.1417 8
      vertex -23.9887 9.14616 8
      vertex -23.4036 8.72689 8
    endloop
  endfacet
  facet normal 0 0 1
    outer loop
      vertex -24.6 9.52628 8
      vertex -23.4 11.6047 8
      vertex -24.1733 12.0181 8
    endloop
  endfacet
  facet normal 0 0 1
    outer loop
      vertex -23.4 11.6047 8
      vertex -24.6 9.52628 8
      vertex -23.9887 9.14616 8
    endloop
  endfacet
  facet normal 0 0 1
    outer loop
      vertex -25.2348 9.8656 8
      vertex -24.1733 12.0181 8
      vertex -24.972 12.38 8
    endloop
  endfacet
  facet normal 0 0 1
    outer loop
      vertex -24.1733 12.0181 8
      vertex -25.2348 9.8656 8
      vertex -24.6 9.52628 8
    endloop
  endfacet
  facet normal 0 0 1
    outer loop
      vertex -25.8905 10.1627 8
      vertex -24.972 12.38 8
      vertex -25.7927 12.6889 8
    endloop
  endfacet
  facet normal 0 0 1
    outer loop
      vertex -24.972 12.38 8
      vertex -25.8905 10.1627 8
      vertex -25.2348 9.8656 8
    endloop
  endfacet
  facet normal 0 0 1
    outer loop
      vertex -25.7927 12.6889 8
      vertex -26.5642 10.4162 8
      vertex -25.8905 10.1627 8
    endloop
  endfacet
  facet normal 0 0 1
    outer loop
      vertex -26.6318 12.9434 8
      vertex -26.5642 10.4162 8
      vertex -25.7927 12.6889 8
    endloop
  endfacet
  facet normal 0 0 1
    outer loop
      vertex -26.6318 12.9434 8
      vertex -27.253 10.6252 8
      vertex -26.5642 10.4162 8
    endloop
  endfacet
  facet normal 0 0 1
    outer loop
      vertex -27.4858 13.1425 8
      vertex -27.253 10.6252 8
      vertex -26.6318 12.9434 8
    endloop
  endfacet
  facet normal 0 0 1
    outer loop
      vertex -27.4858 13.1425 8
      vertex -27.954 10.7886 8
      vertex -27.253 10.6252 8
    endloop
  endfacet
  facet normal 0 0 1
    outer loop
      vertex -28.351 13.2854 8
      vertex -27.954 10.7886 8
      vertex -27.4858 13.1425 8
    endloop
  endfacet
  facet normal 0 0 1
    outer loop
      vertex -28.351 13.2854 8
      vertex -28.6642 10.9059 8
      vertex -27.954 10.7886 8
    endloop
  endfacet
  facet normal 0 0 1
    outer loop
      vertex -29.2236 13.3713 8
      vertex -28.6642 10.9059 8
      vertex -28.351 13.2854 8
    endloop
  endfacet
  facet normal 0 0 1
    outer loop
      vertex -29.2236 13.3713 8
      vertex -29.3806 10.9764 8
      vertex -28.6642 10.9059 8
    endloop
  endfacet
  facet normal 0 0 1
    outer loop
      vertex -30.1 13.4 8
      vertex -29.3806 10.9764 8
      vertex -29.2236 13.3713 8
    endloop
  endfacet
  facet normal 0 0 1
    outer loop
      vertex -30.1 13.4 8
      vertex -30.1 11 8
      vertex -29.3806 10.9764 8
    endloop
  endfacet
  facet normal 0 0 1
    outer loop
      vertex -30.1 13.4 8
      vertex -30.8194 10.9764 8
      vertex -30.1 11 8
    endloop
  endfacet
  facet normal -0 0 1
    outer loop
      vertex -30.9764 13.3713 8
      vertex -30.8194 10.9764 8
      vertex -30.1 13.4 8
    endloop
  endfacet
  facet normal 0 0 1
    outer loop
      vertex -30.9764 13.3713 8
      vertex -31.5358 10.9059 8
      vertex -30.8194 10.9764 8
    endloop
  endfacet
  facet normal -0 0 1
    outer loop
      vertex -31.8491 13.2854 8
      vertex -31.5358 10.9059 8
      vertex -30.9764 13.3713 8
    endloop
  endfacet
  facet normal 0 0 1
    outer loop
      vertex -31.8491 13.2854 8
      vertex -32.246 10.7886 8
      vertex -31.5358 10.9059 8
    endloop
  endfacet
  facet normal -0 0 1
    outer loop
      vertex -32.7142 13.1425 8
      vertex -32.246 10.7886 8
      vertex -31.8491 13.2854 8
    endloop
  endfacet
  facet normal 0 0 1
    outer loop
      vertex -32.7142 13.1425 8
      vertex -32.947 10.6252 8
      vertex -32.246 10.7886 8
    endloop
  endfacet
  facet normal -0 0 1
    outer loop
      vertex -33.5682 12.9434 8
      vertex -32.947 10.6252 8
      vertex -32.7142 13.1425 8
    endloop
  endfacet
  facet normal 0 0 1
    outer loop
      vertex -33.5682 12.9434 8
      vertex -33.6358 10.4162 8
      vertex -32.947 10.6252 8
    endloop
  endfacet
  facet normal -0 0 1
    outer loop
      vertex -34.4073 12.6889 8
      vertex -33.6358 10.4162 8
      vertex -33.5682 12.9434 8
    endloop
  endfacet
  facet normal 0 0 1
    outer loop
      vertex -33.6358 10.4162 8
      vertex -34.4073 12.6889 8
      vertex -34.3095 10.1627 8
    endloop
  endfacet
  facet normal -0 0 1
    outer loop
      vertex -35.228 12.38 8
      vertex -34.3095 10.1627 8
      vertex -34.4073 12.6889 8
    endloop
  endfacet
  facet normal 0 0 1
    outer loop
      vertex -34.3095 10.1627 8
      vertex -35.228 12.38 8
      vertex -34.9652 9.8656 8
    endloop
  endfacet
  facet normal -0 0 1
    outer loop
      vertex -36.0267 12.0181 8
      vertex -34.9652 9.8656 8
      vertex -35.228 12.38 8
    endloop
  endfacet
  facet normal 0 0 1
    outer loop
      vertex -34.9652 9.8656 8
      vertex -36.0267 12.0181 8
      vertex -35.6 9.52628 8
    endloop
  endfacet
  facet normal -0 0 1
    outer loop
      vertex -36.8 11.6047 8
      vertex -35.6 9.52628 8
      vertex -36.0267 12.0181 8
    endloop
  endfacet
  facet normal 0 0 1
    outer loop
      vertex -35.6 9.52628 8
      vertex -36.8 11.6047 8
      vertex -36.2113 9.14616 8
    endloop
  endfacet
  facet normal -0 0 1
    outer loop
      vertex -37.5446 11.1417 8
      vertex -36.2113 9.14616 8
      vertex -36.8 11.6047 8
    endloop
  endfacet
  facet normal 0 0 1
    outer loop
      vertex -36.2113 9.14616 8
      vertex -37.5446 11.1417 8
      vertex -36.7964 8.72689 8
    endloop
  endfacet
  facet normal -0 0 1
    outer loop
      vertex -38.2574 10.6309 8
      vertex -36.7964 8.72689 8
      vertex -37.5446 11.1417 8
    endloop
  endfacet
  facet normal 0 0 1
    outer loop
      vertex -36.7964 8.72689 8
      vertex -38.2574 10.6309 8
      vertex -37.3528 8.27024 8
    endloop
  endfacet
  facet normal -0 0 1
    outer loop
      vertex -38.9352 10.0747 8
      vertex -37.3528 8.27024 8
      vertex -38.2574 10.6309 8
    endloop
  endfacet
  facet normal 0 0 1
    outer loop
      vertex -37.3528 8.27024 8
      vertex -38.9352 10.0747 8
      vertex -37.8782 7.77817 8
    endloop
  endfacet
  facet normal -0 0 1
    outer loop
      vertex -39.5752 9.47523 8
      vertex -37.8782 7.77817 8
      vertex -38.9352 10.0747 8
    endloop
  endfacet
  facet normal 0 0 1
    outer loop
      vertex -37.8782 7.77817 8
      vertex -39.5752 9.47523 8
      vertex -38.3702 7.2528 8
    endloop
  endfacet
  facet normal -0 0 1
    outer loop
      vertex -40.1747 8.83523 8
      vertex -38.3702 7.2528 8
      vertex -39.5752 9.47523 8
    endloop
  endfacet
  facet normal 0 0 1
    outer loop
      vertex -38.3702 7.2528 8
      vertex -40.1747 8.83523 8
      vertex -38.8269 6.69637 8
    endloop
  endfacet
  facet normal -0 0 1
    outer loop
      vertex -40.7309 8.1574 8
      vertex -38.8269 6.69637 8
      vertex -40.1747 8.83523 8
    endloop
  endfacet
  facet normal 0 0 1
    outer loop
      vertex -38.8269 6.69637 8
      vertex -40.7309 8.1574 8
      vertex -39.2462 6.11127 8
    endloop
  endfacet
  facet normal -0 0 1
    outer loop
      vertex -41.2417 7.44464 8
      vertex -39.2462 6.11127 8
      vertex -40.7309 8.1574 8
    endloop
  endfacet
  facet normal 0 0 1
    outer loop
      vertex -39.2462 6.11127 8
      vertex -41.2417 7.44464 8
      vertex -39.6263 5.5 8
    endloop
  endfacet
  facet normal -0 0 1
    outer loop
      vertex -41.7047 6.7 8
      vertex -39.6263 5.5 8
      vertex -41.2417 7.44464 8
    endloop
  endfacet
  facet normal 0 0 1
    outer loop
      vertex -39.6263 5.5 8
      vertex -41.7047 6.7 8
      vertex -39.9656 4.86518 8
    endloop
  endfacet
  facet normal -0 0 1
    outer loop
      vertex -42.1181 5.92667 8
      vertex -39.9656 4.86518 8
      vertex -41.7047 6.7 8
    endloop
  endfacet
  facet normal 0 0 1
    outer loop
      vertex -39.9656 4.86518 8
      vertex -42.1181 5.92667 8
      vertex -40.2627 4.20952 8
    endloop
  endfacet
  facet normal -0 0 1
    outer loop
      vertex -42.48 5.12796 8
      vertex -40.2627 4.20952 8
      vertex -42.1181 5.92667 8
    endloop
  endfacet
  facet normal 0 0 1
    outer loop
      vertex -40.2627 4.20952 8
      vertex -42.48 5.12796 8
      vertex -40.5162 3.53583 8
    endloop
  endfacet
  facet normal 0 0 1
    outer loop
      vertex -40.5162 3.53583 8
      vertex -42.7889 4.30729 8
      vertex -40.7252 2.84701 8
    endloop
  endfacet
  facet normal -0 0 1
    outer loop
      vertex -42.7889 4.30729 8
      vertex -40.5162 3.53583 8
      vertex -42.48 5.12796 8
    endloop
  endfacet
  facet normal -0 0 1
    outer loop
      vertex -19.6838 -3.53583 8
      vertex -17.4111 -4.30729 8
      vertex -19.4748 -2.84701 8
    endloop
  endfacet
  facet normal 0 0 1
    outer loop
      vertex -17.4111 -4.30729 8
      vertex -19.6838 -3.53583 8
      vertex -17.72 -5.12796 8
    endloop
  endfacet
  facet normal -0 0 1
    outer loop
      vertex -19.9373 -4.20952 8
      vertex -17.72 -5.12796 8
      vertex -19.6838 -3.53583 8
    endloop
  endfacet
  facet normal 0 0 1
    outer loop
      vertex -17.72 -5.12796 8
      vertex -19.9373 -4.20952 8
      vertex -18.0819 -5.92667 8
    endloop
  endfacet
  facet normal -0 0 1
    outer loop
      vertex -20.2344 -4.86518 8
      vertex -18.0819 -5.92667 8
      vertex -19.9373 -4.20952 8
    endloop
  endfacet
  facet normal 0 0 1
    outer loop
      vertex -18.0819 -5.92667 8
      vertex -20.2344 -4.86518 8
      vertex -18.4953 -6.7 8
    endloop
  endfacet
  facet normal -0 0 1
    outer loop
      vertex -20.5737 -5.5 8
      vertex -18.4953 -6.7 8
      vertex -20.2344 -4.86518 8
    endloop
  endfacet
  facet normal 0 0 1
    outer loop
      vertex -18.4953 -6.7 8
      vertex -20.5737 -5.5 8
      vertex -18.9583 -7.44464 8
    endloop
  endfacet
  facet normal -0 0 1
    outer loop
      vertex -20.9538 -6.11127 8
      vertex -18.9583 -7.44464 8
      vertex -20.5737 -5.5 8
    endloop
  endfacet
  facet normal 0 0 1
    outer loop
      vertex -18.9583 -7.44464 8
      vertex -20.9538 -6.11127 8
      vertex -19.4691 -8.1574 8
    endloop
  endfacet
  facet normal -0 0 1
    outer loop
      vertex -21.3731 -6.69637 8
      vertex -19.4691 -8.1574 8
      vertex -20.9538 -6.11127 8
    endloop
  endfacet
  facet normal 0 0 1
    outer loop
      vertex -19.4691 -8.1574 8
      vertex -21.3731 -6.69637 8
      vertex -20.0253 -8.83523 8
    endloop
  endfacet
  facet normal -0 0 1
    outer loop
      vertex -21.8298 -7.2528 8
      vertex -20.0253 -8.83523 8
      vertex -21.3731 -6.69637 8
    endloop
  endfacet
  facet normal 0 0 1
    outer loop
      vertex -20.0253 -8.83523 8
      vertex -21.8298 -7.2528 8
      vertex -20.6248 -9.47523 8
    endloop
  endfacet
  facet normal -0 0 1
    outer loop
      vertex -22.3218 -7.77817 8
      vertex -20.6248 -9.47523 8
      vertex -21.8298 -7.2528 8
    endloop
  endfacet
  facet normal 0 0 1
    outer loop
      vertex -20.6248 -9.47523 8
      vertex -22.3218 -7.77817 8
      vertex -21.2648 -10.0747 8
    endloop
  endfacet
  facet normal -0 0 1
    outer loop
      vertex -22.8472 -8.27024 8
      vertex -21.2648 -10.0747 8
      vertex -22.3218 -7.77817 8
    endloop
  endfacet
  facet normal 0 0 1
    outer loop
      vertex -21.2648 -10.0747 8
      vertex -22.8472 -8.27024 8
      vertex -21.9426 -10.6309 8
    endloop
  endfacet
  facet normal -0 0 1
    outer loop
      vertex -23.4036 -8.72689 8
      vertex -21.9426 -10.6309 8
      vertex -22.8472 -8.27024 8
    endloop
  endfacet
  facet normal 0 0 1
    outer loop
      vertex -21.9426 -10.6309 8
      vertex -23.4036 -8.72689 8
      vertex -22.6554 -11.1417 8
    endloop
  endfacet
  facet normal -0 0 1
    outer loop
      vertex -23.9887 -9.14616 8
      vertex -22.6554 -11.1417 8
      vertex -23.4036 -8.72689 8
    endloop
  endfacet
  facet normal 0 0 1
    outer loop
      vertex -22.6554 -11.1417 8
      vertex -23.9887 -9.14616 8
      vertex -23.4 -11.6047 8
    endloop
  endfacet
  facet normal -0 0 1
    outer loop
      vertex -24.6 -9.52628 8
      vertex -23.4 -11.6047 8
      vertex -23.9887 -9.14616 8
    endloop
  endfacet
  facet normal 0 0 1
    outer loop
      vertex -23.4 -11.6047 8
      vertex -24.6 -9.52628 8
      vertex -24.1733 -12.0181 8
    endloop
  endfacet
  facet normal -0 0 1
    outer loop
      vertex -25.2348 -9.8656 8
      vertex -24.1733 -12.0181 8
      vertex -24.6 -9.52628 8
    endloop
  endfacet
  facet normal 0 0 1
    outer loop
      vertex -24.1733 -12.0181 8
      vertex -25.2348 -9.8656 8
      vertex -24.972 -12.38 8
    endloop
  endfacet
  facet normal -0 0 1
    outer loop
      vertex -25.8905 -10.1627 8
      vertex -24.972 -12.38 8
      vertex -25.2348 -9.8656 8
    endloop
  endfacet
  facet normal 0 0 1
    outer loop
      vertex -24.972 -12.38 8
      vertex -25.8905 -10.1627 8
      vertex -25.7927 -12.6889 8
    endloop
  endfacet
  facet normal -0 0 1
    outer loop
      vertex -26.5642 -10.4162 8
      vertex -25.7927 -12.6889 8
      vertex -25.8905 -10.1627 8
    endloop
  endfacet
  facet normal 0 0 1
    outer loop
      vertex -26.5642 -10.4162 8
      vertex -26.6318 -12.9434 8
      vertex -25.7927 -12.6889 8
    endloop
  endfacet
  facet normal -0 0 1
    outer loop
      vertex -27.253 -10.6252 8
      vertex -26.6318 -12.9434 8
      vertex -26.5642 -10.4162 8
    endloop
  endfacet
  facet normal 0 0 1
    outer loop
      vertex -27.253 -10.6252 8
      vertex -27.4858 -13.1425 8
      vertex -26.6318 -12.9434 8
    endloop
  endfacet
  facet normal -0 0 1
    outer loop
      vertex -27.954 -10.7886 8
      vertex -27.4858 -13.1425 8
      vertex -27.253 -10.6252 8
    endloop
  endfacet
  facet normal 0 0 1
    outer loop
      vertex -27.954 -10.7886 8
      vertex -28.351 -13.2854 8
      vertex -27.4858 -13.1425 8
    endloop
  endfacet
  facet normal -0 0 1
    outer loop
      vertex -28.6642 -10.9059 8
      vertex -28.351 -13.2854 8
      vertex -27.954 -10.7886 8
    endloop
  endfacet
  facet normal 0 0 1
    outer loop
      vertex -28.6642 -10.9059 8
      vertex -29.2236 -13.3713 8
      vertex -28.351 -13.2854 8
    endloop
  endfacet
  facet normal -0 0 1
    outer loop
      vertex -29.3806 -10.9764 8
      vertex -29.2236 -13.3713 8
      vertex -28.6642 -10.9059 8
    endloop
  endfacet
  facet normal -0 0 1
    outer loop
      vertex -30.1 -11 8
      vertex -29.2236 -13.3713 8
      vertex -29.3806 -10.9764 8
    endloop
  endfacet
  facet normal 0 0 1
    outer loop
      vertex -30.1 -11 8
      vertex -30.1 -13.4 8
      vertex -29.2236 -13.3713 8
    endloop
  endfacet
  facet normal 0 0 1
    outer loop
      vertex -30.8194 -10.9764 8
      vertex -30.1 -13.4 8
      vertex -30.1 -11 8
    endloop
  endfacet
  facet normal 0 0 1
    outer loop
      vertex -30.8194 -10.9764 8
      vertex -30.9764 -13.3713 8
      vertex -30.1 -13.4 8
    endloop
  endfacet
  facet normal 0 0 1
    outer loop
      vertex -31.5358 -10.9059 8
      vertex -30.9764 -13.3713 8
      vertex -30.8194 -10.9764 8
    endloop
  endfacet
  facet normal 0 0 1
    outer loop
      vertex -31.5358 -10.9059 8
      vertex -31.8491 -13.2854 8
      vertex -30.9764 -13.3713 8
    endloop
  endfacet
  facet normal 0 0 1
    outer loop
      vertex -32.246 -10.7886 8
      vertex -31.8491 -13.2854 8
      vertex -31.5358 -10.9059 8
    endloop
  endfacet
  facet normal 0 0 1
    outer loop
      vertex -32.246 -10.7886 8
      vertex -32.7142 -13.1425 8
      vertex -31.8491 -13.2854 8
    endloop
  endfacet
  facet normal 0 0 1
    outer loop
      vertex -32.947 -10.6252 8
      vertex -32.7142 -13.1425 8
      vertex -32.246 -10.7886 8
    endloop
  endfacet
  facet normal 0 0 1
    outer loop
      vertex -32.947 -10.6252 8
      vertex -33.5682 -12.9434 8
      vertex -32.7142 -13.1425 8
    endloop
  endfacet
  facet normal 0 0 1
    outer loop
      vertex -33.6358 -10.4162 8
      vertex -33.5682 -12.9434 8
      vertex -32.947 -10.6252 8
    endloop
  endfacet
  facet normal 0 0 1
    outer loop
      vertex -34.4073 -12.6889 8
      vertex -33.6358 -10.4162 8
      vertex -34.3095 -10.1627 8
    endloop
  endfacet
  facet normal 0 0 1
    outer loop
      vertex -33.6358 -10.4162 8
      vertex -34.4073 -12.6889 8
      vertex -33.5682 -12.9434 8
    endloop
  endfacet
  facet normal 0 0 1
    outer loop
      vertex -35.228 -12.38 8
      vertex -34.3095 -10.1627 8
      vertex -34.9652 -9.8656 8
    endloop
  endfacet
  facet normal 0 0 1
    outer loop
      vertex -34.3095 -10.1627 8
      vertex -35.228 -12.38 8
      vertex -34.4073 -12.6889 8
    endloop
  endfacet
  facet normal 0 0 1
    outer loop
      vertex -36.0267 -12.0181 8
      vertex -34.9652 -9.8656 8
      vertex -35.6 -9.52628 8
    endloop
  endfacet
  facet normal 0 0 1
    outer loop
      vertex -34.9652 -9.8656 8
      vertex -36.0267 -12.0181 8
      vertex -35.228 -12.38 8
    endloop
  endfacet
  facet normal 0 0 1
    outer loop
      vertex -36.8 -11.6047 8
      vertex -35.6 -9.52628 8
      vertex -36.2113 -9.14616 8
    endloop
  endfacet
  facet normal 0 0 1
    outer loop
      vertex -37.5446 -11.1417 8
      vertex -36.2113 -9.14616 8
      vertex -36.7964 -8.72689 8
    endloop
  endfacet
  facet normal 0 0 1
    outer loop
      vertex -35.6 -9.52628 8
      vertex -36.8 -11.6047 8
      vertex -36.0267 -12.0181 8
    endloop
  endfacet
  facet normal 0 0 1
    outer loop
      vertex -38.2574 -10.6309 8
      vertex -36.7964 -8.72689 8
      vertex -37.3528 -8.27024 8
    endloop
  endfacet
  facet normal 0 0 1
    outer loop
      vertex -36.2113 -9.14616 8
      vertex -37.5446 -11.1417 8
      vertex -36.8 -11.6047 8
    endloop
  endfacet
  facet normal 0 0 1
    outer loop
      vertex -38.9352 -10.0747 8
      vertex -37.3528 -8.27024 8
      vertex -37.8782 -7.77817 8
    endloop
  endfacet
  facet normal 0 0 1
    outer loop
      vertex -36.7964 -8.72689 8
      vertex -38.2574 -10.6309 8
      vertex -37.5446 -11.1417 8
    endloop
  endfacet
  facet normal 0 0 1
    outer loop
      vertex -39.5752 -9.47523 8
      vertex -37.8782 -7.77817 8
      vertex -38.3702 -7.2528 8
    endloop
  endfacet
  facet normal 0 0 1
    outer loop
      vertex -40.1747 -8.83523 8
      vertex -38.3702 -7.2528 8
      vertex -38.8269 -6.69637 8
    endloop
  endfacet
  facet normal 0 0 1
    outer loop
      vertex -37.3528 -8.27024 8
      vertex -38.9352 -10.0747 8
      vertex -38.2574 -10.6309 8
    endloop
  endfacet
  facet normal 0 0 1
    outer loop
      vertex -40.7309 -8.1574 8
      vertex -38.8269 -6.69637 8
      vertex -39.2462 -6.11127 8
    endloop
  endfacet
  facet normal 0 0 1
    outer loop
      vertex -37.8782 -7.77817 8
      vertex -39.5752 -9.47523 8
      vertex -38.9352 -10.0747 8
    endloop
  endfacet
  facet normal 0 0 1
    outer loop
      vertex -41.2417 -7.44464 8
      vertex -39.2462 -6.11127 8
      vertex -39.6263 -5.5 8
    endloop
  endfacet
  facet normal 0 0 1
    outer loop
      vertex -41.7047 -6.7 8
      vertex -39.6263 -5.5 8
      vertex -39.9656 -4.86518 8
    endloop
  endfacet
  facet normal 0 0 1
    outer loop
      vertex -38.3702 -7.2528 8
      vertex -40.1747 -8.83523 8
      vertex -39.5752 -9.47523 8
    endloop
  endfacet
  facet normal 0 0 1
    outer loop
      vertex -42.1181 -5.92667 8
      vertex -39.9656 -4.86518 8
      vertex -40.2627 -4.20952 8
    endloop
  endfacet
  facet normal 0 0 1
    outer loop
      vertex -42.48 -5.12796 8
      vertex -40.2627 -4.20952 8
      vertex -40.5162 -3.53583 8
    endloop
  endfacet
  facet normal 0 0 1
    outer loop
      vertex -42.7889 -4.30729 8
      vertex -40.5162 -3.53583 8
      vertex -40.7252 -2.84701 8
    endloop
  endfacet
  facet normal 0 0 1
    outer loop
      vertex -38.8269 -6.69637 8
      vertex -40.7309 -8.1574 8
      vertex -40.1747 -8.83523 8
    endloop
  endfacet
  facet normal 0 0 1
    outer loop
      vertex -43.0434 -3.46817 8
      vertex -40.7252 -2.84701 8
      vertex -40.8886 -2.14599 8
    endloop
  endfacet
  facet normal 0 0 1
    outer loop
      vertex -43.2425 -2.61421 8
      vertex -40.8886 -2.14599 8
      vertex -41.0059 -1.43579 8
    endloop
  endfacet
  facet normal 0 0 1
    outer loop
      vertex -43.3854 -1.74905 8
      vertex -41.0059 -1.43579 8
      vertex -41.0764 -0.719434 8
    endloop
  endfacet
  facet normal 0 0 1
    outer loop
      vertex -39.2462 -6.11127 8
      vertex -41.2417 -7.44464 8
      vertex -40.7309 -8.1574 8
    endloop
  endfacet
  facet normal 0 0 1
    outer loop
      vertex -43.4713 -0.876402 8
      vertex -41.0764 -0.719434 8
      vertex -41.1 0 8
    endloop
  endfacet
  facet normal -0 0 1
    outer loop
      vertex -43.0434 3.46817 8
      vertex -40.7252 2.84701 8
      vertex -42.7889 4.30729 8
    endloop
  endfacet
  facet normal 0 0 1
    outer loop
      vertex -40.7252 2.84701 8
      vertex -43.0434 3.46817 8
      vertex -40.8886 2.14599 8
    endloop
  endfacet
  facet normal 0 0 1
    outer loop
      vertex -39.6263 -5.5 8
      vertex -41.7047 -6.7 8
      vertex -41.2417 -7.44464 8
    endloop
  endfacet
  facet normal -0 0 1
    outer loop
      vertex -43.2425 2.61421 8
      vertex -40.8886 2.14599 8
      vertex -43.0434 3.46817 8
    endloop
  endfacet
  facet normal 0 0 1
    outer loop
      vertex -39.9656 -4.86518 8
      vertex -42.1181 -5.92667 8
      vertex -41.7047 -6.7 8
    endloop
  endfacet
  facet normal 0 0 1
    outer loop
      vertex -40.8886 2.14599 8
      vertex -43.2425 2.61421 8
      vertex -41.0059 1.43579 8
    endloop
  endfacet
  facet normal 0 0 1
    outer loop
      vertex -40.2627 -4.20952 8
      vertex -42.48 -5.12796 8
      vertex -42.1181 -5.92667 8
    endloop
  endfacet
  facet normal -0 0 1
    outer loop
      vertex -43.3854 1.74905 8
      vertex -41.0059 1.43579 8
      vertex -43.2425 2.61421 8
    endloop
  endfacet
  facet normal 0 0 1
    outer loop
      vertex -40.5162 -3.53583 8
      vertex -42.7889 -4.30729 8
      vertex -42.48 -5.12796 8
    endloop
  endfacet
  facet normal 0 0 1
    outer loop
      vertex -41.0059 1.43579 8
      vertex -43.3854 1.74905 8
      vertex -41.0764 0.719434 8
    endloop
  endfacet
  facet normal 0 0 1
    outer loop
      vertex -40.7252 -2.84701 8
      vertex -43.0434 -3.46817 8
      vertex -42.7889 -4.30729 8
    endloop
  endfacet
  facet normal -0 0 1
    outer loop
      vertex -43.4713 0.876402 8
      vertex -41.0764 0.719434 8
      vertex -43.3854 1.74905 8
    endloop
  endfacet
  facet normal 0 0 1
    outer loop
      vertex -40.8886 -2.14599 8
      vertex -43.2425 -2.61421 8
      vertex -43.0434 -3.46817 8
    endloop
  endfacet
  facet normal 0 0 1
    outer loop
      vertex -41.0764 0.719434 8
      vertex -43.4713 0.876402 8
      vertex -41.1 0 8
    endloop
  endfacet
  facet normal 0 0 1
    outer loop
      vertex -41.0059 -1.43579 8
      vertex -43.3854 -1.74905 8
      vertex -43.2425 -2.61421 8
    endloop
  endfacet
  facet normal 0 0 1
    outer loop
      vertex -43.5 0 8
      vertex -41.1 0 8
      vertex -43.4713 0.876402 8
    endloop
  endfacet
  facet normal 0 0 1
    outer loop
      vertex -41.0764 -0.719434 8
      vertex -43.4713 -0.876402 8
      vertex -43.3854 -1.74905 8
    endloop
  endfacet
  facet normal 0 0 1
    outer loop
      vertex -41.1 0 8
      vertex -43.5 0 8
      vertex -43.4713 -0.876402 8
    endloop
  endfacet
  facet normal -0.582489 0.812839 0
    outer loop
      vertex -37.5446 11.1417 0
      vertex -38.2574 10.6309 8
      vertex -37.5446 11.1417 8
    endloop
  endfacet
  facet normal -0.582489 0.812839 0
    outer loop
      vertex -38.2574 10.6309 8
      vertex -37.5446 11.1417 0
      vertex -38.2574 10.6309 0
    endloop
  endfacet
  facet normal -0.471452 0.881892 0
    outer loop
      vertex -36.0267 12.0181 0
      vertex -36.8 11.6047 8
      vertex -36.0267 12.0181 8
    endloop
  endfacet
  facet normal -0.471452 0.881892 0
    outer loop
      vertex -36.8 11.6047 8
      vertex -36.0267 12.0181 0
      vertex -36.8 11.6047 0
    endloop
  endfacet
  facet normal -0.634355 0.773042 0
    outer loop
      vertex -38.2574 10.6309 0
      vertex -38.9352 10.0747 8
      vertex -38.2574 10.6309 8
    endloop
  endfacet
  facet normal -0.634355 0.773042 0
    outer loop
      vertex -38.9352 10.0747 8
      vertex -38.2574 10.6309 0
      vertex -38.9352 10.0747 0
    endloop
  endfacet
  facet normal -0.290245 0.956952 0
    outer loop
      vertex -33.5682 12.9434 2
      vertex -34.4073 12.6889 8
      vertex -33.5682 12.9434 8
    endloop
  endfacet
  facet normal -0.290245 0.956952 0
    outer loop
      vertex -34.4073 12.6889 8
      vertex -33.5682 12.9434 2
      vertex -34.4073 12.6889 2
    endloop
  endfacet
  facet normal -0.162975 0.98663 0
    outer loop
      vertex -31.8491 13.2854 2
      vertex -32.7142 13.1425 8
      vertex -31.8491 13.2854 8
    endloop
  endfacet
  facet normal -0.162975 0.98663 0
    outer loop
      vertex -32.7142 13.1425 8
      vertex -31.8491 13.2854 2
      vertex -32.7142 13.1425 2
    endloop
  endfacet
  facet normal 0.729822 -0.683638 0
    outer loop
      vertex -20.6248 -9.47523 8
      vertex -20.0253 -8.83523 0
      vertex -20.0253 -8.83523 8
    endloop
  endfacet
  facet normal 0.729822 -0.683638 0
    outer loop
      vertex -20.0253 -8.83523 0
      vertex -20.6248 -9.47523 8
      vertex -20.6248 -9.47523 0
    endloop
  endfacet
  facet normal 0.0979679 -0.99519 0
    outer loop
      vertex -29.2236 -13.3713 0
      vertex -28.351 -13.2854 8
      vertex -29.2236 -13.3713 8
    endloop
  endfacet
  facet normal 0.0979679 -0.99519 0
    outer loop
      vertex -28.351 -13.2854 8
      vertex -29.2236 -13.3713 0
      vertex -28.351 -13.2854 0
    endloop
  endfacet
  facet normal 0.986632 0.162964 0
    outer loop
      vertex -16.8146 1.74905 8
      vertex -16.9575 2.61421 2
      vertex -16.9575 2.61421 8
    endloop
  endfacet
  facet normal 0.986632 0.162964 0
    outer loop
      vertex -16.9575 2.61421 2
      vertex -16.8146 1.74905 8
      vertex -16.8146 1.74905 2
    endloop
  endfacet
  facet normal 0.99519 0.0979626 0
    outer loop
      vertex -16.7287 0.876402 8
      vertex -16.8146 1.74905 2
      vertex -16.8146 1.74905 8
    endloop
  endfacet
  facet normal 0.99519 0.0979626 0
    outer loop
      vertex -16.8146 1.74905 2
      vertex -16.7287 0.876402 8
      vertex -16.7287 0.876402 2
    endloop
  endfacet
  facet normal 0.935898 0.352272 0
    outer loop
      vertex -17.4111 4.30729 8
      vertex -17.72 5.12796 0
      vertex -17.72 5.12796 8
    endloop
  endfacet
  facet normal 0.935898 0.352272 0
    outer loop
      vertex -17.72 5.12796 0
      vertex -17.4111 4.30729 8
      vertex -17.4111 4.30729 0
    endloop
  endfacet
  facet normal 0.729822 0.683638 0
    outer loop
      vertex -20.0253 8.83523 8
      vertex -20.6248 9.47523 0
      vertex -20.6248 9.47523 8
    endloop
  endfacet
  facet normal 0.729822 0.683638 0
    outer loop
      vertex -20.6248 9.47523 0
      vertex -20.0253 8.83523 8
      vertex -20.0253 8.83523 0
    endloop
  endfacet
  facet normal 0.849226 0.528029 0
    outer loop
      vertex -18.4953 6.7 8
      vertex -18.9583 7.44464 0
      vertex -18.9583 7.44464 8
    endloop
  endfacet
  facet normal 0.849226 0.528029 0
    outer loop
      vertex -18.9583 7.44464 0
      vertex -18.4953 6.7 8
      vertex -18.4953 6.7 0
    endloop
  endfacet
  facet normal 0.227049 0.973883 -0
    outer loop
      vertex -26.6318 12.9434 2
      vertex -27.4858 13.1425 8
      vertex -26.6318 12.9434 8
    endloop
  endfacet
  facet normal 0.227049 0.973883 0
    outer loop
      vertex -27.4858 13.1425 8
      vertex -26.6318 12.9434 2
      vertex -27.4858 13.1425 2
    endloop
  endfacet
  facet normal 0.290245 0.956952 -0
    outer loop
      vertex -25.7927 12.6889 2
      vertex -26.6318 12.9434 8
      vertex -25.7927 12.6889 8
    endloop
  endfacet
  facet normal 0.290245 0.956952 0
    outer loop
      vertex -26.6318 12.9434 8
      vertex -25.7927 12.6889 2
      vertex -26.6318 12.9434 2
    endloop
  endfacet
  facet normal 0.0327301 0.999464 -0
    outer loop
      vertex -29.2236 13.3713 2
      vertex -30.1 13.4 8
      vertex -29.2236 13.3713 8
    endloop
  endfacet
  facet normal 0.0327301 0.999464 0
    outer loop
      vertex -30.1 13.4 8
      vertex -29.2236 13.3713 2
      vertex -30.1 13.4 2
    endloop
  endfacet
  facet normal 0.41272 0.910858 -0
    outer loop
      vertex -24.1733 12.0181 0
      vertex -24.972 12.38 8
      vertex -24.1733 12.0181 8
    endloop
  endfacet
  facet normal 0.41272 0.910858 0
    outer loop
      vertex -24.972 12.38 8
      vertex -24.1733 12.0181 0
      vertex -24.972 12.38 0
    endloop
  endfacet
  facet normal 0.582489 0.812839 -0
    outer loop
      vertex -21.9426 10.6309 0
      vertex -22.6554 11.1417 8
      vertex -21.9426 10.6309 8
    endloop
  endfacet
  facet normal 0.582489 0.812839 0
    outer loop
      vertex -22.6554 11.1417 8
      vertex -21.9426 10.6309 0
      vertex -22.6554 11.1417 0
    endloop
  endfacet
  facet normal -0.812823 0.58251 0
    outer loop
      vertex -41.2417 7.44464 0
      vertex -40.7309 8.1574 8
      vertex -40.7309 8.1574 0
    endloop
  endfacet
  facet normal -0.812823 0.58251 0
    outer loop
      vertex -40.7309 8.1574 8
      vertex -41.2417 7.44464 0
      vertex -41.2417 7.44464 8
    endloop
  endfacet
  facet normal -0.956954 0.290238 0
    outer loop
      vertex -43.0434 3.46817 0
      vertex -42.7889 4.30729 8
      vertex -42.7889 4.30729 0
    endloop
  endfacet
  facet normal -0.956954 0.290238 0
    outer loop
      vertex -42.7889 4.30729 8
      vertex -43.0434 3.46817 0
      vertex -43.0434 3.46817 8
    endloop
  endfacet
  facet normal -0.935898 0.352272 0
    outer loop
      vertex -42.7889 4.30729 0
      vertex -42.48 5.12796 8
      vertex -42.48 5.12796 0
    endloop
  endfacet
  facet normal -0.935898 0.352272 0
    outer loop
      vertex -42.48 5.12796 8
      vertex -42.7889 4.30729 0
      vertex -42.7889 4.30729 8
    endloop
  endfacet
  facet normal -0.986632 0.162964 0
    outer loop
      vertex -43.3854 1.74905 2
      vertex -43.2425 2.61421 8
      vertex -43.2425 2.61421 2
    endloop
  endfacet
  facet normal -0.986632 0.162964 0
    outer loop
      vertex -43.2425 2.61421 8
      vertex -43.3854 1.74905 2
      vertex -43.3854 1.74905 8
    endloop
  endfacet
  facet normal -0.99519 0.0979626 0
    outer loop
      vertex -43.4713 0.876402 2
      vertex -43.3854 1.74905 8
      vertex -43.3854 1.74905 2
    endloop
  endfacet
  facet normal -0.99519 0.0979626 0
    outer loop
      vertex -43.3854 1.74905 8
      vertex -43.4713 0.876402 2
      vertex -43.4713 0.876402 8
    endloop
  endfacet
  facet normal -0.52805 0.849213 0
    outer loop
      vertex -36.8 11.6047 0
      vertex -37.5446 11.1417 8
      vertex -36.8 11.6047 8
    endloop
  endfacet
  facet normal -0.52805 0.849213 0
    outer loop
      vertex -37.5446 11.1417 8
      vertex -36.8 11.6047 0
      vertex -37.5446 11.1417 0
    endloop
  endfacet
  facet normal -0.683619 0.729839 0
    outer loop
      vertex -38.9352 10.0747 0
      vertex -39.5752 9.47523 8
      vertex -38.9352 10.0747 8
    endloop
  endfacet
  facet normal -0.683619 0.729839 0
    outer loop
      vertex -39.5752 9.47523 8
      vertex -38.9352 10.0747 0
      vertex -39.5752 9.47523 0
    endloop
  endfacet
  facet normal -0.35226 0.935902 0
    outer loop
      vertex -34.4073 12.6889 2
      vertex -35.228 12.38 8
      vertex -34.4073 12.6889 8
    endloop
  endfacet
  facet normal -0.352286 0.935892 -3.959e-06
    outer loop
      vertex -35.1748 12.4 2
      vertex -35.228 12.38 8
      vertex -34.4073 12.6889 2
    endloop
  endfacet
  facet normal -0.351895 0.93604 0
    outer loop
      vertex -35.228 12.38 0
      vertex -35.1748 12.4 2
      vertex -35.1748 12.4 0
    endloop
  endfacet
  facet normal -0.351895 0.93604 0
    outer loop
      vertex -35.1748 12.4 2
      vertex -35.228 12.38 0
      vertex -35.228 12.38 8
    endloop
  endfacet
  facet normal -0.0979568 0.995191 0
    outer loop
      vertex -30.9764 13.3713 2
      vertex -31.8491 13.2854 8
      vertex -30.9764 13.3713 8
    endloop
  endfacet
  facet normal -0.0979568 0.995191 0
    outer loop
      vertex -31.8491 13.2854 8
      vertex -30.9764 13.3713 2
      vertex -31.8491 13.2854 2
    endloop
  endfacet
  facet normal 0.999464 -0.03273 0
    outer loop
      vertex -16.7287 -0.876402 8
      vertex -16.7 0 2
      vertex -16.7 0 8
    endloop
  endfacet
  facet normal 0.999464 -0.03273 0
    outer loop
      vertex -16.7 0 2
      vertex -16.7287 -0.876402 8
      vertex -16.7287 -0.876402 2
    endloop
  endfacet
  facet normal 0.986632 -0.162964 0
    outer loop
      vertex -16.9575 -2.61421 8
      vertex -16.8146 -1.74905 2
      vertex -16.8146 -1.74905 8
    endloop
  endfacet
  facet normal 0.986632 -0.162964 0
    outer loop
      vertex -16.8146 -1.74905 2
      vertex -16.9575 -2.61421 8
      vertex -16.9575 -2.61421 2
    endloop
  endfacet
  facet normal 0.99519 -0.0979626 0
    outer loop
      vertex -16.8146 -1.74905 8
      vertex -16.7287 -0.876402 2
      vertex -16.7287 -0.876402 8
    endloop
  endfacet
  facet normal 0.99519 -0.0979626 0
    outer loop
      vertex -16.7287 -0.876402 2
      vertex -16.8146 -1.74905 8
      vertex -16.8146 -1.74905 2
    endloop
  endfacet
  facet normal 0.773056 -0.634338 0
    outer loop
      vertex -20.0253 -8.83523 8
      vertex -19.4691 -8.1574 0
      vertex -19.4691 -8.1574 8
    endloop
  endfacet
  facet normal 0.773056 -0.634338 0
    outer loop
      vertex -19.4691 -8.1574 0
      vertex -20.0253 -8.83523 8
      vertex -20.0253 -8.83523 0
    endloop
  endfacet
  facet normal 0.471452 -0.881892 0
    outer loop
      vertex -24.1733 -12.0181 0
      vertex -23.4 -11.6047 8
      vertex -24.1733 -12.0181 8
    endloop
  endfacet
  facet normal 0.471452 -0.881892 0
    outer loop
      vertex -23.4 -11.6047 8
      vertex -24.1733 -12.0181 0
      vertex -23.4 -11.6047 0
    endloop
  endfacet
  facet normal 0.881899 -0.471438 0
    outer loop
      vertex -18.4953 -6.7 8
      vertex -18.0819 -5.92667 0
      vertex -18.0819 -5.92667 8
    endloop
  endfacet
  facet normal 0.881899 -0.471438 0
    outer loop
      vertex -18.0819 -5.92667 0
      vertex -18.4953 -6.7 8
      vertex -18.4953 -6.7 0
    endloop
  endfacet
  facet normal -0.162975 -0.98663 0
    outer loop
      vertex -32.7142 -13.1425 0
      vertex -31.8491 -13.2854 8
      vertex -32.7142 -13.1425 8
    endloop
  endfacet
  facet normal -0.162975 -0.98663 -0
    outer loop
      vertex -31.8491 -13.2854 8
      vertex -32.7142 -13.1425 0
      vertex -31.8491 -13.2854 0
    endloop
  endfacet
  facet normal -0.986632 -0.162964 0
    outer loop
      vertex -43.2425 -2.61421 2
      vertex -43.3854 -1.74905 8
      vertex -43.3854 -1.74905 2
    endloop
  endfacet
  facet normal -0.986632 -0.162964 0
    outer loop
      vertex -43.3854 -1.74905 8
      vertex -43.2425 -2.61421 2
      vertex -43.2425 -2.61421 8
    endloop
  endfacet
  facet normal 0.227049 -0.973883 0
    outer loop
      vertex -27.4858 -13.1425 0
      vertex -26.6318 -12.9434 8
      vertex -27.4858 -13.1425 8
    endloop
  endfacet
  facet normal 0.227049 -0.973883 0
    outer loop
      vertex -26.6318 -12.9434 8
      vertex -27.4858 -13.1425 0
      vertex -26.6318 -12.9434 0
    endloop
  endfacet
  facet normal 0.41272 -0.910858 0
    outer loop
      vertex -24.972 -12.38 0
      vertex -24.1733 -12.0181 8
      vertex -24.972 -12.38 8
    endloop
  endfacet
  facet normal 0.41272 -0.910858 0
    outer loop
      vertex -24.1733 -12.0181 8
      vertex -24.972 -12.38 0
      vertex -24.1733 -12.0181 0
    endloop
  endfacet
  facet normal 0.35226 -0.935902 0
    outer loop
      vertex -25.7927 -12.6889 0
      vertex -24.972 -12.38 8
      vertex -25.7927 -12.6889 8
    endloop
  endfacet
  facet normal 0.35226 -0.935902 0
    outer loop
      vertex -24.972 -12.38 8
      vertex -25.7927 -12.6889 0
      vertex -24.972 -12.38 0
    endloop
  endfacet
  facet normal 0.956954 -0.290238 0
    outer loop
      vertex -17.4111 -4.30729 8
      vertex -17.1566 -3.46817 0
      vertex -17.1566 -3.46817 8
    endloop
  endfacet
  facet normal 0.956954 -0.290238 0
    outer loop
      vertex -17.1566 -3.46817 0
      vertex -17.4111 -4.30729 8
      vertex -17.4111 -4.30729 0
    endloop
  endfacet
  facet normal 0.812823 -0.58251 0
    outer loop
      vertex -19.4691 -8.1574 8
      vertex -18.9583 -7.44464 0
      vertex -18.9583 -7.44464 8
    endloop
  endfacet
  facet normal 0.812823 -0.58251 0
    outer loop
      vertex -18.9583 -7.44464 0
      vertex -19.4691 -8.1574 8
      vertex -19.4691 -8.1574 0
    endloop
  endfacet
  facet normal 0.849226 -0.528029 0
    outer loop
      vertex -18.9583 -7.44464 8
      vertex -18.4953 -6.7 0
      vertex -18.4953 -6.7 8
    endloop
  endfacet
  facet normal 0.849226 -0.528029 0
    outer loop
      vertex -18.4953 -6.7 0
      vertex -18.9583 -7.44464 8
      vertex -18.9583 -7.44464 0
    endloop
  endfacet
  facet normal 0.91086 -0.412716 0
    outer loop
      vertex -18.0819 -5.92667 8
      vertex -17.72 -5.12796 0
      vertex -17.72 -5.12796 8
    endloop
  endfacet
  facet normal 0.91086 -0.412716 0
    outer loop
      vertex -17.72 -5.12796 0
      vertex -18.0819 -5.92667 8
      vertex -18.0819 -5.92667 0
    endloop
  endfacet
  facet normal -0.35226 -0.935902 0
    outer loop
      vertex -35.228 -12.38 0
      vertex -34.4073 -12.6889 8
      vertex -35.228 -12.38 8
    endloop
  endfacet
  facet normal -0.35226 -0.935902 -0
    outer loop
      vertex -34.4073 -12.6889 8
      vertex -35.228 -12.38 0
      vertex -34.4073 -12.6889 0
    endloop
  endfacet
  facet normal -0.729822 -0.683638 0
    outer loop
      vertex -39.5752 -9.47523 0
      vertex -40.1747 -8.83523 8
      vertex -40.1747 -8.83523 0
    endloop
  endfacet
  facet normal -0.729822 -0.683638 0
    outer loop
      vertex -40.1747 -8.83523 8
      vertex -39.5752 -9.47523 0
      vertex -39.5752 -9.47523 8
    endloop
  endfacet
  facet normal -0.956954 -0.290238 0
    outer loop
      vertex -42.7889 -4.30729 0
      vertex -43.0434 -3.46817 8
      vertex -43.0434 -3.46817 0
    endloop
  endfacet
  facet normal -0.956954 -0.290238 0
    outer loop
      vertex -43.0434 -3.46817 8
      vertex -42.7889 -4.30729 0
      vertex -42.7889 -4.30729 8
    endloop
  endfacet
  facet normal 0.973907 -0.226948 0
    outer loop
      vertex -16.9575 -2.61421 8
      vertex -17.0474 -3 2
      vertex -16.9575 -2.61421 2
    endloop
  endfacet
  facet normal 0.973881 -0.227059 7.562e-06
    outer loop
      vertex -17.1566 -3.46817 8
      vertex -17.0474 -3 2
      vertex -16.9575 -2.61421 8
    endloop
  endfacet
  facet normal 0.973859 -0.227151 0
    outer loop
      vertex -17.1566 -3.46817 0
      vertex -17.0474 -3 2
      vertex -17.1566 -3.46817 8
    endloop
  endfacet
  facet normal 0.973859 -0.227151 0
    outer loop
      vertex -17.0474 -3 2
      vertex -17.1566 -3.46817 0
      vertex -17.0474 -3 0
    endloop
  endfacet
  facet normal 0.683619 -0.729839 0
    outer loop
      vertex -21.2648 -10.0747 0
      vertex -20.6248 -9.47523 8
      vertex -21.2648 -10.0747 8
    endloop
  endfacet
  facet normal 0.683619 -0.729839 0
    outer loop
      vertex -20.6248 -9.47523 8
      vertex -21.2648 -10.0747 0
      vertex -20.6248 -9.47523 0
    endloop
  endfacet
  facet normal 0.634355 -0.773042 0
    outer loop
      vertex -21.9426 -10.6309 0
      vertex -21.2648 -10.0747 8
      vertex -21.9426 -10.6309 8
    endloop
  endfacet
  facet normal 0.634355 -0.773042 0
    outer loop
      vertex -21.2648 -10.0747 8
      vertex -21.9426 -10.6309 0
      vertex -21.2648 -10.0747 0
    endloop
  endfacet
  facet normal 0.52805 -0.849213 0
    outer loop
      vertex -23.4 -11.6047 0
      vertex -22.6554 -11.1417 8
      vertex -23.4 -11.6047 8
    endloop
  endfacet
  facet normal 0.52805 -0.849213 0
    outer loop
      vertex -22.6554 -11.1417 8
      vertex -23.4 -11.6047 0
      vertex -22.6554 -11.1417 0
    endloop
  endfacet
  facet normal 0.935898 -0.352272 0
    outer loop
      vertex -17.72 -5.12796 8
      vertex -17.4111 -4.30729 0
      vertex -17.4111 -4.30729 8
    endloop
  endfacet
  facet normal 0.935898 -0.352272 0
    outer loop
      vertex -17.4111 -4.30729 0
      vertex -17.72 -5.12796 8
      vertex -17.72 -5.12796 0
    endloop
  endfacet
  facet normal -0.0327301 -0.999464 0
    outer loop
      vertex -30.9764 -13.3713 0
      vertex -30.1 -13.4 8
      vertex -30.9764 -13.3713 8
    endloop
  endfacet
  facet normal -0.0327301 -0.999464 -0
    outer loop
      vertex -30.1 -13.4 8
      vertex -30.9764 -13.3713 0
      vertex -30.1 -13.4 0
    endloop
  endfacet
  facet normal -0.52805 -0.849213 0
    outer loop
      vertex -37.5446 -11.1417 0
      vertex -36.8 -11.6047 8
      vertex -37.5446 -11.1417 8
    endloop
  endfacet
  facet normal -0.52805 -0.849213 -0
    outer loop
      vertex -36.8 -11.6047 8
      vertex -37.5446 -11.1417 0
      vertex -36.8 -11.6047 0
    endloop
  endfacet
  facet normal -0.290245 -0.956952 0
    outer loop
      vertex -34.4073 -12.6889 0
      vertex -33.5682 -12.9434 8
      vertex -34.4073 -12.6889 8
    endloop
  endfacet
  facet normal -0.290245 -0.956952 -0
    outer loop
      vertex -33.5682 -12.9434 8
      vertex -34.4073 -12.6889 0
      vertex -33.5682 -12.9434 0
    endloop
  endfacet
  facet normal -0.0979568 -0.995191 0
    outer loop
      vertex -31.8491 -13.2854 0
      vertex -30.9764 -13.3713 8
      vertex -31.8491 -13.2854 8
    endloop
  endfacet
  facet normal -0.0979568 -0.995191 -0
    outer loop
      vertex -30.9764 -13.3713 8
      vertex -31.8491 -13.2854 0
      vertex -30.9764 -13.3713 0
    endloop
  endfacet
  facet normal -0.812823 -0.58251 0
    outer loop
      vertex -40.7309 -8.1574 0
      vertex -41.2417 -7.44464 8
      vertex -41.2417 -7.44464 0
    endloop
  endfacet
  facet normal -0.812823 -0.58251 0
    outer loop
      vertex -41.2417 -7.44464 8
      vertex -40.7309 -8.1574 0
      vertex -40.7309 -8.1574 8
    endloop
  endfacet
  facet normal -0.773056 -0.634338 0
    outer loop
      vertex -40.1747 -8.83523 0
      vertex -40.7309 -8.1574 8
      vertex -40.7309 -8.1574 0
    endloop
  endfacet
  facet normal -0.773056 -0.634338 0
    outer loop
      vertex -40.7309 -8.1574 8
      vertex -40.1747 -8.83523 0
      vertex -40.1747 -8.83523 8
    endloop
  endfacet
  facet normal -0.683619 -0.729839 0
    outer loop
      vertex -39.5752 -9.47523 0
      vertex -38.9352 -10.0747 8
      vertex -39.5752 -9.47523 8
    endloop
  endfacet
  facet normal -0.683619 -0.729839 -0
    outer loop
      vertex -38.9352 -10.0747 8
      vertex -39.5752 -9.47523 0
      vertex -38.9352 -10.0747 0
    endloop
  endfacet
  facet normal -0.91086 -0.412716 0
    outer loop
      vertex -42.1181 -5.92667 0
      vertex -42.48 -5.12796 8
      vertex -42.48 -5.12796 0
    endloop
  endfacet
  facet normal -0.91086 -0.412716 0
    outer loop
      vertex -42.48 -5.12796 8
      vertex -42.1181 -5.92667 0
      vertex -42.1181 -5.92667 8
    endloop
  endfacet
  facet normal -0.935898 -0.352272 0
    outer loop
      vertex -42.48 -5.12796 0
      vertex -42.7889 -4.30729 8
      vertex -42.7889 -4.30729 0
    endloop
  endfacet
  facet normal -0.935898 -0.352272 0
    outer loop
      vertex -42.7889 -4.30729 8
      vertex -42.48 -5.12796 0
      vertex -42.48 -5.12796 8
    endloop
  endfacet
  facet normal -0.973859 -0.227151 0
    outer loop
      vertex -43.1526 -3 0
      vertex -43.0434 -3.46817 0
      vertex -43.1526 -3 2
    endloop
  endfacet
  facet normal -0.973907 -0.226948 0
    outer loop
      vertex -43.1526 -3 2
      vertex -43.2425 -2.61421 8
      vertex -43.2425 -2.61421 2
    endloop
  endfacet
  facet normal -0.973859 -0.227151 -0
    outer loop
      vertex -43.0434 -3.46817 8
      vertex -43.1526 -3 2
      vertex -43.0434 -3.46817 0
    endloop
  endfacet
  facet normal -0.973881 -0.227059 7.562e-06
    outer loop
      vertex -43.1526 -3 2
      vertex -43.0434 -3.46817 8
      vertex -43.2425 -2.61421 8
    endloop
  endfacet
  facet normal -0.99519 -0.0979626 0
    outer loop
      vertex -43.3854 -1.74905 2
      vertex -43.4713 -0.876402 8
      vertex -43.4713 -0.876402 2
    endloop
  endfacet
  facet normal -0.99519 -0.0979626 0
    outer loop
      vertex -43.4713 -0.876402 8
      vertex -43.3854 -1.74905 2
      vertex -43.3854 -1.74905 8
    endloop
  endfacet
  facet normal -0.999464 -0.03273 0
    outer loop
      vertex -43.4713 -0.876402 2
      vertex -43.5 0 8
      vertex -43.5 0 2
    endloop
  endfacet
  facet normal -0.999464 -0.03273 0
    outer loop
      vertex -43.5 0 8
      vertex -43.4713 -0.876402 2
      vertex -43.4713 -0.876402 8
    endloop
  endfacet
  facet normal 0.290245 -0.956952 0
    outer loop
      vertex -26.6318 -12.9434 0
      vertex -25.7927 -12.6889 8
      vertex -26.6318 -12.9434 8
    endloop
  endfacet
  facet normal 0.290245 -0.956952 0
    outer loop
      vertex -25.7927 -12.6889 8
      vertex -26.6318 -12.9434 0
      vertex -25.7927 -12.6889 0
    endloop
  endfacet
  facet normal 0.162956 -0.986633 0
    outer loop
      vertex -28.351 -13.2854 0
      vertex -27.4858 -13.1425 8
      vertex -28.351 -13.2854 8
    endloop
  endfacet
  facet normal 0.162956 -0.986633 0
    outer loop
      vertex -27.4858 -13.1425 8
      vertex -28.351 -13.2854 0
      vertex -27.4858 -13.1425 0
    endloop
  endfacet
  facet normal 0.582489 -0.812839 0
    outer loop
      vertex -22.6554 -11.1417 0
      vertex -21.9426 -10.6309 8
      vertex -22.6554 -11.1417 8
    endloop
  endfacet
  facet normal 0.582489 -0.812839 0
    outer loop
      vertex -21.9426 -10.6309 8
      vertex -22.6554 -11.1417 0
      vertex -21.9426 -10.6309 0
    endloop
  endfacet
  facet normal -0.471452 -0.881892 0
    outer loop
      vertex -36.8 -11.6047 0
      vertex -36.0267 -12.0181 8
      vertex -36.8 -11.6047 8
    endloop
  endfacet
  facet normal -0.471452 -0.881892 -0
    outer loop
      vertex -36.0267 -12.0181 8
      vertex -36.8 -11.6047 0
      vertex -36.0267 -12.0181 0
    endloop
  endfacet
  facet normal -0.227049 -0.973883 0
    outer loop
      vertex -33.5682 -12.9434 0
      vertex -32.7142 -13.1425 8
      vertex -33.5682 -12.9434 8
    endloop
  endfacet
  facet normal -0.227049 -0.973883 -0
    outer loop
      vertex -32.7142 -13.1425 8
      vertex -33.5682 -12.9434 0
      vertex -32.7142 -13.1425 0
    endloop
  endfacet
  facet normal -0.849226 -0.528029 0
    outer loop
      vertex -41.2417 -7.44464 0
      vertex -41.7047 -6.7 8
      vertex -41.7047 -6.7 0
    endloop
  endfacet
  facet normal -0.849226 -0.528029 0
    outer loop
      vertex -41.7047 -6.7 8
      vertex -41.2417 -7.44464 0
      vertex -41.2417 -7.44464 8
    endloop
  endfacet
  facet normal -0.881899 -0.471438 0
    outer loop
      vertex -41.7047 -6.7 0
      vertex -42.1181 -5.92667 8
      vertex -42.1181 -5.92667 0
    endloop
  endfacet
  facet normal -0.881899 -0.471438 0
    outer loop
      vertex -42.1181 -5.92667 8
      vertex -41.7047 -6.7 0
      vertex -41.7047 -6.7 8
    endloop
  endfacet
  facet normal -0.41272 -0.910858 0
    outer loop
      vertex -36.0267 -12.0181 0
      vertex -35.228 -12.38 8
      vertex -36.0267 -12.0181 8
    endloop
  endfacet
  facet normal -0.41272 -0.910858 -0
    outer loop
      vertex -35.228 -12.38 8
      vertex -36.0267 -12.0181 0
      vertex -35.228 -12.38 0
    endloop
  endfacet
  facet normal -0.582489 -0.812839 0
    outer loop
      vertex -38.2574 -10.6309 0
      vertex -37.5446 -11.1417 8
      vertex -38.2574 -10.6309 8
    endloop
  endfacet
  facet normal -0.582489 -0.812839 -0
    outer loop
      vertex -37.5446 -11.1417 8
      vertex -38.2574 -10.6309 0
      vertex -37.5446 -11.1417 0
    endloop
  endfacet
  facet normal -0.634355 -0.773042 0
    outer loop
      vertex -38.9352 -10.0747 0
      vertex -38.2574 -10.6309 8
      vertex -38.9352 -10.0747 8
    endloop
  endfacet
  facet normal -0.634355 -0.773042 -0
    outer loop
      vertex -38.2574 -10.6309 8
      vertex -38.9352 -10.0747 0
      vertex -38.2574 -10.6309 0
    endloop
  endfacet
  facet normal -1 0 0
    outer loop
      vertex -37.9 12.4 0
      vertex -37.9 21.4 2
      vertex -37.9 21.4 0
    endloop
  endfacet
  facet normal -1 -0 0
    outer loop
      vertex -37.9 21.4 2
      vertex -37.9 12.4 0
      vertex -37.9 12.4 2
    endloop
  endfacet
  facet normal -0 0 1
    outer loop
      vertex -28 17.4 2
      vertex -22.3 12.4 2
      vertex -22.3 21.4 2
    endloop
  endfacet
  facet normal 0 0 1
    outer loop
      vertex -22.3 12.4 2
      vertex -28 17.4 2
      vertex -25.0252 12.4 2
    endloop
  endfacet
  facet normal 0 0 1
    outer loop
      vertex -25.0252 12.4 2
      vertex -28 17.4 2
      vertex -25.7927 12.6889 2
    endloop
  endfacet
  facet normal -0 0 1
    outer loop
      vertex -28.1072 17 2
      vertex -25.7927 12.6889 2
      vertex -28 17.4 2
    endloop
  endfacet
  facet normal 0 0 1
    outer loop
      vertex -25.7927 12.6889 2
      vertex -28.1072 17 2
      vertex -26.6318 12.9434 2
    endloop
  endfacet
  facet normal 0 0 1
    outer loop
      vertex -22.3 21.4 2
      vertex -28.1072 17.8 2
      vertex -28 17.4 2
    endloop
  endfacet
  facet normal 0 0 1
    outer loop
      vertex -22.3 21.4 2
      vertex -28.4 18.0928 2
      vertex -28.1072 17.8 2
    endloop
  endfacet
  facet normal 0 0 1
    outer loop
      vertex -22.3 21.4 2
      vertex -28.8 18.2 2
      vertex -28.4 18.0928 2
    endloop
  endfacet
  facet normal 0 0 1
    outer loop
      vertex -31.4 18.2 2
      vertex -28.8 18.2 2
      vertex -22.3 21.4 2
    endloop
  endfacet
  facet normal 0 0 1
    outer loop
      vertex -29.4928 17 2
      vertex -30.7072 17 2
      vertex -29.2 16.7072 2
    endloop
  endfacet
  facet normal 0 0 1
    outer loop
      vertex -29.4928 17.8 2
      vertex -30.6 17.4 2
      vertex -29.6 17.4 2
    endloop
  endfacet
  facet normal 0 0 1
    outer loop
      vertex -30.7072 17.8 2
      vertex -29.4928 17.8 2
      vertex -29.2 18.0928 2
    endloop
  endfacet
  facet normal 0 0 1
    outer loop
      vertex -29.4928 17.8 2
      vertex -30.7072 17.8 2
      vertex -30.6 17.4 2
    endloop
  endfacet
  facet normal 0 0 1
    outer loop
      vertex -28.8 18.2 2
      vertex -31.4 18.2 2
      vertex -29.2 18.0928 2
    endloop
  endfacet
  facet normal 0 0 1
    outer loop
      vertex -29.2 18.0928 2
      vertex -31 18.0928 2
      vertex -30.7072 17.8 2
    endloop
  endfacet
  facet normal 0 0 1
    outer loop
      vertex -29.2 18.0928 2
      vertex -31.4 18.2 2
      vertex -31 18.0928 2
    endloop
  endfacet
  facet normal -0 0 1
    outer loop
      vertex -37.9 21.4 2
      vertex -31.4 18.2 2
      vertex -22.3 21.4 2
    endloop
  endfacet
  facet normal 0 0 1
    outer loop
      vertex -32.0928 17 2
      vertex -33.5682 12.9434 2
      vertex -32.7142 13.1425 2
    endloop
  endfacet
  facet normal 0 0 1
    outer loop
      vertex -37.9 21.4 2
      vertex -32.2 17.4 2
      vertex -32.0928 17.8 2
    endloop
  endfacet
  facet normal 0 0 1
    outer loop
      vertex -32.0928 17 2
      vertex -34.4073 12.6889 2
      vertex -33.5682 12.9434 2
    endloop
  endfacet
  facet normal 0 0 1
    outer loop
      vertex -32.2 17.4 2
      vertex -35.1748 12.4 2
      vertex -34.4073 12.6889 2
    endloop
  endfacet
  facet normal 0 0 1
    outer loop
      vertex -31.4 18.2 2
      vertex -37.9 21.4 2
      vertex -31.8 18.0928 2
    endloop
  endfacet
  facet normal 0 0 1
    outer loop
      vertex -37.9 21.4 2
      vertex -32.0928 17.8 2
      vertex -31.8 18.0928 2
    endloop
  endfacet
  facet normal 0 0 1
    outer loop
      vertex -32.2 17.4 2
      vertex -37.9 21.4 2
      vertex -37.9 12.4 2
    endloop
  endfacet
  facet normal 0 0 1
    outer loop
      vertex -32.2 17.4 2
      vertex -37.9 12.4 2
      vertex -35.1748 12.4 2
    endloop
  endfacet
  facet normal 0 0 1
    outer loop
      vertex -26.6318 12.9434 2
      vertex -28.1072 17 2
      vertex -27.4858 13.1425 2
    endloop
  endfacet
  facet normal -0 0 1
    outer loop
      vertex -28.4 16.7072 2
      vertex -27.4858 13.1425 2
      vertex -28.1072 17 2
    endloop
  endfacet
  facet normal 0 0 1
    outer loop
      vertex -27.4858 13.1425 2
      vertex -28.4 16.7072 2
      vertex -28.351 13.2854 2
    endloop
  endfacet
  facet normal -0 0 1
    outer loop
      vertex -28.8 16.6 2
      vertex -28.351 13.2854 2
      vertex -28.4 16.7072 2
    endloop
  endfacet
  facet normal 0 0 1
    outer loop
      vertex -29.2236 13.3713 2
      vertex -28.8 16.6 2
      vertex -29.2 16.7072 2
    endloop
  endfacet
  facet normal 0 0 1
    outer loop
      vertex -28.8 16.6 2
      vertex -29.2236 13.3713 2
      vertex -28.351 13.2854 2
    endloop
  endfacet
  facet normal 0 0 1
    outer loop
      vertex -30.7072 17 2
      vertex -29.4928 17 2
      vertex -30.6 17.4 2
    endloop
  endfacet
  facet normal -0 0 1
    outer loop
      vertex -30.6 17.4 2
      vertex -29.4928 17 2
      vertex -29.6 17.4 2
    endloop
  endfacet
  facet normal 0 0 1
    outer loop
      vertex -29.2 16.7072 2
      vertex -30.1 13.4 2
      vertex -29.2236 13.3713 2
    endloop
  endfacet
  facet normal 0 0 1
    outer loop
      vertex -31 16.7072 2
      vertex -29.2 16.7072 2
      vertex -30.7072 17 2
    endloop
  endfacet
  facet normal 0 0 1
    outer loop
      vertex -29.2 16.7072 2
      vertex -31 16.7072 2
      vertex -30.1 13.4 2
    endloop
  endfacet
  facet normal 0 0 1
    outer loop
      vertex -30.1 13.4 2
      vertex -31 16.7072 2
      vertex -30.9764 13.3713 2
    endloop
  endfacet
  facet normal -0 0 1
    outer loop
      vertex -31.4 16.6 2
      vertex -30.9764 13.3713 2
      vertex -31 16.7072 2
    endloop
  endfacet
  facet normal 0 0 1
    outer loop
      vertex -31.8491 13.2854 2
      vertex -31.4 16.6 2
      vertex -31.8 16.7072 2
    endloop
  endfacet
  facet normal 0 0 1
    outer loop
      vertex -31.4 16.6 2
      vertex -31.8491 13.2854 2
      vertex -30.9764 13.3713 2
    endloop
  endfacet
  facet normal 0 0 1
    outer loop
      vertex -32.7142 13.1425 2
      vertex -31.8 16.7072 2
      vertex -32.0928 17 2
    endloop
  endfacet
  facet normal 0 0 1
    outer loop
      vertex -34.4073 12.6889 2
      vertex -32.0928 17 2
      vertex -32.2 17.4 2
    endloop
  endfacet
  facet normal 0 0 1
    outer loop
      vertex -31.8 16.7072 2
      vertex -32.7142 13.1425 2
      vertex -31.8491 13.2854 2
    endloop
  endfacet
  facet normal 1 -0 0
    outer loop
      vertex -22.3 12.4 2
      vertex -22.3 21.4 0
      vertex -22.3 21.4 2
    endloop
  endfacet
  facet normal 1 0 0
    outer loop
      vertex -22.3 21.4 0
      vertex -22.3 12.4 2
      vertex -22.3 12.4 0
    endloop
  endfacet
  facet normal 0 1 -0
    outer loop
      vertex -22.3 21.4 0
      vertex -37.9 21.4 2
      vertex -22.3 21.4 2
    endloop
  endfacet
  facet normal 0 1 0
    outer loop
      vertex -37.9 21.4 2
      vertex -22.3 21.4 0
      vertex -37.9 21.4 0
    endloop
  endfacet
  facet normal 0 -1 0
    outer loop
      vertex -25.0252 12.4 0
      vertex -22.3 12.4 2
      vertex -25.0252 12.4 2
    endloop
  endfacet
  facet normal 0 -1 -0
    outer loop
      vertex -22.3 12.4 2
      vertex -25.0252 12.4 0
      vertex -22.3 12.4 0
    endloop
  endfacet
  facet normal 0 -1 0
    outer loop
      vertex -37.9 12.4 0
      vertex -35.1748 12.4 2
      vertex -37.9 12.4 2
    endloop
  endfacet
  facet normal 0 -1 -0
    outer loop
      vertex -35.1748 12.4 2
      vertex -37.9 12.4 0
      vertex -35.1748 12.4 0
    endloop
  endfacet
  facet normal -0.999462 -0.0327859 0
    outer loop
      vertex -19.1 0 2
      vertex -19.1236 0.719434 8
      vertex -19.1236 0.719434 2
    endloop
  endfacet
  facet normal -0.999462 -0.0327859 0
    outer loop
      vertex -19.1236 0.719434 8
      vertex -19.1 0 2
      vertex -19.1 0 8
    endloop
  endfacet
  facet normal 0.999462 -0.0327859 0
    outer loop
      vertex -41.1 0 8
      vertex -41.0764 0.719434 2
      vertex -41.0764 0.719434 8
    endloop
  endfacet
  facet normal 0.999462 -0.0327859 0
    outer loop
      vertex -41.0764 0.719434 2
      vertex -41.1 0 8
      vertex -41.1 0 2
    endloop
  endfacet
  facet normal -0.0327875 -0.999462 0
    outer loop
      vertex -30.1 11 0
      vertex -29.3806 10.9764 8
      vertex -30.1 11 8
    endloop
  endfacet
  facet normal -0.0327875 -0.999462 -0
    outer loop
      vertex -29.3806 10.9764 8
      vertex -30.1 11 0
      vertex -29.3806 10.9764 0
    endloop
  endfacet
  facet normal -0.729908 -0.683546 0
    outer loop
      vertex -21.8298 7.2528 0
      vertex -22.3218 7.77817 8
      vertex -22.3218 7.77817 0
    endloop
  endfacet
  facet normal -0.729908 -0.683546 0
    outer loop
      vertex -22.3218 7.77817 8
      vertex -21.8298 7.2528 0
      vertex -21.8298 7.2528 8
    endloop
  endfacet
  facet normal 0.683577 -0.729878 0
    outer loop
      vertex -37.8782 7.77817 0
      vertex -37.3528 8.27024 8
      vertex -37.8782 7.77817 8
    endloop
  endfacet
  facet normal 0.683577 -0.729878 0
    outer loop
      vertex -37.3528 8.27024 8
      vertex -37.8782 7.77817 0
      vertex -37.3528 8.27024 0
    endloop
  endfacet
  facet normal 0.973894 0.227004 0
    outer loop
      vertex -40.7252 -2.84701 8
      vertex -40.8886 -2.14599 2
      vertex -40.8886 -2.14599 8
    endloop
  endfacet
  facet normal 0.973894 0.227004 0
    outer loop
      vertex -40.8886 -2.14599 2
      vertex -40.7252 -2.84701 8
      vertex -40.7252 -2.84701 2
    endloop
  endfacet
  facet normal -0.910851 -0.412735 0
    outer loop
      vertex -19.9373 4.20952 0
      vertex -20.2344 4.86518 8
      vertex -20.2344 4.86518 0
    endloop
  endfacet
  facet normal -0.910851 -0.412735 0
    outer loop
      vertex -20.2344 4.86518 8
      vertex -19.9373 4.20952 0
      vertex -19.9373 4.20952 8
    endloop
  endfacet
  facet normal -0.412714 -0.910861 0
    outer loop
      vertex -25.8905 10.1627 0
      vertex -25.2348 9.8656 8
      vertex -25.8905 10.1627 8
    endloop
  endfacet
  facet normal -0.412714 -0.910861 -0
    outer loop
      vertex -25.2348 9.8656 8
      vertex -25.8905 10.1627 0
      vertex -25.2348 9.8656 0
    endloop
  endfacet
  facet normal 0.84921 -0.528056 0
    outer loop
      vertex -39.6263 5.5 8
      vertex -39.2462 6.11127 0
      vertex -39.2462 6.11127 8
    endloop
  endfacet
  facet normal 0.84921 -0.528056 0
    outer loop
      vertex -39.2462 6.11127 0
      vertex -39.6263 5.5 8
      vertex -39.6263 5.5 0
    endloop
  endfacet
  facet normal 0.772977 -0.634435 0
    outer loop
      vertex -38.8269 6.69637 8
      vertex -38.3702 7.2528 0
      vertex -38.3702 7.2528 8
    endloop
  endfacet
  facet normal 0.772977 -0.634435 0
    outer loop
      vertex -38.3702 7.2528 0
      vertex -38.8269 6.69637 8
      vertex -38.8269 6.69637 0
    endloop
  endfacet
  facet normal 0.162957 -0.986633 0
    outer loop
      vertex -32.246 10.7886 0
      vertex -31.5358 10.9059 8
      vertex -32.246 10.7886 8
    endloop
  endfacet
  facet normal 0.162957 -0.986633 0
    outer loop
      vertex -31.5358 10.9059 8
      vertex -32.246 10.7886 0
      vertex -31.5358 10.9059 0
    endloop
  endfacet
  facet normal -0.881932 0.471377 0
    outer loop
      vertex -20.5737 -5.5 0
      vertex -20.2344 -4.86518 8
      vertex -20.2344 -4.86518 0
    endloop
  endfacet
  facet normal -0.881932 0.471377 0
    outer loop
      vertex -20.2344 -4.86518 8
      vertex -20.5737 -5.5 0
      vertex -20.5737 -5.5 8
    endloop
  endfacet
  facet normal -0.22701 0.973892 0
    outer loop
      vertex -27.253 -10.6252 0
      vertex -27.954 -10.7886 8
      vertex -27.253 -10.6252 8
    endloop
  endfacet
  facet normal -0.22701 0.973892 0
    outer loop
      vertex -27.954 -10.7886 8
      vertex -27.253 -10.6252 0
      vertex -27.954 -10.7886 0
    endloop
  endfacet
  facet normal -0.683577 0.729878 0
    outer loop
      vertex -22.3218 -7.77817 0
      vertex -22.8472 -8.27024 8
      vertex -22.3218 -7.77817 8
    endloop
  endfacet
  facet normal -0.683577 0.729878 0
    outer loop
      vertex -22.8472 -8.27024 8
      vertex -22.3218 -7.77817 0
      vertex -22.8472 -8.27024 0
    endloop
  endfacet
  facet normal -0.772977 0.634435 0
    outer loop
      vertex -21.8298 -7.2528 0
      vertex -21.3731 -6.69637 8
      vertex -21.3731 -6.69637 0
    endloop
  endfacet
  facet normal -0.772977 0.634435 0
    outer loop
      vertex -21.3731 -6.69637 8
      vertex -21.8298 -7.2528 0
      vertex -21.8298 -7.2528 8
    endloop
  endfacet
  facet normal 0.352174 0.935935 -0
    outer loop
      vertex -33.6358 -10.4162 0
      vertex -34.3095 -10.1627 8
      vertex -33.6358 -10.4162 8
    endloop
  endfacet
  facet normal 0.352174 0.935935 0
    outer loop
      vertex -34.3095 -10.1627 8
      vertex -33.6358 -10.4162 0
      vertex -34.3095 -10.1627 0
    endloop
  endfacet
  facet normal 0.729908 0.683546 0
    outer loop
      vertex -37.8782 -7.77817 8
      vertex -38.3702 -7.2528 0
      vertex -38.3702 -7.2528 8
    endloop
  endfacet
  facet normal 0.729908 0.683546 0
    outer loop
      vertex -38.3702 -7.2528 0
      vertex -37.8782 -7.77817 8
      vertex -37.8782 -7.77817 0
    endloop
  endfacet
  facet normal -0.986633 -0.162957 0
    outer loop
      vertex -19.1941 1.43579 2
      vertex -19.3114 2.14599 8
      vertex -19.3114 2.14599 2
    endloop
  endfacet
  facet normal -0.986633 -0.162957 0
    outer loop
      vertex -19.3114 2.14599 8
      vertex -19.1941 1.43579 2
      vertex -19.1941 1.43579 8
    endloop
  endfacet
  facet normal -0.995192 -0.0979416 0
    outer loop
      vertex -19.1236 0.719434 2
      vertex -19.1941 1.43579 8
      vertex -19.1941 1.43579 2
    endloop
  endfacet
  facet normal -0.995192 -0.0979416 0
    outer loop
      vertex -19.1941 1.43579 8
      vertex -19.1236 0.719434 2
      vertex -19.1236 0.719434 8
    endloop
  endfacet
  facet normal -0.956912 -0.290379 -0
    outer loop
      vertex -19.5212 3 2
      vertex -19.6838 3.53583 0
      vertex -19.5212 3 0
    endloop
  endfacet
  facet normal -0.956912 -0.290379 0
    outer loop
      vertex -19.6838 3.53583 0
      vertex -19.5212 3 2
      vertex -19.6838 3.53583 8
    endloop
  endfacet
  facet normal -0.956956 -0.290233 -0
    outer loop
      vertex -19.4748 2.84701 8
      vertex -19.5212 3 2
      vertex -19.4748 2.84701 2
    endloop
  endfacet
  facet normal -0.956922 -0.290347 -3.16325e-06
    outer loop
      vertex -19.5212 3 2
      vertex -19.4748 2.84701 8
      vertex -19.6838 3.53583 8
    endloop
  endfacet
  facet normal -0.84921 -0.528056 0
    outer loop
      vertex -20.5737 5.5 0
      vertex -20.9538 6.11127 8
      vertex -20.9538 6.11127 0
    endloop
  endfacet
  facet normal -0.84921 -0.528056 0
    outer loop
      vertex -20.9538 6.11127 8
      vertex -20.5737 5.5 0
      vertex -20.5737 5.5 8
    endloop
  endfacet
  facet normal -0.881932 -0.471377 0
    outer loop
      vertex -20.2344 4.86518 0
      vertex -20.5737 5.5 8
      vertex -20.5737 5.5 0
    endloop
  endfacet
  facet normal -0.881932 -0.471377 0
    outer loop
      vertex -20.5737 5.5 8
      vertex -20.2344 4.86518 0
      vertex -20.2344 4.86518 8
    endloop
  endfacet
  facet normal -0.22701 -0.973892 0
    outer loop
      vertex -27.954 10.7886 0
      vertex -27.253 10.6252 8
      vertex -27.954 10.7886 8
    endloop
  endfacet
  facet normal -0.22701 -0.973892 -0
    outer loop
      vertex -27.253 10.6252 8
      vertex -27.954 10.7886 0
      vertex -27.253 10.6252 0
    endloop
  endfacet
  facet normal -0.290354 -0.956919 0
    outer loop
      vertex -27.253 10.6252 0
      vertex -26.5642 10.4162 8
      vertex -27.253 10.6252 8
    endloop
  endfacet
  facet normal -0.290354 -0.956919 -0
    outer loop
      vertex -26.5642 10.4162 8
      vertex -27.253 10.6252 0
      vertex -26.5642 10.4162 0
    endloop
  endfacet
  facet normal -0.162957 -0.986633 0
    outer loop
      vertex -28.6642 10.9059 0
      vertex -27.954 10.7886 8
      vertex -28.6642 10.9059 8
    endloop
  endfacet
  facet normal -0.162957 -0.986633 -0
    outer loop
      vertex -27.954 10.7886 8
      vertex -28.6642 10.9059 0
      vertex -27.954 10.7886 0
    endloop
  endfacet
  facet normal -0.683577 -0.729878 0
    outer loop
      vertex -22.8472 8.27024 0
      vertex -22.3218 7.77817 8
      vertex -22.8472 8.27024 8
    endloop
  endfacet
  facet normal -0.683577 -0.729878 -0
    outer loop
      vertex -22.3218 7.77817 8
      vertex -22.8472 8.27024 0
      vertex -22.3218 7.77817 0
    endloop
  endfacet
  facet normal 0.973894 -0.227004 0
    outer loop
      vertex -40.8886 2.14599 8
      vertex -40.7252 2.84701 2
      vertex -40.7252 2.84701 8
    endloop
  endfacet
  facet normal 0.973894 -0.227004 0
    outer loop
      vertex -40.7252 2.84701 2
      vertex -40.8886 2.14599 8
      vertex -40.8886 2.14599 2
    endloop
  endfacet
  facet normal 0.729908 -0.683546 0
    outer loop
      vertex -38.3702 7.2528 8
      vertex -37.8782 7.77817 0
      vertex -37.8782 7.77817 8
    endloop
  endfacet
  facet normal 0.729908 -0.683546 0
    outer loop
      vertex -37.8782 7.77817 0
      vertex -38.3702 7.2528 8
      vertex -38.3702 7.2528 0
    endloop
  endfacet
  facet normal 0.910851 -0.412735 0
    outer loop
      vertex -40.2627 4.20952 8
      vertex -39.9656 4.86518 0
      vertex -39.9656 4.86518 8
    endloop
  endfacet
  facet normal 0.910851 -0.412735 0
    outer loop
      vertex -39.9656 4.86518 0
      vertex -40.2627 4.20952 8
      vertex -40.2627 4.20952 0
    endloop
  endfacet
  facet normal 0.881932 -0.471377 0
    outer loop
      vertex -39.9656 4.86518 8
      vertex -39.6263 5.5 0
      vertex -39.6263 5.5 8
    endloop
  endfacet
  facet normal 0.881932 -0.471377 0
    outer loop
      vertex -39.6263 5.5 0
      vertex -39.9656 4.86518 8
      vertex -39.9656 4.86518 0
    endloop
  endfacet
  facet normal 0.956912 -0.290379 0
    outer loop
      vertex -40.5162 3.53583 8
      vertex -40.6788 3 2
      vertex -40.5162 3.53583 0
    endloop
  endfacet
  facet normal 0.956922 -0.290347 -3.16325e-06
    outer loop
      vertex -40.7252 2.84701 8
      vertex -40.6788 3 2
      vertex -40.5162 3.53583 8
    endloop
  endfacet
  facet normal 0.956956 -0.290233 0
    outer loop
      vertex -40.6788 3 2
      vertex -40.7252 2.84701 8
      vertex -40.7252 2.84701 2
    endloop
  endfacet
  facet normal 0.956912 -0.290379 0
    outer loop
      vertex -40.5162 3.53583 0
      vertex -40.6788 3 2
      vertex -40.6788 3 0
    endloop
  endfacet
  facet normal 0.986633 -0.162957 0
    outer loop
      vertex -41.0059 1.43579 8
      vertex -40.8886 2.14599 2
      vertex -40.8886 2.14599 8
    endloop
  endfacet
  facet normal 0.986633 -0.162957 0
    outer loop
      vertex -40.8886 2.14599 2
      vertex -41.0059 1.43579 8
      vertex -41.0059 1.43579 2
    endloop
  endfacet
  facet normal 0.47141 -0.881914 0
    outer loop
      vertex -35.6 9.52628 0
      vertex -34.9652 9.8656 8
      vertex -35.6 9.52628 8
    endloop
  endfacet
  facet normal 0.47141 -0.881914 0
    outer loop
      vertex -34.9652 9.8656 8
      vertex -35.6 9.52628 0
      vertex -34.9652 9.8656 0
    endloop
  endfacet
  facet normal 0.22701 -0.973892 0
    outer loop
      vertex -32.947 10.6252 0
      vertex -32.246 10.7886 8
      vertex -32.947 10.6252 8
    endloop
  endfacet
  facet normal 0.22701 -0.973892 0
    outer loop
      vertex -32.246 10.7886 8
      vertex -32.947 10.6252 0
      vertex -32.246 10.7886 0
    endloop
  endfacet
  facet normal 0.0979356 -0.995193 0
    outer loop
      vertex -31.5358 10.9059 0
      vertex -30.8194 10.9764 8
      vertex -31.5358 10.9059 8
    endloop
  endfacet
  facet normal 0.0979356 -0.995193 0
    outer loop
      vertex -30.8194 10.9764 8
      vertex -31.5358 10.9059 0
      vertex -30.8194 10.9764 0
    endloop
  endfacet
  facet normal -0.352174 0.935935 0
    outer loop
      vertex -25.8905 -10.1627 0
      vertex -26.5642 -10.4162 8
      vertex -25.8905 -10.1627 8
    endloop
  endfacet
  facet normal -0.352174 0.935935 0
    outer loop
      vertex -26.5642 -10.4162 8
      vertex -25.8905 -10.1627 0
      vertex -26.5642 -10.4162 0
    endloop
  endfacet
  facet normal -0.412714 0.910861 0
    outer loop
      vertex -25.2348 -9.8656 0
      vertex -25.8905 -10.1627 8
      vertex -25.2348 -9.8656 8
    endloop
  endfacet
  facet normal -0.412714 0.910861 0
    outer loop
      vertex -25.8905 -10.1627 8
      vertex -25.2348 -9.8656 0
      vertex -25.8905 -10.1627 0
    endloop
  endfacet
  facet normal -0.47141 0.881914 0
    outer loop
      vertex -24.6 -9.52628 0
      vertex -25.2348 -9.8656 8
      vertex -24.6 -9.52628 8
    endloop
  endfacet
  facet normal -0.47141 0.881914 0
    outer loop
      vertex -25.2348 -9.8656 8
      vertex -24.6 -9.52628 0
      vertex -25.2348 -9.8656 0
    endloop
  endfacet
  facet normal -0.935933 0.352178 0
    outer loop
      vertex -19.9373 -4.20952 0
      vertex -19.6838 -3.53583 8
      vertex -19.6838 -3.53583 0
    endloop
  endfacet
  facet normal -0.935933 0.352178 0
    outer loop
      vertex -19.6838 -3.53583 8
      vertex -19.9373 -4.20952 0
      vertex -19.9373 -4.20952 8
    endloop
  endfacet
  facet normal -0.956912 0.290379 0
    outer loop
      vertex -19.5212 -3 0
      vertex -19.6838 -3.53583 0
      vertex -19.5212 -3 2
    endloop
  endfacet
  facet normal -0.956956 0.290233 0
    outer loop
      vertex -19.5212 -3 2
      vertex -19.4748 -2.84701 8
      vertex -19.4748 -2.84701 2
    endloop
  endfacet
  facet normal -0.956912 0.290379 0
    outer loop
      vertex -19.6838 -3.53583 8
      vertex -19.5212 -3 2
      vertex -19.6838 -3.53583 0
    endloop
  endfacet
  facet normal -0.956922 0.290347 -3.16325e-06
    outer loop
      vertex -19.5212 -3 2
      vertex -19.6838 -3.53583 8
      vertex -19.4748 -2.84701 8
    endloop
  endfacet
  facet normal -0.973894 0.227004 0
    outer loop
      vertex -19.4748 -2.84701 2
      vertex -19.3114 -2.14599 8
      vertex -19.3114 -2.14599 2
    endloop
  endfacet
  facet normal -0.973894 0.227004 0
    outer loop
      vertex -19.3114 -2.14599 8
      vertex -19.4748 -2.84701 2
      vertex -19.4748 -2.84701 8
    endloop
  endfacet
  facet normal -0.995192 0.0979416 0
    outer loop
      vertex -19.1941 -1.43579 2
      vertex -19.1236 -0.719434 8
      vertex -19.1236 -0.719434 2
    endloop
  endfacet
  facet normal -0.995192 0.0979416 0
    outer loop
      vertex -19.1236 -0.719434 8
      vertex -19.1941 -1.43579 2
      vertex -19.1941 -1.43579 8
    endloop
  endfacet
  facet normal 0.683577 0.729878 -0
    outer loop
      vertex -37.3528 -8.27024 0
      vertex -37.8782 -7.77817 8
      vertex -37.3528 -8.27024 8
    endloop
  endfacet
  facet normal 0.683577 0.729878 0
    outer loop
      vertex -37.8782 -7.77817 8
      vertex -37.3528 -8.27024 0
      vertex -37.8782 -7.77817 0
    endloop
  endfacet
  facet normal 0.634413 0.772994 -0
    outer loop
      vertex -36.7964 -8.72689 0
      vertex -37.3528 -8.27024 8
      vertex -36.7964 -8.72689 8
    endloop
  endfacet
  facet normal 0.634413 0.772994 0
    outer loop
      vertex -37.3528 -8.27024 8
      vertex -36.7964 -8.72689 0
      vertex -37.3528 -8.27024 0
    endloop
  endfacet
  facet normal 0.162957 0.986633 -0
    outer loop
      vertex -31.5358 -10.9059 0
      vertex -32.246 -10.7886 8
      vertex -31.5358 -10.9059 8
    endloop
  endfacet
  facet normal 0.162957 0.986633 0
    outer loop
      vertex -32.246 -10.7886 8
      vertex -31.5358 -10.9059 0
      vertex -32.246 -10.7886 0
    endloop
  endfacet
  facet normal 0.910851 0.412735 0
    outer loop
      vertex -39.9656 -4.86518 8
      vertex -40.2627 -4.20952 0
      vertex -40.2627 -4.20952 8
    endloop
  endfacet
  facet normal 0.910851 0.412735 0
    outer loop
      vertex -40.2627 -4.20952 0
      vertex -39.9656 -4.86518 8
      vertex -39.9656 -4.86518 0
    endloop
  endfacet
  facet normal 0.956956 0.290233 0
    outer loop
      vertex -40.7252 -2.84701 8
      vertex -40.6788 -3 2
      vertex -40.7252 -2.84701 2
    endloop
  endfacet
  facet normal 0.956922 0.290347 -3.16325e-06
    outer loop
      vertex -40.5162 -3.53583 8
      vertex -40.6788 -3 2
      vertex -40.7252 -2.84701 8
    endloop
  endfacet
  facet normal 0.956912 0.290379 -0
    outer loop
      vertex -40.5162 -3.53583 0
      vertex -40.6788 -3 2
      vertex -40.5162 -3.53583 8
    endloop
  endfacet
  facet normal 0.956912 0.290379 0
    outer loop
      vertex -40.6788 -3 2
      vertex -40.5162 -3.53583 0
      vertex -40.6788 -3 0
    endloop
  endfacet
  facet normal -0.973894 -0.227004 0
    outer loop
      vertex -19.3114 2.14599 2
      vertex -19.4748 2.84701 8
      vertex -19.4748 2.84701 2
    endloop
  endfacet
  facet normal -0.973894 -0.227004 0
    outer loop
      vertex -19.4748 2.84701 8
      vertex -19.3114 2.14599 2
      vertex -19.3114 2.14599 8
    endloop
  endfacet
  facet normal -0.812831 -0.582499 0
    outer loop
      vertex -20.9538 6.11127 0
      vertex -21.3731 6.69637 8
      vertex -21.3731 6.69637 0
    endloop
  endfacet
  facet normal -0.812831 -0.582499 0
    outer loop
      vertex -21.3731 6.69637 8
      vertex -20.9538 6.11127 0
      vertex -20.9538 6.11127 8
    endloop
  endfacet
  facet normal -0.772977 -0.634435 0
    outer loop
      vertex -21.3731 6.69637 0
      vertex -21.8298 7.2528 8
      vertex -21.8298 7.2528 0
    endloop
  endfacet
  facet normal -0.772977 -0.634435 0
    outer loop
      vertex -21.8298 7.2528 8
      vertex -21.3731 6.69637 0
      vertex -21.3731 6.69637 8
    endloop
  endfacet
  facet normal -0.0979356 -0.995193 0
    outer loop
      vertex -29.3806 10.9764 0
      vertex -28.6642 10.9059 8
      vertex -29.3806 10.9764 8
    endloop
  endfacet
  facet normal -0.0979356 -0.995193 -0
    outer loop
      vertex -28.6642 10.9059 8
      vertex -29.3806 10.9764 0
      vertex -28.6642 10.9059 0
    endloop
  endfacet
  facet normal -0.528057 -0.849209 0
    outer loop
      vertex -24.6 9.52628 0
      vertex -23.9887 9.14616 8
      vertex -24.6 9.52628 8
    endloop
  endfacet
  facet normal -0.528057 -0.849209 -0
    outer loop
      vertex -23.9887 9.14616 8
      vertex -24.6 9.52628 0
      vertex -23.9887 9.14616 0
    endloop
  endfacet
  facet normal -0.47141 -0.881914 0
    outer loop
      vertex -25.2348 9.8656 0
      vertex -24.6 9.52628 8
      vertex -25.2348 9.8656 8
    endloop
  endfacet
  facet normal -0.47141 -0.881914 -0
    outer loop
      vertex -24.6 9.52628 8
      vertex -25.2348 9.8656 0
      vertex -24.6 9.52628 0
    endloop
  endfacet
  facet normal -0.582472 -0.812851 0
    outer loop
      vertex -23.9887 9.14616 0
      vertex -23.4036 8.72689 8
      vertex -23.9887 9.14616 8
    endloop
  endfacet
  facet normal -0.582472 -0.812851 -0
    outer loop
      vertex -23.4036 8.72689 8
      vertex -23.9887 9.14616 0
      vertex -23.4036 8.72689 0
    endloop
  endfacet
  facet normal 0.995192 -0.0979416 0
    outer loop
      vertex -41.0764 0.719434 8
      vertex -41.0059 1.43579 2
      vertex -41.0059 1.43579 8
    endloop
  endfacet
  facet normal 0.995192 -0.0979416 0
    outer loop
      vertex -41.0059 1.43579 2
      vertex -41.0764 0.719434 8
      vertex -41.0764 0.719434 2
    endloop
  endfacet
  facet normal 0.582472 -0.812851 0
    outer loop
      vertex -36.7964 8.72689 0
      vertex -36.2113 9.14616 8
      vertex -36.7964 8.72689 8
    endloop
  endfacet
  facet normal 0.582472 -0.812851 0
    outer loop
      vertex -36.2113 9.14616 8
      vertex -36.7964 8.72689 0
      vertex -36.2113 9.14616 0
    endloop
  endfacet
  facet normal 0.412714 -0.910861 0
    outer loop
      vertex -34.9652 9.8656 0
      vertex -34.3095 10.1627 8
      vertex -34.9652 9.8656 8
    endloop
  endfacet
  facet normal 0.412714 -0.910861 0
    outer loop
      vertex -34.3095 10.1627 8
      vertex -34.9652 9.8656 0
      vertex -34.3095 10.1627 0
    endloop
  endfacet
  facet normal 0.528057 -0.849209 0
    outer loop
      vertex -36.2113 9.14616 0
      vertex -35.6 9.52628 8
      vertex -36.2113 9.14616 8
    endloop
  endfacet
  facet normal 0.528057 -0.849209 0
    outer loop
      vertex -35.6 9.52628 8
      vertex -36.2113 9.14616 0
      vertex -35.6 9.52628 0
    endloop
  endfacet
  facet normal 0.634413 -0.772994 0
    outer loop
      vertex -37.3528 8.27024 0
      vertex -36.7964 8.72689 8
      vertex -37.3528 8.27024 8
    endloop
  endfacet
  facet normal 0.634413 -0.772994 0
    outer loop
      vertex -36.7964 8.72689 8
      vertex -37.3528 8.27024 0
      vertex -36.7964 8.72689 0
    endloop
  endfacet
  facet normal 0.352174 -0.935935 0
    outer loop
      vertex -34.3095 10.1627 0
      vertex -33.6358 10.4162 8
      vertex -34.3095 10.1627 8
    endloop
  endfacet
  facet normal 0.352174 -0.935935 0
    outer loop
      vertex -33.6358 10.4162 8
      vertex -34.3095 10.1627 0
      vertex -33.6358 10.4162 0
    endloop
  endfacet
  facet normal 0.0327875 -0.999462 0
    outer loop
      vertex -30.8194 10.9764 0
      vertex -30.1 11 8
      vertex -30.8194 10.9764 8
    endloop
  endfacet
  facet normal 0.0327875 -0.999462 0
    outer loop
      vertex -30.1 11 8
      vertex -30.8194 10.9764 0
      vertex -30.1 11 0
    endloop
  endfacet
  facet normal -0.999462 0.0327859 0
    outer loop
      vertex -19.1236 -0.719434 2
      vertex -19.1 0 8
      vertex -19.1 0 2
    endloop
  endfacet
  facet normal -0.999462 0.0327859 0
    outer loop
      vertex -19.1 0 8
      vertex -19.1236 -0.719434 2
      vertex -19.1236 -0.719434 8
    endloop
  endfacet
  facet normal -0.0327875 0.999462 0
    outer loop
      vertex -29.3806 -10.9764 0
      vertex -30.1 -11 8
      vertex -29.3806 -10.9764 8
    endloop
  endfacet
  facet normal -0.0327875 0.999462 0
    outer loop
      vertex -30.1 -11 8
      vertex -29.3806 -10.9764 0
      vertex -30.1 -11 0
    endloop
  endfacet
  facet normal -0.162957 0.986633 0
    outer loop
      vertex -27.954 -10.7886 0
      vertex -28.6642 -10.9059 8
      vertex -27.954 -10.7886 8
    endloop
  endfacet
  facet normal -0.162957 0.986633 0
    outer loop
      vertex -28.6642 -10.9059 8
      vertex -27.954 -10.7886 0
      vertex -28.6642 -10.9059 0
    endloop
  endfacet
  facet normal -0.290354 0.956919 0
    outer loop
      vertex -26.5642 -10.4162 0
      vertex -27.253 -10.6252 8
      vertex -26.5642 -10.4162 8
    endloop
  endfacet
  facet normal -0.290354 0.956919 0
    outer loop
      vertex -27.253 -10.6252 8
      vertex -26.5642 -10.4162 0
      vertex -27.253 -10.6252 0
    endloop
  endfacet
  facet normal -0.582472 0.812851 0
    outer loop
      vertex -23.4036 -8.72689 0
      vertex -23.9887 -9.14616 8
      vertex -23.4036 -8.72689 8
    endloop
  endfacet
  facet normal -0.582472 0.812851 0
    outer loop
      vertex -23.9887 -9.14616 8
      vertex -23.4036 -8.72689 0
      vertex -23.9887 -9.14616 0
    endloop
  endfacet
  facet normal -0.634413 0.772994 0
    outer loop
      vertex -22.8472 -8.27024 0
      vertex -23.4036 -8.72689 8
      vertex -22.8472 -8.27024 8
    endloop
  endfacet
  facet normal -0.634413 0.772994 0
    outer loop
      vertex -23.4036 -8.72689 8
      vertex -22.8472 -8.27024 0
      vertex -23.4036 -8.72689 0
    endloop
  endfacet
  facet normal -0.729908 0.683546 0
    outer loop
      vertex -22.3218 -7.77817 0
      vertex -21.8298 -7.2528 8
      vertex -21.8298 -7.2528 0
    endloop
  endfacet
  facet normal -0.729908 0.683546 0
    outer loop
      vertex -21.8298 -7.2528 8
      vertex -22.3218 -7.77817 0
      vertex -22.3218 -7.77817 8
    endloop
  endfacet
  facet normal -0.910851 0.412735 0
    outer loop
      vertex -20.2344 -4.86518 0
      vertex -19.9373 -4.20952 8
      vertex -19.9373 -4.20952 0
    endloop
  endfacet
  facet normal -0.910851 0.412735 0
    outer loop
      vertex -19.9373 -4.20952 8
      vertex -20.2344 -4.86518 0
      vertex -20.2344 -4.86518 8
    endloop
  endfacet
  facet normal 0.528057 0.849209 -0
    outer loop
      vertex -35.6 -9.52628 0
      vertex -36.2113 -9.14616 8
      vertex -35.6 -9.52628 8
    endloop
  endfacet
  facet normal 0.528057 0.849209 0
    outer loop
      vertex -36.2113 -9.14616 8
      vertex -35.6 -9.52628 0
      vertex -36.2113 -9.14616 0
    endloop
  endfacet
  facet normal 0.412714 0.910861 -0
    outer loop
      vertex -34.3095 -10.1627 0
      vertex -34.9652 -9.8656 8
      vertex -34.3095 -10.1627 8
    endloop
  endfacet
  facet normal 0.412714 0.910861 0
    outer loop
      vertex -34.9652 -9.8656 8
      vertex -34.3095 -10.1627 0
      vertex -34.9652 -9.8656 0
    endloop
  endfacet
  facet normal 0.47141 0.881914 -0
    outer loop
      vertex -34.9652 -9.8656 0
      vertex -35.6 -9.52628 8
      vertex -34.9652 -9.8656 8
    endloop
  endfacet
  facet normal 0.47141 0.881914 0
    outer loop
      vertex -35.6 -9.52628 8
      vertex -34.9652 -9.8656 0
      vertex -35.6 -9.52628 0
    endloop
  endfacet
  facet normal 0.290354 0.956919 -0
    outer loop
      vertex -32.947 -10.6252 0
      vertex -33.6358 -10.4162 8
      vertex -32.947 -10.6252 8
    endloop
  endfacet
  facet normal 0.290354 0.956919 0
    outer loop
      vertex -33.6358 -10.4162 8
      vertex -32.947 -10.6252 0
      vertex -33.6358 -10.4162 0
    endloop
  endfacet
  facet normal 0.22701 0.973892 -0
    outer loop
      vertex -32.246 -10.7886 0
      vertex -32.947 -10.6252 8
      vertex -32.246 -10.7886 8
    endloop
  endfacet
  facet normal 0.22701 0.973892 0
    outer loop
      vertex -32.947 -10.6252 8
      vertex -32.246 -10.7886 0
      vertex -32.947 -10.6252 0
    endloop
  endfacet
  facet normal 0.0979356 0.995193 -0
    outer loop
      vertex -30.8194 -10.9764 0
      vertex -31.5358 -10.9059 8
      vertex -30.8194 -10.9764 8
    endloop
  endfacet
  facet normal 0.0979356 0.995193 0
    outer loop
      vertex -31.5358 -10.9059 8
      vertex -30.8194 -10.9764 0
      vertex -31.5358 -10.9059 0
    endloop
  endfacet
  facet normal 0.881932 0.471377 0
    outer loop
      vertex -39.6263 -5.5 8
      vertex -39.9656 -4.86518 0
      vertex -39.9656 -4.86518 8
    endloop
  endfacet
  facet normal 0.881932 0.471377 0
    outer loop
      vertex -39.9656 -4.86518 0
      vertex -39.6263 -5.5 8
      vertex -39.6263 -5.5 0
    endloop
  endfacet
  facet normal 0.812831 0.582499 0
    outer loop
      vertex -38.8269 -6.69637 8
      vertex -39.2462 -6.11127 0
      vertex -39.2462 -6.11127 8
    endloop
  endfacet
  facet normal 0.812831 0.582499 0
    outer loop
      vertex -39.2462 -6.11127 0
      vertex -38.8269 -6.69637 8
      vertex -38.8269 -6.69637 0
    endloop
  endfacet
  facet normal 0.986633 0.162957 0
    outer loop
      vertex -40.8886 -2.14599 8
      vertex -41.0059 -1.43579 2
      vertex -41.0059 -1.43579 8
    endloop
  endfacet
  facet normal 0.986633 0.162957 0
    outer loop
      vertex -41.0059 -1.43579 2
      vertex -40.8886 -2.14599 8
      vertex -40.8886 -2.14599 2
    endloop
  endfacet
  facet normal 0.999462 0.0327859 0
    outer loop
      vertex -41.0764 -0.719434 8
      vertex -41.1 0 2
      vertex -41.1 0 8
    endloop
  endfacet
  facet normal 0.999462 0.0327859 0
    outer loop
      vertex -41.1 0 2
      vertex -41.0764 -0.719434 8
      vertex -41.0764 -0.719434 2
    endloop
  endfacet
  facet normal -0.935933 -0.352178 0
    outer loop
      vertex -19.6838 3.53583 0
      vertex -19.9373 4.20952 8
      vertex -19.9373 4.20952 0
    endloop
  endfacet
  facet normal -0.935933 -0.352178 0
    outer loop
      vertex -19.9373 4.20952 8
      vertex -19.6838 3.53583 0
      vertex -19.6838 3.53583 8
    endloop
  endfacet
  facet normal -0.352174 -0.935935 0
    outer loop
      vertex -26.5642 10.4162 0
      vertex -25.8905 10.1627 8
      vertex -26.5642 10.4162 8
    endloop
  endfacet
  facet normal -0.352174 -0.935935 -0
    outer loop
      vertex -25.8905 10.1627 8
      vertex -26.5642 10.4162 0
      vertex -25.8905 10.1627 0
    endloop
  endfacet
  facet normal -0.634413 -0.772994 0
    outer loop
      vertex -23.4036 8.72689 0
      vertex -22.8472 8.27024 8
      vertex -23.4036 8.72689 8
    endloop
  endfacet
  facet normal -0.634413 -0.772994 -0
    outer loop
      vertex -22.8472 8.27024 8
      vertex -23.4036 8.72689 0
      vertex -22.8472 8.27024 0
    endloop
  endfacet
  facet normal 0.812831 -0.582499 0
    outer loop
      vertex -39.2462 6.11127 8
      vertex -38.8269 6.69637 0
      vertex -38.8269 6.69637 8
    endloop
  endfacet
  facet normal 0.812831 -0.582499 0
    outer loop
      vertex -38.8269 6.69637 0
      vertex -39.2462 6.11127 8
      vertex -39.2462 6.11127 0
    endloop
  endfacet
  facet normal 0.935933 -0.352178 0
    outer loop
      vertex -40.5162 3.53583 8
      vertex -40.2627 4.20952 0
      vertex -40.2627 4.20952 8
    endloop
  endfacet
  facet normal 0.935933 -0.352178 0
    outer loop
      vertex -40.2627 4.20952 0
      vertex -40.5162 3.53583 8
      vertex -40.5162 3.53583 0
    endloop
  endfacet
  facet normal 0.290354 -0.956919 0
    outer loop
      vertex -33.6358 10.4162 0
      vertex -32.947 10.6252 8
      vertex -33.6358 10.4162 8
    endloop
  endfacet
  facet normal 0.290354 -0.956919 0
    outer loop
      vertex -32.947 10.6252 8
      vertex -33.6358 10.4162 0
      vertex -32.947 10.6252 0
    endloop
  endfacet
  facet normal -0.0979356 0.995193 0
    outer loop
      vertex -28.6642 -10.9059 0
      vertex -29.3806 -10.9764 8
      vertex -28.6642 -10.9059 8
    endloop
  endfacet
  facet normal -0.0979356 0.995193 0
    outer loop
      vertex -29.3806 -10.9764 8
      vertex -28.6642 -10.9059 0
      vertex -29.3806 -10.9764 0
    endloop
  endfacet
  facet normal -0.528057 0.849209 0
    outer loop
      vertex -23.9887 -9.14616 0
      vertex -24.6 -9.52628 8
      vertex -23.9887 -9.14616 8
    endloop
  endfacet
  facet normal -0.528057 0.849209 0
    outer loop
      vertex -24.6 -9.52628 8
      vertex -23.9887 -9.14616 0
      vertex -24.6 -9.52628 0
    endloop
  endfacet
  facet normal -0.84921 0.528056 0
    outer loop
      vertex -20.9538 -6.11127 0
      vertex -20.5737 -5.5 8
      vertex -20.5737 -5.5 0
    endloop
  endfacet
  facet normal -0.84921 0.528056 0
    outer loop
      vertex -20.5737 -5.5 8
      vertex -20.9538 -6.11127 0
      vertex -20.9538 -6.11127 8
    endloop
  endfacet
  facet normal -0.986633 0.162957 0
    outer loop
      vertex -19.3114 -2.14599 2
      vertex -19.1941 -1.43579 8
      vertex -19.1941 -1.43579 2
    endloop
  endfacet
  facet normal -0.986633 0.162957 0
    outer loop
      vertex -19.1941 -1.43579 8
      vertex -19.3114 -2.14599 2
      vertex -19.3114 -2.14599 8
    endloop
  endfacet
  facet normal 0.582472 0.812851 -0
    outer loop
      vertex -36.2113 -9.14616 0
      vertex -36.7964 -8.72689 8
      vertex -36.2113 -9.14616 8
    endloop
  endfacet
  facet normal 0.582472 0.812851 0
    outer loop
      vertex -36.7964 -8.72689 8
      vertex -36.2113 -9.14616 0
      vertex -36.7964 -8.72689 0
    endloop
  endfacet
  facet normal 0.0327875 0.999462 -0
    outer loop
      vertex -30.1 -11 0
      vertex -30.8194 -10.9764 8
      vertex -30.1 -11 8
    endloop
  endfacet
  facet normal 0.0327875 0.999462 0
    outer loop
      vertex -30.8194 -10.9764 8
      vertex -30.1 -11 0
      vertex -30.8194 -10.9764 0
    endloop
  endfacet
  facet normal 0.84921 0.528056 0
    outer loop
      vertex -39.2462 -6.11127 8
      vertex -39.6263 -5.5 0
      vertex -39.6263 -5.5 8
    endloop
  endfacet
  facet normal 0.84921 0.528056 0
    outer loop
      vertex -39.6263 -5.5 0
      vertex -39.2462 -6.11127 8
      vertex -39.2462 -6.11127 0
    endloop
  endfacet
  facet normal 0.772977 0.634435 0
    outer loop
      vertex -38.3702 -7.2528 8
      vertex -38.8269 -6.69637 0
      vertex -38.8269 -6.69637 8
    endloop
  endfacet
  facet normal 0.772977 0.634435 0
    outer loop
      vertex -38.8269 -6.69637 0
      vertex -38.3702 -7.2528 8
      vertex -38.3702 -7.2528 0
    endloop
  endfacet
  facet normal 0.935933 0.352178 0
    outer loop
      vertex -40.2627 -4.20952 8
      vertex -40.5162 -3.53583 0
      vertex -40.5162 -3.53583 8
    endloop
  endfacet
  facet normal 0.935933 0.352178 0
    outer loop
      vertex -40.5162 -3.53583 0
      vertex -40.2627 -4.20952 8
      vertex -40.2627 -4.20952 0
    endloop
  endfacet
  facet normal 0.995192 0.0979416 0
    outer loop
      vertex -41.0059 -1.43579 8
      vertex -41.0764 -0.719434 2
      vertex -41.0764 -0.719434 8
    endloop
  endfacet
  facet normal 0.995192 0.0979416 0
    outer loop
      vertex -41.0764 -0.719434 2
      vertex -41.0059 -1.43579 8
      vertex -41.0059 -1.43579 2
    endloop
  endfacet
  facet normal -0.812831 0.582499 0
    outer loop
      vertex -21.3731 -6.69637 0
      vertex -20.9538 -6.11127 8
      vertex -20.9538 -6.11127 0
    endloop
  endfacet
  facet normal -0.812831 0.582499 0
    outer loop
      vertex -20.9538 -6.11127 8
      vertex -21.3731 -6.69637 0
      vertex -21.3731 -6.69637 8
    endloop
  endfacet
  facet normal 0.965914 0.258865 0
    outer loop
      vertex -30.6 17.4 2.6
      vertex -30.7072 17.8 2
      vertex -30.7072 17.8 2.6
    endloop
  endfacet
  facet normal 0.965914 0.258865 0
    outer loop
      vertex -30.7072 17.8 2
      vertex -30.6 17.4 2.6
      vertex -30.6 17.4 2
    endloop
  endfacet
  facet normal -0.965914 0.258865 0
    outer loop
      vertex -32.2 17.4 2
      vertex -32.0928 17.8 2.6
      vertex -32.0928 17.8 2
    endloop
  endfacet
  facet normal -0.965914 0.258865 0
    outer loop
      vertex -32.0928 17.8 2.6
      vertex -32.2 17.4 2
      vertex -32.2 17.4 2.6
    endloop
  endfacet
  facet normal -0.258865 0.965914 0
    outer loop
      vertex -31.4 18.2 2
      vertex -31.8 18.0928 2.6
      vertex -31.4 18.2 2.6
    endloop
  endfacet
  facet normal -0.258865 0.965914 0
    outer loop
      vertex -31.8 18.0928 2.6
      vertex -31.4 18.2 2
      vertex -31.8 18.0928 2
    endloop
  endfacet
  facet normal 0.707107 0.707107 0
    outer loop
      vertex -30.7072 17.8 2.6
      vertex -31 18.0928 2
      vertex -31 18.0928 2.6
    endloop
  endfacet
  facet normal 0.707107 0.707107 0
    outer loop
      vertex -31 18.0928 2
      vertex -30.7072 17.8 2.6
      vertex -30.7072 17.8 2
    endloop
  endfacet
  facet normal 0 0 1
    outer loop
      vertex -30.7072 17.8 2.6
      vertex -30.7072 17 2.6
      vertex -30.6 17.4 2.6
    endloop
  endfacet
  facet normal 0 0 1
    outer loop
      vertex -31 18.0928 2.6
      vertex -30.7072 17 2.6
      vertex -30.7072 17.8 2.6
    endloop
  endfacet
  facet normal 0 0 1
    outer loop
      vertex -31 18.0928 2.6
      vertex -31 16.7072 2.6
      vertex -30.7072 17 2.6
    endloop
  endfacet
  facet normal 0 0 1
    outer loop
      vertex -31.4 18.2 2.6
      vertex -31 16.7072 2.6
      vertex -31 18.0928 2.6
    endloop
  endfacet
  facet normal 0 0 1
    outer loop
      vertex -31.4 18.2 2.6
      vertex -31.4 16.6 2.6
      vertex -31 16.7072 2.6
    endloop
  endfacet
  facet normal -0 0 1
    outer loop
      vertex -31.8 18.0928 2.6
      vertex -31.4 16.6 2.6
      vertex -31.4 18.2 2.6
    endloop
  endfacet
  facet normal 0 0 1
    outer loop
      vertex -31.8 18.0928 2.6
      vertex -31.8 16.7072 2.6
      vertex -31.4 16.6 2.6
    endloop
  endfacet
  facet normal -0 0 1
    outer loop
      vertex -32.0928 17.8 2.6
      vertex -31.8 16.7072 2.6
      vertex -31.8 18.0928 2.6
    endloop
  endfacet
  facet normal 0 0 1
    outer loop
      vertex -32.0928 17.8 2.6
      vertex -32.0928 17 2.6
      vertex -31.8 16.7072 2.6
    endloop
  endfacet
  facet normal 0 -0 1
    outer loop
      vertex -32.0928 17 2.6
      vertex -32.0928 17.8 2.6
      vertex -32.2 17.4 2.6
    endloop
  endfacet
  facet normal -0.707107 0.707107 0
    outer loop
      vertex -32.0928 17.8 2
      vertex -31.8 18.0928 2.6
      vertex -31.8 18.0928 2
    endloop
  endfacet
  facet normal -0.707107 0.707107 0
    outer loop
      vertex -31.8 18.0928 2.6
      vertex -32.0928 17.8 2
      vertex -32.0928 17.8 2.6
    endloop
  endfacet
  facet normal 0.258865 -0.965914 0
    outer loop
      vertex -31.4 16.6 2
      vertex -31 16.7072 2.6
      vertex -31.4 16.6 2.6
    endloop
  endfacet
  facet normal 0.258865 -0.965914 0
    outer loop
      vertex -31 16.7072 2.6
      vertex -31.4 16.6 2
      vertex -31 16.7072 2
    endloop
  endfacet
  facet normal 0.258865 0.965914 -0
    outer loop
      vertex -31 18.0928 2
      vertex -31.4 18.2 2.6
      vertex -31 18.0928 2.6
    endloop
  endfacet
  facet normal 0.258865 0.965914 0
    outer loop
      vertex -31.4 18.2 2.6
      vertex -31 18.0928 2
      vertex -31.4 18.2 2
    endloop
  endfacet
  facet normal 0.965914 -0.258865 0
    outer loop
      vertex -30.7072 17 2.6
      vertex -30.6 17.4 2
      vertex -30.6 17.4 2.6
    endloop
  endfacet
  facet normal 0.965914 -0.258865 0
    outer loop
      vertex -30.6 17.4 2
      vertex -30.7072 17 2.6
      vertex -30.7072 17 2
    endloop
  endfacet
  facet normal -0.258865 -0.965914 0
    outer loop
      vertex -31.8 16.7072 2
      vertex -31.4 16.6 2.6
      vertex -31.8 16.7072 2.6
    endloop
  endfacet
  facet normal -0.258865 -0.965914 -0
    outer loop
      vertex -31.4 16.6 2.6
      vertex -31.8 16.7072 2
      vertex -31.4 16.6 2
    endloop
  endfacet
  facet normal -0.965914 -0.258865 0
    outer loop
      vertex -32.0928 17 2
      vertex -32.2 17.4 2.6
      vertex -32.2 17.4 2
    endloop
  endfacet
  facet normal -0.965914 -0.258865 0
    outer loop
      vertex -32.2 17.4 2.6
      vertex -32.0928 17 2
      vertex -32.0928 17 2.6
    endloop
  endfacet
  facet normal 0.707107 -0.707107 0
    outer loop
      vertex -31 16.7072 2.6
      vertex -30.7072 17 2
      vertex -30.7072 17 2.6
    endloop
  endfacet
  facet normal 0.707107 -0.707107 0
    outer loop
      vertex -30.7072 17 2
      vertex -31 16.7072 2.6
      vertex -31 16.7072 2
    endloop
  endfacet
  facet normal -0.707107 -0.707107 0
    outer loop
      vertex -31.8 16.7072 2
      vertex -32.0928 17 2.6
      vertex -32.0928 17 2
    endloop
  endfacet
  facet normal -0.707107 -0.707107 0
    outer loop
      vertex -32.0928 17 2.6
      vertex -31.8 16.7072 2
      vertex -31.8 16.7072 2.6
    endloop
  endfacet
  facet normal 0.965914 0.258865 0
    outer loop
      vertex -28 17.4 2.6
      vertex -28.1072 17.8 2
      vertex -28.1072 17.8 2.6
    endloop
  endfacet
  facet normal 0.965914 0.258865 0
    outer loop
      vertex -28.1072 17.8 2
      vertex -28 17.4 2.6
      vertex -28 17.4 2
    endloop
  endfacet
  facet normal -0.965914 0.258865 0
    outer loop
      vertex -29.6 17.4 2
      vertex -29.4928 17.8 2.6
      vertex -29.4928 17.8 2
    endloop
  endfacet
  facet normal -0.965914 0.258865 0
    outer loop
      vertex -29.4928 17.8 2.6
      vertex -29.6 17.4 2
      vertex -29.6 17.4 2.6
    endloop
  endfacet
  facet normal 0.258865 0.965914 -0
    outer loop
      vertex -28.4 18.0928 2
      vertex -28.8 18.2 2.6
      vertex -28.4 18.0928 2.6
    endloop
  endfacet
  facet normal 0.258865 0.965914 0
    outer loop
      vertex -28.8 18.2 2.6
      vertex -28.4 18.0928 2
      vertex -28.8 18.2 2
    endloop
  endfacet
  facet normal 0.707107 0.707107 0
    outer loop
      vertex -28.1072 17.8 2.6
      vertex -28.4 18.0928 2
      vertex -28.4 18.0928 2.6
    endloop
  endfacet
  facet normal 0.707107 0.707107 0
    outer loop
      vertex -28.4 18.0928 2
      vertex -28.1072 17.8 2.6
      vertex -28.1072 17.8 2
    endloop
  endfacet
  facet normal -0.258865 0.965914 0
    outer loop
      vertex -28.8 18.2 2
      vertex -29.2 18.0928 2.6
      vertex -28.8 18.2 2.6
    endloop
  endfacet
  facet normal -0.258865 0.965914 0
    outer loop
      vertex -29.2 18.0928 2.6
      vertex -28.8 18.2 2
      vertex -29.2 18.0928 2
    endloop
  endfacet
  facet normal 0.258865 -0.965914 0
    outer loop
      vertex -28.8 16.6 2
      vertex -28.4 16.7072 2.6
      vertex -28.8 16.6 2.6
    endloop
  endfacet
  facet normal 0.258865 -0.965914 0
    outer loop
      vertex -28.4 16.7072 2.6
      vertex -28.8 16.6 2
      vertex -28.4 16.7072 2
    endloop
  endfacet
  facet normal -0.707107 0.707107 0
    outer loop
      vertex -29.4928 17.8 2
      vertex -29.2 18.0928 2.6
      vertex -29.2 18.0928 2
    endloop
  endfacet
  facet normal -0.707107 0.707107 0
    outer loop
      vertex -29.2 18.0928 2.6
      vertex -29.4928 17.8 2
      vertex -29.4928 17.8 2.6
    endloop
  endfacet
  facet normal 0 0 1
    outer loop
      vertex -28.1072 17.8 2.6
      vertex -28.1072 17 2.6
      vertex -28 17.4 2.6
    endloop
  endfacet
  facet normal 0 0 1
    outer loop
      vertex -28.4 18.0928 2.6
      vertex -28.1072 17 2.6
      vertex -28.1072 17.8 2.6
    endloop
  endfacet
  facet normal 0 0 1
    outer loop
      vertex -28.4 18.0928 2.6
      vertex -28.4 16.7072 2.6
      vertex -28.1072 17 2.6
    endloop
  endfacet
  facet normal 0 0 1
    outer loop
      vertex -28.8 18.2 2.6
      vertex -28.4 16.7072 2.6
      vertex -28.4 18.0928 2.6
    endloop
  endfacet
  facet normal 0 0 1
    outer loop
      vertex -28.8 18.2 2.6
      vertex -28.8 16.6 2.6
      vertex -28.4 16.7072 2.6
    endloop
  endfacet
  facet normal -0 0 1
    outer loop
      vertex -29.2 18.0928 2.6
      vertex -28.8 16.6 2.6
      vertex -28.8 18.2 2.6
    endloop
  endfacet
  facet normal 0 0 1
    outer loop
      vertex -29.2 18.0928 2.6
      vertex -29.2 16.7072 2.6
      vertex -28.8 16.6 2.6
    endloop
  endfacet
  facet normal -0 0 1
    outer loop
      vertex -29.4928 17.8 2.6
      vertex -29.2 16.7072 2.6
      vertex -29.2 18.0928 2.6
    endloop
  endfacet
  facet normal 0 0 1
    outer loop
      vertex -29.4928 17.8 2.6
      vertex -29.4928 17 2.6
      vertex -29.2 16.7072 2.6
    endloop
  endfacet
  facet normal 0 -0 1
    outer loop
      vertex -29.4928 17 2.6
      vertex -29.4928 17.8 2.6
      vertex -29.6 17.4 2.6
    endloop
  endfacet
  facet normal 0.965914 -0.258865 0
    outer loop
      vertex -28.1072 17 2.6
      vertex -28 17.4 2
      vertex -28 17.4 2.6
    endloop
  endfacet
  facet normal 0.965914 -0.258865 0
    outer loop
      vertex -28 17.4 2
      vertex -28.1072 17 2.6
      vertex -28.1072 17 2
    endloop
  endfacet
  facet normal 0.707107 -0.707107 0
    outer loop
      vertex -28.4 16.7072 2.6
      vertex -28.1072 17 2
      vertex -28.1072 17 2.6
    endloop
  endfacet
  facet normal 0.707107 -0.707107 0
    outer loop
      vertex -28.1072 17 2
      vertex -28.4 16.7072 2.6
      vertex -28.4 16.7072 2
    endloop
  endfacet
  facet normal -0.258865 -0.965914 0
    outer loop
      vertex -29.2 16.7072 2
      vertex -28.8 16.6 2.6
      vertex -29.2 16.7072 2.6
    endloop
  endfacet
  facet normal -0.258865 -0.965914 -0
    outer loop
      vertex -28.8 16.6 2.6
      vertex -29.2 16.7072 2
      vertex -28.8 16.6 2
    endloop
  endfacet
  facet normal -0.707107 -0.707107 0
    outer loop
      vertex -29.2 16.7072 2
      vertex -29.4928 17 2.6
      vertex -29.4928 17 2
    endloop
  endfacet
  facet normal -0.707107 -0.707107 0
    outer loop
      vertex -29.4928 17 2.6
      vertex -29.2 16.7072 2
      vertex -29.2 16.7072 2.6
    endloop
  endfacet
  facet normal -0.965914 -0.258865 0
    outer loop
      vertex -29.4928 17 2
      vertex -29.6 17.4 2.6
      vertex -29.6 17.4 2
    endloop
  endfacet
  facet normal -0.965914 -0.258865 0
    outer loop
      vertex -29.6 17.4 2.6
      vertex -29.4928 17 2
      vertex -29.4928 17 2.6
    endloop
  endfacet
  facet normal 0.999464 0.0327219 0
    outer loop
      vertex 13.45 0 8
      vertex 13.4212 0.879672 2
      vertex 13.4212 0.879672 8
    endloop
  endfacet
  facet normal 0.999464 0.0327219 0
    outer loop
      vertex 13.4212 0.879672 2
      vertex 13.45 0 8
      vertex 13.45 0 2
    endloop
  endfacet
  facet normal -0.999464 0.0327219 0
    outer loop
      vertex -13.45 0 2
      vertex -13.4212 0.879672 8
      vertex -13.4212 0.879672 2
    endloop
  endfacet
  facet normal -0.999464 0.0327219 0
    outer loop
      vertex -13.4212 0.879672 8
      vertex -13.45 0 2
      vertex -13.45 0 8
    endloop
  endfacet
  facet normal 0.0327219 0.999464 -0
    outer loop
      vertex 0.879672 13.4212 2
      vertex 0 13.45 8
      vertex 0.879672 13.4212 8
    endloop
  endfacet
  facet normal 0.0327219 0.999464 0
    outer loop
      vertex 0 13.45 8
      vertex 0.879672 13.4212 2
      vertex 0 13.45 2
    endloop
  endfacet
  facet normal 0.729895 0.68356 0
    outer loop
      vertex 10.1122 8.8682 8
      vertex 9.51059 9.51059 0
      vertex 9.51059 9.51059 8
    endloop
  endfacet
  facet normal 0.729895 0.68356 0
    outer loop
      vertex 9.51059 9.51059 0
      vertex 10.1122 8.8682 8
      vertex 10.1122 8.8682 0
    endloop
  endfacet
  facet normal -0.68356 0.729895 0
    outer loop
      vertex -8.8682 10.1122 0
      vertex -9.51059 9.51059 8
      vertex -8.8682 10.1122 8
    endloop
  endfacet
  facet normal -0.68356 0.729895 0
    outer loop
      vertex -9.51059 9.51059 8
      vertex -8.8682 10.1122 0
      vertex -9.51059 9.51059 0
    endloop
  endfacet
  facet normal -0.35224 0.93591 0
    outer loop
      vertex -5.0838 12.45 2
      vertex -4.32336 12.7362 8
      vertex -4.32336 12.7362 2
    endloop
  endfacet
  facet normal -0.35222 0.935917 -2.86435e-06
    outer loop
      vertex -4.32336 12.7362 8
      vertex -5.0838 12.45 2
      vertex -5.14709 12.4262 8
    endloop
  endfacet
  facet normal -0.351982 0.936007 0
    outer loop
      vertex -5.14709 12.4262 0
      vertex -5.0838 12.45 2
      vertex -5.0838 12.45 0
    endloop
  endfacet
  facet normal -0.351982 0.936007 0
    outer loop
      vertex -5.0838 12.45 2
      vertex -5.14709 12.4262 0
      vertex -5.14709 12.4262 8
    endloop
  endfacet
  facet normal 0.935917 0.35222 0
    outer loop
      vertex 12.7362 4.32336 8
      vertex 12.4262 5.14709 0
      vertex 12.4262 5.14709 8
    endloop
  endfacet
  facet normal 0.935917 0.35222 0
    outer loop
      vertex 12.4262 5.14709 0
      vertex 12.7362 4.32336 8
      vertex 12.7362 4.32336 0
    endloop
  endfacet
  facet normal 0.412763 0.910839 -0
    outer loop
      vertex 5.94878 12.0629 0
      vertex 5.14709 12.4262 8
      vertex 5.94878 12.0629 8
    endloop
  endfacet
  facet normal 0.412763 0.910839 0
    outer loop
      vertex 5.14709 12.4262 8
      vertex 5.94878 12.0629 0
      vertex 5.14709 12.4262 0
    endloop
  endfacet
  facet normal 0.582506 0.812827 -0
    outer loop
      vertex 8.18784 10.6706 0
      vertex 7.47242 11.1833 8
      vertex 8.18784 10.6706 8
    endloop
  endfacet
  facet normal 0.582506 0.812827 0
    outer loop
      vertex 7.47242 11.1833 8
      vertex 8.18784 10.6706 0
      vertex 7.47242 11.1833 0
    endloop
  endfacet
  facet normal -0.910839 0.412763 0
    outer loop
      vertex -12.4262 5.14709 0
      vertex -12.0629 5.94878 8
      vertex -12.0629 5.94878 0
    endloop
  endfacet
  facet normal -0.910839 0.412763 0
    outer loop
      vertex -12.0629 5.94878 8
      vertex -12.4262 5.14709 0
      vertex -12.4262 5.14709 8
    endloop
  endfacet
  facet normal -0.162818 0.986656 0
    outer loop
      vertex -1.75558 13.3349 2
      vertex -2.62396 13.1916 8
      vertex -1.75558 13.3349 8
    endloop
  endfacet
  facet normal -0.162818 0.986656 0
    outer loop
      vertex -2.62396 13.1916 8
      vertex -1.75558 13.3349 2
      vertex -2.62396 13.1916 2
    endloop
  endfacet
  facet normal 0.986656 0.162818 0
    outer loop
      vertex 13.3349 1.75558 8
      vertex 13.1916 2.62396 2
      vertex 13.1916 2.62396 8
    endloop
  endfacet
  facet normal 0.986656 0.162818 0
    outer loop
      vertex 13.1916 2.62396 2
      vertex 13.3349 1.75558 8
      vertex 13.3349 1.75558 2
    endloop
  endfacet
  facet normal 0.995181 0.0980516 0
    outer loop
      vertex 13.4212 0.879672 8
      vertex 13.3349 1.75558 2
      vertex 13.3349 1.75558 8
    endloop
  endfacet
  facet normal 0.995181 0.0980516 0
    outer loop
      vertex 13.3349 1.75558 2
      vertex 13.4212 0.879672 8
      vertex 13.4212 0.879672 2
    endloop
  endfacet
  facet normal 0.849241 0.528006 0
    outer loop
      vertex 11.648 6.725 8
      vertex 11.1833 7.47242 0
      vertex 11.1833 7.47242 8
    endloop
  endfacet
  facet normal 0.849241 0.528006 0
    outer loop
      vertex 11.1833 7.47242 0
      vertex 11.648 6.725 8
      vertex 11.648 6.725 0
    endloop
  endfacet
  facet normal 0.812827 0.582506 0
    outer loop
      vertex 11.1833 7.47242 8
      vertex 10.6706 8.18784 0
      vertex 10.6706 8.18784 8
    endloop
  endfacet
  facet normal 0.812827 0.582506 0
    outer loop
      vertex 10.6706 8.18784 0
      vertex 11.1833 7.47242 8
      vertex 11.1833 7.47242 0
    endloop
  endfacet
  facet normal 0.910839 0.412763 0
    outer loop
      vertex 12.4262 5.14709 8
      vertex 12.0629 5.94878 0
      vertex 12.0629 5.94878 8
    endloop
  endfacet
  facet normal 0.910839 0.412763 0
    outer loop
      vertex 12.0629 5.94878 0
      vertex 12.4262 5.14709 8
      vertex 12.4262 5.14709 0
    endloop
  endfacet
  facet normal 0.227118 0.973867 -0
    outer loop
      vertex 3.48112 12.9917 2
      vertex 2.62396 13.1916 8
      vertex 3.48112 12.9917 8
    endloop
  endfacet
  facet normal 0.227118 0.973867 0
    outer loop
      vertex 2.62396 13.1916 8
      vertex 3.48112 12.9917 2
      vertex 2.62396 13.1916 2
    endloop
  endfacet
  facet normal 0.35222 0.935917 -2.86435e-06
    outer loop
      vertex 5.14709 12.4262 8
      vertex 5.0838 12.45 2
      vertex 4.32336 12.7362 8
    endloop
  endfacet
  facet normal 0.351982 0.936007 -0
    outer loop
      vertex 5.14709 12.4262 0
      vertex 5.0838 12.45 2
      vertex 5.14709 12.4262 8
    endloop
  endfacet
  facet normal 0.351982 0.936007 0
    outer loop
      vertex 5.0838 12.45 2
      vertex 5.14709 12.4262 0
      vertex 5.0838 12.45 0
    endloop
  endfacet
  facet normal 0.35224 0.93591 0
    outer loop
      vertex 4.32336 12.7362 8
      vertex 5.0838 12.45 2
      vertex 4.32336 12.7362 2
    endloop
  endfacet
  facet normal 0.162818 0.986656 -0
    outer loop
      vertex 2.62396 13.1916 2
      vertex 1.75558 13.3349 8
      vertex 2.62396 13.1916 8
    endloop
  endfacet
  facet normal 0.162818 0.986656 0
    outer loop
      vertex 1.75558 13.3349 8
      vertex 2.62396 13.1916 2
      vertex 1.75558 13.3349 2
    endloop
  endfacet
  facet normal 0.634422 0.772987 -0
    outer loop
      vertex 8.8682 10.1122 0
      vertex 8.18784 10.6706 8
      vertex 8.8682 10.1122 8
    endloop
  endfacet
  facet normal 0.634422 0.772987 0
    outer loop
      vertex 8.18784 10.6706 8
      vertex 8.8682 10.1122 0
      vertex 8.18784 10.6706 0
    endloop
  endfacet
  facet normal -0.973869 0.227112 0
    outer loop
      vertex -13.1039 3 2
      vertex -12.9917 3.48112 0
      vertex -13.1039 3 0
    endloop
  endfacet
  facet normal -0.973869 0.227112 0
    outer loop
      vertex -12.9917 3.48112 0
      vertex -13.1039 3 2
      vertex -12.9917 3.48112 8
    endloop
  endfacet
  facet normal -0.973866 0.227125 0
    outer loop
      vertex -13.1916 2.62396 8
      vertex -13.1039 3 2
      vertex -13.1916 2.62396 2
    endloop
  endfacet
  facet normal -0.973867 0.227118 -4.80215e-07
    outer loop
      vertex -13.1039 3 2
      vertex -13.1916 2.62396 8
      vertex -12.9917 3.48112 8
    endloop
  endfacet
  facet normal -0.812827 0.582506 0
    outer loop
      vertex -11.1833 7.47242 0
      vertex -10.6706 8.18784 8
      vertex -10.6706 8.18784 0
    endloop
  endfacet
  facet normal -0.812827 0.582506 0
    outer loop
      vertex -10.6706 8.18784 8
      vertex -11.1833 7.47242 0
      vertex -11.1833 7.47242 8
    endloop
  endfacet
  facet normal -0.935917 0.35222 0
    outer loop
      vertex -12.7362 4.32336 0
      vertex -12.4262 5.14709 8
      vertex -12.4262 5.14709 0
    endloop
  endfacet
  facet normal -0.935917 0.35222 0
    outer loop
      vertex -12.4262 5.14709 8
      vertex -12.7362 4.32336 0
      vertex -12.7362 4.32336 8
    endloop
  endfacet
  facet normal -0.986656 0.162818 0
    outer loop
      vertex -13.3349 1.75558 2
      vertex -13.1916 2.62396 8
      vertex -13.1916 2.62396 2
    endloop
  endfacet
  facet normal -0.986656 0.162818 0
    outer loop
      vertex -13.1916 2.62396 8
      vertex -13.3349 1.75558 2
      vertex -13.3349 1.75558 8
    endloop
  endfacet
  facet normal -0.528006 0.849241 0
    outer loop
      vertex -6.725 11.648 0
      vertex -7.47242 11.1833 8
      vertex -6.725 11.648 8
    endloop
  endfacet
  facet normal -0.528006 0.849241 0
    outer loop
      vertex -7.47242 11.1833 8
      vertex -6.725 11.648 0
      vertex -7.47242 11.1833 0
    endloop
  endfacet
  facet normal -0.412763 0.910839 0
    outer loop
      vertex -5.14709 12.4262 0
      vertex -5.94878 12.0629 8
      vertex -5.14709 12.4262 8
    endloop
  endfacet
  facet normal -0.412763 0.910839 0
    outer loop
      vertex -5.94878 12.0629 8
      vertex -5.14709 12.4262 0
      vertex -5.94878 12.0629 0
    endloop
  endfacet
  facet normal -0.582506 0.812827 0
    outer loop
      vertex -7.47242 11.1833 0
      vertex -8.18784 10.6706 8
      vertex -7.47242 11.1833 8
    endloop
  endfacet
  facet normal -0.582506 0.812827 0
    outer loop
      vertex -8.18784 10.6706 8
      vertex -7.47242 11.1833 0
      vertex -8.18784 10.6706 0
    endloop
  endfacet
  facet normal -0.0980516 0.995181 0
    outer loop
      vertex -0.879672 13.4212 2
      vertex -1.75558 13.3349 8
      vertex -0.879672 13.4212 8
    endloop
  endfacet
  facet normal -0.0980516 0.995181 0
    outer loop
      vertex -1.75558 13.3349 8
      vertex -0.879672 13.4212 2
      vertex -1.75558 13.3349 2
    endloop
  endfacet
  facet normal 0.528006 -0.849241 0
    outer loop
      vertex 6.725 -11.648 0
      vertex 7.47242 -11.1833 8
      vertex 6.725 -11.648 8
    endloop
  endfacet
  facet normal 0.528006 -0.849241 0
    outer loop
      vertex 7.47242 -11.1833 8
      vertex 6.725 -11.648 0
      vertex 7.47242 -11.1833 0
    endloop
  endfacet
  facet normal 0.582506 -0.812827 0
    outer loop
      vertex 7.47242 -11.1833 0
      vertex 8.18784 -10.6706 8
      vertex 7.47242 -11.1833 8
    endloop
  endfacet
  facet normal 0.582506 -0.812827 0
    outer loop
      vertex 8.18784 -10.6706 8
      vertex 7.47242 -11.1833 0
      vertex 8.18784 -10.6706 0
    endloop
  endfacet
  facet normal 0.412763 -0.910839 0
    outer loop
      vertex 5.14709 -12.4262 0
      vertex 5.94878 -12.0629 8
      vertex 5.14709 -12.4262 8
    endloop
  endfacet
  facet normal 0.412763 -0.910839 0
    outer loop
      vertex 5.94878 -12.0629 8
      vertex 5.14709 -12.4262 0
      vertex 5.94878 -12.0629 0
    endloop
  endfacet
  facet normal -0.227118 -0.973867 0
    outer loop
      vertex -3.48112 -12.9917 0
      vertex -2.62396 -13.1916 8
      vertex -3.48112 -12.9917 8
    endloop
  endfacet
  facet normal -0.227118 -0.973867 -0
    outer loop
      vertex -2.62396 -13.1916 8
      vertex -3.48112 -12.9917 0
      vertex -2.62396 -13.1916 0
    endloop
  endfacet
  facet normal -0.35222 -0.935917 0
    outer loop
      vertex -5.14709 -12.4262 0
      vertex -4.32336 -12.7362 8
      vertex -5.14709 -12.4262 8
    endloop
  endfacet
  facet normal -0.35222 -0.935917 -0
    outer loop
      vertex -4.32336 -12.7362 8
      vertex -5.14709 -12.4262 0
      vertex -4.32336 -12.7362 0
    endloop
  endfacet
  facet normal -0.162818 -0.986656 0
    outer loop
      vertex -2.62396 -13.1916 0
      vertex -1.75558 -13.3349 8
      vertex -2.62396 -13.1916 8
    endloop
  endfacet
  facet normal -0.162818 -0.986656 -0
    outer loop
      vertex -1.75558 -13.3349 8
      vertex -2.62396 -13.1916 0
      vertex -1.75558 -13.3349 0
    endloop
  endfacet
  facet normal -0.849241 -0.528006 0
    outer loop
      vertex -11.1833 -7.47242 0
      vertex -11.648 -6.725 8
      vertex -11.648 -6.725 0
    endloop
  endfacet
  facet normal -0.849241 -0.528006 0
    outer loop
      vertex -11.648 -6.725 8
      vertex -11.1833 -7.47242 0
      vertex -11.1833 -7.47242 8
    endloop
  endfacet
  facet normal -0.910839 -0.412763 0
    outer loop
      vertex -12.0629 -5.94878 0
      vertex -12.4262 -5.14709 8
      vertex -12.4262 -5.14709 0
    endloop
  endfacet
  facet normal -0.910839 -0.412763 0
    outer loop
      vertex -12.4262 -5.14709 8
      vertex -12.0629 -5.94878 0
      vertex -12.0629 -5.94878 8
    endloop
  endfacet
  facet normal -0.812827 -0.582506 0
    outer loop
      vertex -10.6706 -8.18784 0
      vertex -11.1833 -7.47242 8
      vertex -11.1833 -7.47242 0
    endloop
  endfacet
  facet normal -0.812827 -0.582506 0
    outer loop
      vertex -11.1833 -7.47242 8
      vertex -10.6706 -8.18784 0
      vertex -10.6706 -8.18784 8
    endloop
  endfacet
  facet normal 0.956937 0.290294 0
    outer loop
      vertex 12.9917 3.48112 8
      vertex 12.7362 4.32336 0
      vertex 12.7362 4.32336 8
    endloop
  endfacet
  facet normal 0.956937 0.290294 0
    outer loop
      vertex 12.7362 4.32336 0
      vertex 12.9917 3.48112 8
      vertex 12.9917 3.48112 0
    endloop
  endfacet
  facet normal 0.973869 0.227112 0
    outer loop
      vertex 12.9917 3.48112 8
      vertex 13.1039 3 2
      vertex 12.9917 3.48112 0
    endloop
  endfacet
  facet normal 0.973867 0.227118 -4.80215e-07
    outer loop
      vertex 13.1916 2.62396 8
      vertex 13.1039 3 2
      vertex 12.9917 3.48112 8
    endloop
  endfacet
  facet normal 0.973866 0.227125 0
    outer loop
      vertex 13.1039 3 2
      vertex 13.1916 2.62396 8
      vertex 13.1916 2.62396 2
    endloop
  endfacet
  facet normal 0.973869 0.227112 0
    outer loop
      vertex 12.9917 3.48112 0
      vertex 13.1039 3 2
      vertex 13.1039 3 0
    endloop
  endfacet
  facet normal 0.772987 0.634422 0
    outer loop
      vertex 10.6706 8.18784 8
      vertex 10.1122 8.8682 0
      vertex 10.1122 8.8682 8
    endloop
  endfacet
  facet normal 0.772987 0.634422 0
    outer loop
      vertex 10.1122 8.8682 0
      vertex 10.6706 8.18784 8
      vertex 10.6706 8.18784 0
    endloop
  endfacet
  facet normal 0.88192 0.471398 0
    outer loop
      vertex 12.0629 5.94878 8
      vertex 11.648 6.725 0
      vertex 11.648 6.725 8
    endloop
  endfacet
  facet normal 0.88192 0.471398 0
    outer loop
      vertex 11.648 6.725 0
      vertex 12.0629 5.94878 8
      vertex 12.0629 5.94878 0
    endloop
  endfacet
  facet normal 0.290294 0.956937 -0
    outer loop
      vertex 4.32336 12.7362 2
      vertex 3.48112 12.9917 8
      vertex 4.32336 12.7362 8
    endloop
  endfacet
  facet normal 0.290294 0.956937 0
    outer loop
      vertex 3.48112 12.9917 8
      vertex 4.32336 12.7362 2
      vertex 3.48112 12.9917 2
    endloop
  endfacet
  facet normal 0.0980516 0.995181 -0
    outer loop
      vertex 1.75558 13.3349 2
      vertex 0.879672 13.4212 8
      vertex 1.75558 13.3349 8
    endloop
  endfacet
  facet normal 0.0980516 0.995181 0
    outer loop
      vertex 0.879672 13.4212 8
      vertex 1.75558 13.3349 2
      vertex 0.879672 13.4212 2
    endloop
  endfacet
  facet normal 0.528006 0.849241 -0
    outer loop
      vertex 7.47242 11.1833 0
      vertex 6.725 11.648 8
      vertex 7.47242 11.1833 8
    endloop
  endfacet
  facet normal 0.528006 0.849241 0
    outer loop
      vertex 6.725 11.648 8
      vertex 7.47242 11.1833 0
      vertex 6.725 11.648 0
    endloop
  endfacet
  facet normal 0.471398 0.88192 -0
    outer loop
      vertex 6.725 11.648 0
      vertex 5.94878 12.0629 8
      vertex 6.725 11.648 8
    endloop
  endfacet
  facet normal 0.471398 0.88192 0
    outer loop
      vertex 5.94878 12.0629 8
      vertex 6.725 11.648 0
      vertex 5.94878 12.0629 0
    endloop
  endfacet
  facet normal 0.68356 0.729895 -0
    outer loop
      vertex 9.51059 9.51059 0
      vertex 8.8682 10.1122 8
      vertex 9.51059 9.51059 8
    endloop
  endfacet
  facet normal 0.68356 0.729895 0
    outer loop
      vertex 8.8682 10.1122 8
      vertex 9.51059 9.51059 0
      vertex 8.8682 10.1122 0
    endloop
  endfacet
  facet normal -0.772987 0.634422 0
    outer loop
      vertex -10.6706 8.18784 0
      vertex -10.1122 8.8682 8
      vertex -10.1122 8.8682 0
    endloop
  endfacet
  facet normal -0.772987 0.634422 0
    outer loop
      vertex -10.1122 8.8682 8
      vertex -10.6706 8.18784 0
      vertex -10.6706 8.18784 8
    endloop
  endfacet
  facet normal -0.729895 0.68356 0
    outer loop
      vertex -10.1122 8.8682 0
      vertex -9.51059 9.51059 8
      vertex -9.51059 9.51059 0
    endloop
  endfacet
  facet normal -0.729895 0.68356 0
    outer loop
      vertex -9.51059 9.51059 8
      vertex -10.1122 8.8682 0
      vertex -10.1122 8.8682 8
    endloop
  endfacet
  facet normal -0.88192 0.471398 0
    outer loop
      vertex -12.0629 5.94878 0
      vertex -11.648 6.725 8
      vertex -11.648 6.725 0
    endloop
  endfacet
  facet normal -0.88192 0.471398 0
    outer loop
      vertex -11.648 6.725 8
      vertex -12.0629 5.94878 0
      vertex -12.0629 5.94878 8
    endloop
  endfacet
  facet normal -0.849241 0.528006 0
    outer loop
      vertex -11.648 6.725 0
      vertex -11.1833 7.47242 8
      vertex -11.1833 7.47242 0
    endloop
  endfacet
  facet normal -0.849241 0.528006 0
    outer loop
      vertex -11.1833 7.47242 8
      vertex -11.648 6.725 0
      vertex -11.648 6.725 8
    endloop
  endfacet
  facet normal -0.956937 0.290294 0
    outer loop
      vertex -12.9917 3.48112 0
      vertex -12.7362 4.32336 8
      vertex -12.7362 4.32336 0
    endloop
  endfacet
  facet normal -0.956937 0.290294 0
    outer loop
      vertex -12.7362 4.32336 8
      vertex -12.9917 3.48112 0
      vertex -12.9917 3.48112 8
    endloop
  endfacet
  facet normal -0.995181 0.0980516 0
    outer loop
      vertex -13.4212 0.879672 2
      vertex -13.3349 1.75558 8
      vertex -13.3349 1.75558 2
    endloop
  endfacet
  facet normal -0.995181 0.0980516 0
    outer loop
      vertex -13.3349 1.75558 8
      vertex -13.4212 0.879672 2
      vertex -13.4212 0.879672 8
    endloop
  endfacet
  facet normal 0 0 1
    outer loop
      vertex 11.05 0 8
      vertex 13.45 0 8
      vertex 13.4212 0.879672 8
    endloop
  endfacet
  facet normal 0 0 1
    outer loop
      vertex 11.0263 0.722704 8
      vertex 13.4212 0.879672 8
      vertex 13.3349 1.75558 8
    endloop
  endfacet
  facet normal 0 0 1
    outer loop
      vertex 13.45 0 8
      vertex 11.05 0 8
      vertex 13.4212 -0.879672 8
    endloop
  endfacet
  facet normal 0 0 1
    outer loop
      vertex 10.9555 1.44231 8
      vertex 13.3349 1.75558 8
      vertex 13.1916 2.62396 8
    endloop
  endfacet
  facet normal -0 0 1
    outer loop
      vertex 11.0263 -0.722704 8
      vertex 13.4212 -0.879672 8
      vertex 11.05 0 8
    endloop
  endfacet
  facet normal 0 0 1
    outer loop
      vertex 10.8377 2.15575 8
      vertex 13.1916 2.62396 8
      vertex 12.9917 3.48112 8
    endloop
  endfacet
  facet normal 0 0 1
    outer loop
      vertex 13.4212 -0.879672 8
      vertex 11.0263 -0.722704 8
      vertex 13.3349 -1.75558 8
    endloop
  endfacet
  facet normal 0 0 1
    outer loop
      vertex 10.6735 2.85995 8
      vertex 12.9917 3.48112 8
      vertex 12.7362 4.32336 8
    endloop
  endfacet
  facet normal -0 0 1
    outer loop
      vertex 10.9555 -1.44231 8
      vertex 13.3349 -1.75558 8
      vertex 11.0263 -0.722704 8
    endloop
  endfacet
  facet normal 0 0 1
    outer loop
      vertex 10.4636 3.55191 8
      vertex 12.7362 4.32336 8
      vertex 12.4262 5.14709 8
    endloop
  endfacet
  facet normal 0 0 1
    outer loop
      vertex 13.3349 -1.75558 8
      vertex 10.9555 -1.44231 8
      vertex 13.1916 -2.62396 8
    endloop
  endfacet
  facet normal 0 0 1
    outer loop
      vertex 10.2089 4.22865 8
      vertex 12.4262 5.14709 8
      vertex 12.0629 5.94878 8
    endloop
  endfacet
  facet normal -0 0 1
    outer loop
      vertex 10.8377 -2.15575 8
      vertex 13.1916 -2.62396 8
      vertex 10.9555 -1.44231 8
    endloop
  endfacet
  facet normal 0 0 1
    outer loop
      vertex 9.91044 4.88729 8
      vertex 12.0629 5.94878 8
      vertex 11.648 6.725 8
    endloop
  endfacet
  facet normal 0 0 1
    outer loop
      vertex 13.1916 -2.62396 8
      vertex 10.8377 -2.15575 8
      vertex 12.9917 -3.48112 8
    endloop
  endfacet
  facet normal 0 0 1
    outer loop
      vertex 9.56958 5.525 8
      vertex 11.648 6.725 8
      vertex 11.1833 7.47242 8
    endloop
  endfacet
  facet normal -0 0 1
    outer loop
      vertex 10.6735 -2.85995 8
      vertex 12.9917 -3.48112 8
      vertex 10.8377 -2.15575 8
    endloop
  endfacet
  facet normal 0 0 1
    outer loop
      vertex 12.9917 -3.48112 8
      vertex 10.6735 -2.85995 8
      vertex 12.7362 -4.32336 8
    endloop
  endfacet
  facet normal 0 0 1
    outer loop
      vertex 13.4212 0.879672 8
      vertex 11.0263 0.722704 8
      vertex 11.05 0 8
    endloop
  endfacet
  facet normal 0 0 1
    outer loop
      vertex 13.3349 1.75558 8
      vertex 10.9555 1.44231 8
      vertex 11.0263 0.722704 8
    endloop
  endfacet
  facet normal 0 0 1
    outer loop
      vertex 13.1916 2.62396 8
      vertex 10.8377 2.15575 8
      vertex 10.9555 1.44231 8
    endloop
  endfacet
  facet normal 0 0 1
    outer loop
      vertex 12.9917 3.48112 8
      vertex 10.6735 2.85995 8
      vertex 10.8377 2.15575 8
    endloop
  endfacet
  facet normal 0 0 1
    outer loop
      vertex 9.18774 6.13905 8
      vertex 11.1833 7.47242 8
      vertex 10.6706 8.18784 8
    endloop
  endfacet
  facet normal 0 0 1
    outer loop
      vertex 12.7362 4.32336 8
      vertex 10.4636 3.55191 8
      vertex 10.6735 2.85995 8
    endloop
  endfacet
  facet normal 0 0 1
    outer loop
      vertex 12.4262 5.14709 8
      vertex 10.2089 4.22865 8
      vertex 10.4636 3.55191 8
    endloop
  endfacet
  facet normal 0 0 1
    outer loop
      vertex 8.76655 6.72681 8
      vertex 10.6706 8.18784 8
      vertex 10.1122 8.8682 8
    endloop
  endfacet
  facet normal 0 0 1
    outer loop
      vertex 12.0629 5.94878 8
      vertex 9.91044 4.88729 8
      vertex 10.2089 4.22865 8
    endloop
  endfacet
  facet normal 0 0 1
    outer loop
      vertex 11.648 6.725 8
      vertex 9.56958 5.525 8
      vertex 9.91044 4.88729 8
    endloop
  endfacet
  facet normal 0 0 1
    outer loop
      vertex 8.30783 7.28577 8
      vertex 10.1122 8.8682 8
      vertex 9.51059 9.51059 8
    endloop
  endfacet
  facet normal 0 0 1
    outer loop
      vertex 11.1833 7.47242 8
      vertex 9.18774 6.13905 8
      vertex 9.56958 5.525 8
    endloop
  endfacet
  facet normal 0 0 1
    outer loop
      vertex 7.81353 7.81353 8
      vertex 9.51059 9.51059 8
      vertex 8.8682 10.1122 8
    endloop
  endfacet
  facet normal 0 0 1
    outer loop
      vertex 10.6706 8.18784 8
      vertex 8.76655 6.72681 8
      vertex 9.18774 6.13905 8
    endloop
  endfacet
  facet normal 0 0 1
    outer loop
      vertex 10.1122 8.8682 8
      vertex 8.30783 7.28577 8
      vertex 8.76655 6.72681 8
    endloop
  endfacet
  facet normal 0 0 1
    outer loop
      vertex 7.28577 8.30783 8
      vertex 8.8682 10.1122 8
      vertex 8.18784 10.6706 8
    endloop
  endfacet
  facet normal 0 0 1
    outer loop
      vertex 9.51059 9.51059 8
      vertex 7.81353 7.81353 8
      vertex 8.30783 7.28577 8
    endloop
  endfacet
  facet normal 0 0 1
    outer loop
      vertex 6.72681 8.76655 8
      vertex 8.18784 10.6706 8
      vertex 7.47242 11.1833 8
    endloop
  endfacet
  facet normal 0 0 1
    outer loop
      vertex 8.8682 10.1122 8
      vertex 7.28577 8.30783 8
      vertex 7.81353 7.81353 8
    endloop
  endfacet
  facet normal 0 0 1
    outer loop
      vertex 8.18784 10.6706 8
      vertex 6.72681 8.76655 8
      vertex 7.28577 8.30783 8
    endloop
  endfacet
  facet normal 0 0 1
    outer loop
      vertex 6.13905 9.18774 8
      vertex 7.47242 11.1833 8
      vertex 6.725 11.648 8
    endloop
  endfacet
  facet normal 0 0 1
    outer loop
      vertex 7.47242 11.1833 8
      vertex 6.13905 9.18774 8
      vertex 6.72681 8.76655 8
    endloop
  endfacet
  facet normal 0 0 1
    outer loop
      vertex 5.525 9.56958 8
      vertex 6.725 11.648 8
      vertex 5.94878 12.0629 8
    endloop
  endfacet
  facet normal 0 0 1
    outer loop
      vertex 6.725 11.648 8
      vertex 5.525 9.56958 8
      vertex 6.13905 9.18774 8
    endloop
  endfacet
  facet normal 0 0 1
    outer loop
      vertex 4.88729 9.91044 8
      vertex 5.94878 12.0629 8
      vertex 5.14709 12.4262 8
    endloop
  endfacet
  facet normal 0 0 1
    outer loop
      vertex 5.94878 12.0629 8
      vertex 4.88729 9.91044 8
      vertex 5.525 9.56958 8
    endloop
  endfacet
  facet normal 0 0 1
    outer loop
      vertex 4.22865 10.2089 8
      vertex 5.14709 12.4262 8
      vertex 4.32336 12.7362 8
    endloop
  endfacet
  facet normal 0 0 1
    outer loop
      vertex 5.14709 12.4262 8
      vertex 4.22865 10.2089 8
      vertex 4.88729 9.91044 8
    endloop
  endfacet
  facet normal 0 0 1
    outer loop
      vertex 4.32336 12.7362 8
      vertex 3.55191 10.4636 8
      vertex 4.22865 10.2089 8
    endloop
  endfacet
  facet normal 0 0 1
    outer loop
      vertex 3.48112 12.9917 8
      vertex 3.55191 10.4636 8
      vertex 4.32336 12.7362 8
    endloop
  endfacet
  facet normal 0 0 1
    outer loop
      vertex 3.48112 12.9917 8
      vertex 2.85995 10.6735 8
      vertex 3.55191 10.4636 8
    endloop
  endfacet
  facet normal 0 0 1
    outer loop
      vertex 2.62396 13.1916 8
      vertex 2.85995 10.6735 8
      vertex 3.48112 12.9917 8
    endloop
  endfacet
  facet normal 0 0 1
    outer loop
      vertex 2.62396 13.1916 8
      vertex 2.15575 10.8377 8
      vertex 2.85995 10.6735 8
    endloop
  endfacet
  facet normal 0 0 1
    outer loop
      vertex 1.75558 13.3349 8
      vertex 2.15575 10.8377 8
      vertex 2.62396 13.1916 8
    endloop
  endfacet
  facet normal 0 0 1
    outer loop
      vertex 1.75558 13.3349 8
      vertex 1.44231 10.9555 8
      vertex 2.15575 10.8377 8
    endloop
  endfacet
  facet normal 0 0 1
    outer loop
      vertex 0.879672 13.4212 8
      vertex 1.44231 10.9555 8
      vertex 1.75558 13.3349 8
    endloop
  endfacet
  facet normal 0 0 1
    outer loop
      vertex 0.879672 13.4212 8
      vertex 0.722704 11.0263 8
      vertex 1.44231 10.9555 8
    endloop
  endfacet
  facet normal 0 0 1
    outer loop
      vertex 0 13.45 8
      vertex 0.722704 11.0263 8
      vertex 0.879672 13.4212 8
    endloop
  endfacet
  facet normal 0 0 1
    outer loop
      vertex 0 13.45 8
      vertex 0 11.05 8
      vertex 0.722704 11.0263 8
    endloop
  endfacet
  facet normal 0 0 1
    outer loop
      vertex 0 13.45 8
      vertex -0.722704 11.0263 8
      vertex 0 11.05 8
    endloop
  endfacet
  facet normal -0 0 1
    outer loop
      vertex -0.879672 13.4212 8
      vertex -0.722704 11.0263 8
      vertex 0 13.45 8
    endloop
  endfacet
  facet normal 0 0 1
    outer loop
      vertex -0.879672 13.4212 8
      vertex -1.44231 10.9555 8
      vertex -0.722704 11.0263 8
    endloop
  endfacet
  facet normal -0 0 1
    outer loop
      vertex -1.75558 13.3349 8
      vertex -1.44231 10.9555 8
      vertex -0.879672 13.4212 8
    endloop
  endfacet
  facet normal 0 0 1
    outer loop
      vertex -1.75558 13.3349 8
      vertex -2.15575 10.8377 8
      vertex -1.44231 10.9555 8
    endloop
  endfacet
  facet normal -0 0 1
    outer loop
      vertex -2.62396 13.1916 8
      vertex -2.15575 10.8377 8
      vertex -1.75558 13.3349 8
    endloop
  endfacet
  facet normal 0 0 1
    outer loop
      vertex -2.62396 13.1916 8
      vertex -2.85995 10.6735 8
      vertex -2.15575 10.8377 8
    endloop
  endfacet
  facet normal -0 0 1
    outer loop
      vertex -3.48112 12.9917 8
      vertex -2.85995 10.6735 8
      vertex -2.62396 13.1916 8
    endloop
  endfacet
  facet normal 0 0 1
    outer loop
      vertex -3.48112 12.9917 8
      vertex -3.55191 10.4636 8
      vertex -2.85995 10.6735 8
    endloop
  endfacet
  facet normal -0 0 1
    outer loop
      vertex -4.32336 12.7362 8
      vertex -3.55191 10.4636 8
      vertex -3.48112 12.9917 8
    endloop
  endfacet
  facet normal 0 0 1
    outer loop
      vertex -3.55191 10.4636 8
      vertex -4.32336 12.7362 8
      vertex -4.22865 10.2089 8
    endloop
  endfacet
  facet normal -0 0 1
    outer loop
      vertex -5.14709 12.4262 8
      vertex -4.22865 10.2089 8
      vertex -4.32336 12.7362 8
    endloop
  endfacet
  facet normal 0 0 1
    outer loop
      vertex -4.22865 10.2089 8
      vertex -5.14709 12.4262 8
      vertex -4.88729 9.91044 8
    endloop
  endfacet
  facet normal -0 0 1
    outer loop
      vertex -5.94878 12.0629 8
      vertex -4.88729 9.91044 8
      vertex -5.14709 12.4262 8
    endloop
  endfacet
  facet normal 0 0 1
    outer loop
      vertex -4.88729 9.91044 8
      vertex -5.94878 12.0629 8
      vertex -5.525 9.56958 8
    endloop
  endfacet
  facet normal -0 0 1
    outer loop
      vertex -6.725 11.648 8
      vertex -5.525 9.56958 8
      vertex -5.94878 12.0629 8
    endloop
  endfacet
  facet normal 0 0 1
    outer loop
      vertex -5.525 9.56958 8
      vertex -6.725 11.648 8
      vertex -6.13905 9.18774 8
    endloop
  endfacet
  facet normal -0 0 1
    outer loop
      vertex -7.47242 11.1833 8
      vertex -6.13905 9.18774 8
      vertex -6.725 11.648 8
    endloop
  endfacet
  facet normal 0 0 1
    outer loop
      vertex -6.13905 9.18774 8
      vertex -7.47242 11.1833 8
      vertex -6.72681 8.76655 8
    endloop
  endfacet
  facet normal -0 0 1
    outer loop
      vertex -8.18784 10.6706 8
      vertex -6.72681 8.76655 8
      vertex -7.47242 11.1833 8
    endloop
  endfacet
  facet normal 0 0 1
    outer loop
      vertex -6.72681 8.76655 8
      vertex -8.18784 10.6706 8
      vertex -7.28577 8.30783 8
    endloop
  endfacet
  facet normal -0 0 1
    outer loop
      vertex -8.8682 10.1122 8
      vertex -7.28577 8.30783 8
      vertex -8.18784 10.6706 8
    endloop
  endfacet
  facet normal 0 0 1
    outer loop
      vertex -7.28577 8.30783 8
      vertex -8.8682 10.1122 8
      vertex -7.81353 7.81353 8
    endloop
  endfacet
  facet normal -0 0 1
    outer loop
      vertex -9.51059 9.51059 8
      vertex -7.81353 7.81353 8
      vertex -8.8682 10.1122 8
    endloop
  endfacet
  facet normal 0 0 1
    outer loop
      vertex -7.81353 7.81353 8
      vertex -9.51059 9.51059 8
      vertex -8.30783 7.28577 8
    endloop
  endfacet
  facet normal -0 0 1
    outer loop
      vertex -10.1122 8.8682 8
      vertex -8.30783 7.28577 8
      vertex -9.51059 9.51059 8
    endloop
  endfacet
  facet normal 0 0 1
    outer loop
      vertex -8.30783 7.28577 8
      vertex -10.1122 8.8682 8
      vertex -8.76655 6.72681 8
    endloop
  endfacet
  facet normal -0 0 1
    outer loop
      vertex -10.6706 8.18784 8
      vertex -8.76655 6.72681 8
      vertex -10.1122 8.8682 8
    endloop
  endfacet
  facet normal 0 0 1
    outer loop
      vertex -8.76655 6.72681 8
      vertex -10.6706 8.18784 8
      vertex -9.18774 6.13905 8
    endloop
  endfacet
  facet normal -0 0 1
    outer loop
      vertex -11.1833 7.47242 8
      vertex -9.18774 6.13905 8
      vertex -10.6706 8.18784 8
    endloop
  endfacet
  facet normal 0 0 1
    outer loop
      vertex -9.18774 6.13905 8
      vertex -11.1833 7.47242 8
      vertex -9.56958 5.525 8
    endloop
  endfacet
  facet normal -0 0 1
    outer loop
      vertex -11.648 6.725 8
      vertex -9.56958 5.525 8
      vertex -11.1833 7.47242 8
    endloop
  endfacet
  facet normal 0 0 1
    outer loop
      vertex -9.56958 5.525 8
      vertex -11.648 6.725 8
      vertex -9.91044 4.88729 8
    endloop
  endfacet
  facet normal -0 0 1
    outer loop
      vertex -12.0629 5.94878 8
      vertex -9.91044 4.88729 8
      vertex -11.648 6.725 8
    endloop
  endfacet
  facet normal 0 0 1
    outer loop
      vertex -9.91044 4.88729 8
      vertex -12.0629 5.94878 8
      vertex -10.2089 4.22865 8
    endloop
  endfacet
  facet normal -0 0 1
    outer loop
      vertex -12.4262 5.14709 8
      vertex -10.2089 4.22865 8
      vertex -12.0629 5.94878 8
    endloop
  endfacet
  facet normal 0 0 1
    outer loop
      vertex -10.2089 4.22865 8
      vertex -12.4262 5.14709 8
      vertex -10.4636 3.55191 8
    endloop
  endfacet
  facet normal 0 0 1
    outer loop
      vertex -10.4636 3.55191 8
      vertex -12.7362 4.32336 8
      vertex -10.6735 2.85995 8
    endloop
  endfacet
  facet normal -0 0 1
    outer loop
      vertex -12.7362 4.32336 8
      vertex -10.4636 3.55191 8
      vertex -12.4262 5.14709 8
    endloop
  endfacet
  facet normal -0 0 1
    outer loop
      vertex 10.4636 -3.55191 8
      vertex 12.7362 -4.32336 8
      vertex 10.6735 -2.85995 8
    endloop
  endfacet
  facet normal 0 0 1
    outer loop
      vertex 12.7362 -4.32336 8
      vertex 10.4636 -3.55191 8
      vertex 12.4262 -5.14709 8
    endloop
  endfacet
  facet normal -0 0 1
    outer loop
      vertex 10.2089 -4.22865 8
      vertex 12.4262 -5.14709 8
      vertex 10.4636 -3.55191 8
    endloop
  endfacet
  facet normal 0 0 1
    outer loop
      vertex 12.4262 -5.14709 8
      vertex 10.2089 -4.22865 8
      vertex 12.0629 -5.94878 8
    endloop
  endfacet
  facet normal -0 0 1
    outer loop
      vertex 9.91044 -4.88729 8
      vertex 12.0629 -5.94878 8
      vertex 10.2089 -4.22865 8
    endloop
  endfacet
  facet normal 0 0 1
    outer loop
      vertex 12.0629 -5.94878 8
      vertex 9.91044 -4.88729 8
      vertex 11.648 -6.725 8
    endloop
  endfacet
  facet normal -0 0 1
    outer loop
      vertex 9.56958 -5.525 8
      vertex 11.648 -6.725 8
      vertex 9.91044 -4.88729 8
    endloop
  endfacet
  facet normal 0 0 1
    outer loop
      vertex 11.648 -6.725 8
      vertex 9.56958 -5.525 8
      vertex 11.1833 -7.47242 8
    endloop
  endfacet
  facet normal -0 0 1
    outer loop
      vertex 9.18774 -6.13905 8
      vertex 11.1833 -7.47242 8
      vertex 9.56958 -5.525 8
    endloop
  endfacet
  facet normal 0 0 1
    outer loop
      vertex 11.1833 -7.47242 8
      vertex 9.18774 -6.13905 8
      vertex 10.6706 -8.18784 8
    endloop
  endfacet
  facet normal -0 0 1
    outer loop
      vertex 8.76655 -6.72681 8
      vertex 10.6706 -8.18784 8
      vertex 9.18774 -6.13905 8
    endloop
  endfacet
  facet normal 0 0 1
    outer loop
      vertex 10.6706 -8.18784 8
      vertex 8.76655 -6.72681 8
      vertex 10.1122 -8.8682 8
    endloop
  endfacet
  facet normal -0 0 1
    outer loop
      vertex 8.30783 -7.28577 8
      vertex 10.1122 -8.8682 8
      vertex 8.76655 -6.72681 8
    endloop
  endfacet
  facet normal 0 0 1
    outer loop
      vertex 10.1122 -8.8682 8
      vertex 8.30783 -7.28577 8
      vertex 9.51059 -9.51059 8
    endloop
  endfacet
  facet normal -0 0 1
    outer loop
      vertex 7.81353 -7.81353 8
      vertex 9.51059 -9.51059 8
      vertex 8.30783 -7.28577 8
    endloop
  endfacet
  facet normal 0 0 1
    outer loop
      vertex 9.51059 -9.51059 8
      vertex 7.81353 -7.81353 8
      vertex 8.8682 -10.1122 8
    endloop
  endfacet
  facet normal -0 0 1
    outer loop
      vertex 7.28577 -8.30783 8
      vertex 8.8682 -10.1122 8
      vertex 7.81353 -7.81353 8
    endloop
  endfacet
  facet normal 0 0 1
    outer loop
      vertex 8.8682 -10.1122 8
      vertex 7.28577 -8.30783 8
      vertex 8.18784 -10.6706 8
    endloop
  endfacet
  facet normal -0 0 1
    outer loop
      vertex 6.72681 -8.76655 8
      vertex 8.18784 -10.6706 8
      vertex 7.28577 -8.30783 8
    endloop
  endfacet
  facet normal 0 0 1
    outer loop
      vertex 8.18784 -10.6706 8
      vertex 6.72681 -8.76655 8
      vertex 7.47242 -11.1833 8
    endloop
  endfacet
  facet normal -0 0 1
    outer loop
      vertex 6.13905 -9.18774 8
      vertex 7.47242 -11.1833 8
      vertex 6.72681 -8.76655 8
    endloop
  endfacet
  facet normal 0 0 1
    outer loop
      vertex 7.47242 -11.1833 8
      vertex 6.13905 -9.18774 8
      vertex 6.725 -11.648 8
    endloop
  endfacet
  facet normal -0 0 1
    outer loop
      vertex 5.525 -9.56958 8
      vertex 6.725 -11.648 8
      vertex 6.13905 -9.18774 8
    endloop
  endfacet
  facet normal 0 0 1
    outer loop
      vertex 6.725 -11.648 8
      vertex 5.525 -9.56958 8
      vertex 5.94878 -12.0629 8
    endloop
  endfacet
  facet normal -0 0 1
    outer loop
      vertex 4.88729 -9.91044 8
      vertex 5.94878 -12.0629 8
      vertex 5.525 -9.56958 8
    endloop
  endfacet
  facet normal 0 0 1
    outer loop
      vertex 5.94878 -12.0629 8
      vertex 4.88729 -9.91044 8
      vertex 5.14709 -12.4262 8
    endloop
  endfacet
  facet normal -0 0 1
    outer loop
      vertex 4.22865 -10.2089 8
      vertex 5.14709 -12.4262 8
      vertex 4.88729 -9.91044 8
    endloop
  endfacet
  facet normal 0 0 1
    outer loop
      vertex 5.14709 -12.4262 8
      vertex 4.22865 -10.2089 8
      vertex 4.32336 -12.7362 8
    endloop
  endfacet
  facet normal -0 0 1
    outer loop
      vertex 3.55191 -10.4636 8
      vertex 4.32336 -12.7362 8
      vertex 4.22865 -10.2089 8
    endloop
  endfacet
  facet normal 0 0 1
    outer loop
      vertex 3.55191 -10.4636 8
      vertex 3.48112 -12.9917 8
      vertex 4.32336 -12.7362 8
    endloop
  endfacet
  facet normal -0 0 1
    outer loop
      vertex 2.85995 -10.6735 8
      vertex 3.48112 -12.9917 8
      vertex 3.55191 -10.4636 8
    endloop
  endfacet
  facet normal 0 0 1
    outer loop
      vertex 2.85995 -10.6735 8
      vertex 2.62396 -13.1916 8
      vertex 3.48112 -12.9917 8
    endloop
  endfacet
  facet normal -0 0 1
    outer loop
      vertex 2.15575 -10.8377 8
      vertex 2.62396 -13.1916 8
      vertex 2.85995 -10.6735 8
    endloop
  endfacet
  facet normal 0 0 1
    outer loop
      vertex 2.15575 -10.8377 8
      vertex 1.75558 -13.3349 8
      vertex 2.62396 -13.1916 8
    endloop
  endfacet
  facet normal -0 0 1
    outer loop
      vertex 1.44231 -10.9555 8
      vertex 1.75558 -13.3349 8
      vertex 2.15575 -10.8377 8
    endloop
  endfacet
  facet normal 0 0 1
    outer loop
      vertex 1.44231 -10.9555 8
      vertex 0.879672 -13.4212 8
      vertex 1.75558 -13.3349 8
    endloop
  endfacet
  facet normal -0 0 1
    outer loop
      vertex 0.722704 -11.0263 8
      vertex 0.879672 -13.4212 8
      vertex 1.44231 -10.9555 8
    endloop
  endfacet
  facet normal -0 0 1
    outer loop
      vertex 0 -11.05 8
      vertex 0.879672 -13.4212 8
      vertex 0.722704 -11.0263 8
    endloop
  endfacet
  facet normal 0 0 1
    outer loop
      vertex 0 -11.05 8
      vertex 0 -13.45 8
      vertex 0.879672 -13.4212 8
    endloop
  endfacet
  facet normal 0 0 1
    outer loop
      vertex -0.722704 -11.0263 8
      vertex 0 -13.45 8
      vertex 0 -11.05 8
    endloop
  endfacet
  facet normal 0 0 1
    outer loop
      vertex -0.722704 -11.0263 8
      vertex -0.879672 -13.4212 8
      vertex 0 -13.45 8
    endloop
  endfacet
  facet normal 0 0 1
    outer loop
      vertex -1.44231 -10.9555 8
      vertex -0.879672 -13.4212 8
      vertex -0.722704 -11.0263 8
    endloop
  endfacet
  facet normal 0 0 1
    outer loop
      vertex -1.44231 -10.9555 8
      vertex -1.75558 -13.3349 8
      vertex -0.879672 -13.4212 8
    endloop
  endfacet
  facet normal 0 0 1
    outer loop
      vertex -2.15575 -10.8377 8
      vertex -1.75558 -13.3349 8
      vertex -1.44231 -10.9555 8
    endloop
  endfacet
  facet normal 0 0 1
    outer loop
      vertex -2.15575 -10.8377 8
      vertex -2.62396 -13.1916 8
      vertex -1.75558 -13.3349 8
    endloop
  endfacet
  facet normal 0 0 1
    outer loop
      vertex -2.85995 -10.6735 8
      vertex -2.62396 -13.1916 8
      vertex -2.15575 -10.8377 8
    endloop
  endfacet
  facet normal 0 0 1
    outer loop
      vertex -2.85995 -10.6735 8
      vertex -3.48112 -12.9917 8
      vertex -2.62396 -13.1916 8
    endloop
  endfacet
  facet normal 0 0 1
    outer loop
      vertex -3.55191 -10.4636 8
      vertex -3.48112 -12.9917 8
      vertex -2.85995 -10.6735 8
    endloop
  endfacet
  facet normal 0 0 1
    outer loop
      vertex -4.32336 -12.7362 8
      vertex -3.55191 -10.4636 8
      vertex -4.22865 -10.2089 8
    endloop
  endfacet
  facet normal 0 0 1
    outer loop
      vertex -3.55191 -10.4636 8
      vertex -4.32336 -12.7362 8
      vertex -3.48112 -12.9917 8
    endloop
  endfacet
  facet normal 0 0 1
    outer loop
      vertex -5.14709 -12.4262 8
      vertex -4.22865 -10.2089 8
      vertex -4.88729 -9.91044 8
    endloop
  endfacet
  facet normal 0 0 1
    outer loop
      vertex -4.22865 -10.2089 8
      vertex -5.14709 -12.4262 8
      vertex -4.32336 -12.7362 8
    endloop
  endfacet
  facet normal 0 0 1
    outer loop
      vertex -5.94878 -12.0629 8
      vertex -4.88729 -9.91044 8
      vertex -5.525 -9.56958 8
    endloop
  endfacet
  facet normal 0 0 1
    outer loop
      vertex -4.88729 -9.91044 8
      vertex -5.94878 -12.0629 8
      vertex -5.14709 -12.4262 8
    endloop
  endfacet
  facet normal 0 0 1
    outer loop
      vertex -6.725 -11.648 8
      vertex -5.525 -9.56958 8
      vertex -6.13905 -9.18774 8
    endloop
  endfacet
  facet normal 0 0 1
    outer loop
      vertex -5.525 -9.56958 8
      vertex -6.725 -11.648 8
      vertex -5.94878 -12.0629 8
    endloop
  endfacet
  facet normal 0 0 1
    outer loop
      vertex -7.47242 -11.1833 8
      vertex -6.13905 -9.18774 8
      vertex -6.72681 -8.76655 8
    endloop
  endfacet
  facet normal 0 0 1
    outer loop
      vertex -8.18784 -10.6706 8
      vertex -6.72681 -8.76655 8
      vertex -7.28577 -8.30783 8
    endloop
  endfacet
  facet normal 0 0 1
    outer loop
      vertex -6.13905 -9.18774 8
      vertex -7.47242 -11.1833 8
      vertex -6.725 -11.648 8
    endloop
  endfacet
  facet normal 0 0 1
    outer loop
      vertex -8.8682 -10.1122 8
      vertex -7.28577 -8.30783 8
      vertex -7.81353 -7.81353 8
    endloop
  endfacet
  facet normal 0 0 1
    outer loop
      vertex -6.72681 -8.76655 8
      vertex -8.18784 -10.6706 8
      vertex -7.47242 -11.1833 8
    endloop
  endfacet
  facet normal 0 0 1
    outer loop
      vertex -9.51059 -9.51059 8
      vertex -7.81353 -7.81353 8
      vertex -8.30783 -7.28577 8
    endloop
  endfacet
  facet normal 0 0 1
    outer loop
      vertex -10.1122 -8.8682 8
      vertex -8.30783 -7.28577 8
      vertex -8.76655 -6.72681 8
    endloop
  endfacet
  facet normal 0 0 1
    outer loop
      vertex -7.28577 -8.30783 8
      vertex -8.8682 -10.1122 8
      vertex -8.18784 -10.6706 8
    endloop
  endfacet
  facet normal 0 0 1
    outer loop
      vertex -10.6706 -8.18784 8
      vertex -8.76655 -6.72681 8
      vertex -9.18774 -6.13905 8
    endloop
  endfacet
  facet normal 0 0 1
    outer loop
      vertex -7.81353 -7.81353 8
      vertex -9.51059 -9.51059 8
      vertex -8.8682 -10.1122 8
    endloop
  endfacet
  facet normal 0 0 1
    outer loop
      vertex -11.1833 -7.47242 8
      vertex -9.18774 -6.13905 8
      vertex -9.56958 -5.525 8
    endloop
  endfacet
  facet normal 0 0 1
    outer loop
      vertex -11.648 -6.725 8
      vertex -9.56958 -5.525 8
      vertex -9.91044 -4.88729 8
    endloop
  endfacet
  facet normal 0 0 1
    outer loop
      vertex -8.30783 -7.28577 8
      vertex -10.1122 -8.8682 8
      vertex -9.51059 -9.51059 8
    endloop
  endfacet
  facet normal 0 0 1
    outer loop
      vertex -12.0629 -5.94878 8
      vertex -9.91044 -4.88729 8
      vertex -10.2089 -4.22865 8
    endloop
  endfacet
  facet normal 0 0 1
    outer loop
      vertex -12.4262 -5.14709 8
      vertex -10.2089 -4.22865 8
      vertex -10.4636 -3.55191 8
    endloop
  endfacet
  facet normal 0 0 1
    outer loop
      vertex -8.76655 -6.72681 8
      vertex -10.6706 -8.18784 8
      vertex -10.1122 -8.8682 8
    endloop
  endfacet
  facet normal 0 0 1
    outer loop
      vertex -12.7362 -4.32336 8
      vertex -10.4636 -3.55191 8
      vertex -10.6735 -2.85995 8
    endloop
  endfacet
  facet normal 0 0 1
    outer loop
      vertex -12.9917 -3.48112 8
      vertex -10.6735 -2.85995 8
      vertex -10.8377 -2.15575 8
    endloop
  endfacet
  facet normal 0 0 1
    outer loop
      vertex -13.1916 -2.62396 8
      vertex -10.8377 -2.15575 8
      vertex -10.9555 -1.44231 8
    endloop
  endfacet
  facet normal 0 0 1
    outer loop
      vertex -13.3349 -1.75558 8
      vertex -10.9555 -1.44231 8
      vertex -11.0263 -0.722704 8
    endloop
  endfacet
  facet normal 0 0 1
    outer loop
      vertex -9.18774 -6.13905 8
      vertex -11.1833 -7.47242 8
      vertex -10.6706 -8.18784 8
    endloop
  endfacet
  facet normal 0 0 1
    outer loop
      vertex -13.4212 -0.879672 8
      vertex -11.0263 -0.722704 8
      vertex -11.05 0 8
    endloop
  endfacet
  facet normal -0 0 1
    outer loop
      vertex -12.9917 3.48112 8
      vertex -10.6735 2.85995 8
      vertex -12.7362 4.32336 8
    endloop
  endfacet
  facet normal 0 0 1
    outer loop
      vertex -10.6735 2.85995 8
      vertex -12.9917 3.48112 8
      vertex -10.8377 2.15575 8
    endloop
  endfacet
  facet normal 0 0 1
    outer loop
      vertex -9.56958 -5.525 8
      vertex -11.648 -6.725 8
      vertex -11.1833 -7.47242 8
    endloop
  endfacet
  facet normal -0 0 1
    outer loop
      vertex -13.1916 2.62396 8
      vertex -10.8377 2.15575 8
      vertex -12.9917 3.48112 8
    endloop
  endfacet
  facet normal 0 0 1
    outer loop
      vertex -9.91044 -4.88729 8
      vertex -12.0629 -5.94878 8
      vertex -11.648 -6.725 8
    endloop
  endfacet
  facet normal 0 0 1
    outer loop
      vertex -10.8377 2.15575 8
      vertex -13.1916 2.62396 8
      vertex -10.9555 1.44231 8
    endloop
  endfacet
  facet normal 0 0 1
    outer loop
      vertex -10.2089 -4.22865 8
      vertex -12.4262 -5.14709 8
      vertex -12.0629 -5.94878 8
    endloop
  endfacet
  facet normal -0 0 1
    outer loop
      vertex -13.3349 1.75558 8
      vertex -10.9555 1.44231 8
      vertex -13.1916 2.62396 8
    endloop
  endfacet
  facet normal 0 0 1
    outer loop
      vertex -10.4636 -3.55191 8
      vertex -12.7362 -4.32336 8
      vertex -12.4262 -5.14709 8
    endloop
  endfacet
  facet normal 0 0 1
    outer loop
      vertex -10.9555 1.44231 8
      vertex -13.3349 1.75558 8
      vertex -11.0263 0.722704 8
    endloop
  endfacet
  facet normal 0 0 1
    outer loop
      vertex -10.6735 -2.85995 8
      vertex -12.9917 -3.48112 8
      vertex -12.7362 -4.32336 8
    endloop
  endfacet
  facet normal -0 0 1
    outer loop
      vertex -13.4212 0.879672 8
      vertex -11.0263 0.722704 8
      vertex -13.3349 1.75558 8
    endloop
  endfacet
  facet normal 0 0 1
    outer loop
      vertex -10.8377 -2.15575 8
      vertex -13.1916 -2.62396 8
      vertex -12.9917 -3.48112 8
    endloop
  endfacet
  facet normal 0 0 1
    outer loop
      vertex -11.0263 0.722704 8
      vertex -13.4212 0.879672 8
      vertex -11.05 0 8
    endloop
  endfacet
  facet normal 0 0 1
    outer loop
      vertex -10.9555 -1.44231 8
      vertex -13.3349 -1.75558 8
      vertex -13.1916 -2.62396 8
    endloop
  endfacet
  facet normal 0 0 1
    outer loop
      vertex -13.45 0 8
      vertex -11.05 0 8
      vertex -13.4212 0.879672 8
    endloop
  endfacet
  facet normal 0 0 1
    outer loop
      vertex -11.0263 -0.722704 8
      vertex -13.4212 -0.879672 8
      vertex -13.3349 -1.75558 8
    endloop
  endfacet
  facet normal 0 0 1
    outer loop
      vertex -11.05 0 8
      vertex -13.45 0 8
      vertex -13.4212 -0.879672 8
    endloop
  endfacet
  facet normal -0.471398 0.88192 0
    outer loop
      vertex -5.94878 12.0629 0
      vertex -6.725 11.648 8
      vertex -5.94878 12.0629 8
    endloop
  endfacet
  facet normal -0.471398 0.88192 0
    outer loop
      vertex -6.725 11.648 8
      vertex -5.94878 12.0629 0
      vertex -6.725 11.648 0
    endloop
  endfacet
  facet normal -0.634422 0.772987 0
    outer loop
      vertex -8.18784 10.6706 0
      vertex -8.8682 10.1122 8
      vertex -8.18784 10.6706 8
    endloop
  endfacet
  facet normal -0.634422 0.772987 0
    outer loop
      vertex -8.8682 10.1122 8
      vertex -8.18784 10.6706 0
      vertex -8.8682 10.1122 0
    endloop
  endfacet
  facet normal -0.227118 0.973867 0
    outer loop
      vertex -2.62396 13.1916 2
      vertex -3.48112 12.9917 8
      vertex -2.62396 13.1916 8
    endloop
  endfacet
  facet normal -0.227118 0.973867 0
    outer loop
      vertex -3.48112 12.9917 8
      vertex -2.62396 13.1916 2
      vertex -3.48112 12.9917 2
    endloop
  endfacet
  facet normal -0.290294 0.956937 0
    outer loop
      vertex -3.48112 12.9917 2
      vertex -4.32336 12.7362 8
      vertex -3.48112 12.9917 8
    endloop
  endfacet
  facet normal -0.290294 0.956937 0
    outer loop
      vertex -4.32336 12.7362 8
      vertex -3.48112 12.9917 2
      vertex -4.32336 12.7362 2
    endloop
  endfacet
  facet normal -0.0327219 0.999464 0
    outer loop
      vertex 0 13.45 2
      vertex -0.879672 13.4212 8
      vertex 0 13.45 8
    endloop
  endfacet
  facet normal -0.0327219 0.999464 0
    outer loop
      vertex -0.879672 13.4212 8
      vertex 0 13.45 2
      vertex -0.879672 13.4212 2
    endloop
  endfacet
  facet normal 0.0327219 -0.999464 0
    outer loop
      vertex 0 -13.45 0
      vertex 0.879672 -13.4212 8
      vertex 0 -13.45 8
    endloop
  endfacet
  facet normal 0.0327219 -0.999464 0
    outer loop
      vertex 0.879672 -13.4212 8
      vertex 0 -13.45 0
      vertex 0.879672 -13.4212 0
    endloop
  endfacet
  facet normal 0.162818 -0.986656 0
    outer loop
      vertex 1.75558 -13.3349 0
      vertex 2.62396 -13.1916 8
      vertex 1.75558 -13.3349 8
    endloop
  endfacet
  facet normal 0.162818 -0.986656 0
    outer loop
      vertex 2.62396 -13.1916 8
      vertex 1.75558 -13.3349 0
      vertex 2.62396 -13.1916 0
    endloop
  endfacet
  facet normal 0.35222 -0.935917 0
    outer loop
      vertex 4.32336 -12.7362 0
      vertex 5.14709 -12.4262 8
      vertex 4.32336 -12.7362 8
    endloop
  endfacet
  facet normal 0.35222 -0.935917 0
    outer loop
      vertex 5.14709 -12.4262 8
      vertex 4.32336 -12.7362 0
      vertex 5.14709 -12.4262 0
    endloop
  endfacet
  facet normal 0.227118 -0.973867 0
    outer loop
      vertex 2.62396 -13.1916 0
      vertex 3.48112 -12.9917 8
      vertex 2.62396 -13.1916 8
    endloop
  endfacet
  facet normal 0.227118 -0.973867 0
    outer loop
      vertex 3.48112 -12.9917 8
      vertex 2.62396 -13.1916 0
      vertex 3.48112 -12.9917 0
    endloop
  endfacet
  facet normal 0.634422 -0.772987 0
    outer loop
      vertex 8.18784 -10.6706 0
      vertex 8.8682 -10.1122 8
      vertex 8.18784 -10.6706 8
    endloop
  endfacet
  facet normal 0.634422 -0.772987 0
    outer loop
      vertex 8.8682 -10.1122 8
      vertex 8.18784 -10.6706 0
      vertex 8.8682 -10.1122 0
    endloop
  endfacet
  facet normal 0.471398 -0.88192 0
    outer loop
      vertex 5.94878 -12.0629 0
      vertex 6.725 -11.648 8
      vertex 5.94878 -12.0629 8
    endloop
  endfacet
  facet normal 0.471398 -0.88192 0
    outer loop
      vertex 6.725 -11.648 8
      vertex 5.94878 -12.0629 0
      vertex 6.725 -11.648 0
    endloop
  endfacet
  facet normal 0.729895 -0.68356 0
    outer loop
      vertex 9.51059 -9.51059 8
      vertex 10.1122 -8.8682 0
      vertex 10.1122 -8.8682 8
    endloop
  endfacet
  facet normal 0.729895 -0.68356 0
    outer loop
      vertex 10.1122 -8.8682 0
      vertex 9.51059 -9.51059 8
      vertex 9.51059 -9.51059 0
    endloop
  endfacet
  facet normal 0.812827 -0.582506 0
    outer loop
      vertex 10.6706 -8.18784 8
      vertex 11.1833 -7.47242 0
      vertex 11.1833 -7.47242 8
    endloop
  endfacet
  facet normal 0.812827 -0.582506 0
    outer loop
      vertex 11.1833 -7.47242 0
      vertex 10.6706 -8.18784 8
      vertex 10.6706 -8.18784 0
    endloop
  endfacet
  facet normal 0.910839 -0.412763 0
    outer loop
      vertex 12.0629 -5.94878 8
      vertex 12.4262 -5.14709 0
      vertex 12.4262 -5.14709 8
    endloop
  endfacet
  facet normal 0.910839 -0.412763 0
    outer loop
      vertex 12.4262 -5.14709 0
      vertex 12.0629 -5.94878 8
      vertex 12.0629 -5.94878 0
    endloop
  endfacet
  facet normal 0.849241 -0.528006 0
    outer loop
      vertex 11.1833 -7.47242 8
      vertex 11.648 -6.725 0
      vertex 11.648 -6.725 8
    endloop
  endfacet
  facet normal 0.849241 -0.528006 0
    outer loop
      vertex 11.648 -6.725 0
      vertex 11.1833 -7.47242 8
      vertex 11.1833 -7.47242 0
    endloop
  endfacet
  facet normal 0.956937 -0.290294 0
    outer loop
      vertex 12.7362 -4.32336 8
      vertex 12.9917 -3.48112 0
      vertex 12.9917 -3.48112 8
    endloop
  endfacet
  facet normal 0.956937 -0.290294 0
    outer loop
      vertex 12.9917 -3.48112 0
      vertex 12.7362 -4.32336 8
      vertex 12.7362 -4.32336 0
    endloop
  endfacet
  facet normal 0.995181 -0.0980516 0
    outer loop
      vertex 13.3349 -1.75558 8
      vertex 13.4212 -0.879672 2
      vertex 13.4212 -0.879672 8
    endloop
  endfacet
  facet normal 0.995181 -0.0980516 0
    outer loop
      vertex 13.4212 -0.879672 2
      vertex 13.3349 -1.75558 8
      vertex 13.3349 -1.75558 2
    endloop
  endfacet
  facet normal -0.68356 -0.729895 0
    outer loop
      vertex -9.51059 -9.51059 0
      vertex -8.8682 -10.1122 8
      vertex -9.51059 -9.51059 8
    endloop
  endfacet
  facet normal -0.68356 -0.729895 -0
    outer loop
      vertex -8.8682 -10.1122 8
      vertex -9.51059 -9.51059 0
      vertex -8.8682 -10.1122 0
    endloop
  endfacet
  facet normal -0.582506 -0.812827 0
    outer loop
      vertex -8.18784 -10.6706 0
      vertex -7.47242 -11.1833 8
      vertex -8.18784 -10.6706 8
    endloop
  endfacet
  facet normal -0.582506 -0.812827 -0
    outer loop
      vertex -7.47242 -11.1833 8
      vertex -8.18784 -10.6706 0
      vertex -7.47242 -11.1833 0
    endloop
  endfacet
  facet normal -0.412763 -0.910839 0
    outer loop
      vertex -5.94878 -12.0629 0
      vertex -5.14709 -12.4262 8
      vertex -5.94878 -12.0629 8
    endloop
  endfacet
  facet normal -0.412763 -0.910839 -0
    outer loop
      vertex -5.14709 -12.4262 8
      vertex -5.94878 -12.0629 0
      vertex -5.14709 -12.4262 0
    endloop
  endfacet
  facet normal -0.528006 -0.849241 0
    outer loop
      vertex -7.47242 -11.1833 0
      vertex -6.725 -11.648 8
      vertex -7.47242 -11.1833 8
    endloop
  endfacet
  facet normal -0.528006 -0.849241 -0
    outer loop
      vertex -6.725 -11.648 8
      vertex -7.47242 -11.1833 0
      vertex -6.725 -11.648 0
    endloop
  endfacet
  facet normal -0.290294 -0.956937 0
    outer loop
      vertex -4.32336 -12.7362 0
      vertex -3.48112 -12.9917 8
      vertex -4.32336 -12.7362 8
    endloop
  endfacet
  facet normal -0.290294 -0.956937 -0
    outer loop
      vertex -3.48112 -12.9917 8
      vertex -4.32336 -12.7362 0
      vertex -3.48112 -12.9917 0
    endloop
  endfacet
  facet normal -0.0980516 -0.995181 0
    outer loop
      vertex -1.75558 -13.3349 0
      vertex -0.879672 -13.4212 8
      vertex -1.75558 -13.3349 8
    endloop
  endfacet
  facet normal -0.0980516 -0.995181 -0
    outer loop
      vertex -0.879672 -13.4212 8
      vertex -1.75558 -13.3349 0
      vertex -0.879672 -13.4212 0
    endloop
  endfacet
  facet normal -0.88192 -0.471398 0
    outer loop
      vertex -11.648 -6.725 0
      vertex -12.0629 -5.94878 8
      vertex -12.0629 -5.94878 0
    endloop
  endfacet
  facet normal -0.88192 -0.471398 0
    outer loop
      vertex -12.0629 -5.94878 8
      vertex -11.648 -6.725 0
      vertex -11.648 -6.725 8
    endloop
  endfacet
  facet normal -0.772987 -0.634422 0
    outer loop
      vertex -10.1122 -8.8682 0
      vertex -10.6706 -8.18784 8
      vertex -10.6706 -8.18784 0
    endloop
  endfacet
  facet normal -0.772987 -0.634422 0
    outer loop
      vertex -10.6706 -8.18784 8
      vertex -10.1122 -8.8682 0
      vertex -10.1122 -8.8682 8
    endloop
  endfacet
  facet normal -0.973869 -0.227112 0
    outer loop
      vertex -13.1039 -3 0
      vertex -12.9917 -3.48112 0
      vertex -13.1039 -3 2
    endloop
  endfacet
  facet normal -0.973866 -0.227125 0
    outer loop
      vertex -13.1039 -3 2
      vertex -13.1916 -2.62396 8
      vertex -13.1916 -2.62396 2
    endloop
  endfacet
  facet normal -0.973869 -0.227112 -0
    outer loop
      vertex -12.9917 -3.48112 8
      vertex -13.1039 -3 2
      vertex -12.9917 -3.48112 0
    endloop
  endfacet
  facet normal -0.973867 -0.227118 -4.80215e-07
    outer loop
      vertex -13.1039 -3 2
      vertex -12.9917 -3.48112 8
      vertex -13.1916 -2.62396 8
    endloop
  endfacet
  facet normal -0.935917 -0.35222 0
    outer loop
      vertex -12.4262 -5.14709 0
      vertex -12.7362 -4.32336 8
      vertex -12.7362 -4.32336 0
    endloop
  endfacet
  facet normal -0.935917 -0.35222 0
    outer loop
      vertex -12.7362 -4.32336 8
      vertex -12.4262 -5.14709 0
      vertex -12.4262 -5.14709 8
    endloop
  endfacet
  facet normal -0.986656 -0.162818 0
    outer loop
      vertex -13.1916 -2.62396 2
      vertex -13.3349 -1.75558 8
      vertex -13.3349 -1.75558 2
    endloop
  endfacet
  facet normal -0.986656 -0.162818 0
    outer loop
      vertex -13.3349 -1.75558 8
      vertex -13.1916 -2.62396 2
      vertex -13.1916 -2.62396 8
    endloop
  endfacet
  facet normal -0.999464 -0.0327219 0
    outer loop
      vertex -13.4212 -0.879672 2
      vertex -13.45 0 8
      vertex -13.45 0 2
    endloop
  endfacet
  facet normal -0.999464 -0.0327219 0
    outer loop
      vertex -13.45 0 8
      vertex -13.4212 -0.879672 2
      vertex -13.4212 -0.879672 8
    endloop
  endfacet
  facet normal 0.0980516 -0.995181 0
    outer loop
      vertex 0.879672 -13.4212 0
      vertex 1.75558 -13.3349 8
      vertex 0.879672 -13.4212 8
    endloop
  endfacet
  facet normal 0.0980516 -0.995181 0
    outer loop
      vertex 1.75558 -13.3349 8
      vertex 0.879672 -13.4212 0
      vertex 1.75558 -13.3349 0
    endloop
  endfacet
  facet normal 0.290294 -0.956937 0
    outer loop
      vertex 3.48112 -12.9917 0
      vertex 4.32336 -12.7362 8
      vertex 3.48112 -12.9917 8
    endloop
  endfacet
  facet normal 0.290294 -0.956937 0
    outer loop
      vertex 4.32336 -12.7362 8
      vertex 3.48112 -12.9917 0
      vertex 4.32336 -12.7362 0
    endloop
  endfacet
  facet normal 0.68356 -0.729895 0
    outer loop
      vertex 8.8682 -10.1122 0
      vertex 9.51059 -9.51059 8
      vertex 8.8682 -10.1122 8
    endloop
  endfacet
  facet normal 0.68356 -0.729895 0
    outer loop
      vertex 9.51059 -9.51059 8
      vertex 8.8682 -10.1122 0
      vertex 9.51059 -9.51059 0
    endloop
  endfacet
  facet normal 0.772987 -0.634422 0
    outer loop
      vertex 10.1122 -8.8682 8
      vertex 10.6706 -8.18784 0
      vertex 10.6706 -8.18784 8
    endloop
  endfacet
  facet normal 0.772987 -0.634422 0
    outer loop
      vertex 10.6706 -8.18784 0
      vertex 10.1122 -8.8682 8
      vertex 10.1122 -8.8682 0
    endloop
  endfacet
  facet normal 0.935917 -0.35222 0
    outer loop
      vertex 12.4262 -5.14709 8
      vertex 12.7362 -4.32336 0
      vertex 12.7362 -4.32336 8
    endloop
  endfacet
  facet normal 0.935917 -0.35222 0
    outer loop
      vertex 12.7362 -4.32336 0
      vertex 12.4262 -5.14709 8
      vertex 12.4262 -5.14709 0
    endloop
  endfacet
  facet normal 0.88192 -0.471398 0
    outer loop
      vertex 11.648 -6.725 8
      vertex 12.0629 -5.94878 0
      vertex 12.0629 -5.94878 8
    endloop
  endfacet
  facet normal 0.88192 -0.471398 0
    outer loop
      vertex 12.0629 -5.94878 0
      vertex 11.648 -6.725 8
      vertex 11.648 -6.725 0
    endloop
  endfacet
  facet normal 0.973866 -0.227125 0
    outer loop
      vertex 13.1916 -2.62396 8
      vertex 13.1039 -3 2
      vertex 13.1916 -2.62396 2
    endloop
  endfacet
  facet normal 0.973867 -0.227118 -4.80215e-07
    outer loop
      vertex 12.9917 -3.48112 8
      vertex 13.1039 -3 2
      vertex 13.1916 -2.62396 8
    endloop
  endfacet
  facet normal 0.973869 -0.227112 0
    outer loop
      vertex 12.9917 -3.48112 0
      vertex 13.1039 -3 2
      vertex 12.9917 -3.48112 8
    endloop
  endfacet
  facet normal 0.973869 -0.227112 0
    outer loop
      vertex 13.1039 -3 2
      vertex 12.9917 -3.48112 0
      vertex 13.1039 -3 0
    endloop
  endfacet
  facet normal 0.999464 -0.0327219 0
    outer loop
      vertex 13.4212 -0.879672 8
      vertex 13.45 0 2
      vertex 13.45 0 8
    endloop
  endfacet
  facet normal 0.999464 -0.0327219 0
    outer loop
      vertex 13.45 0 2
      vertex 13.4212 -0.879672 8
      vertex 13.4212 -0.879672 2
    endloop
  endfacet
  facet normal -0.634422 -0.772987 0
    outer loop
      vertex -8.8682 -10.1122 0
      vertex -8.18784 -10.6706 8
      vertex -8.8682 -10.1122 8
    endloop
  endfacet
  facet normal -0.634422 -0.772987 -0
    outer loop
      vertex -8.18784 -10.6706 8
      vertex -8.8682 -10.1122 0
      vertex -8.18784 -10.6706 0
    endloop
  endfacet
  facet normal -0.471398 -0.88192 0
    outer loop
      vertex -6.725 -11.648 0
      vertex -5.94878 -12.0629 8
      vertex -6.725 -11.648 8
    endloop
  endfacet
  facet normal -0.471398 -0.88192 -0
    outer loop
      vertex -5.94878 -12.0629 8
      vertex -6.725 -11.648 0
      vertex -5.94878 -12.0629 0
    endloop
  endfacet
  facet normal -0.0327219 -0.999464 0
    outer loop
      vertex -0.879672 -13.4212 0
      vertex 0 -13.45 8
      vertex -0.879672 -13.4212 8
    endloop
  endfacet
  facet normal -0.0327219 -0.999464 -0
    outer loop
      vertex 0 -13.45 8
      vertex -0.879672 -13.4212 0
      vertex 0 -13.45 0
    endloop
  endfacet
  facet normal -0.729895 -0.68356 0
    outer loop
      vertex -9.51059 -9.51059 0
      vertex -10.1122 -8.8682 8
      vertex -10.1122 -8.8682 0
    endloop
  endfacet
  facet normal -0.729895 -0.68356 0
    outer loop
      vertex -10.1122 -8.8682 8
      vertex -9.51059 -9.51059 0
      vertex -9.51059 -9.51059 8
    endloop
  endfacet
  facet normal -0.956937 -0.290294 0
    outer loop
      vertex -12.7362 -4.32336 0
      vertex -12.9917 -3.48112 8
      vertex -12.9917 -3.48112 0
    endloop
  endfacet
  facet normal -0.956937 -0.290294 0
    outer loop
      vertex -12.9917 -3.48112 8
      vertex -12.7362 -4.32336 0
      vertex -12.7362 -4.32336 8
    endloop
  endfacet
  facet normal -0.995181 -0.0980516 0
    outer loop
      vertex -13.3349 -1.75558 2
      vertex -13.4212 -0.879672 8
      vertex -13.4212 -0.879672 2
    endloop
  endfacet
  facet normal -0.995181 -0.0980516 0
    outer loop
      vertex -13.4212 -0.879672 8
      vertex -13.3349 -1.75558 2
      vertex -13.3349 -1.75558 8
    endloop
  endfacet
  facet normal 0.986656 -0.162818 0
    outer loop
      vertex 13.1916 -2.62396 8
      vertex 13.3349 -1.75558 2
      vertex 13.3349 -1.75558 8
    endloop
  endfacet
  facet normal 0.986656 -0.162818 0
    outer loop
      vertex 13.3349 -1.75558 2
      vertex 13.1916 -2.62396 8
      vertex 13.1916 -2.62396 2
    endloop
  endfacet
  facet normal -1 0 0
    outer loop
      vertex -7.8 12.45 0
      vertex -7.8 21.45 2
      vertex -7.8 21.45 0
    endloop
  endfacet
  facet normal -1 -0 0
    outer loop
      vertex -7.8 21.45 2
      vertex -7.8 12.45 0
      vertex -7.8 12.45 2
    endloop
  endfacet
  facet normal -0 0 1
    outer loop
      vertex 3.4 17.45 2
      vertex 7.8 12.45 2
      vertex 7.8 21.45 2
    endloop
  endfacet
  facet normal -0 0 1
    outer loop
      vertex 3.29282 17.05 2
      vertex 7.8 12.45 2
      vertex 3.4 17.45 2
    endloop
  endfacet
  facet normal 0 0 1
    outer loop
      vertex 7.8 12.45 2
      vertex 3.29282 17.05 2
      vertex 5.0838 12.45 2
    endloop
  endfacet
  facet normal 0 0 1
    outer loop
      vertex 5.0838 12.45 2
      vertex 3.29282 17.05 2
      vertex 4.32336 12.7362 2
    endloop
  endfacet
  facet normal 0 0 1
    outer loop
      vertex 7.8 21.45 2
      vertex 3.29282 17.85 2
      vertex 3.4 17.45 2
    endloop
  endfacet
  facet normal 0 0 1
    outer loop
      vertex 7.8 21.45 2
      vertex 3 18.1428 2
      vertex 3.29282 17.85 2
    endloop
  endfacet
  facet normal 0 0 1
    outer loop
      vertex 7.8 21.45 2
      vertex 2.6 18.25 2
      vertex 3 18.1428 2
    endloop
  endfacet
  facet normal 0 0 1
    outer loop
      vertex 0 18.25 2
      vertex 2.6 18.25 2
      vertex 7.8 21.45 2
    endloop
  endfacet
  facet normal 0 0 1
    outer loop
      vertex 2.2 16.7572 2
      vertex 0.879672 13.4212 2
      vertex 1.75558 13.3349 2
    endloop
  endfacet
  facet normal 0 0 1
    outer loop
      vertex 0.69282 17.05 2
      vertex 1.8 17.45 2
      vertex 0.799999 17.45 2
    endloop
  endfacet
  facet normal 0 0 1
    outer loop
      vertex 1.90718 17.85 2
      vertex 0.799999 17.45 2
      vertex 1.8 17.45 2
    endloop
  endfacet
  facet normal 0 0 1
    outer loop
      vertex 0.69282 17.85 2
      vertex 1.90718 17.85 2
      vertex 2.2 18.1428 2
    endloop
  endfacet
  facet normal 0 0 1
    outer loop
      vertex 2.6 18.25 2
      vertex 0 18.25 2
      vertex 2.2 18.1428 2
    endloop
  endfacet
  facet normal 0 0 1
    outer loop
      vertex 1.90718 17.85 2
      vertex 0.69282 17.85 2
      vertex 0.799999 17.45 2
    endloop
  endfacet
  facet normal 0 0 1
    outer loop
      vertex 2.2 18.1428 2
      vertex 0.4 18.1428 2
      vertex 0.69282 17.85 2
    endloop
  endfacet
  facet normal 0 0 1
    outer loop
      vertex 2.2 18.1428 2
      vertex 0 18.25 2
      vertex 0.4 18.1428 2
    endloop
  endfacet
  facet normal -0 0 1
    outer loop
      vertex -7.8 21.45 2
      vertex 0 18.25 2
      vertex 7.8 21.45 2
    endloop
  endfacet
  facet normal 0 0 1
    outer loop
      vertex -0.4 16.7572 2
      vertex -1.75558 13.3349 2
      vertex -0.879672 13.4212 2
    endloop
  endfacet
  facet normal 0 0 1
    outer loop
      vertex -1.90718 17.05 2
      vertex -0.799999 17.45 2
      vertex -1.8 17.45 2
    endloop
  endfacet
  facet normal 0 0 1
    outer loop
      vertex -0.69282 17.85 2
      vertex -1.8 17.45 2
      vertex -0.799999 17.45 2
    endloop
  endfacet
  facet normal 0 0 1
    outer loop
      vertex -1.90718 17.85 2
      vertex -0.69282 17.85 2
      vertex -0.4 18.1428 2
    endloop
  endfacet
  facet normal 0 0 1
    outer loop
      vertex -0.69282 17.85 2
      vertex -1.90718 17.85 2
      vertex -1.8 17.45 2
    endloop
  endfacet
  facet normal 0 -0 1
    outer loop
      vertex -2.6 18.25 2
      vertex 0 18.25 2
      vertex -7.8 21.45 2
    endloop
  endfacet
  facet normal 0 0 1
    outer loop
      vertex -0.4 18.1428 2
      vertex -2.2 18.1428 2
      vertex -1.90718 17.85 2
    endloop
  endfacet
  facet normal 0 0 1
    outer loop
      vertex -0.4 18.1428 2
      vertex -2.6 18.25 2
      vertex -2.2 18.1428 2
    endloop
  endfacet
  facet normal 0 0 1
    outer loop
      vertex 0 18.25 2
      vertex -2.6 18.25 2
      vertex -0.4 18.1428 2
    endloop
  endfacet
  facet normal 0 0 1
    outer loop
      vertex -3 16.7572 2
      vertex -4.32336 12.7362 2
      vertex -3.48112 12.9917 2
    endloop
  endfacet
  facet normal 0 0 1
    outer loop
      vertex -3.29282 17.05 2
      vertex -5.0838 12.45 2
      vertex -4.32336 12.7362 2
    endloop
  endfacet
  facet normal 0 0 1
    outer loop
      vertex -7.8 21.45 2
      vertex -3.4 17.45 2
      vertex -3.29282 17.85 2
    endloop
  endfacet
  facet normal 0 0 1
    outer loop
      vertex -2.6 18.25 2
      vertex -7.8 21.45 2
      vertex -3 18.1428 2
    endloop
  endfacet
  facet normal 0 0 1
    outer loop
      vertex -7.8 21.45 2
      vertex -3.29282 17.85 2
      vertex -3 18.1428 2
    endloop
  endfacet
  facet normal 0 0 1
    outer loop
      vertex -3.4 17.45 2
      vertex -7.8 21.45 2
      vertex -7.8 12.45 2
    endloop
  endfacet
  facet normal 0 0 1
    outer loop
      vertex -3.29282 17.05 2
      vertex -7.8 12.45 2
      vertex -5.0838 12.45 2
    endloop
  endfacet
  facet normal -0 0 1
    outer loop
      vertex 3 16.7572 2
      vertex 4.32336 12.7362 2
      vertex 3.29282 17.05 2
    endloop
  endfacet
  facet normal 0 0 1
    outer loop
      vertex 4.32336 12.7362 2
      vertex 3 16.7572 2
      vertex 3.48112 12.9917 2
    endloop
  endfacet
  facet normal 0 0 1
    outer loop
      vertex 3 16.7572 2
      vertex 2.62396 13.1916 2
      vertex 3.48112 12.9917 2
    endloop
  endfacet
  facet normal -0 0 1
    outer loop
      vertex 2.6 16.65 2
      vertex 2.62396 13.1916 2
      vertex 3 16.7572 2
    endloop
  endfacet
  facet normal 0 0 1
    outer loop
      vertex 1.75558 13.3349 2
      vertex 2.6 16.65 2
      vertex 2.2 16.7572 2
    endloop
  endfacet
  facet normal 0 0 1
    outer loop
      vertex 0.879672 13.4212 2
      vertex 2.2 16.7572 2
      vertex 1.90718 17.05 2
    endloop
  endfacet
  facet normal 0 0 1
    outer loop
      vertex 0.69282 17.05 2
      vertex 1.90718 17.05 2
      vertex 1.8 17.45 2
    endloop
  endfacet
  facet normal 0 0 1
    outer loop
      vertex 2.6 16.65 2
      vertex 1.75558 13.3349 2
      vertex 2.62396 13.1916 2
    endloop
  endfacet
  facet normal 0 0 1
    outer loop
      vertex 1.90718 17.05 2
      vertex 0.69282 17.05 2
      vertex 0.4 16.7572 2
    endloop
  endfacet
  facet normal 0 0 1
    outer loop
      vertex 1.90718 17.05 2
      vertex 0.4 16.7572 2
      vertex 0.879672 13.4212 2
    endloop
  endfacet
  facet normal -0 0 1
    outer loop
      vertex 0 16.65 2
      vertex 0.879672 13.4212 2
      vertex 0.4 16.7572 2
    endloop
  endfacet
  facet normal 0 0 1
    outer loop
      vertex 0 16.65 2
      vertex 0 13.45 2
      vertex 0.879672 13.4212 2
    endloop
  endfacet
  facet normal 0 0 1
    outer loop
      vertex -0.879672 13.4212 2
      vertex 0 16.65 2
      vertex -0.4 16.7572 2
    endloop
  endfacet
  facet normal 0 0 1
    outer loop
      vertex -1.75558 13.3349 2
      vertex -0.4 16.7572 2
      vertex -0.69282 17.05 2
    endloop
  endfacet
  facet normal 0 0 1
    outer loop
      vertex -1.90718 17.05 2
      vertex -0.69282 17.05 2
      vertex -0.799999 17.45 2
    endloop
  endfacet
  facet normal 0 0 1
    outer loop
      vertex 0 16.65 2
      vertex -0.879672 13.4212 2
      vertex 0 13.45 2
    endloop
  endfacet
  facet normal 0 0 1
    outer loop
      vertex -0.69282 17.05 2
      vertex -1.90718 17.05 2
      vertex -2.2 16.7572 2
    endloop
  endfacet
  facet normal 0 0 1
    outer loop
      vertex -0.69282 17.05 2
      vertex -2.2 16.7572 2
      vertex -1.75558 13.3349 2
    endloop
  endfacet
  facet normal -0 0 1
    outer loop
      vertex -2.6 16.65 2
      vertex -1.75558 13.3349 2
      vertex -2.2 16.7572 2
    endloop
  endfacet
  facet normal 0 0 1
    outer loop
      vertex -2.6 16.65 2
      vertex -2.62396 13.1916 2
      vertex -1.75558 13.3349 2
    endloop
  endfacet
  facet normal 0 0 1
    outer loop
      vertex -3 16.7572 2
      vertex -2.62396 13.1916 2
      vertex -2.6 16.65 2
    endloop
  endfacet
  facet normal 0 0 1
    outer loop
      vertex -4.32336 12.7362 2
      vertex -3 16.7572 2
      vertex -3.29282 17.05 2
    endloop
  endfacet
  facet normal 0 0 1
    outer loop
      vertex -7.8 12.45 2
      vertex -3.29282 17.05 2
      vertex -3.4 17.45 2
    endloop
  endfacet
  facet normal 0 0 1
    outer loop
      vertex -3 16.7572 2
      vertex -3.48112 12.9917 2
      vertex -2.62396 13.1916 2
    endloop
  endfacet
  facet normal 1 -0 0
    outer loop
      vertex 7.8 12.45 2
      vertex 7.8 21.45 0
      vertex 7.8 21.45 2
    endloop
  endfacet
  facet normal 1 0 0
    outer loop
      vertex 7.8 21.45 0
      vertex 7.8 12.45 2
      vertex 7.8 12.45 0
    endloop
  endfacet
  facet normal 0 1 -0
    outer loop
      vertex 7.8 21.45 0
      vertex -7.8 21.45 2
      vertex 7.8 21.45 2
    endloop
  endfacet
  facet normal 0 1 0
    outer loop
      vertex -7.8 21.45 2
      vertex 7.8 21.45 0
      vertex -7.8 21.45 0
    endloop
  endfacet
  facet normal 0 -1 0
    outer loop
      vertex 5.0838 12.45 0
      vertex 7.8 12.45 2
      vertex 5.0838 12.45 2
    endloop
  endfacet
  facet normal 0 -1 -0
    outer loop
      vertex 7.8 12.45 2
      vertex 5.0838 12.45 0
      vertex 7.8 12.45 0
    endloop
  endfacet
  facet normal 0 -1 0
    outer loop
      vertex -7.8 12.45 0
      vertex -5.0838 12.45 2
      vertex -7.8 12.45 2
    endloop
  endfacet
  facet normal 0 -1 -0
    outer loop
      vertex -5.0838 12.45 2
      vertex -7.8 12.45 0
      vertex -5.0838 12.45 0
    endloop
  endfacet
  facet normal -0.999463 -0.0327759 0
    outer loop
      vertex 11.05 0 2
      vertex 11.0263 0.722704 8
      vertex 11.0263 0.722704 2
    endloop
  endfacet
  facet normal -0.999463 -0.0327759 0
    outer loop
      vertex 11.0263 0.722704 8
      vertex 11.05 0 2
      vertex 11.05 0 8
    endloop
  endfacet
  facet normal 0.999463 -0.0327759 0
    outer loop
      vertex -11.05 0 8
      vertex -11.0263 0.722704 2
      vertex -11.0263 0.722704 8
    endloop
  endfacet
  facet normal 0.999463 -0.0327759 0
    outer loop
      vertex -11.0263 0.722704 2
      vertex -11.05 0 8
      vertex -11.05 0 2
    endloop
  endfacet
  facet normal 0.0327759 -0.999463 0
    outer loop
      vertex -0.722704 11.0263 0
      vertex 0 11.05 8
      vertex -0.722704 11.0263 8
    endloop
  endfacet
  facet normal 0.0327759 -0.999463 0
    outer loop
      vertex 0 11.05 8
      vertex -0.722704 11.0263 0
      vertex 0 11.05 0
    endloop
  endfacet
  facet normal -0.0327759 0.999463 0
    outer loop
      vertex 0.722704 -11.0263 0
      vertex 0 -11.05 8
      vertex 0.722704 -11.0263 8
    endloop
  endfacet
  facet normal -0.0327759 0.999463 0
    outer loop
      vertex 0 -11.05 8
      vertex 0.722704 -11.0263 0
      vertex 0 -11.05 0
    endloop
  endfacet
  facet normal -0.683591 -0.729865 0
    outer loop
      vertex 7.28577 8.30783 0
      vertex 7.81353 7.81353 8
      vertex 7.28577 8.30783 8
    endloop
  endfacet
  facet normal -0.683591 -0.729865 -0
    outer loop
      vertex 7.81353 7.81353 8
      vertex 7.28577 8.30783 0
      vertex 7.81353 7.81353 0
    endloop
  endfacet
  facet normal 0.729865 -0.683591 0
    outer loop
      vertex -8.30783 7.28577 8
      vertex -7.81353 7.81353 0
      vertex -7.81353 7.81353 8
    endloop
  endfacet
  facet normal 0.729865 -0.683591 0
    outer loop
      vertex -7.81353 7.81353 0
      vertex -8.30783 7.28577 8
      vertex -8.30783 7.28577 0
    endloop
  endfacet
  facet normal 0.412746 -0.910846 0
    outer loop
      vertex -4.88729 9.91044 0
      vertex -4.22865 10.2089 8
      vertex -4.88729 9.91044 8
    endloop
  endfacet
  facet normal 0.412746 -0.910846 0
    outer loop
      vertex -4.22865 10.2089 8
      vertex -4.88729 9.91044 0
      vertex -4.22865 10.2089 0
    endloop
  endfacet
  facet normal -0.910846 -0.412746 0
    outer loop
      vertex 10.2089 4.22865 0
      vertex 9.91044 4.88729 8
      vertex 9.91044 4.88729 0
    endloop
  endfacet
  facet normal -0.910846 -0.412746 0
    outer loop
      vertex 9.91044 4.88729 8
      vertex 10.2089 4.22865 0
      vertex 10.2089 4.22865 8
    endloop
  endfacet
  facet normal -0.352242 -0.935909 0
    outer loop
      vertex 3.55191 10.4636 0
      vertex 4.22865 10.2089 8
      vertex 3.55191 10.4636 8
    endloop
  endfacet
  facet normal -0.352242 -0.935909 -0
    outer loop
      vertex 4.22865 10.2089 8
      vertex 3.55191 10.4636 0
      vertex 4.22865 10.2089 0
    endloop
  endfacet
  facet normal -0.528067 -0.849203 0
    outer loop
      vertex 5.525 9.56958 0
      vertex 6.13905 9.18774 8
      vertex 5.525 9.56958 8
    endloop
  endfacet
  facet normal -0.528067 -0.849203 -0
    outer loop
      vertex 6.13905 9.18774 8
      vertex 5.525 9.56958 0
      vertex 6.13905 9.18774 0
    endloop
  endfacet
  facet normal 0.935909 -0.352242 0
    outer loop
      vertex -10.4636 3.55191 8
      vertex -10.2089 4.22865 0
      vertex -10.2089 4.22865 8
    endloop
  endfacet
  facet normal 0.935909 -0.352242 0
    outer loop
      vertex -10.2089 4.22865 0
      vertex -10.4636 3.55191 8
      vertex -10.4636 3.55191 0
    endloop
  endfacet
  facet normal 0.227081 -0.973876 0
    outer loop
      vertex -2.85995 10.6735 0
      vertex -2.15575 10.8377 8
      vertex -2.85995 10.6735 8
    endloop
  endfacet
  facet normal 0.227081 -0.973876 0
    outer loop
      vertex -2.15575 10.8377 8
      vertex -2.85995 10.6735 0
      vertex -2.15575 10.8377 0
    endloop
  endfacet
  facet normal -0.95695 0.290253 0
    outer loop
      vertex 10.631 -3 0
      vertex 10.4636 -3.55191 0
      vertex 10.631 -3 2
    endloop
  endfacet
  facet normal -0.956909 0.290387 0
    outer loop
      vertex 10.631 -3 2
      vertex 10.6735 -2.85995 8
      vertex 10.6735 -2.85995 2
    endloop
  endfacet
  facet normal -0.95695 0.290253 0
    outer loop
      vertex 10.4636 -3.55191 8
      vertex 10.631 -3 2
      vertex 10.4636 -3.55191 0
    endloop
  endfacet
  facet normal -0.956942 0.29028 2.72094e-06
    outer loop
      vertex 10.631 -3 2
      vertex 10.4636 -3.55191 8
      vertex 10.6735 -2.85995 8
    endloop
  endfacet
  facet normal -0.973876 -0.227081 0
    outer loop
      vertex 10.8377 2.15575 2
      vertex 10.6735 2.85995 8
      vertex 10.6735 2.85995 2
    endloop
  endfacet
  facet normal -0.973876 -0.227081 0
    outer loop
      vertex 10.6735 2.85995 8
      vertex 10.8377 2.15575 2
      vertex 10.8377 2.15575 8
    endloop
  endfacet
  facet normal -0.995195 -0.0979144 0
    outer loop
      vertex 11.0263 0.722704 2
      vertex 10.9555 1.44231 8
      vertex 10.9555 1.44231 2
    endloop
  endfacet
  facet normal -0.995195 -0.0979144 0
    outer loop
      vertex 10.9555 1.44231 8
      vertex 11.0263 0.722704 2
      vertex 11.0263 0.722704 8
    endloop
  endfacet
  facet normal -0.95695 -0.290253 -0
    outer loop
      vertex 10.631 3 2
      vertex 10.4636 3.55191 0
      vertex 10.631 3 0
    endloop
  endfacet
  facet normal -0.95695 -0.290253 0
    outer loop
      vertex 10.4636 3.55191 0
      vertex 10.631 3 2
      vertex 10.4636 3.55191 8
    endloop
  endfacet
  facet normal -0.956909 -0.290387 -0
    outer loop
      vertex 10.6735 2.85995 8
      vertex 10.631 3 2
      vertex 10.6735 2.85995 2
    endloop
  endfacet
  facet normal -0.956942 -0.29028 2.72094e-06
    outer loop
      vertex 10.631 3 2
      vertex 10.6735 2.85995 8
      vertex 10.4636 3.55191 8
    endloop
  endfacet
  facet normal -0.812842 -0.582484 0
    outer loop
      vertex 9.18774 6.13905 0
      vertex 8.76655 6.72681 8
      vertex 8.76655 6.72681 0
    endloop
  endfacet
  facet normal -0.812842 -0.582484 0
    outer loop
      vertex 8.76655 6.72681 8
      vertex 9.18774 6.13905 0
      vertex 9.18774 6.13905 8
    endloop
  endfacet
  facet normal -0.773015 -0.634388 0
    outer loop
      vertex 8.76655 6.72681 0
      vertex 8.30783 7.28577 8
      vertex 8.30783 7.28577 0
    endloop
  endfacet
  facet normal -0.773015 -0.634388 0
    outer loop
      vertex 8.30783 7.28577 8
      vertex 8.76655 6.72681 0
      vertex 8.76655 6.72681 8
    endloop
  endfacet
  facet normal -0.881923 -0.471393 0
    outer loop
      vertex 9.91044 4.88729 0
      vertex 9.56958 5.525 8
      vertex 9.56958 5.525 0
    endloop
  endfacet
  facet normal -0.881923 -0.471393 0
    outer loop
      vertex 9.56958 5.525 8
      vertex 9.91044 4.88729 0
      vertex 9.91044 4.88729 8
    endloop
  endfacet
  facet normal -0.16291 -0.986641 0
    outer loop
      vertex 1.44231 10.9555 0
      vertex 2.15575 10.8377 8
      vertex 1.44231 10.9555 8
    endloop
  endfacet
  facet normal -0.16291 -0.986641 -0
    outer loop
      vertex 2.15575 10.8377 8
      vertex 1.44231 10.9555 0
      vertex 2.15575 10.8377 0
    endloop
  endfacet
  facet normal -0.29028 -0.956942 0
    outer loop
      vertex 2.85995 10.6735 0
      vertex 3.55191 10.4636 8
      vertex 2.85995 10.6735 8
    endloop
  endfacet
  facet normal -0.29028 -0.956942 -0
    outer loop
      vertex 3.55191 10.4636 8
      vertex 2.85995 10.6735 0
      vertex 3.55191 10.4636 0
    endloop
  endfacet
  facet normal -0.0979144 -0.995195 0
    outer loop
      vertex 0.722704 11.0263 0
      vertex 1.44231 10.9555 8
      vertex 0.722704 11.0263 8
    endloop
  endfacet
  facet normal -0.0979144 -0.995195 -0
    outer loop
      vertex 1.44231 10.9555 8
      vertex 0.722704 11.0263 0
      vertex 1.44231 10.9555 0
    endloop
  endfacet
  facet normal -0.471393 -0.881923 0
    outer loop
      vertex 4.88729 9.91044 0
      vertex 5.525 9.56958 8
      vertex 4.88729 9.91044 8
    endloop
  endfacet
  facet normal -0.471393 -0.881923 -0
    outer loop
      vertex 5.525 9.56958 8
      vertex 4.88729 9.91044 0
      vertex 5.525 9.56958 0
    endloop
  endfacet
  facet normal -0.634388 -0.773015 0
    outer loop
      vertex 6.72681 8.76655 0
      vertex 7.28577 8.30783 8
      vertex 6.72681 8.76655 8
    endloop
  endfacet
  facet normal -0.634388 -0.773015 -0
    outer loop
      vertex 7.28577 8.30783 8
      vertex 6.72681 8.76655 0
      vertex 7.28577 8.30783 0
    endloop
  endfacet
  facet normal 0.986641 -0.16291 0
    outer loop
      vertex -10.9555 1.44231 8
      vertex -10.8377 2.15575 2
      vertex -10.8377 2.15575 8
    endloop
  endfacet
  facet normal 0.986641 -0.16291 0
    outer loop
      vertex -10.8377 2.15575 2
      vertex -10.9555 1.44231 8
      vertex -10.9555 1.44231 2
    endloop
  endfacet
  facet normal 0.849203 -0.528067 0
    outer loop
      vertex -9.56958 5.525 8
      vertex -9.18774 6.13905 0
      vertex -9.18774 6.13905 8
    endloop
  endfacet
  facet normal 0.849203 -0.528067 0
    outer loop
      vertex -9.18774 6.13905 0
      vertex -9.56958 5.525 8
      vertex -9.56958 5.525 0
    endloop
  endfacet
  facet normal 0.773015 -0.634388 0
    outer loop
      vertex -8.76655 6.72681 8
      vertex -8.30783 7.28577 0
      vertex -8.30783 7.28577 8
    endloop
  endfacet
  facet normal 0.773015 -0.634388 0
    outer loop
      vertex -8.30783 7.28577 0
      vertex -8.76655 6.72681 8
      vertex -8.76655 6.72681 0
    endloop
  endfacet
  facet normal 0.881923 -0.471393 0
    outer loop
      vertex -9.91044 4.88729 8
      vertex -9.56958 5.525 0
      vertex -9.56958 5.525 8
    endloop
  endfacet
  facet normal 0.881923 -0.471393 0
    outer loop
      vertex -9.56958 5.525 0
      vertex -9.91044 4.88729 8
      vertex -9.91044 4.88729 0
    endloop
  endfacet
  facet normal 0.95695 -0.290253 0
    outer loop
      vertex -10.4636 3.55191 8
      vertex -10.631 3 2
      vertex -10.4636 3.55191 0
    endloop
  endfacet
  facet normal 0.956942 -0.29028 2.72094e-06
    outer loop
      vertex -10.6735 2.85995 8
      vertex -10.631 3 2
      vertex -10.4636 3.55191 8
    endloop
  endfacet
  facet normal 0.956909 -0.290387 0
    outer loop
      vertex -10.631 3 2
      vertex -10.6735 2.85995 8
      vertex -10.6735 2.85995 2
    endloop
  endfacet
  facet normal 0.95695 -0.290253 0
    outer loop
      vertex -10.4636 3.55191 0
      vertex -10.631 3 2
      vertex -10.631 3 0
    endloop
  endfacet
  facet normal 0.995195 -0.0979144 0
    outer loop
      vertex -11.0263 0.722704 8
      vertex -10.9555 1.44231 2
      vertex -10.9555 1.44231 8
    endloop
  endfacet
  facet normal 0.995195 -0.0979144 0
    outer loop
      vertex -10.9555 1.44231 2
      vertex -11.0263 0.722704 8
      vertex -11.0263 0.722704 2
    endloop
  endfacet
  facet normal 0.582484 -0.812842 0
    outer loop
      vertex -6.72681 8.76655 0
      vertex -6.13905 9.18774 8
      vertex -6.72681 8.76655 8
    endloop
  endfacet
  facet normal 0.582484 -0.812842 0
    outer loop
      vertex -6.13905 9.18774 8
      vertex -6.72681 8.76655 0
      vertex -6.13905 9.18774 0
    endloop
  endfacet
  facet normal 0.471393 -0.881923 0
    outer loop
      vertex -5.525 9.56958 0
      vertex -4.88729 9.91044 8
      vertex -5.525 9.56958 8
    endloop
  endfacet
  facet normal 0.471393 -0.881923 0
    outer loop
      vertex -4.88729 9.91044 8
      vertex -5.525 9.56958 0
      vertex -4.88729 9.91044 0
    endloop
  endfacet
  facet normal 0.634388 -0.773015 0
    outer loop
      vertex -7.28577 8.30783 0
      vertex -6.72681 8.76655 8
      vertex -7.28577 8.30783 8
    endloop
  endfacet
  facet normal 0.634388 -0.773015 0
    outer loop
      vertex -6.72681 8.76655 8
      vertex -7.28577 8.30783 0
      vertex -6.72681 8.76655 0
    endloop
  endfacet
  facet normal 0.29028 -0.956942 0
    outer loop
      vertex -3.55191 10.4636 0
      vertex -2.85995 10.6735 8
      vertex -3.55191 10.4636 8
    endloop
  endfacet
  facet normal 0.29028 -0.956942 0
    outer loop
      vertex -2.85995 10.6735 8
      vertex -3.55191 10.4636 0
      vertex -2.85995 10.6735 0
    endloop
  endfacet
  facet normal 0.0979144 -0.995195 0
    outer loop
      vertex -1.44231 10.9555 0
      vertex -0.722704 11.0263 8
      vertex -1.44231 10.9555 8
    endloop
  endfacet
  facet normal 0.0979144 -0.995195 0
    outer loop
      vertex -0.722704 11.0263 8
      vertex -1.44231 10.9555 0
      vertex -0.722704 11.0263 0
    endloop
  endfacet
  facet normal -0.995195 0.0979144 0
    outer loop
      vertex 10.9555 -1.44231 2
      vertex 11.0263 -0.722704 8
      vertex 11.0263 -0.722704 2
    endloop
  endfacet
  facet normal -0.995195 0.0979144 0
    outer loop
      vertex 11.0263 -0.722704 8
      vertex 10.9555 -1.44231 2
      vertex 10.9555 -1.44231 8
    endloop
  endfacet
  facet normal -0.471393 0.881923 0
    outer loop
      vertex 5.525 -9.56958 0
      vertex 4.88729 -9.91044 8
      vertex 5.525 -9.56958 8
    endloop
  endfacet
  facet normal -0.471393 0.881923 0
    outer loop
      vertex 4.88729 -9.91044 8
      vertex 5.525 -9.56958 0
      vertex 4.88729 -9.91044 0
    endloop
  endfacet
  facet normal -0.986641 -0.16291 0
    outer loop
      vertex 10.9555 1.44231 2
      vertex 10.8377 2.15575 8
      vertex 10.8377 2.15575 2
    endloop
  endfacet
  facet normal -0.986641 -0.16291 0
    outer loop
      vertex 10.8377 2.15575 8
      vertex 10.9555 1.44231 2
      vertex 10.9555 1.44231 8
    endloop
  endfacet
  facet normal -0.935909 -0.352242 0
    outer loop
      vertex 10.4636 3.55191 0
      vertex 10.2089 4.22865 8
      vertex 10.2089 4.22865 0
    endloop
  endfacet
  facet normal -0.935909 -0.352242 0
    outer loop
      vertex 10.2089 4.22865 8
      vertex 10.4636 3.55191 0
      vertex 10.4636 3.55191 8
    endloop
  endfacet
  facet normal -0.729865 -0.683591 0
    outer loop
      vertex 8.30783 7.28577 0
      vertex 7.81353 7.81353 8
      vertex 7.81353 7.81353 0
    endloop
  endfacet
  facet normal -0.729865 -0.683591 0
    outer loop
      vertex 7.81353 7.81353 8
      vertex 8.30783 7.28577 0
      vertex 8.30783 7.28577 8
    endloop
  endfacet
  facet normal -0.849203 -0.528067 0
    outer loop
      vertex 9.56958 5.525 0
      vertex 9.18774 6.13905 8
      vertex 9.18774 6.13905 0
    endloop
  endfacet
  facet normal -0.849203 -0.528067 0
    outer loop
      vertex 9.18774 6.13905 8
      vertex 9.56958 5.525 0
      vertex 9.56958 5.525 8
    endloop
  endfacet
  facet normal -0.227081 -0.973876 0
    outer loop
      vertex 2.15575 10.8377 0
      vertex 2.85995 10.6735 8
      vertex 2.15575 10.8377 8
    endloop
  endfacet
  facet normal -0.227081 -0.973876 -0
    outer loop
      vertex 2.85995 10.6735 8
      vertex 2.15575 10.8377 0
      vertex 2.85995 10.6735 0
    endloop
  endfacet
  facet normal -0.0327759 -0.999463 0
    outer loop
      vertex 0 11.05 0
      vertex 0.722704 11.0263 8
      vertex 0 11.05 8
    endloop
  endfacet
  facet normal -0.0327759 -0.999463 -0
    outer loop
      vertex 0.722704 11.0263 8
      vertex 0 11.05 0
      vertex 0.722704 11.0263 0
    endloop
  endfacet
  facet normal -0.412746 -0.910846 0
    outer loop
      vertex 4.22865 10.2089 0
      vertex 4.88729 9.91044 8
      vertex 4.22865 10.2089 8
    endloop
  endfacet
  facet normal -0.412746 -0.910846 -0
    outer loop
      vertex 4.88729 9.91044 8
      vertex 4.22865 10.2089 0
      vertex 4.88729 9.91044 0
    endloop
  endfacet
  facet normal -0.582484 -0.812842 0
    outer loop
      vertex 6.13905 9.18774 0
      vertex 6.72681 8.76655 8
      vertex 6.13905 9.18774 8
    endloop
  endfacet
  facet normal -0.582484 -0.812842 -0
    outer loop
      vertex 6.72681 8.76655 8
      vertex 6.13905 9.18774 0
      vertex 6.72681 8.76655 0
    endloop
  endfacet
  facet normal 0.812842 -0.582484 0
    outer loop
      vertex -9.18774 6.13905 8
      vertex -8.76655 6.72681 0
      vertex -8.76655 6.72681 8
    endloop
  endfacet
  facet normal 0.812842 -0.582484 0
    outer loop
      vertex -8.76655 6.72681 0
      vertex -9.18774 6.13905 8
      vertex -9.18774 6.13905 0
    endloop
  endfacet
  facet normal 0.910846 -0.412746 0
    outer loop
      vertex -10.2089 4.22865 8
      vertex -9.91044 4.88729 0
      vertex -9.91044 4.88729 8
    endloop
  endfacet
  facet normal 0.910846 -0.412746 0
    outer loop
      vertex -9.91044 4.88729 0
      vertex -10.2089 4.22865 8
      vertex -10.2089 4.22865 0
    endloop
  endfacet
  facet normal 0.973876 -0.227081 0
    outer loop
      vertex -10.8377 2.15575 8
      vertex -10.6735 2.85995 2
      vertex -10.6735 2.85995 8
    endloop
  endfacet
  facet normal 0.973876 -0.227081 0
    outer loop
      vertex -10.6735 2.85995 2
      vertex -10.8377 2.15575 8
      vertex -10.8377 2.15575 2
    endloop
  endfacet
  facet normal 0.528067 -0.849203 0
    outer loop
      vertex -6.13905 9.18774 0
      vertex -5.525 9.56958 8
      vertex -6.13905 9.18774 8
    endloop
  endfacet
  facet normal 0.528067 -0.849203 0
    outer loop
      vertex -5.525 9.56958 8
      vertex -6.13905 9.18774 0
      vertex -5.525 9.56958 0
    endloop
  endfacet
  facet normal 0.683591 -0.729865 0
    outer loop
      vertex -7.81353 7.81353 0
      vertex -7.28577 8.30783 8
      vertex -7.81353 7.81353 8
    endloop
  endfacet
  facet normal 0.683591 -0.729865 0
    outer loop
      vertex -7.28577 8.30783 8
      vertex -7.81353 7.81353 0
      vertex -7.28577 8.30783 0
    endloop
  endfacet
  facet normal 0.352242 -0.935909 0
    outer loop
      vertex -4.22865 10.2089 0
      vertex -3.55191 10.4636 8
      vertex -4.22865 10.2089 8
    endloop
  endfacet
  facet normal 0.352242 -0.935909 0
    outer loop
      vertex -3.55191 10.4636 8
      vertex -4.22865 10.2089 0
      vertex -3.55191 10.4636 0
    endloop
  endfacet
  facet normal 0.16291 -0.986641 0
    outer loop
      vertex -2.15575 10.8377 0
      vertex -1.44231 10.9555 8
      vertex -2.15575 10.8377 8
    endloop
  endfacet
  facet normal 0.16291 -0.986641 0
    outer loop
      vertex -1.44231 10.9555 8
      vertex -2.15575 10.8377 0
      vertex -1.44231 10.9555 0
    endloop
  endfacet
  facet normal -0.999463 0.0327759 0
    outer loop
      vertex 11.0263 -0.722704 2
      vertex 11.05 0 8
      vertex 11.05 0 2
    endloop
  endfacet
  facet normal -0.999463 0.0327759 0
    outer loop
      vertex 11.05 0 8
      vertex 11.0263 -0.722704 2
      vertex 11.0263 -0.722704 8
    endloop
  endfacet
  facet normal -0.935909 0.352242 0
    outer loop
      vertex 10.2089 -4.22865 0
      vertex 10.4636 -3.55191 8
      vertex 10.4636 -3.55191 0
    endloop
  endfacet
  facet normal -0.935909 0.352242 0
    outer loop
      vertex 10.4636 -3.55191 8
      vertex 10.2089 -4.22865 0
      vertex 10.2089 -4.22865 8
    endloop
  endfacet
  facet normal -0.773015 0.634388 0
    outer loop
      vertex 8.30783 -7.28577 0
      vertex 8.76655 -6.72681 8
      vertex 8.76655 -6.72681 0
    endloop
  endfacet
  facet normal -0.773015 0.634388 0
    outer loop
      vertex 8.76655 -6.72681 8
      vertex 8.30783 -7.28577 0
      vertex 8.30783 -7.28577 8
    endloop
  endfacet
  facet normal 0.29028 0.956942 -0
    outer loop
      vertex -2.85995 -10.6735 0
      vertex -3.55191 -10.4636 8
      vertex -2.85995 -10.6735 8
    endloop
  endfacet
  facet normal 0.29028 0.956942 0
    outer loop
      vertex -3.55191 -10.4636 8
      vertex -2.85995 -10.6735 0
      vertex -3.55191 -10.4636 0
    endloop
  endfacet
  facet normal -0.227081 0.973876 0
    outer loop
      vertex 2.85995 -10.6735 0
      vertex 2.15575 -10.8377 8
      vertex 2.85995 -10.6735 8
    endloop
  endfacet
  facet normal -0.227081 0.973876 0
    outer loop
      vertex 2.15575 -10.8377 8
      vertex 2.85995 -10.6735 0
      vertex 2.15575 -10.8377 0
    endloop
  endfacet
  facet normal -0.412746 0.910846 0
    outer loop
      vertex 4.88729 -9.91044 0
      vertex 4.22865 -10.2089 8
      vertex 4.88729 -9.91044 8
    endloop
  endfacet
  facet normal -0.412746 0.910846 0
    outer loop
      vertex 4.22865 -10.2089 8
      vertex 4.88729 -9.91044 0
      vertex 4.22865 -10.2089 0
    endloop
  endfacet
  facet normal -0.352242 0.935909 0
    outer loop
      vertex 4.22865 -10.2089 0
      vertex 3.55191 -10.4636 8
      vertex 4.22865 -10.2089 8
    endloop
  endfacet
  facet normal -0.352242 0.935909 0
    outer loop
      vertex 3.55191 -10.4636 8
      vertex 4.22865 -10.2089 0
      vertex 3.55191 -10.4636 0
    endloop
  endfacet
  facet normal -0.881923 0.471393 0
    outer loop
      vertex 9.56958 -5.525 0
      vertex 9.91044 -4.88729 8
      vertex 9.91044 -4.88729 0
    endloop
  endfacet
  facet normal -0.881923 0.471393 0
    outer loop
      vertex 9.91044 -4.88729 8
      vertex 9.56958 -5.525 0
      vertex 9.56958 -5.525 8
    endloop
  endfacet
  facet normal -0.910846 0.412746 0
    outer loop
      vertex 9.91044 -4.88729 0
      vertex 10.2089 -4.22865 8
      vertex 10.2089 -4.22865 0
    endloop
  endfacet
  facet normal -0.910846 0.412746 0
    outer loop
      vertex 10.2089 -4.22865 8
      vertex 9.91044 -4.88729 0
      vertex 9.91044 -4.88729 8
    endloop
  endfacet
  facet normal -0.973876 0.227081 0
    outer loop
      vertex 10.6735 -2.85995 2
      vertex 10.8377 -2.15575 8
      vertex 10.8377 -2.15575 2
    endloop
  endfacet
  facet normal -0.973876 0.227081 0
    outer loop
      vertex 10.8377 -2.15575 8
      vertex 10.6735 -2.85995 2
      vertex 10.6735 -2.85995 8
    endloop
  endfacet
  facet normal -0.683591 0.729865 0
    outer loop
      vertex 7.81353 -7.81353 0
      vertex 7.28577 -8.30783 8
      vertex 7.81353 -7.81353 8
    endloop
  endfacet
  facet normal -0.683591 0.729865 0
    outer loop
      vertex 7.28577 -8.30783 8
      vertex 7.81353 -7.81353 0
      vertex 7.28577 -8.30783 0
    endloop
  endfacet
  facet normal -0.729865 0.683591 0
    outer loop
      vertex 7.81353 -7.81353 0
      vertex 8.30783 -7.28577 8
      vertex 8.30783 -7.28577 0
    endloop
  endfacet
  facet normal -0.729865 0.683591 0
    outer loop
      vertex 8.30783 -7.28577 8
      vertex 7.81353 -7.81353 0
      vertex 7.81353 -7.81353 8
    endloop
  endfacet
  facet normal -0.582484 0.812842 0
    outer loop
      vertex 6.72681 -8.76655 0
      vertex 6.13905 -9.18774 8
      vertex 6.72681 -8.76655 8
    endloop
  endfacet
  facet normal -0.582484 0.812842 0
    outer loop
      vertex 6.13905 -9.18774 8
      vertex 6.72681 -8.76655 0
      vertex 6.13905 -9.18774 0
    endloop
  endfacet
  facet normal -0.634388 0.773015 0
    outer loop
      vertex 7.28577 -8.30783 0
      vertex 6.72681 -8.76655 8
      vertex 7.28577 -8.30783 8
    endloop
  endfacet
  facet normal -0.634388 0.773015 0
    outer loop
      vertex 6.72681 -8.76655 8
      vertex 7.28577 -8.30783 0
      vertex 6.72681 -8.76655 0
    endloop
  endfacet
  facet normal -0.812842 0.582484 0
    outer loop
      vertex 8.76655 -6.72681 0
      vertex 9.18774 -6.13905 8
      vertex 9.18774 -6.13905 0
    endloop
  endfacet
  facet normal -0.812842 0.582484 0
    outer loop
      vertex 9.18774 -6.13905 8
      vertex 8.76655 -6.72681 0
      vertex 8.76655 -6.72681 8
    endloop
  endfacet
  facet normal 0.352242 0.935909 -0
    outer loop
      vertex -3.55191 -10.4636 0
      vertex -4.22865 -10.2089 8
      vertex -3.55191 -10.4636 8
    endloop
  endfacet
  facet normal 0.352242 0.935909 0
    outer loop
      vertex -4.22865 -10.2089 8
      vertex -3.55191 -10.4636 0
      vertex -4.22865 -10.2089 0
    endloop
  endfacet
  facet normal 0.0979144 0.995195 -0
    outer loop
      vertex -0.722704 -11.0263 0
      vertex -1.44231 -10.9555 8
      vertex -0.722704 -11.0263 8
    endloop
  endfacet
  facet normal 0.0979144 0.995195 0
    outer loop
      vertex -1.44231 -10.9555 8
      vertex -0.722704 -11.0263 0
      vertex -1.44231 -10.9555 0
    endloop
  endfacet
  facet normal 0.773015 0.634388 0
    outer loop
      vertex -8.30783 -7.28577 8
      vertex -8.76655 -6.72681 0
      vertex -8.76655 -6.72681 8
    endloop
  endfacet
  facet normal 0.773015 0.634388 0
    outer loop
      vertex -8.76655 -6.72681 0
      vertex -8.30783 -7.28577 8
      vertex -8.30783 -7.28577 0
    endloop
  endfacet
  facet normal 0.935909 0.352242 0
    outer loop
      vertex -10.2089 -4.22865 8
      vertex -10.4636 -3.55191 0
      vertex -10.4636 -3.55191 8
    endloop
  endfacet
  facet normal 0.935909 0.352242 0
    outer loop
      vertex -10.4636 -3.55191 0
      vertex -10.2089 -4.22865 8
      vertex -10.2089 -4.22865 0
    endloop
  endfacet
  facet normal 0.956909 0.290387 0
    outer loop
      vertex -10.6735 -2.85995 8
      vertex -10.631 -3 2
      vertex -10.6735 -2.85995 2
    endloop
  endfacet
  facet normal 0.956942 0.29028 2.72094e-06
    outer loop
      vertex -10.4636 -3.55191 8
      vertex -10.631 -3 2
      vertex -10.6735 -2.85995 8
    endloop
  endfacet
  facet normal 0.95695 0.290253 -0
    outer loop
      vertex -10.4636 -3.55191 0
      vertex -10.631 -3 2
      vertex -10.4636 -3.55191 8
    endloop
  endfacet
  facet normal 0.95695 0.290253 0
    outer loop
      vertex -10.631 -3 2
      vertex -10.4636 -3.55191 0
      vertex -10.631 -3 0
    endloop
  endfacet
  facet normal 0.986641 0.16291 0
    outer loop
      vertex -10.8377 -2.15575 8
      vertex -10.9555 -1.44231 2
      vertex -10.9555 -1.44231 8
    endloop
  endfacet
  facet normal 0.986641 0.16291 0
    outer loop
      vertex -10.9555 -1.44231 2
      vertex -10.8377 -2.15575 8
      vertex -10.8377 -2.15575 2
    endloop
  endfacet
  facet normal -0.986641 0.16291 0
    outer loop
      vertex 10.8377 -2.15575 2
      vertex 10.9555 -1.44231 8
      vertex 10.9555 -1.44231 2
    endloop
  endfacet
  facet normal -0.986641 0.16291 0
    outer loop
      vertex 10.9555 -1.44231 8
      vertex 10.8377 -2.15575 2
      vertex 10.8377 -2.15575 8
    endloop
  endfacet
  facet normal -0.528067 0.849203 0
    outer loop
      vertex 6.13905 -9.18774 0
      vertex 5.525 -9.56958 8
      vertex 6.13905 -9.18774 8
    endloop
  endfacet
  facet normal -0.528067 0.849203 0
    outer loop
      vertex 5.525 -9.56958 8
      vertex 6.13905 -9.18774 0
      vertex 5.525 -9.56958 0
    endloop
  endfacet
  facet normal -0.849203 0.528067 0
    outer loop
      vertex 9.18774 -6.13905 0
      vertex 9.56958 -5.525 8
      vertex 9.56958 -5.525 0
    endloop
  endfacet
  facet normal -0.849203 0.528067 0
    outer loop
      vertex 9.56958 -5.525 8
      vertex 9.18774 -6.13905 0
      vertex 9.18774 -6.13905 8
    endloop
  endfacet
  facet normal 0.0327759 0.999463 -0
    outer loop
      vertex 0 -11.05 0
      vertex -0.722704 -11.0263 8
      vertex 0 -11.05 8
    endloop
  endfacet
  facet normal 0.0327759 0.999463 0
    outer loop
      vertex -0.722704 -11.0263 8
      vertex 0 -11.05 0
      vertex -0.722704 -11.0263 0
    endloop
  endfacet
  facet normal 0.812842 0.582484 0
    outer loop
      vertex -8.76655 -6.72681 8
      vertex -9.18774 -6.13905 0
      vertex -9.18774 -6.13905 8
    endloop
  endfacet
  facet normal 0.812842 0.582484 0
    outer loop
      vertex -9.18774 -6.13905 0
      vertex -8.76655 -6.72681 8
      vertex -8.76655 -6.72681 0
    endloop
  endfacet
  facet normal 0.881923 0.471393 0
    outer loop
      vertex -9.56958 -5.525 8
      vertex -9.91044 -4.88729 0
      vertex -9.91044 -4.88729 8
    endloop
  endfacet
  facet normal 0.881923 0.471393 0
    outer loop
      vertex -9.91044 -4.88729 0
      vertex -9.56958 -5.525 8
      vertex -9.56958 -5.525 0
    endloop
  endfacet
  facet normal 0.729865 0.683591 0
    outer loop
      vertex -7.81353 -7.81353 8
      vertex -8.30783 -7.28577 0
      vertex -8.30783 -7.28577 8
    endloop
  endfacet
  facet normal 0.729865 0.683591 0
    outer loop
      vertex -8.30783 -7.28577 0
      vertex -7.81353 -7.81353 8
      vertex -7.81353 -7.81353 0
    endloop
  endfacet
  facet normal 0.683591 0.729865 -0
    outer loop
      vertex -7.28577 -8.30783 0
      vertex -7.81353 -7.81353 8
      vertex -7.28577 -8.30783 8
    endloop
  endfacet
  facet normal 0.683591 0.729865 0
    outer loop
      vertex -7.81353 -7.81353 8
      vertex -7.28577 -8.30783 0
      vertex -7.81353 -7.81353 0
    endloop
  endfacet
  facet normal 0.910846 0.412746 0
    outer loop
      vertex -9.91044 -4.88729 8
      vertex -10.2089 -4.22865 0
      vertex -10.2089 -4.22865 8
    endloop
  endfacet
  facet normal 0.910846 0.412746 0
    outer loop
      vertex -10.2089 -4.22865 0
      vertex -9.91044 -4.88729 8
      vertex -9.91044 -4.88729 0
    endloop
  endfacet
  facet normal 0.973876 0.227081 0
    outer loop
      vertex -10.6735 -2.85995 8
      vertex -10.8377 -2.15575 2
      vertex -10.8377 -2.15575 8
    endloop
  endfacet
  facet normal 0.973876 0.227081 0
    outer loop
      vertex -10.8377 -2.15575 2
      vertex -10.6735 -2.85995 8
      vertex -10.6735 -2.85995 2
    endloop
  endfacet
  facet normal 0.995195 0.0979144 0
    outer loop
      vertex -10.9555 -1.44231 8
      vertex -11.0263 -0.722704 2
      vertex -11.0263 -0.722704 8
    endloop
  endfacet
  facet normal 0.995195 0.0979144 0
    outer loop
      vertex -11.0263 -0.722704 2
      vertex -10.9555 -1.44231 8
      vertex -10.9555 -1.44231 2
    endloop
  endfacet
  facet normal 0.999463 0.0327759 0
    outer loop
      vertex -11.0263 -0.722704 8
      vertex -11.05 0 2
      vertex -11.05 0 8
    endloop
  endfacet
  facet normal 0.999463 0.0327759 0
    outer loop
      vertex -11.05 0 2
      vertex -11.0263 -0.722704 8
      vertex -11.0263 -0.722704 2
    endloop
  endfacet
  facet normal -0.29028 0.956942 0
    outer loop
      vertex 3.55191 -10.4636 0
      vertex 2.85995 -10.6735 8
      vertex 3.55191 -10.4636 8
    endloop
  endfacet
  facet normal -0.29028 0.956942 0
    outer loop
      vertex 2.85995 -10.6735 8
      vertex 3.55191 -10.4636 0
      vertex 2.85995 -10.6735 0
    endloop
  endfacet
  facet normal -0.16291 0.986641 0
    outer loop
      vertex 2.15575 -10.8377 0
      vertex 1.44231 -10.9555 8
      vertex 2.15575 -10.8377 8
    endloop
  endfacet
  facet normal -0.16291 0.986641 0
    outer loop
      vertex 1.44231 -10.9555 8
      vertex 2.15575 -10.8377 0
      vertex 1.44231 -10.9555 0
    endloop
  endfacet
  facet normal -0.0979144 0.995195 0
    outer loop
      vertex 1.44231 -10.9555 0
      vertex 0.722704 -11.0263 8
      vertex 1.44231 -10.9555 8
    endloop
  endfacet
  facet normal -0.0979144 0.995195 0
    outer loop
      vertex 0.722704 -11.0263 8
      vertex 1.44231 -10.9555 0
      vertex 0.722704 -11.0263 0
    endloop
  endfacet
  facet normal 0.227081 0.973876 -0
    outer loop
      vertex -2.15575 -10.8377 0
      vertex -2.85995 -10.6735 8
      vertex -2.15575 -10.8377 8
    endloop
  endfacet
  facet normal 0.227081 0.973876 0
    outer loop
      vertex -2.85995 -10.6735 8
      vertex -2.15575 -10.8377 0
      vertex -2.85995 -10.6735 0
    endloop
  endfacet
  facet normal 0.849203 0.528067 0
    outer loop
      vertex -9.18774 -6.13905 8
      vertex -9.56958 -5.525 0
      vertex -9.56958 -5.525 8
    endloop
  endfacet
  facet normal 0.849203 0.528067 0
    outer loop
      vertex -9.56958 -5.525 0
      vertex -9.18774 -6.13905 8
      vertex -9.18774 -6.13905 0
    endloop
  endfacet
  facet normal 0.582484 0.812842 -0
    outer loop
      vertex -6.13905 -9.18774 0
      vertex -6.72681 -8.76655 8
      vertex -6.13905 -9.18774 8
    endloop
  endfacet
  facet normal 0.582484 0.812842 0
    outer loop
      vertex -6.72681 -8.76655 8
      vertex -6.13905 -9.18774 0
      vertex -6.72681 -8.76655 0
    endloop
  endfacet
  facet normal 0.634388 0.773015 -0
    outer loop
      vertex -6.72681 -8.76655 0
      vertex -7.28577 -8.30783 8
      vertex -6.72681 -8.76655 8
    endloop
  endfacet
  facet normal 0.634388 0.773015 0
    outer loop
      vertex -7.28577 -8.30783 8
      vertex -6.72681 -8.76655 0
      vertex -7.28577 -8.30783 0
    endloop
  endfacet
  facet normal 0.412746 0.910846 -0
    outer loop
      vertex -4.22865 -10.2089 0
      vertex -4.88729 -9.91044 8
      vertex -4.22865 -10.2089 8
    endloop
  endfacet
  facet normal 0.412746 0.910846 0
    outer loop
      vertex -4.88729 -9.91044 8
      vertex -4.22865 -10.2089 0
      vertex -4.88729 -9.91044 0
    endloop
  endfacet
  facet normal 0.16291 0.986641 -0
    outer loop
      vertex -1.44231 -10.9555 0
      vertex -2.15575 -10.8377 8
      vertex -1.44231 -10.9555 8
    endloop
  endfacet
  facet normal 0.16291 0.986641 0
    outer loop
      vertex -2.15575 -10.8377 8
      vertex -1.44231 -10.9555 0
      vertex -2.15575 -10.8377 0
    endloop
  endfacet
  facet normal 0.528067 0.849203 -0
    outer loop
      vertex -5.525 -9.56958 0
      vertex -6.13905 -9.18774 8
      vertex -5.525 -9.56958 8
    endloop
  endfacet
  facet normal 0.528067 0.849203 0
    outer loop
      vertex -6.13905 -9.18774 8
      vertex -5.525 -9.56958 0
      vertex -6.13905 -9.18774 0
    endloop
  endfacet
  facet normal 0.471393 0.881923 -0
    outer loop
      vertex -4.88729 -9.91044 0
      vertex -5.525 -9.56958 8
      vertex -4.88729 -9.91044 8
    endloop
  endfacet
  facet normal 0.471393 0.881923 0
    outer loop
      vertex -5.525 -9.56958 8
      vertex -4.88729 -9.91044 0
      vertex -5.525 -9.56958 0
    endloop
  endfacet
  facet normal 0.965926 0.25882 0
    outer loop
      vertex -1.8 17.45 2.6
      vertex -1.90718 17.85 2
      vertex -1.90718 17.85 2.6
    endloop
  endfacet
  facet normal 0.965926 0.25882 0
    outer loop
      vertex -1.90718 17.85 2
      vertex -1.8 17.45 2.6
      vertex -1.8 17.45 2
    endloop
  endfacet
  facet normal -0.258865 0.965914 0
    outer loop
      vertex -2.6 18.25 2
      vertex -3 18.1428 2.6
      vertex -2.6 18.25 2.6
    endloop
  endfacet
  facet normal -0.258865 0.965914 0
    outer loop
      vertex -3 18.1428 2.6
      vertex -2.6 18.25 2
      vertex -3 18.1428 2
    endloop
  endfacet
  facet normal 0 0 1
    outer loop
      vertex -1.90718 17.85 2.6
      vertex -1.90718 17.05 2.6
      vertex -1.8 17.45 2.6
    endloop
  endfacet
  facet normal 0 0 1
    outer loop
      vertex -2.2 18.1428 2.6
      vertex -1.90718 17.05 2.6
      vertex -1.90718 17.85 2.6
    endloop
  endfacet
  facet normal 0 0 1
    outer loop
      vertex -2.2 18.1428 2.6
      vertex -2.2 16.7572 2.6
      vertex -1.90718 17.05 2.6
    endloop
  endfacet
  facet normal 0 0 1
    outer loop
      vertex -2.6 18.25 2.6
      vertex -2.2 16.7572 2.6
      vertex -2.2 18.1428 2.6
    endloop
  endfacet
  facet normal 0 0 1
    outer loop
      vertex -2.6 18.25 2.6
      vertex -2.6 16.65 2.6
      vertex -2.2 16.7572 2.6
    endloop
  endfacet
  facet normal -0 0 1
    outer loop
      vertex -3 18.1428 2.6
      vertex -2.6 16.65 2.6
      vertex -2.6 18.25 2.6
    endloop
  endfacet
  facet normal 0 0 1
    outer loop
      vertex -3 18.1428 2.6
      vertex -3 16.7572 2.6
      vertex -2.6 16.65 2.6
    endloop
  endfacet
  facet normal -0 0 1
    outer loop
      vertex -3.29282 17.85 2.6
      vertex -3 16.7572 2.6
      vertex -3 18.1428 2.6
    endloop
  endfacet
  facet normal 0 0 1
    outer loop
      vertex -3.29282 17.85 2.6
      vertex -3.29282 17.05 2.6
      vertex -3 16.7572 2.6
    endloop
  endfacet
  facet normal 0 -0 1
    outer loop
      vertex -3.29282 17.05 2.6
      vertex -3.29282 17.85 2.6
      vertex -3.4 17.45 2.6
    endloop
  endfacet
  facet normal 0.258865 -0.965914 0
    outer loop
      vertex -2.6 16.65 2
      vertex -2.2 16.7572 2.6
      vertex -2.6 16.65 2.6
    endloop
  endfacet
  facet normal 0.258865 -0.965914 0
    outer loop
      vertex -2.2 16.7572 2.6
      vertex -2.6 16.65 2
      vertex -2.2 16.7572 2
    endloop
  endfacet
  facet normal 0.707083 -0.707131 0
    outer loop
      vertex -2.2 16.7572 2
      vertex -1.90718 17.05 2.6
      vertex -2.2 16.7572 2.6
    endloop
  endfacet
  facet normal 0.707083 -0.707131 0
    outer loop
      vertex -1.90718 17.05 2.6
      vertex -2.2 16.7572 2
      vertex -1.90718 17.05 2
    endloop
  endfacet
  facet normal -0.707083 -0.707131 0
    outer loop
      vertex -3 16.7572 2
      vertex -3.29282 17.05 2.6
      vertex -3.29282 17.05 2
    endloop
  endfacet
  facet normal -0.707083 -0.707131 0
    outer loop
      vertex -3.29282 17.05 2.6
      vertex -3 16.7572 2
      vertex -3 16.7572 2.6
    endloop
  endfacet
  facet normal 0.258865 0.965914 -0
    outer loop
      vertex -2.2 18.1428 2
      vertex -2.6 18.25 2.6
      vertex -2.2 18.1428 2.6
    endloop
  endfacet
  facet normal 0.258865 0.965914 0
    outer loop
      vertex -2.6 18.25 2.6
      vertex -2.2 18.1428 2
      vertex -2.6 18.25 2
    endloop
  endfacet
  facet normal 0.707083 0.707131 -0
    outer loop
      vertex -1.90718 17.85 2
      vertex -2.2 18.1428 2.6
      vertex -1.90718 17.85 2.6
    endloop
  endfacet
  facet normal 0.707083 0.707131 0
    outer loop
      vertex -2.2 18.1428 2.6
      vertex -1.90718 17.85 2
      vertex -2.2 18.1428 2
    endloop
  endfacet
  facet normal -0.965926 0.25882 0
    outer loop
      vertex -3.4 17.45 2
      vertex -3.29282 17.85 2.6
      vertex -3.29282 17.85 2
    endloop
  endfacet
  facet normal -0.965926 0.25882 0
    outer loop
      vertex -3.29282 17.85 2.6
      vertex -3.4 17.45 2
      vertex -3.4 17.45 2.6
    endloop
  endfacet
  facet normal -0.965926 -0.25882 0
    outer loop
      vertex -3.29282 17.05 2
      vertex -3.4 17.45 2.6
      vertex -3.4 17.45 2
    endloop
  endfacet
  facet normal -0.965926 -0.25882 0
    outer loop
      vertex -3.4 17.45 2.6
      vertex -3.29282 17.05 2
      vertex -3.29282 17.05 2.6
    endloop
  endfacet
  facet normal -0.707083 0.707131 0
    outer loop
      vertex -3.29282 17.85 2
      vertex -3 18.1428 2.6
      vertex -3 18.1428 2
    endloop
  endfacet
  facet normal -0.707083 0.707131 0
    outer loop
      vertex -3 18.1428 2.6
      vertex -3.29282 17.85 2
      vertex -3.29282 17.85 2.6
    endloop
  endfacet
  facet normal 0.965926 -0.25882 0
    outer loop
      vertex -1.90718 17.05 2.6
      vertex -1.8 17.45 2
      vertex -1.8 17.45 2.6
    endloop
  endfacet
  facet normal 0.965926 -0.25882 0
    outer loop
      vertex -1.8 17.45 2
      vertex -1.90718 17.05 2.6
      vertex -1.90718 17.05 2
    endloop
  endfacet
  facet normal -0.258865 -0.965914 0
    outer loop
      vertex -3 16.7572 2
      vertex -2.6 16.65 2.6
      vertex -3 16.7572 2.6
    endloop
  endfacet
  facet normal -0.258865 -0.965914 -0
    outer loop
      vertex -2.6 16.65 2.6
      vertex -3 16.7572 2
      vertex -2.6 16.65 2
    endloop
  endfacet
  facet normal 0.965926 0.258818 0
    outer loop
      vertex 0.799999 17.45 2.6
      vertex 0.69282 17.85 2
      vertex 0.69282 17.85 2.6
    endloop
  endfacet
  facet normal 0.965926 0.258818 0
    outer loop
      vertex 0.69282 17.85 2
      vertex 0.799999 17.45 2.6
      vertex 0.799999 17.45 2
    endloop
  endfacet
  facet normal -0.258865 0.965914 0
    outer loop
      vertex 0 18.25 2
      vertex -0.4 18.1428 2.6
      vertex 0 18.25 2.6
    endloop
  endfacet
  facet normal -0.258865 0.965914 0
    outer loop
      vertex -0.4 18.1428 2.6
      vertex 0 18.25 2
      vertex -0.4 18.1428 2
    endloop
  endfacet
  facet normal 0.707083 -0.707131 0
    outer loop
      vertex 0.4 16.7572 2.6
      vertex 0.69282 17.05 2
      vertex 0.69282 17.05 2.6
    endloop
  endfacet
  facet normal 0.707083 -0.707131 0
    outer loop
      vertex 0.69282 17.05 2
      vertex 0.4 16.7572 2.6
      vertex 0.4 16.7572 2
    endloop
  endfacet
  facet normal 0.258865 0.965914 -0
    outer loop
      vertex 0.4 18.1428 2
      vertex 0 18.25 2.6
      vertex 0.4 18.1428 2.6
    endloop
  endfacet
  facet normal 0.258865 0.965914 0
    outer loop
      vertex 0 18.25 2.6
      vertex 0.4 18.1428 2
      vertex 0 18.25 2
    endloop
  endfacet
  facet normal 0.707083 0.707131 0
    outer loop
      vertex 0.69282 17.85 2.6
      vertex 0.4 18.1428 2
      vertex 0.4 18.1428 2.6
    endloop
  endfacet
  facet normal 0.707083 0.707131 0
    outer loop
      vertex 0.4 18.1428 2
      vertex 0.69282 17.85 2.6
      vertex 0.69282 17.85 2
    endloop
  endfacet
  facet normal -0.965926 0.258818 0
    outer loop
      vertex -0.799999 17.45 2
      vertex -0.69282 17.85 2.6
      vertex -0.69282 17.85 2
    endloop
  endfacet
  facet normal -0.965926 0.258818 0
    outer loop
      vertex -0.69282 17.85 2.6
      vertex -0.799999 17.45 2
      vertex -0.799999 17.45 2.6
    endloop
  endfacet
  facet normal -0.965926 -0.258818 0
    outer loop
      vertex -0.69282 17.05 2
      vertex -0.799999 17.45 2.6
      vertex -0.799999 17.45 2
    endloop
  endfacet
  facet normal -0.965926 -0.258818 0
    outer loop
      vertex -0.799999 17.45 2.6
      vertex -0.69282 17.05 2
      vertex -0.69282 17.05 2.6
    endloop
  endfacet
  facet normal -0.707083 0.707131 0
    outer loop
      vertex -0.69282 17.85 2
      vertex -0.4 18.1428 2.6
      vertex -0.4 18.1428 2
    endloop
  endfacet
  facet normal -0.707083 0.707131 0
    outer loop
      vertex -0.4 18.1428 2.6
      vertex -0.69282 17.85 2
      vertex -0.69282 17.85 2.6
    endloop
  endfacet
  facet normal 0.965926 -0.258818 0
    outer loop
      vertex 0.69282 17.05 2.6
      vertex 0.799999 17.45 2
      vertex 0.799999 17.45 2.6
    endloop
  endfacet
  facet normal 0.965926 -0.258818 0
    outer loop
      vertex 0.799999 17.45 2
      vertex 0.69282 17.05 2.6
      vertex 0.69282 17.05 2
    endloop
  endfacet
  facet normal 0.258865 -0.965914 0
    outer loop
      vertex 0 16.65 2
      vertex 0.4 16.7572 2.6
      vertex 0 16.65 2.6
    endloop
  endfacet
  facet normal 0.258865 -0.965914 0
    outer loop
      vertex 0.4 16.7572 2.6
      vertex 0 16.65 2
      vertex 0.4 16.7572 2
    endloop
  endfacet
  facet normal -0.707083 -0.707131 0
    outer loop
      vertex -0.4 16.7572 2
      vertex -0.69282 17.05 2.6
      vertex -0.69282 17.05 2
    endloop
  endfacet
  facet normal -0.707083 -0.707131 0
    outer loop
      vertex -0.69282 17.05 2.6
      vertex -0.4 16.7572 2
      vertex -0.4 16.7572 2.6
    endloop
  endfacet
  facet normal 0 0 1
    outer loop
      vertex 0.69282 17.85 2.6
      vertex 0.69282 17.05 2.6
      vertex 0.799999 17.45 2.6
    endloop
  endfacet
  facet normal 0 0 1
    outer loop
      vertex 0.4 18.1428 2.6
      vertex 0.69282 17.05 2.6
      vertex 0.69282 17.85 2.6
    endloop
  endfacet
  facet normal 0 0 1
    outer loop
      vertex 0.4 18.1428 2.6
      vertex 0.4 16.7572 2.6
      vertex 0.69282 17.05 2.6
    endloop
  endfacet
  facet normal 0 0 1
    outer loop
      vertex 0 18.25 2.6
      vertex 0.4 16.7572 2.6
      vertex 0.4 18.1428 2.6
    endloop
  endfacet
  facet normal 0 0 1
    outer loop
      vertex 0 18.25 2.6
      vertex 0 16.65 2.6
      vertex 0.4 16.7572 2.6
    endloop
  endfacet
  facet normal -0 0 1
    outer loop
      vertex -0.4 18.1428 2.6
      vertex 0 16.65 2.6
      vertex 0 18.25 2.6
    endloop
  endfacet
  facet normal 0 0 1
    outer loop
      vertex -0.4 18.1428 2.6
      vertex -0.4 16.7572 2.6
      vertex 0 16.65 2.6
    endloop
  endfacet
  facet normal -0 0 1
    outer loop
      vertex -0.69282 17.85 2.6
      vertex -0.4 16.7572 2.6
      vertex -0.4 18.1428 2.6
    endloop
  endfacet
  facet normal 0 0 1
    outer loop
      vertex -0.69282 17.85 2.6
      vertex -0.69282 17.05 2.6
      vertex -0.4 16.7572 2.6
    endloop
  endfacet
  facet normal 0 -0 1
    outer loop
      vertex -0.69282 17.05 2.6
      vertex -0.69282 17.85 2.6
      vertex -0.799999 17.45 2.6
    endloop
  endfacet
  facet normal -0.258865 -0.965914 0
    outer loop
      vertex -0.4 16.7572 2
      vertex 0 16.65 2.6
      vertex -0.4 16.7572 2.6
    endloop
  endfacet
  facet normal -0.258865 -0.965914 -0
    outer loop
      vertex 0 16.65 2.6
      vertex -0.4 16.7572 2
      vertex 0 16.65 2
    endloop
  endfacet
  facet normal 0.965926 0.25882 0
    outer loop
      vertex 3.4 17.45 2.6
      vertex 3.29282 17.85 2
      vertex 3.29282 17.85 2.6
    endloop
  endfacet
  facet normal 0.965926 0.25882 0
    outer loop
      vertex 3.29282 17.85 2
      vertex 3.4 17.45 2.6
      vertex 3.4 17.45 2
    endloop
  endfacet
  facet normal -0.258865 0.965914 0
    outer loop
      vertex 2.6 18.25 2
      vertex 2.2 18.1428 2.6
      vertex 2.6 18.25 2.6
    endloop
  endfacet
  facet normal -0.258865 0.965914 0
    outer loop
      vertex 2.2 18.1428 2.6
      vertex 2.6 18.25 2
      vertex 2.2 18.1428 2
    endloop
  endfacet
  facet normal -0.707083 0.707131 0
    outer loop
      vertex 2.2 18.1428 2
      vertex 1.90718 17.85 2.6
      vertex 2.2 18.1428 2.6
    endloop
  endfacet
  facet normal -0.707083 0.707131 0
    outer loop
      vertex 1.90718 17.85 2.6
      vertex 2.2 18.1428 2
      vertex 1.90718 17.85 2
    endloop
  endfacet
  facet normal 0.707083 -0.707131 0
    outer loop
      vertex 3 16.7572 2.6
      vertex 3.29282 17.05 2
      vertex 3.29282 17.05 2.6
    endloop
  endfacet
  facet normal 0.707083 -0.707131 0
    outer loop
      vertex 3.29282 17.05 2
      vertex 3 16.7572 2.6
      vertex 3 16.7572 2
    endloop
  endfacet
  facet normal 0.258865 0.965914 -0
    outer loop
      vertex 3 18.1428 2
      vertex 2.6 18.25 2.6
      vertex 3 18.1428 2.6
    endloop
  endfacet
  facet normal 0.258865 0.965914 0
    outer loop
      vertex 2.6 18.25 2.6
      vertex 3 18.1428 2
      vertex 2.6 18.25 2
    endloop
  endfacet
  facet normal 0.707083 0.707131 0
    outer loop
      vertex 3.29282 17.85 2.6
      vertex 3 18.1428 2
      vertex 3 18.1428 2.6
    endloop
  endfacet
  facet normal 0.707083 0.707131 0
    outer loop
      vertex 3 18.1428 2
      vertex 3.29282 17.85 2.6
      vertex 3.29282 17.85 2
    endloop
  endfacet
  facet normal -0.965926 0.25882 0
    outer loop
      vertex 1.8 17.45 2
      vertex 1.90718 17.85 2.6
      vertex 1.90718 17.85 2
    endloop
  endfacet
  facet normal -0.965926 0.25882 0
    outer loop
      vertex 1.90718 17.85 2.6
      vertex 1.8 17.45 2
      vertex 1.8 17.45 2.6
    endloop
  endfacet
  facet normal 0 0 1
    outer loop
      vertex 3.29282 17.85 2.6
      vertex 3.29282 17.05 2.6
      vertex 3.4 17.45 2.6
    endloop
  endfacet
  facet normal 0 0 1
    outer loop
      vertex 3 18.1428 2.6
      vertex 3.29282 17.05 2.6
      vertex 3.29282 17.85 2.6
    endloop
  endfacet
  facet normal 0 0 1
    outer loop
      vertex 3 18.1428 2.6
      vertex 3 16.7572 2.6
      vertex 3.29282 17.05 2.6
    endloop
  endfacet
  facet normal 0 0 1
    outer loop
      vertex 2.6 18.25 2.6
      vertex 3 16.7572 2.6
      vertex 3 18.1428 2.6
    endloop
  endfacet
  facet normal 0 0 1
    outer loop
      vertex 2.6 18.25 2.6
      vertex 2.6 16.65 2.6
      vertex 3 16.7572 2.6
    endloop
  endfacet
  facet normal -0 0 1
    outer loop
      vertex 2.2 18.1428 2.6
      vertex 2.6 16.65 2.6
      vertex 2.6 18.25 2.6
    endloop
  endfacet
  facet normal 0 0 1
    outer loop
      vertex 2.2 18.1428 2.6
      vertex 2.2 16.7572 2.6
      vertex 2.6 16.65 2.6
    endloop
  endfacet
  facet normal -0 0 1
    outer loop
      vertex 1.90718 17.85 2.6
      vertex 2.2 16.7572 2.6
      vertex 2.2 18.1428 2.6
    endloop
  endfacet
  facet normal 0 0 1
    outer loop
      vertex 1.90718 17.85 2.6
      vertex 1.90718 17.05 2.6
      vertex 2.2 16.7572 2.6
    endloop
  endfacet
  facet normal 0 -0 1
    outer loop
      vertex 1.90718 17.05 2.6
      vertex 1.90718 17.85 2.6
      vertex 1.8 17.45 2.6
    endloop
  endfacet
  facet normal 0.965926 -0.25882 0
    outer loop
      vertex 3.29282 17.05 2.6
      vertex 3.4 17.45 2
      vertex 3.4 17.45 2.6
    endloop
  endfacet
  facet normal 0.965926 -0.25882 0
    outer loop
      vertex 3.4 17.45 2
      vertex 3.29282 17.05 2.6
      vertex 3.29282 17.05 2
    endloop
  endfacet
  facet normal 0.258865 -0.965914 0
    outer loop
      vertex 2.6 16.65 2
      vertex 3 16.7572 2.6
      vertex 2.6 16.65 2.6
    endloop
  endfacet
  facet normal 0.258865 -0.965914 0
    outer loop
      vertex 3 16.7572 2.6
      vertex 2.6 16.65 2
      vertex 3 16.7572 2
    endloop
  endfacet
  facet normal -0.707083 -0.707131 0
    outer loop
      vertex 1.90718 17.05 2
      vertex 2.2 16.7572 2.6
      vertex 1.90718 17.05 2.6
    endloop
  endfacet
  facet normal -0.707083 -0.707131 -0
    outer loop
      vertex 2.2 16.7572 2.6
      vertex 1.90718 17.05 2
      vertex 2.2 16.7572 2
    endloop
  endfacet
  facet normal -0.965926 -0.25882 0
    outer loop
      vertex 1.90718 17.05 2
      vertex 1.8 17.45 2.6
      vertex 1.8 17.45 2
    endloop
  endfacet
  facet normal -0.965926 -0.25882 0
    outer loop
      vertex 1.8 17.45 2.6
      vertex 1.90718 17.05 2
      vertex 1.90718 17.05 2.6
    endloop
  endfacet
  facet normal -0.258865 -0.965914 0
    outer loop
      vertex 2.2 16.7572 2
      vertex 2.6 16.65 2.6
      vertex 2.2 16.7572 2.6
    endloop
  endfacet
  facet normal -0.258865 -0.965914 -0
    outer loop
      vertex 2.6 16.65 2.6
      vertex 2.2 16.7572 2
      vertex 2.6 16.65 2
    endloop
  endfacet
  facet normal 0.999465 0.032714 0
    outer loop
      vertex 43.6 0 8
      vertex 43.5711 0.882942 2
      vertex 43.5711 0.882942 8
    endloop
  endfacet
  facet normal 0.999465 0.032714 0
    outer loop
      vertex 43.5711 0.882942 2
      vertex 43.6 0 8
      vertex 43.6 0 2
    endloop
  endfacet
  facet normal -0.999465 0.032714 0
    outer loop
      vertex 16.6 0 2
      vertex 16.6289 0.882942 8
      vertex 16.6289 0.882942 2
    endloop
  endfacet
  facet normal -0.999465 0.032714 0
    outer loop
      vertex 16.6289 0.882942 8
      vertex 16.6 0 2
      vertex 16.6 0 8
    endloop
  endfacet
  facet normal 0.0327155 0.999465 -0
    outer loop
      vertex 30.9829 13.4711 2
      vertex 30.1 13.5 8
      vertex 30.9829 13.4711 8
    endloop
  endfacet
  facet normal 0.0327155 0.999465 0
    outer loop
      vertex 30.1 13.5 8
      vertex 30.9829 13.4711 2
      vertex 30.1 13.5 2
    endloop
  endfacet
  facet normal 0.72986 0.683597 0
    outer loop
      vertex 40.2498 8.90117 8
      vertex 39.6459 9.54594 0
      vertex 39.6459 9.54594 8
    endloop
  endfacet
  facet normal 0.72986 0.683597 0
    outer loop
      vertex 39.6459 9.54594 0
      vertex 40.2498 8.90117 8
      vertex 40.2498 8.90117 0
    endloop
  endfacet
  facet normal -0.683612 0.729846 0
    outer loop
      vertex 21.1988 10.1498 0
      vertex 20.5541 9.54594 8
      vertex 21.1988 10.1498 8
    endloop
  endfacet
  facet normal -0.683612 0.729846 0
    outer loop
      vertex 20.5541 9.54594 8
      vertex 21.1988 10.1498 0
      vertex 20.5541 9.54594 0
    endloop
  endfacet
  facet normal -0.352294 0.935889 0
    outer loop
      vertex 25.0072 12.5 2
      vertex 25.7606 12.7836 8
      vertex 25.7606 12.7836 2
    endloop
  endfacet
  facet normal -0.352264 0.935901 -4.22597e-06
    outer loop
      vertex 25.7606 12.7836 8
      vertex 25.0072 12.5 2
      vertex 24.9338 12.4724 8
    endloop
  endfacet
  facet normal -0.351962 0.936014 0
    outer loop
      vertex 24.9338 12.4724 0
      vertex 25.0072 12.5 2
      vertex 25.0072 12.5 0
    endloop
  endfacet
  facet normal -0.351962 0.936014 0
    outer loop
      vertex 25.0072 12.5 2
      vertex 24.9338 12.4724 0
      vertex 24.9338 12.4724 8
    endloop
  endfacet
  facet normal 0.91086 0.412715 0
    outer loop
      vertex 42.5724 5.16623 8
      vertex 42.2078 5.9709 0
      vertex 42.2078 5.9709 8
    endloop
  endfacet
  facet normal 0.91086 0.412715 0
    outer loop
      vertex 42.2078 5.9709 0
      vertex 42.5724 5.16623 8
      vertex 42.5724 5.16623 0
    endloop
  endfacet
  facet normal 0.412702 0.910866 -0
    outer loop
      vertex 36.0709 12.1078 0
      vertex 35.2662 12.4724 8
      vertex 36.0709 12.1078 8
    endloop
  endfacet
  facet normal 0.412702 0.910866 0
    outer loop
      vertex 35.2662 12.4724 8
      vertex 36.0709 12.1078 0
      vertex 35.2662 12.4724 0
    endloop
  endfacet
  facet normal 0.582415 0.812891 -0
    outer loop
      vertex 38.3183 10.7103 0
      vertex 37.6002 11.2248 8
      vertex 38.3183 10.7103 8
    endloop
  endfacet
  facet normal 0.582415 0.812891 0
    outer loop
      vertex 37.6002 11.2248 8
      vertex 38.3183 10.7103 0
      vertex 37.6002 11.2248 0
    endloop
  endfacet
  facet normal -0.91086 0.412715 0
    outer loop
      vertex 17.6276 5.16623 0
      vertex 17.9922 5.9709 8
      vertex 17.9922 5.9709 0
    endloop
  endfacet
  facet normal -0.91086 0.412715 0
    outer loop
      vertex 17.9922 5.9709 8
      vertex 17.6276 5.16623 0
      vertex 17.6276 5.16623 8
    endloop
  endfacet
  facet normal -0.162894 0.986644 0
    outer loop
      vertex 28.3379 13.3845 2
      vertex 27.4663 13.2406 8
      vertex 28.3379 13.3845 8
    endloop
  endfacet
  facet normal -0.162894 0.986644 0
    outer loop
      vertex 27.4663 13.2406 8
      vertex 28.3379 13.3845 2
      vertex 27.4663 13.2406 2
    endloop
  endfacet
  facet normal 0.973876 0.227079 0
    outer loop
      vertex 43.14 3.49406 8
      vertex 43.2552 3 2
      vertex 43.14 3.49406 0
    endloop
  endfacet
  facet normal 0.973878 0.227073 5.15423e-07
    outer loop
      vertex 43.3406 2.63372 8
      vertex 43.2552 3 2
      vertex 43.14 3.49406 8
    endloop
  endfacet
  facet normal 0.97388 0.227065 0
    outer loop
      vertex 43.2552 3 2
      vertex 43.3406 2.63372 8
      vertex 43.3406 2.63372 2
    endloop
  endfacet
  facet normal 0.973876 0.227079 0
    outer loop
      vertex 43.14 3.49406 0
      vertex 43.2552 3 2
      vertex 43.2552 3 0
    endloop
  endfacet
  facet normal 0.995184 0.0980289 0
    outer loop
      vertex 43.5711 0.882942 8
      vertex 43.4845 1.7621 2
      vertex 43.4845 1.7621 8
    endloop
  endfacet
  facet normal 0.995184 0.0980289 0
    outer loop
      vertex 43.4845 1.7621 2
      vertex 43.5711 0.882942 8
      vertex 43.5711 0.882942 2
    endloop
  endfacet
  facet normal 0.956953 0.290243 0
    outer loop
      vertex 43.14 3.49406 8
      vertex 42.8836 4.33943 0
      vertex 42.8836 4.33943 8
    endloop
  endfacet
  facet normal 0.956953 0.290243 0
    outer loop
      vertex 42.8836 4.33943 0
      vertex 43.14 3.49406 8
      vertex 43.14 3.49406 0
    endloop
  endfacet
  facet normal 0.812884 0.582426 0
    outer loop
      vertex 41.3248 7.5002 8
      vertex 40.8103 8.21828 0
      vertex 40.8103 8.21828 8
    endloop
  endfacet
  facet normal 0.812884 0.582426 0
    outer loop
      vertex 40.8103 8.21828 0
      vertex 41.3248 7.5002 8
      vertex 41.3248 7.5002 0
    endloop
  endfacet
  facet normal 0.772973 0.634438 0
    outer loop
      vertex 40.8103 8.21828 8
      vertex 40.2498 8.90117 0
      vertex 40.2498 8.90117 8
    endloop
  endfacet
  facet normal 0.772973 0.634438 0
    outer loop
      vertex 40.2498 8.90117 0
      vertex 40.8103 8.21828 8
      vertex 40.8103 8.21828 0
    endloop
  endfacet
  facet normal 0.881892 0.471452 0
    outer loop
      vertex 42.2078 5.9709 8
      vertex 41.7913 6.75 0
      vertex 41.7913 6.75 8
    endloop
  endfacet
  facet normal 0.881892 0.471452 0
    outer loop
      vertex 41.7913 6.75 0
      vertex 42.2078 5.9709 8
      vertex 42.2078 5.9709 0
    endloop
  endfacet
  facet normal 0.227058 0.973881 -0
    outer loop
      vertex 33.5941 13.04 2
      vertex 32.7337 13.2406 8
      vertex 33.5941 13.04 8
    endloop
  endfacet
  facet normal 0.227058 0.973881 0
    outer loop
      vertex 32.7337 13.2406 8
      vertex 33.5941 13.04 2
      vertex 32.7337 13.2406 2
    endloop
  endfacet
  facet normal 0.162894 0.986644 -0
    outer loop
      vertex 32.7337 13.2406 2
      vertex 31.8621 13.3845 8
      vertex 32.7337 13.2406 8
    endloop
  endfacet
  facet normal 0.162894 0.986644 0
    outer loop
      vertex 31.8621 13.3845 8
      vertex 32.7337 13.2406 2
      vertex 31.8621 13.3845 2
    endloop
  endfacet
  facet normal 0.528064 0.849204 -0
    outer loop
      vertex 37.6002 11.2248 0
      vertex 36.85 11.6913 8
      vertex 37.6002 11.2248 8
    endloop
  endfacet
  facet normal 0.528064 0.849204 0
    outer loop
      vertex 36.85 11.6913 8
      vertex 37.6002 11.2248 0
      vertex 36.85 11.6913 0
    endloop
  endfacet
  facet normal 0.634433 0.772978 -0
    outer loop
      vertex 39.0012 10.1498 0
      vertex 38.3183 10.7103 8
      vertex 39.0012 10.1498 8
    endloop
  endfacet
  facet normal 0.634433 0.772978 0
    outer loop
      vertex 38.3183 10.7103 8
      vertex 39.0012 10.1498 0
      vertex 38.3183 10.7103 0
    endloop
  endfacet
  facet normal -0.973876 0.227079 0
    outer loop
      vertex 16.9448 3 2
      vertex 17.06 3.49406 0
      vertex 16.9448 3 0
    endloop
  endfacet
  facet normal -0.973876 0.227079 0
    outer loop
      vertex 17.06 3.49406 0
      vertex 16.9448 3 2
      vertex 17.06 3.49406 8
    endloop
  endfacet
  facet normal -0.97388 0.227065 0
    outer loop
      vertex 16.8594 2.63372 8
      vertex 16.9448 3 2
      vertex 16.8594 2.63372 2
    endloop
  endfacet
  facet normal -0.973878 0.227073 5.15423e-07
    outer loop
      vertex 16.9448 3 2
      vertex 16.8594 2.63372 8
      vertex 17.06 3.49406 8
    endloop
  endfacet
  facet normal -0.812884 0.582426 0
    outer loop
      vertex 18.8752 7.5002 0
      vertex 19.3897 8.21828 8
      vertex 19.3897 8.21828 0
    endloop
  endfacet
  facet normal -0.812884 0.582426 0
    outer loop
      vertex 19.3897 8.21828 8
      vertex 18.8752 7.5002 0
      vertex 18.8752 7.5002 8
    endloop
  endfacet
  facet normal -0.849204 0.528064 0
    outer loop
      vertex 18.4087 6.75 0
      vertex 18.8752 7.5002 8
      vertex 18.8752 7.5002 0
    endloop
  endfacet
  facet normal -0.849204 0.528064 0
    outer loop
      vertex 18.8752 7.5002 8
      vertex 18.4087 6.75 0
      vertex 18.4087 6.75 8
    endloop
  endfacet
  facet normal -0.986644 0.16289 0
    outer loop
      vertex 16.7155 1.7621 2
      vertex 16.8594 2.63372 8
      vertex 16.8594 2.63372 2
    endloop
  endfacet
  facet normal -0.986644 0.16289 0
    outer loop
      vertex 16.8594 2.63372 8
      vertex 16.7155 1.7621 2
      vertex 16.7155 1.7621 8
    endloop
  endfacet
  facet normal -0.528064 0.849204 0
    outer loop
      vertex 23.35 11.6913 0
      vertex 22.5998 11.2248 8
      vertex 23.35 11.6913 8
    endloop
  endfacet
  facet normal -0.528064 0.849204 0
    outer loop
      vertex 22.5998 11.2248 8
      vertex 23.35 11.6913 0
      vertex 22.5998 11.2248 0
    endloop
  endfacet
  facet normal -0.582415 0.812891 0
    outer loop
      vertex 22.5998 11.2248 0
      vertex 21.8817 10.7103 8
      vertex 22.5998 11.2248 8
    endloop
  endfacet
  facet normal -0.582415 0.812891 0
    outer loop
      vertex 21.8817 10.7103 8
      vertex 22.5998 11.2248 0
      vertex 21.8817 10.7103 0
    endloop
  endfacet
  facet normal -0.227058 0.973881 0
    outer loop
      vertex 27.4663 13.2406 2
      vertex 26.6059 13.04 8
      vertex 27.4663 13.2406 8
    endloop
  endfacet
  facet normal -0.227058 0.973881 0
    outer loop
      vertex 26.6059 13.04 8
      vertex 27.4663 13.2406 2
      vertex 26.6059 13.04 2
    endloop
  endfacet
  facet normal -0.0980243 0.995184 0
    outer loop
      vertex 29.2171 13.4711 2
      vertex 28.3379 13.3845 8
      vertex 29.2171 13.4711 8
    endloop
  endfacet
  facet normal -0.0980243 0.995184 0
    outer loop
      vertex 28.3379 13.3845 8
      vertex 29.2171 13.4711 2
      vertex 28.3379 13.3845 2
    endloop
  endfacet
  facet normal 0.227058 -0.973881 0
    outer loop
      vertex 32.7337 -13.2406 0
      vertex 33.5941 -13.04 8
      vertex 32.7337 -13.2406 8
    endloop
  endfacet
  facet normal 0.227058 -0.973881 0
    outer loop
      vertex 33.5941 -13.04 8
      vertex 32.7337 -13.2406 0
      vertex 33.5941 -13.04 0
    endloop
  endfacet
  facet normal 0.582415 -0.812891 0
    outer loop
      vertex 37.6002 -11.2248 0
      vertex 38.3183 -10.7103 8
      vertex 37.6002 -11.2248 8
    endloop
  endfacet
  facet normal 0.582415 -0.812891 0
    outer loop
      vertex 38.3183 -10.7103 8
      vertex 37.6002 -11.2248 0
      vertex 38.3183 -10.7103 0
    endloop
  endfacet
  facet normal 0.881892 -0.471452 0
    outer loop
      vertex 41.7913 -6.75 8
      vertex 42.2078 -5.9709 0
      vertex 42.2078 -5.9709 8
    endloop
  endfacet
  facet normal 0.881892 -0.471452 0
    outer loop
      vertex 42.2078 -5.9709 0
      vertex 41.7913 -6.75 8
      vertex 41.7913 -6.75 0
    endloop
  endfacet
  facet normal -0.528064 -0.849204 0
    outer loop
      vertex 22.5998 -11.2248 0
      vertex 23.35 -11.6913 8
      vertex 22.5998 -11.2248 8
    endloop
  endfacet
  facet normal -0.528064 -0.849204 -0
    outer loop
      vertex 23.35 -11.6913 8
      vertex 22.5998 -11.2248 0
      vertex 23.35 -11.6913 0
    endloop
  endfacet
  facet normal -0.162894 -0.986644 0
    outer loop
      vertex 27.4663 -13.2406 0
      vertex 28.3379 -13.3845 8
      vertex 27.4663 -13.2406 8
    endloop
  endfacet
  facet normal -0.162894 -0.986644 -0
    outer loop
      vertex 28.3379 -13.3845 8
      vertex 27.4663 -13.2406 0
      vertex 28.3379 -13.3845 0
    endloop
  endfacet
  facet normal -0.812884 -0.582426 0
    outer loop
      vertex 19.3897 -8.21828 0
      vertex 18.8752 -7.5002 8
      vertex 18.8752 -7.5002 0
    endloop
  endfacet
  facet normal -0.812884 -0.582426 0
    outer loop
      vertex 18.8752 -7.5002 8
      vertex 19.3897 -8.21828 0
      vertex 19.3897 -8.21828 8
    endloop
  endfacet
  facet normal -0.973876 -0.227079 0
    outer loop
      vertex 16.9448 -3 0
      vertex 17.06 -3.49406 0
      vertex 16.9448 -3 2
    endloop
  endfacet
  facet normal -0.97388 -0.227065 0
    outer loop
      vertex 16.9448 -3 2
      vertex 16.8594 -2.63372 8
      vertex 16.8594 -2.63372 2
    endloop
  endfacet
  facet normal -0.973876 -0.227079 -0
    outer loop
      vertex 17.06 -3.49406 8
      vertex 16.9448 -3 2
      vertex 17.06 -3.49406 0
    endloop
  endfacet
  facet normal -0.973878 -0.227073 5.15423e-07
    outer loop
      vertex 16.9448 -3 2
      vertex 17.06 -3.49406 8
      vertex 16.8594 -2.63372 8
    endloop
  endfacet
  facet normal 0.986644 0.16289 0
    outer loop
      vertex 43.4845 1.7621 8
      vertex 43.3406 2.63372 2
      vertex 43.3406 2.63372 8
    endloop
  endfacet
  facet normal 0.986644 0.16289 0
    outer loop
      vertex 43.3406 2.63372 2
      vertex 43.4845 1.7621 8
      vertex 43.4845 1.7621 2
    endloop
  endfacet
  facet normal 0.935901 0.352264 0
    outer loop
      vertex 42.8836 4.33943 8
      vertex 42.5724 5.16623 0
      vertex 42.5724 5.16623 8
    endloop
  endfacet
  facet normal 0.935901 0.352264 0
    outer loop
      vertex 42.5724 5.16623 0
      vertex 42.8836 4.33943 8
      vertex 42.8836 4.33943 0
    endloop
  endfacet
  facet normal 0.849204 0.528064 0
    outer loop
      vertex 41.7913 6.75 8
      vertex 41.3248 7.5002 0
      vertex 41.3248 7.5002 8
    endloop
  endfacet
  facet normal 0.849204 0.528064 0
    outer loop
      vertex 41.3248 7.5002 0
      vertex 41.7913 6.75 8
      vertex 41.7913 6.75 0
    endloop
  endfacet
  facet normal 0.290265 0.956946 -0
    outer loop
      vertex 34.4394 12.7836 2
      vertex 33.5941 13.04 8
      vertex 34.4394 12.7836 8
    endloop
  endfacet
  facet normal 0.290265 0.956946 0
    outer loop
      vertex 33.5941 13.04 8
      vertex 34.4394 12.7836 2
      vertex 33.5941 13.04 2
    endloop
  endfacet
  facet normal 0.352264 0.935901 -4.22597e-06
    outer loop
      vertex 35.2662 12.4724 8
      vertex 35.1928 12.5 2
      vertex 34.4394 12.7836 8
    endloop
  endfacet
  facet normal 0.351962 0.936014 -0
    outer loop
      vertex 35.2662 12.4724 0
      vertex 35.1928 12.5 2
      vertex 35.2662 12.4724 8
    endloop
  endfacet
  facet normal 0.351962 0.936014 0
    outer loop
      vertex 35.1928 12.5 2
      vertex 35.2662 12.4724 0
      vertex 35.1928 12.5 0
    endloop
  endfacet
  facet normal 0.352294 0.935889 0
    outer loop
      vertex 34.4394 12.7836 8
      vertex 35.1928 12.5 2
      vertex 34.4394 12.7836 2
    endloop
  endfacet
  facet normal 0.0980243 0.995184 -0
    outer loop
      vertex 31.8621 13.3845 2
      vertex 30.9829 13.4711 8
      vertex 31.8621 13.3845 8
    endloop
  endfacet
  facet normal 0.0980243 0.995184 0
    outer loop
      vertex 30.9829 13.4711 8
      vertex 31.8621 13.3845 2
      vertex 30.9829 13.4711 2
    endloop
  endfacet
  facet normal 0.471452 0.881892 -0
    outer loop
      vertex 36.85 11.6913 0
      vertex 36.0709 12.1078 8
      vertex 36.85 11.6913 8
    endloop
  endfacet
  facet normal 0.471452 0.881892 0
    outer loop
      vertex 36.0709 12.1078 8
      vertex 36.85 11.6913 0
      vertex 36.0709 12.1078 0
    endloop
  endfacet
  facet normal 0.683612 0.729846 -0
    outer loop
      vertex 39.6459 9.54594 0
      vertex 39.0012 10.1498 8
      vertex 39.6459 9.54594 8
    endloop
  endfacet
  facet normal 0.683612 0.729846 0
    outer loop
      vertex 39.0012 10.1498 8
      vertex 39.6459 9.54594 0
      vertex 39.0012 10.1498 0
    endloop
  endfacet
  facet normal -0.772973 0.634438 0
    outer loop
      vertex 19.3897 8.21828 0
      vertex 19.9502 8.90117 8
      vertex 19.9502 8.90117 0
    endloop
  endfacet
  facet normal -0.772973 0.634438 0
    outer loop
      vertex 19.9502 8.90117 8
      vertex 19.3897 8.21828 0
      vertex 19.3897 8.21828 8
    endloop
  endfacet
  facet normal -0.72986 0.683597 0
    outer loop
      vertex 19.9502 8.90117 0
      vertex 20.5541 9.54594 8
      vertex 20.5541 9.54594 0
    endloop
  endfacet
  facet normal -0.72986 0.683597 0
    outer loop
      vertex 20.5541 9.54594 8
      vertex 19.9502 8.90117 0
      vertex 19.9502 8.90117 8
    endloop
  endfacet
  facet normal -0.881892 0.471452 0
    outer loop
      vertex 17.9922 5.9709 0
      vertex 18.4087 6.75 8
      vertex 18.4087 6.75 0
    endloop
  endfacet
  facet normal -0.881892 0.471452 0
    outer loop
      vertex 18.4087 6.75 8
      vertex 17.9922 5.9709 0
      vertex 17.9922 5.9709 8
    endloop
  endfacet
  facet normal -0.956953 0.290243 0
    outer loop
      vertex 17.06 3.49406 0
      vertex 17.3164 4.33943 8
      vertex 17.3164 4.33943 0
    endloop
  endfacet
  facet normal -0.956953 0.290243 0
    outer loop
      vertex 17.3164 4.33943 8
      vertex 17.06 3.49406 0
      vertex 17.06 3.49406 8
    endloop
  endfacet
  facet normal -0.935901 0.352264 0
    outer loop
      vertex 17.3164 4.33943 0
      vertex 17.6276 5.16623 8
      vertex 17.6276 5.16623 0
    endloop
  endfacet
  facet normal -0.935901 0.352264 0
    outer loop
      vertex 17.6276 5.16623 8
      vertex 17.3164 4.33943 0
      vertex 17.3164 4.33943 8
    endloop
  endfacet
  facet normal -0.995184 0.0980289 0
    outer loop
      vertex 16.6289 0.882942 2
      vertex 16.7155 1.7621 8
      vertex 16.7155 1.7621 2
    endloop
  endfacet
  facet normal -0.995184 0.0980289 0
    outer loop
      vertex 16.7155 1.7621 8
      vertex 16.6289 0.882942 2
      vertex 16.6289 0.882942 8
    endloop
  endfacet
  facet normal 0 0 1
    outer loop
      vertex 41.2 0 8
      vertex 43.6 0 8
      vertex 43.5711 0.882942 8
    endloop
  endfacet
  facet normal 0 0 1
    outer loop
      vertex 41.1762 0.725974 8
      vertex 43.5711 0.882942 8
      vertex 43.4845 1.7621 8
    endloop
  endfacet
  facet normal 0 0 1
    outer loop
      vertex 43.6 0 8
      vertex 41.2 0 8
      vertex 43.5711 -0.882942 8
    endloop
  endfacet
  facet normal 0 0 1
    outer loop
      vertex 41.105 1.44884 8
      vertex 43.4845 1.7621 8
      vertex 43.3406 2.63372 8
    endloop
  endfacet
  facet normal -0 0 1
    outer loop
      vertex 41.1762 -0.725974 8
      vertex 43.5711 -0.882942 8
      vertex 41.2 0 8
    endloop
  endfacet
  facet normal 0 0 1
    outer loop
      vertex 40.9867 2.1655 8
      vertex 43.3406 2.63372 8
      vertex 43.14 3.49406 8
    endloop
  endfacet
  facet normal 0 0 1
    outer loop
      vertex 43.5711 -0.882942 8
      vertex 41.1762 -0.725974 8
      vertex 43.4845 -1.7621 8
    endloop
  endfacet
  facet normal 0 0 1
    outer loop
      vertex 40.8218 2.87289 8
      vertex 43.14 3.49406 8
      vertex 42.8836 4.33943 8
    endloop
  endfacet
  facet normal -0 0 1
    outer loop
      vertex 41.105 -1.44884 8
      vertex 43.4845 -1.7621 8
      vertex 41.1762 -0.725974 8
    endloop
  endfacet
  facet normal 0 0 1
    outer loop
      vertex 40.6109 3.56798 8
      vertex 42.8836 4.33943 8
      vertex 42.5724 5.16623 8
    endloop
  endfacet
  facet normal 0 0 1
    outer loop
      vertex 43.4845 -1.7621 8
      vertex 41.105 -1.44884 8
      vertex 43.3406 -2.63372 8
    endloop
  endfacet
  facet normal 0 0 1
    outer loop
      vertex 40.3551 4.24779 8
      vertex 42.5724 5.16623 8
      vertex 42.2078 5.9709 8
    endloop
  endfacet
  facet normal -0 0 1
    outer loop
      vertex 40.9867 -2.1655 8
      vertex 43.3406 -2.63372 8
      vertex 41.105 -1.44884 8
    endloop
  endfacet
  facet normal 0 0 1
    outer loop
      vertex 40.0553 4.9094 8
      vertex 42.2078 5.9709 8
      vertex 41.7913 6.75 8
    endloop
  endfacet
  facet normal 0 0 1
    outer loop
      vertex 43.3406 -2.63372 8
      vertex 40.9867 -2.1655 8
      vertex 43.14 -3.49406 8
    endloop
  endfacet
  facet normal 0 0 1
    outer loop
      vertex 39.7129 5.55 8
      vertex 41.7913 6.75 8
      vertex 41.3248 7.5002 8
    endloop
  endfacet
  facet normal -0 0 1
    outer loop
      vertex 40.8218 -2.87289 8
      vertex 43.14 -3.49406 8
      vertex 40.9867 -2.1655 8
    endloop
  endfacet
  facet normal 0 0 1
    outer loop
      vertex 43.14 -3.49406 8
      vertex 40.8218 -2.87289 8
      vertex 42.8836 -4.33943 8
    endloop
  endfacet
  facet normal 0 0 1
    outer loop
      vertex 43.5711 0.882942 8
      vertex 41.1762 0.725974 8
      vertex 41.2 0 8
    endloop
  endfacet
  facet normal 0 0 1
    outer loop
      vertex 43.4845 1.7621 8
      vertex 41.105 1.44884 8
      vertex 41.1762 0.725974 8
    endloop
  endfacet
  facet normal 0 0 1
    outer loop
      vertex 43.3406 2.63372 8
      vertex 40.9867 2.1655 8
      vertex 41.105 1.44884 8
    endloop
  endfacet
  facet normal 0 0 1
    outer loop
      vertex 43.14 3.49406 8
      vertex 40.8218 2.87289 8
      vertex 40.9867 2.1655 8
    endloop
  endfacet
  facet normal 0 0 1
    outer loop
      vertex 39.3293 6.16683 8
      vertex 41.3248 7.5002 8
      vertex 40.8103 8.21828 8
    endloop
  endfacet
  facet normal 0 0 1
    outer loop
      vertex 42.8836 4.33943 8
      vertex 40.6109 3.56798 8
      vertex 40.8218 2.87289 8
    endloop
  endfacet
  facet normal 0 0 1
    outer loop
      vertex 42.5724 5.16623 8
      vertex 40.3551 4.24779 8
      vertex 40.6109 3.56798 8
    endloop
  endfacet
  facet normal 0 0 1
    outer loop
      vertex 38.9062 6.75725 8
      vertex 40.8103 8.21828 8
      vertex 40.2498 8.90117 8
    endloop
  endfacet
  facet normal 0 0 1
    outer loop
      vertex 42.2078 5.9709 8
      vertex 40.0553 4.9094 8
      vertex 40.3551 4.24779 8
    endloop
  endfacet
  facet normal 0 0 1
    outer loop
      vertex 41.7913 6.75 8
      vertex 39.7129 5.55 8
      vertex 40.0553 4.9094 8
    endloop
  endfacet
  facet normal 0 0 1
    outer loop
      vertex 38.4454 7.31874 8
      vertex 40.2498 8.90117 8
      vertex 39.6459 9.54594 8
    endloop
  endfacet
  facet normal 0 0 1
    outer loop
      vertex 41.3248 7.5002 8
      vertex 39.3293 6.16683 8
      vertex 39.7129 5.55 8
    endloop
  endfacet
  facet normal 0 0 1
    outer loop
      vertex 37.9489 7.84888 8
      vertex 39.6459 9.54594 8
      vertex 39.0012 10.1498 8
    endloop
  endfacet
  facet normal 0 0 1
    outer loop
      vertex 40.8103 8.21828 8
      vertex 38.9062 6.75725 8
      vertex 39.3293 6.16683 8
    endloop
  endfacet
  facet normal 0 0 1
    outer loop
      vertex 40.2498 8.90117 8
      vertex 38.4454 7.31874 8
      vertex 38.9062 6.75725 8
    endloop
  endfacet
  facet normal 0 0 1
    outer loop
      vertex 37.4187 8.34542 8
      vertex 39.0012 10.1498 8
      vertex 38.3183 10.7103 8
    endloop
  endfacet
  facet normal 0 0 1
    outer loop
      vertex 39.6459 9.54594 8
      vertex 37.9489 7.84888 8
      vertex 38.4454 7.31874 8
    endloop
  endfacet
  facet normal 0 0 1
    outer loop
      vertex 36.8573 8.80622 8
      vertex 38.3183 10.7103 8
      vertex 37.6002 11.2248 8
    endloop
  endfacet
  facet normal 0 0 1
    outer loop
      vertex 39.0012 10.1498 8
      vertex 37.4187 8.34542 8
      vertex 37.9489 7.84888 8
    endloop
  endfacet
  facet normal 0 0 1
    outer loop
      vertex 38.3183 10.7103 8
      vertex 36.8573 8.80622 8
      vertex 37.4187 8.34542 8
    endloop
  endfacet
  facet normal 0 0 1
    outer loop
      vertex 36.2668 9.22931 8
      vertex 37.6002 11.2248 8
      vertex 36.85 11.6913 8
    endloop
  endfacet
  facet normal 0 0 1
    outer loop
      vertex 37.6002 11.2248 8
      vertex 36.2668 9.22931 8
      vertex 36.8573 8.80622 8
    endloop
  endfacet
  facet normal 0 0 1
    outer loop
      vertex 35.65 9.61288 8
      vertex 36.85 11.6913 8
      vertex 36.0709 12.1078 8
    endloop
  endfacet
  facet normal 0 0 1
    outer loop
      vertex 36.85 11.6913 8
      vertex 35.65 9.61288 8
      vertex 36.2668 9.22931 8
    endloop
  endfacet
  facet normal 0 0 1
    outer loop
      vertex 35.0094 9.95529 8
      vertex 36.0709 12.1078 8
      vertex 35.2662 12.4724 8
    endloop
  endfacet
  facet normal 0 0 1
    outer loop
      vertex 36.0709 12.1078 8
      vertex 35.0094 9.95529 8
      vertex 35.65 9.61288 8
    endloop
  endfacet
  facet normal 0 0 1
    outer loop
      vertex 34.3478 10.2551 8
      vertex 35.2662 12.4724 8
      vertex 34.4394 12.7836 8
    endloop
  endfacet
  facet normal 0 0 1
    outer loop
      vertex 35.2662 12.4724 8
      vertex 34.3478 10.2551 8
      vertex 35.0094 9.95529 8
    endloop
  endfacet
  facet normal 0 0 1
    outer loop
      vertex 34.4394 12.7836 8
      vertex 33.668 10.5109 8
      vertex 34.3478 10.2551 8
    endloop
  endfacet
  facet normal 0 0 1
    outer loop
      vertex 33.5941 13.04 8
      vertex 33.668 10.5109 8
      vertex 34.4394 12.7836 8
    endloop
  endfacet
  facet normal 0 0 1
    outer loop
      vertex 33.5941 13.04 8
      vertex 32.9729 10.7218 8
      vertex 33.668 10.5109 8
    endloop
  endfacet
  facet normal 0 0 1
    outer loop
      vertex 32.7337 13.2406 8
      vertex 32.9729 10.7218 8
      vertex 33.5941 13.04 8
    endloop
  endfacet
  facet normal 0 0 1
    outer loop
      vertex 32.7337 13.2406 8
      vertex 32.2655 10.8867 8
      vertex 32.9729 10.7218 8
    endloop
  endfacet
  facet normal 0 0 1
    outer loop
      vertex 31.8621 13.3845 8
      vertex 32.2655 10.8867 8
      vertex 32.7337 13.2406 8
    endloop
  endfacet
  facet normal 0 0 1
    outer loop
      vertex 31.8621 13.3845 8
      vertex 31.5488 11.005 8
      vertex 32.2655 10.8867 8
    endloop
  endfacet
  facet normal 0 0 1
    outer loop
      vertex 30.9829 13.4711 8
      vertex 31.5488 11.005 8
      vertex 31.8621 13.3845 8
    endloop
  endfacet
  facet normal 0 0 1
    outer loop
      vertex 30.9829 13.4711 8
      vertex 30.826 11.0762 8
      vertex 31.5488 11.005 8
    endloop
  endfacet
  facet normal 0 0 1
    outer loop
      vertex 30.1 13.5 8
      vertex 30.826 11.0762 8
      vertex 30.9829 13.4711 8
    endloop
  endfacet
  facet normal 0 0 1
    outer loop
      vertex 30.1 13.5 8
      vertex 30.1 11.1 8
      vertex 30.826 11.0762 8
    endloop
  endfacet
  facet normal 0 0 1
    outer loop
      vertex 30.1 13.5 8
      vertex 29.374 11.0762 8
      vertex 30.1 11.1 8
    endloop
  endfacet
  facet normal -0 0 1
    outer loop
      vertex 29.2171 13.4711 8
      vertex 29.374 11.0762 8
      vertex 30.1 13.5 8
    endloop
  endfacet
  facet normal 0 0 1
    outer loop
      vertex 29.2171 13.4711 8
      vertex 28.6512 11.005 8
      vertex 29.374 11.0762 8
    endloop
  endfacet
  facet normal -0 0 1
    outer loop
      vertex 28.3379 13.3845 8
      vertex 28.6512 11.005 8
      vertex 29.2171 13.4711 8
    endloop
  endfacet
  facet normal 0 0 1
    outer loop
      vertex 28.3379 13.3845 8
      vertex 27.9345 10.8867 8
      vertex 28.6512 11.005 8
    endloop
  endfacet
  facet normal -0 0 1
    outer loop
      vertex 27.4663 13.2406 8
      vertex 27.9345 10.8867 8
      vertex 28.3379 13.3845 8
    endloop
  endfacet
  facet normal 0 0 1
    outer loop
      vertex 27.4663 13.2406 8
      vertex 27.2271 10.7218 8
      vertex 27.9345 10.8867 8
    endloop
  endfacet
  facet normal -0 0 1
    outer loop
      vertex 26.6059 13.04 8
      vertex 27.2271 10.7218 8
      vertex 27.4663 13.2406 8
    endloop
  endfacet
  facet normal 0 0 1
    outer loop
      vertex 26.6059 13.04 8
      vertex 26.532 10.5109 8
      vertex 27.2271 10.7218 8
    endloop
  endfacet
  facet normal -0 0 1
    outer loop
      vertex 25.7606 12.7836 8
      vertex 26.532 10.5109 8
      vertex 26.6059 13.04 8
    endloop
  endfacet
  facet normal 0 0 1
    outer loop
      vertex 26.532 10.5109 8
      vertex 25.7606 12.7836 8
      vertex 25.8522 10.2551 8
    endloop
  endfacet
  facet normal -0 0 1
    outer loop
      vertex 24.9338 12.4724 8
      vertex 25.8522 10.2551 8
      vertex 25.7606 12.7836 8
    endloop
  endfacet
  facet normal 0 0 1
    outer loop
      vertex 25.8522 10.2551 8
      vertex 24.9338 12.4724 8
      vertex 25.1906 9.95529 8
    endloop
  endfacet
  facet normal -0 0 1
    outer loop
      vertex 24.1291 12.1078 8
      vertex 25.1906 9.95529 8
      vertex 24.9338 12.4724 8
    endloop
  endfacet
  facet normal 0 0 1
    outer loop
      vertex 25.1906 9.95529 8
      vertex 24.1291 12.1078 8
      vertex 24.55 9.61288 8
    endloop
  endfacet
  facet normal -0 0 1
    outer loop
      vertex 23.35 11.6913 8
      vertex 24.55 9.61288 8
      vertex 24.1291 12.1078 8
    endloop
  endfacet
  facet normal 0 0 1
    outer loop
      vertex 24.55 9.61288 8
      vertex 23.35 11.6913 8
      vertex 23.9332 9.22931 8
    endloop
  endfacet
  facet normal -0 0 1
    outer loop
      vertex 22.5998 11.2248 8
      vertex 23.9332 9.22931 8
      vertex 23.35 11.6913 8
    endloop
  endfacet
  facet normal 0 0 1
    outer loop
      vertex 23.9332 9.22931 8
      vertex 22.5998 11.2248 8
      vertex 23.3427 8.80622 8
    endloop
  endfacet
  facet normal -0 0 1
    outer loop
      vertex 21.8817 10.7103 8
      vertex 23.3427 8.80622 8
      vertex 22.5998 11.2248 8
    endloop
  endfacet
  facet normal 0 0 1
    outer loop
      vertex 23.3427 8.80622 8
      vertex 21.8817 10.7103 8
      vertex 22.7813 8.34542 8
    endloop
  endfacet
  facet normal -0 0 1
    outer loop
      vertex 21.1988 10.1498 8
      vertex 22.7813 8.34542 8
      vertex 21.8817 10.7103 8
    endloop
  endfacet
  facet normal 0 0 1
    outer loop
      vertex 22.7813 8.34542 8
      vertex 21.1988 10.1498 8
      vertex 22.2511 7.84888 8
    endloop
  endfacet
  facet normal -0 0 1
    outer loop
      vertex 20.5541 9.54594 8
      vertex 22.2511 7.84888 8
      vertex 21.1988 10.1498 8
    endloop
  endfacet
  facet normal 0 0 1
    outer loop
      vertex 22.2511 7.84888 8
      vertex 20.5541 9.54594 8
      vertex 21.7546 7.31874 8
    endloop
  endfacet
  facet normal -0 0 1
    outer loop
      vertex 19.9502 8.90117 8
      vertex 21.7546 7.31874 8
      vertex 20.5541 9.54594 8
    endloop
  endfacet
  facet normal 0 0 1
    outer loop
      vertex 21.7546 7.31874 8
      vertex 19.9502 8.90117 8
      vertex 21.2938 6.75725 8
    endloop
  endfacet
  facet normal -0 0 1
    outer loop
      vertex 19.3897 8.21828 8
      vertex 21.2938 6.75725 8
      vertex 19.9502 8.90117 8
    endloop
  endfacet
  facet normal 0 0 1
    outer loop
      vertex 21.2938 6.75725 8
      vertex 19.3897 8.21828 8
      vertex 20.8707 6.16683 8
    endloop
  endfacet
  facet normal -0 0 1
    outer loop
      vertex 18.8752 7.5002 8
      vertex 20.8707 6.16683 8
      vertex 19.3897 8.21828 8
    endloop
  endfacet
  facet normal 0 0 1
    outer loop
      vertex 20.8707 6.16683 8
      vertex 18.8752 7.5002 8
      vertex 20.4871 5.55 8
    endloop
  endfacet
  facet normal -0 0 1
    outer loop
      vertex 18.4087 6.75 8
      vertex 20.4871 5.55 8
      vertex 18.8752 7.5002 8
    endloop
  endfacet
  facet normal 0 0 1
    outer loop
      vertex 20.4871 5.55 8
      vertex 18.4087 6.75 8
      vertex 20.1447 4.9094 8
    endloop
  endfacet
  facet normal -0 0 1
    outer loop
      vertex 17.9922 5.9709 8
      vertex 20.1447 4.9094 8
      vertex 18.4087 6.75 8
    endloop
  endfacet
  facet normal 0 0 1
    outer loop
      vertex 20.1447 4.9094 8
      vertex 17.9922 5.9709 8
      vertex 19.8449 4.24779 8
    endloop
  endfacet
  facet normal -0 0 1
    outer loop
      vertex 17.6276 5.16623 8
      vertex 19.8449 4.24779 8
      vertex 17.9922 5.9709 8
    endloop
  endfacet
  facet normal 0 0 1
    outer loop
      vertex 19.8449 4.24779 8
      vertex 17.6276 5.16623 8
      vertex 19.5891 3.56798 8
    endloop
  endfacet
  facet normal 0 0 1
    outer loop
      vertex 19.5891 3.56798 8
      vertex 17.3164 4.33943 8
      vertex 19.3782 2.87289 8
    endloop
  endfacet
  facet normal -0 0 1
    outer loop
      vertex 17.3164 4.33943 8
      vertex 19.5891 3.56798 8
      vertex 17.6276 5.16623 8
    endloop
  endfacet
  facet normal -0 0 1
    outer loop
      vertex 40.6109 -3.56798 8
      vertex 42.8836 -4.33943 8
      vertex 40.8218 -2.87289 8
    endloop
  endfacet
  facet normal 0 0 1
    outer loop
      vertex 42.8836 -4.33943 8
      vertex 40.6109 -3.56798 8
      vertex 42.5724 -5.16623 8
    endloop
  endfacet
  facet normal -0 0 1
    outer loop
      vertex 40.3551 -4.24779 8
      vertex 42.5724 -5.16623 8
      vertex 40.6109 -3.56798 8
    endloop
  endfacet
  facet normal 0 0 1
    outer loop
      vertex 42.5724 -5.16623 8
      vertex 40.3551 -4.24779 8
      vertex 42.2078 -5.9709 8
    endloop
  endfacet
  facet normal -0 0 1
    outer loop
      vertex 40.0553 -4.9094 8
      vertex 42.2078 -5.9709 8
      vertex 40.3551 -4.24779 8
    endloop
  endfacet
  facet normal 0 0 1
    outer loop
      vertex 42.2078 -5.9709 8
      vertex 40.0553 -4.9094 8
      vertex 41.7913 -6.75 8
    endloop
  endfacet
  facet normal -0 0 1
    outer loop
      vertex 39.7129 -5.55 8
      vertex 41.7913 -6.75 8
      vertex 40.0553 -4.9094 8
    endloop
  endfacet
  facet normal 0 0 1
    outer loop
      vertex 41.7913 -6.75 8
      vertex 39.7129 -5.55 8
      vertex 41.3248 -7.5002 8
    endloop
  endfacet
  facet normal -0 0 1
    outer loop
      vertex 39.3293 -6.16683 8
      vertex 41.3248 -7.5002 8
      vertex 39.7129 -5.55 8
    endloop
  endfacet
  facet normal 0 0 1
    outer loop
      vertex 41.3248 -7.5002 8
      vertex 39.3293 -6.16683 8
      vertex 40.8103 -8.21828 8
    endloop
  endfacet
  facet normal -0 0 1
    outer loop
      vertex 38.9062 -6.75725 8
      vertex 40.8103 -8.21828 8
      vertex 39.3293 -6.16683 8
    endloop
  endfacet
  facet normal 0 0 1
    outer loop
      vertex 40.8103 -8.21828 8
      vertex 38.9062 -6.75725 8
      vertex 40.2498 -8.90117 8
    endloop
  endfacet
  facet normal -0 0 1
    outer loop
      vertex 38.4454 -7.31874 8
      vertex 40.2498 -8.90117 8
      vertex 38.9062 -6.75725 8
    endloop
  endfacet
  facet normal 0 0 1
    outer loop
      vertex 40.2498 -8.90117 8
      vertex 38.4454 -7.31874 8
      vertex 39.6459 -9.54594 8
    endloop
  endfacet
  facet normal -0 0 1
    outer loop
      vertex 37.9489 -7.84888 8
      vertex 39.6459 -9.54594 8
      vertex 38.4454 -7.31874 8
    endloop
  endfacet
  facet normal 0 0 1
    outer loop
      vertex 39.6459 -9.54594 8
      vertex 37.9489 -7.84888 8
      vertex 39.0012 -10.1498 8
    endloop
  endfacet
  facet normal -0 0 1
    outer loop
      vertex 37.4187 -8.34542 8
      vertex 39.0012 -10.1498 8
      vertex 37.9489 -7.84888 8
    endloop
  endfacet
  facet normal 0 0 1
    outer loop
      vertex 39.0012 -10.1498 8
      vertex 37.4187 -8.34542 8
      vertex 38.3183 -10.7103 8
    endloop
  endfacet
  facet normal -0 0 1
    outer loop
      vertex 36.8573 -8.80622 8
      vertex 38.3183 -10.7103 8
      vertex 37.4187 -8.34542 8
    endloop
  endfacet
  facet normal 0 0 1
    outer loop
      vertex 38.3183 -10.7103 8
      vertex 36.8573 -8.80622 8
      vertex 37.6002 -11.2248 8
    endloop
  endfacet
  facet normal -0 0 1
    outer loop
      vertex 36.2668 -9.22931 8
      vertex 37.6002 -11.2248 8
      vertex 36.8573 -8.80622 8
    endloop
  endfacet
  facet normal 0 0 1
    outer loop
      vertex 37.6002 -11.2248 8
      vertex 36.2668 -9.22931 8
      vertex 36.85 -11.6913 8
    endloop
  endfacet
  facet normal -0 0 1
    outer loop
      vertex 35.65 -9.61288 8
      vertex 36.85 -11.6913 8
      vertex 36.2668 -9.22931 8
    endloop
  endfacet
  facet normal 0 0 1
    outer loop
      vertex 36.85 -11.6913 8
      vertex 35.65 -9.61288 8
      vertex 36.0709 -12.1078 8
    endloop
  endfacet
  facet normal -0 0 1
    outer loop
      vertex 35.0094 -9.95529 8
      vertex 36.0709 -12.1078 8
      vertex 35.65 -9.61288 8
    endloop
  endfacet
  facet normal 0 0 1
    outer loop
      vertex 36.0709 -12.1078 8
      vertex 35.0094 -9.95529 8
      vertex 35.2662 -12.4724 8
    endloop
  endfacet
  facet normal -0 0 1
    outer loop
      vertex 34.3478 -10.2551 8
      vertex 35.2662 -12.4724 8
      vertex 35.0094 -9.95529 8
    endloop
  endfacet
  facet normal 0 0 1
    outer loop
      vertex 35.2662 -12.4724 8
      vertex 34.3478 -10.2551 8
      vertex 34.4394 -12.7836 8
    endloop
  endfacet
  facet normal -0 0 1
    outer loop
      vertex 33.668 -10.5109 8
      vertex 34.4394 -12.7836 8
      vertex 34.3478 -10.2551 8
    endloop
  endfacet
  facet normal 0 0 1
    outer loop
      vertex 33.668 -10.5109 8
      vertex 33.5941 -13.04 8
      vertex 34.4394 -12.7836 8
    endloop
  endfacet
  facet normal -0 0 1
    outer loop
      vertex 32.9729 -10.7218 8
      vertex 33.5941 -13.04 8
      vertex 33.668 -10.5109 8
    endloop
  endfacet
  facet normal 0 0 1
    outer loop
      vertex 32.9729 -10.7218 8
      vertex 32.7337 -13.2406 8
      vertex 33.5941 -13.04 8
    endloop
  endfacet
  facet normal -0 0 1
    outer loop
      vertex 32.2655 -10.8867 8
      vertex 32.7337 -13.2406 8
      vertex 32.9729 -10.7218 8
    endloop
  endfacet
  facet normal 0 0 1
    outer loop
      vertex 32.2655 -10.8867 8
      vertex 31.8621 -13.3845 8
      vertex 32.7337 -13.2406 8
    endloop
  endfacet
  facet normal -0 0 1
    outer loop
      vertex 31.5488 -11.005 8
      vertex 31.8621 -13.3845 8
      vertex 32.2655 -10.8867 8
    endloop
  endfacet
  facet normal 0 0 1
    outer loop
      vertex 31.5488 -11.005 8
      vertex 30.9829 -13.4711 8
      vertex 31.8621 -13.3845 8
    endloop
  endfacet
  facet normal -0 0 1
    outer loop
      vertex 30.826 -11.0762 8
      vertex 30.9829 -13.4711 8
      vertex 31.5488 -11.005 8
    endloop
  endfacet
  facet normal -0 0 1
    outer loop
      vertex 30.1 -11.1 8
      vertex 30.9829 -13.4711 8
      vertex 30.826 -11.0762 8
    endloop
  endfacet
  facet normal 0 0 1
    outer loop
      vertex 30.1 -11.1 8
      vertex 30.1 -13.5 8
      vertex 30.9829 -13.4711 8
    endloop
  endfacet
  facet normal 0 0 1
    outer loop
      vertex 29.374 -11.0762 8
      vertex 30.1 -13.5 8
      vertex 30.1 -11.1 8
    endloop
  endfacet
  facet normal 0 0 1
    outer loop
      vertex 29.374 -11.0762 8
      vertex 29.2171 -13.4711 8
      vertex 30.1 -13.5 8
    endloop
  endfacet
  facet normal 0 0 1
    outer loop
      vertex 28.6512 -11.005 8
      vertex 29.2171 -13.4711 8
      vertex 29.374 -11.0762 8
    endloop
  endfacet
  facet normal 0 0 1
    outer loop
      vertex 28.6512 -11.005 8
      vertex 28.3379 -13.3845 8
      vertex 29.2171 -13.4711 8
    endloop
  endfacet
  facet normal 0 0 1
    outer loop
      vertex 27.9345 -10.8867 8
      vertex 28.3379 -13.3845 8
      vertex 28.6512 -11.005 8
    endloop
  endfacet
  facet normal 0 0 1
    outer loop
      vertex 27.9345 -10.8867 8
      vertex 27.4663 -13.2406 8
      vertex 28.3379 -13.3845 8
    endloop
  endfacet
  facet normal 0 0 1
    outer loop
      vertex 27.2271 -10.7218 8
      vertex 27.4663 -13.2406 8
      vertex 27.9345 -10.8867 8
    endloop
  endfacet
  facet normal 0 0 1
    outer loop
      vertex 27.2271 -10.7218 8
      vertex 26.6059 -13.04 8
      vertex 27.4663 -13.2406 8
    endloop
  endfacet
  facet normal 0 0 1
    outer loop
      vertex 26.532 -10.5109 8
      vertex 26.6059 -13.04 8
      vertex 27.2271 -10.7218 8
    endloop
  endfacet
  facet normal 0 0 1
    outer loop
      vertex 25.7606 -12.7836 8
      vertex 26.532 -10.5109 8
      vertex 25.8522 -10.2551 8
    endloop
  endfacet
  facet normal 0 0 1
    outer loop
      vertex 26.532 -10.5109 8
      vertex 25.7606 -12.7836 8
      vertex 26.6059 -13.04 8
    endloop
  endfacet
  facet normal 0 0 1
    outer loop
      vertex 24.9338 -12.4724 8
      vertex 25.8522 -10.2551 8
      vertex 25.1906 -9.95529 8
    endloop
  endfacet
  facet normal 0 0 1
    outer loop
      vertex 25.8522 -10.2551 8
      vertex 24.9338 -12.4724 8
      vertex 25.7606 -12.7836 8
    endloop
  endfacet
  facet normal 0 0 1
    outer loop
      vertex 24.1291 -12.1078 8
      vertex 25.1906 -9.95529 8
      vertex 24.55 -9.61288 8
    endloop
  endfacet
  facet normal 0 0 1
    outer loop
      vertex 25.1906 -9.95529 8
      vertex 24.1291 -12.1078 8
      vertex 24.9338 -12.4724 8
    endloop
  endfacet
  facet normal 0 0 1
    outer loop
      vertex 23.35 -11.6913 8
      vertex 24.55 -9.61288 8
      vertex 23.9332 -9.22931 8
    endloop
  endfacet
  facet normal 0 0 1
    outer loop
      vertex 24.55 -9.61288 8
      vertex 23.35 -11.6913 8
      vertex 24.1291 -12.1078 8
    endloop
  endfacet
  facet normal 0 0 1
    outer loop
      vertex 22.5998 -11.2248 8
      vertex 23.9332 -9.22931 8
      vertex 23.3427 -8.80622 8
    endloop
  endfacet
  facet normal 0 0 1
    outer loop
      vertex 21.8817 -10.7103 8
      vertex 23.3427 -8.80622 8
      vertex 22.7813 -8.34542 8
    endloop
  endfacet
  facet normal 0 0 1
    outer loop
      vertex 23.9332 -9.22931 8
      vertex 22.5998 -11.2248 8
      vertex 23.35 -11.6913 8
    endloop
  endfacet
  facet normal 0 0 1
    outer loop
      vertex 21.1988 -10.1498 8
      vertex 22.7813 -8.34542 8
      vertex 22.2511 -7.84888 8
    endloop
  endfacet
  facet normal 0 0 1
    outer loop
      vertex 23.3427 -8.80622 8
      vertex 21.8817 -10.7103 8
      vertex 22.5998 -11.2248 8
    endloop
  endfacet
  facet normal 0 0 1
    outer loop
      vertex 20.5541 -9.54594 8
      vertex 22.2511 -7.84888 8
      vertex 21.7546 -7.31874 8
    endloop
  endfacet
  facet normal 0 0 1
    outer loop
      vertex 19.9502 -8.90117 8
      vertex 21.7546 -7.31874 8
      vertex 21.2938 -6.75725 8
    endloop
  endfacet
  facet normal 0 0 1
    outer loop
      vertex 22.7813 -8.34542 8
      vertex 21.1988 -10.1498 8
      vertex 21.8817 -10.7103 8
    endloop
  endfacet
  facet normal 0 0 1
    outer loop
      vertex 19.3897 -8.21828 8
      vertex 21.2938 -6.75725 8
      vertex 20.8707 -6.16683 8
    endloop
  endfacet
  facet normal 0 0 1
    outer loop
      vertex 22.2511 -7.84888 8
      vertex 20.5541 -9.54594 8
      vertex 21.1988 -10.1498 8
    endloop
  endfacet
  facet normal 0 0 1
    outer loop
      vertex 18.8752 -7.5002 8
      vertex 20.8707 -6.16683 8
      vertex 20.4871 -5.55 8
    endloop
  endfacet
  facet normal 0 0 1
    outer loop
      vertex 18.4087 -6.75 8
      vertex 20.4871 -5.55 8
      vertex 20.1447 -4.9094 8
    endloop
  endfacet
  facet normal 0 0 1
    outer loop
      vertex 21.7546 -7.31874 8
      vertex 19.9502 -8.90117 8
      vertex 20.5541 -9.54594 8
    endloop
  endfacet
  facet normal 0 0 1
    outer loop
      vertex 17.9922 -5.9709 8
      vertex 20.1447 -4.9094 8
      vertex 19.8449 -4.24779 8
    endloop
  endfacet
  facet normal 0 0 1
    outer loop
      vertex 17.6276 -5.16623 8
      vertex 19.8449 -4.24779 8
      vertex 19.5891 -3.56798 8
    endloop
  endfacet
  facet normal 0 0 1
    outer loop
      vertex 21.2938 -6.75725 8
      vertex 19.3897 -8.21828 8
      vertex 19.9502 -8.90117 8
    endloop
  endfacet
  facet normal 0 0 1
    outer loop
      vertex 17.3164 -4.33943 8
      vertex 19.5891 -3.56798 8
      vertex 19.3782 -2.87289 8
    endloop
  endfacet
  facet normal 0 0 1
    outer loop
      vertex 17.06 -3.49406 8
      vertex 19.3782 -2.87289 8
      vertex 19.2133 -2.1655 8
    endloop
  endfacet
  facet normal 0 0 1
    outer loop
      vertex 16.8594 -2.63372 8
      vertex 19.2133 -2.1655 8
      vertex 19.095 -1.44884 8
    endloop
  endfacet
  facet normal 0 0 1
    outer loop
      vertex 16.7155 -1.7621 8
      vertex 19.095 -1.44884 8
      vertex 19.0238 -0.725974 8
    endloop
  endfacet
  facet normal 0 0 1
    outer loop
      vertex 20.8707 -6.16683 8
      vertex 18.8752 -7.5002 8
      vertex 19.3897 -8.21828 8
    endloop
  endfacet
  facet normal 0 0 1
    outer loop
      vertex 16.6289 -0.882942 8
      vertex 19.0238 -0.725974 8
      vertex 19 0 8
    endloop
  endfacet
  facet normal -0 0 1
    outer loop
      vertex 17.06 3.49406 8
      vertex 19.3782 2.87289 8
      vertex 17.3164 4.33943 8
    endloop
  endfacet
  facet normal 0 0 1
    outer loop
      vertex 19.3782 2.87289 8
      vertex 17.06 3.49406 8
      vertex 19.2133 2.1655 8
    endloop
  endfacet
  facet normal 0 0 1
    outer loop
      vertex 20.4871 -5.55 8
      vertex 18.4087 -6.75 8
      vertex 18.8752 -7.5002 8
    endloop
  endfacet
  facet normal -0 0 1
    outer loop
      vertex 16.8594 2.63372 8
      vertex 19.2133 2.1655 8
      vertex 17.06 3.49406 8
    endloop
  endfacet
  facet normal 0 0 1
    outer loop
      vertex 20.1447 -4.9094 8
      vertex 17.9922 -5.9709 8
      vertex 18.4087 -6.75 8
    endloop
  endfacet
  facet normal 0 0 1
    outer loop
      vertex 19.2133 2.1655 8
      vertex 16.8594 2.63372 8
      vertex 19.095 1.44884 8
    endloop
  endfacet
  facet normal 0 0 1
    outer loop
      vertex 19.8449 -4.24779 8
      vertex 17.6276 -5.16623 8
      vertex 17.9922 -5.9709 8
    endloop
  endfacet
  facet normal -0 0 1
    outer loop
      vertex 16.7155 1.7621 8
      vertex 19.095 1.44884 8
      vertex 16.8594 2.63372 8
    endloop
  endfacet
  facet normal 0 0 1
    outer loop
      vertex 19.5891 -3.56798 8
      vertex 17.3164 -4.33943 8
      vertex 17.6276 -5.16623 8
    endloop
  endfacet
  facet normal 0 0 1
    outer loop
      vertex 19.095 1.44884 8
      vertex 16.7155 1.7621 8
      vertex 19.0238 0.725974 8
    endloop
  endfacet
  facet normal 0 0 1
    outer loop
      vertex 19.3782 -2.87289 8
      vertex 17.06 -3.49406 8
      vertex 17.3164 -4.33943 8
    endloop
  endfacet
  facet normal -0 0 1
    outer loop
      vertex 16.6289 0.882942 8
      vertex 19.0238 0.725974 8
      vertex 16.7155 1.7621 8
    endloop
  endfacet
  facet normal 0 0 1
    outer loop
      vertex 19.2133 -2.1655 8
      vertex 16.8594 -2.63372 8
      vertex 17.06 -3.49406 8
    endloop
  endfacet
  facet normal 0 0 1
    outer loop
      vertex 19.0238 0.725974 8
      vertex 16.6289 0.882942 8
      vertex 19 0 8
    endloop
  endfacet
  facet normal 0 0 1
    outer loop
      vertex 19.095 -1.44884 8
      vertex 16.7155 -1.7621 8
      vertex 16.8594 -2.63372 8
    endloop
  endfacet
  facet normal 0 0 1
    outer loop
      vertex 16.6 0 8
      vertex 19 0 8
      vertex 16.6289 0.882942 8
    endloop
  endfacet
  facet normal 0 0 1
    outer loop
      vertex 19.0238 -0.725974 8
      vertex 16.6289 -0.882942 8
      vertex 16.7155 -1.7621 8
    endloop
  endfacet
  facet normal 0 0 1
    outer loop
      vertex 19 0 8
      vertex 16.6 0 8
      vertex 16.6289 -0.882942 8
    endloop
  endfacet
  facet normal -0.471452 0.881892 0
    outer loop
      vertex 24.1291 12.1078 0
      vertex 23.35 11.6913 8
      vertex 24.1291 12.1078 8
    endloop
  endfacet
  facet normal -0.471452 0.881892 0
    outer loop
      vertex 23.35 11.6913 8
      vertex 24.1291 12.1078 0
      vertex 23.35 11.6913 0
    endloop
  endfacet
  facet normal -0.412702 0.910866 0
    outer loop
      vertex 24.9338 12.4724 0
      vertex 24.1291 12.1078 8
      vertex 24.9338 12.4724 8
    endloop
  endfacet
  facet normal -0.412702 0.910866 0
    outer loop
      vertex 24.1291 12.1078 8
      vertex 24.9338 12.4724 0
      vertex 24.1291 12.1078 0
    endloop
  endfacet
  facet normal -0.634433 0.772978 0
    outer loop
      vertex 21.8817 10.7103 0
      vertex 21.1988 10.1498 8
      vertex 21.8817 10.7103 8
    endloop
  endfacet
  facet normal -0.634433 0.772978 0
    outer loop
      vertex 21.1988 10.1498 8
      vertex 21.8817 10.7103 0
      vertex 21.1988 10.1498 0
    endloop
  endfacet
  facet normal -0.290265 0.956946 0
    outer loop
      vertex 26.6059 13.04 2
      vertex 25.7606 12.7836 8
      vertex 26.6059 13.04 8
    endloop
  endfacet
  facet normal -0.290265 0.956946 0
    outer loop
      vertex 25.7606 12.7836 8
      vertex 26.6059 13.04 2
      vertex 25.7606 12.7836 2
    endloop
  endfacet
  facet normal -0.0327155 0.999465 0
    outer loop
      vertex 30.1 13.5 2
      vertex 29.2171 13.4711 8
      vertex 30.1 13.5 8
    endloop
  endfacet
  facet normal -0.0327155 0.999465 0
    outer loop
      vertex 29.2171 13.4711 8
      vertex 30.1 13.5 2
      vertex 29.2171 13.4711 2
    endloop
  endfacet
  facet normal 0.999465 -0.032714 0
    outer loop
      vertex 43.5711 -0.882942 8
      vertex 43.6 0 2
      vertex 43.6 0 8
    endloop
  endfacet
  facet normal 0.999465 -0.032714 0
    outer loop
      vertex 43.6 0 2
      vertex 43.5711 -0.882942 8
      vertex 43.5711 -0.882942 2
    endloop
  endfacet
  facet normal 0.0327155 -0.999465 0
    outer loop
      vertex 30.1 -13.5 0
      vertex 30.9829 -13.4711 8
      vertex 30.1 -13.5 8
    endloop
  endfacet
  facet normal 0.0327155 -0.999465 0
    outer loop
      vertex 30.9829 -13.4711 8
      vertex 30.1 -13.5 0
      vertex 30.9829 -13.4711 0
    endloop
  endfacet
  facet normal 0.162894 -0.986644 0
    outer loop
      vertex 31.8621 -13.3845 0
      vertex 32.7337 -13.2406 8
      vertex 31.8621 -13.3845 8
    endloop
  endfacet
  facet normal 0.162894 -0.986644 0
    outer loop
      vertex 32.7337 -13.2406 8
      vertex 31.8621 -13.3845 0
      vertex 32.7337 -13.2406 0
    endloop
  endfacet
  facet normal 0.290265 -0.956946 0
    outer loop
      vertex 33.5941 -13.04 0
      vertex 34.4394 -12.7836 8
      vertex 33.5941 -13.04 8
    endloop
  endfacet
  facet normal 0.290265 -0.956946 0
    outer loop
      vertex 34.4394 -12.7836 8
      vertex 33.5941 -13.04 0
      vertex 34.4394 -12.7836 0
    endloop
  endfacet
  facet normal 0.634433 -0.772978 0
    outer loop
      vertex 38.3183 -10.7103 0
      vertex 39.0012 -10.1498 8
      vertex 38.3183 -10.7103 8
    endloop
  endfacet
  facet normal 0.634433 -0.772978 0
    outer loop
      vertex 39.0012 -10.1498 8
      vertex 38.3183 -10.7103 0
      vertex 39.0012 -10.1498 0
    endloop
  endfacet
  facet normal 0.528064 -0.849204 0
    outer loop
      vertex 36.85 -11.6913 0
      vertex 37.6002 -11.2248 8
      vertex 36.85 -11.6913 8
    endloop
  endfacet
  facet normal 0.528064 -0.849204 0
    outer loop
      vertex 37.6002 -11.2248 8
      vertex 36.85 -11.6913 0
      vertex 37.6002 -11.2248 0
    endloop
  endfacet
  facet normal 0.412702 -0.910866 0
    outer loop
      vertex 35.2662 -12.4724 0
      vertex 36.0709 -12.1078 8
      vertex 35.2662 -12.4724 8
    endloop
  endfacet
  facet normal 0.412702 -0.910866 0
    outer loop
      vertex 36.0709 -12.1078 8
      vertex 35.2662 -12.4724 0
      vertex 36.0709 -12.1078 0
    endloop
  endfacet
  facet normal 0.72986 -0.683597 0
    outer loop
      vertex 39.6459 -9.54594 8
      vertex 40.2498 -8.90117 0
      vertex 40.2498 -8.90117 8
    endloop
  endfacet
  facet normal 0.72986 -0.683597 0
    outer loop
      vertex 40.2498 -8.90117 0
      vertex 39.6459 -9.54594 8
      vertex 39.6459 -9.54594 0
    endloop
  endfacet
  facet normal 0.812884 -0.582426 0
    outer loop
      vertex 40.8103 -8.21828 8
      vertex 41.3248 -7.5002 0
      vertex 41.3248 -7.5002 8
    endloop
  endfacet
  facet normal 0.812884 -0.582426 0
    outer loop
      vertex 41.3248 -7.5002 0
      vertex 40.8103 -8.21828 8
      vertex 40.8103 -8.21828 0
    endloop
  endfacet
  facet normal 0.91086 -0.412715 0
    outer loop
      vertex 42.2078 -5.9709 8
      vertex 42.5724 -5.16623 0
      vertex 42.5724 -5.16623 8
    endloop
  endfacet
  facet normal 0.91086 -0.412715 0
    outer loop
      vertex 42.5724 -5.16623 0
      vertex 42.2078 -5.9709 8
      vertex 42.2078 -5.9709 0
    endloop
  endfacet
  facet normal 0.956953 -0.290243 0
    outer loop
      vertex 42.8836 -4.33943 8
      vertex 43.14 -3.49406 0
      vertex 43.14 -3.49406 8
    endloop
  endfacet
  facet normal 0.956953 -0.290243 0
    outer loop
      vertex 43.14 -3.49406 0
      vertex 42.8836 -4.33943 8
      vertex 42.8836 -4.33943 0
    endloop
  endfacet
  facet normal 0.995184 -0.0980289 0
    outer loop
      vertex 43.4845 -1.7621 8
      vertex 43.5711 -0.882942 2
      vertex 43.5711 -0.882942 8
    endloop
  endfacet
  facet normal 0.995184 -0.0980289 0
    outer loop
      vertex 43.5711 -0.882942 2
      vertex 43.4845 -1.7621 8
      vertex 43.4845 -1.7621 2
    endloop
  endfacet
  facet normal -0.683612 -0.729846 0
    outer loop
      vertex 20.5541 -9.54594 0
      vertex 21.1988 -10.1498 8
      vertex 20.5541 -9.54594 8
    endloop
  endfacet
  facet normal -0.683612 -0.729846 -0
    outer loop
      vertex 21.1988 -10.1498 8
      vertex 20.5541 -9.54594 0
      vertex 21.1988 -10.1498 0
    endloop
  endfacet
  facet normal -0.582415 -0.812891 0
    outer loop
      vertex 21.8817 -10.7103 0
      vertex 22.5998 -11.2248 8
      vertex 21.8817 -10.7103 8
    endloop
  endfacet
  facet normal -0.582415 -0.812891 -0
    outer loop
      vertex 22.5998 -11.2248 8
      vertex 21.8817 -10.7103 0
      vertex 22.5998 -11.2248 0
    endloop
  endfacet
  facet normal -0.471452 -0.881892 0
    outer loop
      vertex 23.35 -11.6913 0
      vertex 24.1291 -12.1078 8
      vertex 23.35 -11.6913 8
    endloop
  endfacet
  facet normal -0.471452 -0.881892 -0
    outer loop
      vertex 24.1291 -12.1078 8
      vertex 23.35 -11.6913 0
      vertex 24.1291 -12.1078 0
    endloop
  endfacet
  facet normal -0.352264 -0.935901 0
    outer loop
      vertex 24.9338 -12.4724 0
      vertex 25.7606 -12.7836 8
      vertex 24.9338 -12.4724 8
    endloop
  endfacet
  facet normal -0.352264 -0.935901 -0
    outer loop
      vertex 25.7606 -12.7836 8
      vertex 24.9338 -12.4724 0
      vertex 25.7606 -12.7836 0
    endloop
  endfacet
  facet normal -0.227058 -0.973881 0
    outer loop
      vertex 26.6059 -13.04 0
      vertex 27.4663 -13.2406 8
      vertex 26.6059 -13.04 8
    endloop
  endfacet
  facet normal -0.227058 -0.973881 -0
    outer loop
      vertex 27.4663 -13.2406 8
      vertex 26.6059 -13.04 0
      vertex 27.4663 -13.2406 0
    endloop
  endfacet
  facet normal -0.0980243 -0.995184 0
    outer loop
      vertex 28.3379 -13.3845 0
      vertex 29.2171 -13.4711 8
      vertex 28.3379 -13.3845 8
    endloop
  endfacet
  facet normal -0.0980243 -0.995184 -0
    outer loop
      vertex 29.2171 -13.4711 8
      vertex 28.3379 -13.3845 0
      vertex 29.2171 -13.4711 0
    endloop
  endfacet
  facet normal -0.91086 -0.412715 0
    outer loop
      vertex 17.9922 -5.9709 0
      vertex 17.6276 -5.16623 8
      vertex 17.6276 -5.16623 0
    endloop
  endfacet
  facet normal -0.91086 -0.412715 0
    outer loop
      vertex 17.6276 -5.16623 8
      vertex 17.9922 -5.9709 0
      vertex 17.9922 -5.9709 8
    endloop
  endfacet
  facet normal -0.849204 -0.528064 0
    outer loop
      vertex 18.8752 -7.5002 0
      vertex 18.4087 -6.75 8
      vertex 18.4087 -6.75 0
    endloop
  endfacet
  facet normal -0.849204 -0.528064 0
    outer loop
      vertex 18.4087 -6.75 8
      vertex 18.8752 -7.5002 0
      vertex 18.8752 -7.5002 8
    endloop
  endfacet
  facet normal -0.772973 -0.634438 0
    outer loop
      vertex 19.9502 -8.90117 0
      vertex 19.3897 -8.21828 8
      vertex 19.3897 -8.21828 0
    endloop
  endfacet
  facet normal -0.772973 -0.634438 0
    outer loop
      vertex 19.3897 -8.21828 8
      vertex 19.9502 -8.90117 0
      vertex 19.9502 -8.90117 8
    endloop
  endfacet
  facet normal -0.956953 -0.290243 0
    outer loop
      vertex 17.3164 -4.33943 0
      vertex 17.06 -3.49406 8
      vertex 17.06 -3.49406 0
    endloop
  endfacet
  facet normal -0.956953 -0.290243 0
    outer loop
      vertex 17.06 -3.49406 8
      vertex 17.3164 -4.33943 0
      vertex 17.3164 -4.33943 8
    endloop
  endfacet
  facet normal -0.986644 -0.16289 0
    outer loop
      vertex 16.8594 -2.63372 2
      vertex 16.7155 -1.7621 8
      vertex 16.7155 -1.7621 2
    endloop
  endfacet
  facet normal -0.986644 -0.16289 0
    outer loop
      vertex 16.7155 -1.7621 8
      vertex 16.8594 -2.63372 2
      vertex 16.8594 -2.63372 8
    endloop
  endfacet
  facet normal -0.999465 -0.032714 0
    outer loop
      vertex 16.6289 -0.882942 2
      vertex 16.6 0 8
      vertex 16.6 0 2
    endloop
  endfacet
  facet normal -0.999465 -0.032714 0
    outer loop
      vertex 16.6 0 8
      vertex 16.6289 -0.882942 2
      vertex 16.6289 -0.882942 8
    endloop
  endfacet
  facet normal 0.0980243 -0.995184 0
    outer loop
      vertex 30.9829 -13.4711 0
      vertex 31.8621 -13.3845 8
      vertex 30.9829 -13.4711 8
    endloop
  endfacet
  facet normal 0.0980243 -0.995184 0
    outer loop
      vertex 31.8621 -13.3845 8
      vertex 30.9829 -13.4711 0
      vertex 31.8621 -13.3845 0
    endloop
  endfacet
  facet normal 0.352264 -0.935901 0
    outer loop
      vertex 34.4394 -12.7836 0
      vertex 35.2662 -12.4724 8
      vertex 34.4394 -12.7836 8
    endloop
  endfacet
  facet normal 0.352264 -0.935901 0
    outer loop
      vertex 35.2662 -12.4724 8
      vertex 34.4394 -12.7836 0
      vertex 35.2662 -12.4724 0
    endloop
  endfacet
  facet normal 0.683612 -0.729846 0
    outer loop
      vertex 39.0012 -10.1498 0
      vertex 39.6459 -9.54594 8
      vertex 39.0012 -10.1498 8
    endloop
  endfacet
  facet normal 0.683612 -0.729846 0
    outer loop
      vertex 39.6459 -9.54594 8
      vertex 39.0012 -10.1498 0
      vertex 39.6459 -9.54594 0
    endloop
  endfacet
  facet normal 0.471452 -0.881892 0
    outer loop
      vertex 36.0709 -12.1078 0
      vertex 36.85 -11.6913 8
      vertex 36.0709 -12.1078 8
    endloop
  endfacet
  facet normal 0.471452 -0.881892 0
    outer loop
      vertex 36.85 -11.6913 8
      vertex 36.0709 -12.1078 0
      vertex 36.85 -11.6913 0
    endloop
  endfacet
  facet normal 0.772973 -0.634438 0
    outer loop
      vertex 40.2498 -8.90117 8
      vertex 40.8103 -8.21828 0
      vertex 40.8103 -8.21828 8
    endloop
  endfacet
  facet normal 0.772973 -0.634438 0
    outer loop
      vertex 40.8103 -8.21828 0
      vertex 40.2498 -8.90117 8
      vertex 40.2498 -8.90117 0
    endloop
  endfacet
  facet normal 0.849204 -0.528064 0
    outer loop
      vertex 41.3248 -7.5002 8
      vertex 41.7913 -6.75 0
      vertex 41.7913 -6.75 8
    endloop
  endfacet
  facet normal 0.849204 -0.528064 0
    outer loop
      vertex 41.7913 -6.75 0
      vertex 41.3248 -7.5002 8
      vertex 41.3248 -7.5002 0
    endloop
  endfacet
  facet normal 0.935901 -0.352264 0
    outer loop
      vertex 42.5724 -5.16623 8
      vertex 42.8836 -4.33943 0
      vertex 42.8836 -4.33943 8
    endloop
  endfacet
  facet normal 0.935901 -0.352264 0
    outer loop
      vertex 42.8836 -4.33943 0
      vertex 42.5724 -5.16623 8
      vertex 42.5724 -5.16623 0
    endloop
  endfacet
  facet normal 0.97388 -0.227065 0
    outer loop
      vertex 43.3406 -2.63372 8
      vertex 43.2552 -3 2
      vertex 43.3406 -2.63372 2
    endloop
  endfacet
  facet normal 0.973878 -0.227073 5.15423e-07
    outer loop
      vertex 43.14 -3.49406 8
      vertex 43.2552 -3 2
      vertex 43.3406 -2.63372 8
    endloop
  endfacet
  facet normal 0.973876 -0.227079 0
    outer loop
      vertex 43.14 -3.49406 0
      vertex 43.2552 -3 2
      vertex 43.14 -3.49406 8
    endloop
  endfacet
  facet normal 0.973876 -0.227079 0
    outer loop
      vertex 43.2552 -3 2
      vertex 43.14 -3.49406 0
      vertex 43.2552 -3 0
    endloop
  endfacet
  facet normal -0.634433 -0.772978 0
    outer loop
      vertex 21.1988 -10.1498 0
      vertex 21.8817 -10.7103 8
      vertex 21.1988 -10.1498 8
    endloop
  endfacet
  facet normal -0.634433 -0.772978 -0
    outer loop
      vertex 21.8817 -10.7103 8
      vertex 21.1988 -10.1498 0
      vertex 21.8817 -10.7103 0
    endloop
  endfacet
  facet normal -0.412702 -0.910866 0
    outer loop
      vertex 24.1291 -12.1078 0
      vertex 24.9338 -12.4724 8
      vertex 24.1291 -12.1078 8
    endloop
  endfacet
  facet normal -0.412702 -0.910866 -0
    outer loop
      vertex 24.9338 -12.4724 8
      vertex 24.1291 -12.1078 0
      vertex 24.9338 -12.4724 0
    endloop
  endfacet
  facet normal -0.290265 -0.956946 0
    outer loop
      vertex 25.7606 -12.7836 0
      vertex 26.6059 -13.04 8
      vertex 25.7606 -12.7836 8
    endloop
  endfacet
  facet normal -0.290265 -0.956946 -0
    outer loop
      vertex 26.6059 -13.04 8
      vertex 25.7606 -12.7836 0
      vertex 26.6059 -13.04 0
    endloop
  endfacet
  facet normal -0.0327155 -0.999465 0
    outer loop
      vertex 29.2171 -13.4711 0
      vertex 30.1 -13.5 8
      vertex 29.2171 -13.4711 8
    endloop
  endfacet
  facet normal -0.0327155 -0.999465 -0
    outer loop
      vertex 30.1 -13.5 8
      vertex 29.2171 -13.4711 0
      vertex 30.1 -13.5 0
    endloop
  endfacet
  facet normal -0.881892 -0.471452 0
    outer loop
      vertex 18.4087 -6.75 0
      vertex 17.9922 -5.9709 8
      vertex 17.9922 -5.9709 0
    endloop
  endfacet
  facet normal -0.881892 -0.471452 0
    outer loop
      vertex 17.9922 -5.9709 8
      vertex 18.4087 -6.75 0
      vertex 18.4087 -6.75 8
    endloop
  endfacet
  facet normal -0.72986 -0.683597 0
    outer loop
      vertex 20.5541 -9.54594 0
      vertex 19.9502 -8.90117 8
      vertex 19.9502 -8.90117 0
    endloop
  endfacet
  facet normal -0.72986 -0.683597 0
    outer loop
      vertex 19.9502 -8.90117 8
      vertex 20.5541 -9.54594 0
      vertex 20.5541 -9.54594 8
    endloop
  endfacet
  facet normal -0.935901 -0.352264 0
    outer loop
      vertex 17.6276 -5.16623 0
      vertex 17.3164 -4.33943 8
      vertex 17.3164 -4.33943 0
    endloop
  endfacet
  facet normal -0.935901 -0.352264 0
    outer loop
      vertex 17.3164 -4.33943 8
      vertex 17.6276 -5.16623 0
      vertex 17.6276 -5.16623 8
    endloop
  endfacet
  facet normal -0.995184 -0.0980289 0
    outer loop
      vertex 16.7155 -1.7621 2
      vertex 16.6289 -0.882942 8
      vertex 16.6289 -0.882942 2
    endloop
  endfacet
  facet normal -0.995184 -0.0980289 0
    outer loop
      vertex 16.6289 -0.882942 8
      vertex 16.7155 -1.7621 2
      vertex 16.7155 -1.7621 8
    endloop
  endfacet
  facet normal 0.986644 -0.16289 0
    outer loop
      vertex 43.3406 -2.63372 8
      vertex 43.4845 -1.7621 2
      vertex 43.4845 -1.7621 8
    endloop
  endfacet
  facet normal 0.986644 -0.16289 0
    outer loop
      vertex 43.4845 -1.7621 2
      vertex 43.3406 -2.63372 8
      vertex 43.3406 -2.63372 2
    endloop
  endfacet
  facet normal -1 0 0
    outer loop
      vertex 22.3 12.5 0
      vertex 22.3 21.5 2
      vertex 22.3 21.5 0
    endloop
  endfacet
  facet normal -1 -0 0
    outer loop
      vertex 22.3 21.5 2
      vertex 22.3 12.5 0
      vertex 22.3 12.5 2
    endloop
  endfacet
  facet normal -0 0 1
    outer loop
      vertex 34.8 17.5 2
      vertex 37.9 12.5 2
      vertex 37.9 21.5 2
    endloop
  endfacet
  facet normal -0 0 1
    outer loop
      vertex 34.6928 17.1 2
      vertex 37.9 12.5 2
      vertex 34.8 17.5 2
    endloop
  endfacet
  facet normal 0 0 1
    outer loop
      vertex 37.9 21.5 2
      vertex 34.6928 17.9 2
      vertex 34.8 17.5 2
    endloop
  endfacet
  facet normal 0 0 1
    outer loop
      vertex 37.9 21.5 2
      vertex 34.4 18.1928 2
      vertex 34.6928 17.9 2
    endloop
  endfacet
  facet normal 0 0 1
    outer loop
      vertex 37.9 21.5 2
      vertex 34 18.3 2
      vertex 34.4 18.1928 2
    endloop
  endfacet
  facet normal 0 0 1
    outer loop
      vertex 31.4 18.3 2
      vertex 34 18.3 2
      vertex 37.9 21.5 2
    endloop
  endfacet
  facet normal 0 0 1
    outer loop
      vertex 33.3072 17.1 2
      vertex 32.0928 17.1 2
      vertex 33.6 16.8072 2
    endloop
  endfacet
  facet normal 0 0 1
    outer loop
      vertex 33.3072 17.9 2
      vertex 32.2 17.5 2
      vertex 33.2 17.5 2
    endloop
  endfacet
  facet normal 0 0 1
    outer loop
      vertex 32.0928 17.9 2
      vertex 33.3072 17.9 2
      vertex 33.6 18.1928 2
    endloop
  endfacet
  facet normal 0 0 1
    outer loop
      vertex 34 18.3 2
      vertex 31.4 18.3 2
      vertex 33.6 18.1928 2
    endloop
  endfacet
  facet normal 0 0 1
    outer loop
      vertex 33.3072 17.9 2
      vertex 32.0928 17.9 2
      vertex 32.2 17.5 2
    endloop
  endfacet
  facet normal 0 0 1
    outer loop
      vertex 33.6 18.1928 2
      vertex 31.8 18.1928 2
      vertex 32.0928 17.9 2
    endloop
  endfacet
  facet normal 0 0 1
    outer loop
      vertex 33.6 18.1928 2
      vertex 31.4 18.3 2
      vertex 31.8 18.1928 2
    endloop
  endfacet
  facet normal 0 0 1
    outer loop
      vertex 28.8 18.3 2
      vertex 31.4 18.3 2
      vertex 37.9 21.5 2
    endloop
  endfacet
  facet normal 0 0 1
    outer loop
      vertex 30.7072 17.1 2
      vertex 29.4928 17.1 2
      vertex 31 16.8072 2
    endloop
  endfacet
  facet normal 0 0 1
    outer loop
      vertex 30.7072 17.9 2
      vertex 29.6 17.5 2
      vertex 30.6 17.5 2
    endloop
  endfacet
  facet normal 0 0 1
    outer loop
      vertex 29.4928 17.9 2
      vertex 30.7072 17.9 2
      vertex 31 18.1928 2
    endloop
  endfacet
  facet normal 0 0 1
    outer loop
      vertex 30.7072 17.9 2
      vertex 29.4928 17.9 2
      vertex 29.6 17.5 2
    endloop
  endfacet
  facet normal 0 0 1
    outer loop
      vertex 31.4 18.3 2
      vertex 28.8 18.3 2
      vertex 31 18.1928 2
    endloop
  endfacet
  facet normal 0 0 1
    outer loop
      vertex 31 18.1928 2
      vertex 29.2 18.1928 2
      vertex 29.4928 17.9 2
    endloop
  endfacet
  facet normal 0 0 1
    outer loop
      vertex 31 18.1928 2
      vertex 28.8 18.3 2
      vertex 29.2 18.1928 2
    endloop
  endfacet
  facet normal -0 0 1
    outer loop
      vertex 22.3 21.5 2
      vertex 28.8 18.3 2
      vertex 37.9 21.5 2
    endloop
  endfacet
  facet normal 0 0 1
    outer loop
      vertex 28.1072 17.1 2
      vertex 26.8928 17.1 2
      vertex 28.4 16.8072 2
    endloop
  endfacet
  facet normal 0 0 1
    outer loop
      vertex 28.1072 17.9 2
      vertex 27 17.5 2
      vertex 28 17.5 2
    endloop
  endfacet
  facet normal 0 0 1
    outer loop
      vertex 26.8928 17.9 2
      vertex 28.1072 17.9 2
      vertex 28.4 18.1928 2
    endloop
  endfacet
  facet normal 0 0 1
    outer loop
      vertex 28.1072 17.9 2
      vertex 26.8928 17.9 2
      vertex 27 17.5 2
    endloop
  endfacet
  facet normal 0 -0 1
    outer loop
      vertex 26.2 18.3 2
      vertex 28.8 18.3 2
      vertex 22.3 21.5 2
    endloop
  endfacet
  facet normal 0 0 1
    outer loop
      vertex 28.4 18.1928 2
      vertex 26.6 18.1928 2
      vertex 26.8928 17.9 2
    endloop
  endfacet
  facet normal 0 0 1
    outer loop
      vertex 28.8 18.3 2
      vertex 26.2 18.3 2
      vertex 28.4 18.1928 2
    endloop
  endfacet
  facet normal 0 0 1
    outer loop
      vertex 28.4 18.1928 2
      vertex 26.2 18.3 2
      vertex 26.6 18.1928 2
    endloop
  endfacet
  facet normal 0 0 1
    outer loop
      vertex 26.2 18.3 2
      vertex 22.3 21.5 2
      vertex 25.8 18.1928 2
    endloop
  endfacet
  facet normal 0 0 1
    outer loop
      vertex 22.3 21.5 2
      vertex 25.5072 17.9 2
      vertex 25.8 18.1928 2
    endloop
  endfacet
  facet normal 0 0 1
    outer loop
      vertex 22.3 21.5 2
      vertex 25.4 17.5 2
      vertex 25.5072 17.9 2
    endloop
  endfacet
  facet normal 0 0 1
    outer loop
      vertex 22.3 12.5 2
      vertex 25.4 17.5 2
      vertex 22.3 21.5 2
    endloop
  endfacet
  facet normal 0 0 1
    outer loop
      vertex 25.4 17.5 2
      vertex 22.3 12.5 2
      vertex 25.0072 12.5 2
    endloop
  endfacet
  facet normal 0 0 1
    outer loop
      vertex 37.9 12.5 2
      vertex 34.6928 17.1 2
      vertex 35.1928 12.5 2
    endloop
  endfacet
  facet normal -0 0 1
    outer loop
      vertex 34.4 16.8072 2
      vertex 35.1928 12.5 2
      vertex 34.6928 17.1 2
    endloop
  endfacet
  facet normal 0 0 1
    outer loop
      vertex 35.1928 12.5 2
      vertex 34.4 16.8072 2
      vertex 34.4394 12.7836 2
    endloop
  endfacet
  facet normal -0 0 1
    outer loop
      vertex 34 16.7 2
      vertex 34.4394 12.7836 2
      vertex 34.4 16.8072 2
    endloop
  endfacet
  facet normal 0 0 1
    outer loop
      vertex 32.7337 13.2406 2
      vertex 34 16.7 2
      vertex 33.6 16.8072 2
    endloop
  endfacet
  facet normal 0 0 1
    outer loop
      vertex 34 16.7 2
      vertex 33.5941 13.04 2
      vertex 34.4394 12.7836 2
    endloop
  endfacet
  facet normal 0 0 1
    outer loop
      vertex 32.0928 17.1 2
      vertex 33.3072 17.1 2
      vertex 32.2 17.5 2
    endloop
  endfacet
  facet normal -0 0 1
    outer loop
      vertex 32.2 17.5 2
      vertex 33.3072 17.1 2
      vertex 33.2 17.5 2
    endloop
  endfacet
  facet normal 0 0 1
    outer loop
      vertex 34 16.7 2
      vertex 32.7337 13.2406 2
      vertex 33.5941 13.04 2
    endloop
  endfacet
  facet normal 0 0 1
    outer loop
      vertex 31.8 16.8072 2
      vertex 33.6 16.8072 2
      vertex 32.0928 17.1 2
    endloop
  endfacet
  facet normal 0 0 1
    outer loop
      vertex 33.6 16.8072 2
      vertex 31.8 16.8072 2
      vertex 32.7337 13.2406 2
    endloop
  endfacet
  facet normal 0 0 1
    outer loop
      vertex 32.7337 13.2406 2
      vertex 31.8 16.8072 2
      vertex 31.8621 13.3845 2
    endloop
  endfacet
  facet normal -0 0 1
    outer loop
      vertex 31.4 16.7 2
      vertex 31.8621 13.3845 2
      vertex 31.8 16.8072 2
    endloop
  endfacet
  facet normal 0 0 1
    outer loop
      vertex 30.9829 13.4711 2
      vertex 31.4 16.7 2
      vertex 31 16.8072 2
    endloop
  endfacet
  facet normal 0 0 1
    outer loop
      vertex 31.4 16.7 2
      vertex 30.9829 13.4711 2
      vertex 31.8621 13.3845 2
    endloop
  endfacet
  facet normal 0 0 1
    outer loop
      vertex 29.4928 17.1 2
      vertex 30.7072 17.1 2
      vertex 29.6 17.5 2
    endloop
  endfacet
  facet normal -0 0 1
    outer loop
      vertex 29.6 17.5 2
      vertex 30.7072 17.1 2
      vertex 30.6 17.5 2
    endloop
  endfacet
  facet normal 0 0 1
    outer loop
      vertex 31 16.8072 2
      vertex 30.1 13.5 2
      vertex 30.9829 13.4711 2
    endloop
  endfacet
  facet normal 0 0 1
    outer loop
      vertex 29.2 16.8072 2
      vertex 31 16.8072 2
      vertex 29.4928 17.1 2
    endloop
  endfacet
  facet normal 0 0 1
    outer loop
      vertex 31 16.8072 2
      vertex 29.2 16.8072 2
      vertex 30.1 13.5 2
    endloop
  endfacet
  facet normal 0 0 1
    outer loop
      vertex 30.1 13.5 2
      vertex 29.2 16.8072 2
      vertex 29.2171 13.4711 2
    endloop
  endfacet
  facet normal -0 0 1
    outer loop
      vertex 28.8 16.7 2
      vertex 29.2171 13.4711 2
      vertex 29.2 16.8072 2
    endloop
  endfacet
  facet normal 0 0 1
    outer loop
      vertex 28.3379 13.3845 2
      vertex 28.8 16.7 2
      vertex 28.4 16.8072 2
    endloop
  endfacet
  facet normal 0 0 1
    outer loop
      vertex 28.8 16.7 2
      vertex 28.3379 13.3845 2
      vertex 29.2171 13.4711 2
    endloop
  endfacet
  facet normal 0 0 1
    outer loop
      vertex 26.8928 17.1 2
      vertex 28.1072 17.1 2
      vertex 27 17.5 2
    endloop
  endfacet
  facet normal -0 0 1
    outer loop
      vertex 27 17.5 2
      vertex 28.1072 17.1 2
      vertex 28 17.5 2
    endloop
  endfacet
  facet normal 0 0 1
    outer loop
      vertex 28.4 16.8072 2
      vertex 27.4663 13.2406 2
      vertex 28.3379 13.3845 2
    endloop
  endfacet
  facet normal 0 0 1
    outer loop
      vertex 26.6 16.8072 2
      vertex 28.4 16.8072 2
      vertex 26.8928 17.1 2
    endloop
  endfacet
  facet normal 0 0 1
    outer loop
      vertex 28.4 16.8072 2
      vertex 26.6 16.8072 2
      vertex 27.4663 13.2406 2
    endloop
  endfacet
  facet normal -0 0 1
    outer loop
      vertex 26.2 16.7 2
      vertex 27.4663 13.2406 2
      vertex 26.6 16.8072 2
    endloop
  endfacet
  facet normal 0 0 1
    outer loop
      vertex 27.4663 13.2406 2
      vertex 26.2 16.7 2
      vertex 26.6059 13.04 2
    endloop
  endfacet
  facet normal 0 0 1
    outer loop
      vertex 25.7606 12.7836 2
      vertex 26.2 16.7 2
      vertex 25.8 16.8072 2
    endloop
  endfacet
  facet normal 0 0 1
    outer loop
      vertex 26.2 16.7 2
      vertex 25.7606 12.7836 2
      vertex 26.6059 13.04 2
    endloop
  endfacet
  facet normal 0 0 1
    outer loop
      vertex 25.0072 12.5 2
      vertex 25.8 16.8072 2
      vertex 25.5072 17.1 2
    endloop
  endfacet
  facet normal 0 0 1
    outer loop
      vertex 25.0072 12.5 2
      vertex 25.5072 17.1 2
      vertex 25.4 17.5 2
    endloop
  endfacet
  facet normal 0 0 1
    outer loop
      vertex 25.8 16.8072 2
      vertex 25.0072 12.5 2
      vertex 25.7606 12.7836 2
    endloop
  endfacet
  facet normal 1 -0 0
    outer loop
      vertex 37.9 12.5 2
      vertex 37.9 21.5 0
      vertex 37.9 21.5 2
    endloop
  endfacet
  facet normal 1 0 0
    outer loop
      vertex 37.9 21.5 0
      vertex 37.9 12.5 2
      vertex 37.9 12.5 0
    endloop
  endfacet
  facet normal 0 -1 0
    outer loop
      vertex 35.1928 12.5 0
      vertex 37.9 12.5 2
      vertex 35.1928 12.5 2
    endloop
  endfacet
  facet normal 0 -1 -0
    outer loop
      vertex 37.9 12.5 2
      vertex 35.1928 12.5 0
      vertex 37.9 12.5 0
    endloop
  endfacet
  facet normal 0 -1 0
    outer loop
      vertex 22.3 12.5 0
      vertex 25.0072 12.5 2
      vertex 22.3 12.5 2
    endloop
  endfacet
  facet normal 0 -1 -0
    outer loop
      vertex 25.0072 12.5 2
      vertex 22.3 12.5 0
      vertex 25.0072 12.5 0
    endloop
  endfacet
  facet normal 0 1 -0
    outer loop
      vertex 37.9 21.5 0
      vertex 22.3 21.5 2
      vertex 37.9 21.5 2
    endloop
  endfacet
  facet normal 0 1 0
    outer loop
      vertex 22.3 21.5 2
      vertex 37.9 21.5 0
      vertex 22.3 21.5 0
    endloop
  endfacet
  facet normal -0.999463 -0.0327659 0
    outer loop
      vertex 41.2 0 2
      vertex 41.1762 0.725974 8
      vertex 41.1762 0.725974 2
    endloop
  endfacet
  facet normal -0.999463 -0.0327659 0
    outer loop
      vertex 41.1762 0.725974 8
      vertex 41.2 0 2
      vertex 41.2 0 8
    endloop
  endfacet
  facet normal 0.999463 -0.0327659 0
    outer loop
      vertex 19 0 8
      vertex 19.0238 0.725974 2
      vertex 19.0238 0.725974 8
    endloop
  endfacet
  facet normal 0.999463 -0.0327659 0
    outer loop
      vertex 19.0238 0.725974 2
      vertex 19 0 8
      vertex 19 0 2
    endloop
  endfacet
  facet normal 0.0327648 -0.999463 0
    outer loop
      vertex 29.374 11.0762 0
      vertex 30.1 11.1 8
      vertex 29.374 11.0762 8
    endloop
  endfacet
  facet normal 0.0327648 -0.999463 0
    outer loop
      vertex 30.1 11.1 8
      vertex 29.374 11.0762 0
      vertex 30.1 11.1 0
    endloop
  endfacet
  facet normal -0.0327648 0.999463 0
    outer loop
      vertex 30.826 -11.0762 0
      vertex 30.1 -11.1 8
      vertex 30.826 -11.0762 8
    endloop
  endfacet
  facet normal -0.0327648 0.999463 0
    outer loop
      vertex 30.1 -11.1 8
      vertex 30.826 -11.0762 0
      vertex 30.1 -11.1 0
    endloop
  endfacet
  facet normal -0.683558 -0.729896 0
    outer loop
      vertex 37.4187 8.34542 0
      vertex 37.9489 7.84888 8
      vertex 37.4187 8.34542 8
    endloop
  endfacet
  facet normal -0.683558 -0.729896 -0
    outer loop
      vertex 37.9489 7.84888 8
      vertex 37.4187 8.34542 0
      vertex 37.9489 7.84888 0
    endloop
  endfacet
  facet normal 0.729885 -0.68357 0
    outer loop
      vertex 21.7546 7.31874 8
      vertex 22.2511 7.84888 0
      vertex 22.2511 7.84888 8
    endloop
  endfacet
  facet normal 0.729885 -0.68357 0
    outer loop
      vertex 22.2511 7.84888 0
      vertex 21.7546 7.31874 8
      vertex 21.7546 7.31874 0
    endloop
  endfacet
  facet normal -0.910849 -0.412739 0
    outer loop
      vertex 40.3551 4.24779 0
      vertex 40.0553 4.9094 8
      vertex 40.0553 4.9094 0
    endloop
  endfacet
  facet normal -0.910849 -0.412739 0
    outer loop
      vertex 40.0553 4.9094 8
      vertex 40.3551 4.24779 0
      vertex 40.3551 4.24779 8
    endloop
  endfacet
  facet normal -0.582426 -0.812883 0
    outer loop
      vertex 36.2668 9.22931 0
      vertex 36.8573 8.80622 8
      vertex 36.2668 9.22931 8
    endloop
  endfacet
  facet normal -0.582426 -0.812883 -0
    outer loop
      vertex 36.8573 8.80622 8
      vertex 36.2668 9.22931 0
      vertex 36.8573 8.80622 0
    endloop
  endfacet
  facet normal 0.881926 -0.471388 0
    outer loop
      vertex 20.1447 4.9094 8
      vertex 20.4871 5.55 0
      vertex 20.4871 5.55 8
    endloop
  endfacet
  facet normal 0.881926 -0.471388 0
    outer loop
      vertex 20.4871 5.55 0
      vertex 20.1447 4.9094 8
      vertex 20.1447 4.9094 0
    endloop
  endfacet
  facet normal 0.227021 -0.97389 0
    outer loop
      vertex 27.2271 10.7218 0
      vertex 27.9345 10.8867 8
      vertex 27.2271 10.7218 8
    endloop
  endfacet
  facet normal 0.227021 -0.97389 0
    outer loop
      vertex 27.9345 10.8867 8
      vertex 27.2271 10.7218 0
      vertex 27.9345 10.8867 0
    endloop
  endfacet
  facet normal -0.973889 0.227024 0
    outer loop
      vertex 40.8218 -2.87289 2
      vertex 40.9867 -2.1655 8
      vertex 40.9867 -2.1655 2
    endloop
  endfacet
  facet normal -0.973889 0.227024 0
    outer loop
      vertex 40.9867 -2.1655 8
      vertex 40.8218 -2.87289 2
      vertex 40.8218 -2.87289 8
    endloop
  endfacet
  facet normal -0.227021 0.97389 0
    outer loop
      vertex 32.9729 -10.7218 0
      vertex 32.2655 -10.8867 8
      vertex 32.9729 -10.7218 8
    endloop
  endfacet
  facet normal -0.227021 0.97389 0
    outer loop
      vertex 32.2655 -10.8867 8
      vertex 32.9729 -10.7218 0
      vertex 32.2655 -10.8867 0
    endloop
  endfacet
  facet normal -0.973889 -0.227024 0
    outer loop
      vertex 40.9867 2.1655 2
      vertex 40.8218 2.87289 8
      vertex 40.8218 2.87289 2
    endloop
  endfacet
  facet normal -0.973889 -0.227024 0
    outer loop
      vertex 40.8218 2.87289 8
      vertex 40.9867 2.1655 2
      vertex 40.9867 2.1655 8
    endloop
  endfacet
  facet normal -0.956938 -0.290293 -0
    outer loop
      vertex 40.7832 3 2
      vertex 40.6109 3.56798 0
      vertex 40.7832 3 0
    endloop
  endfacet
  facet normal -0.956938 -0.290293 0
    outer loop
      vertex 40.6109 3.56798 0
      vertex 40.7832 3 2
      vertex 40.6109 3.56798 8
    endloop
  endfacet
  facet normal -0.956853 -0.290571 -0
    outer loop
      vertex 40.8218 2.87289 8
      vertex 40.7832 3 2
      vertex 40.8218 2.87289 2
    endloop
  endfacet
  facet normal -0.956922 -0.290344 5.27157e-06
    outer loop
      vertex 40.7832 3 2
      vertex 40.8218 2.87289 8
      vertex 40.6109 3.56798 8
    endloop
  endfacet
  facet normal -0.773012 -0.634391 0
    outer loop
      vertex 38.9062 6.75725 0
      vertex 38.4454 7.31874 8
      vertex 38.4454 7.31874 0
    endloop
  endfacet
  facet normal -0.773012 -0.634391 0
    outer loop
      vertex 38.4454 7.31874 8
      vertex 38.9062 6.75725 0
      vertex 38.9062 6.75725 8
    endloop
  endfacet
  facet normal -0.849183 -0.528098 0
    outer loop
      vertex 39.7129 5.55 0
      vertex 39.3293 6.16683 8
      vertex 39.3293 6.16683 0
    endloop
  endfacet
  facet normal -0.849183 -0.528098 0
    outer loop
      vertex 39.3293 6.16683 8
      vertex 39.7129 5.55 0
      vertex 39.7129 5.55 8
    endloop
  endfacet
  facet normal -0.162858 -0.986649 0
    outer loop
      vertex 31.5488 11.005 0
      vertex 32.2655 10.8867 8
      vertex 31.5488 11.005 8
    endloop
  endfacet
  facet normal -0.162858 -0.986649 -0
    outer loop
      vertex 32.2655 10.8867 8
      vertex 31.5488 11.005 0
      vertex 32.2655 10.8867 0
    endloop
  endfacet
  facet normal -0.0980313 -0.995183 0
    outer loop
      vertex 30.826 11.0762 0
      vertex 31.5488 11.005 8
      vertex 30.826 11.0762 8
    endloop
  endfacet
  facet normal -0.0980313 -0.995183 -0
    outer loop
      vertex 31.5488 11.005 8
      vertex 30.826 11.0762 0
      vertex 31.5488 11.005 0
    endloop
  endfacet
  facet normal -0.634452 -0.772963 0
    outer loop
      vertex 36.8573 8.80622 0
      vertex 37.4187 8.34542 8
      vertex 36.8573 8.80622 8
    endloop
  endfacet
  facet normal -0.634452 -0.772963 -0
    outer loop
      vertex 37.4187 8.34542 8
      vertex 36.8573 8.80622 0
      vertex 37.4187 8.34542 0
    endloop
  endfacet
  facet normal 0.986648 -0.162867 0
    outer loop
      vertex 19.095 1.44884 8
      vertex 19.2133 2.1655 2
      vertex 19.2133 2.1655 8
    endloop
  endfacet
  facet normal 0.986648 -0.162867 0
    outer loop
      vertex 19.2133 2.1655 2
      vertex 19.095 1.44884 8
      vertex 19.095 1.44884 2
    endloop
  endfacet
  facet normal 0.773012 -0.634391 0
    outer loop
      vertex 21.2938 6.75725 8
      vertex 21.7546 7.31874 0
      vertex 21.7546 7.31874 8
    endloop
  endfacet
  facet normal 0.773012 -0.634391 0
    outer loop
      vertex 21.7546 7.31874 0
      vertex 21.2938 6.75725 8
      vertex 21.2938 6.75725 0
    endloop
  endfacet
  facet normal 0.973889 -0.227024 0
    outer loop
      vertex 19.2133 2.1655 8
      vertex 19.3782 2.87289 2
      vertex 19.3782 2.87289 8
    endloop
  endfacet
  facet normal 0.973889 -0.227024 0
    outer loop
      vertex 19.3782 2.87289 2
      vertex 19.2133 2.1655 8
      vertex 19.2133 2.1655 2
    endloop
  endfacet
  facet normal 0.995184 -0.0980225 0
    outer loop
      vertex 19.0238 0.725974 8
      vertex 19.095 1.44884 2
      vertex 19.095 1.44884 8
    endloop
  endfacet
  facet normal 0.995184 -0.0980225 0
    outer loop
      vertex 19.095 1.44884 2
      vertex 19.0238 0.725974 8
      vertex 19.0238 0.725974 2
    endloop
  endfacet
  facet normal 0.528087 -0.84919 0
    outer loop
      vertex 23.9332 9.22931 0
      vertex 24.55 9.61288 8
      vertex 23.9332 9.22931 8
    endloop
  endfacet
  facet normal 0.528087 -0.84919 0
    outer loop
      vertex 24.55 9.61288 8
      vertex 23.9332 9.22931 0
      vertex 24.55 9.61288 0
    endloop
  endfacet
  facet normal 0.634452 -0.772963 0
    outer loop
      vertex 22.7813 8.34542 0
      vertex 23.3427 8.80622 8
      vertex 22.7813 8.34542 8
    endloop
  endfacet
  facet normal 0.634452 -0.772963 0
    outer loop
      vertex 23.3427 8.80622 8
      vertex 22.7813 8.34542 0
      vertex 23.3427 8.80622 0
    endloop
  endfacet
  facet normal 0.29034 -0.956924 0
    outer loop
      vertex 26.532 10.5109 0
      vertex 27.2271 10.7218 8
      vertex 26.532 10.5109 8
    endloop
  endfacet
  facet normal 0.29034 -0.956924 0
    outer loop
      vertex 27.2271 10.7218 8
      vertex 26.532 10.5109 0
      vertex 27.2271 10.7218 0
    endloop
  endfacet
  facet normal 0.162858 -0.986649 0
    outer loop
      vertex 27.9345 10.8867 0
      vertex 28.6512 11.005 8
      vertex 27.9345 10.8867 8
    endloop
  endfacet
  facet normal 0.162858 -0.986649 0
    outer loop
      vertex 28.6512 11.005 8
      vertex 27.9345 10.8867 0
      vertex 28.6512 11.005 0
    endloop
  endfacet
  facet normal -0.81284 0.582488 0
    outer loop
      vertex 38.9062 -6.75725 0
      vertex 39.3293 -6.16683 8
      vertex 39.3293 -6.16683 0
    endloop
  endfacet
  facet normal -0.81284 0.582488 0
    outer loop
      vertex 39.3293 -6.16683 8
      vertex 38.9062 -6.75725 0
      vertex 38.9062 -6.75725 8
    endloop
  endfacet
  facet normal -0.412756 0.910842 0
    outer loop
      vertex 35.0094 -9.95529 0
      vertex 34.3478 -10.2551 8
      vertex 35.0094 -9.95529 8
    endloop
  endfacet
  facet normal -0.412756 0.910842 0
    outer loop
      vertex 34.3478 -10.2551 8
      vertex 35.0094 -9.95529 0
      vertex 34.3478 -10.2551 0
    endloop
  endfacet
  facet normal -0.986648 -0.162867 0
    outer loop
      vertex 41.105 1.44884 2
      vertex 40.9867 2.1655 8
      vertex 40.9867 2.1655 2
    endloop
  endfacet
  facet normal -0.986648 -0.162867 0
    outer loop
      vertex 40.9867 2.1655 8
      vertex 41.105 1.44884 2
      vertex 41.105 1.44884 8
    endloop
  endfacet
  facet normal -0.995184 -0.0980225 0
    outer loop
      vertex 41.1762 0.725974 2
      vertex 41.105 1.44884 8
      vertex 41.105 1.44884 2
    endloop
  endfacet
  facet normal -0.995184 -0.0980225 0
    outer loop
      vertex 41.105 1.44884 8
      vertex 41.1762 0.725974 2
      vertex 41.1762 0.725974 8
    endloop
  endfacet
  facet normal -0.729885 -0.68357 0
    outer loop
      vertex 38.4454 7.31874 0
      vertex 37.9489 7.84888 8
      vertex 37.9489 7.84888 0
    endloop
  endfacet
  facet normal -0.729885 -0.68357 0
    outer loop
      vertex 37.9489 7.84888 8
      vertex 38.4454 7.31874 0
      vertex 38.4454 7.31874 8
    endloop
  endfacet
  facet normal -0.81284 -0.582488 0
    outer loop
      vertex 39.3293 6.16683 0
      vertex 38.9062 6.75725 8
      vertex 38.9062 6.75725 0
    endloop
  endfacet
  facet normal -0.81284 -0.582488 0
    outer loop
      vertex 38.9062 6.75725 8
      vertex 39.3293 6.16683 0
      vertex 39.3293 6.16683 8
    endloop
  endfacet
  facet normal -0.881926 -0.471388 0
    outer loop
      vertex 40.0553 4.9094 0
      vertex 39.7129 5.55 8
      vertex 39.7129 5.55 0
    endloop
  endfacet
  facet normal -0.881926 -0.471388 0
    outer loop
      vertex 39.7129 5.55 8
      vertex 40.0553 4.9094 0
      vertex 40.0553 4.9094 8
    endloop
  endfacet
  facet normal -0.227021 -0.97389 0
    outer loop
      vertex 32.2655 10.8867 0
      vertex 32.9729 10.7218 8
      vertex 32.2655 10.8867 8
    endloop
  endfacet
  facet normal -0.227021 -0.97389 -0
    outer loop
      vertex 32.9729 10.7218 8
      vertex 32.2655 10.8867 0
      vertex 32.9729 10.7218 0
    endloop
  endfacet
  facet normal -0.0327648 -0.999463 0
    outer loop
      vertex 30.1 11.1 0
      vertex 30.826 11.0762 8
      vertex 30.1 11.1 8
    endloop
  endfacet
  facet normal -0.0327648 -0.999463 -0
    outer loop
      vertex 30.826 11.0762 8
      vertex 30.1 11.1 0
      vertex 30.826 11.0762 0
    endloop
  endfacet
  facet normal -0.352179 -0.935933 0
    outer loop
      vertex 33.668 10.5109 0
      vertex 34.3478 10.2551 8
      vertex 33.668 10.5109 8
    endloop
  endfacet
  facet normal -0.352179 -0.935933 -0
    outer loop
      vertex 34.3478 10.2551 8
      vertex 33.668 10.5109 0
      vertex 34.3478 10.2551 0
    endloop
  endfacet
  facet normal -0.471399 -0.88192 0
    outer loop
      vertex 35.0094 9.95529 0
      vertex 35.65 9.61288 8
      vertex 35.0094 9.95529 8
    endloop
  endfacet
  facet normal -0.471399 -0.88192 -0
    outer loop
      vertex 35.65 9.61288 8
      vertex 35.0094 9.95529 0
      vertex 35.65 9.61288 0
    endloop
  endfacet
  facet normal -0.528087 -0.84919 0
    outer loop
      vertex 35.65 9.61288 0
      vertex 36.2668 9.22931 8
      vertex 35.65 9.61288 8
    endloop
  endfacet
  facet normal -0.528087 -0.84919 -0
    outer loop
      vertex 36.2668 9.22931 8
      vertex 35.65 9.61288 0
      vertex 36.2668 9.22931 0
    endloop
  endfacet
  facet normal 0.935934 -0.352175 0
    outer loop
      vertex 19.5891 3.56798 8
      vertex 19.8449 4.24779 0
      vertex 19.8449 4.24779 8
    endloop
  endfacet
  facet normal 0.935934 -0.352175 0
    outer loop
      vertex 19.8449 4.24779 0
      vertex 19.5891 3.56798 8
      vertex 19.5891 3.56798 0
    endloop
  endfacet
  facet normal 0.910849 -0.412739 0
    outer loop
      vertex 19.8449 4.24779 8
      vertex 20.1447 4.9094 0
      vertex 20.1447 4.9094 8
    endloop
  endfacet
  facet normal 0.910849 -0.412739 0
    outer loop
      vertex 20.1447 4.9094 0
      vertex 19.8449 4.24779 8
      vertex 19.8449 4.24779 0
    endloop
  endfacet
  facet normal 0.471399 -0.88192 0
    outer loop
      vertex 24.55 9.61288 0
      vertex 25.1906 9.95529 8
      vertex 24.55 9.61288 8
    endloop
  endfacet
  facet normal 0.471399 -0.88192 0
    outer loop
      vertex 25.1906 9.95529 8
      vertex 24.55 9.61288 0
      vertex 25.1906 9.95529 0
    endloop
  endfacet
  facet normal 0.582426 -0.812883 0
    outer loop
      vertex 23.3427 8.80622 0
      vertex 23.9332 9.22931 8
      vertex 23.3427 8.80622 8
    endloop
  endfacet
  facet normal 0.582426 -0.812883 0
    outer loop
      vertex 23.9332 9.22931 8
      vertex 23.3427 8.80622 0
      vertex 23.9332 9.22931 0
    endloop
  endfacet
  facet normal 0.412756 -0.910842 0
    outer loop
      vertex 25.1906 9.95529 0
      vertex 25.8522 10.2551 8
      vertex 25.1906 9.95529 8
    endloop
  endfacet
  facet normal 0.412756 -0.910842 0
    outer loop
      vertex 25.8522 10.2551 8
      vertex 25.1906 9.95529 0
      vertex 25.8522 10.2551 0
    endloop
  endfacet
  facet normal 0.0980313 -0.995183 0
    outer loop
      vertex 28.6512 11.005 0
      vertex 29.374 11.0762 8
      vertex 28.6512 11.005 8
    endloop
  endfacet
  facet normal 0.0980313 -0.995183 0
    outer loop
      vertex 29.374 11.0762 8
      vertex 28.6512 11.005 0
      vertex 29.374 11.0762 0
    endloop
  endfacet
  facet normal -0.999463 0.0327659 0
    outer loop
      vertex 41.1762 -0.725974 2
      vertex 41.2 0 8
      vertex 41.2 0 2
    endloop
  endfacet
  facet normal -0.999463 0.0327659 0
    outer loop
      vertex 41.2 0 8
      vertex 41.1762 -0.725974 2
      vertex 41.1762 -0.725974 8
    endloop
  endfacet
  facet normal -0.881926 0.471388 0
    outer loop
      vertex 39.7129 -5.55 0
      vertex 40.0553 -4.9094 8
      vertex 40.0553 -4.9094 0
    endloop
  endfacet
  facet normal -0.881926 0.471388 0
    outer loop
      vertex 40.0553 -4.9094 8
      vertex 39.7129 -5.55 0
      vertex 39.7129 -5.55 8
    endloop
  endfacet
  facet normal -0.956938 0.290293 0
    outer loop
      vertex 40.7832 -3 0
      vertex 40.6109 -3.56798 0
      vertex 40.7832 -3 2
    endloop
  endfacet
  facet normal -0.956853 0.290571 0
    outer loop
      vertex 40.7832 -3 2
      vertex 40.8218 -2.87289 8
      vertex 40.8218 -2.87289 2
    endloop
  endfacet
  facet normal -0.956938 0.290293 0
    outer loop
      vertex 40.6109 -3.56798 8
      vertex 40.7832 -3 2
      vertex 40.6109 -3.56798 0
    endloop
  endfacet
  facet normal -0.956922 0.290344 5.27157e-06
    outer loop
      vertex 40.7832 -3 2
      vertex 40.6109 -3.56798 8
      vertex 40.8218 -2.87289 8
    endloop
  endfacet
  facet normal -0.986648 0.162867 0
    outer loop
      vertex 40.9867 -2.1655 2
      vertex 41.105 -1.44884 8
      vertex 41.105 -1.44884 2
    endloop
  endfacet
  facet normal -0.986648 0.162867 0
    outer loop
      vertex 41.105 -1.44884 8
      vertex 40.9867 -2.1655 2
      vertex 40.9867 -2.1655 8
    endloop
  endfacet
  facet normal -0.995184 0.0980225 0
    outer loop
      vertex 41.105 -1.44884 2
      vertex 41.1762 -0.725974 8
      vertex 41.1762 -0.725974 2
    endloop
  endfacet
  facet normal -0.995184 0.0980225 0
    outer loop
      vertex 41.1762 -0.725974 8
      vertex 41.105 -1.44884 2
      vertex 41.105 -1.44884 8
    endloop
  endfacet
  facet normal -0.773012 0.634391 0
    outer loop
      vertex 38.4454 -7.31874 0
      vertex 38.9062 -6.75725 8
      vertex 38.9062 -6.75725 0
    endloop
  endfacet
  facet normal -0.773012 0.634391 0
    outer loop
      vertex 38.9062 -6.75725 8
      vertex 38.4454 -7.31874 0
      vertex 38.4454 -7.31874 8
    endloop
  endfacet
  facet normal 0.729885 0.68357 0
    outer loop
      vertex 22.2511 -7.84888 8
      vertex 21.7546 -7.31874 0
      vertex 21.7546 -7.31874 8
    endloop
  endfacet
  facet normal 0.729885 0.68357 0
    outer loop
      vertex 21.7546 -7.31874 0
      vertex 22.2511 -7.84888 8
      vertex 22.2511 -7.84888 0
    endloop
  endfacet
  facet normal -0.0980313 0.995183 0
    outer loop
      vertex 31.5488 -11.005 0
      vertex 30.826 -11.0762 8
      vertex 31.5488 -11.005 8
    endloop
  endfacet
  facet normal -0.0980313 0.995183 0
    outer loop
      vertex 30.826 -11.0762 8
      vertex 31.5488 -11.005 0
      vertex 30.826 -11.0762 0
    endloop
  endfacet
  facet normal -0.352179 0.935933 0
    outer loop
      vertex 34.3478 -10.2551 0
      vertex 33.668 -10.5109 8
      vertex 34.3478 -10.2551 8
    endloop
  endfacet
  facet normal -0.352179 0.935933 0
    outer loop
      vertex 33.668 -10.5109 8
      vertex 34.3478 -10.2551 0
      vertex 33.668 -10.5109 0
    endloop
  endfacet
  facet normal -0.935934 -0.352175 0
    outer loop
      vertex 40.6109 3.56798 0
      vertex 40.3551 4.24779 8
      vertex 40.3551 4.24779 0
    endloop
  endfacet
  facet normal -0.935934 -0.352175 0
    outer loop
      vertex 40.3551 4.24779 8
      vertex 40.6109 3.56798 0
      vertex 40.6109 3.56798 8
    endloop
  endfacet
  facet normal -0.29034 -0.956924 0
    outer loop
      vertex 32.9729 10.7218 0
      vertex 33.668 10.5109 8
      vertex 32.9729 10.7218 8
    endloop
  endfacet
  facet normal -0.29034 -0.956924 -0
    outer loop
      vertex 33.668 10.5109 8
      vertex 32.9729 10.7218 0
      vertex 33.668 10.5109 0
    endloop
  endfacet
  facet normal -0.412756 -0.910842 0
    outer loop
      vertex 34.3478 10.2551 0
      vertex 35.0094 9.95529 8
      vertex 34.3478 10.2551 8
    endloop
  endfacet
  facet normal -0.412756 -0.910842 -0
    outer loop
      vertex 35.0094 9.95529 8
      vertex 34.3478 10.2551 0
      vertex 35.0094 9.95529 0
    endloop
  endfacet
  facet normal 0.849183 -0.528098 0
    outer loop
      vertex 20.4871 5.55 8
      vertex 20.8707 6.16683 0
      vertex 20.8707 6.16683 8
    endloop
  endfacet
  facet normal 0.849183 -0.528098 0
    outer loop
      vertex 20.8707 6.16683 0
      vertex 20.4871 5.55 8
      vertex 20.4871 5.55 0
    endloop
  endfacet
  facet normal 0.81284 -0.582488 0
    outer loop
      vertex 20.8707 6.16683 8
      vertex 21.2938 6.75725 0
      vertex 21.2938 6.75725 8
    endloop
  endfacet
  facet normal 0.81284 -0.582488 0
    outer loop
      vertex 21.2938 6.75725 0
      vertex 20.8707 6.16683 8
      vertex 20.8707 6.16683 0
    endloop
  endfacet
  facet normal 0.956938 -0.290293 0
    outer loop
      vertex 19.5891 3.56798 8
      vertex 19.4168 3 2
      vertex 19.5891 3.56798 0
    endloop
  endfacet
  facet normal 0.956922 -0.290344 5.27157e-06
    outer loop
      vertex 19.3782 2.87289 8
      vertex 19.4168 3 2
      vertex 19.5891 3.56798 8
    endloop
  endfacet
  facet normal 0.956853 -0.290571 0
    outer loop
      vertex 19.4168 3 2
      vertex 19.3782 2.87289 8
      vertex 19.3782 2.87289 2
    endloop
  endfacet
  facet normal 0.956938 -0.290293 0
    outer loop
      vertex 19.5891 3.56798 0
      vertex 19.4168 3 2
      vertex 19.4168 3 0
    endloop
  endfacet
  facet normal 0.683558 -0.729896 0
    outer loop
      vertex 22.2511 7.84888 0
      vertex 22.7813 8.34542 8
      vertex 22.2511 7.84888 8
    endloop
  endfacet
  facet normal 0.683558 -0.729896 0
    outer loop
      vertex 22.7813 8.34542 8
      vertex 22.2511 7.84888 0
      vertex 22.7813 8.34542 0
    endloop
  endfacet
  facet normal 0.352179 -0.935933 0
    outer loop
      vertex 25.8522 10.2551 0
      vertex 26.532 10.5109 8
      vertex 25.8522 10.2551 8
    endloop
  endfacet
  facet normal 0.352179 -0.935933 0
    outer loop
      vertex 26.532 10.5109 8
      vertex 25.8522 10.2551 0
      vertex 26.532 10.5109 0
    endloop
  endfacet
  facet normal -0.471399 0.88192 0
    outer loop
      vertex 35.65 -9.61288 0
      vertex 35.0094 -9.95529 8
      vertex 35.65 -9.61288 8
    endloop
  endfacet
  facet normal -0.471399 0.88192 0
    outer loop
      vertex 35.0094 -9.95529 8
      vertex 35.65 -9.61288 0
      vertex 35.0094 -9.95529 0
    endloop
  endfacet
  facet normal -0.683558 0.729896 0
    outer loop
      vertex 37.9489 -7.84888 0
      vertex 37.4187 -8.34542 8
      vertex 37.9489 -7.84888 8
    endloop
  endfacet
  facet normal -0.683558 0.729896 0
    outer loop
      vertex 37.4187 -8.34542 8
      vertex 37.9489 -7.84888 0
      vertex 37.4187 -8.34542 0
    endloop
  endfacet
  facet normal -0.634452 0.772963 0
    outer loop
      vertex 37.4187 -8.34542 0
      vertex 36.8573 -8.80622 8
      vertex 37.4187 -8.34542 8
    endloop
  endfacet
  facet normal -0.634452 0.772963 0
    outer loop
      vertex 36.8573 -8.80622 8
      vertex 37.4187 -8.34542 0
      vertex 36.8573 -8.80622 0
    endloop
  endfacet
  facet normal -0.582426 0.812883 0
    outer loop
      vertex 36.8573 -8.80622 0
      vertex 36.2668 -9.22931 8
      vertex 36.8573 -8.80622 8
    endloop
  endfacet
  facet normal -0.582426 0.812883 0
    outer loop
      vertex 36.2668 -9.22931 8
      vertex 36.8573 -8.80622 0
      vertex 36.2668 -9.22931 0
    endloop
  endfacet
  facet normal -0.910849 0.412739 0
    outer loop
      vertex 40.0553 -4.9094 0
      vertex 40.3551 -4.24779 8
      vertex 40.3551 -4.24779 0
    endloop
  endfacet
  facet normal -0.910849 0.412739 0
    outer loop
      vertex 40.3551 -4.24779 8
      vertex 40.0553 -4.9094 0
      vertex 40.0553 -4.9094 8
    endloop
  endfacet
  facet normal 0.162858 0.986649 -0
    outer loop
      vertex 28.6512 -11.005 0
      vertex 27.9345 -10.8867 8
      vertex 28.6512 -11.005 8
    endloop
  endfacet
  facet normal 0.162858 0.986649 0
    outer loop
      vertex 27.9345 -10.8867 8
      vertex 28.6512 -11.005 0
      vertex 27.9345 -10.8867 0
    endloop
  endfacet
  facet normal 0.81284 0.582488 0
    outer loop
      vertex 21.2938 -6.75725 8
      vertex 20.8707 -6.16683 0
      vertex 20.8707 -6.16683 8
    endloop
  endfacet
  facet normal 0.81284 0.582488 0
    outer loop
      vertex 20.8707 -6.16683 0
      vertex 21.2938 -6.75725 8
      vertex 21.2938 -6.75725 0
    endloop
  endfacet
  facet normal 0.935934 0.352175 0
    outer loop
      vertex 19.8449 -4.24779 8
      vertex 19.5891 -3.56798 0
      vertex 19.5891 -3.56798 8
    endloop
  endfacet
  facet normal 0.935934 0.352175 0
    outer loop
      vertex 19.5891 -3.56798 0
      vertex 19.8449 -4.24779 8
      vertex 19.8449 -4.24779 0
    endloop
  endfacet
  facet normal 0.999463 0.0327659 0
    outer loop
      vertex 19.0238 -0.725974 8
      vertex 19 0 2
      vertex 19 0 8
    endloop
  endfacet
  facet normal 0.999463 0.0327659 0
    outer loop
      vertex 19 0 2
      vertex 19.0238 -0.725974 8
      vertex 19.0238 -0.725974 2
    endloop
  endfacet
  facet normal 0.995184 0.0980225 0
    outer loop
      vertex 19.095 -1.44884 8
      vertex 19.0238 -0.725974 2
      vertex 19.0238 -0.725974 8
    endloop
  endfacet
  facet normal 0.995184 0.0980225 0
    outer loop
      vertex 19.0238 -0.725974 2
      vertex 19.095 -1.44884 8
      vertex 19.095 -1.44884 2
    endloop
  endfacet
  facet normal 0.986648 0.162867 0
    outer loop
      vertex 19.2133 -2.1655 8
      vertex 19.095 -1.44884 2
      vertex 19.095 -1.44884 8
    endloop
  endfacet
  facet normal 0.986648 0.162867 0
    outer loop
      vertex 19.095 -1.44884 2
      vertex 19.2133 -2.1655 8
      vertex 19.2133 -2.1655 2
    endloop
  endfacet
  facet normal -0.162858 0.986649 0
    outer loop
      vertex 32.2655 -10.8867 0
      vertex 31.5488 -11.005 8
      vertex 32.2655 -10.8867 8
    endloop
  endfacet
  facet normal -0.162858 0.986649 0
    outer loop
      vertex 31.5488 -11.005 8
      vertex 32.2655 -10.8867 0
      vertex 31.5488 -11.005 0
    endloop
  endfacet
  facet normal -0.849183 0.528098 0
    outer loop
      vertex 39.3293 -6.16683 0
      vertex 39.7129 -5.55 8
      vertex 39.7129 -5.55 0
    endloop
  endfacet
  facet normal -0.849183 0.528098 0
    outer loop
      vertex 39.7129 -5.55 8
      vertex 39.3293 -6.16683 0
      vertex 39.3293 -6.16683 8
    endloop
  endfacet
  facet normal -0.729885 0.68357 0
    outer loop
      vertex 37.9489 -7.84888 0
      vertex 38.4454 -7.31874 8
      vertex 38.4454 -7.31874 0
    endloop
  endfacet
  facet normal -0.729885 0.68357 0
    outer loop
      vertex 38.4454 -7.31874 8
      vertex 37.9489 -7.84888 0
      vertex 37.9489 -7.84888 8
    endloop
  endfacet
  facet normal -0.528087 0.84919 0
    outer loop
      vertex 36.2668 -9.22931 0
      vertex 35.65 -9.61288 8
      vertex 36.2668 -9.22931 8
    endloop
  endfacet
  facet normal -0.528087 0.84919 0
    outer loop
      vertex 35.65 -9.61288 8
      vertex 36.2668 -9.22931 0
      vertex 35.65 -9.61288 0
    endloop
  endfacet
  facet normal -0.935934 0.352175 0
    outer loop
      vertex 40.3551 -4.24779 0
      vertex 40.6109 -3.56798 8
      vertex 40.6109 -3.56798 0
    endloop
  endfacet
  facet normal -0.935934 0.352175 0
    outer loop
      vertex 40.6109 -3.56798 8
      vertex 40.3551 -4.24779 0
      vertex 40.3551 -4.24779 8
    endloop
  endfacet
  facet normal 0.29034 0.956924 -0
    outer loop
      vertex 27.2271 -10.7218 0
      vertex 26.532 -10.5109 8
      vertex 27.2271 -10.7218 8
    endloop
  endfacet
  facet normal 0.29034 0.956924 0
    outer loop
      vertex 26.532 -10.5109 8
      vertex 27.2271 -10.7218 0
      vertex 26.532 -10.5109 0
    endloop
  endfacet
  facet normal 0.0980313 0.995183 -0
    outer loop
      vertex 29.374 -11.0762 0
      vertex 28.6512 -11.005 8
      vertex 29.374 -11.0762 8
    endloop
  endfacet
  facet normal 0.0980313 0.995183 0
    outer loop
      vertex 28.6512 -11.005 8
      vertex 29.374 -11.0762 0
      vertex 28.6512 -11.005 0
    endloop
  endfacet
  facet normal 0.683558 0.729896 -0
    outer loop
      vertex 22.7813 -8.34542 0
      vertex 22.2511 -7.84888 8
      vertex 22.7813 -8.34542 8
    endloop
  endfacet
  facet normal 0.683558 0.729896 0
    outer loop
      vertex 22.2511 -7.84888 8
      vertex 22.7813 -8.34542 0
      vertex 22.2511 -7.84888 0
    endloop
  endfacet
  facet normal 0.773012 0.634391 0
    outer loop
      vertex 21.7546 -7.31874 8
      vertex 21.2938 -6.75725 0
      vertex 21.2938 -6.75725 8
    endloop
  endfacet
  facet normal 0.773012 0.634391 0
    outer loop
      vertex 21.2938 -6.75725 0
      vertex 21.7546 -7.31874 8
      vertex 21.7546 -7.31874 0
    endloop
  endfacet
  facet normal 0.881926 0.471388 0
    outer loop
      vertex 20.4871 -5.55 8
      vertex 20.1447 -4.9094 0
      vertex 20.1447 -4.9094 8
    endloop
  endfacet
  facet normal 0.881926 0.471388 0
    outer loop
      vertex 20.1447 -4.9094 0
      vertex 20.4871 -5.55 8
      vertex 20.4871 -5.55 0
    endloop
  endfacet
  facet normal 0.849183 0.528098 0
    outer loop
      vertex 20.8707 -6.16683 8
      vertex 20.4871 -5.55 0
      vertex 20.4871 -5.55 8
    endloop
  endfacet
  facet normal 0.849183 0.528098 0
    outer loop
      vertex 20.4871 -5.55 0
      vertex 20.8707 -6.16683 8
      vertex 20.8707 -6.16683 0
    endloop
  endfacet
  facet normal 0.910849 0.412739 0
    outer loop
      vertex 20.1447 -4.9094 8
      vertex 19.8449 -4.24779 0
      vertex 19.8449 -4.24779 8
    endloop
  endfacet
  facet normal 0.910849 0.412739 0
    outer loop
      vertex 19.8449 -4.24779 0
      vertex 20.1447 -4.9094 8
      vertex 20.1447 -4.9094 0
    endloop
  endfacet
  facet normal 0.973889 0.227024 0
    outer loop
      vertex 19.3782 -2.87289 8
      vertex 19.2133 -2.1655 2
      vertex 19.2133 -2.1655 8
    endloop
  endfacet
  facet normal 0.973889 0.227024 0
    outer loop
      vertex 19.2133 -2.1655 2
      vertex 19.3782 -2.87289 8
      vertex 19.3782 -2.87289 2
    endloop
  endfacet
  facet normal -0.29034 0.956924 0
    outer loop
      vertex 33.668 -10.5109 0
      vertex 32.9729 -10.7218 8
      vertex 33.668 -10.5109 8
    endloop
  endfacet
  facet normal -0.29034 0.956924 0
    outer loop
      vertex 32.9729 -10.7218 8
      vertex 33.668 -10.5109 0
      vertex 32.9729 -10.7218 0
    endloop
  endfacet
  facet normal 0.471399 0.88192 -0
    outer loop
      vertex 25.1906 -9.95529 0
      vertex 24.55 -9.61288 8
      vertex 25.1906 -9.95529 8
    endloop
  endfacet
  facet normal 0.471399 0.88192 0
    outer loop
      vertex 24.55 -9.61288 8
      vertex 25.1906 -9.95529 0
      vertex 24.55 -9.61288 0
    endloop
  endfacet
  facet normal 0.528087 0.84919 -0
    outer loop
      vertex 24.55 -9.61288 0
      vertex 23.9332 -9.22931 8
      vertex 24.55 -9.61288 8
    endloop
  endfacet
  facet normal 0.528087 0.84919 0
    outer loop
      vertex 23.9332 -9.22931 8
      vertex 24.55 -9.61288 0
      vertex 23.9332 -9.22931 0
    endloop
  endfacet
  facet normal 0.0327648 0.999463 -0
    outer loop
      vertex 30.1 -11.1 0
      vertex 29.374 -11.0762 8
      vertex 30.1 -11.1 8
    endloop
  endfacet
  facet normal 0.0327648 0.999463 0
    outer loop
      vertex 29.374 -11.0762 8
      vertex 30.1 -11.1 0
      vertex 29.374 -11.0762 0
    endloop
  endfacet
  facet normal 0.956853 0.290571 0
    outer loop
      vertex 19.3782 -2.87289 8
      vertex 19.4168 -3 2
      vertex 19.3782 -2.87289 2
    endloop
  endfacet
  facet normal 0.956922 0.290344 5.27157e-06
    outer loop
      vertex 19.5891 -3.56798 8
      vertex 19.4168 -3 2
      vertex 19.3782 -2.87289 8
    endloop
  endfacet
  facet normal 0.956938 0.290293 -0
    outer loop
      vertex 19.5891 -3.56798 0
      vertex 19.4168 -3 2
      vertex 19.5891 -3.56798 8
    endloop
  endfacet
  facet normal 0.956938 0.290293 0
    outer loop
      vertex 19.4168 -3 2
      vertex 19.5891 -3.56798 0
      vertex 19.4168 -3 0
    endloop
  endfacet
  facet normal 0.582426 0.812883 -0
    outer loop
      vertex 23.9332 -9.22931 0
      vertex 23.3427 -8.80622 8
      vertex 23.9332 -9.22931 8
    endloop
  endfacet
  facet normal 0.582426 0.812883 0
    outer loop
      vertex 23.3427 -8.80622 8
      vertex 23.9332 -9.22931 0
      vertex 23.3427 -8.80622 0
    endloop
  endfacet
  facet normal 0.634452 0.772963 -0
    outer loop
      vertex 23.3427 -8.80622 0
      vertex 22.7813 -8.34542 8
      vertex 23.3427 -8.80622 8
    endloop
  endfacet
  facet normal 0.634452 0.772963 0
    outer loop
      vertex 22.7813 -8.34542 8
      vertex 23.3427 -8.80622 0
      vertex 22.7813 -8.34542 0
    endloop
  endfacet
  facet normal 0.412756 0.910842 -0
    outer loop
      vertex 25.8522 -10.2551 0
      vertex 25.1906 -9.95529 8
      vertex 25.8522 -10.2551 8
    endloop
  endfacet
  facet normal 0.412756 0.910842 0
    outer loop
      vertex 25.1906 -9.95529 8
      vertex 25.8522 -10.2551 0
      vertex 25.1906 -9.95529 0
    endloop
  endfacet
  facet normal 0.352179 0.935933 -0
    outer loop
      vertex 26.532 -10.5109 0
      vertex 25.8522 -10.2551 8
      vertex 26.532 -10.5109 8
    endloop
  endfacet
  facet normal 0.352179 0.935933 0
    outer loop
      vertex 25.8522 -10.2551 8
      vertex 26.532 -10.5109 0
      vertex 25.8522 -10.2551 0
    endloop
  endfacet
  facet normal 0.227021 0.97389 -0
    outer loop
      vertex 27.9345 -10.8867 0
      vertex 27.2271 -10.7218 8
      vertex 27.9345 -10.8867 8
    endloop
  endfacet
  facet normal 0.227021 0.97389 0
    outer loop
      vertex 27.2271 -10.7218 8
      vertex 27.9345 -10.8867 0
      vertex 27.2271 -10.7218 0
    endloop
  endfacet
  facet normal 0.965914 0.258865 0
    outer loop
      vertex 27 17.5 2.6
      vertex 26.8928 17.9 2
      vertex 26.8928 17.9 2.6
    endloop
  endfacet
  facet normal 0.965914 0.258865 0
    outer loop
      vertex 26.8928 17.9 2
      vertex 27 17.5 2.6
      vertex 27 17.5 2
    endloop
  endfacet
  facet normal -0.258865 0.965914 0
    outer loop
      vertex 26.2 18.3 2
      vertex 25.8 18.1928 2.6
      vertex 26.2 18.3 2.6
    endloop
  endfacet
  facet normal -0.258865 0.965914 0
    outer loop
      vertex 25.8 18.1928 2.6
      vertex 26.2 18.3 2
      vertex 25.8 18.1928 2
    endloop
  endfacet
  facet normal -0.707107 0.707107 0
    outer loop
      vertex 25.8 18.1928 2
      vertex 25.5072 17.9 2.6
      vertex 25.8 18.1928 2.6
    endloop
  endfacet
  facet normal -0.707107 0.707107 0
    outer loop
      vertex 25.5072 17.9 2.6
      vertex 25.8 18.1928 2
      vertex 25.5072 17.9 2
    endloop
  endfacet
  facet normal 0.707107 -0.707107 0
    outer loop
      vertex 26.6 16.8072 2.6
      vertex 26.8928 17.1 2
      vertex 26.8928 17.1 2.6
    endloop
  endfacet
  facet normal 0.707107 -0.707107 0
    outer loop
      vertex 26.8928 17.1 2
      vertex 26.6 16.8072 2.6
      vertex 26.6 16.8072 2
    endloop
  endfacet
  facet normal 0.258865 0.965914 -0
    outer loop
      vertex 26.6 18.1928 2
      vertex 26.2 18.3 2.6
      vertex 26.6 18.1928 2.6
    endloop
  endfacet
  facet normal 0.258865 0.965914 0
    outer loop
      vertex 26.2 18.3 2.6
      vertex 26.6 18.1928 2
      vertex 26.2 18.3 2
    endloop
  endfacet
  facet normal 0.707107 0.707107 0
    outer loop
      vertex 26.8928 17.9 2.6
      vertex 26.6 18.1928 2
      vertex 26.6 18.1928 2.6
    endloop
  endfacet
  facet normal 0.707107 0.707107 0
    outer loop
      vertex 26.6 18.1928 2
      vertex 26.8928 17.9 2.6
      vertex 26.8928 17.9 2
    endloop
  endfacet
  facet normal -0.965914 0.258865 0
    outer loop
      vertex 25.4 17.5 2
      vertex 25.5072 17.9 2.6
      vertex 25.5072 17.9 2
    endloop
  endfacet
  facet normal -0.965914 0.258865 0
    outer loop
      vertex 25.5072 17.9 2.6
      vertex 25.4 17.5 2
      vertex 25.4 17.5 2.6
    endloop
  endfacet
  facet normal 0 0 1
    outer loop
      vertex 26.8928 17.9 2.6
      vertex 26.8928 17.1 2.6
      vertex 27 17.5 2.6
    endloop
  endfacet
  facet normal 0 0 1
    outer loop
      vertex 26.6 18.1928 2.6
      vertex 26.8928 17.1 2.6
      vertex 26.8928 17.9 2.6
    endloop
  endfacet
  facet normal 0 0 1
    outer loop
      vertex 26.6 18.1928 2.6
      vertex 26.6 16.8072 2.6
      vertex 26.8928 17.1 2.6
    endloop
  endfacet
  facet normal 0 0 1
    outer loop
      vertex 26.2 18.3 2.6
      vertex 26.6 16.8072 2.6
      vertex 26.6 18.1928 2.6
    endloop
  endfacet
  facet normal 0 0 1
    outer loop
      vertex 26.2 18.3 2.6
      vertex 26.2 16.7 2.6
      vertex 26.6 16.8072 2.6
    endloop
  endfacet
  facet normal -0 0 1
    outer loop
      vertex 25.8 18.1928 2.6
      vertex 26.2 16.7 2.6
      vertex 26.2 18.3 2.6
    endloop
  endfacet
  facet normal 0 0 1
    outer loop
      vertex 25.8 18.1928 2.6
      vertex 25.8 16.8072 2.6
      vertex 26.2 16.7 2.6
    endloop
  endfacet
  facet normal -0 0 1
    outer loop
      vertex 25.5072 17.9 2.6
      vertex 25.8 16.8072 2.6
      vertex 25.8 18.1928 2.6
    endloop
  endfacet
  facet normal 0 0 1
    outer loop
      vertex 25.5072 17.9 2.6
      vertex 25.5072 17.1 2.6
      vertex 25.8 16.8072 2.6
    endloop
  endfacet
  facet normal 0 -0 1
    outer loop
      vertex 25.5072 17.1 2.6
      vertex 25.5072 17.9 2.6
      vertex 25.4 17.5 2.6
    endloop
  endfacet
  facet normal 0.965914 -0.258865 0
    outer loop
      vertex 26.8928 17.1 2.6
      vertex 27 17.5 2
      vertex 27 17.5 2.6
    endloop
  endfacet
  facet normal 0.965914 -0.258865 0
    outer loop
      vertex 27 17.5 2
      vertex 26.8928 17.1 2.6
      vertex 26.8928 17.1 2
    endloop
  endfacet
  facet normal 0.258865 -0.965914 0
    outer loop
      vertex 26.2 16.7 2
      vertex 26.6 16.8072 2.6
      vertex 26.2 16.7 2.6
    endloop
  endfacet
  facet normal 0.258865 -0.965914 0
    outer loop
      vertex 26.6 16.8072 2.6
      vertex 26.2 16.7 2
      vertex 26.6 16.8072 2
    endloop
  endfacet
  facet normal -0.707107 -0.707107 0
    outer loop
      vertex 25.5072 17.1 2
      vertex 25.8 16.8072 2.6
      vertex 25.5072 17.1 2.6
    endloop
  endfacet
  facet normal -0.707107 -0.707107 -0
    outer loop
      vertex 25.8 16.8072 2.6
      vertex 25.5072 17.1 2
      vertex 25.8 16.8072 2
    endloop
  endfacet
  facet normal -0.965914 -0.258865 0
    outer loop
      vertex 25.5072 17.1 2
      vertex 25.4 17.5 2.6
      vertex 25.4 17.5 2
    endloop
  endfacet
  facet normal -0.965914 -0.258865 0
    outer loop
      vertex 25.4 17.5 2.6
      vertex 25.5072 17.1 2
      vertex 25.5072 17.1 2.6
    endloop
  endfacet
  facet normal -0.258865 -0.965914 0
    outer loop
      vertex 25.8 16.8072 2
      vertex 26.2 16.7 2.6
      vertex 25.8 16.8072 2.6
    endloop
  endfacet
  facet normal -0.258865 -0.965914 -0
    outer loop
      vertex 26.2 16.7 2.6
      vertex 25.8 16.8072 2
      vertex 26.2 16.7 2
    endloop
  endfacet
  facet normal 0.965914 0.258865 0
    outer loop
      vertex 29.6 17.5 2.6
      vertex 29.4928 17.9 2
      vertex 29.4928 17.9 2.6
    endloop
  endfacet
  facet normal 0.965914 0.258865 0
    outer loop
      vertex 29.4928 17.9 2
      vertex 29.6 17.5 2.6
      vertex 29.6 17.5 2
    endloop
  endfacet
  facet normal -0.258865 0.965914 0
    outer loop
      vertex 28.8 18.3 2
      vertex 28.4 18.1928 2.6
      vertex 28.8 18.3 2.6
    endloop
  endfacet
  facet normal -0.258865 0.965914 0
    outer loop
      vertex 28.4 18.1928 2.6
      vertex 28.8 18.3 2
      vertex 28.4 18.1928 2
    endloop
  endfacet
  facet normal 0 0 1
    outer loop
      vertex 29.4928 17.9 2.6
      vertex 29.4928 17.1 2.6
      vertex 29.6 17.5 2.6
    endloop
  endfacet
  facet normal 0 0 1
    outer loop
      vertex 29.2 18.1928 2.6
      vertex 29.4928 17.1 2.6
      vertex 29.4928 17.9 2.6
    endloop
  endfacet
  facet normal 0 0 1
    outer loop
      vertex 29.2 18.1928 2.6
      vertex 29.2 16.8072 2.6
      vertex 29.4928 17.1 2.6
    endloop
  endfacet
  facet normal 0 0 1
    outer loop
      vertex 28.8 18.3 2.6
      vertex 29.2 16.8072 2.6
      vertex 29.2 18.1928 2.6
    endloop
  endfacet
  facet normal 0 0 1
    outer loop
      vertex 28.8 18.3 2.6
      vertex 28.8 16.7 2.6
      vertex 29.2 16.8072 2.6
    endloop
  endfacet
  facet normal -0 0 1
    outer loop
      vertex 28.4 18.1928 2.6
      vertex 28.8 16.7 2.6
      vertex 28.8 18.3 2.6
    endloop
  endfacet
  facet normal 0 0 1
    outer loop
      vertex 28.4 18.1928 2.6
      vertex 28.4 16.8072 2.6
      vertex 28.8 16.7 2.6
    endloop
  endfacet
  facet normal -0 0 1
    outer loop
      vertex 28.1072 17.9 2.6
      vertex 28.4 16.8072 2.6
      vertex 28.4 18.1928 2.6
    endloop
  endfacet
  facet normal 0 0 1
    outer loop
      vertex 28.1072 17.9 2.6
      vertex 28.1072 17.1 2.6
      vertex 28.4 16.8072 2.6
    endloop
  endfacet
  facet normal 0 -0 1
    outer loop
      vertex 28.1072 17.1 2.6
      vertex 28.1072 17.9 2.6
      vertex 28 17.5 2.6
    endloop
  endfacet
  facet normal 0.707107 -0.707107 0
    outer loop
      vertex 29.2 16.8072 2.6
      vertex 29.4928 17.1 2
      vertex 29.4928 17.1 2.6
    endloop
  endfacet
  facet normal 0.707107 -0.707107 0
    outer loop
      vertex 29.4928 17.1 2
      vertex 29.2 16.8072 2.6
      vertex 29.2 16.8072 2
    endloop
  endfacet
  facet normal -0.707107 -0.707107 0
    outer loop
      vertex 28.4 16.8072 2
      vertex 28.1072 17.1 2.6
      vertex 28.1072 17.1 2
    endloop
  endfacet
  facet normal -0.707107 -0.707107 0
    outer loop
      vertex 28.1072 17.1 2.6
      vertex 28.4 16.8072 2
      vertex 28.4 16.8072 2.6
    endloop
  endfacet
  facet normal 0.258865 0.965914 -0
    outer loop
      vertex 29.2 18.1928 2
      vertex 28.8 18.3 2.6
      vertex 29.2 18.1928 2.6
    endloop
  endfacet
  facet normal 0.258865 0.965914 0
    outer loop
      vertex 28.8 18.3 2.6
      vertex 29.2 18.1928 2
      vertex 28.8 18.3 2
    endloop
  endfacet
  facet normal 0.707107 0.707107 0
    outer loop
      vertex 29.4928 17.9 2.6
      vertex 29.2 18.1928 2
      vertex 29.2 18.1928 2.6
    endloop
  endfacet
  facet normal 0.707107 0.707107 0
    outer loop
      vertex 29.2 18.1928 2
      vertex 29.4928 17.9 2.6
      vertex 29.4928 17.9 2
    endloop
  endfacet
  facet normal -0.965914 0.258865 0
    outer loop
      vertex 28 17.5 2
      vertex 28.1072 17.9 2.6
      vertex 28.1072 17.9 2
    endloop
  endfacet
  facet normal -0.965914 0.258865 0
    outer loop
      vertex 28.1072 17.9 2.6
      vertex 28 17.5 2
      vertex 28 17.5 2.6
    endloop
  endfacet
  facet normal -0.965914 -0.258865 0
    outer loop
      vertex 28.1072 17.1 2
      vertex 28 17.5 2.6
      vertex 28 17.5 2
    endloop
  endfacet
  facet normal -0.965914 -0.258865 0
    outer loop
      vertex 28 17.5 2.6
      vertex 28.1072 17.1 2
      vertex 28.1072 17.1 2.6
    endloop
  endfacet
  facet normal -0.707107 0.707107 0
    outer loop
      vertex 28.1072 17.9 2
      vertex 28.4 18.1928 2.6
      vertex 28.4 18.1928 2
    endloop
  endfacet
  facet normal -0.707107 0.707107 0
    outer loop
      vertex 28.4 18.1928 2.6
      vertex 28.1072 17.9 2
      vertex 28.1072 17.9 2.6
    endloop
  endfacet
  facet normal 0.965914 -0.258865 0
    outer loop
      vertex 29.4928 17.1 2.6
      vertex 29.6 17.5 2
      vertex 29.6 17.5 2.6
    endloop
  endfacet
  facet normal 0.965914 -0.258865 0
    outer loop
      vertex 29.6 17.5 2
      vertex 29.4928 17.1 2.6
      vertex 29.4928 17.1 2
    endloop
  endfacet
  facet normal -0.258865 -0.965914 0
    outer loop
      vertex 28.4 16.8072 2
      vertex 28.8 16.7 2.6
      vertex 28.4 16.8072 2.6
    endloop
  endfacet
  facet normal -0.258865 -0.965914 -0
    outer loop
      vertex 28.8 16.7 2.6
      vertex 28.4 16.8072 2
      vertex 28.8 16.7 2
    endloop
  endfacet
  facet normal 0.258865 -0.965914 0
    outer loop
      vertex 28.8 16.7 2
      vertex 29.2 16.8072 2.6
      vertex 28.8 16.7 2.6
    endloop
  endfacet
  facet normal 0.258865 -0.965914 0
    outer loop
      vertex 29.2 16.8072 2.6
      vertex 28.8 16.7 2
      vertex 29.2 16.8072 2
    endloop
  endfacet
  facet normal 0.965914 0.258865 0
    outer loop
      vertex 32.2 17.5 2.6
      vertex 32.0928 17.9 2
      vertex 32.0928 17.9 2.6
    endloop
  endfacet
  facet normal 0.965914 0.258865 0
    outer loop
      vertex 32.0928 17.9 2
      vertex 32.2 17.5 2.6
      vertex 32.2 17.5 2
    endloop
  endfacet
  facet normal -0.258865 0.965914 0
    outer loop
      vertex 31.4 18.3 2
      vertex 31 18.1928 2.6
      vertex 31.4 18.3 2.6
    endloop
  endfacet
  facet normal -0.258865 0.965914 0
    outer loop
      vertex 31 18.1928 2.6
      vertex 31.4 18.3 2
      vertex 31 18.1928 2
    endloop
  endfacet
  facet normal 0.707107 0.707107 0
    outer loop
      vertex 32.0928 17.9 2.6
      vertex 31.8 18.1928 2
      vertex 31.8 18.1928 2.6
    endloop
  endfacet
  facet normal 0.707107 0.707107 0
    outer loop
      vertex 31.8 18.1928 2
      vertex 32.0928 17.9 2.6
      vertex 32.0928 17.9 2
    endloop
  endfacet
  facet normal 0 0 1
    outer loop
      vertex 32.0928 17.9 2.6
      vertex 32.0928 17.1 2.6
      vertex 32.2 17.5 2.6
    endloop
  endfacet
  facet normal 0 0 1
    outer loop
      vertex 31.8 18.1928 2.6
      vertex 32.0928 17.1 2.6
      vertex 32.0928 17.9 2.6
    endloop
  endfacet
  facet normal 0 0 1
    outer loop
      vertex 31.8 18.1928 2.6
      vertex 31.8 16.8072 2.6
      vertex 32.0928 17.1 2.6
    endloop
  endfacet
  facet normal 0 0 1
    outer loop
      vertex 31.4 18.3 2.6
      vertex 31.8 16.8072 2.6
      vertex 31.8 18.1928 2.6
    endloop
  endfacet
  facet normal 0 0 1
    outer loop
      vertex 31.4 18.3 2.6
      vertex 31.4 16.7 2.6
      vertex 31.8 16.8072 2.6
    endloop
  endfacet
  facet normal -0 0 1
    outer loop
      vertex 31 18.1928 2.6
      vertex 31.4 16.7 2.6
      vertex 31.4 18.3 2.6
    endloop
  endfacet
  facet normal 0 0 1
    outer loop
      vertex 31 18.1928 2.6
      vertex 31 16.8072 2.6
      vertex 31.4 16.7 2.6
    endloop
  endfacet
  facet normal -0 0 1
    outer loop
      vertex 30.7072 17.9 2.6
      vertex 31 16.8072 2.6
      vertex 31 18.1928 2.6
    endloop
  endfacet
  facet normal 0 0 1
    outer loop
      vertex 30.7072 17.9 2.6
      vertex 30.7072 17.1 2.6
      vertex 31 16.8072 2.6
    endloop
  endfacet
  facet normal 0 -0 1
    outer loop
      vertex 30.7072 17.1 2.6
      vertex 30.7072 17.9 2.6
      vertex 30.6 17.5 2.6
    endloop
  endfacet
  facet normal 0.707107 -0.707107 0
    outer loop
      vertex 31.8 16.8072 2.6
      vertex 32.0928 17.1 2
      vertex 32.0928 17.1 2.6
    endloop
  endfacet
  facet normal 0.707107 -0.707107 0
    outer loop
      vertex 32.0928 17.1 2
      vertex 31.8 16.8072 2.6
      vertex 31.8 16.8072 2
    endloop
  endfacet
  facet normal 0.258865 0.965914 -0
    outer loop
      vertex 31.8 18.1928 2
      vertex 31.4 18.3 2.6
      vertex 31.8 18.1928 2.6
    endloop
  endfacet
  facet normal 0.258865 0.965914 0
    outer loop
      vertex 31.4 18.3 2.6
      vertex 31.8 18.1928 2
      vertex 31.4 18.3 2
    endloop
  endfacet
  facet normal -0.965914 0.258865 0
    outer loop
      vertex 30.6 17.5 2
      vertex 30.7072 17.9 2.6
      vertex 30.7072 17.9 2
    endloop
  endfacet
  facet normal -0.965914 0.258865 0
    outer loop
      vertex 30.7072 17.9 2.6
      vertex 30.6 17.5 2
      vertex 30.6 17.5 2.6
    endloop
  endfacet
  facet normal -0.965914 -0.258865 0
    outer loop
      vertex 30.7072 17.1 2
      vertex 30.6 17.5 2.6
      vertex 30.6 17.5 2
    endloop
  endfacet
  facet normal -0.965914 -0.258865 0
    outer loop
      vertex 30.6 17.5 2.6
      vertex 30.7072 17.1 2
      vertex 30.7072 17.1 2.6
    endloop
  endfacet
  facet normal -0.707107 0.707107 0
    outer loop
      vertex 30.7072 17.9 2
      vertex 31 18.1928 2.6
      vertex 31 18.1928 2
    endloop
  endfacet
  facet normal -0.707107 0.707107 0
    outer loop
      vertex 31 18.1928 2.6
      vertex 30.7072 17.9 2
      vertex 30.7072 17.9 2.6
    endloop
  endfacet
  facet normal 0.965914 -0.258865 0
    outer loop
      vertex 32.0928 17.1 2.6
      vertex 32.2 17.5 2
      vertex 32.2 17.5 2.6
    endloop
  endfacet
  facet normal 0.965914 -0.258865 0
    outer loop
      vertex 32.2 17.5 2
      vertex 32.0928 17.1 2.6
      vertex 32.0928 17.1 2
    endloop
  endfacet
  facet normal 0.258865 -0.965914 0
    outer loop
      vertex 31.4 16.7 2
      vertex 31.8 16.8072 2.6
      vertex 31.4 16.7 2.6
    endloop
  endfacet
  facet normal 0.258865 -0.965914 0
    outer loop
      vertex 31.8 16.8072 2.6
      vertex 31.4 16.7 2
      vertex 31.8 16.8072 2
    endloop
  endfacet
  facet normal -0.707107 -0.707107 0
    outer loop
      vertex 31 16.8072 2
      vertex 30.7072 17.1 2.6
      vertex 30.7072 17.1 2
    endloop
  endfacet
  facet normal -0.707107 -0.707107 0
    outer loop
      vertex 30.7072 17.1 2.6
      vertex 31 16.8072 2
      vertex 31 16.8072 2.6
    endloop
  endfacet
  facet normal -0.258865 -0.965914 0
    outer loop
      vertex 31 16.8072 2
      vertex 31.4 16.7 2.6
      vertex 31 16.8072 2.6
    endloop
  endfacet
  facet normal -0.258865 -0.965914 -0
    outer loop
      vertex 31.4 16.7 2.6
      vertex 31 16.8072 2
      vertex 31.4 16.7 2
    endloop
  endfacet
  facet normal 0.965914 0.258865 0
    outer loop
      vertex 34.8 17.5 2.6
      vertex 34.6928 17.9 2
      vertex 34.6928 17.9 2.6
    endloop
  endfacet
  facet normal 0.965914 0.258865 0
    outer loop
      vertex 34.6928 17.9 2
      vertex 34.8 17.5 2.6
      vertex 34.8 17.5 2
    endloop
  endfacet
  facet normal -0.258865 0.965914 0
    outer loop
      vertex 34 18.3 2
      vertex 33.6 18.1928 2.6
      vertex 34 18.3 2.6
    endloop
  endfacet
  facet normal -0.258865 0.965914 0
    outer loop
      vertex 33.6 18.1928 2.6
      vertex 34 18.3 2
      vertex 33.6 18.1928 2
    endloop
  endfacet
  facet normal -0.707107 0.707107 0
    outer loop
      vertex 33.3072 17.9 2
      vertex 33.6 18.1928 2.6
      vertex 33.6 18.1928 2
    endloop
  endfacet
  facet normal -0.707107 0.707107 0
    outer loop
      vertex 33.6 18.1928 2.6
      vertex 33.3072 17.9 2
      vertex 33.3072 17.9 2.6
    endloop
  endfacet
  facet normal 0.707107 -0.707107 0
    outer loop
      vertex 34.4 16.8072 2
      vertex 34.6928 17.1 2.6
      vertex 34.4 16.8072 2.6
    endloop
  endfacet
  facet normal 0.707107 -0.707107 0
    outer loop
      vertex 34.6928 17.1 2.6
      vertex 34.4 16.8072 2
      vertex 34.6928 17.1 2
    endloop
  endfacet
  facet normal 0.258865 0.965914 -0
    outer loop
      vertex 34.4 18.1928 2
      vertex 34 18.3 2.6
      vertex 34.4 18.1928 2.6
    endloop
  endfacet
  facet normal 0.258865 0.965914 0
    outer loop
      vertex 34 18.3 2.6
      vertex 34.4 18.1928 2
      vertex 34 18.3 2
    endloop
  endfacet
  facet normal 0.707107 0.707107 -0
    outer loop
      vertex 34.6928 17.9 2
      vertex 34.4 18.1928 2.6
      vertex 34.6928 17.9 2.6
    endloop
  endfacet
  facet normal 0.707107 0.707107 0
    outer loop
      vertex 34.4 18.1928 2.6
      vertex 34.6928 17.9 2
      vertex 34.4 18.1928 2
    endloop
  endfacet
  facet normal -0.965914 0.258865 0
    outer loop
      vertex 33.2 17.5 2
      vertex 33.3072 17.9 2.6
      vertex 33.3072 17.9 2
    endloop
  endfacet
  facet normal -0.965914 0.258865 0
    outer loop
      vertex 33.3072 17.9 2.6
      vertex 33.2 17.5 2
      vertex 33.2 17.5 2.6
    endloop
  endfacet
  facet normal 0 0 1
    outer loop
      vertex 34.6928 17.9 2.6
      vertex 34.6928 17.1 2.6
      vertex 34.8 17.5 2.6
    endloop
  endfacet
  facet normal 0 0 1
    outer loop
      vertex 34.4 18.1928 2.6
      vertex 34.6928 17.1 2.6
      vertex 34.6928 17.9 2.6
    endloop
  endfacet
  facet normal 0 0 1
    outer loop
      vertex 34.4 18.1928 2.6
      vertex 34.4 16.8072 2.6
      vertex 34.6928 17.1 2.6
    endloop
  endfacet
  facet normal 0 0 1
    outer loop
      vertex 34 18.3 2.6
      vertex 34.4 16.8072 2.6
      vertex 34.4 18.1928 2.6
    endloop
  endfacet
  facet normal 0 0 1
    outer loop
      vertex 34 18.3 2.6
      vertex 34 16.7 2.6
      vertex 34.4 16.8072 2.6
    endloop
  endfacet
  facet normal -0 0 1
    outer loop
      vertex 33.6 18.1928 2.6
      vertex 34 16.7 2.6
      vertex 34 18.3 2.6
    endloop
  endfacet
  facet normal 0 0 1
    outer loop
      vertex 33.6 18.1928 2.6
      vertex 33.6 16.8072 2.6
      vertex 34 16.7 2.6
    endloop
  endfacet
  facet normal -0 0 1
    outer loop
      vertex 33.3072 17.9 2.6
      vertex 33.6 16.8072 2.6
      vertex 33.6 18.1928 2.6
    endloop
  endfacet
  facet normal 0 0 1
    outer loop
      vertex 33.3072 17.9 2.6
      vertex 33.3072 17.1 2.6
      vertex 33.6 16.8072 2.6
    endloop
  endfacet
  facet normal 0 -0 1
    outer loop
      vertex 33.3072 17.1 2.6
      vertex 33.3072 17.9 2.6
      vertex 33.2 17.5 2.6
    endloop
  endfacet
  facet normal 0.965914 -0.258865 0
    outer loop
      vertex 34.6928 17.1 2.6
      vertex 34.8 17.5 2
      vertex 34.8 17.5 2.6
    endloop
  endfacet
  facet normal 0.965914 -0.258865 0
    outer loop
      vertex 34.8 17.5 2
      vertex 34.6928 17.1 2.6
      vertex 34.6928 17.1 2
    endloop
  endfacet
  facet normal 0.258865 -0.965914 0
    outer loop
      vertex 34 16.7 2
      vertex 34.4 16.8072 2.6
      vertex 34 16.7 2.6
    endloop
  endfacet
  facet normal 0.258865 -0.965914 0
    outer loop
      vertex 34.4 16.8072 2.6
      vertex 34 16.7 2
      vertex 34.4 16.8072 2
    endloop
  endfacet
  facet normal -0.707107 -0.707107 0
    outer loop
      vertex 33.6 16.8072 2
      vertex 33.3072 17.1 2.6
      vertex 33.3072 17.1 2
    endloop
  endfacet
  facet normal -0.707107 -0.707107 0
    outer loop
      vertex 33.3072 17.1 2.6
      vertex 33.6 16.8072 2
      vertex 33.6 16.8072 2.6
    endloop
  endfacet
  facet normal -0.965914 -0.258865 0
    outer loop
      vertex 33.3072 17.1 2
      vertex 33.2 17.5 2.6
      vertex 33.2 17.5 2
    endloop
  endfacet
  facet normal -0.965914 -0.258865 0
    outer loop
      vertex 33.2 17.5 2.6
      vertex 33.3072 17.1 2
      vertex 33.3072 17.1 2.6
    endloop
  endfacet
  facet normal -0.258865 -0.965914 0
    outer loop
      vertex 33.6 16.8072 2
      vertex 34 16.7 2.6
      vertex 33.6 16.8072 2.6
    endloop
  endfacet
  facet normal -0.258865 -0.965914 -0
    outer loop
      vertex 34 16.7 2.6
      vertex 33.6 16.8072 2
      vertex 34 16.7 2
    endloop
  endfacet
  facet normal 0.999465 0.032706 0
    outer loop
      vertex 73.75 0 8
      vertex 73.721 0.886212 0
      vertex 73.721 0.886212 8
    endloop
  endfacet
  facet normal 0.999465 0.032706 0
    outer loop
      vertex 73.721 0.886212 0
      vertex 73.75 0 8
      vertex 73.75 0 0
    endloop
  endfacet
  facet normal -0.999465 0.032706 0
    outer loop
      vertex 46.65 0 2
      vertex 46.679 0.886212 8
      vertex 46.679 0.886212 2
    endloop
  endfacet
  facet normal -0.999465 0.032706 0
    outer loop
      vertex 46.679 0.886212 8
      vertex 46.65 0 2
      vertex 46.65 0 8
    endloop
  endfacet
  facet normal 0.0327065 0.999465 -0
    outer loop
      vertex 61.0862 13.521 2
      vertex 60.2 13.55 8
      vertex 61.0862 13.521 8
    endloop
  endfacet
  facet normal 0.0327065 0.999465 0
    outer loop
      vertex 60.2 13.55 8
      vertex 61.0862 13.521 2
      vertex 60.2 13.55 2
    endloop
  endfacet
  facet normal 0.683551 0.729903 -0
    outer loop
      vertex 69.7813 9.5813 0
      vertex 69.1341 10.1874 8
      vertex 69.7813 9.5813 8
    endloop
  endfacet
  facet normal 0.683551 0.729903 0
    outer loop
      vertex 69.1341 10.1874 8
      vertex 69.7813 9.5813 0
      vertex 69.1341 10.1874 0
    endloop
  endfacet
  facet normal -0.683551 0.729903 0
    outer loop
      vertex 51.2659 10.1874 0
      vertex 50.6187 9.5813 8
      vertex 51.2659 10.1874 8
    endloop
  endfacet
  facet normal -0.683551 0.729903 0
    outer loop
      vertex 50.6187 9.5813 8
      vertex 51.2659 10.1874 0
      vertex 50.6187 9.5813 0
    endloop
  endfacet
  facet normal -0.352264 0.935901 0
    outer loop
      vertex 55.0982 12.55 2
      vertex 55.8445 12.8309 8
      vertex 55.8445 12.8309 2
    endloop
  endfacet
  facet normal -0.352198 0.935925 -9.28896e-06
    outer loop
      vertex 55.8445 12.8309 8
      vertex 55.0982 12.55 2
      vertex 55.0146 12.5186 8
    endloop
  endfacet
  facet normal -0.351614 0.936145 0
    outer loop
      vertex 55.0146 12.5186 0
      vertex 55.0982 12.55 2
      vertex 55.0982 12.55 0
    endloop
  endfacet
  facet normal -0.351614 0.936145 0
    outer loop
      vertex 55.0982 12.55 2
      vertex 55.0146 12.5186 0
      vertex 55.0146 12.5186 8
    endloop
  endfacet
  facet normal 0.910839 0.412762 0
    outer loop
      vertex 72.7186 5.18536 8
      vertex 72.3526 5.99301 0
      vertex 72.3526 5.99301 8
    endloop
  endfacet
  facet normal 0.910839 0.412762 0
    outer loop
      vertex 72.3526 5.99301 0
      vertex 72.7186 5.18536 8
      vertex 72.7186 5.18536 0
    endloop
  endfacet
  facet normal 0.352198 0.935925 -9.28896e-06
    outer loop
      vertex 65.3854 12.5186 8
      vertex 65.3018 12.55 2
      vertex 64.5555 12.8309 8
    endloop
  endfacet
  facet normal 0.351614 0.936145 -0
    outer loop
      vertex 65.3854 12.5186 0
      vertex 65.3018 12.55 2
      vertex 65.3854 12.5186 8
    endloop
  endfacet
  facet normal 0.351614 0.936145 0
    outer loop
      vertex 65.3018 12.55 2
      vertex 65.3854 12.5186 0
      vertex 65.3018 12.55 0
    endloop
  endfacet
  facet normal 0.352264 0.935901 0
    outer loop
      vertex 64.5555 12.8309 8
      vertex 65.3018 12.55 2
      vertex 64.5555 12.8309 2
    endloop
  endfacet
  facet normal 0.528031 0.849225 -0
    outer loop
      vertex 67.728 11.2664 0
      vertex 66.975 11.7346 8
      vertex 67.728 11.2664 8
    endloop
  endfacet
  facet normal 0.528031 0.849225 0
    outer loop
      vertex 66.975 11.7346 8
      vertex 67.728 11.2664 0
      vertex 66.975 11.7346 0
    endloop
  endfacet
  facet normal -0.910839 0.412762 0
    outer loop
      vertex 47.6814 5.18536 0
      vertex 48.0474 5.99301 8
      vertex 48.0474 5.99301 0
    endloop
  endfacet
  facet normal -0.910839 0.412762 0
    outer loop
      vertex 48.0474 5.99301 8
      vertex 47.6814 5.18536 0
      vertex 47.6814 5.18536 8
    endloop
  endfacet
  facet normal -0.162954 0.986634 0
    outer loop
      vertex 58.4314 13.4341 2
      vertex 57.5565 13.2896 8
      vertex 58.4314 13.4341 8
    endloop
  endfacet
  facet normal -0.162954 0.986634 0
    outer loop
      vertex 57.5565 13.2896 8
      vertex 58.4314 13.4341 2
      vertex 57.5565 13.2896 2
    endloop
  endfacet
  facet normal 0.973889 0.227026 0
    outer loop
      vertex 73.4896 2.64347 8
      vertex 73.2883 3.507 0
      vertex 73.2883 3.507 8
    endloop
  endfacet
  facet normal 0.973889 0.227026 0
    outer loop
      vertex 73.2883 3.507 0
      vertex 73.4896 2.64347 8
      vertex 73.4896 2.64347 0
    endloop
  endfacet
  facet normal 0.956937 0.290295 0
    outer loop
      vertex 73.2883 3.507 8
      vertex 73.0309 4.3555 0
      vertex 73.0309 4.3555 8
    endloop
  endfacet
  facet normal 0.956937 0.290295 0
    outer loop
      vertex 73.0309 4.3555 0
      vertex 73.2883 3.507 8
      vertex 73.2883 3.507 0
    endloop
  endfacet
  facet normal 0.812833 0.582496 0
    outer loop
      vertex 71.4664 7.52798 8
      vertex 70.9499 8.24872 0
      vertex 70.9499 8.24872 8
    endloop
  endfacet
  facet normal 0.812833 0.582496 0
    outer loop
      vertex 70.9499 8.24872 0
      vertex 71.4664 7.52798 8
      vertex 71.4664 7.52798 0
    endloop
  endfacet
  facet normal 0.773016 0.634387 0
    outer loop
      vertex 70.9499 8.24872 8
      vertex 70.3874 8.93414 0
      vertex 70.3874 8.93414 8
    endloop
  endfacet
  facet normal 0.773016 0.634387 0
    outer loop
      vertex 70.3874 8.93414 0
      vertex 70.9499 8.24872 8
      vertex 70.9499 8.24872 0
    endloop
  endfacet
  facet normal 0.881913 0.471412 0
    outer loop
      vertex 72.3526 5.99301 8
      vertex 71.9346 6.775 0
      vertex 71.9346 6.775 8
    endloop
  endfacet
  facet normal 0.881913 0.471412 0
    outer loop
      vertex 71.9346 6.775 0
      vertex 72.3526 5.99301 8
      vertex 72.3526 5.99301 0
    endloop
  endfacet
  facet normal 0.227034 0.973887 -0
    outer loop
      vertex 63.707 13.0883 2
      vertex 62.8435 13.2896 8
      vertex 63.707 13.0883 8
    endloop
  endfacet
  facet normal 0.227034 0.973887 0
    outer loop
      vertex 62.8435 13.2896 8
      vertex 63.707 13.0883 2
      vertex 62.8435 13.2896 2
    endloop
  endfacet
  facet normal 0.290295 0.956937 -0
    outer loop
      vertex 64.5555 12.8309 2
      vertex 63.707 13.0883 8
      vertex 64.5555 12.8309 8
    endloop
  endfacet
  facet normal 0.290295 0.956937 0
    outer loop
      vertex 63.707 13.0883 8
      vertex 64.5555 12.8309 2
      vertex 63.707 13.0883 2
    endloop
  endfacet
  facet normal 0.162954 0.986634 -0
    outer loop
      vertex 62.8435 13.2896 2
      vertex 61.9686 13.4341 8
      vertex 62.8435 13.2896 8
    endloop
  endfacet
  facet normal 0.162954 0.986634 0
    outer loop
      vertex 61.9686 13.4341 8
      vertex 62.8435 13.2896 2
      vertex 61.9686 13.4341 2
    endloop
  endfacet
  facet normal 0.471408 0.881916 -0
    outer loop
      vertex 66.975 11.7346 0
      vertex 66.193 12.1526 8
      vertex 66.975 11.7346 8
    endloop
  endfacet
  facet normal 0.471408 0.881916 0
    outer loop
      vertex 66.193 12.1526 8
      vertex 66.975 11.7346 0
      vertex 66.193 12.1526 0
    endloop
  endfacet
  facet normal 0.634398 0.773007 -0
    outer loop
      vertex 69.1341 10.1874 0
      vertex 68.4487 10.7499 8
      vertex 69.1341 10.1874 8
    endloop
  endfacet
  facet normal 0.634398 0.773007 0
    outer loop
      vertex 68.4487 10.7499 8
      vertex 69.1341 10.1874 0
      vertex 68.4487 10.7499 0
    endloop
  endfacet
  facet normal -0.973884 0.227047 0
    outer loop
      vertex 46.9935 3 2
      vertex 47.1117 3.507 0
      vertex 46.9935 3 0
    endloop
  endfacet
  facet normal -0.973884 0.227047 0
    outer loop
      vertex 47.1117 3.507 0
      vertex 46.9935 3 2
      vertex 47.1117 3.507 8
    endloop
  endfacet
  facet normal -0.973896 0.226996 0
    outer loop
      vertex 46.9104 2.64347 8
      vertex 46.9935 3 2
      vertex 46.9104 2.64347 2
    endloop
  endfacet
  facet normal -0.973889 0.227026 1.90711e-06
    outer loop
      vertex 46.9935 3 2
      vertex 46.9104 2.64347 8
      vertex 47.1117 3.507 8
    endloop
  endfacet
  facet normal -0.812833 0.582496 0
    outer loop
      vertex 48.9336 7.52798 0
      vertex 49.4501 8.24872 8
      vertex 49.4501 8.24872 0
    endloop
  endfacet
  facet normal -0.812833 0.582496 0
    outer loop
      vertex 49.4501 8.24872 8
      vertex 48.9336 7.52798 0
      vertex 48.9336 7.52798 8
    endloop
  endfacet
  facet normal -0.849219 0.528041 0
    outer loop
      vertex 48.4654 6.775 0
      vertex 48.9336 7.52798 8
      vertex 48.9336 7.52798 0
    endloop
  endfacet
  facet normal -0.849219 0.528041 0
    outer loop
      vertex 48.9336 7.52798 8
      vertex 48.4654 6.775 0
      vertex 48.4654 6.775 8
    endloop
  endfacet
  facet normal -0.93592 0.352213 0
    outer loop
      vertex 47.3691 4.3555 0
      vertex 47.6814 5.18536 8
      vertex 47.6814 5.18536 0
    endloop
  endfacet
  facet normal -0.93592 0.352213 0
    outer loop
      vertex 47.6814 5.18536 8
      vertex 47.3691 4.3555 0
      vertex 47.3691 4.3555 8
    endloop
  endfacet
  facet normal -0.986632 0.162965 0
    outer loop
      vertex 46.7659 1.76863 2
      vertex 46.9104 2.64347 8
      vertex 46.9104 2.64347 2
    endloop
  endfacet
  facet normal -0.986632 0.162965 0
    outer loop
      vertex 46.9104 2.64347 8
      vertex 46.7659 1.76863 2
      vertex 46.7659 1.76863 8
    endloop
  endfacet
  facet normal -0.528031 0.849225 0
    outer loop
      vertex 53.425 11.7346 0
      vertex 52.672 11.2664 8
      vertex 53.425 11.7346 8
    endloop
  endfacet
  facet normal -0.528031 0.849225 0
    outer loop
      vertex 52.672 11.2664 8
      vertex 53.425 11.7346 0
      vertex 52.672 11.2664 0
    endloop
  endfacet
  facet normal -0.582518 0.812818 0
    outer loop
      vertex 52.672 11.2664 0
      vertex 51.9513 10.7499 8
      vertex 52.672 11.2664 8
    endloop
  endfacet
  facet normal -0.582518 0.812818 0
    outer loop
      vertex 51.9513 10.7499 8
      vertex 52.672 11.2664 0
      vertex 51.9513 10.7499 0
    endloop
  endfacet
  facet normal -0.0980073 0.995186 0
    outer loop
      vertex 59.3138 13.521 2
      vertex 58.4314 13.4341 8
      vertex 59.3138 13.521 8
    endloop
  endfacet
  facet normal -0.0980073 0.995186 0
    outer loop
      vertex 58.4314 13.4341 8
      vertex 59.3138 13.521 2
      vertex 58.4314 13.4341 2
    endloop
  endfacet
  facet normal 0.634398 -0.773007 0
    outer loop
      vertex 68.4487 -10.7499 0
      vertex 69.1341 -10.1874 8
      vertex 68.4487 -10.7499 8
    endloop
  endfacet
  facet normal 0.634398 -0.773007 0
    outer loop
      vertex 69.1341 -10.1874 8
      vertex 68.4487 -10.7499 0
      vertex 69.1341 -10.1874 0
    endloop
  endfacet
  facet normal 0.471408 -0.881916 0
    outer loop
      vertex 66.193 -12.1526 0
      vertex 66.975 -11.7346 8
      vertex 66.193 -12.1526 8
    endloop
  endfacet
  facet normal 0.471408 -0.881916 0
    outer loop
      vertex 66.975 -11.7346 8
      vertex 66.193 -12.1526 0
      vertex 66.975 -11.7346 0
    endloop
  endfacet
  facet normal 0.773016 -0.634387 0
    outer loop
      vertex 70.3874 -8.93414 8
      vertex 70.9499 -8.24872 0
      vertex 70.9499 -8.24872 8
    endloop
  endfacet
  facet normal 0.773016 -0.634387 0
    outer loop
      vertex 70.9499 -8.24872 0
      vertex 70.3874 -8.93414 8
      vertex 70.3874 -8.93414 0
    endloop
  endfacet
  facet normal 0.881913 -0.471412 0
    outer loop
      vertex 71.9346 -6.775 8
      vertex 72.3526 -5.99301 0
      vertex 72.3526 -5.99301 8
    endloop
  endfacet
  facet normal 0.881913 -0.471412 0
    outer loop
      vertex 72.3526 -5.99301 0
      vertex 71.9346 -6.775 8
      vertex 71.9346 -6.775 0
    endloop
  endfacet
  facet normal -0.528031 -0.849225 0
    outer loop
      vertex 52.672 -11.2664 0
      vertex 53.425 -11.7346 8
      vertex 52.672 -11.2664 8
    endloop
  endfacet
  facet normal -0.528031 -0.849225 -0
    outer loop
      vertex 53.425 -11.7346 8
      vertex 52.672 -11.2664 0
      vertex 53.425 -11.7346 0
    endloop
  endfacet
  facet normal -0.352198 -0.935925 0
    outer loop
      vertex 55.0146 -12.5186 0
      vertex 55.8445 -12.8309 8
      vertex 55.0146 -12.5186 8
    endloop
  endfacet
  facet normal -0.352198 -0.935925 -0
    outer loop
      vertex 55.8445 -12.8309 8
      vertex 55.0146 -12.5186 0
      vertex 55.8445 -12.8309 0
    endloop
  endfacet
  facet normal -0.162954 -0.986634 0
    outer loop
      vertex 57.5565 -13.2896 0
      vertex 58.4314 -13.4341 8
      vertex 57.5565 -13.2896 8
    endloop
  endfacet
  facet normal -0.162954 -0.986634 -0
    outer loop
      vertex 58.4314 -13.4341 8
      vertex 57.5565 -13.2896 0
      vertex 58.4314 -13.4341 0
    endloop
  endfacet
  facet normal -0.812833 -0.582496 0
    outer loop
      vertex 49.4501 -8.24872 0
      vertex 48.9336 -7.52798 8
      vertex 48.9336 -7.52798 0
    endloop
  endfacet
  facet normal -0.812833 -0.582496 0
    outer loop
      vertex 48.9336 -7.52798 8
      vertex 49.4501 -8.24872 0
      vertex 49.4501 -8.24872 8
    endloop
  endfacet
  facet normal 0.986632 0.162965 0
    outer loop
      vertex 73.6341 1.76863 8
      vertex 73.4896 2.64347 0
      vertex 73.4896 2.64347 8
    endloop
  endfacet
  facet normal 0.986632 0.162965 0
    outer loop
      vertex 73.4896 2.64347 0
      vertex 73.6341 1.76863 8
      vertex 73.6341 1.76863 0
    endloop
  endfacet
  facet normal 0.995186 0.0980053 0
    outer loop
      vertex 73.721 0.886212 8
      vertex 73.6341 1.76863 0
      vertex 73.6341 1.76863 8
    endloop
  endfacet
  facet normal 0.995186 0.0980053 0
    outer loop
      vertex 73.6341 1.76863 0
      vertex 73.721 0.886212 8
      vertex 73.721 0.886212 0
    endloop
  endfacet
  facet normal 0.93592 0.352213 0
    outer loop
      vertex 73.0309 4.3555 8
      vertex 72.7186 5.18536 0
      vertex 72.7186 5.18536 8
    endloop
  endfacet
  facet normal 0.93592 0.352213 0
    outer loop
      vertex 72.7186 5.18536 0
      vertex 73.0309 4.3555 8
      vertex 73.0309 4.3555 0
    endloop
  endfacet
  facet normal 0.729882 0.683573 0
    outer loop
      vertex 70.3874 8.93414 8
      vertex 69.7813 9.5813 0
      vertex 69.7813 9.5813 8
    endloop
  endfacet
  facet normal 0.729882 0.683573 0
    outer loop
      vertex 69.7813 9.5813 0
      vertex 70.3874 8.93414 8
      vertex 70.3874 8.93414 0
    endloop
  endfacet
  facet normal 0.849219 0.528041 0
    outer loop
      vertex 71.9346 6.775 8
      vertex 71.4664 7.52798 0
      vertex 71.4664 7.52798 8
    endloop
  endfacet
  facet normal 0.849219 0.528041 0
    outer loop
      vertex 71.4664 7.52798 0
      vertex 71.9346 6.775 8
      vertex 71.9346 6.775 0
    endloop
  endfacet
  facet normal 0.0980073 0.995186 -0
    outer loop
      vertex 61.9686 13.4341 2
      vertex 61.0862 13.521 8
      vertex 61.9686 13.4341 8
    endloop
  endfacet
  facet normal 0.0980073 0.995186 0
    outer loop
      vertex 61.0862 13.521 8
      vertex 61.9686 13.4341 2
      vertex 61.0862 13.521 2
    endloop
  endfacet
  facet normal 0.412783 0.910829 -0
    outer loop
      vertex 66.193 12.1526 0
      vertex 65.3854 12.5186 8
      vertex 66.193 12.1526 8
    endloop
  endfacet
  facet normal 0.412783 0.910829 0
    outer loop
      vertex 65.3854 12.5186 8
      vertex 66.193 12.1526 0
      vertex 65.3854 12.5186 0
    endloop
  endfacet
  facet normal 0.582518 0.812818 -0
    outer loop
      vertex 68.4487 10.7499 0
      vertex 67.728 11.2664 8
      vertex 68.4487 10.7499 8
    endloop
  endfacet
  facet normal 0.582518 0.812818 0
    outer loop
      vertex 67.728 11.2664 8
      vertex 68.4487 10.7499 0
      vertex 67.728 11.2664 0
    endloop
  endfacet
  facet normal -0.773016 0.634387 0
    outer loop
      vertex 49.4501 8.24872 0
      vertex 50.0126 8.93414 8
      vertex 50.0126 8.93414 0
    endloop
  endfacet
  facet normal -0.773016 0.634387 0
    outer loop
      vertex 50.0126 8.93414 8
      vertex 49.4501 8.24872 0
      vertex 49.4501 8.24872 8
    endloop
  endfacet
  facet normal -0.729882 0.683573 0
    outer loop
      vertex 50.0126 8.93414 0
      vertex 50.6187 9.5813 8
      vertex 50.6187 9.5813 0
    endloop
  endfacet
  facet normal -0.729882 0.683573 0
    outer loop
      vertex 50.6187 9.5813 8
      vertex 50.0126 8.93414 0
      vertex 50.0126 8.93414 8
    endloop
  endfacet
  facet normal -0.881913 0.471412 0
    outer loop
      vertex 48.0474 5.99301 0
      vertex 48.4654 6.775 8
      vertex 48.4654 6.775 0
    endloop
  endfacet
  facet normal -0.881913 0.471412 0
    outer loop
      vertex 48.4654 6.775 8
      vertex 48.0474 5.99301 0
      vertex 48.0474 5.99301 8
    endloop
  endfacet
  facet normal -0.956937 0.290295 0
    outer loop
      vertex 47.1117 3.507 0
      vertex 47.3691 4.3555 8
      vertex 47.3691 4.3555 0
    endloop
  endfacet
  facet normal -0.956937 0.290295 0
    outer loop
      vertex 47.3691 4.3555 8
      vertex 47.1117 3.507 0
      vertex 47.1117 3.507 8
    endloop
  endfacet
  facet normal -0.995186 0.0980053 0
    outer loop
      vertex 46.679 0.886212 2
      vertex 46.7659 1.76863 8
      vertex 46.7659 1.76863 2
    endloop
  endfacet
  facet normal -0.995186 0.0980053 0
    outer loop
      vertex 46.7659 1.76863 8
      vertex 46.679 0.886212 2
      vertex 46.679 0.886212 8
    endloop
  endfacet
  facet normal 0 0 1
    outer loop
      vertex 71.35 0 8
      vertex 73.75 0 8
      vertex 73.721 0.886212 8
    endloop
  endfacet
  facet normal 0 0 1
    outer loop
      vertex 71.3261 0.729244 8
      vertex 73.721 0.886212 8
      vertex 73.6341 1.76863 8
    endloop
  endfacet
  facet normal 0 0 1
    outer loop
      vertex 73.75 0 8
      vertex 71.35 0 8
      vertex 73.721 -0.886212 8
    endloop
  endfacet
  facet normal 0 0 1
    outer loop
      vertex 71.2546 1.45537 8
      vertex 73.6341 1.76863 8
      vertex 73.4896 2.64347 8
    endloop
  endfacet
  facet normal -0 0 1
    outer loop
      vertex 71.3261 -0.729244 8
      vertex 73.721 -0.886212 8
      vertex 71.35 0 8
    endloop
  endfacet
  facet normal 0 0 1
    outer loop
      vertex 71.1358 2.17526 8
      vertex 73.4896 2.64347 8
      vertex 73.2883 3.507 8
    endloop
  endfacet
  facet normal 0 0 1
    outer loop
      vertex 73.721 -0.886212 8
      vertex 71.3261 -0.729244 8
      vertex 73.6341 -1.76863 8
    endloop
  endfacet
  facet normal 0 0 1
    outer loop
      vertex 70.9701 2.88583 8
      vertex 73.2883 3.507 8
      vertex 73.0309 4.3555 8
    endloop
  endfacet
  facet normal -0 0 1
    outer loop
      vertex 71.2546 -1.45537 8
      vertex 73.6341 -1.76863 8
      vertex 71.3261 -0.729244 8
    endloop
  endfacet
  facet normal 0 0 1
    outer loop
      vertex 70.7583 3.58405 8
      vertex 73.0309 4.3555 8
      vertex 72.7186 5.18536 8
    endloop
  endfacet
  facet normal 0 0 1
    outer loop
      vertex 73.6341 -1.76863 8
      vertex 71.2546 -1.45537 8
      vertex 73.4896 -2.64347 8
    endloop
  endfacet
  facet normal 0 0 1
    outer loop
      vertex 70.5013 4.26692 8
      vertex 72.7186 5.18536 8
      vertex 72.3526 5.99301 8
    endloop
  endfacet
  facet normal -0 0 1
    outer loop
      vertex 71.1358 -2.17526 8
      vertex 73.4896 -2.64347 8
      vertex 71.2546 -1.45537 8
    endloop
  endfacet
  facet normal 0 0 1
    outer loop
      vertex 70.2001 4.93152 8
      vertex 72.3526 5.99301 8
      vertex 71.9346 6.775 8
    endloop
  endfacet
  facet normal 0 0 1
    outer loop
      vertex 73.4896 -2.64347 8
      vertex 71.1358 -2.17526 8
      vertex 73.2883 -3.507 8
    endloop
  endfacet
  facet normal 0 0 1
    outer loop
      vertex 69.8562 5.575 8
      vertex 71.9346 6.775 8
      vertex 71.4664 7.52798 8
    endloop
  endfacet
  facet normal -0 0 1
    outer loop
      vertex 70.9701 -2.88583 8
      vertex 73.2883 -3.507 8
      vertex 71.1358 -2.17526 8
    endloop
  endfacet
  facet normal 0 0 1
    outer loop
      vertex 73.2883 -3.507 8
      vertex 70.9701 -2.88583 8
      vertex 73.0309 -4.3555 8
    endloop
  endfacet
  facet normal 0 0 1
    outer loop
      vertex 73.721 0.886212 8
      vertex 71.3261 0.729244 8
      vertex 71.35 0 8
    endloop
  endfacet
  facet normal 0 0 1
    outer loop
      vertex 73.6341 1.76863 8
      vertex 71.2546 1.45537 8
      vertex 71.3261 0.729244 8
    endloop
  endfacet
  facet normal 0 0 1
    outer loop
      vertex 73.4896 2.64347 8
      vertex 71.1358 2.17526 8
      vertex 71.2546 1.45537 8
    endloop
  endfacet
  facet normal 0 0 1
    outer loop
      vertex 73.2883 3.507 8
      vertex 70.9701 2.88583 8
      vertex 71.1358 2.17526 8
    endloop
  endfacet
  facet normal 0 0 1
    outer loop
      vertex 69.4709 6.19461 8
      vertex 71.4664 7.52798 8
      vertex 70.9499 8.24872 8
    endloop
  endfacet
  facet normal 0 0 1
    outer loop
      vertex 73.0309 4.3555 8
      vertex 70.7583 3.58405 8
      vertex 70.9701 2.88583 8
    endloop
  endfacet
  facet normal 0 0 1
    outer loop
      vertex 72.7186 5.18536 8
      vertex 70.5013 4.26692 8
      vertex 70.7583 3.58405 8
    endloop
  endfacet
  facet normal 0 0 1
    outer loop
      vertex 69.0459 6.78769 8
      vertex 70.9499 8.24872 8
      vertex 70.3874 8.93414 8
    endloop
  endfacet
  facet normal 0 0 1
    outer loop
      vertex 72.3526 5.99301 8
      vertex 70.2001 4.93152 8
      vertex 70.5013 4.26692 8
    endloop
  endfacet
  facet normal 0 0 1
    outer loop
      vertex 71.9346 6.775 8
      vertex 69.8562 5.575 8
      vertex 70.2001 4.93152 8
    endloop
  endfacet
  facet normal 0 0 1
    outer loop
      vertex 68.583 7.35171 8
      vertex 70.3874 8.93414 8
      vertex 69.7813 9.5813 8
    endloop
  endfacet
  facet normal 0 0 1
    outer loop
      vertex 71.4664 7.52798 8
      vertex 69.4709 6.19461 8
      vertex 69.8562 5.575 8
    endloop
  endfacet
  facet normal 0 0 1
    outer loop
      vertex 68.0842 7.88424 8
      vertex 69.7813 9.5813 8
      vertex 69.1341 10.1874 8
    endloop
  endfacet
  facet normal 0 0 1
    outer loop
      vertex 70.9499 8.24872 8
      vertex 69.0459 6.78769 8
      vertex 69.4709 6.19461 8
    endloop
  endfacet
  facet normal 0 0 1
    outer loop
      vertex 70.3874 8.93414 8
      vertex 68.583 7.35171 8
      vertex 69.0459 6.78769 8
    endloop
  endfacet
  facet normal 0 0 1
    outer loop
      vertex 67.5517 8.38301 8
      vertex 69.1341 10.1874 8
      vertex 68.4487 10.7499 8
    endloop
  endfacet
  facet normal 0 0 1
    outer loop
      vertex 69.7813 9.5813 8
      vertex 68.0842 7.88424 8
      vertex 68.583 7.35171 8
    endloop
  endfacet
  facet normal 0 0 1
    outer loop
      vertex 66.9877 8.84589 8
      vertex 68.4487 10.7499 8
      vertex 67.728 11.2664 8
    endloop
  endfacet
  facet normal 0 0 1
    outer loop
      vertex 69.1341 10.1874 8
      vertex 67.5517 8.38301 8
      vertex 68.0842 7.88424 8
    endloop
  endfacet
  facet normal 0 0 1
    outer loop
      vertex 68.4487 10.7499 8
      vertex 66.9877 8.84589 8
      vertex 67.5517 8.38301 8
    endloop
  endfacet
  facet normal 0 0 1
    outer loop
      vertex 66.3946 9.27089 8
      vertex 67.728 11.2664 8
      vertex 66.975 11.7346 8
    endloop
  endfacet
  facet normal 0 0 1
    outer loop
      vertex 67.728 11.2664 8
      vertex 66.3946 9.27089 8
      vertex 66.9877 8.84589 8
    endloop
  endfacet
  facet normal 0 0 1
    outer loop
      vertex 65.775 9.65618 8
      vertex 66.975 11.7346 8
      vertex 66.193 12.1526 8
    endloop
  endfacet
  facet normal 0 0 1
    outer loop
      vertex 66.975 11.7346 8
      vertex 65.775 9.65618 8
      vertex 66.3946 9.27089 8
    endloop
  endfacet
  facet normal 0 0 1
    outer loop
      vertex 65.1315 10.0001 8
      vertex 66.193 12.1526 8
      vertex 65.3854 12.5186 8
    endloop
  endfacet
  facet normal 0 0 1
    outer loop
      vertex 66.193 12.1526 8
      vertex 65.1315 10.0001 8
      vertex 65.775 9.65618 8
    endloop
  endfacet
  facet normal 0 0 1
    outer loop
      vertex 64.4669 10.3013 8
      vertex 65.3854 12.5186 8
      vertex 64.5555 12.8309 8
    endloop
  endfacet
  facet normal 0 0 1
    outer loop
      vertex 65.3854 12.5186 8
      vertex 64.4669 10.3013 8
      vertex 65.1315 10.0001 8
    endloop
  endfacet
  facet normal 0 0 1
    outer loop
      vertex 64.5555 12.8309 8
      vertex 63.784 10.5583 8
      vertex 64.4669 10.3013 8
    endloop
  endfacet
  facet normal 0 0 1
    outer loop
      vertex 63.707 13.0883 8
      vertex 63.784 10.5583 8
      vertex 64.5555 12.8309 8
    endloop
  endfacet
  facet normal 0 0 1
    outer loop
      vertex 63.707 13.0883 8
      vertex 63.0858 10.7701 8
      vertex 63.784 10.5583 8
    endloop
  endfacet
  facet normal 0 0 1
    outer loop
      vertex 62.8435 13.2896 8
      vertex 63.0858 10.7701 8
      vertex 63.707 13.0883 8
    endloop
  endfacet
  facet normal 0 0 1
    outer loop
      vertex 62.8435 13.2896 8
      vertex 62.3753 10.9358 8
      vertex 63.0858 10.7701 8
    endloop
  endfacet
  facet normal 0 0 1
    outer loop
      vertex 61.9686 13.4341 8
      vertex 62.3753 10.9358 8
      vertex 62.8435 13.2896 8
    endloop
  endfacet
  facet normal 0 0 1
    outer loop
      vertex 61.9686 13.4341 8
      vertex 61.6554 11.0546 8
      vertex 62.3753 10.9358 8
    endloop
  endfacet
  facet normal 0 0 1
    outer loop
      vertex 61.0862 13.521 8
      vertex 61.6554 11.0546 8
      vertex 61.9686 13.4341 8
    endloop
  endfacet
  facet normal 0 0 1
    outer loop
      vertex 61.0862 13.521 8
      vertex 60.9292 11.1261 8
      vertex 61.6554 11.0546 8
    endloop
  endfacet
  facet normal 0 0 1
    outer loop
      vertex 60.2 13.55 8
      vertex 60.9292 11.1261 8
      vertex 61.0862 13.521 8
    endloop
  endfacet
  facet normal 0 0 1
    outer loop
      vertex 60.2 13.55 8
      vertex 60.2 11.15 8
      vertex 60.9292 11.1261 8
    endloop
  endfacet
  facet normal 0 0 1
    outer loop
      vertex 60.2 13.55 8
      vertex 59.4708 11.1261 8
      vertex 60.2 11.15 8
    endloop
  endfacet
  facet normal -0 0 1
    outer loop
      vertex 59.3138 13.521 8
      vertex 59.4708 11.1261 8
      vertex 60.2 13.55 8
    endloop
  endfacet
  facet normal 0 0 1
    outer loop
      vertex 59.3138 13.521 8
      vertex 58.7446 11.0546 8
      vertex 59.4708 11.1261 8
    endloop
  endfacet
  facet normal -0 0 1
    outer loop
      vertex 58.4314 13.4341 8
      vertex 58.7446 11.0546 8
      vertex 59.3138 13.521 8
    endloop
  endfacet
  facet normal 0 0 1
    outer loop
      vertex 58.4314 13.4341 8
      vertex 58.0247 10.9358 8
      vertex 58.7446 11.0546 8
    endloop
  endfacet
  facet normal -0 0 1
    outer loop
      vertex 57.5565 13.2896 8
      vertex 58.0247 10.9358 8
      vertex 58.4314 13.4341 8
    endloop
  endfacet
  facet normal 0 0 1
    outer loop
      vertex 57.5565 13.2896 8
      vertex 57.3142 10.7701 8
      vertex 58.0247 10.9358 8
    endloop
  endfacet
  facet normal -0 0 1
    outer loop
      vertex 56.693 13.0883 8
      vertex 57.3142 10.7701 8
      vertex 57.5565 13.2896 8
    endloop
  endfacet
  facet normal 0 0 1
    outer loop
      vertex 56.693 13.0883 8
      vertex 56.616 10.5583 8
      vertex 57.3142 10.7701 8
    endloop
  endfacet
  facet normal -0 0 1
    outer loop
      vertex 55.8445 12.8309 8
      vertex 56.616 10.5583 8
      vertex 56.693 13.0883 8
    endloop
  endfacet
  facet normal 0 0 1
    outer loop
      vertex 56.616 10.5583 8
      vertex 55.8445 12.8309 8
      vertex 55.9331 10.3013 8
    endloop
  endfacet
  facet normal -0 0 1
    outer loop
      vertex 55.0146 12.5186 8
      vertex 55.9331 10.3013 8
      vertex 55.8445 12.8309 8
    endloop
  endfacet
  facet normal 0 0 1
    outer loop
      vertex 55.9331 10.3013 8
      vertex 55.0146 12.5186 8
      vertex 55.2685 10.0001 8
    endloop
  endfacet
  facet normal -0 0 1
    outer loop
      vertex 54.207 12.1526 8
      vertex 55.2685 10.0001 8
      vertex 55.0146 12.5186 8
    endloop
  endfacet
  facet normal 0 0 1
    outer loop
      vertex 55.2685 10.0001 8
      vertex 54.207 12.1526 8
      vertex 54.625 9.65618 8
    endloop
  endfacet
  facet normal -0 0 1
    outer loop
      vertex 53.425 11.7346 8
      vertex 54.625 9.65618 8
      vertex 54.207 12.1526 8
    endloop
  endfacet
  facet normal 0 0 1
    outer loop
      vertex 54.625 9.65618 8
      vertex 53.425 11.7346 8
      vertex 54.0054 9.27089 8
    endloop
  endfacet
  facet normal -0 0 1
    outer loop
      vertex 52.672 11.2664 8
      vertex 54.0054 9.27089 8
      vertex 53.425 11.7346 8
    endloop
  endfacet
  facet normal 0 0 1
    outer loop
      vertex 54.0054 9.27089 8
      vertex 52.672 11.2664 8
      vertex 53.4123 8.84589 8
    endloop
  endfacet
  facet normal -0 0 1
    outer loop
      vertex 51.9513 10.7499 8
      vertex 53.4123 8.84589 8
      vertex 52.672 11.2664 8
    endloop
  endfacet
  facet normal 0 0 1
    outer loop
      vertex 53.4123 8.84589 8
      vertex 51.9513 10.7499 8
      vertex 52.8483 8.38301 8
    endloop
  endfacet
  facet normal -0 0 1
    outer loop
      vertex 51.2659 10.1874 8
      vertex 52.8483 8.38301 8
      vertex 51.9513 10.7499 8
    endloop
  endfacet
  facet normal 0 0 1
    outer loop
      vertex 52.8483 8.38301 8
      vertex 51.2659 10.1874 8
      vertex 52.3158 7.88424 8
    endloop
  endfacet
  facet normal -0 0 1
    outer loop
      vertex 50.6187 9.5813 8
      vertex 52.3158 7.88424 8
      vertex 51.2659 10.1874 8
    endloop
  endfacet
  facet normal 0 0 1
    outer loop
      vertex 52.3158 7.88424 8
      vertex 50.6187 9.5813 8
      vertex 51.817 7.35171 8
    endloop
  endfacet
  facet normal -0 0 1
    outer loop
      vertex 50.0126 8.93414 8
      vertex 51.817 7.35171 8
      vertex 50.6187 9.5813 8
    endloop
  endfacet
  facet normal 0 0 1
    outer loop
      vertex 51.817 7.35171 8
      vertex 50.0126 8.93414 8
      vertex 51.3541 6.78769 8
    endloop
  endfacet
  facet normal -0 0 1
    outer loop
      vertex 49.4501 8.24872 8
      vertex 51.3541 6.78769 8
      vertex 50.0126 8.93414 8
    endloop
  endfacet
  facet normal 0 0 1
    outer loop
      vertex 51.3541 6.78769 8
      vertex 49.4501 8.24872 8
      vertex 50.9291 6.19461 8
    endloop
  endfacet
  facet normal -0 0 1
    outer loop
      vertex 48.9336 7.52798 8
      vertex 50.9291 6.19461 8
      vertex 49.4501 8.24872 8
    endloop
  endfacet
  facet normal 0 0 1
    outer loop
      vertex 50.9291 6.19461 8
      vertex 48.9336 7.52798 8
      vertex 50.5438 5.575 8
    endloop
  endfacet
  facet normal -0 0 1
    outer loop
      vertex 48.4654 6.775 8
      vertex 50.5438 5.575 8
      vertex 48.9336 7.52798 8
    endloop
  endfacet
  facet normal 0 0 1
    outer loop
      vertex 50.5438 5.575 8
      vertex 48.4654 6.775 8
      vertex 50.1999 4.93152 8
    endloop
  endfacet
  facet normal -0 0 1
    outer loop
      vertex 48.0474 5.99301 8
      vertex 50.1999 4.93152 8
      vertex 48.4654 6.775 8
    endloop
  endfacet
  facet normal 0 0 1
    outer loop
      vertex 50.1999 4.93152 8
      vertex 48.0474 5.99301 8
      vertex 49.8987 4.26692 8
    endloop
  endfacet
  facet normal -0 0 1
    outer loop
      vertex 47.6814 5.18536 8
      vertex 49.8987 4.26692 8
      vertex 48.0474 5.99301 8
    endloop
  endfacet
  facet normal 0 0 1
    outer loop
      vertex 49.8987 4.26692 8
      vertex 47.6814 5.18536 8
      vertex 49.6417 3.58405 8
    endloop
  endfacet
  facet normal 0 0 1
    outer loop
      vertex 49.6417 3.58405 8
      vertex 47.3691 4.3555 8
      vertex 49.4299 2.88583 8
    endloop
  endfacet
  facet normal -0 0 1
    outer loop
      vertex 47.3691 4.3555 8
      vertex 49.6417 3.58405 8
      vertex 47.6814 5.18536 8
    endloop
  endfacet
  facet normal -0 0 1
    outer loop
      vertex 70.7583 -3.58405 8
      vertex 73.0309 -4.3555 8
      vertex 70.9701 -2.88583 8
    endloop
  endfacet
  facet normal 0 0 1
    outer loop
      vertex 73.0309 -4.3555 8
      vertex 70.7583 -3.58405 8
      vertex 72.7186 -5.18536 8
    endloop
  endfacet
  facet normal -0 0 1
    outer loop
      vertex 70.5013 -4.26692 8
      vertex 72.7186 -5.18536 8
      vertex 70.7583 -3.58405 8
    endloop
  endfacet
  facet normal 0 0 1
    outer loop
      vertex 72.7186 -5.18536 8
      vertex 70.5013 -4.26692 8
      vertex 72.3526 -5.99301 8
    endloop
  endfacet
  facet normal -0 0 1
    outer loop
      vertex 70.2001 -4.93152 8
      vertex 72.3526 -5.99301 8
      vertex 70.5013 -4.26692 8
    endloop
  endfacet
  facet normal 0 0 1
    outer loop
      vertex 72.3526 -5.99301 8
      vertex 70.2001 -4.93152 8
      vertex 71.9346 -6.775 8
    endloop
  endfacet
  facet normal -0 0 1
    outer loop
      vertex 69.8562 -5.575 8
      vertex 71.9346 -6.775 8
      vertex 70.2001 -4.93152 8
    endloop
  endfacet
  facet normal 0 0 1
    outer loop
      vertex 71.9346 -6.775 8
      vertex 69.8562 -5.575 8
      vertex 71.4664 -7.52798 8
    endloop
  endfacet
  facet normal -0 0 1
    outer loop
      vertex 69.4709 -6.19461 8
      vertex 71.4664 -7.52798 8
      vertex 69.8562 -5.575 8
    endloop
  endfacet
  facet normal 0 0 1
    outer loop
      vertex 71.4664 -7.52798 8
      vertex 69.4709 -6.19461 8
      vertex 70.9499 -8.24872 8
    endloop
  endfacet
  facet normal -0 0 1
    outer loop
      vertex 69.0459 -6.78769 8
      vertex 70.9499 -8.24872 8
      vertex 69.4709 -6.19461 8
    endloop
  endfacet
  facet normal 0 0 1
    outer loop
      vertex 70.9499 -8.24872 8
      vertex 69.0459 -6.78769 8
      vertex 70.3874 -8.93414 8
    endloop
  endfacet
  facet normal -0 0 1
    outer loop
      vertex 68.583 -7.35171 8
      vertex 70.3874 -8.93414 8
      vertex 69.0459 -6.78769 8
    endloop
  endfacet
  facet normal 0 0 1
    outer loop
      vertex 70.3874 -8.93414 8
      vertex 68.583 -7.35171 8
      vertex 69.7813 -9.5813 8
    endloop
  endfacet
  facet normal -0 0 1
    outer loop
      vertex 68.0842 -7.88424 8
      vertex 69.7813 -9.5813 8
      vertex 68.583 -7.35171 8
    endloop
  endfacet
  facet normal 0 0 1
    outer loop
      vertex 69.7813 -9.5813 8
      vertex 68.0842 -7.88424 8
      vertex 69.1341 -10.1874 8
    endloop
  endfacet
  facet normal -0 0 1
    outer loop
      vertex 67.5517 -8.38301 8
      vertex 69.1341 -10.1874 8
      vertex 68.0842 -7.88424 8
    endloop
  endfacet
  facet normal 0 0 1
    outer loop
      vertex 69.1341 -10.1874 8
      vertex 67.5517 -8.38301 8
      vertex 68.4487 -10.7499 8
    endloop
  endfacet
  facet normal -0 0 1
    outer loop
      vertex 66.9877 -8.84589 8
      vertex 68.4487 -10.7499 8
      vertex 67.5517 -8.38301 8
    endloop
  endfacet
  facet normal 0 0 1
    outer loop
      vertex 68.4487 -10.7499 8
      vertex 66.9877 -8.84589 8
      vertex 67.728 -11.2664 8
    endloop
  endfacet
  facet normal -0 0 1
    outer loop
      vertex 66.3946 -9.27089 8
      vertex 67.728 -11.2664 8
      vertex 66.9877 -8.84589 8
    endloop
  endfacet
  facet normal 0 0 1
    outer loop
      vertex 67.728 -11.2664 8
      vertex 66.3946 -9.27089 8
      vertex 66.975 -11.7346 8
    endloop
  endfacet
  facet normal -0 0 1
    outer loop
      vertex 65.775 -9.65618 8
      vertex 66.975 -11.7346 8
      vertex 66.3946 -9.27089 8
    endloop
  endfacet
  facet normal 0 0 1
    outer loop
      vertex 66.975 -11.7346 8
      vertex 65.775 -9.65618 8
      vertex 66.193 -12.1526 8
    endloop
  endfacet
  facet normal -0 0 1
    outer loop
      vertex 65.1315 -10.0001 8
      vertex 66.193 -12.1526 8
      vertex 65.775 -9.65618 8
    endloop
  endfacet
  facet normal 0 0 1
    outer loop
      vertex 66.193 -12.1526 8
      vertex 65.1315 -10.0001 8
      vertex 65.3854 -12.5186 8
    endloop
  endfacet
  facet normal -0 0 1
    outer loop
      vertex 64.4669 -10.3013 8
      vertex 65.3854 -12.5186 8
      vertex 65.1315 -10.0001 8
    endloop
  endfacet
  facet normal 0 0 1
    outer loop
      vertex 65.3854 -12.5186 8
      vertex 64.4669 -10.3013 8
      vertex 64.5555 -12.8309 8
    endloop
  endfacet
  facet normal -0 0 1
    outer loop
      vertex 63.784 -10.5583 8
      vertex 64.5555 -12.8309 8
      vertex 64.4669 -10.3013 8
    endloop
  endfacet
  facet normal 0 0 1
    outer loop
      vertex 63.784 -10.5583 8
      vertex 63.707 -13.0883 8
      vertex 64.5555 -12.8309 8
    endloop
  endfacet
  facet normal -0 0 1
    outer loop
      vertex 63.0858 -10.7701 8
      vertex 63.707 -13.0883 8
      vertex 63.784 -10.5583 8
    endloop
  endfacet
  facet normal 0 0 1
    outer loop
      vertex 63.0858 -10.7701 8
      vertex 62.8435 -13.2896 8
      vertex 63.707 -13.0883 8
    endloop
  endfacet
  facet normal -0 0 1
    outer loop
      vertex 62.3753 -10.9358 8
      vertex 62.8435 -13.2896 8
      vertex 63.0858 -10.7701 8
    endloop
  endfacet
  facet normal 0 0 1
    outer loop
      vertex 62.3753 -10.9358 8
      vertex 61.9686 -13.4341 8
      vertex 62.8435 -13.2896 8
    endloop
  endfacet
  facet normal -0 0 1
    outer loop
      vertex 61.6554 -11.0546 8
      vertex 61.9686 -13.4341 8
      vertex 62.3753 -10.9358 8
    endloop
  endfacet
  facet normal 0 0 1
    outer loop
      vertex 61.6554 -11.0546 8
      vertex 61.0862 -13.521 8
      vertex 61.9686 -13.4341 8
    endloop
  endfacet
  facet normal -0 0 1
    outer loop
      vertex 60.9292 -11.1261 8
      vertex 61.0862 -13.521 8
      vertex 61.6554 -11.0546 8
    endloop
  endfacet
  facet normal -0 0 1
    outer loop
      vertex 60.2 -11.15 8
      vertex 61.0862 -13.521 8
      vertex 60.9292 -11.1261 8
    endloop
  endfacet
  facet normal 0 0 1
    outer loop
      vertex 60.2 -11.15 8
      vertex 60.2 -13.55 8
      vertex 61.0862 -13.521 8
    endloop
  endfacet
  facet normal 0 0 1
    outer loop
      vertex 59.4708 -11.1261 8
      vertex 60.2 -13.55 8
      vertex 60.2 -11.15 8
    endloop
  endfacet
  facet normal 0 0 1
    outer loop
      vertex 59.4708 -11.1261 8
      vertex 59.3138 -13.521 8
      vertex 60.2 -13.55 8
    endloop
  endfacet
  facet normal 0 0 1
    outer loop
      vertex 58.7446 -11.0546 8
      vertex 59.3138 -13.521 8
      vertex 59.4708 -11.1261 8
    endloop
  endfacet
  facet normal 0 0 1
    outer loop
      vertex 58.7446 -11.0546 8
      vertex 58.4314 -13.4341 8
      vertex 59.3138 -13.521 8
    endloop
  endfacet
  facet normal 0 0 1
    outer loop
      vertex 58.0247 -10.9358 8
      vertex 58.4314 -13.4341 8
      vertex 58.7446 -11.0546 8
    endloop
  endfacet
  facet normal 0 0 1
    outer loop
      vertex 58.0247 -10.9358 8
      vertex 57.5565 -13.2896 8
      vertex 58.4314 -13.4341 8
    endloop
  endfacet
  facet normal 0 0 1
    outer loop
      vertex 57.3142 -10.7701 8
      vertex 57.5565 -13.2896 8
      vertex 58.0247 -10.9358 8
    endloop
  endfacet
  facet normal 0 0 1
    outer loop
      vertex 57.3142 -10.7701 8
      vertex 56.693 -13.0883 8
      vertex 57.5565 -13.2896 8
    endloop
  endfacet
  facet normal 0 0 1
    outer loop
      vertex 56.616 -10.5583 8
      vertex 56.693 -13.0883 8
      vertex 57.3142 -10.7701 8
    endloop
  endfacet
  facet normal 0 0 1
    outer loop
      vertex 55.8445 -12.8309 8
      vertex 56.616 -10.5583 8
      vertex 55.9331 -10.3013 8
    endloop
  endfacet
  facet normal 0 0 1
    outer loop
      vertex 56.616 -10.5583 8
      vertex 55.8445 -12.8309 8
      vertex 56.693 -13.0883 8
    endloop
  endfacet
  facet normal 0 0 1
    outer loop
      vertex 55.0146 -12.5186 8
      vertex 55.9331 -10.3013 8
      vertex 55.2685 -10.0001 8
    endloop
  endfacet
  facet normal 0 0 1
    outer loop
      vertex 55.9331 -10.3013 8
      vertex 55.0146 -12.5186 8
      vertex 55.8445 -12.8309 8
    endloop
  endfacet
  facet normal 0 0 1
    outer loop
      vertex 54.207 -12.1526 8
      vertex 55.2685 -10.0001 8
      vertex 54.625 -9.65618 8
    endloop
  endfacet
  facet normal 0 0 1
    outer loop
      vertex 55.2685 -10.0001 8
      vertex 54.207 -12.1526 8
      vertex 55.0146 -12.5186 8
    endloop
  endfacet
  facet normal 0 0 1
    outer loop
      vertex 53.425 -11.7346 8
      vertex 54.625 -9.65618 8
      vertex 54.0054 -9.27089 8
    endloop
  endfacet
  facet normal 0 0 1
    outer loop
      vertex 54.625 -9.65618 8
      vertex 53.425 -11.7346 8
      vertex 54.207 -12.1526 8
    endloop
  endfacet
  facet normal 0 0 1
    outer loop
      vertex 52.672 -11.2664 8
      vertex 54.0054 -9.27089 8
      vertex 53.4123 -8.84589 8
    endloop
  endfacet
  facet normal 0 0 1
    outer loop
      vertex 51.9513 -10.7499 8
      vertex 53.4123 -8.84589 8
      vertex 52.8483 -8.38301 8
    endloop
  endfacet
  facet normal 0 0 1
    outer loop
      vertex 54.0054 -9.27089 8
      vertex 52.672 -11.2664 8
      vertex 53.425 -11.7346 8
    endloop
  endfacet
  facet normal 0 0 1
    outer loop
      vertex 51.2659 -10.1874 8
      vertex 52.8483 -8.38301 8
      vertex 52.3158 -7.88424 8
    endloop
  endfacet
  facet normal 0 0 1
    outer loop
      vertex 53.4123 -8.84589 8
      vertex 51.9513 -10.7499 8
      vertex 52.672 -11.2664 8
    endloop
  endfacet
  facet normal 0 0 1
    outer loop
      vertex 50.6187 -9.5813 8
      vertex 52.3158 -7.88424 8
      vertex 51.817 -7.35171 8
    endloop
  endfacet
  facet normal 0 0 1
    outer loop
      vertex 50.0126 -8.93414 8
      vertex 51.817 -7.35171 8
      vertex 51.3541 -6.78769 8
    endloop
  endfacet
  facet normal 0 0 1
    outer loop
      vertex 52.8483 -8.38301 8
      vertex 51.2659 -10.1874 8
      vertex 51.9513 -10.7499 8
    endloop
  endfacet
  facet normal 0 0 1
    outer loop
      vertex 49.4501 -8.24872 8
      vertex 51.3541 -6.78769 8
      vertex 50.9291 -6.19461 8
    endloop
  endfacet
  facet normal 0 0 1
    outer loop
      vertex 52.3158 -7.88424 8
      vertex 50.6187 -9.5813 8
      vertex 51.2659 -10.1874 8
    endloop
  endfacet
  facet normal 0 0 1
    outer loop
      vertex 48.9336 -7.52798 8
      vertex 50.9291 -6.19461 8
      vertex 50.5438 -5.575 8
    endloop
  endfacet
  facet normal 0 0 1
    outer loop
      vertex 48.4654 -6.775 8
      vertex 50.5438 -5.575 8
      vertex 50.1999 -4.93152 8
    endloop
  endfacet
  facet normal 0 0 1
    outer loop
      vertex 51.817 -7.35171 8
      vertex 50.0126 -8.93414 8
      vertex 50.6187 -9.5813 8
    endloop
  endfacet
  facet normal 0 0 1
    outer loop
      vertex 48.0474 -5.99301 8
      vertex 50.1999 -4.93152 8
      vertex 49.8987 -4.26692 8
    endloop
  endfacet
  facet normal 0 0 1
    outer loop
      vertex 47.6814 -5.18536 8
      vertex 49.8987 -4.26692 8
      vertex 49.6417 -3.58405 8
    endloop
  endfacet
  facet normal 0 0 1
    outer loop
      vertex 51.3541 -6.78769 8
      vertex 49.4501 -8.24872 8
      vertex 50.0126 -8.93414 8
    endloop
  endfacet
  facet normal 0 0 1
    outer loop
      vertex 47.3691 -4.3555 8
      vertex 49.6417 -3.58405 8
      vertex 49.4299 -2.88583 8
    endloop
  endfacet
  facet normal 0 0 1
    outer loop
      vertex 47.1117 -3.507 8
      vertex 49.4299 -2.88583 8
      vertex 49.2642 -2.17526 8
    endloop
  endfacet
  facet normal 0 0 1
    outer loop
      vertex 46.9104 -2.64347 8
      vertex 49.2642 -2.17526 8
      vertex 49.1454 -1.45537 8
    endloop
  endfacet
  facet normal 0 0 1
    outer loop
      vertex 46.7659 -1.76863 8
      vertex 49.1454 -1.45537 8
      vertex 49.0739 -0.729244 8
    endloop
  endfacet
  facet normal 0 0 1
    outer loop
      vertex 50.9291 -6.19461 8
      vertex 48.9336 -7.52798 8
      vertex 49.4501 -8.24872 8
    endloop
  endfacet
  facet normal 0 0 1
    outer loop
      vertex 46.679 -0.886212 8
      vertex 49.0739 -0.729244 8
      vertex 49.05 0 8
    endloop
  endfacet
  facet normal -0 0 1
    outer loop
      vertex 47.1117 3.507 8
      vertex 49.4299 2.88583 8
      vertex 47.3691 4.3555 8
    endloop
  endfacet
  facet normal 0 0 1
    outer loop
      vertex 49.4299 2.88583 8
      vertex 47.1117 3.507 8
      vertex 49.2642 2.17526 8
    endloop
  endfacet
  facet normal 0 0 1
    outer loop
      vertex 50.5438 -5.575 8
      vertex 48.4654 -6.775 8
      vertex 48.9336 -7.52798 8
    endloop
  endfacet
  facet normal -0 0 1
    outer loop
      vertex 46.9104 2.64347 8
      vertex 49.2642 2.17526 8
      vertex 47.1117 3.507 8
    endloop
  endfacet
  facet normal 0 0 1
    outer loop
      vertex 50.1999 -4.93152 8
      vertex 48.0474 -5.99301 8
      vertex 48.4654 -6.775 8
    endloop
  endfacet
  facet normal 0 0 1
    outer loop
      vertex 49.2642 2.17526 8
      vertex 46.9104 2.64347 8
      vertex 49.1454 1.45537 8
    endloop
  endfacet
  facet normal 0 0 1
    outer loop
      vertex 49.8987 -4.26692 8
      vertex 47.6814 -5.18536 8
      vertex 48.0474 -5.99301 8
    endloop
  endfacet
  facet normal -0 0 1
    outer loop
      vertex 46.7659 1.76863 8
      vertex 49.1454 1.45537 8
      vertex 46.9104 2.64347 8
    endloop
  endfacet
  facet normal 0 0 1
    outer loop
      vertex 49.6417 -3.58405 8
      vertex 47.3691 -4.3555 8
      vertex 47.6814 -5.18536 8
    endloop
  endfacet
  facet normal 0 0 1
    outer loop
      vertex 49.1454 1.45537 8
      vertex 46.7659 1.76863 8
      vertex 49.0739 0.729244 8
    endloop
  endfacet
  facet normal 0 0 1
    outer loop
      vertex 49.4299 -2.88583 8
      vertex 47.1117 -3.507 8
      vertex 47.3691 -4.3555 8
    endloop
  endfacet
  facet normal -0 0 1
    outer loop
      vertex 46.679 0.886212 8
      vertex 49.0739 0.729244 8
      vertex 46.7659 1.76863 8
    endloop
  endfacet
  facet normal 0 0 1
    outer loop
      vertex 49.2642 -2.17526 8
      vertex 46.9104 -2.64347 8
      vertex 47.1117 -3.507 8
    endloop
  endfacet
  facet normal 0 0 1
    outer loop
      vertex 49.0739 0.729244 8
      vertex 46.679 0.886212 8
      vertex 49.05 0 8
    endloop
  endfacet
  facet normal 0 0 1
    outer loop
      vertex 49.1454 -1.45537 8
      vertex 46.7659 -1.76863 8
      vertex 46.9104 -2.64347 8
    endloop
  endfacet
  facet normal 0 0 1
    outer loop
      vertex 46.65 0 8
      vertex 49.05 0 8
      vertex 46.679 0.886212 8
    endloop
  endfacet
  facet normal 0 0 1
    outer loop
      vertex 49.0739 -0.729244 8
      vertex 46.679 -0.886212 8
      vertex 46.7659 -1.76863 8
    endloop
  endfacet
  facet normal 0 0 1
    outer loop
      vertex 49.05 0 8
      vertex 46.65 0 8
      vertex 46.679 -0.886212 8
    endloop
  endfacet
  facet normal -0.471408 0.881916 0
    outer loop
      vertex 54.207 12.1526 0
      vertex 53.425 11.7346 8
      vertex 54.207 12.1526 8
    endloop
  endfacet
  facet normal -0.471408 0.881916 0
    outer loop
      vertex 53.425 11.7346 8
      vertex 54.207 12.1526 0
      vertex 53.425 11.7346 0
    endloop
  endfacet
  facet normal -0.412783 0.910829 0
    outer loop
      vertex 55.0146 12.5186 0
      vertex 54.207 12.1526 8
      vertex 55.0146 12.5186 8
    endloop
  endfacet
  facet normal -0.412783 0.910829 0
    outer loop
      vertex 54.207 12.1526 8
      vertex 55.0146 12.5186 0
      vertex 54.207 12.1526 0
    endloop
  endfacet
  facet normal -0.634398 0.773007 0
    outer loop
      vertex 51.9513 10.7499 0
      vertex 51.2659 10.1874 8
      vertex 51.9513 10.7499 8
    endloop
  endfacet
  facet normal -0.634398 0.773007 0
    outer loop
      vertex 51.2659 10.1874 8
      vertex 51.9513 10.7499 0
      vertex 51.2659 10.1874 0
    endloop
  endfacet
  facet normal -0.227034 0.973887 0
    outer loop
      vertex 57.5565 13.2896 2
      vertex 56.693 13.0883 8
      vertex 57.5565 13.2896 8
    endloop
  endfacet
  facet normal -0.227034 0.973887 0
    outer loop
      vertex 56.693 13.0883 8
      vertex 57.5565 13.2896 2
      vertex 56.693 13.0883 2
    endloop
  endfacet
  facet normal -0.290295 0.956937 0
    outer loop
      vertex 56.693 13.0883 2
      vertex 55.8445 12.8309 8
      vertex 56.693 13.0883 8
    endloop
  endfacet
  facet normal -0.290295 0.956937 0
    outer loop
      vertex 55.8445 12.8309 8
      vertex 56.693 13.0883 2
      vertex 55.8445 12.8309 2
    endloop
  endfacet
  facet normal -0.0327065 0.999465 0
    outer loop
      vertex 60.2 13.55 2
      vertex 59.3138 13.521 8
      vertex 60.2 13.55 8
    endloop
  endfacet
  facet normal -0.0327065 0.999465 0
    outer loop
      vertex 59.3138 13.521 8
      vertex 60.2 13.55 2
      vertex 59.3138 13.521 2
    endloop
  endfacet
  facet normal 0.0327065 -0.999465 0
    outer loop
      vertex 60.2 -13.55 0
      vertex 61.0862 -13.521 8
      vertex 60.2 -13.55 8
    endloop
  endfacet
  facet normal 0.0327065 -0.999465 0
    outer loop
      vertex 61.0862 -13.521 8
      vertex 60.2 -13.55 0
      vertex 61.0862 -13.521 0
    endloop
  endfacet
  facet normal 0.162954 -0.986634 0
    outer loop
      vertex 61.9686 -13.4341 0
      vertex 62.8435 -13.2896 8
      vertex 61.9686 -13.4341 8
    endloop
  endfacet
  facet normal 0.162954 -0.986634 0
    outer loop
      vertex 62.8435 -13.2896 8
      vertex 61.9686 -13.4341 0
      vertex 62.8435 -13.2896 0
    endloop
  endfacet
  facet normal 0.352198 -0.935925 0
    outer loop
      vertex 64.5555 -12.8309 0
      vertex 65.3854 -12.5186 8
      vertex 64.5555 -12.8309 8
    endloop
  endfacet
  facet normal 0.352198 -0.935925 0
    outer loop
      vertex 65.3854 -12.5186 8
      vertex 64.5555 -12.8309 0
      vertex 65.3854 -12.5186 0
    endloop
  endfacet
  facet normal 0.227034 -0.973887 0
    outer loop
      vertex 62.8435 -13.2896 0
      vertex 63.707 -13.0883 8
      vertex 62.8435 -13.2896 8
    endloop
  endfacet
  facet normal 0.227034 -0.973887 0
    outer loop
      vertex 63.707 -13.0883 8
      vertex 62.8435 -13.2896 0
      vertex 63.707 -13.0883 0
    endloop
  endfacet
  facet normal 0.683551 -0.729903 0
    outer loop
      vertex 69.1341 -10.1874 0
      vertex 69.7813 -9.5813 8
      vertex 69.1341 -10.1874 8
    endloop
  endfacet
  facet normal 0.683551 -0.729903 0
    outer loop
      vertex 69.7813 -9.5813 8
      vertex 69.1341 -10.1874 0
      vertex 69.7813 -9.5813 0
    endloop
  endfacet
  facet normal 0.528031 -0.849225 0
    outer loop
      vertex 66.975 -11.7346 0
      vertex 67.728 -11.2664 8
      vertex 66.975 -11.7346 8
    endloop
  endfacet
  facet normal 0.528031 -0.849225 0
    outer loop
      vertex 67.728 -11.2664 8
      vertex 66.975 -11.7346 0
      vertex 67.728 -11.2664 0
    endloop
  endfacet
  facet normal 0.812833 -0.582496 0
    outer loop
      vertex 70.9499 -8.24872 8
      vertex 71.4664 -7.52798 0
      vertex 71.4664 -7.52798 8
    endloop
  endfacet
  facet normal 0.812833 -0.582496 0
    outer loop
      vertex 71.4664 -7.52798 0
      vertex 70.9499 -8.24872 8
      vertex 70.9499 -8.24872 0
    endloop
  endfacet
  facet normal 0.910839 -0.412762 0
    outer loop
      vertex 72.3526 -5.99301 8
      vertex 72.7186 -5.18536 0
      vertex 72.7186 -5.18536 8
    endloop
  endfacet
  facet normal 0.910839 -0.412762 0
    outer loop
      vertex 72.7186 -5.18536 0
      vertex 72.3526 -5.99301 8
      vertex 72.3526 -5.99301 0
    endloop
  endfacet
  facet normal 0.986632 -0.162965 0
    outer loop
      vertex 73.4896 -2.64347 8
      vertex 73.6341 -1.76863 0
      vertex 73.6341 -1.76863 8
    endloop
  endfacet
  facet normal 0.986632 -0.162965 0
    outer loop
      vertex 73.6341 -1.76863 0
      vertex 73.4896 -2.64347 8
      vertex 73.4896 -2.64347 0
    endloop
  endfacet
  facet normal 0.956937 -0.290295 0
    outer loop
      vertex 73.0309 -4.3555 8
      vertex 73.2883 -3.507 0
      vertex 73.2883 -3.507 8
    endloop
  endfacet
  facet normal 0.956937 -0.290295 0
    outer loop
      vertex 73.2883 -3.507 0
      vertex 73.0309 -4.3555 8
      vertex 73.0309 -4.3555 0
    endloop
  endfacet
  facet normal -0.683551 -0.729903 0
    outer loop
      vertex 50.6187 -9.5813 0
      vertex 51.2659 -10.1874 8
      vertex 50.6187 -9.5813 8
    endloop
  endfacet
  facet normal -0.683551 -0.729903 -0
    outer loop
      vertex 51.2659 -10.1874 8
      vertex 50.6187 -9.5813 0
      vertex 51.2659 -10.1874 0
    endloop
  endfacet
  facet normal -0.582518 -0.812818 0
    outer loop
      vertex 51.9513 -10.7499 0
      vertex 52.672 -11.2664 8
      vertex 51.9513 -10.7499 8
    endloop
  endfacet
  facet normal -0.582518 -0.812818 -0
    outer loop
      vertex 52.672 -11.2664 8
      vertex 51.9513 -10.7499 0
      vertex 52.672 -11.2664 0
    endloop
  endfacet
  facet normal -0.471408 -0.881916 0
    outer loop
      vertex 53.425 -11.7346 0
      vertex 54.207 -12.1526 8
      vertex 53.425 -11.7346 8
    endloop
  endfacet
  facet normal -0.471408 -0.881916 -0
    outer loop
      vertex 54.207 -12.1526 8
      vertex 53.425 -11.7346 0
      vertex 54.207 -12.1526 0
    endloop
  endfacet
  facet normal -0.290295 -0.956937 0
    outer loop
      vertex 55.8445 -12.8309 0
      vertex 56.693 -13.0883 8
      vertex 55.8445 -12.8309 8
    endloop
  endfacet
  facet normal -0.290295 -0.956937 -0
    outer loop
      vertex 56.693 -13.0883 8
      vertex 55.8445 -12.8309 0
      vertex 56.693 -13.0883 0
    endloop
  endfacet
  facet normal -0.0980073 -0.995186 0
    outer loop
      vertex 58.4314 -13.4341 0
      vertex 59.3138 -13.521 8
      vertex 58.4314 -13.4341 8
    endloop
  endfacet
  facet normal -0.0980073 -0.995186 -0
    outer loop
      vertex 59.3138 -13.521 8
      vertex 58.4314 -13.4341 0
      vertex 59.3138 -13.521 0
    endloop
  endfacet
  facet normal -0.910839 -0.412762 0
    outer loop
      vertex 48.0474 -5.99301 0
      vertex 47.6814 -5.18536 8
      vertex 47.6814 -5.18536 0
    endloop
  endfacet
  facet normal -0.910839 -0.412762 0
    outer loop
      vertex 47.6814 -5.18536 8
      vertex 48.0474 -5.99301 0
      vertex 48.0474 -5.99301 8
    endloop
  endfacet
  facet normal -0.849219 -0.528041 0
    outer loop
      vertex 48.9336 -7.52798 0
      vertex 48.4654 -6.775 8
      vertex 48.4654 -6.775 0
    endloop
  endfacet
  facet normal -0.849219 -0.528041 0
    outer loop
      vertex 48.4654 -6.775 8
      vertex 48.9336 -7.52798 0
      vertex 48.9336 -7.52798 8
    endloop
  endfacet
  facet normal -0.773016 -0.634387 0
    outer loop
      vertex 50.0126 -8.93414 0
      vertex 49.4501 -8.24872 8
      vertex 49.4501 -8.24872 0
    endloop
  endfacet
  facet normal -0.773016 -0.634387 0
    outer loop
      vertex 49.4501 -8.24872 8
      vertex 50.0126 -8.93414 0
      vertex 50.0126 -8.93414 8
    endloop
  endfacet
  facet normal -0.973884 -0.227047 0
    outer loop
      vertex 46.9935 -3 0
      vertex 47.1117 -3.507 0
      vertex 46.9935 -3 2
    endloop
  endfacet
  facet normal -0.973896 -0.226996 0
    outer loop
      vertex 46.9935 -3 2
      vertex 46.9104 -2.64347 8
      vertex 46.9104 -2.64347 2
    endloop
  endfacet
  facet normal -0.973884 -0.227047 -0
    outer loop
      vertex 47.1117 -3.507 8
      vertex 46.9935 -3 2
      vertex 47.1117 -3.507 0
    endloop
  endfacet
  facet normal -0.973889 -0.227026 1.90711e-06
    outer loop
      vertex 46.9935 -3 2
      vertex 47.1117 -3.507 8
      vertex 46.9104 -2.64347 8
    endloop
  endfacet
  facet normal -0.93592 -0.352213 0
    outer loop
      vertex 47.6814 -5.18536 0
      vertex 47.3691 -4.3555 8
      vertex 47.3691 -4.3555 0
    endloop
  endfacet
  facet normal -0.93592 -0.352213 0
    outer loop
      vertex 47.3691 -4.3555 8
      vertex 47.6814 -5.18536 0
      vertex 47.6814 -5.18536 8
    endloop
  endfacet
  facet normal -0.986632 -0.162965 0
    outer loop
      vertex 46.9104 -2.64347 2
      vertex 46.7659 -1.76863 8
      vertex 46.7659 -1.76863 2
    endloop
  endfacet
  facet normal -0.986632 -0.162965 0
    outer loop
      vertex 46.7659 -1.76863 8
      vertex 46.9104 -2.64347 2
      vertex 46.9104 -2.64347 8
    endloop
  endfacet
  facet normal -0.999465 -0.032706 0
    outer loop
      vertex 46.679 -0.886212 2
      vertex 46.65 0 8
      vertex 46.65 0 2
    endloop
  endfacet
  facet normal -0.999465 -0.032706 0
    outer loop
      vertex 46.65 0 8
      vertex 46.679 -0.886212 2
      vertex 46.679 -0.886212 8
    endloop
  endfacet
  facet normal 0.0980073 -0.995186 0
    outer loop
      vertex 61.0862 -13.521 0
      vertex 61.9686 -13.4341 8
      vertex 61.0862 -13.521 8
    endloop
  endfacet
  facet normal 0.0980073 -0.995186 0
    outer loop
      vertex 61.9686 -13.4341 8
      vertex 61.0862 -13.521 0
      vertex 61.9686 -13.4341 0
    endloop
  endfacet
  facet normal 0.412783 -0.910829 0
    outer loop
      vertex 65.3854 -12.5186 0
      vertex 66.193 -12.1526 8
      vertex 65.3854 -12.5186 8
    endloop
  endfacet
  facet normal 0.412783 -0.910829 0
    outer loop
      vertex 66.193 -12.1526 8
      vertex 65.3854 -12.5186 0
      vertex 66.193 -12.1526 0
    endloop
  endfacet
  facet normal 0.290295 -0.956937 0
    outer loop
      vertex 63.707 -13.0883 0
      vertex 64.5555 -12.8309 8
      vertex 63.707 -13.0883 8
    endloop
  endfacet
  facet normal 0.290295 -0.956937 0
    outer loop
      vertex 64.5555 -12.8309 8
      vertex 63.707 -13.0883 0
      vertex 64.5555 -12.8309 0
    endloop
  endfacet
  facet normal 0.729882 -0.683573 0
    outer loop
      vertex 69.7813 -9.5813 8
      vertex 70.3874 -8.93414 0
      vertex 70.3874 -8.93414 8
    endloop
  endfacet
  facet normal 0.729882 -0.683573 0
    outer loop
      vertex 70.3874 -8.93414 0
      vertex 69.7813 -9.5813 8
      vertex 69.7813 -9.5813 0
    endloop
  endfacet
  facet normal 0.582518 -0.812818 0
    outer loop
      vertex 67.728 -11.2664 0
      vertex 68.4487 -10.7499 8
      vertex 67.728 -11.2664 8
    endloop
  endfacet
  facet normal 0.582518 -0.812818 0
    outer loop
      vertex 68.4487 -10.7499 8
      vertex 67.728 -11.2664 0
      vertex 68.4487 -10.7499 0
    endloop
  endfacet
  facet normal 0.849219 -0.528041 0
    outer loop
      vertex 71.4664 -7.52798 8
      vertex 71.9346 -6.775 0
      vertex 71.9346 -6.775 8
    endloop
  endfacet
  facet normal 0.849219 -0.528041 0
    outer loop
      vertex 71.9346 -6.775 0
      vertex 71.4664 -7.52798 8
      vertex 71.4664 -7.52798 0
    endloop
  endfacet
  facet normal 0.93592 -0.352213 0
    outer loop
      vertex 72.7186 -5.18536 8
      vertex 73.0309 -4.3555 0
      vertex 73.0309 -4.3555 8
    endloop
  endfacet
  facet normal 0.93592 -0.352213 0
    outer loop
      vertex 73.0309 -4.3555 0
      vertex 72.7186 -5.18536 8
      vertex 72.7186 -5.18536 0
    endloop
  endfacet
  facet normal 0.995186 -0.0980053 0
    outer loop
      vertex 73.6341 -1.76863 8
      vertex 73.721 -0.886212 0
      vertex 73.721 -0.886212 8
    endloop
  endfacet
  facet normal 0.995186 -0.0980053 0
    outer loop
      vertex 73.721 -0.886212 0
      vertex 73.6341 -1.76863 8
      vertex 73.6341 -1.76863 0
    endloop
  endfacet
  facet normal 0.973889 -0.227026 0
    outer loop
      vertex 73.2883 -3.507 8
      vertex 73.4896 -2.64347 0
      vertex 73.4896 -2.64347 8
    endloop
  endfacet
  facet normal 0.973889 -0.227026 0
    outer loop
      vertex 73.4896 -2.64347 0
      vertex 73.2883 -3.507 8
      vertex 73.2883 -3.507 0
    endloop
  endfacet
  facet normal -0.634398 -0.773007 0
    outer loop
      vertex 51.2659 -10.1874 0
      vertex 51.9513 -10.7499 8
      vertex 51.2659 -10.1874 8
    endloop
  endfacet
  facet normal -0.634398 -0.773007 -0
    outer loop
      vertex 51.9513 -10.7499 8
      vertex 51.2659 -10.1874 0
      vertex 51.9513 -10.7499 0
    endloop
  endfacet
  facet normal -0.412783 -0.910829 0
    outer loop
      vertex 54.207 -12.1526 0
      vertex 55.0146 -12.5186 8
      vertex 54.207 -12.1526 8
    endloop
  endfacet
  facet normal -0.412783 -0.910829 -0
    outer loop
      vertex 55.0146 -12.5186 8
      vertex 54.207 -12.1526 0
      vertex 55.0146 -12.5186 0
    endloop
  endfacet
  facet normal -0.227034 -0.973887 0
    outer loop
      vertex 56.693 -13.0883 0
      vertex 57.5565 -13.2896 8
      vertex 56.693 -13.0883 8
    endloop
  endfacet
  facet normal -0.227034 -0.973887 -0
    outer loop
      vertex 57.5565 -13.2896 8
      vertex 56.693 -13.0883 0
      vertex 57.5565 -13.2896 0
    endloop
  endfacet
  facet normal -0.0327065 -0.999465 0
    outer loop
      vertex 59.3138 -13.521 0
      vertex 60.2 -13.55 8
      vertex 59.3138 -13.521 8
    endloop
  endfacet
  facet normal -0.0327065 -0.999465 -0
    outer loop
      vertex 60.2 -13.55 8
      vertex 59.3138 -13.521 0
      vertex 60.2 -13.55 0
    endloop
  endfacet
  facet normal -0.881913 -0.471412 0
    outer loop
      vertex 48.4654 -6.775 0
      vertex 48.0474 -5.99301 8
      vertex 48.0474 -5.99301 0
    endloop
  endfacet
  facet normal -0.881913 -0.471412 0
    outer loop
      vertex 48.0474 -5.99301 8
      vertex 48.4654 -6.775 0
      vertex 48.4654 -6.775 8
    endloop
  endfacet
  facet normal -0.729882 -0.683573 0
    outer loop
      vertex 50.6187 -9.5813 0
      vertex 50.0126 -8.93414 8
      vertex 50.0126 -8.93414 0
    endloop
  endfacet
  facet normal -0.729882 -0.683573 0
    outer loop
      vertex 50.0126 -8.93414 8
      vertex 50.6187 -9.5813 0
      vertex 50.6187 -9.5813 8
    endloop
  endfacet
  facet normal -0.956937 -0.290295 0
    outer loop
      vertex 47.3691 -4.3555 0
      vertex 47.1117 -3.507 8
      vertex 47.1117 -3.507 0
    endloop
  endfacet
  facet normal -0.956937 -0.290295 0
    outer loop
      vertex 47.1117 -3.507 8
      vertex 47.3691 -4.3555 0
      vertex 47.3691 -4.3555 8
    endloop
  endfacet
  facet normal -0.995186 -0.0980053 0
    outer loop
      vertex 46.7659 -1.76863 2
      vertex 46.679 -0.886212 8
      vertex 46.679 -0.886212 2
    endloop
  endfacet
  facet normal -0.995186 -0.0980053 0
    outer loop
      vertex 46.679 -0.886212 8
      vertex 46.7659 -1.76863 2
      vertex 46.7659 -1.76863 8
    endloop
  endfacet
  facet normal 0.999465 -0.032706 0
    outer loop
      vertex 73.721 -0.886212 8
      vertex 73.75 0 0
      vertex 73.75 0 8
    endloop
  endfacet
  facet normal 0.999465 -0.032706 0
    outer loop
      vertex 73.75 0 0
      vertex 73.721 -0.886212 8
      vertex 73.721 -0.886212 0
    endloop
  endfacet
  facet normal -1 0 0
    outer loop
      vertex 52.4 12.55 0
      vertex 52.4 21.55 2
      vertex 52.4 21.55 0
    endloop
  endfacet
  facet normal -1 -0 0
    outer loop
      vertex 52.4 21.55 2
      vertex 52.4 12.55 0
      vertex 52.4 12.55 2
    endloop
  endfacet
  facet normal 0 0 1
    outer loop
      vertex 68 21.55 2
      vertex 66.2 17.55 2
      vertex 68 12.55 2
    endloop
  endfacet
  facet normal 0 0 1
    outer loop
      vertex 68 21.55 2
      vertex 66.0928 17.95 2
      vertex 66.2 17.55 2
    endloop
  endfacet
  facet normal 0 0 1
    outer loop
      vertex 68 21.55 2
      vertex 65.8 18.2428 2
      vertex 66.0928 17.95 2
    endloop
  endfacet
  facet normal 0 0 1
    outer loop
      vertex 68 21.55 2
      vertex 65.4 18.35 2
      vertex 65.8 18.2428 2
    endloop
  endfacet
  facet normal 0 0 1
    outer loop
      vertex 68 21.55 2
      vertex 65 18.2428 2
      vertex 65.4 18.35 2
    endloop
  endfacet
  facet normal 0 0 1
    outer loop
      vertex 63.2 18.2428 2
      vertex 65 18.2428 2
      vertex 68 21.55 2
    endloop
  endfacet
  facet normal 0 0 1
    outer loop
      vertex 65.4 16.75 2
      vertex 63.707 13.0883 2
      vertex 64.5555 12.8309 2
    endloop
  endfacet
  facet normal 0 0 1
    outer loop
      vertex 63.4928 17.15 2
      vertex 64.6 17.55 2
      vertex 63.6 17.55 2
    endloop
  endfacet
  facet normal 0 0 1
    outer loop
      vertex 64.7072 17.95 2
      vertex 63.6 17.55 2
      vertex 64.6 17.55 2
    endloop
  endfacet
  facet normal 0 0 1
    outer loop
      vertex 65 18.2428 2
      vertex 63.2 18.2428 2
      vertex 64.7072 17.95 2
    endloop
  endfacet
  facet normal 0 0 1
    outer loop
      vertex 64.7072 17.95 2
      vertex 63.4928 17.95 2
      vertex 63.6 17.55 2
    endloop
  endfacet
  facet normal 0 0 1
    outer loop
      vertex 64.7072 17.95 2
      vertex 63.2 18.2428 2
      vertex 63.4928 17.95 2
    endloop
  endfacet
  facet normal 0 0 1
    outer loop
      vertex 68 21.55 2
      vertex 62.8 18.35 2
      vertex 63.2 18.2428 2
    endloop
  endfacet
  facet normal 0 0 1
    outer loop
      vertex 60.2 18.35 2
      vertex 62.8 18.35 2
      vertex 68 21.55 2
    endloop
  endfacet
  facet normal 0 0 1
    outer loop
      vertex 62.4 16.8572 2
      vertex 61.0862 13.521 2
      vertex 61.9686 13.4341 2
    endloop
  endfacet
  facet normal 0 0 1
    outer loop
      vertex 60.8928 17.15 2
      vertex 62 17.55 2
      vertex 61 17.55 2
    endloop
  endfacet
  facet normal 0 0 1
    outer loop
      vertex 62.1072 17.95 2
      vertex 61 17.55 2
      vertex 62 17.55 2
    endloop
  endfacet
  facet normal 0 0 1
    outer loop
      vertex 60.8928 17.95 2
      vertex 62.1072 17.95 2
      vertex 62.4 18.2428 2
    endloop
  endfacet
  facet normal 0 0 1
    outer loop
      vertex 62.8 18.35 2
      vertex 60.2 18.35 2
      vertex 62.4 18.2428 2
    endloop
  endfacet
  facet normal 0 0 1
    outer loop
      vertex 62.1072 17.95 2
      vertex 60.8928 17.95 2
      vertex 61 17.55 2
    endloop
  endfacet
  facet normal 0 0 1
    outer loop
      vertex 62.4 18.2428 2
      vertex 60.6 18.2428 2
      vertex 60.8928 17.95 2
    endloop
  endfacet
  facet normal 0 0 1
    outer loop
      vertex 62.4 18.2428 2
      vertex 60.2 18.35 2
      vertex 60.6 18.2428 2
    endloop
  endfacet
  facet normal -0 0 1
    outer loop
      vertex 52.4 21.55 2
      vertex 60.2 18.35 2
      vertex 68 21.55 2
    endloop
  endfacet
  facet normal 0 0 1
    outer loop
      vertex 59.8 16.8572 2
      vertex 58.4314 13.4341 2
      vertex 59.3138 13.521 2
    endloop
  endfacet
  facet normal 0 0 1
    outer loop
      vertex 58.2928 17.15 2
      vertex 59.4 17.55 2
      vertex 58.4 17.55 2
    endloop
  endfacet
  facet normal 0 0 1
    outer loop
      vertex 59.5072 17.95 2
      vertex 58.4 17.55 2
      vertex 59.4 17.55 2
    endloop
  endfacet
  facet normal 0 0 1
    outer loop
      vertex 58.2928 17.95 2
      vertex 59.5072 17.95 2
      vertex 59.8 18.2428 2
    endloop
  endfacet
  facet normal 0 0 1
    outer loop
      vertex 59.5072 17.95 2
      vertex 58.2928 17.95 2
      vertex 58.4 17.55 2
    endloop
  endfacet
  facet normal 0 -0 1
    outer loop
      vertex 57.6 18.35 2
      vertex 60.2 18.35 2
      vertex 52.4 21.55 2
    endloop
  endfacet
  facet normal 0 0 1
    outer loop
      vertex 59.8 18.2428 2
      vertex 58 18.2428 2
      vertex 58.2928 17.95 2
    endloop
  endfacet
  facet normal 0 0 1
    outer loop
      vertex 59.8 18.2428 2
      vertex 57.6 18.35 2
      vertex 58 18.2428 2
    endloop
  endfacet
  facet normal 0 0 1
    outer loop
      vertex 60.2 18.35 2
      vertex 57.6 18.35 2
      vertex 59.8 18.2428 2
    endloop
  endfacet
  facet normal 0 0 1
    outer loop
      vertex 57.2 16.8572 2
      vertex 55.8445 12.8309 2
      vertex 56.693 13.0883 2
    endloop
  endfacet
  facet normal 0 0 1
    outer loop
      vertex 55.6928 17.15 2
      vertex 56.8 17.55 2
      vertex 55.8 17.55 2
    endloop
  endfacet
  facet normal 0 0 1
    outer loop
      vertex 56.9072 17.95 2
      vertex 55.8 17.55 2
      vertex 56.8 17.55 2
    endloop
  endfacet
  facet normal 0 0 1
    outer loop
      vertex 55.6928 17.95 2
      vertex 56.9072 17.95 2
      vertex 57.2 18.2428 2
    endloop
  endfacet
  facet normal 0 0 1
    outer loop
      vertex 56.9072 17.95 2
      vertex 55.6928 17.95 2
      vertex 55.8 17.55 2
    endloop
  endfacet
  facet normal 0 0 1
    outer loop
      vertex 57.6 18.35 2
      vertex 52.4 21.55 2
      vertex 57.2 18.2428 2
    endloop
  endfacet
  facet normal 0 0 1
    outer loop
      vertex 57.2 18.2428 2
      vertex 55.4 18.2428 2
      vertex 55.6928 17.95 2
    endloop
  endfacet
  facet normal 0 0 1
    outer loop
      vertex 57.2 18.2428 2
      vertex 52.4 21.55 2
      vertex 55.4 18.2428 2
    endloop
  endfacet
  facet normal 0 0 1
    outer loop
      vertex 54.3072 17.95 2
      vertex 52.4 21.55 2
      vertex 54.2 17.55 2
    endloop
  endfacet
  facet normal 0 0 1
    outer loop
      vertex 54.6 18.2428 2
      vertex 52.4 21.55 2
      vertex 54.3072 17.95 2
    endloop
  endfacet
  facet normal 0 0 1
    outer loop
      vertex 55 18.35 2
      vertex 52.4 21.55 2
      vertex 54.6 18.2428 2
    endloop
  endfacet
  facet normal 0 0 1
    outer loop
      vertex 55.4 18.2428 2
      vertex 52.4 21.55 2
      vertex 55 18.35 2
    endloop
  endfacet
  facet normal -0 0 1
    outer loop
      vertex 66.0928 17.15 2
      vertex 68 12.55 2
      vertex 66.2 17.55 2
    endloop
  endfacet
  facet normal -0 0 1
    outer loop
      vertex 65.8 16.8572 2
      vertex 68 12.55 2
      vertex 66.0928 17.15 2
    endloop
  endfacet
  facet normal 0 0 1
    outer loop
      vertex 65.3018 12.55 2
      vertex 65.8 16.8572 2
      vertex 65.4 16.75 2
    endloop
  endfacet
  facet normal 0 0 1
    outer loop
      vertex 65.8 16.8572 2
      vertex 65.3018 12.55 2
      vertex 68 12.55 2
    endloop
  endfacet
  facet normal 0 0 1
    outer loop
      vertex 63.707 13.0883 2
      vertex 65.4 16.75 2
      vertex 65 16.8572 2
    endloop
  endfacet
  facet normal 0 0 1
    outer loop
      vertex 63.707 13.0883 2
      vertex 65 16.8572 2
      vertex 64.7072 17.15 2
    endloop
  endfacet
  facet normal 0 0 1
    outer loop
      vertex 63.4928 17.15 2
      vertex 64.7072 17.15 2
      vertex 64.6 17.55 2
    endloop
  endfacet
  facet normal 0 0 1
    outer loop
      vertex 65.4 16.75 2
      vertex 64.5555 12.8309 2
      vertex 65.3018 12.55 2
    endloop
  endfacet
  facet normal 0 0 1
    outer loop
      vertex 64.7072 17.15 2
      vertex 63.4928 17.15 2
      vertex 63.2 16.8572 2
    endloop
  endfacet
  facet normal 0 0 1
    outer loop
      vertex 64.7072 17.15 2
      vertex 63.2 16.8572 2
      vertex 63.707 13.0883 2
    endloop
  endfacet
  facet normal 0 0 1
    outer loop
      vertex 63.2 16.8572 2
      vertex 62.8435 13.2896 2
      vertex 63.707 13.0883 2
    endloop
  endfacet
  facet normal -0 0 1
    outer loop
      vertex 62.8 16.75 2
      vertex 62.8435 13.2896 2
      vertex 63.2 16.8572 2
    endloop
  endfacet
  facet normal 0 0 1
    outer loop
      vertex 61.9686 13.4341 2
      vertex 62.8 16.75 2
      vertex 62.4 16.8572 2
    endloop
  endfacet
  facet normal 0 0 1
    outer loop
      vertex 61.0862 13.521 2
      vertex 62.4 16.8572 2
      vertex 62.1072 17.15 2
    endloop
  endfacet
  facet normal 0 0 1
    outer loop
      vertex 60.8928 17.15 2
      vertex 62.1072 17.15 2
      vertex 62 17.55 2
    endloop
  endfacet
  facet normal 0 0 1
    outer loop
      vertex 62.8 16.75 2
      vertex 61.9686 13.4341 2
      vertex 62.8435 13.2896 2
    endloop
  endfacet
  facet normal 0 0 1
    outer loop
      vertex 62.1072 17.15 2
      vertex 60.8928 17.15 2
      vertex 60.6 16.8572 2
    endloop
  endfacet
  facet normal 0 0 1
    outer loop
      vertex 62.1072 17.15 2
      vertex 60.6 16.8572 2
      vertex 61.0862 13.521 2
    endloop
  endfacet
  facet normal -0 0 1
    outer loop
      vertex 60.2 16.75 2
      vertex 61.0862 13.521 2
      vertex 60.6 16.8572 2
    endloop
  endfacet
  facet normal 0 0 1
    outer loop
      vertex 60.2 16.75 2
      vertex 60.2 13.55 2
      vertex 61.0862 13.521 2
    endloop
  endfacet
  facet normal 0 0 1
    outer loop
      vertex 59.3138 13.521 2
      vertex 60.2 16.75 2
      vertex 59.8 16.8572 2
    endloop
  endfacet
  facet normal 0 0 1
    outer loop
      vertex 58.4314 13.4341 2
      vertex 59.8 16.8572 2
      vertex 59.5072 17.15 2
    endloop
  endfacet
  facet normal 0 0 1
    outer loop
      vertex 58.2928 17.15 2
      vertex 59.5072 17.15 2
      vertex 59.4 17.55 2
    endloop
  endfacet
  facet normal 0 0 1
    outer loop
      vertex 60.2 16.75 2
      vertex 59.3138 13.521 2
      vertex 60.2 13.55 2
    endloop
  endfacet
  facet normal 0 0 1
    outer loop
      vertex 59.5072 17.15 2
      vertex 58.2928 17.15 2
      vertex 58 16.8572 2
    endloop
  endfacet
  facet normal 0 0 1
    outer loop
      vertex 59.5072 17.15 2
      vertex 58 16.8572 2
      vertex 58.4314 13.4341 2
    endloop
  endfacet
  facet normal -0 0 1
    outer loop
      vertex 57.6 16.75 2
      vertex 58.4314 13.4341 2
      vertex 58 16.8572 2
    endloop
  endfacet
  facet normal 0 0 1
    outer loop
      vertex 57.6 16.75 2
      vertex 57.5565 13.2896 2
      vertex 58.4314 13.4341 2
    endloop
  endfacet
  facet normal 0 0 1
    outer loop
      vertex 57.2 16.8572 2
      vertex 57.5565 13.2896 2
      vertex 57.6 16.75 2
    endloop
  endfacet
  facet normal 0 0 1
    outer loop
      vertex 55.8445 12.8309 2
      vertex 57.2 16.8572 2
      vertex 56.9072 17.15 2
    endloop
  endfacet
  facet normal 0 0 1
    outer loop
      vertex 55.6928 17.15 2
      vertex 56.9072 17.15 2
      vertex 56.8 17.55 2
    endloop
  endfacet
  facet normal 0 0 1
    outer loop
      vertex 57.2 16.8572 2
      vertex 56.693 13.0883 2
      vertex 57.5565 13.2896 2
    endloop
  endfacet
  facet normal 0 0 1
    outer loop
      vertex 56.9072 17.15 2
      vertex 55.6928 17.15 2
      vertex 55.4 16.8572 2
    endloop
  endfacet
  facet normal 0 0 1
    outer loop
      vertex 56.9072 17.15 2
      vertex 55.4 16.8572 2
      vertex 55.8445 12.8309 2
    endloop
  endfacet
  facet normal -0 0 1
    outer loop
      vertex 55 16.75 2
      vertex 55.8445 12.8309 2
      vertex 55.4 16.8572 2
    endloop
  endfacet
  facet normal 0 0 1
    outer loop
      vertex 55.8445 12.8309 2
      vertex 55 16.75 2
      vertex 55.0982 12.55 2
    endloop
  endfacet
  facet normal 0 0 1
    outer loop
      vertex 54.6 16.8572 2
      vertex 55.0982 12.55 2
      vertex 55 16.75 2
    endloop
  endfacet
  facet normal 0 0 1
    outer loop
      vertex 52.4 12.55 2
      vertex 54.6 16.8572 2
      vertex 54.3072 17.15 2
    endloop
  endfacet
  facet normal 0 0 1
    outer loop
      vertex 52.4 12.55 2
      vertex 54.3072 17.15 2
      vertex 54.2 17.55 2
    endloop
  endfacet
  facet normal 0 0 1
    outer loop
      vertex 52.4 12.55 2
      vertex 54.2 17.55 2
      vertex 52.4 21.55 2
    endloop
  endfacet
  facet normal 0 0 1
    outer loop
      vertex 54.6 16.8572 2
      vertex 52.4 12.55 2
      vertex 55.0982 12.55 2
    endloop
  endfacet
  facet normal 1 -0 0
    outer loop
      vertex 68 12.55 2
      vertex 68 21.55 0
      vertex 68 21.55 2
    endloop
  endfacet
  facet normal 1 0 0
    outer loop
      vertex 68 21.55 0
      vertex 68 12.55 2
      vertex 68 12.55 0
    endloop
  endfacet
  facet normal 0 1 -0
    outer loop
      vertex 68 21.55 0
      vertex 52.4 21.55 2
      vertex 68 21.55 2
    endloop
  endfacet
  facet normal 0 1 0
    outer loop
      vertex 52.4 21.55 2
      vertex 68 21.55 0
      vertex 52.4 21.55 0
    endloop
  endfacet
  facet normal 0 -1 0
    outer loop
      vertex 65.3018 12.55 0
      vertex 68 12.55 2
      vertex 65.3018 12.55 2
    endloop
  endfacet
  facet normal 0 -1 -0
    outer loop
      vertex 68 12.55 2
      vertex 65.3018 12.55 0
      vertex 68 12.55 0
    endloop
  endfacet
  facet normal 0 -1 0
    outer loop
      vertex 52.4 12.55 0
      vertex 55.0982 12.55 2
      vertex 52.4 12.55 2
    endloop
  endfacet
  facet normal 0 -1 -0
    outer loop
      vertex 55.0982 12.55 2
      vertex 52.4 12.55 0
      vertex 55.0982 12.55 0
    endloop
  endfacet
  facet normal -0.999463 -0.0327561 0
    outer loop
      vertex 71.35 0 0
      vertex 71.3261 0.729244 8
      vertex 71.3261 0.729244 0
    endloop
  endfacet
  facet normal -0.999463 -0.0327561 0
    outer loop
      vertex 71.3261 0.729244 8
      vertex 71.35 0 0
      vertex 71.35 0 8
    endloop
  endfacet
  facet normal 0.999463 -0.0327561 0
    outer loop
      vertex 49.05 0 8
      vertex 49.0739 0.729244 2
      vertex 49.0739 0.729244 8
    endloop
  endfacet
  facet normal 0.999463 -0.0327561 0
    outer loop
      vertex 49.0739 0.729244 2
      vertex 49.05 0 8
      vertex 49.05 0 2
    endloop
  endfacet
  facet normal -0.0327581 -0.999463 0
    outer loop
      vertex 60.2 11.15 0
      vertex 60.9292 11.1261 8
      vertex 60.2 11.15 8
    endloop
  endfacet
  facet normal -0.0327581 -0.999463 -0
    outer loop
      vertex 60.9292 11.1261 8
      vertex 60.2 11.15 0
      vertex 60.9292 11.1261 0
    endloop
  endfacet
  facet normal -0.683614 -0.729844 0
    outer loop
      vertex 67.5517 8.38301 0
      vertex 68.0842 7.88424 8
      vertex 67.5517 8.38301 8
    endloop
  endfacet
  facet normal -0.683614 -0.729844 -0
    outer loop
      vertex 68.0842 7.88424 8
      vertex 67.5517 8.38301 0
      vertex 68.0842 7.88424 0
    endloop
  endfacet
  facet normal 0.683614 -0.729844 0
    outer loop
      vertex 52.3158 7.88424 0
      vertex 52.8483 8.38301 8
      vertex 52.3158 7.88424 8
    endloop
  endfacet
  facet normal 0.683614 -0.729844 0
    outer loop
      vertex 52.8483 8.38301 8
      vertex 52.3158 7.88424 0
      vertex 52.8483 8.38301 0
    endloop
  endfacet
  facet normal 0.35222 -0.935917 0
    outer loop
      vertex 55.9331 10.3013 0
      vertex 56.616 10.5583 8
      vertex 55.9331 10.3013 8
    endloop
  endfacet
  facet normal 0.35222 -0.935917 0
    outer loop
      vertex 56.616 10.5583 8
      vertex 55.9331 10.3013 0
      vertex 56.616 10.5583 0
    endloop
  endfacet
  facet normal -0.910826 -0.412791 0
    outer loop
      vertex 70.5013 4.26692 0
      vertex 70.2001 4.93152 8
      vertex 70.2001 4.93152 0
    endloop
  endfacet
  facet normal -0.910826 -0.412791 0
    outer loop
      vertex 70.2001 4.93152 8
      vertex 70.5013 4.26692 0
      vertex 70.5013 4.26692 8
    endloop
  endfacet
  facet normal -0.412791 -0.910826 0
    outer loop
      vertex 64.4669 10.3013 0
      vertex 65.1315 10.0001 8
      vertex 64.4669 10.3013 8
    endloop
  endfacet
  facet normal -0.412791 -0.910826 -0
    outer loop
      vertex 65.1315 10.0001 8
      vertex 64.4669 10.3013 0
      vertex 65.1315 10.0001 0
    endloop
  endfacet
  facet normal -0.528066 -0.849203 0
    outer loop
      vertex 65.775 9.65618 0
      vertex 66.3946 9.27089 8
      vertex 65.775 9.65618 8
    endloop
  endfacet
  facet normal -0.528066 -0.849203 -0
    outer loop
      vertex 66.3946 9.27089 8
      vertex 65.775 9.65618 0
      vertex 66.3946 9.27089 0
    endloop
  endfacet
  facet normal 0.910826 -0.412791 0
    outer loop
      vertex 49.8987 4.26692 8
      vertex 50.1999 4.93152 0
      vertex 50.1999 4.93152 8
    endloop
  endfacet
  facet normal 0.910826 -0.412791 0
    outer loop
      vertex 50.1999 4.93152 0
      vertex 49.8987 4.26692 8
      vertex 49.8987 4.26692 0
    endloop
  endfacet
  facet normal 0.162821 -0.986656 0
    outer loop
      vertex 58.0247 10.9358 0
      vertex 58.7446 11.0546 8
      vertex 58.0247 10.9358 8
    endloop
  endfacet
  facet normal 0.162821 -0.986656 0
    outer loop
      vertex 58.7446 11.0546 8
      vertex 58.0247 10.9358 0
      vertex 58.7446 11.0546 0
    endloop
  endfacet
  facet normal 0.729843 0.683615 0
    outer loop
      vertex 52.3158 -7.88424 8
      vertex 51.817 -7.35171 0
      vertex 51.817 -7.35171 8
    endloop
  endfacet
  facet normal 0.729843 0.683615 0
    outer loop
      vertex 51.817 -7.35171 0
      vertex 52.3158 -7.88424 8
      vertex 52.3158 -7.88424 0
    endloop
  endfacet
  facet normal 0.995187 0.0979938 0
    outer loop
      vertex 49.1454 -1.45537 8
      vertex 49.0739 -0.729244 2
      vertex 49.0739 -0.729244 8
    endloop
  endfacet
  facet normal 0.995187 0.0979938 0
    outer loop
      vertex 49.0739 -0.729244 2
      vertex 49.1454 -1.45537 8
      vertex 49.1454 -1.45537 2
    endloop
  endfacet
  facet normal -0.973871 -0.2271 0
    outer loop
      vertex 71.1358 2.17526 0
      vertex 70.9701 2.88583 8
      vertex 70.9701 2.88583 0
    endloop
  endfacet
  facet normal -0.973871 -0.2271 0
    outer loop
      vertex 70.9701 2.88583 8
      vertex 71.1358 2.17526 0
      vertex 71.1358 2.17526 8
    endloop
  endfacet
  facet normal -0.812844 -0.582482 0
    outer loop
      vertex 69.4709 6.19461 0
      vertex 69.0459 6.78769 8
      vertex 69.0459 6.78769 0
    endloop
  endfacet
  facet normal -0.812844 -0.582482 0
    outer loop
      vertex 69.0459 6.78769 8
      vertex 69.4709 6.19461 0
      vertex 69.4709 6.19461 8
    endloop
  endfacet
  facet normal -0.772997 -0.63441 0
    outer loop
      vertex 69.0459 6.78769 0
      vertex 68.583 7.35171 8
      vertex 68.583 7.35171 0
    endloop
  endfacet
  facet normal -0.772997 -0.63441 0
    outer loop
      vertex 68.583 7.35171 8
      vertex 69.0459 6.78769 0
      vertex 69.0459 6.78769 8
    endloop
  endfacet
  facet normal -0.881948 -0.471346 0
    outer loop
      vertex 70.2001 4.93152 0
      vertex 69.8562 5.575 8
      vertex 69.8562 5.575 0
    endloop
  endfacet
  facet normal -0.881948 -0.471346 0
    outer loop
      vertex 69.8562 5.575 8
      vertex 70.2001 4.93152 0
      vertex 70.2001 4.93152 8
    endloop
  endfacet
  facet normal -0.227121 -0.973866 0
    outer loop
      vertex 62.3753 10.9358 0
      vertex 63.0858 10.7701 8
      vertex 62.3753 10.9358 8
    endloop
  endfacet
  facet normal -0.227121 -0.973866 -0
    outer loop
      vertex 63.0858 10.7701 8
      vertex 62.3753 10.9358 0
      vertex 63.0858 10.7701 0
    endloop
  endfacet
  facet normal -0.290289 -0.956939 0
    outer loop
      vertex 63.0858 10.7701 0
      vertex 63.784 10.5583 8
      vertex 63.0858 10.7701 8
    endloop
  endfacet
  facet normal -0.290289 -0.956939 -0
    outer loop
      vertex 63.784 10.5583 8
      vertex 63.0858 10.7701 0
      vertex 63.784 10.5583 0
    endloop
  endfacet
  facet normal -0.471356 -0.881943 0
    outer loop
      vertex 65.1315 10.0001 0
      vertex 65.775 9.65618 8
      vertex 65.1315 10.0001 8
    endloop
  endfacet
  facet normal -0.471356 -0.881943 -0
    outer loop
      vertex 65.775 9.65618 8
      vertex 65.1315 10.0001 0
      vertex 65.775 9.65618 0
    endloop
  endfacet
  facet normal -0.582469 -0.812853 0
    outer loop
      vertex 66.3946 9.27089 0
      vertex 66.9877 8.84589 8
      vertex 66.3946 9.27089 8
    endloop
  endfacet
  facet normal -0.582469 -0.812853 -0
    outer loop
      vertex 66.9877 8.84589 8
      vertex 66.3946 9.27089 0
      vertex 66.9877 8.84589 0
    endloop
  endfacet
  facet normal 0.973871 -0.2271 0
    outer loop
      vertex 49.2642 2.17526 8
      vertex 49.4299 2.88583 2
      vertex 49.4299 2.88583 8
    endloop
  endfacet
  facet normal 0.973871 -0.2271 0
    outer loop
      vertex 49.4299 2.88583 2
      vertex 49.2642 2.17526 8
      vertex 49.2642 2.17526 2
    endloop
  endfacet
  facet normal 0.772997 -0.63441 0
    outer loop
      vertex 51.3541 6.78769 8
      vertex 51.817 7.35171 0
      vertex 51.817 7.35171 8
    endloop
  endfacet
  facet normal 0.772997 -0.63441 0
    outer loop
      vertex 51.817 7.35171 0
      vertex 51.3541 6.78769 8
      vertex 51.3541 6.78769 0
    endloop
  endfacet
  facet normal 0.729843 -0.683615 0
    outer loop
      vertex 51.817 7.35171 8
      vertex 52.3158 7.88424 0
      vertex 52.3158 7.88424 8
    endloop
  endfacet
  facet normal 0.729843 -0.683615 0
    outer loop
      vertex 52.3158 7.88424 0
      vertex 51.817 7.35171 8
      vertex 51.817 7.35171 0
    endloop
  endfacet
  facet normal 0.849201 -0.52807 0
    outer loop
      vertex 50.5438 5.575 8
      vertex 50.9291 6.19461 0
      vertex 50.9291 6.19461 8
    endloop
  endfacet
  facet normal 0.849201 -0.52807 0
    outer loop
      vertex 50.9291 6.19461 0
      vertex 50.5438 5.575 8
      vertex 50.5438 5.575 0
    endloop
  endfacet
  facet normal 0.956972 -0.29018 0
    outer loop
      vertex 49.6417 3.58405 8
      vertex 49.4646 3 2
      vertex 49.6417 3.58405 0
    endloop
  endfacet
  facet normal 0.956941 -0.290281 1.07423e-05
    outer loop
      vertex 49.4299 2.88583 8
      vertex 49.4646 3 2
      vertex 49.6417 3.58405 8
    endloop
  endfacet
  facet normal 0.956784 -0.290798 0
    outer loop
      vertex 49.4646 3 2
      vertex 49.4299 2.88583 8
      vertex 49.4299 2.88583 2
    endloop
  endfacet
  facet normal 0.956972 -0.29018 0
    outer loop
      vertex 49.6417 3.58405 0
      vertex 49.4646 3 2
      vertex 49.4646 3 0
    endloop
  endfacet
  facet normal 0.528066 -0.849203 0
    outer loop
      vertex 54.0054 9.27089 0
      vertex 54.625 9.65618 8
      vertex 54.0054 9.27089 8
    endloop
  endfacet
  facet normal 0.528066 -0.849203 0
    outer loop
      vertex 54.625 9.65618 8
      vertex 54.0054 9.27089 0
      vertex 54.625 9.65618 0
    endloop
  endfacet
  facet normal 0.471356 -0.881943 0
    outer loop
      vertex 54.625 9.65618 0
      vertex 55.2685 10.0001 8
      vertex 54.625 9.65618 8
    endloop
  endfacet
  facet normal 0.471356 -0.881943 0
    outer loop
      vertex 55.2685 10.0001 8
      vertex 54.625 9.65618 0
      vertex 55.2685 10.0001 0
    endloop
  endfacet
  facet normal 0.634407 -0.772999 0
    outer loop
      vertex 52.8483 8.38301 0
      vertex 53.4123 8.84589 8
      vertex 52.8483 8.38301 8
    endloop
  endfacet
  facet normal 0.634407 -0.772999 0
    outer loop
      vertex 53.4123 8.84589 8
      vertex 52.8483 8.38301 0
      vertex 53.4123 8.84589 0
    endloop
  endfacet
  facet normal 0.227121 -0.973866 0
    outer loop
      vertex 57.3142 10.7701 0
      vertex 58.0247 10.9358 8
      vertex 57.3142 10.7701 8
    endloop
  endfacet
  facet normal 0.227121 -0.973866 0
    outer loop
      vertex 58.0247 10.9358 8
      vertex 57.3142 10.7701 0
      vertex 58.0247 10.9358 0
    endloop
  endfacet
  facet normal 0.0327581 -0.999463 0
    outer loop
      vertex 59.4708 11.1261 0
      vertex 60.2 11.15 8
      vertex 59.4708 11.1261 8
    endloop
  endfacet
  facet normal 0.0327581 -0.999463 0
    outer loop
      vertex 60.2 11.15 8
      vertex 59.4708 11.1261 0
      vertex 60.2 11.15 0
    endloop
  endfacet
  facet normal -0.986655 0.162823 0
    outer loop
      vertex 71.1358 -2.17526 0
      vertex 71.2546 -1.45537 8
      vertex 71.2546 -1.45537 0
    endloop
  endfacet
  facet normal -0.986655 0.162823 0
    outer loop
      vertex 71.2546 -1.45537 8
      vertex 71.1358 -2.17526 0
      vertex 71.1358 -2.17526 8
    endloop
  endfacet
  facet normal -0.162821 0.986656 0
    outer loop
      vertex 62.3753 -10.9358 0
      vertex 61.6554 -11.0546 8
      vertex 62.3753 -10.9358 8
    endloop
  endfacet
  facet normal -0.162821 0.986656 0
    outer loop
      vertex 61.6554 -11.0546 8
      vertex 62.3753 -10.9358 0
      vertex 61.6554 -11.0546 0
    endloop
  endfacet
  facet normal -0.634407 0.772999 0
    outer loop
      vertex 67.5517 -8.38301 0
      vertex 66.9877 -8.84589 8
      vertex 67.5517 -8.38301 8
    endloop
  endfacet
  facet normal -0.634407 0.772999 0
    outer loop
      vertex 66.9877 -8.84589 8
      vertex 67.5517 -8.38301 0
      vertex 66.9877 -8.84589 0
    endloop
  endfacet
  facet normal -0.729843 0.683615 0
    outer loop
      vertex 68.0842 -7.88424 0
      vertex 68.583 -7.35171 8
      vertex 68.583 -7.35171 0
    endloop
  endfacet
  facet normal -0.729843 0.683615 0
    outer loop
      vertex 68.583 -7.35171 8
      vertex 68.0842 -7.88424 0
      vertex 68.0842 -7.88424 8
    endloop
  endfacet
  facet normal -0.582469 0.812853 0
    outer loop
      vertex 66.9877 -8.84589 0
      vertex 66.3946 -9.27089 8
      vertex 66.9877 -8.84589 8
    endloop
  endfacet
  facet normal -0.582469 0.812853 0
    outer loop
      vertex 66.3946 -9.27089 8
      vertex 66.9877 -8.84589 0
      vertex 66.3946 -9.27089 0
    endloop
  endfacet
  facet normal -0.471356 0.881943 0
    outer loop
      vertex 65.775 -9.65618 0
      vertex 65.1315 -10.0001 8
      vertex 65.775 -9.65618 8
    endloop
  endfacet
  facet normal -0.471356 0.881943 0
    outer loop
      vertex 65.1315 -10.0001 8
      vertex 65.775 -9.65618 0
      vertex 65.1315 -10.0001 0
    endloop
  endfacet
  facet normal -0.956941 0.290281 0
    outer loop
      vertex 70.7583 -3.58405 0
      vertex 70.9701 -2.88583 8
      vertex 70.9701 -2.88583 0
    endloop
  endfacet
  facet normal -0.956941 0.290281 0
    outer loop
      vertex 70.9701 -2.88583 8
      vertex 70.7583 -3.58405 0
      vertex 70.7583 -3.58405 8
    endloop
  endfacet
  facet normal 0.634407 0.772999 -0
    outer loop
      vertex 53.4123 -8.84589 0
      vertex 52.8483 -8.38301 8
      vertex 53.4123 -8.84589 8
    endloop
  endfacet
  facet normal 0.634407 0.772999 0
    outer loop
      vertex 52.8483 -8.38301 8
      vertex 53.4123 -8.84589 0
      vertex 52.8483 -8.38301 0
    endloop
  endfacet
  facet normal 0.683614 0.729844 -0
    outer loop
      vertex 52.8483 -8.38301 0
      vertex 52.3158 -7.88424 8
      vertex 52.8483 -8.38301 8
    endloop
  endfacet
  facet normal 0.683614 0.729844 0
    outer loop
      vertex 52.3158 -7.88424 8
      vertex 52.8483 -8.38301 0
      vertex 52.3158 -7.88424 0
    endloop
  endfacet
  facet normal 0.412791 0.910826 -0
    outer loop
      vertex 55.9331 -10.3013 0
      vertex 55.2685 -10.0001 8
      vertex 55.9331 -10.3013 8
    endloop
  endfacet
  facet normal 0.412791 0.910826 0
    outer loop
      vertex 55.2685 -10.0001 8
      vertex 55.9331 -10.3013 0
      vertex 55.2685 -10.0001 0
    endloop
  endfacet
  facet normal 0.528066 0.849203 -0
    outer loop
      vertex 54.625 -9.65618 0
      vertex 54.0054 -9.27089 8
      vertex 54.625 -9.65618 8
    endloop
  endfacet
  facet normal 0.528066 0.849203 0
    outer loop
      vertex 54.0054 -9.27089 8
      vertex 54.625 -9.65618 0
      vertex 54.0054 -9.27089 0
    endloop
  endfacet
  facet normal 0.849201 0.52807 0
    outer loop
      vertex 50.9291 -6.19461 8
      vertex 50.5438 -5.575 0
      vertex 50.5438 -5.575 8
    endloop
  endfacet
  facet normal 0.849201 0.52807 0
    outer loop
      vertex 50.5438 -5.575 0
      vertex 50.9291 -6.19461 8
      vertex 50.9291 -6.19461 0
    endloop
  endfacet
  facet normal 0.973871 0.2271 0
    outer loop
      vertex 49.4299 -2.88583 8
      vertex 49.2642 -2.17526 2
      vertex 49.2642 -2.17526 8
    endloop
  endfacet
  facet normal 0.973871 0.2271 0
    outer loop
      vertex 49.2642 -2.17526 2
      vertex 49.4299 -2.88583 8
      vertex 49.4299 -2.88583 2
    endloop
  endfacet
  facet normal 0.956784 0.290798 0
    outer loop
      vertex 49.4299 -2.88583 8
      vertex 49.4646 -3 2
      vertex 49.4299 -2.88583 2
    endloop
  endfacet
  facet normal 0.956941 0.290281 1.07423e-05
    outer loop
      vertex 49.6417 -3.58405 8
      vertex 49.4646 -3 2
      vertex 49.4299 -2.88583 8
    endloop
  endfacet
  facet normal 0.956972 0.29018 -0
    outer loop
      vertex 49.6417 -3.58405 0
      vertex 49.4646 -3 2
      vertex 49.6417 -3.58405 8
    endloop
  endfacet
  facet normal 0.956972 0.29018 0
    outer loop
      vertex 49.4646 -3 2
      vertex 49.6417 -3.58405 0
      vertex 49.4646 -3 0
    endloop
  endfacet
  facet normal 0.999463 0.0327561 0
    outer loop
      vertex 49.0739 -0.729244 8
      vertex 49.05 0 2
      vertex 49.05 0 8
    endloop
  endfacet
  facet normal 0.999463 0.0327561 0
    outer loop
      vertex 49.05 0 2
      vertex 49.0739 -0.729244 8
      vertex 49.0739 -0.729244 2
    endloop
  endfacet
  facet normal -0.986655 -0.162823 0
    outer loop
      vertex 71.2546 1.45537 0
      vertex 71.1358 2.17526 8
      vertex 71.1358 2.17526 0
    endloop
  endfacet
  facet normal -0.986655 -0.162823 0
    outer loop
      vertex 71.1358 2.17526 8
      vertex 71.2546 1.45537 0
      vertex 71.2546 1.45537 8
    endloop
  endfacet
  facet normal -0.995187 -0.0979938 0
    outer loop
      vertex 71.3261 0.729244 0
      vertex 71.2546 1.45537 8
      vertex 71.2546 1.45537 0
    endloop
  endfacet
  facet normal -0.995187 -0.0979938 0
    outer loop
      vertex 71.2546 1.45537 8
      vertex 71.3261 0.729244 0
      vertex 71.3261 0.729244 8
    endloop
  endfacet
  facet normal -0.956941 -0.290281 0
    outer loop
      vertex 70.9701 2.88583 0
      vertex 70.7583 3.58405 8
      vertex 70.7583 3.58405 0
    endloop
  endfacet
  facet normal -0.956941 -0.290281 0
    outer loop
      vertex 70.7583 3.58405 8
      vertex 70.9701 2.88583 0
      vertex 70.9701 2.88583 8
    endloop
  endfacet
  facet normal -0.935912 -0.352233 0
    outer loop
      vertex 70.7583 3.58405 0
      vertex 70.5013 4.26692 8
      vertex 70.5013 4.26692 0
    endloop
  endfacet
  facet normal -0.935912 -0.352233 0
    outer loop
      vertex 70.5013 4.26692 8
      vertex 70.7583 3.58405 0
      vertex 70.7583 3.58405 8
    endloop
  endfacet
  facet normal -0.35222 -0.935917 0
    outer loop
      vertex 63.784 10.5583 0
      vertex 64.4669 10.3013 8
      vertex 63.784 10.5583 8
    endloop
  endfacet
  facet normal -0.35222 -0.935917 -0
    outer loop
      vertex 64.4669 10.3013 8
      vertex 63.784 10.5583 0
      vertex 64.4669 10.3013 0
    endloop
  endfacet
  facet normal -0.162821 -0.986656 0
    outer loop
      vertex 61.6554 11.0546 0
      vertex 62.3753 10.9358 8
      vertex 61.6554 11.0546 8
    endloop
  endfacet
  facet normal -0.162821 -0.986656 -0
    outer loop
      vertex 62.3753 10.9358 8
      vertex 61.6554 11.0546 0
      vertex 62.3753 10.9358 0
    endloop
  endfacet
  facet normal -0.0979839 -0.995188 0
    outer loop
      vertex 60.9292 11.1261 0
      vertex 61.6554 11.0546 8
      vertex 60.9292 11.1261 8
    endloop
  endfacet
  facet normal -0.0979839 -0.995188 -0
    outer loop
      vertex 61.6554 11.0546 8
      vertex 60.9292 11.1261 0
      vertex 61.6554 11.0546 0
    endloop
  endfacet
  facet normal -0.634407 -0.772999 0
    outer loop
      vertex 66.9877 8.84589 0
      vertex 67.5517 8.38301 8
      vertex 66.9877 8.84589 8
    endloop
  endfacet
  facet normal -0.634407 -0.772999 -0
    outer loop
      vertex 67.5517 8.38301 8
      vertex 66.9877 8.84589 0
      vertex 67.5517 8.38301 0
    endloop
  endfacet
  facet normal 0.812844 -0.582482 0
    outer loop
      vertex 50.9291 6.19461 8
      vertex 51.3541 6.78769 0
      vertex 51.3541 6.78769 8
    endloop
  endfacet
  facet normal 0.812844 -0.582482 0
    outer loop
      vertex 51.3541 6.78769 0
      vertex 50.9291 6.19461 8
      vertex 50.9291 6.19461 0
    endloop
  endfacet
  facet normal 0.881948 -0.471346 0
    outer loop
      vertex 50.1999 4.93152 8
      vertex 50.5438 5.575 0
      vertex 50.5438 5.575 8
    endloop
  endfacet
  facet normal 0.881948 -0.471346 0
    outer loop
      vertex 50.5438 5.575 0
      vertex 50.1999 4.93152 8
      vertex 50.1999 4.93152 0
    endloop
  endfacet
  facet normal 0.935912 -0.352233 0
    outer loop
      vertex 49.6417 3.58405 8
      vertex 49.8987 4.26692 0
      vertex 49.8987 4.26692 8
    endloop
  endfacet
  facet normal 0.935912 -0.352233 0
    outer loop
      vertex 49.8987 4.26692 0
      vertex 49.6417 3.58405 8
      vertex 49.6417 3.58405 0
    endloop
  endfacet
  facet normal 0.986655 -0.162823 0
    outer loop
      vertex 49.1454 1.45537 8
      vertex 49.2642 2.17526 2
      vertex 49.2642 2.17526 8
    endloop
  endfacet
  facet normal 0.986655 -0.162823 0
    outer loop
      vertex 49.2642 2.17526 2
      vertex 49.1454 1.45537 8
      vertex 49.1454 1.45537 2
    endloop
  endfacet
  facet normal 0.995187 -0.0979938 0
    outer loop
      vertex 49.0739 0.729244 8
      vertex 49.1454 1.45537 2
      vertex 49.1454 1.45537 8
    endloop
  endfacet
  facet normal 0.995187 -0.0979938 0
    outer loop
      vertex 49.1454 1.45537 2
      vertex 49.0739 0.729244 8
      vertex 49.0739 0.729244 2
    endloop
  endfacet
  facet normal -0.999463 0.0327561 0
    outer loop
      vertex 71.3261 -0.729244 0
      vertex 71.35 0 8
      vertex 71.35 0 0
    endloop
  endfacet
  facet normal -0.999463 0.0327561 0
    outer loop
      vertex 71.35 0 8
      vertex 71.3261 -0.729244 0
      vertex 71.3261 -0.729244 8
    endloop
  endfacet
  facet normal -0.0327581 0.999463 0
    outer loop
      vertex 60.9292 -11.1261 0
      vertex 60.2 -11.15 8
      vertex 60.9292 -11.1261 8
    endloop
  endfacet
  facet normal -0.0327581 0.999463 0
    outer loop
      vertex 60.2 -11.15 8
      vertex 60.9292 -11.1261 0
      vertex 60.2 -11.15 0
    endloop
  endfacet
  facet normal -0.290289 0.956939 0
    outer loop
      vertex 63.784 -10.5583 0
      vertex 63.0858 -10.7701 8
      vertex 63.784 -10.5583 8
    endloop
  endfacet
  facet normal -0.290289 0.956939 0
    outer loop
      vertex 63.0858 -10.7701 8
      vertex 63.784 -10.5583 0
      vertex 63.0858 -10.7701 0
    endloop
  endfacet
  facet normal -0.412791 0.910826 0
    outer loop
      vertex 65.1315 -10.0001 0
      vertex 64.4669 -10.3013 8
      vertex 65.1315 -10.0001 8
    endloop
  endfacet
  facet normal -0.412791 0.910826 0
    outer loop
      vertex 64.4669 -10.3013 8
      vertex 65.1315 -10.0001 0
      vertex 64.4669 -10.3013 0
    endloop
  endfacet
  facet normal -0.35222 0.935917 0
    outer loop
      vertex 64.4669 -10.3013 0
      vertex 63.784 -10.5583 8
      vertex 64.4669 -10.3013 8
    endloop
  endfacet
  facet normal -0.35222 0.935917 0
    outer loop
      vertex 63.784 -10.5583 8
      vertex 64.4669 -10.3013 0
      vertex 63.784 -10.5583 0
    endloop
  endfacet
  facet normal -0.683614 0.729844 0
    outer loop
      vertex 68.0842 -7.88424 0
      vertex 67.5517 -8.38301 8
      vertex 68.0842 -7.88424 8
    endloop
  endfacet
  facet normal -0.683614 0.729844 0
    outer loop
      vertex 67.5517 -8.38301 8
      vertex 68.0842 -7.88424 0
      vertex 67.5517 -8.38301 0
    endloop
  endfacet
  facet normal -0.528066 0.849203 0
    outer loop
      vertex 66.3946 -9.27089 0
      vertex 65.775 -9.65618 8
      vertex 66.3946 -9.27089 8
    endloop
  endfacet
  facet normal -0.528066 0.849203 0
    outer loop
      vertex 65.775 -9.65618 8
      vertex 66.3946 -9.27089 0
      vertex 65.775 -9.65618 0
    endloop
  endfacet
  facet normal -0.849201 0.52807 0
    outer loop
      vertex 69.4709 -6.19461 0
      vertex 69.8562 -5.575 8
      vertex 69.8562 -5.575 0
    endloop
  endfacet
  facet normal -0.849201 0.52807 0
    outer loop
      vertex 69.8562 -5.575 8
      vertex 69.4709 -6.19461 0
      vertex 69.4709 -6.19461 8
    endloop
  endfacet
  facet normal -0.772997 0.63441 0
    outer loop
      vertex 68.583 -7.35171 0
      vertex 69.0459 -6.78769 8
      vertex 69.0459 -6.78769 0
    endloop
  endfacet
  facet normal -0.772997 0.63441 0
    outer loop
      vertex 69.0459 -6.78769 8
      vertex 68.583 -7.35171 0
      vertex 68.583 -7.35171 8
    endloop
  endfacet
  facet normal -0.812844 0.582482 0
    outer loop
      vertex 69.0459 -6.78769 0
      vertex 69.4709 -6.19461 8
      vertex 69.4709 -6.19461 0
    endloop
  endfacet
  facet normal -0.812844 0.582482 0
    outer loop
      vertex 69.4709 -6.19461 8
      vertex 69.0459 -6.78769 0
      vertex 69.0459 -6.78769 8
    endloop
  endfacet
  facet normal -0.881948 0.471346 0
    outer loop
      vertex 69.8562 -5.575 0
      vertex 70.2001 -4.93152 8
      vertex 70.2001 -4.93152 0
    endloop
  endfacet
  facet normal -0.881948 0.471346 0
    outer loop
      vertex 70.2001 -4.93152 8
      vertex 69.8562 -5.575 0
      vertex 69.8562 -5.575 8
    endloop
  endfacet
  facet normal -0.935912 0.352233 0
    outer loop
      vertex 70.5013 -4.26692 0
      vertex 70.7583 -3.58405 8
      vertex 70.7583 -3.58405 0
    endloop
  endfacet
  facet normal -0.935912 0.352233 0
    outer loop
      vertex 70.7583 -3.58405 8
      vertex 70.5013 -4.26692 0
      vertex 70.5013 -4.26692 8
    endloop
  endfacet
  facet normal -0.910826 0.412791 0
    outer loop
      vertex 70.2001 -4.93152 0
      vertex 70.5013 -4.26692 8
      vertex 70.5013 -4.26692 0
    endloop
  endfacet
  facet normal -0.910826 0.412791 0
    outer loop
      vertex 70.5013 -4.26692 8
      vertex 70.2001 -4.93152 0
      vertex 70.2001 -4.93152 8
    endloop
  endfacet
  facet normal -0.973871 0.2271 0
    outer loop
      vertex 70.9701 -2.88583 0
      vertex 71.1358 -2.17526 8
      vertex 71.1358 -2.17526 0
    endloop
  endfacet
  facet normal -0.973871 0.2271 0
    outer loop
      vertex 71.1358 -2.17526 8
      vertex 70.9701 -2.88583 0
      vertex 70.9701 -2.88583 8
    endloop
  endfacet
  facet normal 0.471356 0.881943 -0
    outer loop
      vertex 55.2685 -10.0001 0
      vertex 54.625 -9.65618 8
      vertex 55.2685 -10.0001 8
    endloop
  endfacet
  facet normal 0.471356 0.881943 0
    outer loop
      vertex 54.625 -9.65618 8
      vertex 55.2685 -10.0001 0
      vertex 54.625 -9.65618 0
    endloop
  endfacet
  facet normal 0.227121 0.973866 -0
    outer loop
      vertex 58.0247 -10.9358 0
      vertex 57.3142 -10.7701 8
      vertex 58.0247 -10.9358 8
    endloop
  endfacet
  facet normal 0.227121 0.973866 0
    outer loop
      vertex 57.3142 -10.7701 8
      vertex 58.0247 -10.9358 0
      vertex 57.3142 -10.7701 0
    endloop
  endfacet
  facet normal 0.35222 0.935917 -0
    outer loop
      vertex 56.616 -10.5583 0
      vertex 55.9331 -10.3013 8
      vertex 56.616 -10.5583 8
    endloop
  endfacet
  facet normal 0.35222 0.935917 0
    outer loop
      vertex 55.9331 -10.3013 8
      vertex 56.616 -10.5583 0
      vertex 55.9331 -10.3013 0
    endloop
  endfacet
  facet normal 0.290289 0.956939 -0
    outer loop
      vertex 57.3142 -10.7701 0
      vertex 56.616 -10.5583 8
      vertex 57.3142 -10.7701 8
    endloop
  endfacet
  facet normal 0.290289 0.956939 0
    outer loop
      vertex 56.616 -10.5583 8
      vertex 57.3142 -10.7701 0
      vertex 56.616 -10.5583 0
    endloop
  endfacet
  facet normal 0.0979839 0.995188 -0
    outer loop
      vertex 59.4708 -11.1261 0
      vertex 58.7446 -11.0546 8
      vertex 59.4708 -11.1261 8
    endloop
  endfacet
  facet normal 0.0979839 0.995188 0
    outer loop
      vertex 58.7446 -11.0546 8
      vertex 59.4708 -11.1261 0
      vertex 58.7446 -11.0546 0
    endloop
  endfacet
  facet normal 0.162821 0.986656 -0
    outer loop
      vertex 58.7446 -11.0546 0
      vertex 58.0247 -10.9358 8
      vertex 58.7446 -11.0546 8
    endloop
  endfacet
  facet normal 0.162821 0.986656 0
    outer loop
      vertex 58.0247 -10.9358 8
      vertex 58.7446 -11.0546 0
      vertex 58.0247 -10.9358 0
    endloop
  endfacet
  facet normal 0.0327581 0.999463 -0
    outer loop
      vertex 60.2 -11.15 0
      vertex 59.4708 -11.1261 8
      vertex 60.2 -11.15 8
    endloop
  endfacet
  facet normal 0.0327581 0.999463 0
    outer loop
      vertex 59.4708 -11.1261 8
      vertex 60.2 -11.15 0
      vertex 59.4708 -11.1261 0
    endloop
  endfacet
  facet normal 0.910826 0.412791 0
    outer loop
      vertex 50.1999 -4.93152 8
      vertex 49.8987 -4.26692 0
      vertex 49.8987 -4.26692 8
    endloop
  endfacet
  facet normal 0.910826 0.412791 0
    outer loop
      vertex 49.8987 -4.26692 0
      vertex 50.1999 -4.93152 8
      vertex 50.1999 -4.93152 0
    endloop
  endfacet
  facet normal 0.881948 0.471346 0
    outer loop
      vertex 50.5438 -5.575 8
      vertex 50.1999 -4.93152 0
      vertex 50.1999 -4.93152 8
    endloop
  endfacet
  facet normal 0.881948 0.471346 0
    outer loop
      vertex 50.1999 -4.93152 0
      vertex 50.5438 -5.575 8
      vertex 50.5438 -5.575 0
    endloop
  endfacet
  facet normal 0.812844 0.582482 0
    outer loop
      vertex 51.3541 -6.78769 8
      vertex 50.9291 -6.19461 0
      vertex 50.9291 -6.19461 8
    endloop
  endfacet
  facet normal 0.812844 0.582482 0
    outer loop
      vertex 50.9291 -6.19461 0
      vertex 51.3541 -6.78769 8
      vertex 51.3541 -6.78769 0
    endloop
  endfacet
  facet normal 0.935912 0.352233 0
    outer loop
      vertex 49.8987 -4.26692 8
      vertex 49.6417 -3.58405 0
      vertex 49.6417 -3.58405 8
    endloop
  endfacet
  facet normal 0.935912 0.352233 0
    outer loop
      vertex 49.6417 -3.58405 0
      vertex 49.8987 -4.26692 8
      vertex 49.8987 -4.26692 0
    endloop
  endfacet
  facet normal 0.986655 0.162823 0
    outer loop
      vertex 49.2642 -2.17526 8
      vertex 49.1454 -1.45537 2
      vertex 49.1454 -1.45537 8
    endloop
  endfacet
  facet normal 0.986655 0.162823 0
    outer loop
      vertex 49.1454 -1.45537 2
      vertex 49.2642 -2.17526 8
      vertex 49.2642 -2.17526 2
    endloop
  endfacet
  facet normal -0.729843 -0.683615 0
    outer loop
      vertex 68.583 7.35171 0
      vertex 68.0842 7.88424 8
      vertex 68.0842 7.88424 0
    endloop
  endfacet
  facet normal -0.729843 -0.683615 0
    outer loop
      vertex 68.0842 7.88424 8
      vertex 68.583 7.35171 0
      vertex 68.583 7.35171 8
    endloop
  endfacet
  facet normal -0.849201 -0.52807 0
    outer loop
      vertex 69.8562 5.575 0
      vertex 69.4709 6.19461 8
      vertex 69.4709 6.19461 0
    endloop
  endfacet
  facet normal -0.849201 -0.52807 0
    outer loop
      vertex 69.4709 6.19461 8
      vertex 69.8562 5.575 0
      vertex 69.8562 5.575 8
    endloop
  endfacet
  facet normal 0.412791 -0.910826 0
    outer loop
      vertex 55.2685 10.0001 0
      vertex 55.9331 10.3013 8
      vertex 55.2685 10.0001 8
    endloop
  endfacet
  facet normal 0.412791 -0.910826 0
    outer loop
      vertex 55.9331 10.3013 8
      vertex 55.2685 10.0001 0
      vertex 55.9331 10.3013 0
    endloop
  endfacet
  facet normal 0.582469 -0.812853 0
    outer loop
      vertex 53.4123 8.84589 0
      vertex 54.0054 9.27089 8
      vertex 53.4123 8.84589 8
    endloop
  endfacet
  facet normal 0.582469 -0.812853 0
    outer loop
      vertex 54.0054 9.27089 8
      vertex 53.4123 8.84589 0
      vertex 54.0054 9.27089 0
    endloop
  endfacet
  facet normal 0.290289 -0.956939 0
    outer loop
      vertex 56.616 10.5583 0
      vertex 57.3142 10.7701 8
      vertex 56.616 10.5583 8
    endloop
  endfacet
  facet normal 0.290289 -0.956939 0
    outer loop
      vertex 57.3142 10.7701 8
      vertex 56.616 10.5583 0
      vertex 57.3142 10.7701 0
    endloop
  endfacet
  facet normal 0.0979839 -0.995188 0
    outer loop
      vertex 58.7446 11.0546 0
      vertex 59.4708 11.1261 8
      vertex 58.7446 11.0546 8
    endloop
  endfacet
  facet normal 0.0979839 -0.995188 0
    outer loop
      vertex 59.4708 11.1261 8
      vertex 58.7446 11.0546 0
      vertex 59.4708 11.1261 0
    endloop
  endfacet
  facet normal -0.0979839 0.995188 0
    outer loop
      vertex 61.6554 -11.0546 0
      vertex 60.9292 -11.1261 8
      vertex 61.6554 -11.0546 8
    endloop
  endfacet
  facet normal -0.0979839 0.995188 0
    outer loop
      vertex 60.9292 -11.1261 8
      vertex 61.6554 -11.0546 0
      vertex 60.9292 -11.1261 0
    endloop
  endfacet
  facet normal -0.227121 0.973866 0
    outer loop
      vertex 63.0858 -10.7701 0
      vertex 62.3753 -10.9358 8
      vertex 63.0858 -10.7701 8
    endloop
  endfacet
  facet normal -0.227121 0.973866 0
    outer loop
      vertex 62.3753 -10.9358 8
      vertex 63.0858 -10.7701 0
      vertex 62.3753 -10.9358 0
    endloop
  endfacet
  facet normal -0.995187 0.0979938 0
    outer loop
      vertex 71.2546 -1.45537 0
      vertex 71.3261 -0.729244 8
      vertex 71.3261 -0.729244 0
    endloop
  endfacet
  facet normal -0.995187 0.0979938 0
    outer loop
      vertex 71.3261 -0.729244 8
      vertex 71.2546 -1.45537 0
      vertex 71.2546 -1.45537 8
    endloop
  endfacet
  facet normal 0.582469 0.812853 -0
    outer loop
      vertex 54.0054 -9.27089 0
      vertex 53.4123 -8.84589 8
      vertex 54.0054 -9.27089 8
    endloop
  endfacet
  facet normal 0.582469 0.812853 0
    outer loop
      vertex 53.4123 -8.84589 8
      vertex 54.0054 -9.27089 0
      vertex 53.4123 -8.84589 0
    endloop
  endfacet
  facet normal 0.772997 0.63441 0
    outer loop
      vertex 51.817 -7.35171 8
      vertex 51.3541 -6.78769 0
      vertex 51.3541 -6.78769 8
    endloop
  endfacet
  facet normal 0.772997 0.63441 0
    outer loop
      vertex 51.3541 -6.78769 0
      vertex 51.817 -7.35171 8
      vertex 51.817 -7.35171 0
    endloop
  endfacet
  facet normal 0.965914 0.258865 0
    outer loop
      vertex 55.8 17.55 2.6
      vertex 55.6928 17.95 2
      vertex 55.6928 17.95 2.6
    endloop
  endfacet
  facet normal 0.965914 0.258865 0
    outer loop
      vertex 55.6928 17.95 2
      vertex 55.8 17.55 2.6
      vertex 55.8 17.55 2
    endloop
  endfacet
  facet normal -0.965914 0.258865 0
    outer loop
      vertex 54.2 17.55 2
      vertex 54.3072 17.95 2.6
      vertex 54.3072 17.95 2
    endloop
  endfacet
  facet normal -0.965914 0.258865 0
    outer loop
      vertex 54.3072 17.95 2.6
      vertex 54.2 17.55 2
      vertex 54.2 17.55 2.6
    endloop
  endfacet
  facet normal -0.258865 0.965914 0
    outer loop
      vertex 55 18.35 2
      vertex 54.6 18.2428 2.6
      vertex 55 18.35 2.6
    endloop
  endfacet
  facet normal -0.258865 0.965914 0
    outer loop
      vertex 54.6 18.2428 2.6
      vertex 55 18.35 2
      vertex 54.6 18.2428 2
    endloop
  endfacet
  facet normal 0.707107 0.707107 0
    outer loop
      vertex 55.6928 17.95 2.6
      vertex 55.4 18.2428 2
      vertex 55.4 18.2428 2.6
    endloop
  endfacet
  facet normal 0.707107 0.707107 0
    outer loop
      vertex 55.4 18.2428 2
      vertex 55.6928 17.95 2.6
      vertex 55.6928 17.95 2
    endloop
  endfacet
  facet normal 0 0 1
    outer loop
      vertex 55.6928 17.95 2.6
      vertex 55.6928 17.15 2.6
      vertex 55.8 17.55 2.6
    endloop
  endfacet
  facet normal 0 0 1
    outer loop
      vertex 55.4 18.2428 2.6
      vertex 55.6928 17.15 2.6
      vertex 55.6928 17.95 2.6
    endloop
  endfacet
  facet normal 0 0 1
    outer loop
      vertex 55.4 18.2428 2.6
      vertex 55.4 16.8572 2.6
      vertex 55.6928 17.15 2.6
    endloop
  endfacet
  facet normal 0 0 1
    outer loop
      vertex 55 18.35 2.6
      vertex 55.4 16.8572 2.6
      vertex 55.4 18.2428 2.6
    endloop
  endfacet
  facet normal 0 0 1
    outer loop
      vertex 55 18.35 2.6
      vertex 55 16.75 2.6
      vertex 55.4 16.8572 2.6
    endloop
  endfacet
  facet normal -0 0 1
    outer loop
      vertex 54.6 18.2428 2.6
      vertex 55 16.75 2.6
      vertex 55 18.35 2.6
    endloop
  endfacet
  facet normal 0 0 1
    outer loop
      vertex 54.6 18.2428 2.6
      vertex 54.6 16.8572 2.6
      vertex 55 16.75 2.6
    endloop
  endfacet
  facet normal -0 0 1
    outer loop
      vertex 54.3072 17.95 2.6
      vertex 54.6 16.8572 2.6
      vertex 54.6 18.2428 2.6
    endloop
  endfacet
  facet normal 0 0 1
    outer loop
      vertex 54.3072 17.95 2.6
      vertex 54.3072 17.15 2.6
      vertex 54.6 16.8572 2.6
    endloop
  endfacet
  facet normal 0 -0 1
    outer loop
      vertex 54.3072 17.15 2.6
      vertex 54.3072 17.95 2.6
      vertex 54.2 17.55 2.6
    endloop
  endfacet
  facet normal -0.707107 0.707107 0
    outer loop
      vertex 54.3072 17.95 2
      vertex 54.6 18.2428 2.6
      vertex 54.6 18.2428 2
    endloop
  endfacet
  facet normal -0.707107 0.707107 0
    outer loop
      vertex 54.6 18.2428 2.6
      vertex 54.3072 17.95 2
      vertex 54.3072 17.95 2.6
    endloop
  endfacet
  facet normal 0.258865 -0.965914 0
    outer loop
      vertex 55 16.75 2
      vertex 55.4 16.8572 2.6
      vertex 55 16.75 2.6
    endloop
  endfacet
  facet normal 0.258865 -0.965914 0
    outer loop
      vertex 55.4 16.8572 2.6
      vertex 55 16.75 2
      vertex 55.4 16.8572 2
    endloop
  endfacet
  facet normal 0.258865 0.965914 -0
    outer loop
      vertex 55.4 18.2428 2
      vertex 55 18.35 2.6
      vertex 55.4 18.2428 2.6
    endloop
  endfacet
  facet normal 0.258865 0.965914 0
    outer loop
      vertex 55 18.35 2.6
      vertex 55.4 18.2428 2
      vertex 55 18.35 2
    endloop
  endfacet
  facet normal 0.707107 -0.707107 0
    outer loop
      vertex 55.4 16.8572 2.6
      vertex 55.6928 17.15 2
      vertex 55.6928 17.15 2.6
    endloop
  endfacet
  facet normal 0.707107 -0.707107 0
    outer loop
      vertex 55.6928 17.15 2
      vertex 55.4 16.8572 2.6
      vertex 55.4 16.8572 2
    endloop
  endfacet
  facet normal -0.258865 -0.965914 0
    outer loop
      vertex 54.6 16.8572 2
      vertex 55 16.75 2.6
      vertex 54.6 16.8572 2.6
    endloop
  endfacet
  facet normal -0.258865 -0.965914 -0
    outer loop
      vertex 55 16.75 2.6
      vertex 54.6 16.8572 2
      vertex 55 16.75 2
    endloop
  endfacet
  facet normal 0.965914 -0.258865 0
    outer loop
      vertex 55.6928 17.15 2.6
      vertex 55.8 17.55 2
      vertex 55.8 17.55 2.6
    endloop
  endfacet
  facet normal 0.965914 -0.258865 0
    outer loop
      vertex 55.8 17.55 2
      vertex 55.6928 17.15 2.6
      vertex 55.6928 17.15 2
    endloop
  endfacet
  facet normal -0.707107 -0.707107 0
    outer loop
      vertex 54.6 16.8572 2
      vertex 54.3072 17.15 2.6
      vertex 54.3072 17.15 2
    endloop
  endfacet
  facet normal -0.707107 -0.707107 0
    outer loop
      vertex 54.3072 17.15 2.6
      vertex 54.6 16.8572 2
      vertex 54.6 16.8572 2.6
    endloop
  endfacet
  facet normal -0.965914 -0.258865 0
    outer loop
      vertex 54.3072 17.15 2
      vertex 54.2 17.55 2.6
      vertex 54.2 17.55 2
    endloop
  endfacet
  facet normal -0.965914 -0.258865 0
    outer loop
      vertex 54.2 17.55 2.6
      vertex 54.3072 17.15 2
      vertex 54.3072 17.15 2.6
    endloop
  endfacet
  facet normal 0.965914 0.258865 0
    outer loop
      vertex 58.4 17.55 2.6
      vertex 58.2928 17.95 2
      vertex 58.2928 17.95 2.6
    endloop
  endfacet
  facet normal 0.965914 0.258865 0
    outer loop
      vertex 58.2928 17.95 2
      vertex 58.4 17.55 2.6
      vertex 58.4 17.55 2
    endloop
  endfacet
  facet normal -0.965914 0.258865 0
    outer loop
      vertex 56.8 17.55 2
      vertex 56.9072 17.95 2.6
      vertex 56.9072 17.95 2
    endloop
  endfacet
  facet normal -0.965914 0.258865 0
    outer loop
      vertex 56.9072 17.95 2.6
      vertex 56.8 17.55 2
      vertex 56.8 17.55 2.6
    endloop
  endfacet
  facet normal -0.258865 0.965914 0
    outer loop
      vertex 57.6 18.35 2
      vertex 57.2 18.2428 2.6
      vertex 57.6 18.35 2.6
    endloop
  endfacet
  facet normal -0.258865 0.965914 0
    outer loop
      vertex 57.2 18.2428 2.6
      vertex 57.6 18.35 2
      vertex 57.2 18.2428 2
    endloop
  endfacet
  facet normal 0 0 1
    outer loop
      vertex 58.2928 17.95 2.6
      vertex 58.2928 17.15 2.6
      vertex 58.4 17.55 2.6
    endloop
  endfacet
  facet normal 0 0 1
    outer loop
      vertex 58 18.2428 2.6
      vertex 58.2928 17.15 2.6
      vertex 58.2928 17.95 2.6
    endloop
  endfacet
  facet normal 0 0 1
    outer loop
      vertex 58 18.2428 2.6
      vertex 58 16.8572 2.6
      vertex 58.2928 17.15 2.6
    endloop
  endfacet
  facet normal 0 0 1
    outer loop
      vertex 57.6 18.35 2.6
      vertex 58 16.8572 2.6
      vertex 58 18.2428 2.6
    endloop
  endfacet
  facet normal 0 0 1
    outer loop
      vertex 57.6 18.35 2.6
      vertex 57.6 16.75 2.6
      vertex 58 16.8572 2.6
    endloop
  endfacet
  facet normal -0 0 1
    outer loop
      vertex 57.2 18.2428 2.6
      vertex 57.6 16.75 2.6
      vertex 57.6 18.35 2.6
    endloop
  endfacet
  facet normal 0 0 1
    outer loop
      vertex 57.2 18.2428 2.6
      vertex 57.2 16.8572 2.6
      vertex 57.6 16.75 2.6
    endloop
  endfacet
  facet normal -0 0 1
    outer loop
      vertex 56.9072 17.95 2.6
      vertex 57.2 16.8572 2.6
      vertex 57.2 18.2428 2.6
    endloop
  endfacet
  facet normal 0 0 1
    outer loop
      vertex 56.9072 17.95 2.6
      vertex 56.9072 17.15 2.6
      vertex 57.2 16.8572 2.6
    endloop
  endfacet
  facet normal 0 -0 1
    outer loop
      vertex 56.9072 17.15 2.6
      vertex 56.9072 17.95 2.6
      vertex 56.8 17.55 2.6
    endloop
  endfacet
  facet normal -0.707107 0.707107 0
    outer loop
      vertex 56.9072 17.95 2
      vertex 57.2 18.2428 2.6
      vertex 57.2 18.2428 2
    endloop
  endfacet
  facet normal -0.707107 0.707107 0
    outer loop
      vertex 57.2 18.2428 2.6
      vertex 56.9072 17.95 2
      vertex 56.9072 17.95 2.6
    endloop
  endfacet
  facet normal 0.258865 -0.965914 0
    outer loop
      vertex 57.6 16.75 2
      vertex 58 16.8572 2.6
      vertex 57.6 16.75 2.6
    endloop
  endfacet
  facet normal 0.258865 -0.965914 0
    outer loop
      vertex 58 16.8572 2.6
      vertex 57.6 16.75 2
      vertex 58 16.8572 2
    endloop
  endfacet
  facet normal 0.258865 0.965914 -0
    outer loop
      vertex 58 18.2428 2
      vertex 57.6 18.35 2.6
      vertex 58 18.2428 2.6
    endloop
  endfacet
  facet normal 0.258865 0.965914 0
    outer loop
      vertex 57.6 18.35 2.6
      vertex 58 18.2428 2
      vertex 57.6 18.35 2
    endloop
  endfacet
  facet normal 0.707107 0.707107 0
    outer loop
      vertex 58.2928 17.95 2.6
      vertex 58 18.2428 2
      vertex 58 18.2428 2.6
    endloop
  endfacet
  facet normal 0.707107 0.707107 0
    outer loop
      vertex 58 18.2428 2
      vertex 58.2928 17.95 2.6
      vertex 58.2928 17.95 2
    endloop
  endfacet
  facet normal 0.707107 -0.707107 0
    outer loop
      vertex 58 16.8572 2.6
      vertex 58.2928 17.15 2
      vertex 58.2928 17.15 2.6
    endloop
  endfacet
  facet normal 0.707107 -0.707107 0
    outer loop
      vertex 58.2928 17.15 2
      vertex 58 16.8572 2.6
      vertex 58 16.8572 2
    endloop
  endfacet
  facet normal -0.258865 -0.965914 0
    outer loop
      vertex 57.2 16.8572 2
      vertex 57.6 16.75 2.6
      vertex 57.2 16.8572 2.6
    endloop
  endfacet
  facet normal -0.258865 -0.965914 -0
    outer loop
      vertex 57.6 16.75 2.6
      vertex 57.2 16.8572 2
      vertex 57.6 16.75 2
    endloop
  endfacet
  facet normal -0.965914 -0.258865 0
    outer loop
      vertex 56.9072 17.15 2
      vertex 56.8 17.55 2.6
      vertex 56.8 17.55 2
    endloop
  endfacet
  facet normal -0.965914 -0.258865 0
    outer loop
      vertex 56.8 17.55 2.6
      vertex 56.9072 17.15 2
      vertex 56.9072 17.15 2.6
    endloop
  endfacet
  facet normal 0.965914 -0.258865 0
    outer loop
      vertex 58.2928 17.15 2.6
      vertex 58.4 17.55 2
      vertex 58.4 17.55 2.6
    endloop
  endfacet
  facet normal 0.965914 -0.258865 0
    outer loop
      vertex 58.4 17.55 2
      vertex 58.2928 17.15 2.6
      vertex 58.2928 17.15 2
    endloop
  endfacet
  facet normal -0.707107 -0.707107 0
    outer loop
      vertex 57.2 16.8572 2
      vertex 56.9072 17.15 2.6
      vertex 56.9072 17.15 2
    endloop
  endfacet
  facet normal -0.707107 -0.707107 0
    outer loop
      vertex 56.9072 17.15 2.6
      vertex 57.2 16.8572 2
      vertex 57.2 16.8572 2.6
    endloop
  endfacet
  facet normal 0.965914 0.258865 0
    outer loop
      vertex 61 17.55 2.6
      vertex 60.8928 17.95 2
      vertex 60.8928 17.95 2.6
    endloop
  endfacet
  facet normal 0.965914 0.258865 0
    outer loop
      vertex 60.8928 17.95 2
      vertex 61 17.55 2.6
      vertex 61 17.55 2
    endloop
  endfacet
  facet normal -0.965914 0.258865 0
    outer loop
      vertex 59.4 17.55 2
      vertex 59.5072 17.95 2.6
      vertex 59.5072 17.95 2
    endloop
  endfacet
  facet normal -0.965914 0.258865 0
    outer loop
      vertex 59.5072 17.95 2.6
      vertex 59.4 17.55 2
      vertex 59.4 17.55 2.6
    endloop
  endfacet
  facet normal 0.258865 -0.965914 0
    outer loop
      vertex 60.2 16.75 2
      vertex 60.6 16.8572 2.6
      vertex 60.2 16.75 2.6
    endloop
  endfacet
  facet normal 0.258865 -0.965914 0
    outer loop
      vertex 60.6 16.8572 2.6
      vertex 60.2 16.75 2
      vertex 60.6 16.8572 2
    endloop
  endfacet
  facet normal -0.258865 0.965914 0
    outer loop
      vertex 60.2 18.35 2
      vertex 59.8 18.2428 2.6
      vertex 60.2 18.35 2.6
    endloop
  endfacet
  facet normal -0.258865 0.965914 0
    outer loop
      vertex 59.8 18.2428 2.6
      vertex 60.2 18.35 2
      vertex 59.8 18.2428 2
    endloop
  endfacet
  facet normal 0 0 1
    outer loop
      vertex 60.8928 17.95 2.6
      vertex 60.8928 17.15 2.6
      vertex 61 17.55 2.6
    endloop
  endfacet
  facet normal 0 0 1
    outer loop
      vertex 60.6 18.2428 2.6
      vertex 60.8928 17.15 2.6
      vertex 60.8928 17.95 2.6
    endloop
  endfacet
  facet normal 0 0 1
    outer loop
      vertex 60.6 18.2428 2.6
      vertex 60.6 16.8572 2.6
      vertex 60.8928 17.15 2.6
    endloop
  endfacet
  facet normal 0 0 1
    outer loop
      vertex 60.2 18.35 2.6
      vertex 60.6 16.8572 2.6
      vertex 60.6 18.2428 2.6
    endloop
  endfacet
  facet normal 0 0 1
    outer loop
      vertex 60.2 18.35 2.6
      vertex 60.2 16.75 2.6
      vertex 60.6 16.8572 2.6
    endloop
  endfacet
  facet normal -0 0 1
    outer loop
      vertex 59.8 18.2428 2.6
      vertex 60.2 16.75 2.6
      vertex 60.2 18.35 2.6
    endloop
  endfacet
  facet normal 0 0 1
    outer loop
      vertex 59.8 18.2428 2.6
      vertex 59.8 16.8572 2.6
      vertex 60.2 16.75 2.6
    endloop
  endfacet
  facet normal -0 0 1
    outer loop
      vertex 59.5072 17.95 2.6
      vertex 59.8 16.8572 2.6
      vertex 59.8 18.2428 2.6
    endloop
  endfacet
  facet normal 0 0 1
    outer loop
      vertex 59.5072 17.95 2.6
      vertex 59.5072 17.15 2.6
      vertex 59.8 16.8572 2.6
    endloop
  endfacet
  facet normal 0 -0 1
    outer loop
      vertex 59.5072 17.15 2.6
      vertex 59.5072 17.95 2.6
      vertex 59.4 17.55 2.6
    endloop
  endfacet
  facet normal -0.707107 0.707107 0
    outer loop
      vertex 59.5072 17.95 2
      vertex 59.8 18.2428 2.6
      vertex 59.8 18.2428 2
    endloop
  endfacet
  facet normal -0.707107 0.707107 0
    outer loop
      vertex 59.8 18.2428 2.6
      vertex 59.5072 17.95 2
      vertex 59.5072 17.95 2.6
    endloop
  endfacet
  facet normal 0.258865 0.965914 -0
    outer loop
      vertex 60.6 18.2428 2
      vertex 60.2 18.35 2.6
      vertex 60.6 18.2428 2.6
    endloop
  endfacet
  facet normal 0.258865 0.965914 0
    outer loop
      vertex 60.2 18.35 2.6
      vertex 60.6 18.2428 2
      vertex 60.2 18.35 2
    endloop
  endfacet
  facet normal 0.707107 0.707107 0
    outer loop
      vertex 60.8928 17.95 2.6
      vertex 60.6 18.2428 2
      vertex 60.6 18.2428 2.6
    endloop
  endfacet
  facet normal 0.707107 0.707107 0
    outer loop
      vertex 60.6 18.2428 2
      vertex 60.8928 17.95 2.6
      vertex 60.8928 17.95 2
    endloop
  endfacet
  facet normal 0.707107 -0.707107 0
    outer loop
      vertex 60.6 16.8572 2.6
      vertex 60.8928 17.15 2
      vertex 60.8928 17.15 2.6
    endloop
  endfacet
  facet normal 0.707107 -0.707107 0
    outer loop
      vertex 60.8928 17.15 2
      vertex 60.6 16.8572 2.6
      vertex 60.6 16.8572 2
    endloop
  endfacet
  facet normal -0.258865 -0.965914 0
    outer loop
      vertex 59.8 16.8572 2
      vertex 60.2 16.75 2.6
      vertex 59.8 16.8572 2.6
    endloop
  endfacet
  facet normal -0.258865 -0.965914 -0
    outer loop
      vertex 60.2 16.75 2.6
      vertex 59.8 16.8572 2
      vertex 60.2 16.75 2
    endloop
  endfacet
  facet normal -0.707107 -0.707107 0
    outer loop
      vertex 59.8 16.8572 2
      vertex 59.5072 17.15 2.6
      vertex 59.5072 17.15 2
    endloop
  endfacet
  facet normal -0.707107 -0.707107 0
    outer loop
      vertex 59.5072 17.15 2.6
      vertex 59.8 16.8572 2
      vertex 59.8 16.8572 2.6
    endloop
  endfacet
  facet normal -0.965914 -0.258865 0
    outer loop
      vertex 59.5072 17.15 2
      vertex 59.4 17.55 2.6
      vertex 59.4 17.55 2
    endloop
  endfacet
  facet normal -0.965914 -0.258865 0
    outer loop
      vertex 59.4 17.55 2.6
      vertex 59.5072 17.15 2
      vertex 59.5072 17.15 2.6
    endloop
  endfacet
  facet normal 0.965914 -0.258865 0
    outer loop
      vertex 60.8928 17.15 2.6
      vertex 61 17.55 2
      vertex 61 17.55 2.6
    endloop
  endfacet
  facet normal 0.965914 -0.258865 0
    outer loop
      vertex 61 17.55 2
      vertex 60.8928 17.15 2.6
      vertex 60.8928 17.15 2
    endloop
  endfacet
  facet normal 0.965914 0.258865 0
    outer loop
      vertex 63.6 17.55 2.6
      vertex 63.4928 17.95 2
      vertex 63.4928 17.95 2.6
    endloop
  endfacet
  facet normal 0.965914 0.258865 0
    outer loop
      vertex 63.4928 17.95 2
      vertex 63.6 17.55 2.6
      vertex 63.6 17.55 2
    endloop
  endfacet
  facet normal -0.965914 0.258865 0
    outer loop
      vertex 62 17.55 2
      vertex 62.1072 17.95 2.6
      vertex 62.1072 17.95 2
    endloop
  endfacet
  facet normal -0.965914 0.258865 0
    outer loop
      vertex 62.1072 17.95 2.6
      vertex 62 17.55 2
      vertex 62 17.55 2.6
    endloop
  endfacet
  facet normal 0.258865 -0.965914 0
    outer loop
      vertex 62.8 16.75 2
      vertex 63.2 16.8572 2.6
      vertex 62.8 16.75 2.6
    endloop
  endfacet
  facet normal 0.258865 -0.965914 0
    outer loop
      vertex 63.2 16.8572 2.6
      vertex 62.8 16.75 2
      vertex 63.2 16.8572 2
    endloop
  endfacet
  facet normal -0.258865 0.965914 0
    outer loop
      vertex 62.8 18.35 2
      vertex 62.4 18.2428 2.6
      vertex 62.8 18.35 2.6
    endloop
  endfacet
  facet normal -0.258865 0.965914 0
    outer loop
      vertex 62.4 18.2428 2.6
      vertex 62.8 18.35 2
      vertex 62.4 18.2428 2
    endloop
  endfacet
  facet normal 0.707107 0.707107 0
    outer loop
      vertex 63.4928 17.95 2.6
      vertex 63.2 18.2428 2
      vertex 63.2 18.2428 2.6
    endloop
  endfacet
  facet normal 0.707107 0.707107 0
    outer loop
      vertex 63.2 18.2428 2
      vertex 63.4928 17.95 2.6
      vertex 63.4928 17.95 2
    endloop
  endfacet
  facet normal 0 0 1
    outer loop
      vertex 63.4928 17.95 2.6
      vertex 63.4928 17.15 2.6
      vertex 63.6 17.55 2.6
    endloop
  endfacet
  facet normal 0 0 1
    outer loop
      vertex 63.2 18.2428 2.6
      vertex 63.4928 17.15 2.6
      vertex 63.4928 17.95 2.6
    endloop
  endfacet
  facet normal 0 0 1
    outer loop
      vertex 63.2 18.2428 2.6
      vertex 63.2 16.8572 2.6
      vertex 63.4928 17.15 2.6
    endloop
  endfacet
  facet normal 0 0 1
    outer loop
      vertex 62.8 18.35 2.6
      vertex 63.2 16.8572 2.6
      vertex 63.2 18.2428 2.6
    endloop
  endfacet
  facet normal 0 0 1
    outer loop
      vertex 62.8 18.35 2.6
      vertex 62.8 16.75 2.6
      vertex 63.2 16.8572 2.6
    endloop
  endfacet
  facet normal -0 0 1
    outer loop
      vertex 62.4 18.2428 2.6
      vertex 62.8 16.75 2.6
      vertex 62.8 18.35 2.6
    endloop
  endfacet
  facet normal 0 0 1
    outer loop
      vertex 62.4 18.2428 2.6
      vertex 62.4 16.8572 2.6
      vertex 62.8 16.75 2.6
    endloop
  endfacet
  facet normal -0 0 1
    outer loop
      vertex 62.1072 17.95 2.6
      vertex 62.4 16.8572 2.6
      vertex 62.4 18.2428 2.6
    endloop
  endfacet
  facet normal 0 0 1
    outer loop
      vertex 62.1072 17.95 2.6
      vertex 62.1072 17.15 2.6
      vertex 62.4 16.8572 2.6
    endloop
  endfacet
  facet normal 0 -0 1
    outer loop
      vertex 62.1072 17.15 2.6
      vertex 62.1072 17.95 2.6
      vertex 62 17.55 2.6
    endloop
  endfacet
  facet normal -0.707107 0.707107 0
    outer loop
      vertex 62.4 18.2428 2
      vertex 62.1072 17.95 2.6
      vertex 62.4 18.2428 2.6
    endloop
  endfacet
  facet normal -0.707107 0.707107 0
    outer loop
      vertex 62.1072 17.95 2.6
      vertex 62.4 18.2428 2
      vertex 62.1072 17.95 2
    endloop
  endfacet
  facet normal 0.258865 0.965914 -0
    outer loop
      vertex 63.2 18.2428 2
      vertex 62.8 18.35 2.6
      vertex 63.2 18.2428 2.6
    endloop
  endfacet
  facet normal 0.258865 0.965914 0
    outer loop
      vertex 62.8 18.35 2.6
      vertex 63.2 18.2428 2
      vertex 62.8 18.35 2
    endloop
  endfacet
  facet normal 0.707107 -0.707107 0
    outer loop
      vertex 63.2 16.8572 2.6
      vertex 63.4928 17.15 2
      vertex 63.4928 17.15 2.6
    endloop
  endfacet
  facet normal 0.707107 -0.707107 0
    outer loop
      vertex 63.4928 17.15 2
      vertex 63.2 16.8572 2.6
      vertex 63.2 16.8572 2
    endloop
  endfacet
  facet normal -0.258865 -0.965914 0
    outer loop
      vertex 62.4 16.8572 2
      vertex 62.8 16.75 2.6
      vertex 62.4 16.8572 2.6
    endloop
  endfacet
  facet normal -0.258865 -0.965914 -0
    outer loop
      vertex 62.8 16.75 2.6
      vertex 62.4 16.8572 2
      vertex 62.8 16.75 2
    endloop
  endfacet
  facet normal -0.707107 -0.707107 0
    outer loop
      vertex 62.1072 17.15 2
      vertex 62.4 16.8572 2.6
      vertex 62.1072 17.15 2.6
    endloop
  endfacet
  facet normal -0.707107 -0.707107 -0
    outer loop
      vertex 62.4 16.8572 2.6
      vertex 62.1072 17.15 2
      vertex 62.4 16.8572 2
    endloop
  endfacet
  facet normal -0.965914 -0.258865 0
    outer loop
      vertex 62.1072 17.15 2
      vertex 62 17.55 2.6
      vertex 62 17.55 2
    endloop
  endfacet
  facet normal -0.965914 -0.258865 0
    outer loop
      vertex 62 17.55 2.6
      vertex 62.1072 17.15 2
      vertex 62.1072 17.15 2.6
    endloop
  endfacet
  facet normal 0.965914 -0.258865 0
    outer loop
      vertex 63.4928 17.15 2.6
      vertex 63.6 17.55 2
      vertex 63.6 17.55 2.6
    endloop
  endfacet
  facet normal 0.965914 -0.258865 0
    outer loop
      vertex 63.6 17.55 2
      vertex 63.4928 17.15 2.6
      vertex 63.4928 17.15 2
    endloop
  endfacet
  facet normal 0.965914 0.258865 0
    outer loop
      vertex 66.2 17.55 2.6
      vertex 66.0928 17.95 2
      vertex 66.0928 17.95 2.6
    endloop
  endfacet
  facet normal 0.965914 0.258865 0
    outer loop
      vertex 66.0928 17.95 2
      vertex 66.2 17.55 2.6
      vertex 66.2 17.55 2
    endloop
  endfacet
  facet normal -0.965914 -0.258865 0
    outer loop
      vertex 64.7072 17.15 2
      vertex 64.6 17.55 2.6
      vertex 64.6 17.55 2
    endloop
  endfacet
  facet normal -0.965914 -0.258865 0
    outer loop
      vertex 64.6 17.55 2.6
      vertex 64.7072 17.15 2
      vertex 64.7072 17.15 2.6
    endloop
  endfacet
  facet normal -0.258865 0.965914 0
    outer loop
      vertex 65.4 18.35 2
      vertex 65 18.2428 2.6
      vertex 65.4 18.35 2.6
    endloop
  endfacet
  facet normal -0.258865 0.965914 0
    outer loop
      vertex 65 18.2428 2.6
      vertex 65.4 18.35 2
      vertex 65 18.2428 2
    endloop
  endfacet
  facet normal -0.707107 0.707107 0
    outer loop
      vertex 65 18.2428 2
      vertex 64.7072 17.95 2.6
      vertex 65 18.2428 2.6
    endloop
  endfacet
  facet normal -0.707107 0.707107 0
    outer loop
      vertex 64.7072 17.95 2.6
      vertex 65 18.2428 2
      vertex 64.7072 17.95 2
    endloop
  endfacet
  facet normal 0.258865 -0.965914 0
    outer loop
      vertex 65.4 16.75 2
      vertex 65.8 16.8572 2.6
      vertex 65.4 16.75 2.6
    endloop
  endfacet
  facet normal 0.258865 -0.965914 0
    outer loop
      vertex 65.8 16.8572 2.6
      vertex 65.4 16.75 2
      vertex 65.8 16.8572 2
    endloop
  endfacet
  facet normal 0.258865 0.965914 -0
    outer loop
      vertex 65.8 18.2428 2
      vertex 65.4 18.35 2.6
      vertex 65.8 18.2428 2.6
    endloop
  endfacet
  facet normal 0.258865 0.965914 0
    outer loop
      vertex 65.4 18.35 2.6
      vertex 65.8 18.2428 2
      vertex 65.4 18.35 2
    endloop
  endfacet
  facet normal 0.707107 0.707107 0
    outer loop
      vertex 66.0928 17.95 2.6
      vertex 65.8 18.2428 2
      vertex 65.8 18.2428 2.6
    endloop
  endfacet
  facet normal 0.707107 0.707107 0
    outer loop
      vertex 65.8 18.2428 2
      vertex 66.0928 17.95 2.6
      vertex 66.0928 17.95 2
    endloop
  endfacet
  facet normal -0.965914 0.258865 0
    outer loop
      vertex 64.6 17.55 2
      vertex 64.7072 17.95 2.6
      vertex 64.7072 17.95 2
    endloop
  endfacet
  facet normal -0.965914 0.258865 0
    outer loop
      vertex 64.7072 17.95 2.6
      vertex 64.6 17.55 2
      vertex 64.6 17.55 2.6
    endloop
  endfacet
  facet normal 0 0 1
    outer loop
      vertex 66.0928 17.95 2.6
      vertex 66.0928 17.15 2.6
      vertex 66.2 17.55 2.6
    endloop
  endfacet
  facet normal 0 0 1
    outer loop
      vertex 65.8 18.2428 2.6
      vertex 66.0928 17.15 2.6
      vertex 66.0928 17.95 2.6
    endloop
  endfacet
  facet normal 0 0 1
    outer loop
      vertex 65.8 18.2428 2.6
      vertex 65.8 16.8572 2.6
      vertex 66.0928 17.15 2.6
    endloop
  endfacet
  facet normal 0 0 1
    outer loop
      vertex 65.4 18.35 2.6
      vertex 65.8 16.8572 2.6
      vertex 65.8 18.2428 2.6
    endloop
  endfacet
  facet normal 0 0 1
    outer loop
      vertex 65.4 18.35 2.6
      vertex 65.4 16.75 2.6
      vertex 65.8 16.8572 2.6
    endloop
  endfacet
  facet normal -0 0 1
    outer loop
      vertex 65 18.2428 2.6
      vertex 65.4 16.75 2.6
      vertex 65.4 18.35 2.6
    endloop
  endfacet
  facet normal 0 0 1
    outer loop
      vertex 65 18.2428 2.6
      vertex 65 16.8572 2.6
      vertex 65.4 16.75 2.6
    endloop
  endfacet
  facet normal -0 0 1
    outer loop
      vertex 64.7072 17.95 2.6
      vertex 65 16.8572 2.6
      vertex 65 18.2428 2.6
    endloop
  endfacet
  facet normal 0 0 1
    outer loop
      vertex 64.7072 17.95 2.6
      vertex 64.7072 17.15 2.6
      vertex 65 16.8572 2.6
    endloop
  endfacet
  facet normal 0 -0 1
    outer loop
      vertex 64.7072 17.15 2.6
      vertex 64.7072 17.95 2.6
      vertex 64.6 17.55 2.6
    endloop
  endfacet
  facet normal -0.707107 -0.707107 0
    outer loop
      vertex 64.7072 17.15 2
      vertex 65 16.8572 2.6
      vertex 64.7072 17.15 2.6
    endloop
  endfacet
  facet normal -0.707107 -0.707107 -0
    outer loop
      vertex 65 16.8572 2.6
      vertex 64.7072 17.15 2
      vertex 65 16.8572 2
    endloop
  endfacet
  facet normal 0.707107 -0.707107 0
    outer loop
      vertex 65.8 16.8572 2.6
      vertex 66.0928 17.15 2
      vertex 66.0928 17.15 2.6
    endloop
  endfacet
  facet normal 0.707107 -0.707107 0
    outer loop
      vertex 66.0928 17.15 2
      vertex 65.8 16.8572 2.6
      vertex 65.8 16.8572 2
    endloop
  endfacet
  facet normal -0.258865 -0.965914 0
    outer loop
      vertex 65 16.8572 2
      vertex 65.4 16.75 2.6
      vertex 65 16.8572 2.6
    endloop
  endfacet
  facet normal -0.258865 -0.965914 -0
    outer loop
      vertex 65.4 16.75 2.6
      vertex 65 16.8572 2
      vertex 65.4 16.75 2
    endloop
  endfacet
  facet normal 0.965914 -0.258865 0
    outer loop
      vertex 66.0928 17.15 2.6
      vertex 66.2 17.55 2
      vertex 66.2 17.55 2.6
    endloop
  endfacet
  facet normal 0.965914 -0.258865 0
    outer loop
      vertex 66.2 17.55 2
      vertex 66.0928 17.15 2.6
      vertex 66.0928 17.15 2
    endloop
  endfacet
  facet normal -1 0 0
    outer loop
      vertex -60.2 -3 0
      vertex -60.2 3 2
      vertex -60.2 3 0
    endloop
  endfacet
  facet normal -1 -0 0
    outer loop
      vertex -60.2 3 2
      vertex -60.2 -3 0
      vertex -60.2 -3 2
    endloop
  endfacet
  facet normal 0 0 1
    outer loop
      vertex 49.2642 2.17526 2
      vertex 60.2 3 2
      vertex 49.4646 3 2
    endloop
  endfacet
  facet normal 0 0 1
    outer loop
      vertex 49.1454 1.45537 2
      vertex 60.2 3 2
      vertex 49.2642 2.17526 2
    endloop
  endfacet
  facet normal 0 0 1
    outer loop
      vertex 49.2642 2.17526 2
      vertex 49.4646 3 2
      vertex 49.4299 2.88583 2
    endloop
  endfacet
  facet normal 0 0 1
    outer loop
      vertex 49.0739 0.729244 2
      vertex 60.2 3 2
      vertex 49.1454 1.45537 2
    endloop
  endfacet
  facet normal 0 0 1
    outer loop
      vertex 60.2 -3 2
      vertex 49.2642 -2.17526 2
      vertex 49.4646 -3 2
    endloop
  endfacet
  facet normal 0 0 1
    outer loop
      vertex 49.4646 -3 2
      vertex 49.2642 -2.17526 2
      vertex 49.4299 -2.88583 2
    endloop
  endfacet
  facet normal 0 0 1
    outer loop
      vertex 49.05 0 2
      vertex 60.2 3 2
      vertex 49.0739 0.729244 2
    endloop
  endfacet
  facet normal 0 0 1
    outer loop
      vertex 60.2 -3 2
      vertex 49.1454 -1.45537 2
      vertex 49.2642 -2.17526 2
    endloop
  endfacet
  facet normal 0 0 1
    outer loop
      vertex 60.2 3 2
      vertex 49.05 0 2
      vertex 60.2 -3 2
    endloop
  endfacet
  facet normal 0 0 1
    outer loop
      vertex 60.2 -3 2
      vertex 49.0739 -0.729244 2
      vertex 49.1454 -1.45537 2
    endloop
  endfacet
  facet normal 0 0 1
    outer loop
      vertex 60.2 -3 2
      vertex 49.05 0 2
      vertex 49.0739 -0.729244 2
    endloop
  endfacet
  facet normal 0 0 1
    outer loop
      vertex -60.2 3 2
      vertex -49.25 0 2
      vertex -49.2734 0.716164 2
    endloop
  endfacet
  facet normal 0 0 1
    outer loop
      vertex -60.2 3 2
      vertex -49.2734 0.716164 2
      vertex -49.3437 1.42926 2
    endloop
  endfacet
  facet normal 0 0 1
    outer loop
      vertex -60.2 -3 2
      vertex -49.25 0 2
      vertex -60.2 3 2
    endloop
  endfacet
  facet normal 0 0 1
    outer loop
      vertex -60.2 3 2
      vertex -49.3437 1.42926 2
      vertex -49.4604 2.13624 2
    endloop
  endfacet
  facet normal 0 0 1
    outer loop
      vertex -49.25 0 2
      vertex -60.2 -3 2
      vertex -49.2734 -0.716164 2
    endloop
  endfacet
  facet normal 0 0 1
    outer loop
      vertex -60.2 3 2
      vertex -49.4604 2.13624 2
      vertex -49.6231 2.83407 2
    endloop
  endfacet
  facet normal 0 0 1
    outer loop
      vertex -49.2734 -0.716164 2
      vertex -60.2 -3 2
      vertex -49.3437 -1.42926 2
    endloop
  endfacet
  facet normal -0 0 1
    outer loop
      vertex -60.2 3 2
      vertex -49.6231 2.83407 2
      vertex -49.6734 3 2
    endloop
  endfacet
  facet normal 0 0 1
    outer loop
      vertex -49.3437 -1.42926 2
      vertex -60.2 -3 2
      vertex -49.4604 -2.13624 2
    endloop
  endfacet
  facet normal 0 0 1
    outer loop
      vertex -49.4604 -2.13624 2
      vertex -60.2 -3 2
      vertex -49.6231 -2.83407 2
    endloop
  endfacet
  facet normal 0 0 1
    outer loop
      vertex -49.6231 -2.83407 2
      vertex -60.2 -3 2
      vertex -49.6734 -3 2
    endloop
  endfacet
  facet normal 0 0 1
    outer loop
      vertex -43.4713 0.876402 2
      vertex -46.85 0 2
      vertex -43.5 0 2
    endloop
  endfacet
  facet normal 0 0 1
    outer loop
      vertex -46.8786 0.873132 2
      vertex -43.4713 0.876402 2
      vertex -43.3854 1.74905 2
    endloop
  endfacet
  facet normal 0 0 1
    outer loop
      vertex -46.9642 1.74252 2
      vertex -43.3854 1.74905 2
      vertex -43.2425 2.61421 2
    endloop
  endfacet
  facet normal 0 0 1
    outer loop
      vertex -47.1065 2.60445 2
      vertex -43.2425 2.61421 2
      vertex -43.1526 3 2
    endloop
  endfacet
  facet normal 0 0 1
    outer loop
      vertex -43.4713 0.876402 2
      vertex -46.8786 0.873132 2
      vertex -46.85 0 2
    endloop
  endfacet
  facet normal 0 0 1
    outer loop
      vertex -43.3854 1.74905 2
      vertex -46.9642 1.74252 2
      vertex -46.8786 0.873132 2
    endloop
  endfacet
  facet normal 0 0 1
    outer loop
      vertex -43.2425 2.61421 2
      vertex -47.1065 2.60445 2
      vertex -46.9642 1.74252 2
    endloop
  endfacet
  facet normal 0 -0 1
    outer loop
      vertex -47.1065 2.60445 2
      vertex -43.1526 3 2
      vertex -47.1987 3 2
    endloop
  endfacet
  facet normal -0 0 1
    outer loop
      vertex -46.85 0 2
      vertex -43.4713 -0.876402 2
      vertex -43.5 0 2
    endloop
  endfacet
  facet normal -0 0 1
    outer loop
      vertex -46.8786 -0.873132 2
      vertex -43.4713 -0.876402 2
      vertex -46.85 0 2
    endloop
  endfacet
  facet normal 0 0 1
    outer loop
      vertex -43.4713 -0.876402 2
      vertex -46.8786 -0.873132 2
      vertex -43.3854 -1.74905 2
    endloop
  endfacet
  facet normal -0 0 1
    outer loop
      vertex -46.9642 -1.74252 2
      vertex -43.3854 -1.74905 2
      vertex -46.8786 -0.873132 2
    endloop
  endfacet
  facet normal 0 0 1
    outer loop
      vertex -43.3854 -1.74905 2
      vertex -46.9642 -1.74252 2
      vertex -43.2425 -2.61421 2
    endloop
  endfacet
  facet normal -0 0 1
    outer loop
      vertex -47.1065 -2.60445 2
      vertex -43.2425 -2.61421 2
      vertex -46.9642 -1.74252 2
    endloop
  endfacet
  facet normal 0 0 1
    outer loop
      vertex -43.2425 -2.61421 2
      vertex -47.1065 -2.60445 2
      vertex -43.1526 -3 2
    endloop
  endfacet
  facet normal 0 0 1
    outer loop
      vertex -43.1526 -3 2
      vertex -47.1065 -2.60445 2
      vertex -47.1987 -3 2
    endloop
  endfacet
  facet normal 0 0 1
    outer loop
      vertex -19.1236 0.719434 2
      vertex -19.1236 -0.719434 2
      vertex -19.1 0 2
    endloop
  endfacet
  facet normal 0 0 1
    outer loop
      vertex -19.1941 1.43579 2
      vertex -19.1236 -0.719434 2
      vertex -19.1236 0.719434 2
    endloop
  endfacet
  facet normal 0 0 1
    outer loop
      vertex -19.1941 1.43579 2
      vertex -19.1941 -1.43579 2
      vertex -19.1236 -0.719434 2
    endloop
  endfacet
  facet normal 0 0 1
    outer loop
      vertex -19.3114 2.14599 2
      vertex -19.1941 -1.43579 2
      vertex -19.1941 1.43579 2
    endloop
  endfacet
  facet normal 0 0 1
    outer loop
      vertex -19.3114 2.14599 2
      vertex -19.3114 -2.14599 2
      vertex -19.1941 -1.43579 2
    endloop
  endfacet
  facet normal 0 0 1
    outer loop
      vertex -19.5212 3 2
      vertex -19.3114 2.14599 2
      vertex -19.4748 2.84701 2
    endloop
  endfacet
  facet normal 0 0 1
    outer loop
      vertex -19.3114 2.14599 2
      vertex -19.5212 3 2
      vertex -19.3114 -2.14599 2
    endloop
  endfacet
  facet normal 0 0 1
    outer loop
      vertex -19.5212 -3 2
      vertex -19.3114 -2.14599 2
      vertex -19.5212 3 2
    endloop
  endfacet
  facet normal 0 0 1
    outer loop
      vertex -19.3114 -2.14599 2
      vertex -19.5212 -3 2
      vertex -19.4748 -2.84701 2
    endloop
  endfacet
  facet normal -0 0 1
    outer loop
      vertex -40.6788 3 2
      vertex -19.5212 -3 2
      vertex -19.5212 3 2
    endloop
  endfacet
  facet normal 0 0 1
    outer loop
      vertex -40.6788 3 2
      vertex -40.6788 -3 2
      vertex -19.5212 -3 2
    endloop
  endfacet
  facet normal 0 0 1
    outer loop
      vertex -40.8886 2.14599 2
      vertex -40.6788 3 2
      vertex -40.7252 2.84701 2
    endloop
  endfacet
  facet normal 0 0 1
    outer loop
      vertex -40.6788 3 2
      vertex -40.8886 2.14599 2
      vertex -40.6788 -3 2
    endloop
  endfacet
  facet normal -0 0 1
    outer loop
      vertex -40.8886 -2.14599 2
      vertex -40.6788 -3 2
      vertex -40.8886 2.14599 2
    endloop
  endfacet
  facet normal 0 0 1
    outer loop
      vertex -40.6788 -3 2
      vertex -40.8886 -2.14599 2
      vertex -40.7252 -2.84701 2
    endloop
  endfacet
  facet normal -0 0 1
    outer loop
      vertex -41.0059 1.43579 2
      vertex -40.8886 -2.14599 2
      vertex -40.8886 2.14599 2
    endloop
  endfacet
  facet normal 0 0 1
    outer loop
      vertex -41.0059 1.43579 2
      vertex -41.0059 -1.43579 2
      vertex -40.8886 -2.14599 2
    endloop
  endfacet
  facet normal -0 0 1
    outer loop
      vertex -41.0764 0.719434 2
      vertex -41.0059 -1.43579 2
      vertex -41.0059 1.43579 2
    endloop
  endfacet
  facet normal 0 0 1
    outer loop
      vertex -41.0764 0.719434 2
      vertex -41.0764 -0.719434 2
      vertex -41.0059 -1.43579 2
    endloop
  endfacet
  facet normal 0 -0 1
    outer loop
      vertex -41.0764 -0.719434 2
      vertex -41.0764 0.719434 2
      vertex -41.1 0 2
    endloop
  endfacet
  facet normal 0 0 1
    outer loop
      vertex -13.4212 0.879672 2
      vertex -16.7 0 2
      vertex -13.45 0 2
    endloop
  endfacet
  facet normal 0 0 1
    outer loop
      vertex -16.7287 0.876402 2
      vertex -13.4212 0.879672 2
      vertex -13.3349 1.75558 2
    endloop
  endfacet
  facet normal 0 0 1
    outer loop
      vertex -16.8146 1.74905 2
      vertex -13.3349 1.75558 2
      vertex -13.1916 2.62396 2
    endloop
  endfacet
  facet normal 0 0 1
    outer loop
      vertex -16.9575 2.61421 2
      vertex -13.1916 2.62396 2
      vertex -13.1039 3 2
    endloop
  endfacet
  facet normal 0 0 1
    outer loop
      vertex -13.4212 0.879672 2
      vertex -16.7287 0.876402 2
      vertex -16.7 0 2
    endloop
  endfacet
  facet normal 0 0 1
    outer loop
      vertex -13.3349 1.75558 2
      vertex -16.8146 1.74905 2
      vertex -16.7287 0.876402 2
    endloop
  endfacet
  facet normal 0 0 1
    outer loop
      vertex -13.1916 2.62396 2
      vertex -16.9575 2.61421 2
      vertex -16.8146 1.74905 2
    endloop
  endfacet
  facet normal 0 -0 1
    outer loop
      vertex -16.9575 2.61421 2
      vertex -13.1039 3 2
      vertex -17.0474 3 2
    endloop
  endfacet
  facet normal -0 0 1
    outer loop
      vertex -16.7 0 2
      vertex -13.4212 -0.879672 2
      vertex -13.45 0 2
    endloop
  endfacet
  facet normal -0 0 1
    outer loop
      vertex -16.7287 -0.876402 2
      vertex -13.4212 -0.879672 2
      vertex -16.7 0 2
    endloop
  endfacet
  facet normal 0 0 1
    outer loop
      vertex -13.4212 -0.879672 2
      vertex -16.7287 -0.876402 2
      vertex -13.3349 -1.75558 2
    endloop
  endfacet
  facet normal -0 0 1
    outer loop
      vertex -16.8146 -1.74905 2
      vertex -13.3349 -1.75558 2
      vertex -16.7287 -0.876402 2
    endloop
  endfacet
  facet normal 0 0 1
    outer loop
      vertex -13.3349 -1.75558 2
      vertex -16.8146 -1.74905 2
      vertex -13.1916 -2.62396 2
    endloop
  endfacet
  facet normal -0 0 1
    outer loop
      vertex -16.9575 -2.61421 2
      vertex -13.1916 -2.62396 2
      vertex -16.8146 -1.74905 2
    endloop
  endfacet
  facet normal 0 0 1
    outer loop
      vertex -13.1916 -2.62396 2
      vertex -16.9575 -2.61421 2
      vertex -13.1039 -3 2
    endloop
  endfacet
  facet normal 0 0 1
    outer loop
      vertex -13.1039 -3 2
      vertex -16.9575 -2.61421 2
      vertex -17.0474 -3 2
    endloop
  endfacet
  facet normal 0 0 1
    outer loop
      vertex 11.0263 0.722704 2
      vertex 11.0263 -0.722704 2
      vertex 11.05 0 2
    endloop
  endfacet
  facet normal 0 0 1
    outer loop
      vertex 10.9555 1.44231 2
      vertex 11.0263 -0.722704 2
      vertex 11.0263 0.722704 2
    endloop
  endfacet
  facet normal 0 0 1
    outer loop
      vertex 10.9555 1.44231 2
      vertex 10.9555 -1.44231 2
      vertex 11.0263 -0.722704 2
    endloop
  endfacet
  facet normal 0 0 1
    outer loop
      vertex 10.8377 2.15575 2
      vertex 10.9555 -1.44231 2
      vertex 10.9555 1.44231 2
    endloop
  endfacet
  facet normal 0 0 1
    outer loop
      vertex 10.8377 2.15575 2
      vertex 10.8377 -2.15575 2
      vertex 10.9555 -1.44231 2
    endloop
  endfacet
  facet normal 0 0 1
    outer loop
      vertex 10.631 3 2
      vertex 10.8377 2.15575 2
      vertex 10.6735 2.85995 2
    endloop
  endfacet
  facet normal 0 0 1
    outer loop
      vertex 10.8377 2.15575 2
      vertex 10.631 3 2
      vertex 10.8377 -2.15575 2
    endloop
  endfacet
  facet normal 0 0 1
    outer loop
      vertex 10.631 -3 2
      vertex 10.8377 -2.15575 2
      vertex 10.631 3 2
    endloop
  endfacet
  facet normal 0 0 1
    outer loop
      vertex 10.8377 -2.15575 2
      vertex 10.631 -3 2
      vertex 10.6735 -2.85995 2
    endloop
  endfacet
  facet normal -0 0 1
    outer loop
      vertex -10.631 3 2
      vertex 10.631 -3 2
      vertex 10.631 3 2
    endloop
  endfacet
  facet normal 0 0 1
    outer loop
      vertex -10.631 3 2
      vertex -10.631 -3 2
      vertex 10.631 -3 2
    endloop
  endfacet
  facet normal 0 0 1
    outer loop
      vertex -10.8377 2.15575 2
      vertex -10.631 3 2
      vertex -10.6735 2.85995 2
    endloop
  endfacet
  facet normal 0 0 1
    outer loop
      vertex -10.631 3 2
      vertex -10.8377 2.15575 2
      vertex -10.631 -3 2
    endloop
  endfacet
  facet normal -0 0 1
    outer loop
      vertex -10.8377 -2.15575 2
      vertex -10.631 -3 2
      vertex -10.8377 2.15575 2
    endloop
  endfacet
  facet normal 0 0 1
    outer loop
      vertex -10.631 -3 2
      vertex -10.8377 -2.15575 2
      vertex -10.6735 -2.85995 2
    endloop
  endfacet
  facet normal -0 0 1
    outer loop
      vertex -10.9555 1.44231 2
      vertex -10.8377 -2.15575 2
      vertex -10.8377 2.15575 2
    endloop
  endfacet
  facet normal 0 0 1
    outer loop
      vertex -10.9555 1.44231 2
      vertex -10.9555 -1.44231 2
      vertex -10.8377 -2.15575 2
    endloop
  endfacet
  facet normal -0 0 1
    outer loop
      vertex -11.0263 0.722704 2
      vertex -10.9555 -1.44231 2
      vertex -10.9555 1.44231 2
    endloop
  endfacet
  facet normal 0 0 1
    outer loop
      vertex -11.0263 0.722704 2
      vertex -11.0263 -0.722704 2
      vertex -10.9555 -1.44231 2
    endloop
  endfacet
  facet normal 0 -0 1
    outer loop
      vertex -11.0263 -0.722704 2
      vertex -11.0263 0.722704 2
      vertex -11.05 0 2
    endloop
  endfacet
  facet normal 0 0 1
    outer loop
      vertex 16.6289 0.882942 2
      vertex 13.45 0 2
      vertex 16.6 0 2
    endloop
  endfacet
  facet normal 0 0 1
    outer loop
      vertex 13.4212 0.879672 2
      vertex 16.6289 0.882942 2
      vertex 16.7155 1.7621 2
    endloop
  endfacet
  facet normal 0 0 1
    outer loop
      vertex 13.3349 1.75558 2
      vertex 16.7155 1.7621 2
      vertex 16.8594 2.63372 2
    endloop
  endfacet
  facet normal 0 0 1
    outer loop
      vertex 13.1916 2.62396 2
      vertex 16.8594 2.63372 2
      vertex 16.9448 3 2
    endloop
  endfacet
  facet normal 0 0 1
    outer loop
      vertex 16.6289 0.882942 2
      vertex 13.4212 0.879672 2
      vertex 13.45 0 2
    endloop
  endfacet
  facet normal 0 0 1
    outer loop
      vertex 16.7155 1.7621 2
      vertex 13.3349 1.75558 2
      vertex 13.4212 0.879672 2
    endloop
  endfacet
  facet normal 0 0 1
    outer loop
      vertex 16.8594 2.63372 2
      vertex 13.1916 2.62396 2
      vertex 13.3349 1.75558 2
    endloop
  endfacet
  facet normal 0 -0 1
    outer loop
      vertex 13.1916 2.62396 2
      vertex 16.9448 3 2
      vertex 13.1039 3 2
    endloop
  endfacet
  facet normal -0 0 1
    outer loop
      vertex 13.45 0 2
      vertex 16.6289 -0.882942 2
      vertex 16.6 0 2
    endloop
  endfacet
  facet normal -0 0 1
    outer loop
      vertex 13.4212 -0.879672 2
      vertex 16.6289 -0.882942 2
      vertex 13.45 0 2
    endloop
  endfacet
  facet normal 0 0 1
    outer loop
      vertex 16.6289 -0.882942 2
      vertex 13.4212 -0.879672 2
      vertex 16.7155 -1.7621 2
    endloop
  endfacet
  facet normal -0 0 1
    outer loop
      vertex 13.3349 -1.75558 2
      vertex 16.7155 -1.7621 2
      vertex 13.4212 -0.879672 2
    endloop
  endfacet
  facet normal 0 0 1
    outer loop
      vertex 16.7155 -1.7621 2
      vertex 13.3349 -1.75558 2
      vertex 16.8594 -2.63372 2
    endloop
  endfacet
  facet normal -0 0 1
    outer loop
      vertex 13.1916 -2.62396 2
      vertex 16.8594 -2.63372 2
      vertex 13.3349 -1.75558 2
    endloop
  endfacet
  facet normal 0 0 1
    outer loop
      vertex 16.8594 -2.63372 2
      vertex 13.1916 -2.62396 2
      vertex 16.9448 -3 2
    endloop
  endfacet
  facet normal 0 0 1
    outer loop
      vertex 16.9448 -3 2
      vertex 13.1916 -2.62396 2
      vertex 13.1039 -3 2
    endloop
  endfacet
  facet normal 0 0 1
    outer loop
      vertex 41.1762 0.725974 2
      vertex 41.1762 -0.725974 2
      vertex 41.2 0 2
    endloop
  endfacet
  facet normal 0 0 1
    outer loop
      vertex 41.105 1.44884 2
      vertex 41.1762 -0.725974 2
      vertex 41.1762 0.725974 2
    endloop
  endfacet
  facet normal 0 0 1
    outer loop
      vertex 41.105 1.44884 2
      vertex 41.105 -1.44884 2
      vertex 41.1762 -0.725974 2
    endloop
  endfacet
  facet normal 0 0 1
    outer loop
      vertex 40.9867 2.1655 2
      vertex 41.105 -1.44884 2
      vertex 41.105 1.44884 2
    endloop
  endfacet
  facet normal 0 0 1
    outer loop
      vertex 40.9867 2.1655 2
      vertex 40.9867 -2.1655 2
      vertex 41.105 -1.44884 2
    endloop
  endfacet
  facet normal 0 0 1
    outer loop
      vertex 40.7832 3 2
      vertex 40.9867 2.1655 2
      vertex 40.8218 2.87289 2
    endloop
  endfacet
  facet normal 0 0 1
    outer loop
      vertex 40.9867 2.1655 2
      vertex 40.7832 3 2
      vertex 40.9867 -2.1655 2
    endloop
  endfacet
  facet normal 0 0 1
    outer loop
      vertex 40.7832 -3 2
      vertex 40.9867 -2.1655 2
      vertex 40.7832 3 2
    endloop
  endfacet
  facet normal 0 0 1
    outer loop
      vertex 40.9867 -2.1655 2
      vertex 40.7832 -3 2
      vertex 40.8218 -2.87289 2
    endloop
  endfacet
  facet normal -0 0 1
    outer loop
      vertex 19.4168 3 2
      vertex 40.7832 -3 2
      vertex 40.7832 3 2
    endloop
  endfacet
  facet normal 0 0 1
    outer loop
      vertex 19.4168 3 2
      vertex 19.4168 -3 2
      vertex 40.7832 -3 2
    endloop
  endfacet
  facet normal 0 0 1
    outer loop
      vertex 19.2133 2.1655 2
      vertex 19.4168 3 2
      vertex 19.3782 2.87289 2
    endloop
  endfacet
  facet normal 0 0 1
    outer loop
      vertex 19.4168 3 2
      vertex 19.2133 2.1655 2
      vertex 19.4168 -3 2
    endloop
  endfacet
  facet normal -0 0 1
    outer loop
      vertex 19.2133 -2.1655 2
      vertex 19.4168 -3 2
      vertex 19.2133 2.1655 2
    endloop
  endfacet
  facet normal 0 0 1
    outer loop
      vertex 19.4168 -3 2
      vertex 19.2133 -2.1655 2
      vertex 19.3782 -2.87289 2
    endloop
  endfacet
  facet normal -0 0 1
    outer loop
      vertex 19.095 1.44884 2
      vertex 19.2133 -2.1655 2
      vertex 19.2133 2.1655 2
    endloop
  endfacet
  facet normal 0 0 1
    outer loop
      vertex 19.095 1.44884 2
      vertex 19.095 -1.44884 2
      vertex 19.2133 -2.1655 2
    endloop
  endfacet
  facet normal -0 0 1
    outer loop
      vertex 19.0238 0.725974 2
      vertex 19.095 -1.44884 2
      vertex 19.095 1.44884 2
    endloop
  endfacet
  facet normal 0 0 1
    outer loop
      vertex 19.0238 0.725974 2
      vertex 19.0238 -0.725974 2
      vertex 19.095 -1.44884 2
    endloop
  endfacet
  facet normal 0 -0 1
    outer loop
      vertex 19.0238 -0.725974 2
      vertex 19.0238 0.725974 2
      vertex 19 0 2
    endloop
  endfacet
  facet normal 0 0 1
    outer loop
      vertex 46.679 0.886212 2
      vertex 43.6 0 2
      vertex 46.65 0 2
    endloop
  endfacet
  facet normal 0 0 1
    outer loop
      vertex 43.5711 0.882942 2
      vertex 46.679 0.886212 2
      vertex 46.7659 1.76863 2
    endloop
  endfacet
  facet normal 0 0 1
    outer loop
      vertex 43.4845 1.7621 2
      vertex 46.7659 1.76863 2
      vertex 46.9104 2.64347 2
    endloop
  endfacet
  facet normal 0 0 1
    outer loop
      vertex 43.3406 2.63372 2
      vertex 46.9104 2.64347 2
      vertex 46.9935 3 2
    endloop
  endfacet
  facet normal 0 0 1
    outer loop
      vertex 46.679 0.886212 2
      vertex 43.5711 0.882942 2
      vertex 43.6 0 2
    endloop
  endfacet
  facet normal 0 0 1
    outer loop
      vertex 46.7659 1.76863 2
      vertex 43.4845 1.7621 2
      vertex 43.5711 0.882942 2
    endloop
  endfacet
  facet normal 0 0 1
    outer loop
      vertex 46.9104 2.64347 2
      vertex 43.3406 2.63372 2
      vertex 43.4845 1.7621 2
    endloop
  endfacet
  facet normal 0 -0 1
    outer loop
      vertex 43.3406 2.63372 2
      vertex 46.9935 3 2
      vertex 43.2552 3 2
    endloop
  endfacet
  facet normal -0 0 1
    outer loop
      vertex 43.6 0 2
      vertex 46.679 -0.886212 2
      vertex 46.65 0 2
    endloop
  endfacet
  facet normal -0 0 1
    outer loop
      vertex 43.5711 -0.882942 2
      vertex 46.679 -0.886212 2
      vertex 43.6 0 2
    endloop
  endfacet
  facet normal 0 0 1
    outer loop
      vertex 46.679 -0.886212 2
      vertex 43.5711 -0.882942 2
      vertex 46.7659 -1.76863 2
    endloop
  endfacet
  facet normal -0 0 1
    outer loop
      vertex 43.4845 -1.7621 2
      vertex 46.7659 -1.76863 2
      vertex 43.5711 -0.882942 2
    endloop
  endfacet
  facet normal 0 0 1
    outer loop
      vertex 46.7659 -1.76863 2
      vertex 43.4845 -1.7621 2
      vertex 46.9104 -2.64347 2
    endloop
  endfacet
  facet normal -0 0 1
    outer loop
      vertex 43.3406 -2.63372 2
      vertex 46.9104 -2.64347 2
      vertex 43.4845 -1.7621 2
    endloop
  endfacet
  facet normal 0 0 1
    outer loop
      vertex 46.9104 -2.64347 2
      vertex 43.3406 -2.63372 2
      vertex 46.9935 -3 2
    endloop
  endfacet
  facet normal 0 0 1
    outer loop
      vertex 46.9935 -3 2
      vertex 43.3406 -2.63372 2
      vertex 43.2552 -3 2
    endloop
  endfacet
  facet normal 1 -0 0
    outer loop
      vertex 60.2 -3 2
      vertex 60.2 3 0
      vertex 60.2 3 2
    endloop
  endfacet
  facet normal 1 0 0
    outer loop
      vertex 60.2 3 0
      vertex 60.2 -3 2
      vertex 60.2 -3 0
    endloop
  endfacet
  facet normal 0 1 -0
    outer loop
      vertex 60.2 3 0
      vertex 49.4646 3 2
      vertex 60.2 3 2
    endloop
  endfacet
  facet normal 0 1 0
    outer loop
      vertex 49.4646 3 2
      vertex 60.2 3 0
      vertex 49.4646 3 0
    endloop
  endfacet
  facet normal 0 1 -0
    outer loop
      vertex -49.6734 3 0
      vertex -60.2 3 2
      vertex -49.6734 3 2
    endloop
  endfacet
  facet normal 0 1 0
    outer loop
      vertex -60.2 3 2
      vertex -49.6734 3 0
      vertex -60.2 3 0
    endloop
  endfacet
  facet normal 0 1 -0
    outer loop
      vertex -43.1526 3 0
      vertex -47.1987 3 2
      vertex -43.1526 3 2
    endloop
  endfacet
  facet normal 0 1 0
    outer loop
      vertex -47.1987 3 2
      vertex -43.1526 3 0
      vertex -47.1987 3 0
    endloop
  endfacet
  facet normal 0 1 -0
    outer loop
      vertex -19.5212 3 0
      vertex -40.6788 3 2
      vertex -19.5212 3 2
    endloop
  endfacet
  facet normal 0 1 0
    outer loop
      vertex -40.6788 3 2
      vertex -19.5212 3 0
      vertex -40.6788 3 0
    endloop
  endfacet
  facet normal 0 1 -0
    outer loop
      vertex -13.1039 3 0
      vertex -17.0474 3 2
      vertex -13.1039 3 2
    endloop
  endfacet
  facet normal 0 1 0
    outer loop
      vertex -17.0474 3 2
      vertex -13.1039 3 0
      vertex -17.0474 3 0
    endloop
  endfacet
  facet normal 0 1 -0
    outer loop
      vertex 10.631 3 0
      vertex -10.631 3 2
      vertex 10.631 3 2
    endloop
  endfacet
  facet normal 0 1 0
    outer loop
      vertex -10.631 3 2
      vertex 10.631 3 0
      vertex -10.631 3 0
    endloop
  endfacet
  facet normal 0 1 -0
    outer loop
      vertex 16.9448 3 0
      vertex 13.1039 3 2
      vertex 16.9448 3 2
    endloop
  endfacet
  facet normal 0 1 0
    outer loop
      vertex 13.1039 3 2
      vertex 16.9448 3 0
      vertex 13.1039 3 0
    endloop
  endfacet
  facet normal 0 1 -0
    outer loop
      vertex 40.7832 3 0
      vertex 19.4168 3 2
      vertex 40.7832 3 2
    endloop
  endfacet
  facet normal 0 1 0
    outer loop
      vertex 19.4168 3 2
      vertex 40.7832 3 0
      vertex 19.4168 3 0
    endloop
  endfacet
  facet normal 0 1 -0
    outer loop
      vertex 46.9935 3 0
      vertex 43.2552 3 2
      vertex 46.9935 3 2
    endloop
  endfacet
  facet normal 0 1 0
    outer loop
      vertex 43.2552 3 2
      vertex 46.9935 3 0
      vertex 43.2552 3 0
    endloop
  endfacet
  facet normal 0 -1 0
    outer loop
      vertex 49.4646 -3 0
      vertex 60.2 -3 2
      vertex 49.4646 -3 2
    endloop
  endfacet
  facet normal 0 -1 -0
    outer loop
      vertex 60.2 -3 2
      vertex 49.4646 -3 0
      vertex 60.2 -3 0
    endloop
  endfacet
  facet normal 0 -1 0
    outer loop
      vertex -60.2 -3 0
      vertex -49.6734 -3 2
      vertex -60.2 -3 2
    endloop
  endfacet
  facet normal 0 -1 -0
    outer loop
      vertex -49.6734 -3 2
      vertex -60.2 -3 0
      vertex -49.6734 -3 0
    endloop
  endfacet
  facet normal 0 -1 0
    outer loop
      vertex -47.1987 -3 0
      vertex -43.1526 -3 2
      vertex -47.1987 -3 2
    endloop
  endfacet
  facet normal 0 -1 -0
    outer loop
      vertex -43.1526 -3 2
      vertex -47.1987 -3 0
      vertex -43.1526 -3 0
    endloop
  endfacet
  facet normal 0 -1 0
    outer loop
      vertex -40.6788 -3 0
      vertex -19.5212 -3 2
      vertex -40.6788 -3 2
    endloop
  endfacet
  facet normal 0 -1 -0
    outer loop
      vertex -19.5212 -3 2
      vertex -40.6788 -3 0
      vertex -19.5212 -3 0
    endloop
  endfacet
  facet normal 0 -1 0
    outer loop
      vertex -17.0474 -3 0
      vertex -13.1039 -3 2
      vertex -17.0474 -3 2
    endloop
  endfacet
  facet normal 0 -1 -0
    outer loop
      vertex -13.1039 -3 2
      vertex -17.0474 -3 0
      vertex -13.1039 -3 0
    endloop
  endfacet
  facet normal 0 -1 0
    outer loop
      vertex -10.631 -3 0
      vertex 10.631 -3 2
      vertex -10.631 -3 2
    endloop
  endfacet
  facet normal 0 -1 -0
    outer loop
      vertex 10.631 -3 2
      vertex -10.631 -3 0
      vertex 10.631 -3 0
    endloop
  endfacet
  facet normal 0 -1 0
    outer loop
      vertex 13.1039 -3 0
      vertex 16.9448 -3 2
      vertex 13.1039 -3 2
    endloop
  endfacet
  facet normal 0 -1 -0
    outer loop
      vertex 16.9448 -3 2
      vertex 13.1039 -3 0
      vertex 16.9448 -3 0
    endloop
  endfacet
  facet normal 0 -1 0
    outer loop
      vertex 19.4168 -3 0
      vertex 40.7832 -3 2
      vertex 19.4168 -3 2
    endloop
  endfacet
  facet normal 0 -1 -0
    outer loop
      vertex 40.7832 -3 2
      vertex 19.4168 -3 0
      vertex 40.7832 -3 0
    endloop
  endfacet
  facet normal 0 -1 0
    outer loop
      vertex 43.2552 -3 0
      vertex 46.9935 -3 2
      vertex 43.2552 -3 2
    endloop
  endfacet
  facet normal 0 -1 -0
    outer loop
      vertex 46.9935 -3 2
      vertex 43.2552 -3 0
      vertex 46.9935 -3 0
    endloop
  endfacet
endsolid OpenSCAD_Model
