solid OpenSCAD_Model
  facet normal -0.6717 0.740823 0
    outer loop
      vertex -72.7564 95.0881 0
      vertex -73.1926 94.6926 10
      vertex -72.7564 95.0881 10
    endloop
  endfacet
  facet normal -0.6717 0.740823 0
    outer loop
      vertex -73.1926 94.6926 10
      vertex -72.7564 95.0881 0
      vertex -73.1926 94.6926 0
    endloop
  endfacet
  facet normal -0.740823 0.6717 0
    outer loop
      vertex -73.5881 94.2564 0
      vertex -73.1926 94.6926 10
      vertex -73.1926 94.6926 0
    endloop
  endfacet
  facet normal -0.740823 0.6717 0
    outer loop
      vertex -73.1926 94.6926 10
      vertex -73.5881 94.2564 0
      vertex -73.5881 94.2564 10
    endloop
  endfacet
  facet normal 0.595589 -0.803289 0
    outer loop
      vertex 116.683 -68.4388 0
      vertex 117.156 -68.0881 10
      vertex 116.683 -68.4388 10
    endloop
  endfacet
  facet normal 0.595589 -0.803289 0
    outer loop
      vertex 117.156 -68.0881 10
      vertex 116.683 -68.4388 0
      vertex 117.156 -68.0881 0
    endloop
  endfacet
  facet normal 1 -0 0
    outer loop
      vertex 119.35 -63.45 10
      vertex 119.35 90.45 0
      vertex 119.35 90.45 10
    endloop
  endfacet
  facet normal 1 0 0
    outer loop
      vertex 119.35 90.45 0
      vertex 119.35 -63.45 10
      vertex 119.35 -63.45 0
    endloop
  endfacet
  facet normal -0.595589 0.803289 0
    outer loop
      vertex -72.2834 95.4388 0
      vertex -72.7564 95.0881 10
      vertex -72.2834 95.4388 10
    endloop
  endfacet
  facet normal -0.595589 0.803289 0
    outer loop
      vertex -72.7564 95.0881 10
      vertex -72.2834 95.4388 0
      vertex -72.7564 95.0881 0
    endloop
  endfacet
  facet normal 0 0 1
    outer loop
      vertex 117.35 90.45 10
      vertex 119.35 90.45 10
      vertex 119.321 91.0381 10
    endloop
  endfacet
  facet normal 0 0 1
    outer loop
      vertex 119.35 90.45 10
      vertex 117.35 90.45 10
      vertex 119.35 -63.45 10
    endloop
  endfacet
  facet normal 0 0 1
    outer loop
      vertex 117.331 90.8421 10
      vertex 119.321 91.0381 10
      vertex 119.235 91.6205 10
    endloop
  endfacet
  facet normal 0 0 1
    outer loop
      vertex 117.35 -63.45 10
      vertex 119.35 -63.45 10
      vertex 117.35 90.45 10
    endloop
  endfacet
  facet normal 0 0 1
    outer loop
      vertex 117.273 91.2304 10
      vertex 119.235 91.6205 10
      vertex 119.092 92.1917 10
    endloop
  endfacet
  facet normal 0 0 1
    outer loop
      vertex 119.35 -63.45 10
      vertex 117.35 -63.45 10
      vertex 119.321 -64.0381 10
    endloop
  endfacet
  facet normal 0 0 1
    outer loop
      vertex 117.178 91.6111 10
      vertex 119.092 92.1917 10
      vertex 118.893 92.7461 10
    endloop
  endfacet
  facet normal -0 0 1
    outer loop
      vertex 117.331 -63.8421 10
      vertex 119.321 -64.0381 10
      vertex 117.35 -63.45 10
    endloop
  endfacet
  facet normal 0 0 1
    outer loop
      vertex 117.046 91.9807 10
      vertex 118.893 92.7461 10
      vertex 118.642 93.2784 10
    endloop
  endfacet
  facet normal 0 0 1
    outer loop
      vertex 119.321 -64.0381 10
      vertex 117.331 -63.8421 10
      vertex 119.235 -64.6205 10
    endloop
  endfacet
  facet normal 0 0 1
    outer loop
      vertex 116.878 92.3356 10
      vertex 118.642 93.2784 10
      vertex 118.339 93.7834 10
    endloop
  endfacet
  facet normal -0 0 1
    outer loop
      vertex 117.273 -64.2304 10
      vertex 119.235 -64.6205 10
      vertex 117.331 -63.8421 10
    endloop
  endfacet
  facet normal 0 0 1
    outer loop
      vertex 116.676 92.6723 10
      vertex 118.339 93.7834 10
      vertex 117.988 94.2564 10
    endloop
  endfacet
  facet normal 0 0 1
    outer loop
      vertex 119.235 -64.6205 10
      vertex 117.273 -64.2304 10
      vertex 119.092 -65.1917 10
    endloop
  endfacet
  facet normal 0 0 1
    outer loop
      vertex 116.442 92.9876 10
      vertex 117.988 94.2564 10
      vertex 117.593 94.6926 10
    endloop
  endfacet
  facet normal -0 0 1
    outer loop
      vertex 117.178 -64.6111 10
      vertex 119.092 -65.1917 10
      vertex 117.273 -64.2304 10
    endloop
  endfacet
  facet normal 0 0 1
    outer loop
      vertex 119.092 -65.1917 10
      vertex 117.178 -64.6111 10
      vertex 118.893 -65.7461 10
    endloop
  endfacet
  facet normal 0 0 1
    outer loop
      vertex 119.321 91.0381 10
      vertex 117.331 90.8421 10
      vertex 117.35 90.45 10
    endloop
  endfacet
  facet normal 0 0 1
    outer loop
      vertex 119.235 91.6205 10
      vertex 117.273 91.2304 10
      vertex 117.331 90.8421 10
    endloop
  endfacet
  facet normal 0 0 1
    outer loop
      vertex 119.092 92.1917 10
      vertex 117.178 91.6111 10
      vertex 117.273 91.2304 10
    endloop
  endfacet
  facet normal 0 0 1
    outer loop
      vertex 116.178 93.2784 10
      vertex 117.593 94.6926 10
      vertex 117.156 95.0881 10
    endloop
  endfacet
  facet normal 0 0 1
    outer loop
      vertex 118.893 92.7461 10
      vertex 117.046 91.9807 10
      vertex 117.178 91.6111 10
    endloop
  endfacet
  facet normal 0 0 1
    outer loop
      vertex 118.642 93.2784 10
      vertex 116.878 92.3356 10
      vertex 117.046 91.9807 10
    endloop
  endfacet
  facet normal 0 0 1
    outer loop
      vertex 115.888 93.542 10
      vertex 117.156 95.0881 10
      vertex 116.683 95.4388 10
    endloop
  endfacet
  facet normal 0 0 1
    outer loop
      vertex 118.339 93.7834 10
      vertex 116.676 92.6723 10
      vertex 116.878 92.3356 10
    endloop
  endfacet
  facet normal 0 0 1
    outer loop
      vertex 117.988 94.2564 10
      vertex 116.442 92.9876 10
      vertex 116.676 92.6723 10
    endloop
  endfacet
  facet normal 0 0 1
    outer loop
      vertex 117.593 94.6926 10
      vertex 116.178 93.2784 10
      vertex 116.442 92.9876 10
    endloop
  endfacet
  facet normal 0 0 1
    outer loop
      vertex 115.572 93.7759 10
      vertex 116.683 95.4388 10
      vertex 116.178 95.7415 10
    endloop
  endfacet
  facet normal 0 0 1
    outer loop
      vertex 117.156 95.0881 10
      vertex 115.888 93.542 10
      vertex 116.178 93.2784 10
    endloop
  endfacet
  facet normal 0 0 1
    outer loop
      vertex 115.236 93.9777 10
      vertex 116.178 95.7415 10
      vertex 115.646 95.9933 10
    endloop
  endfacet
  facet normal 0 0 1
    outer loop
      vertex 116.683 95.4388 10
      vertex 115.572 93.7759 10
      vertex 115.888 93.542 10
    endloop
  endfacet
  facet normal 0 0 1
    outer loop
      vertex 116.178 95.7415 10
      vertex 115.236 93.9777 10
      vertex 115.572 93.7759 10
    endloop
  endfacet
  facet normal 0 0 1
    outer loop
      vertex 114.881 94.1455 10
      vertex 115.646 95.9933 10
      vertex 115.092 96.1916 10
    endloop
  endfacet
  facet normal 0 0 1
    outer loop
      vertex 115.646 95.9933 10
      vertex 114.881 94.1455 10
      vertex 115.236 93.9777 10
    endloop
  endfacet
  facet normal 0 0 1
    outer loop
      vertex 114.511 94.2778 10
      vertex 115.092 96.1916 10
      vertex 114.521 96.3347 10
    endloop
  endfacet
  facet normal 0 0 1
    outer loop
      vertex 115.092 96.1916 10
      vertex 114.511 94.2778 10
      vertex 114.881 94.1455 10
    endloop
  endfacet
  facet normal 0 0 1
    outer loop
      vertex 114.521 96.3347 10
      vertex 114.13 94.3731 10
      vertex 114.511 94.2778 10
    endloop
  endfacet
  facet normal 0 0 1
    outer loop
      vertex 113.938 96.4211 10
      vertex 114.13 94.3731 10
      vertex 114.521 96.3347 10
    endloop
  endfacet
  facet normal 0 0 1
    outer loop
      vertex 113.938 96.4211 10
      vertex 113.742 94.4307 10
      vertex 114.13 94.3731 10
    endloop
  endfacet
  facet normal 0 0 1
    outer loop
      vertex 113.35 96.45 10
      vertex 113.742 94.4307 10
      vertex 113.938 96.4211 10
    endloop
  endfacet
  facet normal 0 0 1
    outer loop
      vertex 113.35 96.45 10
      vertex 113.35 94.45 10
      vertex 113.742 94.4307 10
    endloop
  endfacet
  facet normal -0 0 1
    outer loop
      vertex -68.95 96.45 10
      vertex 113.35 94.45 10
      vertex 113.35 96.45 10
    endloop
  endfacet
  facet normal 0 0 1
    outer loop
      vertex -68.95 96.45 10
      vertex -68.95 94.45 10
      vertex 113.35 94.45 10
    endloop
  endfacet
  facet normal 0 0 1
    outer loop
      vertex -68.95 96.45 10
      vertex -69.3421 94.4307 10
      vertex -68.95 94.45 10
    endloop
  endfacet
  facet normal -0 0 1
    outer loop
      vertex -69.5381 96.4211 10
      vertex -69.3421 94.4307 10
      vertex -68.95 96.45 10
    endloop
  endfacet
  facet normal 0 0 1
    outer loop
      vertex -69.5381 96.4211 10
      vertex -69.7304 94.3731 10
      vertex -69.3421 94.4307 10
    endloop
  endfacet
  facet normal -0 0 1
    outer loop
      vertex -70.1205 96.3347 10
      vertex -69.7304 94.3731 10
      vertex -69.5381 96.4211 10
    endloop
  endfacet
  facet normal 0 0 1
    outer loop
      vertex -69.7304 94.3731 10
      vertex -70.1205 96.3347 10
      vertex -70.1111 94.2778 10
    endloop
  endfacet
  facet normal -0 0 1
    outer loop
      vertex -70.6917 96.1916 10
      vertex -70.1111 94.2778 10
      vertex -70.1205 96.3347 10
    endloop
  endfacet
  facet normal 0 0 1
    outer loop
      vertex -70.1111 94.2778 10
      vertex -70.6917 96.1916 10
      vertex -70.4807 94.1455 10
    endloop
  endfacet
  facet normal -0 0 1
    outer loop
      vertex -71.2461 95.9933 10
      vertex -70.4807 94.1455 10
      vertex -70.6917 96.1916 10
    endloop
  endfacet
  facet normal 0 0 1
    outer loop
      vertex -70.4807 94.1455 10
      vertex -71.2461 95.9933 10
      vertex -70.8356 93.9777 10
    endloop
  endfacet
  facet normal -0 0 1
    outer loop
      vertex -71.7784 95.7415 10
      vertex -70.8356 93.9777 10
      vertex -71.2461 95.9933 10
    endloop
  endfacet
  facet normal 0 0 1
    outer loop
      vertex -70.8356 93.9777 10
      vertex -71.7784 95.7415 10
      vertex -71.1723 93.7759 10
    endloop
  endfacet
  facet normal -0 0 1
    outer loop
      vertex -72.2834 95.4388 10
      vertex -71.1723 93.7759 10
      vertex -71.7784 95.7415 10
    endloop
  endfacet
  facet normal 0 0 1
    outer loop
      vertex -71.1723 93.7759 10
      vertex -72.2834 95.4388 10
      vertex -71.4876 93.542 10
    endloop
  endfacet
  facet normal -0 0 1
    outer loop
      vertex -72.7564 95.0881 10
      vertex -71.4876 93.542 10
      vertex -72.2834 95.4388 10
    endloop
  endfacet
  facet normal 0 0 1
    outer loop
      vertex -71.4876 93.542 10
      vertex -72.7564 95.0881 10
      vertex -71.7784 93.2784 10
    endloop
  endfacet
  facet normal -0 0 1
    outer loop
      vertex -73.1926 94.6926 10
      vertex -71.7784 93.2784 10
      vertex -72.7564 95.0881 10
    endloop
  endfacet
  facet normal 0 0 1
    outer loop
      vertex -71.7784 93.2784 10
      vertex -73.1926 94.6926 10
      vertex -72.042 92.9876 10
    endloop
  endfacet
  facet normal -0 0 1
    outer loop
      vertex -73.5881 94.2564 10
      vertex -72.042 92.9876 10
      vertex -73.1926 94.6926 10
    endloop
  endfacet
  facet normal 0 0 1
    outer loop
      vertex -72.042 92.9876 10
      vertex -73.5881 94.2564 10
      vertex -72.2759 92.6723 10
    endloop
  endfacet
  facet normal -0 0 1
    outer loop
      vertex -73.9388 93.7834 10
      vertex -72.2759 92.6723 10
      vertex -73.5881 94.2564 10
    endloop
  endfacet
  facet normal 0 0 1
    outer loop
      vertex -72.2759 92.6723 10
      vertex -73.9388 93.7834 10
      vertex -72.4777 92.3356 10
    endloop
  endfacet
  facet normal -0 0 1
    outer loop
      vertex -74.2415 93.2784 10
      vertex -72.4777 92.3356 10
      vertex -73.9388 93.7834 10
    endloop
  endfacet
  facet normal 0 0 1
    outer loop
      vertex -72.4777 92.3356 10
      vertex -74.2415 93.2784 10
      vertex -72.6455 91.9807 10
    endloop
  endfacet
  facet normal 0 0 1
    outer loop
      vertex -72.6455 91.9807 10
      vertex -74.4933 92.7461 10
      vertex -72.7778 91.6111 10
    endloop
  endfacet
  facet normal -0 0 1
    outer loop
      vertex -74.4933 92.7461 10
      vertex -72.6455 91.9807 10
      vertex -74.2415 93.2784 10
    endloop
  endfacet
  facet normal -0 0 1
    outer loop
      vertex 117.046 -64.9807 10
      vertex 118.893 -65.7461 10
      vertex 117.178 -64.6111 10
    endloop
  endfacet
  facet normal 0 0 1
    outer loop
      vertex 118.893 -65.7461 10
      vertex 117.046 -64.9807 10
      vertex 118.642 -66.2784 10
    endloop
  endfacet
  facet normal -0 0 1
    outer loop
      vertex 116.878 -65.3356 10
      vertex 118.642 -66.2784 10
      vertex 117.046 -64.9807 10
    endloop
  endfacet
  facet normal 0 0 1
    outer loop
      vertex 118.642 -66.2784 10
      vertex 116.878 -65.3356 10
      vertex 118.339 -66.7834 10
    endloop
  endfacet
  facet normal -0 0 1
    outer loop
      vertex 116.676 -65.6723 10
      vertex 118.339 -66.7834 10
      vertex 116.878 -65.3356 10
    endloop
  endfacet
  facet normal 0 0 1
    outer loop
      vertex 118.339 -66.7834 10
      vertex 116.676 -65.6723 10
      vertex 117.988 -67.2564 10
    endloop
  endfacet
  facet normal -0 0 1
    outer loop
      vertex 116.442 -65.9876 10
      vertex 117.988 -67.2564 10
      vertex 116.676 -65.6723 10
    endloop
  endfacet
  facet normal 0 0 1
    outer loop
      vertex 117.988 -67.2564 10
      vertex 116.442 -65.9876 10
      vertex 117.593 -67.6926 10
    endloop
  endfacet
  facet normal -0 0 1
    outer loop
      vertex 116.178 -66.2784 10
      vertex 117.593 -67.6926 10
      vertex 116.442 -65.9876 10
    endloop
  endfacet
  facet normal 0 0 1
    outer loop
      vertex 117.593 -67.6926 10
      vertex 116.178 -66.2784 10
      vertex 117.156 -68.0881 10
    endloop
  endfacet
  facet normal -0 0 1
    outer loop
      vertex 115.888 -66.542 10
      vertex 117.156 -68.0881 10
      vertex 116.178 -66.2784 10
    endloop
  endfacet
  facet normal 0 0 1
    outer loop
      vertex 117.156 -68.0881 10
      vertex 115.888 -66.542 10
      vertex 116.683 -68.4388 10
    endloop
  endfacet
  facet normal -0 0 1
    outer loop
      vertex 115.572 -66.7759 10
      vertex 116.683 -68.4388 10
      vertex 115.888 -66.542 10
    endloop
  endfacet
  facet normal 0 0 1
    outer loop
      vertex 116.683 -68.4388 10
      vertex 115.572 -66.7759 10
      vertex 116.178 -68.7415 10
    endloop
  endfacet
  facet normal -0 0 1
    outer loop
      vertex 115.236 -66.9777 10
      vertex 116.178 -68.7415 10
      vertex 115.572 -66.7759 10
    endloop
  endfacet
  facet normal 0 0 1
    outer loop
      vertex 116.178 -68.7415 10
      vertex 115.236 -66.9777 10
      vertex 115.646 -68.9933 10
    endloop
  endfacet
  facet normal -0 0 1
    outer loop
      vertex 114.881 -67.1455 10
      vertex 115.646 -68.9933 10
      vertex 115.236 -66.9777 10
    endloop
  endfacet
  facet normal 0 0 1
    outer loop
      vertex 115.646 -68.9933 10
      vertex 114.881 -67.1455 10
      vertex 115.092 -69.1916 10
    endloop
  endfacet
  facet normal -0 0 1
    outer loop
      vertex 114.511 -67.2778 10
      vertex 115.092 -69.1916 10
      vertex 114.881 -67.1455 10
    endloop
  endfacet
  facet normal 0 0 1
    outer loop
      vertex 115.092 -69.1916 10
      vertex 114.511 -67.2778 10
      vertex 114.521 -69.3347 10
    endloop
  endfacet
  facet normal -0 0 1
    outer loop
      vertex 114.13 -67.3731 10
      vertex 114.521 -69.3347 10
      vertex 114.511 -67.2778 10
    endloop
  endfacet
  facet normal 0 0 1
    outer loop
      vertex 114.13 -67.3731 10
      vertex 113.938 -69.4211 10
      vertex 114.521 -69.3347 10
    endloop
  endfacet
  facet normal -0 0 1
    outer loop
      vertex 113.742 -67.4307 10
      vertex 113.938 -69.4211 10
      vertex 114.13 -67.3731 10
    endloop
  endfacet
  facet normal -0 0 1
    outer loop
      vertex 113.35 -67.45 10
      vertex 113.938 -69.4211 10
      vertex 113.742 -67.4307 10
    endloop
  endfacet
  facet normal 0 0 1
    outer loop
      vertex 113.35 -67.45 10
      vertex 113.35 -69.45 10
      vertex 113.938 -69.4211 10
    endloop
  endfacet
  facet normal -0 0 1
    outer loop
      vertex -68.95 -67.45 10
      vertex 113.35 -69.45 10
      vertex 113.35 -67.45 10
    endloop
  endfacet
  facet normal 0 0 1
    outer loop
      vertex -68.95 -67.45 10
      vertex -68.95 -69.45 10
      vertex 113.35 -69.45 10
    endloop
  endfacet
  facet normal 0 0 1
    outer loop
      vertex -69.3421 -67.4307 10
      vertex -68.95 -69.45 10
      vertex -68.95 -67.45 10
    endloop
  endfacet
  facet normal 0 0 1
    outer loop
      vertex -69.3421 -67.4307 10
      vertex -69.5381 -69.4211 10
      vertex -68.95 -69.45 10
    endloop
  endfacet
  facet normal 0 0 1
    outer loop
      vertex -69.7304 -67.3731 10
      vertex -69.5381 -69.4211 10
      vertex -69.3421 -67.4307 10
    endloop
  endfacet
  facet normal 0 0 1
    outer loop
      vertex -70.1205 -69.3347 10
      vertex -69.7304 -67.3731 10
      vertex -70.1111 -67.2778 10
    endloop
  endfacet
  facet normal 0 0 1
    outer loop
      vertex -69.7304 -67.3731 10
      vertex -70.1205 -69.3347 10
      vertex -69.5381 -69.4211 10
    endloop
  endfacet
  facet normal 0 0 1
    outer loop
      vertex -70.6917 -69.1916 10
      vertex -70.1111 -67.2778 10
      vertex -70.4807 -67.1455 10
    endloop
  endfacet
  facet normal 0 0 1
    outer loop
      vertex -70.1111 -67.2778 10
      vertex -70.6917 -69.1916 10
      vertex -70.1205 -69.3347 10
    endloop
  endfacet
  facet normal 0 0 1
    outer loop
      vertex -71.2461 -68.9933 10
      vertex -70.4807 -67.1455 10
      vertex -70.8356 -66.9777 10
    endloop
  endfacet
  facet normal 0 0 1
    outer loop
      vertex -71.7784 -68.7415 10
      vertex -70.8356 -66.9777 10
      vertex -71.1723 -66.7759 10
    endloop
  endfacet
  facet normal 0 0 1
    outer loop
      vertex -70.4807 -67.1455 10
      vertex -71.2461 -68.9933 10
      vertex -70.6917 -69.1916 10
    endloop
  endfacet
  facet normal 0 0 1
    outer loop
      vertex -72.2834 -68.4388 10
      vertex -71.1723 -66.7759 10
      vertex -71.4876 -66.542 10
    endloop
  endfacet
  facet normal 0 0 1
    outer loop
      vertex -70.8356 -66.9777 10
      vertex -71.7784 -68.7415 10
      vertex -71.2461 -68.9933 10
    endloop
  endfacet
  facet normal 0 0 1
    outer loop
      vertex -72.7564 -68.0881 10
      vertex -71.4876 -66.542 10
      vertex -71.7784 -66.2784 10
    endloop
  endfacet
  facet normal 0 0 1
    outer loop
      vertex -73.1926 -67.6926 10
      vertex -71.7784 -66.2784 10
      vertex -72.042 -65.9876 10
    endloop
  endfacet
  facet normal 0 0 1
    outer loop
      vertex -73.5881 -67.2564 10
      vertex -72.042 -65.9876 10
      vertex -72.2759 -65.6723 10
    endloop
  endfacet
  facet normal 0 0 1
    outer loop
      vertex -71.1723 -66.7759 10
      vertex -72.2834 -68.4388 10
      vertex -71.7784 -68.7415 10
    endloop
  endfacet
  facet normal 0 0 1
    outer loop
      vertex -73.9388 -66.7834 10
      vertex -72.2759 -65.6723 10
      vertex -72.4777 -65.3356 10
    endloop
  endfacet
  facet normal 0 0 1
    outer loop
      vertex -74.2415 -66.2784 10
      vertex -72.4777 -65.3356 10
      vertex -72.6455 -64.9807 10
    endloop
  endfacet
  facet normal 0 0 1
    outer loop
      vertex -71.4876 -66.542 10
      vertex -72.7564 -68.0881 10
      vertex -72.2834 -68.4388 10
    endloop
  endfacet
  facet normal 0 0 1
    outer loop
      vertex -74.4933 -65.7461 10
      vertex -72.6455 -64.9807 10
      vertex -72.7778 -64.6111 10
    endloop
  endfacet
  facet normal 0 0 1
    outer loop
      vertex -74.6916 -65.1917 10
      vertex -72.7778 -64.6111 10
      vertex -72.8731 -64.2304 10
    endloop
  endfacet
  facet normal 0 0 1
    outer loop
      vertex -74.8347 -64.6205 10
      vertex -72.8731 -64.2304 10
      vertex -72.9307 -63.8421 10
    endloop
  endfacet
  facet normal 0 0 1
    outer loop
      vertex -74.9211 -64.0381 10
      vertex -72.9307 -63.8421 10
      vertex -72.95 -63.45 10
    endloop
  endfacet
  facet normal 0 0 1
    outer loop
      vertex -71.7784 -66.2784 10
      vertex -73.1926 -67.6926 10
      vertex -72.7564 -68.0881 10
    endloop
  endfacet
  facet normal 0 0 1
    outer loop
      vertex -72.95 90.45 10
      vertex -74.95 90.45 10
      vertex -72.95 -63.45 10
    endloop
  endfacet
  facet normal -0 0 1
    outer loop
      vertex -74.6916 92.1917 10
      vertex -72.7778 91.6111 10
      vertex -74.4933 92.7461 10
    endloop
  endfacet
  facet normal 0 0 1
    outer loop
      vertex -74.95 -63.45 10
      vertex -72.95 -63.45 10
      vertex -74.95 90.45 10
    endloop
  endfacet
  facet normal 0 0 1
    outer loop
      vertex -72.7778 91.6111 10
      vertex -74.6916 92.1917 10
      vertex -72.8731 91.2304 10
    endloop
  endfacet
  facet normal 0 -0 1
    outer loop
      vertex -74.9211 -64.0381 10
      vertex -72.95 -63.45 10
      vertex -74.95 -63.45 10
    endloop
  endfacet
  facet normal -0 0 1
    outer loop
      vertex -74.8347 91.6205 10
      vertex -72.8731 91.2304 10
      vertex -74.6916 92.1917 10
    endloop
  endfacet
  facet normal 0 0 1
    outer loop
      vertex -72.042 -65.9876 10
      vertex -73.5881 -67.2564 10
      vertex -73.1926 -67.6926 10
    endloop
  endfacet
  facet normal 0 0 1
    outer loop
      vertex -72.8731 91.2304 10
      vertex -74.8347 91.6205 10
      vertex -72.9307 90.8421 10
    endloop
  endfacet
  facet normal 0 0 1
    outer loop
      vertex -72.2759 -65.6723 10
      vertex -73.9388 -66.7834 10
      vertex -73.5881 -67.2564 10
    endloop
  endfacet
  facet normal -0 0 1
    outer loop
      vertex -74.9211 91.0381 10
      vertex -72.9307 90.8421 10
      vertex -74.8347 91.6205 10
    endloop
  endfacet
  facet normal 0 0 1
    outer loop
      vertex -72.4777 -65.3356 10
      vertex -74.2415 -66.2784 10
      vertex -73.9388 -66.7834 10
    endloop
  endfacet
  facet normal 0 0 1
    outer loop
      vertex -72.9307 90.8421 10
      vertex -74.9211 91.0381 10
      vertex -72.95 90.45 10
    endloop
  endfacet
  facet normal 0 0 1
    outer loop
      vertex -72.6455 -64.9807 10
      vertex -74.4933 -65.7461 10
      vertex -74.2415 -66.2784 10
    endloop
  endfacet
  facet normal 0 0 1
    outer loop
      vertex -72.95 90.45 10
      vertex -74.9211 91.0381 10
      vertex -74.95 90.45 10
    endloop
  endfacet
  facet normal 0 0 1
    outer loop
      vertex -72.7778 -64.6111 10
      vertex -74.6916 -65.1917 10
      vertex -74.4933 -65.7461 10
    endloop
  endfacet
  facet normal 0 0 1
    outer loop
      vertex -72.8731 -64.2304 10
      vertex -74.8347 -64.6205 10
      vertex -74.6916 -65.1917 10
    endloop
  endfacet
  facet normal 0 0 1
    outer loop
      vertex -72.9307 -63.8421 10
      vertex -74.9211 -64.0381 10
      vertex -74.8347 -64.6205 10
    endloop
  endfacet
  facet normal 0 1 -0
    outer loop
      vertex 113.35 96.45 0
      vertex -68.95 96.45 10
      vertex 113.35 96.45 10
    endloop
  endfacet
  facet normal 0 1 0
    outer loop
      vertex -68.95 96.45 10
      vertex 113.35 96.45 0
      vertex -68.95 96.45 0
    endloop
  endfacet
  facet normal -0.998795 -0.0490821 0
    outer loop
      vertex -74.9211 -64.0381 0
      vertex -74.95 -63.45 10
      vertex -74.95 -63.45 0
    endloop
  endfacet
  facet normal -0.998795 -0.0490821 0
    outer loop
      vertex -74.95 -63.45 10
      vertex -74.9211 -64.0381 0
      vertex -74.9211 -64.0381 10
    endloop
  endfacet
  facet normal 0 -1 0
    outer loop
      vertex -68.95 -69.45 0
      vertex 113.35 -69.45 10
      vertex -68.95 -69.45 10
    endloop
  endfacet
  facet normal 0 -1 -0
    outer loop
      vertex 113.35 -69.45 10
      vertex -68.95 -69.45 0
      vertex 113.35 -69.45 0
    endloop
  endfacet
  facet normal -0.6717 -0.740823 0
    outer loop
      vertex -73.1926 -67.6926 0
      vertex -72.7564 -68.0881 10
      vertex -73.1926 -67.6926 10
    endloop
  endfacet
  facet normal -0.6717 -0.740823 -0
    outer loop
      vertex -72.7564 -68.0881 10
      vertex -73.1926 -67.6926 0
      vertex -72.7564 -68.0881 0
    endloop
  endfacet
  facet normal 0.941203 0.337842 0
    outer loop
      vertex 119.092 92.1917 10
      vertex 118.893 92.7461 0
      vertex 118.893 92.7461 10
    endloop
  endfacet
  facet normal 0.941203 0.337842 0
    outer loop
      vertex 118.893 92.7461 0
      vertex 119.092 92.1917 10
      vertex 119.092 92.1917 0
    endloop
  endfacet
  facet normal 0.904487 -0.426501 0
    outer loop
      vertex 118.642 -66.2784 10
      vertex 118.893 -65.7461 0
      vertex 118.893 -65.7461 10
    endloop
  endfacet
  facet normal 0.904487 -0.426501 0
    outer loop
      vertex 118.893 -65.7461 0
      vertex 118.642 -66.2784 10
      vertex 118.642 -66.2784 0
    endloop
  endfacet
  facet normal 0.671024 -0.741435 0
    outer loop
      vertex 117.156 -68.0881 0
      vertex 117.593 -67.6926 10
      vertex 117.156 -68.0881 10
    endloop
  endfacet
  facet normal 0.671024 -0.741435 0
    outer loop
      vertex 117.593 -67.6926 10
      vertex 117.156 -68.0881 0
      vertex 117.593 -67.6926 0
    endloop
  endfacet
  facet normal 0.0490904 0.998794 -0
    outer loop
      vertex 113.938 96.4211 0
      vertex 113.35 96.45 10
      vertex 113.938 96.4211 10
    endloop
  endfacet
  facet normal 0.0490904 0.998794 0
    outer loop
      vertex 113.35 96.45 10
      vertex 113.938 96.4211 0
      vertex 113.35 96.45 0
    endloop
  endfacet
  facet normal -0.336788 0.94158 0
    outer loop
      vertex -70.6917 96.1916 0
      vertex -71.2461 95.9933 10
      vertex -70.6917 96.1916 10
    endloop
  endfacet
  facet normal -0.336788 0.94158 0
    outer loop
      vertex -71.2461 95.9933 10
      vertex -70.6917 96.1916 0
      vertex -71.2461 95.9933 0
    endloop
  endfacet
  facet normal -0.903962 0.427612 0
    outer loop
      vertex -74.4933 92.7461 0
      vertex -74.2415 93.2784 10
      vertex -74.2415 93.2784 0
    endloop
  endfacet
  facet normal -0.903962 0.427612 0
    outer loop
      vertex -74.2415 93.2784 10
      vertex -74.4933 92.7461 0
      vertex -74.4933 92.7461 10
    endloop
  endfacet
  facet normal -1 0 0
    outer loop
      vertex -74.95 -63.45 0
      vertex -74.95 90.45 10
      vertex -74.95 90.45 0
    endloop
  endfacet
  facet normal -1 -0 0
    outer loop
      vertex -74.95 90.45 10
      vertex -74.95 -63.45 0
      vertex -74.95 -63.45 10
    endloop
  endfacet
  facet normal -0.903962 -0.427612 0
    outer loop
      vertex -74.2415 -66.2784 0
      vertex -74.4933 -65.7461 10
      vertex -74.4933 -65.7461 0
    endloop
  endfacet
  facet normal -0.903962 -0.427612 0
    outer loop
      vertex -74.4933 -65.7461 10
      vertex -74.2415 -66.2784 0
      vertex -74.2415 -66.2784 10
    endloop
  endfacet
  facet normal -0.243015 -0.970023 0
    outer loop
      vertex -70.6917 -69.1916 0
      vertex -70.1205 -69.3347 10
      vertex -70.6917 -69.1916 10
    endloop
  endfacet
  facet normal -0.243015 -0.970023 -0
    outer loop
      vertex -70.1205 -69.3347 10
      vertex -70.6917 -69.1916 0
      vertex -70.1205 -69.3347 0
    endloop
  endfacet
  facet normal 0.514121 -0.857718 0
    outer loop
      vertex 116.178 -68.7415 0
      vertex 116.683 -68.4388 10
      vertex 116.178 -68.7415 10
    endloop
  endfacet
  facet normal 0.514121 -0.857718 0
    outer loop
      vertex 116.683 -68.4388 10
      vertex 116.178 -68.7415 0
      vertex 116.683 -68.4388 0
    endloop
  endfacet
  facet normal 0.337004 -0.941503 0
    outer loop
      vertex 115.092 -69.1916 0
      vertex 115.646 -68.9933 10
      vertex 115.092 -69.1916 10
    endloop
  endfacet
  facet normal 0.337004 -0.941503 0
    outer loop
      vertex 115.646 -68.9933 10
      vertex 115.092 -69.1916 0
      vertex 115.646 -68.9933 0
    endloop
  endfacet
  facet normal 0.337004 0.941503 -0
    outer loop
      vertex 115.646 95.9933 0
      vertex 115.092 96.1916 10
      vertex 115.646 95.9933 10
    endloop
  endfacet
  facet normal 0.337004 0.941503 0
    outer loop
      vertex 115.092 96.1916 10
      vertex 115.646 95.9933 0
      vertex 115.092 96.1916 0
    endloop
  endfacet
  facet normal -0.243015 0.970023 0
    outer loop
      vertex -70.1205 96.3347 0
      vertex -70.6917 96.1916 10
      vertex -70.1205 96.3347 10
    endloop
  endfacet
  facet normal -0.243015 0.970023 0
    outer loop
      vertex -70.6917 96.1916 10
      vertex -70.1205 96.3347 0
      vertex -70.6917 96.1916 0
    endloop
  endfacet
  facet normal -0.146746 0.989174 0
    outer loop
      vertex -69.5381 96.4211 0
      vertex -70.1205 96.3347 10
      vertex -69.5381 96.4211 10
    endloop
  endfacet
  facet normal -0.146746 0.989174 0
    outer loop
      vertex -70.1205 96.3347 10
      vertex -69.5381 96.4211 0
      vertex -70.1205 96.3347 0
    endloop
  endfacet
  facet normal -0.0490821 0.998795 0
    outer loop
      vertex -68.95 96.45 0
      vertex -69.5381 96.4211 10
      vertex -68.95 96.45 10
    endloop
  endfacet
  facet normal -0.0490821 0.998795 0
    outer loop
      vertex -69.5381 96.4211 10
      vertex -68.95 96.45 0
      vertex -69.5381 96.4211 0
    endloop
  endfacet
  facet normal -0.427612 0.903962 0
    outer loop
      vertex -71.2461 95.9933 0
      vertex -71.7784 95.7415 10
      vertex -71.2461 95.9933 10
    endloop
  endfacet
  facet normal -0.427612 0.903962 0
    outer loop
      vertex -71.7784 95.7415 10
      vertex -71.2461 95.9933 0
      vertex -71.7784 95.7415 0
    endloop
  endfacet
  facet normal -0.803289 0.595589 0
    outer loop
      vertex -73.9388 93.7834 0
      vertex -73.5881 94.2564 10
      vertex -73.5881 94.2564 0
    endloop
  endfacet
  facet normal -0.803289 0.595589 0
    outer loop
      vertex -73.5881 94.2564 10
      vertex -73.9388 93.7834 0
      vertex -73.9388 93.7834 10
    endloop
  endfacet
  facet normal -0.857718 0.514121 0
    outer loop
      vertex -74.2415 93.2784 0
      vertex -73.9388 93.7834 10
      vertex -73.9388 93.7834 0
    endloop
  endfacet
  facet normal -0.857718 0.514121 0
    outer loop
      vertex -73.9388 93.7834 10
      vertex -74.2415 93.2784 0
      vertex -74.2415 93.2784 10
    endloop
  endfacet
  facet normal -0 0 -1
    outer loop
      vertex -4.17978 -0.411672 0
      vertex -29.8651 -9.03015 0
      vertex -4.2 0 0
    endloop
  endfacet
  facet normal 0 0 -1
    outer loop
      vertex -4.2 0 0
      vertex -29.6308 9.49012 0
      vertex -29.55 10 0
    endloop
  endfacet
  facet normal 0 0 -1
    outer loop
      vertex -29.8651 9.03015 0
      vertex -4.2 0 0
      vertex -29.8651 -9.03015 0
    endloop
  endfacet
  facet normal 0 0 -1
    outer loop
      vertex -4.2 0 0
      vertex -29.8651 9.03015 0
      vertex -29.6308 9.49012 0
    endloop
  endfacet
  facet normal 0 0 -1
    outer loop
      vertex -30.2302 -8.66512 0
      vertex -29.8651 9.03015 0
      vertex -29.8651 -9.03015 0
    endloop
  endfacet
  facet normal 0 0 -1
    outer loop
      vertex -30.2302 -8.66512 0
      vertex -30.2302 8.66512 0
      vertex -29.8651 9.03015 0
    endloop
  endfacet
  facet normal 0 0 -1
    outer loop
      vertex -30.6901 -8.43076 0
      vertex -30.2302 8.66512 0
      vertex -30.2302 -8.66512 0
    endloop
  endfacet
  facet normal 0 0 -1
    outer loop
      vertex -30.6901 -8.43076 0
      vertex -30.6901 8.43076 0
      vertex -30.2302 8.66512 0
    endloop
  endfacet
  facet normal 0 0 -1
    outer loop
      vertex -31.2 -8.35 0
      vertex -30.6901 8.43076 0
      vertex -30.6901 -8.43076 0
    endloop
  endfacet
  facet normal 0 0 -1
    outer loop
      vertex -31.2 -8.35 0
      vertex -31.2 8.35 0
      vertex -30.6901 8.43076 0
    endloop
  endfacet
  facet normal 0 0 -1
    outer loop
      vertex -31.7099 -8.43076 0
      vertex -31.2 8.35 0
      vertex -31.2 -8.35 0
    endloop
  endfacet
  facet normal 0 0 -1
    outer loop
      vertex -31.7099 -8.43076 0
      vertex -31.7099 8.43076 0
      vertex -31.2 8.35 0
    endloop
  endfacet
  facet normal 0 0 -1
    outer loop
      vertex -32.1698 -8.66512 0
      vertex -31.7099 8.43076 0
      vertex -31.7099 -8.43076 0
    endloop
  endfacet
  facet normal 0 0 -1
    outer loop
      vertex -32.1698 -8.66512 0
      vertex -32.1698 8.66512 0
      vertex -31.7099 8.43076 0
    endloop
  endfacet
  facet normal 0 0 -1
    outer loop
      vertex -32.5349 -9.03015 0
      vertex -32.1698 8.66512 0
      vertex -32.1698 -8.66512 0
    endloop
  endfacet
  facet normal 0 0 -1
    outer loop
      vertex -32.5349 -9.03015 0
      vertex -32.5349 9.03015 0
      vertex -32.1698 8.66512 0
    endloop
  endfacet
  facet normal 0 0 -1
    outer loop
      vertex -32.7692 -9.49012 0
      vertex -32.5349 9.03015 0
      vertex -32.5349 -9.03015 0
    endloop
  endfacet
  facet normal 0 0 -1
    outer loop
      vertex -32.7692 -9.49012 0
      vertex -32.7692 9.49012 0
      vertex -32.5349 9.03015 0
    endloop
  endfacet
  facet normal 0 0 -1
    outer loop
      vertex -32.85 -10 0
      vertex -32.7692 9.49012 0
      vertex -32.7692 -9.49012 0
    endloop
  endfacet
  facet normal -0 0 -1
    outer loop
      vertex -32.7692 9.49012 0
      vertex -32.85 -10 0
      vertex -32.85 10 0
    endloop
  endfacet
  facet normal 0 0 -1
    outer loop
      vertex 9.70073 38.9545 0
      vertex 31.2 11.65 0
      vertex 30.6901 11.5692 0
    endloop
  endfacet
  facet normal 0 0 -1
    outer loop
      vertex 8.73043 37.1392 0
      vertex 30.6901 11.5692 0
      vertex 30.2302 11.3349 0
    endloop
  endfacet
  facet normal 0 0 -1
    outer loop
      vertex 7.42462 35.548 0
      vertex 30.2302 11.3349 0
      vertex 29.8651 10.9698 0
    endloop
  endfacet
  facet normal 0 0 -1
    outer loop
      vertex 4.94967 33.7125 0
      vertex 29.8651 10.9698 0
      vertex 29.6308 10.5099 0
    endloop
  endfacet
  facet normal 0 0 -1
    outer loop
      vertex 3.24664 2.66445 0
      vertex 29.6308 10.5099 0
      vertex 29.55 10 0
    endloop
  endfacet
  facet normal 0 0 -1
    outer loop
      vertex 31.2 11.65 0
      vertex 29.1454 51.1226 0
      vertex 30.7909 53.9726 0
    endloop
  endfacet
  facet normal 0 0 -1
    outer loop
      vertex 32.7692 -9.49012 0
      vertex 32.85 10 0
      vertex 32.85 -10 0
    endloop
  endfacet
  facet normal 0 0 -1
    outer loop
      vertex 32.7692 -9.49012 0
      vertex 32.7692 9.49012 0
      vertex 32.85 10 0
    endloop
  endfacet
  facet normal 0 0 -1
    outer loop
      vertex 32.5349 -9.03015 0
      vertex 32.7692 9.49012 0
      vertex 32.7692 -9.49012 0
    endloop
  endfacet
  facet normal 0 0 -1
    outer loop
      vertex 32.5349 -9.03015 0
      vertex 32.5349 9.03015 0
      vertex 32.7692 9.49012 0
    endloop
  endfacet
  facet normal 0 0 -1
    outer loop
      vertex 32.1698 -8.66512 0
      vertex 32.5349 9.03015 0
      vertex 32.5349 -9.03015 0
    endloop
  endfacet
  facet normal 0 0 -1
    outer loop
      vertex 32.1698 -8.66512 0
      vertex 32.1698 8.66512 0
      vertex 32.5349 9.03015 0
    endloop
  endfacet
  facet normal 0 0 -1
    outer loop
      vertex 31.7099 -8.43076 0
      vertex 32.1698 8.66512 0
      vertex 32.1698 -8.66512 0
    endloop
  endfacet
  facet normal 0 0 -1
    outer loop
      vertex 31.7099 -8.43076 0
      vertex 31.7099 8.43076 0
      vertex 32.1698 8.66512 0
    endloop
  endfacet
  facet normal 0 0 -1
    outer loop
      vertex 31.2 -8.35 0
      vertex 31.7099 8.43076 0
      vertex 31.7099 -8.43076 0
    endloop
  endfacet
  facet normal 0 0 -1
    outer loop
      vertex 31.2 -8.35 0
      vertex 31.2 8.35 0
      vertex 31.7099 8.43076 0
    endloop
  endfacet
  facet normal 0 0 -1
    outer loop
      vertex 30.6901 -8.43076 0
      vertex 31.2 8.35 0
      vertex 31.2 -8.35 0
    endloop
  endfacet
  facet normal 0 0 -1
    outer loop
      vertex 30.6901 -8.43076 0
      vertex 30.6901 8.43076 0
      vertex 31.2 8.35 0
    endloop
  endfacet
  facet normal 0 0 -1
    outer loop
      vertex 30.2302 -8.66512 0
      vertex 30.6901 8.43076 0
      vertex 30.6901 -8.43076 0
    endloop
  endfacet
  facet normal 0 0 -1
    outer loop
      vertex 30.2302 -8.66512 0
      vertex 30.2302 8.66512 0
      vertex 30.6901 8.43076 0
    endloop
  endfacet
  facet normal 0 0 -1
    outer loop
      vertex 29.8651 -9.03015 0
      vertex 30.2302 8.66512 0
      vertex 30.2302 -8.66512 0
    endloop
  endfacet
  facet normal 0 0 -1
    outer loop
      vertex 29.8651 -9.03015 0
      vertex 29.8651 9.03015 0
      vertex 30.2302 8.66512 0
    endloop
  endfacet
  facet normal 0 0 -1
    outer loop
      vertex 4.1193 -0.819379 0
      vertex 29.8651 -9.03015 0
      vertex 29.6308 -9.49012 0
    endloop
  endfacet
  facet normal 0 0 -1
    outer loop
      vertex 29.8651 -9.03015 0
      vertex 4.2 0 0
      vertex 29.8651 9.03015 0
    endloop
  endfacet
  facet normal 0 0 -1
    outer loop
      vertex 3.88029 -1.60727 0
      vertex 29.6308 -9.49012 0
      vertex 29.55 -10 0
    endloop
  endfacet
  facet normal 0 0 -1
    outer loop
      vertex 4.17978 0.411672 0
      vertex 29.8651 9.03015 0
      vertex 4.2 0 0
    endloop
  endfacet
  facet normal 0 0 -1
    outer loop
      vertex 119.35 -63.45 0
      vertex 32.85 10 0
      vertex 119.35 90.45 0
    endloop
  endfacet
  facet normal 0 0 -1
    outer loop
      vertex 119.35 90.45 0
      vertex 81.0454 87.1 0
      vertex 82.6909 89.95 0
    endloop
  endfacet
  facet normal 0 0 -1
    outer loop
      vertex 32.85 -10 0
      vertex 81.0454 -60.1 0
      vertex 77.7546 -60.1 0
    endloop
  endfacet
  facet normal 0 0 -1
    outer loop
      vertex 119.35 90.45 0
      vertex 32.85 10 0
      vertex 81.0454 87.1 0
    endloop
  endfacet
  facet normal 0 0 -1
    outer loop
      vertex 31.7099 -11.5692 0
      vertex 77.7546 -60.1 0
      vertex 76.1091 -62.95 0
    endloop
  endfacet
  facet normal 0 0 -1
    outer loop
      vertex 32.7692 10.5099 0
      vertex 81.0454 87.1 0
      vertex 32.85 10 0
    endloop
  endfacet
  facet normal 0 0 -1
    outer loop
      vertex 113.35 -69.45 0
      vertex 119.35 -63.45 0
      vertex 119.321 -64.0381 0
    endloop
  endfacet
  facet normal 0 0 -1
    outer loop
      vertex 81.0454 -60.1 0
      vertex 119.35 -63.45 0
      vertex 82.6909 -62.95 0
    endloop
  endfacet
  facet normal 0 0 -1
    outer loop
      vertex 113.35 -69.45 0
      vertex 119.321 -64.0381 0
      vertex 119.235 -64.6205 0
    endloop
  endfacet
  facet normal 0 0 -1
    outer loop
      vertex 32.85 10 0
      vertex 119.35 -63.45 0
      vertex 81.0454 -60.1 0
    endloop
  endfacet
  facet normal 0 0 -1
    outer loop
      vertex 113.35 -69.45 0
      vertex 119.235 -64.6205 0
      vertex 119.092 -65.1917 0
    endloop
  endfacet
  facet normal 0 -0 -1
    outer loop
      vertex 113.35 96.45 0
      vertex 119.35 90.45 0
      vertex 82.6909 89.95 0
    endloop
  endfacet
  facet normal 0 0 -1
    outer loop
      vertex 113.35 -69.45 0
      vertex 119.092 -65.1917 0
      vertex 118.893 -65.7461 0
    endloop
  endfacet
  facet normal 0 0 -1
    outer loop
      vertex 119.35 90.45 0
      vertex 113.35 96.45 0
      vertex 119.321 91.0381 0
    endloop
  endfacet
  facet normal 0 0 -1
    outer loop
      vertex 113.35 -69.45 0
      vertex 118.893 -65.7461 0
      vertex 118.642 -66.2784 0
    endloop
  endfacet
  facet normal 0 0 -1
    outer loop
      vertex 119.321 91.0381 0
      vertex 113.35 96.45 0
      vertex 119.235 91.6205 0
    endloop
  endfacet
  facet normal 0 0 -1
    outer loop
      vertex 113.35 -69.45 0
      vertex 118.642 -66.2784 0
      vertex 118.339 -66.7834 0
    endloop
  endfacet
  facet normal 0 0 -1
    outer loop
      vertex 119.235 91.6205 0
      vertex 113.35 96.45 0
      vertex 119.092 92.1917 0
    endloop
  endfacet
  facet normal 0 0 -1
    outer loop
      vertex 113.35 -69.45 0
      vertex 118.339 -66.7834 0
      vertex 117.988 -67.2564 0
    endloop
  endfacet
  facet normal 0 0 -1
    outer loop
      vertex 119.092 92.1917 0
      vertex 113.35 96.45 0
      vertex 118.893 92.7461 0
    endloop
  endfacet
  facet normal 0 0 -1
    outer loop
      vertex 113.35 -69.45 0
      vertex 117.988 -67.2564 0
      vertex 117.593 -67.6926 0
    endloop
  endfacet
  facet normal 0 0 -1
    outer loop
      vertex 118.893 92.7461 0
      vertex 113.35 96.45 0
      vertex 118.642 93.2784 0
    endloop
  endfacet
  facet normal 0 0 -1
    outer loop
      vertex 113.35 -69.45 0
      vertex 117.593 -67.6926 0
      vertex 117.156 -68.0881 0
    endloop
  endfacet
  facet normal 0 0 -1
    outer loop
      vertex 118.642 93.2784 0
      vertex 113.35 96.45 0
      vertex 118.339 93.7834 0
    endloop
  endfacet
  facet normal 0 0 -1
    outer loop
      vertex 113.35 -69.45 0
      vertex 117.156 -68.0881 0
      vertex 116.683 -68.4388 0
    endloop
  endfacet
  facet normal 0 0 -1
    outer loop
      vertex 118.339 93.7834 0
      vertex 113.35 96.45 0
      vertex 117.988 94.2564 0
    endloop
  endfacet
  facet normal 0 0 -1
    outer loop
      vertex 113.35 -69.45 0
      vertex 116.683 -68.4388 0
      vertex 116.178 -68.7415 0
    endloop
  endfacet
  facet normal 0 0 -1
    outer loop
      vertex 117.988 94.2564 0
      vertex 113.35 96.45 0
      vertex 117.593 94.6926 0
    endloop
  endfacet
  facet normal 0 0 -1
    outer loop
      vertex 113.35 -69.45 0
      vertex 116.178 -68.7415 0
      vertex 115.646 -68.9933 0
    endloop
  endfacet
  facet normal 0 0 -1
    outer loop
      vertex 117.593 94.6926 0
      vertex 113.35 96.45 0
      vertex 117.156 95.0881 0
    endloop
  endfacet
  facet normal 0 0 -1
    outer loop
      vertex 113.35 -69.45 0
      vertex 115.646 -68.9933 0
      vertex 115.092 -69.1916 0
    endloop
  endfacet
  facet normal 0 0 -1
    outer loop
      vertex 117.156 95.0881 0
      vertex 113.35 96.45 0
      vertex 116.683 95.4388 0
    endloop
  endfacet
  facet normal 0 0 -1
    outer loop
      vertex 113.35 -69.45 0
      vertex 115.092 -69.1916 0
      vertex 114.521 -69.3347 0
    endloop
  endfacet
  facet normal 0 0 -1
    outer loop
      vertex 116.683 95.4388 0
      vertex 113.35 96.45 0
      vertex 116.178 95.7415 0
    endloop
  endfacet
  facet normal 0 0 -1
    outer loop
      vertex 113.35 -69.45 0
      vertex 114.521 -69.3347 0
      vertex 113.938 -69.4211 0
    endloop
  endfacet
  facet normal 0 0 -1
    outer loop
      vertex 116.178 95.7415 0
      vertex 113.35 96.45 0
      vertex 115.646 95.9933 0
    endloop
  endfacet
  facet normal -0 0 -1
    outer loop
      vertex 119.35 -63.45 0
      vertex 113.35 -69.45 0
      vertex 82.6909 -62.95 0
    endloop
  endfacet
  facet normal 0 0 -1
    outer loop
      vertex 115.646 95.9933 0
      vertex 113.35 96.45 0
      vertex 115.092 96.1916 0
    endloop
  endfacet
  facet normal 0 0 -1
    outer loop
      vertex 115.092 96.1916 0
      vertex 113.35 96.45 0
      vertex 114.521 96.3347 0
    endloop
  endfacet
  facet normal 0 0 -1
    outer loop
      vertex 113.35 -69.45 0
      vertex 81.0454 -65.8 0
      vertex 82.6909 -62.95 0
    endloop
  endfacet
  facet normal 0 0 -1
    outer loop
      vertex 113.35 -69.45 0
      vertex 77.7546 -65.8 0
      vertex 81.0454 -65.8 0
    endloop
  endfacet
  facet normal 0 0 -1
    outer loop
      vertex 81.0454 -60.1 0
      vertex 32.85 -10 0
      vertex 32.85 10 0
    endloop
  endfacet
  facet normal 0 0 -1
    outer loop
      vertex -68.95 -69.45 0
      vertex 76.1091 -62.95 0
      vertex 77.7546 -65.8 0
    endloop
  endfacet
  facet normal 0 0 -1
    outer loop
      vertex 77.7546 -60.1 0
      vertex 32.7692 -10.5099 0
      vertex 32.85 -10 0
    endloop
  endfacet
  facet normal 0 0 -1
    outer loop
      vertex 77.7546 -60.1 0
      vertex 32.5349 -10.9698 0
      vertex 32.7692 -10.5099 0
    endloop
  endfacet
  facet normal 0 0 -1
    outer loop
      vertex 77.7546 -60.1 0
      vertex 32.1698 -11.3349 0
      vertex 32.5349 -10.9698 0
    endloop
  endfacet
  facet normal 0 0 -1
    outer loop
      vertex 77.7546 -60.1 0
      vertex 31.7099 -11.5692 0
      vertex 32.1698 -11.3349 0
    endloop
  endfacet
  facet normal 0 0 -1
    outer loop
      vertex 76.1091 -62.95 0
      vertex 31.2 -11.65 0
      vertex 31.7099 -11.5692 0
    endloop
  endfacet
  facet normal 0 0 -1
    outer loop
      vertex 76.1091 -62.95 0
      vertex 30.6901 -11.5692 0
      vertex 31.2 -11.65 0
    endloop
  endfacet
  facet normal -0 0 -1
    outer loop
      vertex 76.1091 -62.95 0
      vertex -68.95 -69.45 0
      vertex 30.6901 -11.5692 0
    endloop
  endfacet
  facet normal 0 -0 -1
    outer loop
      vertex -30.6901 -11.5692 0
      vertex 30.6901 -11.5692 0
      vertex -68.95 -69.45 0
    endloop
  endfacet
  facet normal 0 0 -1
    outer loop
      vertex 4.1193 0.819379 0
      vertex 29.8651 9.03015 0
      vertex 4.17978 0.411672 0
    endloop
  endfacet
  facet normal 0 0 -1
    outer loop
      vertex 30.6901 11.5692 0
      vertex 8.73043 37.1392 0
      vertex 9.26017 38.023 0
    endloop
  endfacet
  facet normal 0 0 -1
    outer loop
      vertex 31.2 11.65 0
      vertex 9.70073 38.9545 0
      vertex 29.1454 51.1226 0
    endloop
  endfacet
  facet normal 0 -0 -1
    outer loop
      vertex 10.0479 39.9246 0
      vertex 25.8546 51.1226 0
      vertex 9.70073 38.9545 0
    endloop
  endfacet
  facet normal 0 0 -1
    outer loop
      vertex 3.24664 -2.66445 0
      vertex 29.55 -10 0
      vertex 29.6308 -10.5099 0
    endloop
  endfacet
  facet normal 0 0 -1
    outer loop
      vertex 10.5 48.9726 0
      vertex 25.8546 51.1226 0
      vertex 10.5 42.9726 0
    endloop
  endfacet
  facet normal 0 -0 -1
    outer loop
      vertex 10.5 42.9726 0
      vertex 25.8546 51.1226 0
      vertex 10.4494 41.9435 0
    endloop
  endfacet
  facet normal 0 -0 -1
    outer loop
      vertex 10.4494 41.9435 0
      vertex 25.8546 51.1226 0
      vertex 10.2982 40.9242 0
    endloop
  endfacet
  facet normal 0 -0 -1
    outer loop
      vertex 10.2982 40.9242 0
      vertex 25.8546 51.1226 0
      vertex 10.0479 39.9246 0
    endloop
  endfacet
  facet normal -0 0 -1
    outer loop
      vertex 29.1454 51.1226 0
      vertex 9.70073 38.9545 0
      vertex 25.8546 51.1226 0
    endloop
  endfacet
  facet normal 0 0 -1
    outer loop
      vertex 30.6901 11.5692 0
      vertex 9.26017 38.023 0
      vertex 9.70073 38.9545 0
    endloop
  endfacet
  facet normal 0 0 -1
    outer loop
      vertex 30.2302 11.3349 0
      vertex 8.11661 36.3115 0
      vertex 8.73043 37.1392 0
    endloop
  endfacet
  facet normal 0 0 -1
    outer loop
      vertex 30.2302 11.3349 0
      vertex 7.42462 35.548 0
      vertex 8.11661 36.3115 0
    endloop
  endfacet
  facet normal 0 0 -1
    outer loop
      vertex 3.24664 2.66445 0
      vertex 29.55 10 0
      vertex 3.49217 2.33339 0
    endloop
  endfacet
  facet normal 0 0 -1
    outer loop
      vertex 29.8651 10.9698 0
      vertex 6.66113 34.856 0
      vertex 7.42462 35.548 0
    endloop
  endfacet
  facet normal 0 0 -1
    outer loop
      vertex 2.33339 -3.49217 0
      vertex 29.6308 -10.5099 0
      vertex 29.8651 -10.9698 0
    endloop
  endfacet
  facet normal 0 0 -1
    outer loop
      vertex 29.6308 10.5099 0
      vertex 3.24664 2.66445 0
      vertex 2.96985 2.96985 0
    endloop
  endfacet
  facet normal -0 0 -1
    outer loop
      vertex 29.8651 9.03015 0
      vertex 4.1193 0.819379 0
      vertex 29.6308 9.49012 0
    endloop
  endfacet
  facet normal 0 0 -1
    outer loop
      vertex 30.6901 -11.5692 0
      vertex -30.6901 -11.5692 0
      vertex 30.2302 -11.3349 0
    endloop
  endfacet
  facet normal 0 0 -1
    outer loop
      vertex 29.8651 -9.03015 0
      vertex 4.17978 -0.411672 0
      vertex 4.2 0 0
    endloop
  endfacet
  facet normal 0 0 -1
    outer loop
      vertex 29.8651 -9.03015 0
      vertex 4.1193 -0.819379 0
      vertex 4.17978 -0.411672 0
    endloop
  endfacet
  facet normal 0 0 -1
    outer loop
      vertex 29.6308 -9.49012 0
      vertex 4.01915 -1.2192 0
      vertex 4.1193 -0.819379 0
    endloop
  endfacet
  facet normal 0 0 -1
    outer loop
      vertex 29.6308 -9.49012 0
      vertex 3.88029 -1.60727 0
      vertex 4.01915 -1.2192 0
    endloop
  endfacet
  facet normal 0 0 -1
    outer loop
      vertex 29.55 -10 0
      vertex 3.70407 -1.97987 0
      vertex 3.88029 -1.60727 0
    endloop
  endfacet
  facet normal 0 0 -1
    outer loop
      vertex 29.55 -10 0
      vertex 3.49217 -2.33339 0
      vertex 3.70407 -1.97987 0
    endloop
  endfacet
  facet normal 0 0 -1
    outer loop
      vertex 29.55 -10 0
      vertex 3.24664 -2.66445 0
      vertex 3.49217 -2.33339 0
    endloop
  endfacet
  facet normal 0 0 -1
    outer loop
      vertex 29.6308 -10.5099 0
      vertex 2.96985 -2.96985 0
      vertex 3.24664 -2.66445 0
    endloop
  endfacet
  facet normal 0 0 -1
    outer loop
      vertex 29.6308 -10.5099 0
      vertex 2.66445 -3.24664 0
      vertex 2.96985 -2.96985 0
    endloop
  endfacet
  facet normal 0 0 -1
    outer loop
      vertex 29.6308 -10.5099 0
      vertex 2.33339 -3.49217 0
      vertex 2.66445 -3.24664 0
    endloop
  endfacet
  facet normal 0 0 -1
    outer loop
      vertex 29.8651 -10.9698 0
      vertex 1.97987 -3.70407 0
      vertex 2.33339 -3.49217 0
    endloop
  endfacet
  facet normal 0 0 -1
    outer loop
      vertex 29.8651 -10.9698 0
      vertex 1.60727 -3.88029 0
      vertex 1.97987 -3.70407 0
    endloop
  endfacet
  facet normal 0 0 -1
    outer loop
      vertex 29.8651 -10.9698 0
      vertex 1.2192 -4.01915 0
      vertex 1.60727 -3.88029 0
    endloop
  endfacet
  facet normal 0 0 -1
    outer loop
      vertex 30.2302 -11.3349 0
      vertex 1.2192 -4.01915 0
      vertex 29.8651 -10.9698 0
    endloop
  endfacet
  facet normal 0 -0 -1
    outer loop
      vertex 1.2192 -4.01915 0
      vertex 30.2302 -11.3349 0
      vertex 0.819379 -4.1193 0
    endloop
  endfacet
  facet normal 0 -0 -1
    outer loop
      vertex 0.411672 -4.17978 0
      vertex 30.2302 -11.3349 0
      vertex 0 -4.2 0
    endloop
  endfacet
  facet normal 0 -0 -1
    outer loop
      vertex 0.819379 -4.1193 0
      vertex 30.2302 -11.3349 0
      vertex 0.411672 -4.17978 0
    endloop
  endfacet
  facet normal -0 0 -1
    outer loop
      vertex 30.2302 -11.3349 0
      vertex -30.6901 -11.5692 0
      vertex 0 -4.2 0
    endloop
  endfacet
  facet normal -0 0 -1
    outer loop
      vertex 0 -4.2 0
      vertex -30.2302 -11.3349 0
      vertex -0.411672 -4.17978 0
    endloop
  endfacet
  facet normal -0 0 -1
    outer loop
      vertex -0.411672 -4.17978 0
      vertex -30.2302 -11.3349 0
      vertex -0.819379 -4.1193 0
    endloop
  endfacet
  facet normal -0 0 -1
    outer loop
      vertex -0.819379 -4.1193 0
      vertex -30.2302 -11.3349 0
      vertex -1.2192 -4.01915 0
    endloop
  endfacet
  facet normal 0 -0 -1
    outer loop
      vertex -29.8651 -10.9698 0
      vertex -1.2192 -4.01915 0
      vertex -30.2302 -11.3349 0
    endloop
  endfacet
  facet normal -0 0 -1
    outer loop
      vertex -1.2192 -4.01915 0
      vertex -29.8651 -10.9698 0
      vertex -1.60727 -3.88029 0
    endloop
  endfacet
  facet normal 0 0 -1
    outer loop
      vertex -2.66445 3.24664 0
      vertex -5.83349 34.2422 0
      vertex -4.94967 33.7125 0
    endloop
  endfacet
  facet normal 0 0 -1
    outer loop
      vertex -4.17978 0.411672 0
      vertex -29.6308 10.5099 0
      vertex -5.83349 34.2422 0
    endloop
  endfacet
  facet normal 0 0 -1
    outer loop
      vertex -29.8651 -9.03015 0
      vertex -4.1193 -0.819379 0
      vertex -29.6308 -9.49012 0
    endloop
  endfacet
  facet normal 0 0 -1
    outer loop
      vertex -29.8651 10.9698 0
      vertex -5.83349 34.2422 0
      vertex -29.6308 10.5099 0
    endloop
  endfacet
  facet normal -0 0 -1
    outer loop
      vertex -5.83349 34.2422 0
      vertex -29.8651 10.9698 0
      vertex -6.66113 34.856 0
    endloop
  endfacet
  facet normal -0 0 -1
    outer loop
      vertex -6.66113 34.856 0
      vertex -29.8651 10.9698 0
      vertex -7.42462 35.548 0
    endloop
  endfacet
  facet normal 0 0 -1
    outer loop
      vertex -30.2302 11.3349 0
      vertex -7.42462 35.548 0
      vertex -29.8651 10.9698 0
    endloop
  endfacet
  facet normal -0 0 -1
    outer loop
      vertex -7.42462 35.548 0
      vertex -30.2302 11.3349 0
      vertex -8.11661 36.3115 0
    endloop
  endfacet
  facet normal -0 0 -1
    outer loop
      vertex -8.11661 36.3115 0
      vertex -30.2302 11.3349 0
      vertex -8.73043 37.1392 0
    endloop
  endfacet
  facet normal 0 0 -1
    outer loop
      vertex -30.6901 11.5692 0
      vertex -8.73043 37.1392 0
      vertex -30.2302 11.3349 0
    endloop
  endfacet
  facet normal -0 0 -1
    outer loop
      vertex -8.73043 37.1392 0
      vertex -30.6901 11.5692 0
      vertex -9.26017 38.023 0
    endloop
  endfacet
  facet normal 0 0 -1
    outer loop
      vertex -25.8546 51.1226 0
      vertex -10.5 48.9726 0
      vertex -10.5 42.9726 0
    endloop
  endfacet
  facet normal 0 0 -1
    outer loop
      vertex -25.8546 51.1226 0
      vertex -10.5 42.9726 0
      vertex -10.4494 41.9435 0
    endloop
  endfacet
  facet normal -0 0 -1
    outer loop
      vertex -9.26017 38.023 0
      vertex -30.6901 11.5692 0
      vertex -9.70073 38.9545 0
    endloop
  endfacet
  facet normal -0 0 -1
    outer loop
      vertex -4.01915 -1.2192 0
      vertex -29.6308 -9.49012 0
      vertex -4.1193 -0.819379 0
    endloop
  endfacet
  facet normal -0 0 -1
    outer loop
      vertex -3.88029 -1.60727 0
      vertex -29.6308 -9.49012 0
      vertex -4.01915 -1.2192 0
    endloop
  endfacet
  facet normal 0 0 -1
    outer loop
      vertex -29.6308 -9.49012 0
      vertex -3.88029 -1.60727 0
      vertex -29.55 -10 0
    endloop
  endfacet
  facet normal 0 0 -1
    outer loop
      vertex -10.5 48.9726 0
      vertex -25.8546 51.1226 0
      vertex -24.2091 53.9726 0
    endloop
  endfacet
  facet normal -0 -0 -1
    outer loop
      vertex -25.8546 51.1226 0
      vertex -9.70073 38.9545 0
      vertex -29.1454 51.1226 0
    endloop
  endfacet
  facet normal 0 0 -1
    outer loop
      vertex -29.55 -10 0
      vertex -3.88029 -1.60727 0
      vertex -3.70407 -1.97987 0
    endloop
  endfacet
  facet normal -0 0 -1
    outer loop
      vertex -4.1193 -0.819379 0
      vertex -29.8651 -9.03015 0
      vertex -4.17978 -0.411672 0
    endloop
  endfacet
  facet normal -0 0 -1
    outer loop
      vertex -3.49217 -2.33339 0
      vertex -29.55 -10 0
      vertex -3.70407 -1.97987 0
    endloop
  endfacet
  facet normal -0 0 -1
    outer loop
      vertex -3.24664 -2.66445 0
      vertex -29.55 -10 0
      vertex -3.49217 -2.33339 0
    endloop
  endfacet
  facet normal 0 0 -1
    outer loop
      vertex -29.6308 -10.5099 0
      vertex -3.24664 -2.66445 0
      vertex -2.96985 -2.96985 0
    endloop
  endfacet
  facet normal 0 0 -1
    outer loop
      vertex -29.6308 -10.5099 0
      vertex -2.96985 -2.96985 0
      vertex -2.66445 -3.24664 0
    endloop
  endfacet
  facet normal -0 0 -1
    outer loop
      vertex -1.60727 -3.88029 0
      vertex -29.8651 -10.9698 0
      vertex -1.97987 -3.70407 0
    endloop
  endfacet
  facet normal 0 0 -1
    outer loop
      vertex -3.24664 -2.66445 0
      vertex -29.6308 -10.5099 0
      vertex -29.55 -10 0
    endloop
  endfacet
  facet normal -0 0 -1
    outer loop
      vertex -2.33339 -3.49217 0
      vertex -29.6308 -10.5099 0
      vertex -2.66445 -3.24664 0
    endloop
  endfacet
  facet normal 0 -0 -1
    outer loop
      vertex -29.6308 -10.5099 0
      vertex -2.33339 -3.49217 0
      vertex -29.8651 -10.9698 0
    endloop
  endfacet
  facet normal -0 0 -1
    outer loop
      vertex -1.97987 -3.70407 0
      vertex -29.8651 -10.9698 0
      vertex -2.33339 -3.49217 0
    endloop
  endfacet
  facet normal 0 0 -1
    outer loop
      vertex 0 -4.2 0
      vertex -30.6901 -11.5692 0
      vertex -30.2302 -11.3349 0
    endloop
  endfacet
  facet normal 0 0 -1
    outer loop
      vertex -30.6901 -11.5692 0
      vertex -68.95 -69.45 0
      vertex -31.2 -11.65 0
    endloop
  endfacet
  facet normal -0 0 -1
    outer loop
      vertex -32.7692 -10.5099 0
      vertex -74.95 -63.45 0
      vertex -32.85 -10 0
    endloop
  endfacet
  facet normal -0 0 -1
    outer loop
      vertex -32.5349 -10.9698 0
      vertex -74.95 -63.45 0
      vertex -32.7692 -10.5099 0
    endloop
  endfacet
  facet normal -0 0 -1
    outer loop
      vertex -32.1698 -11.3349 0
      vertex -74.95 -63.45 0
      vertex -32.5349 -10.9698 0
    endloop
  endfacet
  facet normal 0 0 -1
    outer loop
      vertex -74.95 -63.45 0
      vertex -32.1698 -11.3349 0
      vertex -68.95 -69.45 0
    endloop
  endfacet
  facet normal -0 0 -1
    outer loop
      vertex -31.7099 -11.5692 0
      vertex -68.95 -69.45 0
      vertex -32.1698 -11.3349 0
    endloop
  endfacet
  facet normal -0 0 -1
    outer loop
      vertex -31.2 -11.65 0
      vertex -68.95 -69.45 0
      vertex -31.7099 -11.5692 0
    endloop
  endfacet
  facet normal 0 0 -1
    outer loop
      vertex -68.95 -69.45 0
      vertex 77.7546 -65.8 0
      vertex 113.35 -69.45 0
    endloop
  endfacet
  facet normal 0 0 -1
    outer loop
      vertex 114.521 96.3347 0
      vertex 113.35 96.45 0
      vertex 113.938 96.4211 0
    endloop
  endfacet
  facet normal 0 0 -1
    outer loop
      vertex 81.0454 92.8 0
      vertex 113.35 96.45 0
      vertex 82.6909 89.95 0
    endloop
  endfacet
  facet normal 0 0 -1
    outer loop
      vertex 77.7546 92.8 0
      vertex 113.35 96.45 0
      vertex 81.0454 92.8 0
    endloop
  endfacet
  facet normal -0 0 -1
    outer loop
      vertex 81.0454 87.1 0
      vertex 32.7692 10.5099 0
      vertex 77.7546 87.1 0
    endloop
  endfacet
  facet normal 0 0 -1
    outer loop
      vertex 30.7909 53.9726 0
      vertex 77.7546 87.1 0
      vertex 32.7692 10.5099 0
    endloop
  endfacet
  facet normal 0 0 -1
    outer loop
      vertex 30.7909 53.9726 0
      vertex 32.7692 10.5099 0
      vertex 32.5349 10.9698 0
    endloop
  endfacet
  facet normal 0 0 -1
    outer loop
      vertex 30.7909 53.9726 0
      vertex 32.5349 10.9698 0
      vertex 32.1698 11.3349 0
    endloop
  endfacet
  facet normal 0 0 -1
    outer loop
      vertex 30.7909 53.9726 0
      vertex 32.1698 11.3349 0
      vertex 31.7099 11.5692 0
    endloop
  endfacet
  facet normal 0 0 -1
    outer loop
      vertex 30.7909 53.9726 0
      vertex 31.7099 11.5692 0
      vertex 31.2 11.65 0
    endloop
  endfacet
  facet normal 0 0 -1
    outer loop
      vertex 29.1454 56.8226 0
      vertex 77.7546 87.1 0
      vertex 30.7909 53.9726 0
    endloop
  endfacet
  facet normal -0 0 -1
    outer loop
      vertex 77.7546 87.1 0
      vertex 29.1454 56.8226 0
      vertex 76.1091 89.95 0
    endloop
  endfacet
  facet normal 0 0 -1
    outer loop
      vertex 25.8546 56.8226 0
      vertex 76.1091 89.95 0
      vertex 29.1454 56.8226 0
    endloop
  endfacet
  facet normal 0 0 -1
    outer loop
      vertex 3.04799 59.0205 0
      vertex 76.1091 89.95 0
      vertex 25.8546 56.8226 0
    endloop
  endfacet
  facet normal -0 0 -1
    outer loop
      vertex 25.8546 51.1226 0
      vertex 10.5 48.9726 0
      vertex 24.2091 53.9726 0
    endloop
  endfacet
  facet normal 0 0 -1
    outer loop
      vertex 10.4494 50.0018 0
      vertex 24.2091 53.9726 0
      vertex 10.5 48.9726 0
    endloop
  endfacet
  facet normal 0 0 -1
    outer loop
      vertex 10.2982 51.0211 0
      vertex 24.2091 53.9726 0
      vertex 10.4494 50.0018 0
    endloop
  endfacet
  facet normal 0 0 -1
    outer loop
      vertex 10.0479 52.0206 0
      vertex 24.2091 53.9726 0
      vertex 10.2982 51.0211 0
    endloop
  endfacet
  facet normal 0 0 -1
    outer loop
      vertex 9.70073 52.9908 0
      vertex 24.2091 53.9726 0
      vertex 10.0479 52.0206 0
    endloop
  endfacet
  facet normal 0 0 -1
    outer loop
      vertex 9.26017 53.9223 0
      vertex 24.2091 53.9726 0
      vertex 9.70073 52.9908 0
    endloop
  endfacet
  facet normal 0 0 -1
    outer loop
      vertex 8.73043 54.8061 0
      vertex 24.2091 53.9726 0
      vertex 9.26017 53.9223 0
    endloop
  endfacet
  facet normal 0 0 -1
    outer loop
      vertex 24.2091 53.9726 0
      vertex 8.73043 54.8061 0
      vertex 25.8546 56.8226 0
    endloop
  endfacet
  facet normal 0 0 -1
    outer loop
      vertex 8.11661 55.6338 0
      vertex 25.8546 56.8226 0
      vertex 8.73043 54.8061 0
    endloop
  endfacet
  facet normal 0 0 -1
    outer loop
      vertex 7.42462 56.3973 0
      vertex 25.8546 56.8226 0
      vertex 8.11661 55.6338 0
    endloop
  endfacet
  facet normal 0 0 -1
    outer loop
      vertex 6.66113 57.0892 0
      vertex 25.8546 56.8226 0
      vertex 7.42462 56.3973 0
    endloop
  endfacet
  facet normal 0 0 -1
    outer loop
      vertex 5.83349 57.7031 0
      vertex 25.8546 56.8226 0
      vertex 6.66113 57.0892 0
    endloop
  endfacet
  facet normal 0 0 -1
    outer loop
      vertex 4.94967 58.2328 0
      vertex 25.8546 56.8226 0
      vertex 5.83349 57.7031 0
    endloop
  endfacet
  facet normal 0 0 -1
    outer loop
      vertex 4.01818 58.6734 0
      vertex 25.8546 56.8226 0
      vertex 4.94967 58.2328 0
    endloop
  endfacet
  facet normal 0 0 -1
    outer loop
      vertex 3.04799 59.0205 0
      vertex 25.8546 56.8226 0
      vertex 4.01818 58.6734 0
    endloop
  endfacet
  facet normal 0 0 -1
    outer loop
      vertex 2.04845 59.2709 0
      vertex 76.1091 89.95 0
      vertex 3.04799 59.0205 0
    endloop
  endfacet
  facet normal -0 0 -1
    outer loop
      vertex 76.1091 89.95 0
      vertex 2.04845 59.2709 0
      vertex 77.7546 92.8 0
    endloop
  endfacet
  facet normal 0 0 -1
    outer loop
      vertex 1.02918 59.4221 0
      vertex 77.7546 92.8 0
      vertex 2.04845 59.2709 0
    endloop
  endfacet
  facet normal 0 0 -1
    outer loop
      vertex 0 59.4726 0
      vertex 77.7546 92.8 0
      vertex 1.02918 59.4221 0
    endloop
  endfacet
  facet normal 0 0 -1
    outer loop
      vertex -68.95 96.45 0
      vertex 0 59.4726 0
      vertex -1.02918 59.4221 0
    endloop
  endfacet
  facet normal 0 0 -1
    outer loop
      vertex -68.95 96.45 0
      vertex -1.02918 59.4221 0
      vertex -2.04845 59.2709 0
    endloop
  endfacet
  facet normal 0 0 -1
    outer loop
      vertex -68.95 96.45 0
      vertex -2.04845 59.2709 0
      vertex -3.04799 59.0205 0
    endloop
  endfacet
  facet normal 0 0 -1
    outer loop
      vertex -25.8546 56.8226 0
      vertex -3.04799 59.0205 0
      vertex -4.01818 58.6734 0
    endloop
  endfacet
  facet normal 0 0 -1
    outer loop
      vertex -24.2091 53.9726 0
      vertex -10.4494 50.0018 0
      vertex -10.5 48.9726 0
    endloop
  endfacet
  facet normal 0 0 -1
    outer loop
      vertex -24.2091 53.9726 0
      vertex -10.2982 51.0211 0
      vertex -10.4494 50.0018 0
    endloop
  endfacet
  facet normal 0 0 -1
    outer loop
      vertex -24.2091 53.9726 0
      vertex -10.0479 52.0206 0
      vertex -10.2982 51.0211 0
    endloop
  endfacet
  facet normal 0 0 -1
    outer loop
      vertex -24.2091 53.9726 0
      vertex -9.70073 52.9908 0
      vertex -10.0479 52.0206 0
    endloop
  endfacet
  facet normal 0 0 -1
    outer loop
      vertex -24.2091 53.9726 0
      vertex -9.26017 53.9223 0
      vertex -9.70073 52.9908 0
    endloop
  endfacet
  facet normal 0 0 -1
    outer loop
      vertex -24.2091 53.9726 0
      vertex -8.73043 54.8061 0
      vertex -9.26017 53.9223 0
    endloop
  endfacet
  facet normal 0 0 -1
    outer loop
      vertex -25.8546 56.8226 0
      vertex -8.73043 54.8061 0
      vertex -24.2091 53.9726 0
    endloop
  endfacet
  facet normal 0 0 -1
    outer loop
      vertex -8.73043 54.8061 0
      vertex -25.8546 56.8226 0
      vertex -8.11661 55.6338 0
    endloop
  endfacet
  facet normal 0 0 -1
    outer loop
      vertex -8.11661 55.6338 0
      vertex -25.8546 56.8226 0
      vertex -7.42462 56.3973 0
    endloop
  endfacet
  facet normal 0 0 -1
    outer loop
      vertex -7.42462 56.3973 0
      vertex -25.8546 56.8226 0
      vertex -6.66113 57.0892 0
    endloop
  endfacet
  facet normal -0 0 -1
    outer loop
      vertex -6.66113 57.0892 0
      vertex -25.8546 56.8226 0
      vertex -5.83349 57.7031 0
    endloop
  endfacet
  facet normal -0 0 -1
    outer loop
      vertex -5.83349 57.7031 0
      vertex -25.8546 56.8226 0
      vertex -4.94967 58.2328 0
    endloop
  endfacet
  facet normal -0 0 -1
    outer loop
      vertex -4.94967 58.2328 0
      vertex -25.8546 56.8226 0
      vertex -4.01818 58.6734 0
    endloop
  endfacet
  facet normal -0 0 -1
    outer loop
      vertex -3.04799 59.0205 0
      vertex -25.8546 56.8226 0
      vertex -68.95 96.45 0
    endloop
  endfacet
  facet normal 0 0 -1
    outer loop
      vertex -68.95 96.45 0
      vertex -25.8546 56.8226 0
      vertex -29.1454 56.8226 0
    endloop
  endfacet
  facet normal 0 0 -1
    outer loop
      vertex -32.1698 11.3349 0
      vertex -29.1454 51.1226 0
      vertex -31.7099 11.5692 0
    endloop
  endfacet
  facet normal 0 0 -1
    outer loop
      vertex -32.5349 10.9698 0
      vertex -29.1454 51.1226 0
      vertex -32.1698 11.3349 0
    endloop
  endfacet
  facet normal -0 0 -1
    outer loop
      vertex -29.1454 51.1226 0
      vertex -32.5349 10.9698 0
      vertex -30.7909 53.9726 0
    endloop
  endfacet
  facet normal 0 0 -1
    outer loop
      vertex -32.7692 10.5099 0
      vertex -30.7909 53.9726 0
      vertex -32.5349 10.9698 0
    endloop
  endfacet
  facet normal 0 0 -1
    outer loop
      vertex -74.95 90.45 0
      vertex -32.7692 10.5099 0
      vertex -32.85 10 0
    endloop
  endfacet
  facet normal -0 0 -1
    outer loop
      vertex -32.85 -10 0
      vertex -74.95 -63.45 0
      vertex -32.85 10 0
    endloop
  endfacet
  facet normal 0 0 -1
    outer loop
      vertex 77.7546 92.8 0
      vertex -68.95 96.45 0
      vertex 113.35 96.45 0
    endloop
  endfacet
  facet normal 0 0 -1
    outer loop
      vertex 0 59.4726 0
      vertex -68.95 96.45 0
      vertex 77.7546 92.8 0
    endloop
  endfacet
  facet normal 0 0 -1
    outer loop
      vertex -74.95 90.45 0
      vertex -29.1454 56.8226 0
      vertex -30.7909 53.9726 0
    endloop
  endfacet
  facet normal 0 0 -1
    outer loop
      vertex -74.95 90.45 0
      vertex -32.85 10 0
      vertex -74.95 -63.45 0
    endloop
  endfacet
  facet normal 0 0 -1
    outer loop
      vertex -74.95 -63.45 0
      vertex -68.95 -69.45 0
      vertex -69.5381 -69.4211 0
    endloop
  endfacet
  facet normal 0 0 -1
    outer loop
      vertex -32.7692 10.5099 0
      vertex -74.95 90.45 0
      vertex -30.7909 53.9726 0
    endloop
  endfacet
  facet normal 0 0 -1
    outer loop
      vertex -74.95 -63.45 0
      vertex -69.5381 -69.4211 0
      vertex -70.1205 -69.3347 0
    endloop
  endfacet
  facet normal 0 0 -1
    outer loop
      vertex -29.1454 56.8226 0
      vertex -74.95 90.45 0
      vertex -68.95 96.45 0
    endloop
  endfacet
  facet normal 0 0 -1
    outer loop
      vertex -74.95 -63.45 0
      vertex -70.1205 -69.3347 0
      vertex -70.6917 -69.1916 0
    endloop
  endfacet
  facet normal 0 0 -1
    outer loop
      vertex -68.95 96.45 0
      vertex -74.95 90.45 0
      vertex -69.5381 96.4211 0
    endloop
  endfacet
  facet normal 0 0 -1
    outer loop
      vertex -74.95 -63.45 0
      vertex -70.6917 -69.1916 0
      vertex -71.2461 -68.9933 0
    endloop
  endfacet
  facet normal 0 0 -1
    outer loop
      vertex -69.5381 96.4211 0
      vertex -74.95 90.45 0
      vertex -70.1205 96.3347 0
    endloop
  endfacet
  facet normal 0 0 -1
    outer loop
      vertex -74.95 -63.45 0
      vertex -71.2461 -68.9933 0
      vertex -71.7784 -68.7415 0
    endloop
  endfacet
  facet normal 0 0 -1
    outer loop
      vertex -70.1205 96.3347 0
      vertex -74.95 90.45 0
      vertex -70.6917 96.1916 0
    endloop
  endfacet
  facet normal 0 0 -1
    outer loop
      vertex -74.95 -63.45 0
      vertex -71.7784 -68.7415 0
      vertex -72.2834 -68.4388 0
    endloop
  endfacet
  facet normal 0 0 -1
    outer loop
      vertex -70.6917 96.1916 0
      vertex -74.95 90.45 0
      vertex -71.2461 95.9933 0
    endloop
  endfacet
  facet normal 0 0 -1
    outer loop
      vertex -74.95 -63.45 0
      vertex -72.2834 -68.4388 0
      vertex -72.7564 -68.0881 0
    endloop
  endfacet
  facet normal 0 0 -1
    outer loop
      vertex -71.2461 95.9933 0
      vertex -74.95 90.45 0
      vertex -71.7784 95.7415 0
    endloop
  endfacet
  facet normal 0 0 -1
    outer loop
      vertex -74.95 -63.45 0
      vertex -72.7564 -68.0881 0
      vertex -73.1926 -67.6926 0
    endloop
  endfacet
  facet normal 0 0 -1
    outer loop
      vertex -71.7784 95.7415 0
      vertex -74.95 90.45 0
      vertex -72.2834 95.4388 0
    endloop
  endfacet
  facet normal 0 0 -1
    outer loop
      vertex -74.95 -63.45 0
      vertex -73.1926 -67.6926 0
      vertex -73.5881 -67.2564 0
    endloop
  endfacet
  facet normal 0 0 -1
    outer loop
      vertex -72.2834 95.4388 0
      vertex -74.95 90.45 0
      vertex -72.7564 95.0881 0
    endloop
  endfacet
  facet normal 0 0 -1
    outer loop
      vertex -74.95 -63.45 0
      vertex -73.5881 -67.2564 0
      vertex -73.9388 -66.7834 0
    endloop
  endfacet
  facet normal 0 0 -1
    outer loop
      vertex -72.7564 95.0881 0
      vertex -74.95 90.45 0
      vertex -73.1926 94.6926 0
    endloop
  endfacet
  facet normal 0 0 -1
    outer loop
      vertex -74.95 -63.45 0
      vertex -73.9388 -66.7834 0
      vertex -74.2415 -66.2784 0
    endloop
  endfacet
  facet normal 0 0 -1
    outer loop
      vertex -73.1926 94.6926 0
      vertex -74.95 90.45 0
      vertex -73.5881 94.2564 0
    endloop
  endfacet
  facet normal 0 0 -1
    outer loop
      vertex -74.95 -63.45 0
      vertex -74.2415 -66.2784 0
      vertex -74.4933 -65.7461 0
    endloop
  endfacet
  facet normal 0 0 -1
    outer loop
      vertex -73.5881 94.2564 0
      vertex -74.95 90.45 0
      vertex -73.9388 93.7834 0
    endloop
  endfacet
  facet normal 0 0 -1
    outer loop
      vertex -74.95 -63.45 0
      vertex -74.4933 -65.7461 0
      vertex -74.6916 -65.1917 0
    endloop
  endfacet
  facet normal 0 0 -1
    outer loop
      vertex -73.9388 93.7834 0
      vertex -74.95 90.45 0
      vertex -74.2415 93.2784 0
    endloop
  endfacet
  facet normal 0 0 -1
    outer loop
      vertex -74.95 -63.45 0
      vertex -74.6916 -65.1917 0
      vertex -74.8347 -64.6205 0
    endloop
  endfacet
  facet normal 0 0 -1
    outer loop
      vertex -74.2415 93.2784 0
      vertex -74.95 90.45 0
      vertex -74.4933 92.7461 0
    endloop
  endfacet
  facet normal 0 0 -1
    outer loop
      vertex -74.95 -63.45 0
      vertex -74.8347 -64.6205 0
      vertex -74.9211 -64.0381 0
    endloop
  endfacet
  facet normal 0 0 -1
    outer loop
      vertex -74.4933 92.7461 0
      vertex -74.95 90.45 0
      vertex -74.6916 92.1917 0
    endloop
  endfacet
  facet normal 0 0 -1
    outer loop
      vertex -74.6916 92.1917 0
      vertex -74.95 90.45 0
      vertex -74.8347 91.6205 0
    endloop
  endfacet
  facet normal 0 0 -1
    outer loop
      vertex -74.8347 91.6205 0
      vertex -74.95 90.45 0
      vertex -74.9211 91.0381 0
    endloop
  endfacet
  facet normal 0 0 -1
    outer loop
      vertex 4.01915 1.2192 0
      vertex 29.6308 9.49012 0
      vertex 4.1193 0.819379 0
    endloop
  endfacet
  facet normal 0 0 -1
    outer loop
      vertex 3.88029 1.60727 0
      vertex 29.6308 9.49012 0
      vertex 4.01915 1.2192 0
    endloop
  endfacet
  facet normal -0 0 -1
    outer loop
      vertex 29.6308 9.49012 0
      vertex 3.88029 1.60727 0
      vertex 29.55 10 0
    endloop
  endfacet
  facet normal 0 0 -1
    outer loop
      vertex 29.55 10 0
      vertex 3.88029 1.60727 0
      vertex 3.70407 1.97987 0
    endloop
  endfacet
  facet normal 0 0 -1
    outer loop
      vertex 29.55 10 0
      vertex 3.70407 1.97987 0
      vertex 3.49217 2.33339 0
    endloop
  endfacet
  facet normal 0 0 -1
    outer loop
      vertex 29.8651 10.9698 0
      vertex 5.83349 34.2422 0
      vertex 6.66113 34.856 0
    endloop
  endfacet
  facet normal 0 0 -1
    outer loop
      vertex 29.6308 10.5099 0
      vertex 2.96985 2.96985 0
      vertex 2.66445 3.24664 0
    endloop
  endfacet
  facet normal -0 0 -1
    outer loop
      vertex 29.6308 10.5099 0
      vertex 2.66445 3.24664 0
      vertex 4.94967 33.7125 0
    endloop
  endfacet
  facet normal 0 0 -1
    outer loop
      vertex 29.8651 10.9698 0
      vertex 4.94967 33.7125 0
      vertex 5.83349 34.2422 0
    endloop
  endfacet
  facet normal 0 0 -1
    outer loop
      vertex 2.33339 3.49217 0
      vertex 4.94967 33.7125 0
      vertex 2.66445 3.24664 0
    endloop
  endfacet
  facet normal 0 0 -1
    outer loop
      vertex 4.94967 33.7125 0
      vertex 2.33339 3.49217 0
      vertex 4.01818 33.2719 0
    endloop
  endfacet
  facet normal 0 0 -1
    outer loop
      vertex 1.97987 3.70407 0
      vertex 4.01818 33.2719 0
      vertex 2.33339 3.49217 0
    endloop
  endfacet
  facet normal 0 0 -1
    outer loop
      vertex 4.01818 33.2719 0
      vertex 1.97987 3.70407 0
      vertex 3.04799 32.9248 0
    endloop
  endfacet
  facet normal 0 0 -1
    outer loop
      vertex 1.60727 3.88029 0
      vertex 3.04799 32.9248 0
      vertex 1.97987 3.70407 0
    endloop
  endfacet
  facet normal 0 0 -1
    outer loop
      vertex 1.2192 4.01915 0
      vertex 3.04799 32.9248 0
      vertex 1.60727 3.88029 0
    endloop
  endfacet
  facet normal 0 0 -1
    outer loop
      vertex 3.04799 32.9248 0
      vertex 1.2192 4.01915 0
      vertex 2.04845 32.6744 0
    endloop
  endfacet
  facet normal 0 0 -1
    outer loop
      vertex 0.819379 4.1193 0
      vertex 2.04845 32.6744 0
      vertex 1.2192 4.01915 0
    endloop
  endfacet
  facet normal 0 0 -1
    outer loop
      vertex 2.04845 32.6744 0
      vertex 0.819379 4.1193 0
      vertex 1.02918 32.5232 0
    endloop
  endfacet
  facet normal 0 0 -1
    outer loop
      vertex 0.411672 4.17978 0
      vertex 1.02918 32.5232 0
      vertex 0.819379 4.1193 0
    endloop
  endfacet
  facet normal 0 0 -1
    outer loop
      vertex 0 32.4726 0
      vertex 0.411672 4.17978 0
      vertex 0 4.2 0
    endloop
  endfacet
  facet normal 0 0 -1
    outer loop
      vertex 0.411672 4.17978 0
      vertex 0 32.4726 0
      vertex 1.02918 32.5232 0
    endloop
  endfacet
  facet normal 0 0 -1
    outer loop
      vertex -0.411672 4.17978 0
      vertex 0 32.4726 0
      vertex 0 4.2 0
    endloop
  endfacet
  facet normal 0 0 -1
    outer loop
      vertex -1.02918 32.5232 0
      vertex -0.411672 4.17978 0
      vertex -0.819379 4.1193 0
    endloop
  endfacet
  facet normal 0 0 -1
    outer loop
      vertex -0.411672 4.17978 0
      vertex -1.02918 32.5232 0
      vertex 0 32.4726 0
    endloop
  endfacet
  facet normal 0 0 -1
    outer loop
      vertex -2.04845 32.6744 0
      vertex -0.819379 4.1193 0
      vertex -1.2192 4.01915 0
    endloop
  endfacet
  facet normal 0 0 -1
    outer loop
      vertex -3.04799 32.9248 0
      vertex -1.2192 4.01915 0
      vertex -1.60727 3.88029 0
    endloop
  endfacet
  facet normal 0 0 -1
    outer loop
      vertex -3.04799 32.9248 0
      vertex -1.60727 3.88029 0
      vertex -1.97987 3.70407 0
    endloop
  endfacet
  facet normal 0 0 -1
    outer loop
      vertex -0.819379 4.1193 0
      vertex -2.04845 32.6744 0
      vertex -1.02918 32.5232 0
    endloop
  endfacet
  facet normal 0 0 -1
    outer loop
      vertex -4.01818 33.2719 0
      vertex -1.97987 3.70407 0
      vertex -2.33339 3.49217 0
    endloop
  endfacet
  facet normal 0 0 -1
    outer loop
      vertex -4.94967 33.7125 0
      vertex -2.33339 3.49217 0
      vertex -2.66445 3.24664 0
    endloop
  endfacet
  facet normal 0 0 -1
    outer loop
      vertex -5.83349 34.2422 0
      vertex -2.66445 3.24664 0
      vertex -2.96985 2.96985 0
    endloop
  endfacet
  facet normal 0 0 -1
    outer loop
      vertex -1.2192 4.01915 0
      vertex -3.04799 32.9248 0
      vertex -2.04845 32.6744 0
    endloop
  endfacet
  facet normal 0 0 -1
    outer loop
      vertex -5.83349 34.2422 0
      vertex -2.96985 2.96985 0
      vertex -3.24664 2.66445 0
    endloop
  endfacet
  facet normal 0 0 -1
    outer loop
      vertex -5.83349 34.2422 0
      vertex -3.24664 2.66445 0
      vertex -3.49217 2.33339 0
    endloop
  endfacet
  facet normal 0 0 -1
    outer loop
      vertex -5.83349 34.2422 0
      vertex -3.49217 2.33339 0
      vertex -3.70407 1.97987 0
    endloop
  endfacet
  facet normal 0 0 -1
    outer loop
      vertex -5.83349 34.2422 0
      vertex -3.70407 1.97987 0
      vertex -3.88029 1.60727 0
    endloop
  endfacet
  facet normal 0 0 -1
    outer loop
      vertex -1.97987 3.70407 0
      vertex -4.01818 33.2719 0
      vertex -3.04799 32.9248 0
    endloop
  endfacet
  facet normal 0 0 -1
    outer loop
      vertex -5.83349 34.2422 0
      vertex -3.88029 1.60727 0
      vertex -4.01915 1.2192 0
    endloop
  endfacet
  facet normal 0 0 -1
    outer loop
      vertex -5.83349 34.2422 0
      vertex -4.01915 1.2192 0
      vertex -4.1193 0.819379 0
    endloop
  endfacet
  facet normal 0 0 -1
    outer loop
      vertex -5.83349 34.2422 0
      vertex -4.1193 0.819379 0
      vertex -4.17978 0.411672 0
    endloop
  endfacet
  facet normal 0 0 -1
    outer loop
      vertex -29.55 10 0
      vertex -4.17978 0.411672 0
      vertex -4.2 0 0
    endloop
  endfacet
  facet normal 0 0 -1
    outer loop
      vertex -2.33339 3.49217 0
      vertex -4.94967 33.7125 0
      vertex -4.01818 33.2719 0
    endloop
  endfacet
  facet normal 0 0 -1
    outer loop
      vertex -4.17978 0.411672 0
      vertex -29.55 10 0
      vertex -29.6308 10.5099 0
    endloop
  endfacet
  facet normal 0 0 -1
    outer loop
      vertex -31.2 11.65 0
      vertex -9.70073 38.9545 0
      vertex -30.6901 11.5692 0
    endloop
  endfacet
  facet normal 0 0 -1
    outer loop
      vertex -9.70073 38.9545 0
      vertex -25.8546 51.1226 0
      vertex -10.0479 39.9246 0
    endloop
  endfacet
  facet normal 0 0 -1
    outer loop
      vertex -10.2982 40.9242 0
      vertex -25.8546 51.1226 0
      vertex -10.4494 41.9435 0
    endloop
  endfacet
  facet normal 0 0 -1
    outer loop
      vertex -10.0479 39.9246 0
      vertex -25.8546 51.1226 0
      vertex -10.2982 40.9242 0
    endloop
  endfacet
  facet normal -0 0 -1
    outer loop
      vertex -9.70073 38.9545 0
      vertex -31.2 11.65 0
      vertex -29.1454 51.1226 0
    endloop
  endfacet
  facet normal 0 0 -1
    outer loop
      vertex -31.7099 11.5692 0
      vertex -29.1454 51.1226 0
      vertex -31.2 11.65 0
    endloop
  endfacet
  facet normal -0.970023 -0.243015 0
    outer loop
      vertex -74.6916 -65.1917 0
      vertex -74.8347 -64.6205 10
      vertex -74.8347 -64.6205 0
    endloop
  endfacet
  facet normal -0.970023 -0.243015 0
    outer loop
      vertex -74.8347 -64.6205 10
      vertex -74.6916 -65.1917 0
      vertex -74.6916 -65.1917 10
    endloop
  endfacet
  facet normal -0.0490821 -0.998795 0
    outer loop
      vertex -69.5381 -69.4211 0
      vertex -68.95 -69.45 10
      vertex -69.5381 -69.4211 10
    endloop
  endfacet
  facet normal -0.0490821 -0.998795 -0
    outer loop
      vertex -68.95 -69.45 10
      vertex -69.5381 -69.4211 0
      vertex -68.95 -69.45 0
    endloop
  endfacet
  facet normal -0.336788 -0.94158 0
    outer loop
      vertex -71.2461 -68.9933 0
      vertex -70.6917 -69.1916 10
      vertex -71.2461 -68.9933 10
    endloop
  endfacet
  facet normal -0.336788 -0.94158 -0
    outer loop
      vertex -70.6917 -69.1916 10
      vertex -71.2461 -68.9933 0
      vertex -70.6917 -69.1916 0
    endloop
  endfacet
  facet normal 0.0490904 -0.998794 0
    outer loop
      vertex 113.35 -69.45 0
      vertex 113.938 -69.4211 10
      vertex 113.35 -69.45 10
    endloop
  endfacet
  facet normal 0.0490904 -0.998794 0
    outer loop
      vertex 113.938 -69.4211 10
      vertex 113.35 -69.45 0
      vertex 113.938 -69.4211 0
    endloop
  endfacet
  facet normal 0.427809 -0.903869 0
    outer loop
      vertex 115.646 -68.9933 0
      vertex 116.178 -68.7415 10
      vertex 115.646 -68.9933 10
    endloop
  endfacet
  facet normal 0.427809 -0.903869 0
    outer loop
      vertex 116.178 -68.7415 10
      vertex 115.646 -68.9933 0
      vertex 116.178 -68.7415 0
    endloop
  endfacet
  facet normal -0.94158 -0.336788 0
    outer loop
      vertex -74.4933 -65.7461 0
      vertex -74.6916 -65.1917 10
      vertex -74.6916 -65.1917 0
    endloop
  endfacet
  facet normal -0.94158 -0.336788 0
    outer loop
      vertex -74.6916 -65.1917 10
      vertex -74.4933 -65.7461 0
      vertex -74.4933 -65.7461 10
    endloop
  endfacet
  facet normal -0.857718 -0.514121 0
    outer loop
      vertex -73.9388 -66.7834 0
      vertex -74.2415 -66.2784 10
      vertex -74.2415 -66.2784 0
    endloop
  endfacet
  facet normal -0.857718 -0.514121 0
    outer loop
      vertex -74.2415 -66.2784 10
      vertex -73.9388 -66.7834 0
      vertex -73.9388 -66.7834 10
    endloop
  endfacet
  facet normal 0.671024 0.741435 -0
    outer loop
      vertex 117.593 94.6926 0
      vertex 117.156 95.0881 10
      vertex 117.593 94.6926 10
    endloop
  endfacet
  facet normal 0.671024 0.741435 0
    outer loop
      vertex 117.156 95.0881 10
      vertex 117.593 94.6926 0
      vertex 117.156 95.0881 0
    endloop
  endfacet
  facet normal 0.989273 0.146081 0
    outer loop
      vertex 119.321 91.0381 10
      vertex 119.235 91.6205 0
      vertex 119.235 91.6205 10
    endloop
  endfacet
  facet normal 0.989273 0.146081 0
    outer loop
      vertex 119.235 91.6205 0
      vertex 119.321 91.0381 10
      vertex 119.321 91.0381 0
    endloop
  endfacet
  facet normal 0.998786 0.0492515 0
    outer loop
      vertex 119.35 90.45 10
      vertex 119.321 91.0381 0
      vertex 119.321 91.0381 10
    endloop
  endfacet
  facet normal 0.998786 0.0492515 0
    outer loop
      vertex 119.321 91.0381 0
      vertex 119.35 90.45 10
      vertex 119.35 90.45 0
    endloop
  endfacet
  facet normal 0.970063 0.242855 0
    outer loop
      vertex 119.235 91.6205 10
      vertex 119.092 92.1917 0
      vertex 119.092 92.1917 10
    endloop
  endfacet
  facet normal 0.970063 0.242855 0
    outer loop
      vertex 119.092 92.1917 0
      vertex 119.235 91.6205 10
      vertex 119.235 91.6205 0
    endloop
  endfacet
  facet normal 0.998786 -0.0492515 0
    outer loop
      vertex 119.321 -64.0381 10
      vertex 119.35 -63.45 0
      vertex 119.35 -63.45 10
    endloop
  endfacet
  facet normal 0.998786 -0.0492515 0
    outer loop
      vertex 119.35 -63.45 0
      vertex 119.321 -64.0381 10
      vertex 119.321 -64.0381 0
    endloop
  endfacet
  facet normal 0.989273 -0.146081 0
    outer loop
      vertex 119.235 -64.6205 10
      vertex 119.321 -64.0381 0
      vertex 119.321 -64.0381 10
    endloop
  endfacet
  facet normal 0.989273 -0.146081 0
    outer loop
      vertex 119.321 -64.0381 0
      vertex 119.235 -64.6205 10
      vertex 119.235 -64.6205 0
    endloop
  endfacet
  facet normal 0.803046 -0.595918 0
    outer loop
      vertex 117.988 -67.2564 10
      vertex 118.339 -66.7834 0
      vertex 118.339 -66.7834 10
    endloop
  endfacet
  facet normal 0.803046 -0.595918 0
    outer loop
      vertex 118.339 -66.7834 0
      vertex 117.988 -67.2564 10
      vertex 117.988 -67.2564 0
    endloop
  endfacet
  facet normal 0.146598 0.989196 -0
    outer loop
      vertex 114.521 96.3347 0
      vertex 113.938 96.4211 10
      vertex 114.521 96.3347 10
    endloop
  endfacet
  facet normal 0.146598 0.989196 0
    outer loop
      vertex 113.938 96.4211 10
      vertex 114.521 96.3347 0
      vertex 113.938 96.4211 0
    endloop
  endfacet
  facet normal 0.243095 0.970002 -0
    outer loop
      vertex 115.092 96.1916 0
      vertex 114.521 96.3347 10
      vertex 115.092 96.1916 10
    endloop
  endfacet
  facet normal 0.243095 0.970002 0
    outer loop
      vertex 114.521 96.3347 10
      vertex 115.092 96.1916 0
      vertex 114.521 96.3347 0
    endloop
  endfacet
  facet normal 0.427809 0.903869 -0
    outer loop
      vertex 116.178 95.7415 0
      vertex 115.646 95.9933 10
      vertex 116.178 95.7415 10
    endloop
  endfacet
  facet normal 0.427809 0.903869 0
    outer loop
      vertex 115.646 95.9933 10
      vertex 116.178 95.7415 0
      vertex 115.646 95.9933 0
    endloop
  endfacet
  facet normal 0.514121 0.857718 -0
    outer loop
      vertex 116.683 95.4388 0
      vertex 116.178 95.7415 10
      vertex 116.683 95.4388 10
    endloop
  endfacet
  facet normal 0.514121 0.857718 0
    outer loop
      vertex 116.178 95.7415 10
      vertex 116.683 95.4388 0
      vertex 116.178 95.7415 0
    endloop
  endfacet
  facet normal 0.595589 0.803289 -0
    outer loop
      vertex 117.156 95.0881 0
      vertex 116.683 95.4388 10
      vertex 117.156 95.0881 10
    endloop
  endfacet
  facet normal 0.595589 0.803289 0
    outer loop
      vertex 116.683 95.4388 10
      vertex 117.156 95.0881 0
      vertex 116.683 95.4388 0
    endloop
  endfacet
  facet normal -0.514121 0.857718 0
    outer loop
      vertex -71.7784 95.7415 0
      vertex -72.2834 95.4388 10
      vertex -71.7784 95.7415 10
    endloop
  endfacet
  facet normal -0.514121 0.857718 0
    outer loop
      vertex -72.2834 95.4388 10
      vertex -71.7784 95.7415 0
      vertex -72.2834 95.4388 0
    endloop
  endfacet
  facet normal -0.970023 0.243015 0
    outer loop
      vertex -74.8347 91.6205 0
      vertex -74.6916 92.1917 10
      vertex -74.6916 92.1917 0
    endloop
  endfacet
  facet normal -0.970023 0.243015 0
    outer loop
      vertex -74.6916 92.1917 10
      vertex -74.8347 91.6205 0
      vertex -74.8347 91.6205 10
    endloop
  endfacet
  facet normal -0.989174 0.146746 0
    outer loop
      vertex -74.9211 91.0381 0
      vertex -74.8347 91.6205 10
      vertex -74.8347 91.6205 0
    endloop
  endfacet
  facet normal -0.989174 0.146746 0
    outer loop
      vertex -74.8347 91.6205 10
      vertex -74.9211 91.0381 0
      vertex -74.9211 91.0381 10
    endloop
  endfacet
  facet normal -0.94158 0.336788 0
    outer loop
      vertex -74.6916 92.1917 0
      vertex -74.4933 92.7461 10
      vertex -74.4933 92.7461 0
    endloop
  endfacet
  facet normal -0.94158 0.336788 0
    outer loop
      vertex -74.4933 92.7461 10
      vertex -74.6916 92.1917 0
      vertex -74.6916 92.1917 10
    endloop
  endfacet
  facet normal -0.998795 0.0490821 0
    outer loop
      vertex -74.95 90.45 0
      vertex -74.9211 91.0381 10
      vertex -74.9211 91.0381 0
    endloop
  endfacet
  facet normal -0.998795 0.0490821 0
    outer loop
      vertex -74.9211 91.0381 10
      vertex -74.95 90.45 0
      vertex -74.95 90.45 10
    endloop
  endfacet
  facet normal 0.146598 -0.989196 0
    outer loop
      vertex 113.938 -69.4211 0
      vertex 114.521 -69.3347 10
      vertex 113.938 -69.4211 10
    endloop
  endfacet
  facet normal 0.146598 -0.989196 0
    outer loop
      vertex 114.521 -69.3347 10
      vertex 113.938 -69.4211 0
      vertex 114.521 -69.3347 0
    endloop
  endfacet
  facet normal -0.989174 -0.146746 0
    outer loop
      vertex -74.8347 -64.6205 0
      vertex -74.9211 -64.0381 10
      vertex -74.9211 -64.0381 0
    endloop
  endfacet
  facet normal -0.989174 -0.146746 0
    outer loop
      vertex -74.9211 -64.0381 10
      vertex -74.8347 -64.6205 0
      vertex -74.8347 -64.6205 10
    endloop
  endfacet
  facet normal -0.803289 -0.595589 0
    outer loop
      vertex -73.5881 -67.2564 0
      vertex -73.9388 -66.7834 10
      vertex -73.9388 -66.7834 0
    endloop
  endfacet
  facet normal -0.803289 -0.595589 0
    outer loop
      vertex -73.9388 -66.7834 10
      vertex -73.5881 -67.2564 0
      vertex -73.5881 -67.2564 10
    endloop
  endfacet
  facet normal -0.740823 -0.6717 0
    outer loop
      vertex -73.1926 -67.6926 0
      vertex -73.5881 -67.2564 10
      vertex -73.5881 -67.2564 0
    endloop
  endfacet
  facet normal -0.740823 -0.6717 0
    outer loop
      vertex -73.5881 -67.2564 10
      vertex -73.1926 -67.6926 0
      vertex -73.1926 -67.6926 10
    endloop
  endfacet
  facet normal 0.803046 0.595918 0
    outer loop
      vertex 118.339 93.7834 10
      vertex 117.988 94.2564 0
      vertex 117.988 94.2564 10
    endloop
  endfacet
  facet normal 0.803046 0.595918 0
    outer loop
      vertex 117.988 94.2564 0
      vertex 118.339 93.7834 10
      vertex 118.339 93.7834 0
    endloop
  endfacet
  facet normal 0.857493 0.514496 0
    outer loop
      vertex 118.642 93.2784 10
      vertex 118.339 93.7834 0
      vertex 118.339 93.7834 10
    endloop
  endfacet
  facet normal 0.857493 0.514496 0
    outer loop
      vertex 118.339 93.7834 0
      vertex 118.642 93.2784 10
      vertex 118.642 93.2784 0
    endloop
  endfacet
  facet normal 0.904487 0.426501 0
    outer loop
      vertex 118.893 92.7461 10
      vertex 118.642 93.2784 0
      vertex 118.642 93.2784 10
    endloop
  endfacet
  facet normal 0.904487 0.426501 0
    outer loop
      vertex 118.642 93.2784 0
      vertex 118.893 92.7461 10
      vertex 118.893 92.7461 0
    endloop
  endfacet
  facet normal -0.146746 -0.989174 0
    outer loop
      vertex -70.1205 -69.3347 0
      vertex -69.5381 -69.4211 10
      vertex -70.1205 -69.3347 10
    endloop
  endfacet
  facet normal -0.146746 -0.989174 -0
    outer loop
      vertex -69.5381 -69.4211 10
      vertex -70.1205 -69.3347 0
      vertex -69.5381 -69.4211 0
    endloop
  endfacet
  facet normal -0.595589 -0.803289 0
    outer loop
      vertex -72.7564 -68.0881 0
      vertex -72.2834 -68.4388 10
      vertex -72.7564 -68.0881 10
    endloop
  endfacet
  facet normal -0.595589 -0.803289 -0
    outer loop
      vertex -72.2834 -68.4388 10
      vertex -72.7564 -68.0881 0
      vertex -72.2834 -68.4388 0
    endloop
  endfacet
  facet normal 0.243095 -0.970002 0
    outer loop
      vertex 114.521 -69.3347 0
      vertex 115.092 -69.1916 10
      vertex 114.521 -69.3347 10
    endloop
  endfacet
  facet normal 0.243095 -0.970002 0
    outer loop
      vertex 115.092 -69.1916 10
      vertex 114.521 -69.3347 0
      vertex 115.092 -69.1916 0
    endloop
  endfacet
  facet normal 0.741246 0.671234 0
    outer loop
      vertex 117.988 94.2564 10
      vertex 117.593 94.6926 0
      vertex 117.593 94.6926 10
    endloop
  endfacet
  facet normal 0.741246 0.671234 0
    outer loop
      vertex 117.593 94.6926 0
      vertex 117.988 94.2564 10
      vertex 117.988 94.2564 0
    endloop
  endfacet
  facet normal 0.941203 -0.337842 0
    outer loop
      vertex 118.893 -65.7461 10
      vertex 119.092 -65.1917 0
      vertex 119.092 -65.1917 10
    endloop
  endfacet
  facet normal 0.941203 -0.337842 0
    outer loop
      vertex 119.092 -65.1917 0
      vertex 118.893 -65.7461 10
      vertex 118.893 -65.7461 0
    endloop
  endfacet
  facet normal 0.970063 -0.242855 0
    outer loop
      vertex 119.092 -65.1917 10
      vertex 119.235 -64.6205 0
      vertex 119.235 -64.6205 10
    endloop
  endfacet
  facet normal 0.970063 -0.242855 0
    outer loop
      vertex 119.235 -64.6205 0
      vertex 119.092 -65.1917 10
      vertex 119.092 -65.1917 0
    endloop
  endfacet
  facet normal 0.857493 -0.514496 0
    outer loop
      vertex 118.339 -66.7834 10
      vertex 118.642 -66.2784 0
      vertex 118.642 -66.2784 10
    endloop
  endfacet
  facet normal 0.857493 -0.514496 0
    outer loop
      vertex 118.642 -66.2784 0
      vertex 118.339 -66.7834 10
      vertex 118.339 -66.7834 0
    endloop
  endfacet
  facet normal 0.741246 -0.671234 0
    outer loop
      vertex 117.593 -67.6926 10
      vertex 117.988 -67.2564 0
      vertex 117.988 -67.2564 10
    endloop
  endfacet
  facet normal 0.741246 -0.671234 0
    outer loop
      vertex 117.988 -67.2564 0
      vertex 117.593 -67.6926 10
      vertex 117.593 -67.6926 0
    endloop
  endfacet
  facet normal -0.514121 -0.857718 0
    outer loop
      vertex -72.2834 -68.4388 0
      vertex -71.7784 -68.7415 10
      vertex -72.2834 -68.4388 10
    endloop
  endfacet
  facet normal -0.514121 -0.857718 -0
    outer loop
      vertex -71.7784 -68.7415 10
      vertex -72.2834 -68.4388 0
      vertex -71.7784 -68.7415 0
    endloop
  endfacet
  facet normal -0.427612 -0.903962 0
    outer loop
      vertex -71.7784 -68.7415 0
      vertex -71.2461 -68.9933 10
      vertex -71.7784 -68.7415 10
    endloop
  endfacet
  facet normal -0.427612 -0.903962 -0
    outer loop
      vertex -71.2461 -68.9933 10
      vertex -71.7784 -68.7415 0
      vertex -71.2461 -68.9933 0
    endloop
  endfacet
  facet normal 0 -1 0
    outer loop
      vertex -68.95 94.45 4
      vertex 113.35 94.45 10
      vertex -68.95 94.45 10
    endloop
  endfacet
  facet normal 0 -1 -0
    outer loop
      vertex 113.35 94.45 10
      vertex -68.95 94.45 4
      vertex 113.35 94.45 4
    endloop
  endfacet
  facet normal 1 -0 0
    outer loop
      vertex -72.95 -63.45 10
      vertex -72.95 90.45 4
      vertex -72.95 90.45 10
    endloop
  endfacet
  facet normal 1 0 0
    outer loop
      vertex -72.95 90.45 4
      vertex -72.95 -63.45 10
      vertex -72.95 -63.45 4
    endloop
  endfacet
  facet normal -0.998828 -0.0484002 0
    outer loop
      vertex 117.35 90.45 4
      vertex 117.331 90.8421 10
      vertex 117.331 90.8421 4
    endloop
  endfacet
  facet normal -0.998828 -0.0484002 0
    outer loop
      vertex 117.331 90.8421 10
      vertex 117.35 90.45 4
      vertex 117.35 90.45 10
    endloop
  endfacet
  facet normal -1 0 0
    outer loop
      vertex 117.35 -63.45 4
      vertex 117.35 90.45 10
      vertex 117.35 90.45 4
    endloop
  endfacet
  facet normal -1 -0 0
    outer loop
      vertex 117.35 90.45 10
      vertex 117.35 -63.45 4
      vertex 117.35 -63.45 10
    endloop
  endfacet
  facet normal -0.0491751 -0.99879 0
    outer loop
      vertex 113.35 94.45 4
      vertex 113.742 94.4307 10
      vertex 113.35 94.45 10
    endloop
  endfacet
  facet normal -0.0491751 -0.99879 -0
    outer loop
      vertex 113.742 94.4307 10
      vertex 113.35 94.45 4
      vertex 113.742 94.4307 4
    endloop
  endfacet
  facet normal -0.0491751 0.99879 0
    outer loop
      vertex 113.742 -67.4307 4
      vertex 113.35 -67.45 10
      vertex 113.742 -67.4307 10
    endloop
  endfacet
  facet normal -0.0491751 0.99879 0
    outer loop
      vertex 113.35 -67.45 10
      vertex 113.742 -67.4307 4
      vertex 113.35 -67.45 4
    endloop
  endfacet
  facet normal -0.740401 -0.672166 0
    outer loop
      vertex 116.442 92.9876 4
      vertex 116.178 93.2784 10
      vertex 116.178 93.2784 4
    endloop
  endfacet
  facet normal -0.740401 -0.672166 0
    outer loop
      vertex 116.178 93.2784 10
      vertex 116.442 92.9876 4
      vertex 116.442 92.9876 10
    endloop
  endfacet
  facet normal 0 1 -0
    outer loop
      vertex 113.35 -67.45 4
      vertex -68.95 -67.45 10
      vertex 113.35 -67.45 10
    endloop
  endfacet
  facet normal 0 1 0
    outer loop
      vertex -68.95 -67.45 10
      vertex 113.35 -67.45 4
      vertex -68.95 -67.45 4
    endloop
  endfacet
  facet normal -0.941742 -0.336336 0
    outer loop
      vertex 117.178 91.6111 4
      vertex 117.046 91.9807 10
      vertex 117.046 91.9807 4
    endloop
  endfacet
  facet normal -0.941742 -0.336336 0
    outer loop
      vertex 117.046 91.9807 10
      vertex 117.178 91.6111 4
      vertex 117.178 91.6111 10
    endloop
  endfacet
  facet normal -0.427342 -0.90409 0
    outer loop
      vertex 114.881 94.1455 4
      vertex 115.236 93.9777 10
      vertex 114.881 94.1455 10
    endloop
  endfacet
  facet normal -0.427342 -0.90409 -0
    outer loop
      vertex 115.236 93.9777 10
      vertex 114.881 94.1455 4
      vertex 115.236 93.9777 4
    endloop
  endfacet
  facet normal 0.740908 0.671607 0
    outer loop
      vertex -71.7784 -66.2784 10
      vertex -72.042 -65.9876 4
      vertex -72.042 -65.9876 10
    endloop
  endfacet
  facet normal 0.740908 0.671607 0
    outer loop
      vertex -72.042 -65.9876 4
      vertex -71.7784 -66.2784 10
      vertex -71.7784 -66.2784 4
    endloop
  endfacet
  facet normal 0.904044 -0.42744 0
    outer loop
      vertex -72.6455 91.9807 10
      vertex -72.4777 92.3356 4
      vertex -72.4777 92.3356 10
    endloop
  endfacet
  facet normal 0.904044 -0.42744 0
    outer loop
      vertex -72.4777 92.3356 4
      vertex -72.6455 91.9807 10
      vertex -72.6455 91.9807 4
    endloop
  endfacet
  facet normal 0.998791 -0.0491626 0
    outer loop
      vertex -72.95 90.45 10
      vertex -72.9307 90.8421 4
      vertex -72.9307 90.8421 10
    endloop
  endfacet
  facet normal 0.998791 -0.0491626 0
    outer loop
      vertex -72.9307 90.8421 4
      vertex -72.95 90.45 10
      vertex -72.95 90.45 4
    endloop
  endfacet
  facet normal 0.671607 -0.740908 0
    outer loop
      vertex -71.7784 93.2784 4
      vertex -71.4876 93.542 10
      vertex -71.7784 93.2784 10
    endloop
  endfacet
  facet normal 0.671607 -0.740908 0
    outer loop
      vertex -71.4876 93.542 10
      vertex -71.7784 93.2784 4
      vertex -71.4876 93.542 4
    endloop
  endfacet
  facet normal 0.337014 -0.9415 0
    outer loop
      vertex -70.4807 94.1455 4
      vertex -70.1111 94.2778 10
      vertex -70.4807 94.1455 10
    endloop
  endfacet
  facet normal 0.337014 -0.9415 0
    outer loop
      vertex -70.1111 94.2778 10
      vertex -70.4807 94.1455 4
      vertex -70.1111 94.2778 4
    endloop
  endfacet
  facet normal -0.989028 -0.14773 0
    outer loop
      vertex 117.331 90.8421 4
      vertex 117.273 91.2304 10
      vertex 117.273 91.2304 4
    endloop
  endfacet
  facet normal -0.989028 -0.14773 0
    outer loop
      vertex 117.273 91.2304 10
      vertex 117.331 90.8421 4
      vertex 117.331 90.8421 10
    endloop
  endfacet
  facet normal -0.242655 -0.970113 0
    outer loop
      vertex 114.13 94.3731 4
      vertex 114.511 94.2778 10
      vertex 114.13 94.3731 10
    endloop
  endfacet
  facet normal -0.242655 -0.970113 -0
    outer loop
      vertex 114.511 94.2778 10
      vertex 114.13 94.3731 4
      vertex 114.511 94.2778 4
    endloop
  endfacet
  facet normal -0.970247 -0.242116 0
    outer loop
      vertex 117.273 91.2304 4
      vertex 117.178 91.6111 10
      vertex 117.178 91.6111 4
    endloop
  endfacet
  facet normal -0.970247 -0.242116 0
    outer loop
      vertex 117.178 91.6111 10
      vertex 117.273 91.2304 4
      vertex 117.273 91.2304 10
    endloop
  endfacet
  facet normal -0.857515 -0.514458 0
    outer loop
      vertex 116.878 92.3356 4
      vertex 116.676 92.6723 10
      vertex 116.676 92.6723 4
    endloop
  endfacet
  facet normal -0.857515 -0.514458 0
    outer loop
      vertex 116.676 92.6723 10
      vertex 116.878 92.3356 4
      vertex 116.878 92.3356 10
    endloop
  endfacet
  facet normal -0.803015 -0.595958 0
    outer loop
      vertex 116.676 92.6723 4
      vertex 116.442 92.9876 10
      vertex 116.442 92.9876 4
    endloop
  endfacet
  facet normal -0.803015 -0.595958 0
    outer loop
      vertex 116.442 92.9876 10
      vertex 116.676 92.6723 4
      vertex 116.676 92.6723 10
    endloop
  endfacet
  facet normal -0.903847 -0.427856 0
    outer loop
      vertex 117.046 91.9807 4
      vertex 116.878 92.3356 10
      vertex 116.878 92.3356 4
    endloop
  endfacet
  facet normal -0.903847 -0.427856 0
    outer loop
      vertex 116.878 92.3356 10
      vertex 117.046 91.9807 4
      vertex 117.046 91.9807 10
    endloop
  endfacet
  facet normal -0.594942 -0.803769 0
    outer loop
      vertex 115.572 93.7759 4
      vertex 115.888 93.542 10
      vertex 115.572 93.7759 10
    endloop
  endfacet
  facet normal -0.594942 -0.803769 -0
    outer loop
      vertex 115.888 93.542 10
      vertex 115.572 93.7759 4
      vertex 115.888 93.542 4
    endloop
  endfacet
  facet normal -0.672622 -0.739986 0
    outer loop
      vertex 115.888 93.542 4
      vertex 116.178 93.2784 10
      vertex 115.888 93.542 10
    endloop
  endfacet
  facet normal -0.672622 -0.739986 -0
    outer loop
      vertex 116.178 93.2784 10
      vertex 115.888 93.542 4
      vertex 116.178 93.2784 4
    endloop
  endfacet
  facet normal -0.514871 -0.857268 0
    outer loop
      vertex 115.236 93.9777 4
      vertex 115.572 93.7759 10
      vertex 115.236 93.9777 10
    endloop
  endfacet
  facet normal -0.514871 -0.857268 -0
    outer loop
      vertex 115.572 93.7759 10
      vertex 115.236 93.9777 4
      vertex 115.572 93.7759 4
    endloop
  endfacet
  facet normal -0.336691 -0.941615 0
    outer loop
      vertex 114.511 94.2778 4
      vertex 114.881 94.1455 10
      vertex 114.511 94.2778 10
    endloop
  endfacet
  facet normal -0.336691 -0.941615 -0
    outer loop
      vertex 114.881 94.1455 10
      vertex 114.511 94.2778 4
      vertex 114.881 94.1455 4
    endloop
  endfacet
  facet normal -0.146844 -0.98916 0
    outer loop
      vertex 113.742 94.4307 4
      vertex 114.13 94.3731 10
      vertex 113.742 94.4307 10
    endloop
  endfacet
  facet normal -0.146844 -0.98916 -0
    outer loop
      vertex 114.13 94.3731 10
      vertex 113.742 94.4307 4
      vertex 114.13 94.3731 4
    endloop
  endfacet
  facet normal -0.242655 0.970113 0
    outer loop
      vertex 114.511 -67.2778 4
      vertex 114.13 -67.3731 10
      vertex 114.511 -67.2778 10
    endloop
  endfacet
  facet normal -0.242655 0.970113 0
    outer loop
      vertex 114.13 -67.3731 10
      vertex 114.511 -67.2778 4
      vertex 114.13 -67.3731 4
    endloop
  endfacet
  facet normal -0.427342 0.90409 0
    outer loop
      vertex 115.236 -66.9777 4
      vertex 114.881 -67.1455 10
      vertex 115.236 -66.9777 10
    endloop
  endfacet
  facet normal -0.427342 0.90409 0
    outer loop
      vertex 114.881 -67.1455 10
      vertex 115.236 -66.9777 4
      vertex 114.881 -67.1455 4
    endloop
  endfacet
  facet normal -0.594942 0.803769 0
    outer loop
      vertex 115.888 -66.542 4
      vertex 115.572 -66.7759 10
      vertex 115.888 -66.542 10
    endloop
  endfacet
  facet normal -0.594942 0.803769 0
    outer loop
      vertex 115.572 -66.7759 10
      vertex 115.888 -66.542 4
      vertex 115.572 -66.7759 4
    endloop
  endfacet
  facet normal 0.0491626 0.998791 -0
    outer loop
      vertex -68.95 -67.45 4
      vertex -69.3421 -67.4307 10
      vertex -68.95 -67.45 10
    endloop
  endfacet
  facet normal 0.0491626 0.998791 0
    outer loop
      vertex -69.3421 -67.4307 10
      vertex -68.95 -67.45 4
      vertex -69.3421 -67.4307 4
    endloop
  endfacet
  facet normal 0.85774 -0.514084 0
    outer loop
      vertex -72.4777 92.3356 10
      vertex -72.2759 92.6723 4
      vertex -72.2759 92.6723 10
    endloop
  endfacet
  facet normal 0.85774 -0.514084 0
    outer loop
      vertex -72.2759 92.6723 4
      vertex -72.4777 92.3356 10
      vertex -72.4777 92.3356 4
    endloop
  endfacet
  facet normal 0.803137 -0.595794 0
    outer loop
      vertex -72.2759 92.6723 10
      vertex -72.042 92.9876 4
      vertex -72.042 92.9876 10
    endloop
  endfacet
  facet normal 0.803137 -0.595794 0
    outer loop
      vertex -72.042 92.9876 4
      vertex -72.2759 92.6723 10
      vertex -72.2759 92.6723 4
    endloop
  endfacet
  facet normal 0.740908 -0.671607 0
    outer loop
      vertex -72.042 92.9876 10
      vertex -71.7784 93.2784 4
      vertex -71.7784 93.2784 10
    endloop
  endfacet
  facet normal 0.740908 -0.671607 0
    outer loop
      vertex -71.7784 93.2784 4
      vertex -72.042 92.9876 10
      vertex -72.042 92.9876 4
    endloop
  endfacet
  facet normal 0.970068 -0.242835 0
    outer loop
      vertex -72.8731 91.2304 10
      vertex -72.7778 91.6111 4
      vertex -72.7778 91.6111 10
    endloop
  endfacet
  facet normal 0.970068 -0.242835 0
    outer loop
      vertex -72.7778 91.6111 4
      vertex -72.8731 91.2304 10
      vertex -72.8731 91.2304 4
    endloop
  endfacet
  facet normal 0.9415 -0.337014 0
    outer loop
      vertex -72.7778 91.6111 10
      vertex -72.6455 91.9807 4
      vertex -72.6455 91.9807 10
    endloop
  endfacet
  facet normal 0.9415 -0.337014 0
    outer loop
      vertex -72.6455 91.9807 4
      vertex -72.7778 91.6111 10
      vertex -72.7778 91.6111 4
    endloop
  endfacet
  facet normal 0.989176 -0.146733 0
    outer loop
      vertex -72.9307 90.8421 10
      vertex -72.8731 91.2304 4
      vertex -72.8731 91.2304 10
    endloop
  endfacet
  facet normal 0.989176 -0.146733 0
    outer loop
      vertex -72.8731 91.2304 4
      vertex -72.9307 90.8421 10
      vertex -72.9307 90.8421 4
    endloop
  endfacet
  facet normal 0.514084 -0.85774 0
    outer loop
      vertex -71.1723 93.7759 4
      vertex -70.8356 93.9777 10
      vertex -71.1723 93.7759 10
    endloop
  endfacet
  facet normal 0.514084 -0.85774 0
    outer loop
      vertex -70.8356 93.9777 10
      vertex -71.1723 93.7759 4
      vertex -70.8356 93.9777 4
    endloop
  endfacet
  facet normal 0.42744 -0.904044 0
    outer loop
      vertex -70.8356 93.9777 4
      vertex -70.4807 94.1455 10
      vertex -70.8356 93.9777 10
    endloop
  endfacet
  facet normal 0.42744 -0.904044 0
    outer loop
      vertex -70.4807 94.1455 10
      vertex -70.8356 93.9777 4
      vertex -70.4807 94.1455 4
    endloop
  endfacet
  facet normal 0.595794 -0.803137 0
    outer loop
      vertex -71.4876 93.542 4
      vertex -71.1723 93.7759 10
      vertex -71.4876 93.542 10
    endloop
  endfacet
  facet normal 0.595794 -0.803137 0
    outer loop
      vertex -71.1723 93.7759 10
      vertex -71.4876 93.542 4
      vertex -71.1723 93.7759 4
    endloop
  endfacet
  facet normal 0.242835 -0.970068 0
    outer loop
      vertex -70.1111 94.2778 4
      vertex -69.7304 94.3731 10
      vertex -70.1111 94.2778 10
    endloop
  endfacet
  facet normal 0.242835 -0.970068 0
    outer loop
      vertex -69.7304 94.3731 10
      vertex -70.1111 94.2778 4
      vertex -69.7304 94.3731 4
    endloop
  endfacet
  facet normal 0.146733 -0.989176 0
    outer loop
      vertex -69.7304 94.3731 4
      vertex -69.3421 94.4307 10
      vertex -69.7304 94.3731 10
    endloop
  endfacet
  facet normal 0.146733 -0.989176 0
    outer loop
      vertex -69.3421 94.4307 10
      vertex -69.7304 94.3731 4
      vertex -69.3421 94.4307 4
    endloop
  endfacet
  facet normal 0.0491626 -0.998791 0
    outer loop
      vertex -69.3421 94.4307 4
      vertex -68.95 94.45 10
      vertex -69.3421 94.4307 10
    endloop
  endfacet
  facet normal 0.0491626 -0.998791 0
    outer loop
      vertex -68.95 94.45 10
      vertex -69.3421 94.4307 4
      vertex -68.95 94.45 4
    endloop
  endfacet
  facet normal -0.857515 0.514458 0
    outer loop
      vertex 116.676 -65.6723 4
      vertex 116.878 -65.3356 10
      vertex 116.878 -65.3356 4
    endloop
  endfacet
  facet normal -0.857515 0.514458 0
    outer loop
      vertex 116.878 -65.3356 10
      vertex 116.676 -65.6723 4
      vertex 116.676 -65.6723 10
    endloop
  endfacet
  facet normal -0.740401 0.672166 0
    outer loop
      vertex 116.178 -66.2784 4
      vertex 116.442 -65.9876 10
      vertex 116.442 -65.9876 4
    endloop
  endfacet
  facet normal -0.740401 0.672166 0
    outer loop
      vertex 116.442 -65.9876 10
      vertex 116.178 -66.2784 4
      vertex 116.178 -66.2784 10
    endloop
  endfacet
  facet normal -0.989028 0.14773 0
    outer loop
      vertex 117.273 -64.2304 4
      vertex 117.331 -63.8421 10
      vertex 117.331 -63.8421 4
    endloop
  endfacet
  facet normal -0.989028 0.14773 0
    outer loop
      vertex 117.331 -63.8421 10
      vertex 117.273 -64.2304 4
      vertex 117.273 -64.2304 10
    endloop
  endfacet
  facet normal -0.941742 0.336336 0
    outer loop
      vertex 117.046 -64.9807 4
      vertex 117.178 -64.6111 10
      vertex 117.178 -64.6111 4
    endloop
  endfacet
  facet normal -0.941742 0.336336 0
    outer loop
      vertex 117.178 -64.6111 10
      vertex 117.046 -64.9807 4
      vertex 117.046 -64.9807 10
    endloop
  endfacet
  facet normal -0.998828 0.0484002 0
    outer loop
      vertex 117.331 -63.8421 4
      vertex 117.35 -63.45 10
      vertex 117.35 -63.45 4
    endloop
  endfacet
  facet normal -0.998828 0.0484002 0
    outer loop
      vertex 117.35 -63.45 10
      vertex 117.331 -63.8421 4
      vertex 117.331 -63.8421 10
    endloop
  endfacet
  facet normal -0.146844 0.98916 0
    outer loop
      vertex 114.13 -67.3731 4
      vertex 113.742 -67.4307 10
      vertex 114.13 -67.3731 10
    endloop
  endfacet
  facet normal -0.146844 0.98916 0
    outer loop
      vertex 113.742 -67.4307 10
      vertex 114.13 -67.3731 4
      vertex 113.742 -67.4307 4
    endloop
  endfacet
  facet normal -0.336691 0.941615 0
    outer loop
      vertex 114.881 -67.1455 4
      vertex 114.511 -67.2778 10
      vertex 114.881 -67.1455 10
    endloop
  endfacet
  facet normal -0.336691 0.941615 0
    outer loop
      vertex 114.511 -67.2778 10
      vertex 114.881 -67.1455 4
      vertex 114.511 -67.2778 4
    endloop
  endfacet
  facet normal -0.514871 0.857268 0
    outer loop
      vertex 115.572 -66.7759 4
      vertex 115.236 -66.9777 10
      vertex 115.572 -66.7759 10
    endloop
  endfacet
  facet normal -0.514871 0.857268 0
    outer loop
      vertex 115.236 -66.9777 10
      vertex 115.572 -66.7759 4
      vertex 115.236 -66.9777 4
    endloop
  endfacet
  facet normal -0.672622 0.739986 0
    outer loop
      vertex 116.178 -66.2784 4
      vertex 115.888 -66.542 10
      vertex 116.178 -66.2784 10
    endloop
  endfacet
  facet normal -0.672622 0.739986 0
    outer loop
      vertex 115.888 -66.542 10
      vertex 116.178 -66.2784 4
      vertex 115.888 -66.542 4
    endloop
  endfacet
  facet normal 0.595794 0.803137 -0
    outer loop
      vertex -71.1723 -66.7759 4
      vertex -71.4876 -66.542 10
      vertex -71.1723 -66.7759 10
    endloop
  endfacet
  facet normal 0.595794 0.803137 0
    outer loop
      vertex -71.4876 -66.542 10
      vertex -71.1723 -66.7759 4
      vertex -71.4876 -66.542 4
    endloop
  endfacet
  facet normal 0.42744 0.904044 -0
    outer loop
      vertex -70.4807 -67.1455 4
      vertex -70.8356 -66.9777 10
      vertex -70.4807 -67.1455 10
    endloop
  endfacet
  facet normal 0.42744 0.904044 0
    outer loop
      vertex -70.8356 -66.9777 10
      vertex -70.4807 -67.1455 4
      vertex -70.8356 -66.9777 4
    endloop
  endfacet
  facet normal 0.904044 0.42744 0
    outer loop
      vertex -72.4777 -65.3356 10
      vertex -72.6455 -64.9807 4
      vertex -72.6455 -64.9807 10
    endloop
  endfacet
  facet normal 0.904044 0.42744 0
    outer loop
      vertex -72.6455 -64.9807 4
      vertex -72.4777 -65.3356 10
      vertex -72.4777 -65.3356 4
    endloop
  endfacet
  facet normal 0.671607 0.740908 -0
    outer loop
      vertex -71.4876 -66.542 4
      vertex -71.7784 -66.2784 10
      vertex -71.4876 -66.542 10
    endloop
  endfacet
  facet normal 0.671607 0.740908 0
    outer loop
      vertex -71.7784 -66.2784 10
      vertex -71.4876 -66.542 4
      vertex -71.7784 -66.2784 4
    endloop
  endfacet
  facet normal -0.903847 0.427856 0
    outer loop
      vertex 116.878 -65.3356 4
      vertex 117.046 -64.9807 10
      vertex 117.046 -64.9807 4
    endloop
  endfacet
  facet normal -0.903847 0.427856 0
    outer loop
      vertex 117.046 -64.9807 10
      vertex 116.878 -65.3356 4
      vertex 116.878 -65.3356 10
    endloop
  endfacet
  facet normal -0.803015 0.595958 0
    outer loop
      vertex 116.442 -65.9876 4
      vertex 116.676 -65.6723 10
      vertex 116.676 -65.6723 4
    endloop
  endfacet
  facet normal -0.803015 0.595958 0
    outer loop
      vertex 116.676 -65.6723 10
      vertex 116.442 -65.9876 4
      vertex 116.442 -65.9876 10
    endloop
  endfacet
  facet normal -0.970247 0.242116 0
    outer loop
      vertex 117.178 -64.6111 4
      vertex 117.273 -64.2304 10
      vertex 117.273 -64.2304 4
    endloop
  endfacet
  facet normal -0.970247 0.242116 0
    outer loop
      vertex 117.273 -64.2304 10
      vertex 117.178 -64.6111 4
      vertex 117.178 -64.6111 10
    endloop
  endfacet
  facet normal 0.146733 0.989176 -0
    outer loop
      vertex -69.3421 -67.4307 4
      vertex -69.7304 -67.3731 10
      vertex -69.3421 -67.4307 10
    endloop
  endfacet
  facet normal 0.146733 0.989176 0
    outer loop
      vertex -69.7304 -67.3731 10
      vertex -69.3421 -67.4307 4
      vertex -69.7304 -67.3731 4
    endloop
  endfacet
  facet normal 0.242835 0.970068 -0
    outer loop
      vertex -69.7304 -67.3731 4
      vertex -70.1111 -67.2778 10
      vertex -69.7304 -67.3731 10
    endloop
  endfacet
  facet normal 0.242835 0.970068 0
    outer loop
      vertex -70.1111 -67.2778 10
      vertex -69.7304 -67.3731 4
      vertex -70.1111 -67.2778 4
    endloop
  endfacet
  facet normal 0.803137 0.595794 0
    outer loop
      vertex -72.042 -65.9876 10
      vertex -72.2759 -65.6723 4
      vertex -72.2759 -65.6723 10
    endloop
  endfacet
  facet normal 0.803137 0.595794 0
    outer loop
      vertex -72.2759 -65.6723 4
      vertex -72.042 -65.9876 10
      vertex -72.042 -65.9876 4
    endloop
  endfacet
  facet normal 0.85774 0.514084 0
    outer loop
      vertex -72.2759 -65.6723 10
      vertex -72.4777 -65.3356 4
      vertex -72.4777 -65.3356 10
    endloop
  endfacet
  facet normal 0.85774 0.514084 0
    outer loop
      vertex -72.4777 -65.3356 4
      vertex -72.2759 -65.6723 10
      vertex -72.2759 -65.6723 4
    endloop
  endfacet
  facet normal 0.970068 0.242835 0
    outer loop
      vertex -72.7778 -64.6111 10
      vertex -72.8731 -64.2304 4
      vertex -72.8731 -64.2304 10
    endloop
  endfacet
  facet normal 0.970068 0.242835 0
    outer loop
      vertex -72.8731 -64.2304 4
      vertex -72.7778 -64.6111 10
      vertex -72.7778 -64.6111 4
    endloop
  endfacet
  facet normal 0.9415 0.337014 0
    outer loop
      vertex -72.6455 -64.9807 10
      vertex -72.7778 -64.6111 4
      vertex -72.7778 -64.6111 10
    endloop
  endfacet
  facet normal 0.9415 0.337014 0
    outer loop
      vertex -72.7778 -64.6111 4
      vertex -72.6455 -64.9807 10
      vertex -72.6455 -64.9807 4
    endloop
  endfacet
  facet normal 0.514084 0.85774 -0
    outer loop
      vertex -70.8356 -66.9777 4
      vertex -71.1723 -66.7759 10
      vertex -70.8356 -66.9777 10
    endloop
  endfacet
  facet normal 0.514084 0.85774 0
    outer loop
      vertex -71.1723 -66.7759 10
      vertex -70.8356 -66.9777 4
      vertex -71.1723 -66.7759 4
    endloop
  endfacet
  facet normal 0.337014 0.9415 -0
    outer loop
      vertex -70.1111 -67.2778 4
      vertex -70.4807 -67.1455 10
      vertex -70.1111 -67.2778 10
    endloop
  endfacet
  facet normal 0.337014 0.9415 0
    outer loop
      vertex -70.4807 -67.1455 10
      vertex -70.1111 -67.2778 4
      vertex -70.4807 -67.1455 4
    endloop
  endfacet
  facet normal 0.989176 0.146733 0
    outer loop
      vertex -72.8731 -64.2304 10
      vertex -72.9307 -63.8421 4
      vertex -72.9307 -63.8421 10
    endloop
  endfacet
  facet normal 0.989176 0.146733 0
    outer loop
      vertex -72.9307 -63.8421 4
      vertex -72.8731 -64.2304 10
      vertex -72.8731 -64.2304 4
    endloop
  endfacet
  facet normal 0.998791 0.0491626 0
    outer loop
      vertex -72.9307 -63.8421 10
      vertex -72.95 -63.45 4
      vertex -72.95 -63.45 10
    endloop
  endfacet
  facet normal 0.998791 0.0491626 0
    outer loop
      vertex -72.95 -63.45 4
      vertex -72.9307 -63.8421 10
      vertex -72.9307 -63.8421 4
    endloop
  endfacet
  facet normal 0 0 1
    outer loop
      vertex -4.01818 33.2719 4
      vertex -6 33.2226 4
      vertex -3.88049 33.2226 4
    endloop
  endfacet
  facet normal 0 0 1
    outer loop
      vertex -4.94967 33.7125 4
      vertex -6 33.2226 4
      vertex -4.01818 33.2719 4
    endloop
  endfacet
  facet normal 0 0 1
    outer loop
      vertex -5.83349 34.2422 4
      vertex -6 33.2226 4
      vertex -4.94967 33.7125 4
    endloop
  endfacet
  facet normal 0 0 1
    outer loop
      vertex -7.42462 35.548 4
      vertex -6 25.2226 4
      vertex -6 33.2226 4
    endloop
  endfacet
  facet normal 0 0 1
    outer loop
      vertex -6.66113 34.856 4
      vertex -6 33.2226 4
      vertex -5.83349 34.2422 4
    endloop
  endfacet
  facet normal 0 0 1
    outer loop
      vertex -7.42462 35.548 4
      vertex -6 33.2226 4
      vertex -6.66113 34.856 4
    endloop
  endfacet
  facet normal 0 -0 1
    outer loop
      vertex -7.22241 10.8091 4
      vertex -6 25.2226 4
      vertex -21.95 21.25 4
    endloop
  endfacet
  facet normal 0 0 1
    outer loop
      vertex -8.11661 36.3115 4
      vertex -6 25.2226 4
      vertex -7.42462 35.548 4
    endloop
  endfacet
  facet normal 0 0 1
    outer loop
      vertex -6 25.2226 4
      vertex -8.11661 36.3115 4
      vertex -21.95 21.25 4
    endloop
  endfacet
  facet normal 0 0 1
    outer loop
      vertex -6 25.2226 4
      vertex -7.22241 10.8091 4
      vertex -6.12816 11.465 4
    endloop
  endfacet
  facet normal 0 0 1
    outer loop
      vertex -21.95 21.25 4
      vertex -8.11661 36.3115 4
      vertex -8.73043 37.1392 4
    endloop
  endfacet
  facet normal 0 0 1
    outer loop
      vertex -7.22241 10.8091 4
      vertex -21.95 21.25 4
      vertex -8.24711 10.0491 4
    endloop
  endfacet
  facet normal 0 0 1
    outer loop
      vertex -21.95 21.25 4
      vertex -8.73043 37.1392 4
      vertex -9.26017 38.023 4
    endloop
  endfacet
  facet normal 0 0 1
    outer loop
      vertex -21.95 21.25 4
      vertex -9.26017 38.023 4
      vertex -9.70073 38.9545 4
    endloop
  endfacet
  facet normal 0 0 1
    outer loop
      vertex -21.95 21.25 4
      vertex -9.70073 38.9545 4
      vertex -10.0479 39.9246 4
    endloop
  endfacet
  facet normal 0 0 1
    outer loop
      vertex -8.24711 10.0491 4
      vertex -21.95 21.25 4
      vertex -9.19239 9.19239 4
    endloop
  endfacet
  facet normal 0 0 1
    outer loop
      vertex -21.95 21.25 4
      vertex -10.0479 39.9246 4
      vertex -10.2982 40.9242 4
    endloop
  endfacet
  facet normal 0 0 1
    outer loop
      vertex -26.9901 52.4034 4
      vertex -10.2982 40.9242 4
      vertex -10.4494 41.9435 4
    endloop
  endfacet
  facet normal 0 0 1
    outer loop
      vertex -26.9901 52.4034 4
      vertex -10.4494 41.9435 4
      vertex -10.5 42.9726 4
    endloop
  endfacet
  facet normal 0 0 1
    outer loop
      vertex -9.19239 9.19239 4
      vertex -21.95 21.25 4
      vertex -10.0491 8.24711 4
    endloop
  endfacet
  facet normal -0 0 1
    outer loop
      vertex -42.45 -26 4
      vertex 42.45 -34 4
      vertex 42.45 -26 4
    endloop
  endfacet
  facet normal 0 0 1
    outer loop
      vertex 42.45 -34 4
      vertex -42.45 -26 4
      vertex -42.45 -34 4
    endloop
  endfacet
  facet normal 0 0 1
    outer loop
      vertex 40.45 -21.25 4
      vertex 46.3 -6 4
      vertex 44.7 -6 4
    endloop
  endfacet
  facet normal 0 0 1
    outer loop
      vertex 46.3 -6 4
      vertex 42.45 -24.4 4
      vertex 46.3 -34.7 4
    endloop
  endfacet
  facet normal 0 0 1
    outer loop
      vertex 40.45 21.25 4
      vertex 46.3 34.7 4
      vertex 44.7 34.7 4
    endloop
  endfacet
  facet normal 0 0 1
    outer loop
      vertex 46.3 34.7 4
      vertex 40.45 21.25 4
      vertex 46.3 6 4
    endloop
  endfacet
  facet normal 0 0 1
    outer loop
      vertex 46.3 -6 4
      vertex 49.3 -5.6 4
      vertex 46.3 -5.6 4
    endloop
  endfacet
  facet normal 0 0 1
    outer loop
      vertex 49.3 -5.6 4
      vertex 46.3 -6 4
      vertex 49.3 -35.1 4
    endloop
  endfacet
  facet normal -0 0 1
    outer loop
      vertex 46.3 -34.7 4
      vertex 49.3 -35.1 4
      vertex 46.3 -6 4
    endloop
  endfacet
  facet normal 0 0 1
    outer loop
      vertex 49.3 -35.1 4
      vertex 46.3 -34.7 4
      vertex 46.3 -35.1 4
    endloop
  endfacet
  facet normal 0 0 1
    outer loop
      vertex 46.3 34.7 4
      vertex 49.3 35.1 4
      vertex 46.3 35.1 4
    endloop
  endfacet
  facet normal 0 0 1
    outer loop
      vertex 49.3 35.1 4
      vertex 46.3 34.7 4
      vertex 49.3 5.6 4
    endloop
  endfacet
  facet normal -0 0 1
    outer loop
      vertex 46.3 6 4
      vertex 49.3 5.6 4
      vertex 46.3 34.7 4
    endloop
  endfacet
  facet normal 0 0 1
    outer loop
      vertex 49.3 5.6 4
      vertex 46.3 6 4
      vertex 46.3 5.6 4
    endloop
  endfacet
  facet normal 0 0 1
    outer loop
      vertex 49.3 -5.6 4
      vertex 49.7 -2.6 4
      vertex 49.3 -2.6 4
    endloop
  endfacet
  facet normal 0 0 1
    outer loop
      vertex 49.7 -2.6 4
      vertex 49.3 -5.6 4
      vertex 49.7 -38.1 4
    endloop
  endfacet
  facet normal -0 0 1
    outer loop
      vertex 49.3 -35.1 4
      vertex 49.7 -38.1 4
      vertex 49.3 -5.6 4
    endloop
  endfacet
  facet normal 0 0 1
    outer loop
      vertex 49.3 -38.1 4
      vertex 49.7 -38.1 4
      vertex 49.3 -35.1 4
    endloop
  endfacet
  facet normal 0 0 0
    outer loop
      vertex 49.3 -38.1 4
      vertex 46.3 -38.1 4
      vertex 49.7 -38.1 4
    endloop
  endfacet
  facet normal -0 0 1
    outer loop
      vertex 44.7 1 4
      vertex 49.7 -1 4
      vertex 49.7 1 4
    endloop
  endfacet
  facet normal 0 0 1
    outer loop
      vertex 49.7 -1 4
      vertex 44.7 1 4
      vertex 44.7 -1 4
    endloop
  endfacet
  facet normal 0 0 1
    outer loop
      vertex 49.3 35.1 4
      vertex 49.7 38.1 4
      vertex 49.3 38.1 4
    endloop
  endfacet
  facet normal 0 0 1
    outer loop
      vertex 49.7 38.1 4
      vertex 49.3 35.1 4
      vertex 49.7 2.6 4
    endloop
  endfacet
  facet normal -0 0 1
    outer loop
      vertex 49.3 5.6 4
      vertex 49.7 2.6 4
      vertex 49.3 35.1 4
    endloop
  endfacet
  facet normal 0 0 1
    outer loop
      vertex 49.7 2.6 4
      vertex 49.3 5.6 4
      vertex 49.3 2.6 4
    endloop
  endfacet
  facet normal 0 0 1
    outer loop
      vertex 46.3 -6 4
      vertex 40.45 -21.25 4
      vertex 42.45 -24.4 4
    endloop
  endfacet
  facet normal -0 0 1
    outer loop
      vertex 21.95 -21.25 4
      vertex 42.45 -24.4 4
      vertex 40.45 -21.25 4
    endloop
  endfacet
  facet normal 0 0 1
    outer loop
      vertex 10.5 42.9726 4
      vertex 26.5302 52.6378 4
      vertex 10.5 48.9726 4
    endloop
  endfacet
  facet normal 0 0 1
    outer loop
      vertex 7.42462 56.3973 4
      vertex 17.6 78.9726 4
      vertex 16 78.9726 4
    endloop
  endfacet
  facet normal 0 0 1
    outer loop
      vertex 10.2982 40.9242 4
      vertex 26.9901 52.4034 4
      vertex 10.4494 41.9435 4
    endloop
  endfacet
  facet normal -0 0 1
    outer loop
      vertex 12.9374 -1.27422 4
      vertex 21.95 -21.25 4
      vertex 13 0 4
    endloop
  endfacet
  facet normal -0 0 1
    outer loop
      vertex 12.7502 -2.53617 4
      vertex 21.95 -21.25 4
      vertex 12.9374 -1.27422 4
    endloop
  endfacet
  facet normal -0 0 1
    outer loop
      vertex 12.4402 -3.7737 4
      vertex 21.95 -21.25 4
      vertex 12.7502 -2.53617 4
    endloop
  endfacet
  facet normal -0 0 1
    outer loop
      vertex 12.0104 -4.97488 4
      vertex 21.95 -21.25 4
      vertex 12.4402 -3.7737 4
    endloop
  endfacet
  facet normal -0 0 1
    outer loop
      vertex 11.465 -6.12816 4
      vertex 21.95 -21.25 4
      vertex 12.0104 -4.97488 4
    endloop
  endfacet
  facet normal -0 0 1
    outer loop
      vertex 10.8091 -7.22241 4
      vertex 21.95 -21.25 4
      vertex 11.465 -6.12816 4
    endloop
  endfacet
  facet normal -0 0 1
    outer loop
      vertex 10.0491 -8.24711 4
      vertex 21.95 -21.25 4
      vertex 10.8091 -7.22241 4
    endloop
  endfacet
  facet normal -0 0 1
    outer loop
      vertex 9.19239 -9.19239 4
      vertex 21.95 -21.25 4
      vertex 10.0491 -8.24711 4
    endloop
  endfacet
  facet normal -0 0 1
    outer loop
      vertex 8.24711 -10.0491 4
      vertex 21.95 -21.25 4
      vertex 9.19239 -9.19239 4
    endloop
  endfacet
  facet normal -0 0 1
    outer loop
      vertex 7.22241 -10.8091 4
      vertex 21.95 -21.25 4
      vertex 8.24711 -10.0491 4
    endloop
  endfacet
  facet normal -0 0 1
    outer loop
      vertex 6.12816 -11.465 4
      vertex 21.95 -21.25 4
      vertex 7.22241 -10.8091 4
    endloop
  endfacet
  facet normal -0 0 1
    outer loop
      vertex 4.97488 -12.0104 4
      vertex 21.95 -21.25 4
      vertex 6.12816 -11.465 4
    endloop
  endfacet
  facet normal -0 0 1
    outer loop
      vertex 3.7737 -12.4402 4
      vertex 21.95 -21.25 4
      vertex 4.97488 -12.0104 4
    endloop
  endfacet
  facet normal -0 0 1
    outer loop
      vertex 2.53617 -12.7502 4
      vertex 21.95 -21.25 4
      vertex 3.7737 -12.4402 4
    endloop
  endfacet
  facet normal -0 0 1
    outer loop
      vertex 1.27422 -12.9374 4
      vertex 21.95 -21.25 4
      vertex 2.53617 -12.7502 4
    endloop
  endfacet
  facet normal -0 0 1
    outer loop
      vertex 0 -13 4
      vertex 21.95 -21.25 4
      vertex 1.27422 -12.9374 4
    endloop
  endfacet
  facet normal 0 0 1
    outer loop
      vertex -21.95 -21.25 4
      vertex 0 -13 4
      vertex -1.27422 -12.9374 4
    endloop
  endfacet
  facet normal 0 0 1
    outer loop
      vertex -21.95 -21.25 4
      vertex -1.27422 -12.9374 4
      vertex -2.53617 -12.7502 4
    endloop
  endfacet
  facet normal 0 0 1
    outer loop
      vertex -21.95 -21.25 4
      vertex -2.53617 -12.7502 4
      vertex -3.7737 -12.4402 4
    endloop
  endfacet
  facet normal 0 0 1
    outer loop
      vertex -21.95 -21.25 4
      vertex -13 0 4
      vertex -21.95 21.25 4
    endloop
  endfacet
  facet normal 0 0 1
    outer loop
      vertex -13 0 4
      vertex -21.95 -21.25 4
      vertex -12.9374 -1.27422 4
    endloop
  endfacet
  facet normal 0 0 1
    outer loop
      vertex -12.9374 -1.27422 4
      vertex -21.95 -21.25 4
      vertex -12.7502 -2.53617 4
    endloop
  endfacet
  facet normal 0 0 1
    outer loop
      vertex -12.7502 -2.53617 4
      vertex -21.95 -21.25 4
      vertex -12.4402 -3.7737 4
    endloop
  endfacet
  facet normal 0 0 1
    outer loop
      vertex -12.4402 -3.7737 4
      vertex -21.95 -21.25 4
      vertex -12.0104 -4.97488 4
    endloop
  endfacet
  facet normal 0 0 1
    outer loop
      vertex -21.95 -21.25 4
      vertex -11.465 -6.12816 4
      vertex -12.0104 -4.97488 4
    endloop
  endfacet
  facet normal 0 0 1
    outer loop
      vertex -21.95 -21.25 4
      vertex -10.8091 -7.22241 4
      vertex -11.465 -6.12816 4
    endloop
  endfacet
  facet normal 0 0 1
    outer loop
      vertex -21.95 -21.25 4
      vertex -10.0491 -8.24711 4
      vertex -10.8091 -7.22241 4
    endloop
  endfacet
  facet normal 0 0 1
    outer loop
      vertex -21.95 -21.25 4
      vertex -9.19239 -9.19239 4
      vertex -10.0491 -8.24711 4
    endloop
  endfacet
  facet normal 0 0 1
    outer loop
      vertex -21.95 -21.25 4
      vertex -8.24711 -10.0491 4
      vertex -9.19239 -9.19239 4
    endloop
  endfacet
  facet normal 0 0 1
    outer loop
      vertex -21.95 -21.25 4
      vertex -7.22241 -10.8091 4
      vertex -8.24711 -10.0491 4
    endloop
  endfacet
  facet normal 0 0 1
    outer loop
      vertex -21.95 -21.25 4
      vertex -6.12816 -11.465 4
      vertex -7.22241 -10.8091 4
    endloop
  endfacet
  facet normal 0 0 1
    outer loop
      vertex -21.95 -21.25 4
      vertex -4.97488 -12.0104 4
      vertex -6.12816 -11.465 4
    endloop
  endfacet
  facet normal 0 0 1
    outer loop
      vertex -21.95 -21.25 4
      vertex -3.7737 -12.4402 4
      vertex -4.97488 -12.0104 4
    endloop
  endfacet
  facet normal 0 0 1
    outer loop
      vertex 0 -13 4
      vertex -21.95 -21.25 4
      vertex 21.95 -21.25 4
    endloop
  endfacet
  facet normal -0 0 1
    outer loop
      vertex -21.95 -21.25 4
      vertex 42.45 -24.4 4
      vertex 21.95 -21.25 4
    endloop
  endfacet
  facet normal 0 0 1
    outer loop
      vertex -42.45 -24.4 4
      vertex -21.95 -21.25 4
      vertex -40.45 -21.25 4
    endloop
  endfacet
  facet normal 0 0 1
    outer loop
      vertex -21.95 -21.25 4
      vertex -42.45 -24.4 4
      vertex 42.45 -24.4 4
    endloop
  endfacet
  facet normal 0 0 1
    outer loop
      vertex -40.45 21.25 4
      vertex -42.45 -24.4 4
      vertex -40.45 -21.25 4
    endloop
  endfacet
  facet normal -0 0 1
    outer loop
      vertex 28.4698 52.6378 4
      vertex 44.7 39.7 4
      vertex 28.8349 53.0028 4
    endloop
  endfacet
  facet normal -0 0 1
    outer loop
      vertex 28.0099 52.4034 4
      vertex 44.7 39.7 4
      vertex 28.4698 52.6378 4
    endloop
  endfacet
  facet normal -0 0 1
    outer loop
      vertex 27.5 52.3226 4
      vertex 44.7 39.7 4
      vertex 28.0099 52.4034 4
    endloop
  endfacet
  facet normal 0 0 1
    outer loop
      vertex 44.7 39.7 4
      vertex 27.5 52.3226 4
      vertex 44.7 34.7 4
    endloop
  endfacet
  facet normal 0 0 1
    outer loop
      vertex 44.7 34.7 4
      vertex 27.5 52.3226 4
      vertex 21.95 21.25 4
    endloop
  endfacet
  facet normal 0 0 1
    outer loop
      vertex 21.95 21.25 4
      vertex 27.5 52.3226 4
      vertex 26.9901 52.4034 4
    endloop
  endfacet
  facet normal 0 0 1
    outer loop
      vertex 26.1651 53.0028 4
      vertex 10.5 48.9726 4
      vertex 26.5302 52.6378 4
    endloop
  endfacet
  facet normal 0 0 1
    outer loop
      vertex 25.9308 53.4628 4
      vertex 10.5 48.9726 4
      vertex 26.1651 53.0028 4
    endloop
  endfacet
  facet normal 0 -0 1
    outer loop
      vertex 10.5 48.9726 4
      vertex 25.9308 53.4628 4
      vertex 10.4494 50.0018 4
    endloop
  endfacet
  facet normal 0 0 1
    outer loop
      vertex 26.5302 55.3075 4
      vertex 17.6 78.9726 4
      vertex 26.1651 54.9425 4
    endloop
  endfacet
  facet normal 0 0 1
    outer loop
      vertex 17.6 78.9726 4
      vertex 22.4 78.9726 4
      vertex 17.6 82.9726 4
    endloop
  endfacet
  facet normal 0 0 1
    outer loop
      vertex 44.7 34.7 4
      vertex 21.95 21.25 4
      vertex 40.45 21.25 4
    endloop
  endfacet
  facet normal 0 0 1
    outer loop
      vertex 10.4494 50.0018 4
      vertex 25.9308 53.4628 4
      vertex 25.85 53.9726 4
    endloop
  endfacet
  facet normal 0 0 1
    outer loop
      vertex 10.4494 50.0018 4
      vertex 26.1651 54.9425 4
      vertex 17.6 78.9726 4
    endloop
  endfacet
  facet normal 0 0 1
    outer loop
      vertex 21.95 21.25 4
      vertex 12.0104 4.97488 4
      vertex 12.4402 3.7737 4
    endloop
  endfacet
  facet normal -0 0 1
    outer loop
      vertex 9.70073 38.9545 4
      vertex 21.95 21.25 4
      vertex 10.0479 39.9246 4
    endloop
  endfacet
  facet normal 0 0 1
    outer loop
      vertex 21.95 21.25 4
      vertex 11.465 6.12816 4
      vertex 12.0104 4.97488 4
    endloop
  endfacet
  facet normal -0 0 1
    outer loop
      vertex 9.26017 38.023 4
      vertex 21.95 21.25 4
      vertex 9.70073 38.9545 4
    endloop
  endfacet
  facet normal 0 0 1
    outer loop
      vertex 21.95 21.25 4
      vertex 10.8091 7.22241 4
      vertex 11.465 6.12816 4
    endloop
  endfacet
  facet normal -0 0 1
    outer loop
      vertex 8.73043 37.1392 4
      vertex 21.95 21.25 4
      vertex 9.26017 38.023 4
    endloop
  endfacet
  facet normal 0 -0 1
    outer loop
      vertex 7.22241 10.8091 4
      vertex 21.95 21.25 4
      vertex 6 25.2226 4
    endloop
  endfacet
  facet normal 0 0 1
    outer loop
      vertex 21.95 21.25 4
      vertex 10.0491 8.24711 4
      vertex 10.8091 7.22241 4
    endloop
  endfacet
  facet normal -0 0 1
    outer loop
      vertex 8.11661 36.3115 4
      vertex 21.95 21.25 4
      vertex 8.73043 37.1392 4
    endloop
  endfacet
  facet normal 0 0 1
    outer loop
      vertex 21.95 21.25 4
      vertex 9.19239 9.19239 4
      vertex 10.0491 8.24711 4
    endloop
  endfacet
  facet normal 0 0 1
    outer loop
      vertex 21.95 21.25 4
      vertex 8.11661 36.3115 4
      vertex 6 25.2226 4
    endloop
  endfacet
  facet normal 0 0 1
    outer loop
      vertex 6 25.2226 4
      vertex 8.11661 36.3115 4
      vertex 7.42462 35.548 4
    endloop
  endfacet
  facet normal 0 0 1
    outer loop
      vertex 21.95 21.25 4
      vertex 8.24711 10.0491 4
      vertex 9.19239 9.19239 4
    endloop
  endfacet
  facet normal 0 0 1
    outer loop
      vertex 6 33.2226 4
      vertex 7.42462 35.548 4
      vertex 6.66113 34.856 4
    endloop
  endfacet
  facet normal 0 0 1
    outer loop
      vertex 21.95 21.25 4
      vertex 7.22241 10.8091 4
      vertex 8.24711 10.0491 4
    endloop
  endfacet
  facet normal 0 0 1
    outer loop
      vertex 7.42462 35.548 4
      vertex 6 33.2226 4
      vertex 6 25.2226 4
    endloop
  endfacet
  facet normal -0 0 1
    outer loop
      vertex 5.83349 34.2422 4
      vertex 6 33.2226 4
      vertex 6.66113 34.856 4
    endloop
  endfacet
  facet normal -0 0 1
    outer loop
      vertex 4.94967 33.7125 4
      vertex 6 33.2226 4
      vertex 5.83349 34.2422 4
    endloop
  endfacet
  facet normal -0 0 1
    outer loop
      vertex 4.01818 33.2719 4
      vertex 6 33.2226 4
      vertex 4.94967 33.7125 4
    endloop
  endfacet
  facet normal 0 0 1
    outer loop
      vertex 6 33.2226 4
      vertex 4.01818 33.2719 4
      vertex 3.88049 33.2226 4
    endloop
  endfacet
  facet normal 0 0 1
    outer loop
      vertex 7.22241 10.8091 4
      vertex 6 25.2226 4
      vertex 6.12816 11.465 4
    endloop
  endfacet
  facet normal 0 0 1
    outer loop
      vertex 6 25.2226 4
      vertex 4.97488 12.0104 4
      vertex 6.12816 11.465 4
    endloop
  endfacet
  facet normal 0 0 1
    outer loop
      vertex 6 25.2226 4
      vertex 3.7737 12.4402 4
      vertex 4.97488 12.0104 4
    endloop
  endfacet
  facet normal 0 0 1
    outer loop
      vertex 6 25.2226 4
      vertex 2.53617 12.7502 4
      vertex 3.7737 12.4402 4
    endloop
  endfacet
  facet normal 0 0 1
    outer loop
      vertex 6 25.2226 4
      vertex 1.27422 12.9374 4
      vertex 2.53617 12.7502 4
    endloop
  endfacet
  facet normal 0 0 1
    outer loop
      vertex 6 25.2226 4
      vertex 0 13 4
      vertex 1.27422 12.9374 4
    endloop
  endfacet
  facet normal -0 0 1
    outer loop
      vertex -6 25.2226 4
      vertex 0 13 4
      vertex 6 25.2226 4
    endloop
  endfacet
  facet normal 0 0 1
    outer loop
      vertex 0 13 4
      vertex -6 25.2226 4
      vertex -1.27422 12.9374 4
    endloop
  endfacet
  facet normal 0 0 1
    outer loop
      vertex -1.27422 12.9374 4
      vertex -6 25.2226 4
      vertex -2.53617 12.7502 4
    endloop
  endfacet
  facet normal 0 0 1
    outer loop
      vertex -2.53617 12.7502 4
      vertex -6 25.2226 4
      vertex -3.7737 12.4402 4
    endloop
  endfacet
  facet normal 0 0 1
    outer loop
      vertex -3.7737 12.4402 4
      vertex -6 25.2226 4
      vertex -4.97488 12.0104 4
    endloop
  endfacet
  facet normal 0 0 1
    outer loop
      vertex -4.97488 12.0104 4
      vertex -6 25.2226 4
      vertex -6.12816 11.465 4
    endloop
  endfacet
  facet normal 0 0 1
    outer loop
      vertex -10.5 48.9726 4
      vertex -26.1651 53.0028 4
      vertex -10.5 42.9726 4
    endloop
  endfacet
  facet normal -0 0 1
    outer loop
      vertex -26.5302 52.6378 4
      vertex -10.5 42.9726 4
      vertex -26.1651 53.0028 4
    endloop
  endfacet
  facet normal -0 0 1
    outer loop
      vertex -26.9901 52.4034 4
      vertex -10.5 42.9726 4
      vertex -26.5302 52.6378 4
    endloop
  endfacet
  facet normal 0 0 1
    outer loop
      vertex -10.2982 40.9242 4
      vertex -26.9901 52.4034 4
      vertex -27.5 52.3226 4
    endloop
  endfacet
  facet normal 0 0 1
    outer loop
      vertex -10.2982 40.9242 4
      vertex -27.5 52.3226 4
      vertex -21.95 21.25 4
    endloop
  endfacet
  facet normal 0 0 1
    outer loop
      vertex -42.45 39.9493 4
      vertex -27.5 52.3226 4
      vertex -28.0099 52.4034 4
    endloop
  endfacet
  facet normal 0 0 1
    outer loop
      vertex -42.45 39.9493 4
      vertex -28.0099 52.4034 4
      vertex -28.4698 52.6378 4
    endloop
  endfacet
  facet normal 0 0 1
    outer loop
      vertex -42.45 39.9493 4
      vertex -28.4698 52.6378 4
      vertex -28.8349 53.0028 4
    endloop
  endfacet
  facet normal 0 0 1
    outer loop
      vertex -42.45 39.9493 4
      vertex -28.8349 53.0028 4
      vertex -29.0692 53.4628 4
    endloop
  endfacet
  facet normal 0 0 1
    outer loop
      vertex -27.5 52.3226 4
      vertex -42.45 39.9493 4
      vertex -21.95 21.25 4
    endloop
  endfacet
  facet normal 0 0 1
    outer loop
      vertex -42.45 39.9493 4
      vertex -29.0692 53.4628 4
      vertex -29.15 53.9726 4
    endloop
  endfacet
  facet normal -0 0 1
    outer loop
      vertex -52.9837 50.7427 4
      vertex -42.45 39.9493 4
      vertex -52.9389 51.6548 4
    endloop
  endfacet
  facet normal -0 0 1
    outer loop
      vertex -53.1177 49.8394 4
      vertex -42.45 39.9493 4
      vertex -52.9837 50.7427 4
    endloop
  endfacet
  facet normal -0 0 1
    outer loop
      vertex -53.3396 48.9536 4
      vertex -42.45 39.9493 4
      vertex -53.1177 49.8394 4
    endloop
  endfacet
  facet normal -0 0 1
    outer loop
      vertex -53.6472 48.0937 4
      vertex -42.45 39.9493 4
      vertex -53.3396 48.9536 4
    endloop
  endfacet
  facet normal -0 0 1
    outer loop
      vertex -54.0377 47.2682 4
      vertex -42.45 39.9493 4
      vertex -53.6472 48.0937 4
    endloop
  endfacet
  facet normal -0 0 1
    outer loop
      vertex -54.5072 46.4849 4
      vertex -42.45 39.9493 4
      vertex -54.0377 47.2682 4
    endloop
  endfacet
  facet normal -0 0 1
    outer loop
      vertex -55.0512 45.7514 4
      vertex -42.45 39.9493 4
      vertex -54.5072 46.4849 4
    endloop
  endfacet
  facet normal -0 0 1
    outer loop
      vertex -55.6644 45.0748 4
      vertex -42.45 39.9493 4
      vertex -55.0512 45.7514 4
    endloop
  endfacet
  facet normal -0 0 1
    outer loop
      vertex -56.3411 44.4615 4
      vertex -42.45 39.9493 4
      vertex -55.6644 45.0748 4
    endloop
  endfacet
  facet normal -0 0 1
    outer loop
      vertex -57.0746 43.9175 4
      vertex -42.45 39.9493 4
      vertex -56.3411 44.4615 4
    endloop
  endfacet
  facet normal -0 0 1
    outer loop
      vertex -57.8578 43.448 4
      vertex -42.45 39.9493 4
      vertex -57.0746 43.9175 4
    endloop
  endfacet
  facet normal -0 0 1
    outer loop
      vertex -58.6834 43.0576 4
      vertex -42.45 39.9493 4
      vertex -57.8578 43.448 4
    endloop
  endfacet
  facet normal -0 0 1
    outer loop
      vertex -59.5432 42.75 4
      vertex -42.45 39.9493 4
      vertex -58.6834 43.0576 4
    endloop
  endfacet
  facet normal -0 0 1
    outer loop
      vertex -60.429 42.5281 4
      vertex -42.45 39.9493 4
      vertex -59.5432 42.75 4
    endloop
  endfacet
  facet normal -0 0 1
    outer loop
      vertex -61.3323 42.3941 4
      vertex -42.45 39.9493 4
      vertex -60.429 42.5281 4
    endloop
  endfacet
  facet normal 0 0 1
    outer loop
      vertex -71.95 39.9493 4
      vertex -61.3323 42.3941 4
      vertex -62.2444 42.3493 4
    endloop
  endfacet
  facet normal 0 0 1
    outer loop
      vertex -71.95 39.9493 4
      vertex -62.2444 42.3493 4
      vertex -63.1565 42.3941 4
    endloop
  endfacet
  facet normal 0 0 1
    outer loop
      vertex -61.3323 42.3941 4
      vertex -71.95 39.9493 4
      vertex -42.45 39.9493 4
    endloop
  endfacet
  facet normal 0 0 1
    outer loop
      vertex -64.0599 42.5281 4
      vertex -71.95 39.9493 4
      vertex -63.1565 42.3941 4
    endloop
  endfacet
  facet normal 0 0 1
    outer loop
      vertex -64.9457 42.75 4
      vertex -71.95 39.9493 4
      vertex -64.0599 42.5281 4
    endloop
  endfacet
  facet normal 0 0 1
    outer loop
      vertex -65.8055 43.0576 4
      vertex -71.95 39.9493 4
      vertex -64.9457 42.75 4
    endloop
  endfacet
  facet normal 0 0 1
    outer loop
      vertex -66.6311 43.448 4
      vertex -71.95 39.9493 4
      vertex -65.8055 43.0576 4
    endloop
  endfacet
  facet normal 0 0 1
    outer loop
      vertex -67.4143 43.9175 4
      vertex -71.95 39.9493 4
      vertex -66.6311 43.448 4
    endloop
  endfacet
  facet normal 0 0 1
    outer loop
      vertex -68.1478 44.4615 4
      vertex -71.95 39.9493 4
      vertex -67.4143 43.9175 4
    endloop
  endfacet
  facet normal 0 0 1
    outer loop
      vertex -68.8245 45.0748 4
      vertex -71.95 39.9493 4
      vertex -68.1478 44.4615 4
    endloop
  endfacet
  facet normal 0 0 1
    outer loop
      vertex -69.4377 45.7514 4
      vertex -71.95 39.9493 4
      vertex -68.8245 45.0748 4
    endloop
  endfacet
  facet normal 0 0 1
    outer loop
      vertex -69.9817 46.4849 4
      vertex -71.95 39.9493 4
      vertex -69.4377 45.7514 4
    endloop
  endfacet
  facet normal 0 0 1
    outer loop
      vertex -70.4512 47.2682 4
      vertex -71.95 39.9493 4
      vertex -69.9817 46.4849 4
    endloop
  endfacet
  facet normal 0 0 1
    outer loop
      vertex -70.8417 48.0937 4
      vertex -71.95 39.9493 4
      vertex -70.4512 47.2682 4
    endloop
  endfacet
  facet normal 0 0 1
    outer loop
      vertex -71.1493 48.9536 4
      vertex -71.95 39.9493 4
      vertex -70.8417 48.0937 4
    endloop
  endfacet
  facet normal 0 0 1
    outer loop
      vertex -71.3712 49.8394 4
      vertex -71.95 39.9493 4
      vertex -71.1493 48.9536 4
    endloop
  endfacet
  facet normal 0 0 1
    outer loop
      vertex -71.5052 50.7427 4
      vertex -71.95 39.9493 4
      vertex -71.3712 49.8394 4
    endloop
  endfacet
  facet normal 0 0 1
    outer loop
      vertex -71.55 51.6548 4
      vertex -71.95 39.9493 4
      vertex -71.5052 50.7427 4
    endloop
  endfacet
  facet normal 0 0 1
    outer loop
      vertex -71.5052 52.5669 4
      vertex -72.95 90.45 4
      vertex -71.55 51.6548 4
    endloop
  endfacet
  facet normal 0 0 1
    outer loop
      vertex -71.55 51.6548 4
      vertex -72.95 90.45 4
      vertex -71.95 39.9493 4
    endloop
  endfacet
  facet normal 0 0 1
    outer loop
      vertex -72.95 90.45 4
      vertex -71.7784 93.2784 4
      vertex -72.042 92.9876 4
    endloop
  endfacet
  facet normal -0 0 1
    outer loop
      vertex 75.4 -2.6 4
      vertex 75.8 -5.6 4
      vertex 75.8 -2.6 4
    endloop
  endfacet
  facet normal -0 0 1
    outer loop
      vertex 49.7 -2.6 4
      vertex 75.8 -5.6 4
      vertex 75.4 -2.6 4
    endloop
  endfacet
  facet normal 0 0 1
    outer loop
      vertex 75.8 -5.6 4
      vertex 49.7 -2.6 4
      vertex 75.8 -35.1 4
    endloop
  endfacet
  facet normal -0 0 1
    outer loop
      vertex 75.4 38.1 4
      vertex 75.8 35.1 4
      vertex 75.8 38.1 4
    endloop
  endfacet
  facet normal -0 0 1
    outer loop
      vertex 49.7 38.1 4
      vertex 75.8 35.1 4
      vertex 75.4 38.1 4
    endloop
  endfacet
  facet normal 0 0 1
    outer loop
      vertex 75.8 35.1 4
      vertex 49.7 38.1 4
      vertex 75.8 5.6 4
    endloop
  endfacet
  facet normal 0 0 1
    outer loop
      vertex 75.8 5.6 4
      vertex 75.4 2.6 4
      vertex 75.8 2.6 4
    endloop
  endfacet
  facet normal -0 0 1
    outer loop
      vertex 75.8 -5.6 4
      vertex 78.8 -6 4
      vertex 78.8 -5.6 4
    endloop
  endfacet
  facet normal 0 0 1
    outer loop
      vertex 78.8 -6 4
      vertex 75.8 -5.6 4
      vertex 78.8 -34.7 4
    endloop
  endfacet
  facet normal 0 0 1
    outer loop
      vertex 75.8 -35.1 4
      vertex 78.8 -34.7 4
      vertex 75.8 -5.6 4
    endloop
  endfacet
  facet normal 0 0 1
    outer loop
      vertex 78.8 -34.7 4
      vertex 75.8 -35.1 4
      vertex 78.8 -35.1 4
    endloop
  endfacet
  facet normal -0 0 1
    outer loop
      vertex 75.8 35.1 4
      vertex 78.8 34.7 4
      vertex 78.8 35.1 4
    endloop
  endfacet
  facet normal 0 0 1
    outer loop
      vertex 78.8 34.7 4
      vertex 75.8 35.1 4
      vertex 78.8 6 4
    endloop
  endfacet
  facet normal 0 0 1
    outer loop
      vertex 75.8 5.6 4
      vertex 78.8 6 4
      vertex 75.8 35.1 4
    endloop
  endfacet
  facet normal 0 0 1
    outer loop
      vertex 78.8 6 4
      vertex 75.8 5.6 4
      vertex 78.8 5.6 4
    endloop
  endfacet
  facet normal -0 0 1
    outer loop
      vertex 78.8 -6 4
      vertex 80.4 -34.7 4
      vertex 80.4 -6 4
    endloop
  endfacet
  facet normal 0 0 1
    outer loop
      vertex 80.4 -34.7 4
      vertex 78.8 -6 4
      vertex 78.8 -34.7 4
    endloop
  endfacet
  facet normal -0 0 1
    outer loop
      vertex 75.4 1 4
      vertex 80.4 -1 4
      vertex 80.4 1 4
    endloop
  endfacet
  facet normal 0 0 1
    outer loop
      vertex 80.4 -1 4
      vertex 75.4 1 4
      vertex 75.4 -1 4
    endloop
  endfacet
  facet normal 0 0 1
    outer loop
      vertex 78.8 6 4
      vertex 82.4 8.5 4
      vertex 78.8 34.7 4
    endloop
  endfacet
  facet normal 0 0 1
    outer loop
      vertex 82.4 8.5 4
      vertex 78.8 6 4
      vertex 80.4 6 4
    endloop
  endfacet
  facet normal -0 0 1
    outer loop
      vertex 107.5 52.6 4
      vertex 110.5 52.2 4
      vertex 110.5 52.6 4
    endloop
  endfacet
  facet normal 0 0 1
    outer loop
      vertex 110.5 52.2 4
      vertex 107.5 52.6 4
      vertex 110.5 8.5 4
    endloop
  endfacet
  facet normal 0 0 1
    outer loop
      vertex 107.5 8.1 4
      vertex 110.5 8.5 4
      vertex 107.5 52.6 4
    endloop
  endfacet
  facet normal 0 0 1
    outer loop
      vertex 110.5 8.5 4
      vertex 107.5 8.1 4
      vertex 110.5 8.1 4
    endloop
  endfacet
  facet normal 0 0 1
    outer loop
      vertex 112.5 82.6 4
      vertex 111.1 81.7 4
      vertex 112.5 81.7 4
    endloop
  endfacet
  facet normal 0 0 1
    outer loop
      vertex 87.4 57.2 4
      vertex 111.1 61.7 4
      vertex 111.1 81.7 4
    endloop
  endfacet
  facet normal 0 0 1
    outer loop
      vertex 87.4 55.6 4
      vertex 107.1 55.6 4
      vertex 107.1 57.2 4
    endloop
  endfacet
  facet normal 0 0 1
    outer loop
      vertex 107.1 55.6 4
      vertex 87 52.6 4
      vertex 107.1 5.1 4
    endloop
  endfacet
  facet normal 0 0 1
    outer loop
      vertex 87.4 55.6 4
      vertex 107.1 57.2 4
      vertex 87.4 57.2 4
    endloop
  endfacet
  facet normal 0 0 1
    outer loop
      vertex 111.1 61.7 4
      vertex 87.4 57.2 4
      vertex 107.1 57.2 4
    endloop
  endfacet
  facet normal 0 0 1
    outer loop
      vertex 111.1 81.7 4
      vertex 82.4 57.2 4
      vertex 87.4 57.2 4
    endloop
  endfacet
  facet normal 0 0 1
    outer loop
      vertex 75.4 39.7 4
      vertex 82.4 52.2 4
      vertex 82.4 57.2 4
    endloop
  endfacet
  facet normal 0 0 1
    outer loop
      vertex 82.4 52.2 4
      vertex 80.4 34.7 4
      vertex 82.4 8.5 4
    endloop
  endfacet
  facet normal -0 0 1
    outer loop
      vertex 78.8 34.7 4
      vertex 82.4 8.5 4
      vertex 80.4 34.7 4
    endloop
  endfacet
  facet normal 0 0 1
    outer loop
      vertex 82.4 8.5 4
      vertex 80.4 6 4
      vertex 82.4 3.5 4
    endloop
  endfacet
  facet normal 0 0 1
    outer loop
      vertex 80.4 1 4
      vertex 82.4 3.5 4
      vertex 80.4 6 4
    endloop
  endfacet
  facet normal 0 0 1
    outer loop
      vertex 80.4 -1 4
      vertex 82.4 1.5 4
      vertex 80.4 1 4
    endloop
  endfacet
  facet normal 0 0 1
    outer loop
      vertex 82.4 52.2 4
      vertex 80.4 39.7 4
      vertex 80.4 34.7 4
    endloop
  endfacet
  facet normal 0 0 1
    outer loop
      vertex 82.4 52.2 4
      vertex 75.4 39.7 4
      vertex 80.4 39.7 4
    endloop
  endfacet
  facet normal 0 0 1
    outer loop
      vertex 49.7 38.1 4
      vertex 75.4 38.1 4
      vertex 75.4 39.7 4
    endloop
  endfacet
  facet normal 0 0 1
    outer loop
      vertex 49.7 2.6 4
      vertex 75.8 5.6 4
      vertex 49.7 38.1 4
    endloop
  endfacet
  facet normal 0 0 1
    outer loop
      vertex 75.4 2.6 4
      vertex 49.7 2.6 4
      vertex 75.4 1 4
    endloop
  endfacet
  facet normal 0 0 1
    outer loop
      vertex 49.7 1 4
      vertex 75.4 1 4
      vertex 49.7 2.6 4
    endloop
  endfacet
  facet normal 0 0 1
    outer loop
      vertex 75.4 1 4
      vertex 49.7 1 4
      vertex 75.4 -1 4
    endloop
  endfacet
  facet normal 0 0 1
    outer loop
      vertex 75.4 -1 4
      vertex 49.7 -1 4
      vertex 75.4 -2.6 4
    endloop
  endfacet
  facet normal 0 0 1
    outer loop
      vertex 82.4 57.2 4
      vertex 49.7 39.7 4
      vertex 75.4 39.7 4
    endloop
  endfacet
  facet normal 0 0 1
    outer loop
      vertex 49.7 39.7 4
      vertex 82.4 57.2 4
      vertex 56.7 82.6 4
    endloop
  endfacet
  facet normal 0 0 1
    outer loop
      vertex 111.1 81.7 4
      vertex 56.7 82.6 4
      vertex 82.4 57.2 4
    endloop
  endfacet
  facet normal -0 0 1
    outer loop
      vertex 56.7 82.6 4
      vertex 111.1 81.7 4
      vertex 112.5 82.6 4
    endloop
  endfacet
  facet normal -0 0 1
    outer loop
      vertex 110.5 52.2 4
      vertex 112.1 8.5 4
      vertex 112.1 52.2 4
    endloop
  endfacet
  facet normal 0 0 1
    outer loop
      vertex 112.1 8.5 4
      vertex 110.5 52.2 4
      vertex 110.5 8.5 4
    endloop
  endfacet
  facet normal 0 0 1
    outer loop
      vertex 112.1 52.2 4
      vertex 112.5 61.7 4
      vertex 112.1 57.2 4
    endloop
  endfacet
  facet normal -0 0 1
    outer loop
      vertex 111.1 61.7 4
      vertex 112.1 57.2 4
      vertex 112.5 61.7 4
    endloop
  endfacet
  facet normal 0 0 1
    outer loop
      vertex 112.1 57.2 4
      vertex 111.1 61.7 4
      vertex 107.1 57.2 4
    endloop
  endfacet
  facet normal 0 0 1
    outer loop
      vertex 112.5 61.7 4
      vertex 112.1 52.2 4
      vertex 112.5 1.5 4
    endloop
  endfacet
  facet normal -0 0 1
    outer loop
      vertex 112.1 8.5 4
      vertex 112.5 1.5 4
      vertex 112.1 52.2 4
    endloop
  endfacet
  facet normal -0 0 1
    outer loop
      vertex 112.1 3.5 4
      vertex 112.5 1.5 4
      vertex 112.1 8.5 4
    endloop
  endfacet
  facet normal 0 0 1
    outer loop
      vertex 112.1 3.5 4
      vertex 109.1 1.5 4
      vertex 112.5 1.5 4
    endloop
  endfacet
  facet normal 0 0 1
    outer loop
      vertex 109.1 1.5 4
      vertex 107.1 3.5 4
      vertex 109.1 -0.1 4
    endloop
  endfacet
  facet normal -0 0 1
    outer loop
      vertex 107.1 3.5 4
      vertex 109.1 1.5 4
      vertex 112.1 3.5 4
    endloop
  endfacet
  facet normal -0 0 1
    outer loop
      vertex 109.1 -0.1 4
      vertex 110 -2.6 4
      vertex 110 -0.1 4
    endloop
  endfacet
  facet normal 0 0 1
    outer loop
      vertex 86.5 -2.6 4
      vertex 110 -2.6 4
      vertex 109.1 -0.1 4
    endloop
  endfacet
  facet normal 0 0 1
    outer loop
      vertex 110 -2.6 4
      vertex 86.5 -2.6 4
      vertex 110 -53.1 4
    endloop
  endfacet
  facet normal 0 0 1
    outer loop
      vertex 87.4 -0.1 4
      vertex 109.1 -0.1 4
      vertex 107.1 3.5 4
    endloop
  endfacet
  facet normal 0 0 1
    outer loop
      vertex 107.1 55.6 4
      vertex 87.4 55.6 4
      vertex 87 52.6 4
    endloop
  endfacet
  facet normal -0 0 1
    outer loop
      vertex 87 8.1 4
      vertex 107.1 5.1 4
      vertex 87 52.6 4
    endloop
  endfacet
  facet normal 0 -0 1
    outer loop
      vertex 87.4 5.1 4
      vertex 107.1 5.1 4
      vertex 87 8.1 4
    endloop
  endfacet
  facet normal 0 0 1
    outer loop
      vertex 87.4 1.5 4
      vertex 107.1 3.5 4
      vertex 87.4 3.5 4
    endloop
  endfacet
  facet normal 0 0 1
    outer loop
      vertex 87.4 -0.1 4
      vertex 107.1 3.5 4
      vertex 87.4 1.5 4
    endloop
  endfacet
  facet normal 0 0 1
    outer loop
      vertex 109.1 -0.1 4
      vertex 87.4 -0.1 4
      vertex 86.5 -2.6 4
    endloop
  endfacet
  facet normal 0 0 1
    outer loop
      vertex 86.5 -2.6 4
      vertex 87.4 -0.1 4
      vertex 86.5 -0.1 4
    endloop
  endfacet
  facet normal 0 0 1
    outer loop
      vertex 110 -53.1 4
      vertex 86.5 -2.6 4
      vertex 86.5 -53.1 4
    endloop
  endfacet
  facet normal 0 0 1
    outer loop
      vertex 110 -53.1 4
      vertex 86.5 -53.1 4
      vertex 110 -55.6 4
    endloop
  endfacet
  facet normal 0 0 1
    outer loop
      vertex 110 -55.6 4
      vertex 86.5 -53.1 4
      vertex 86.5 -55.6 4
    endloop
  endfacet
  facet normal -0 0 1
    outer loop
      vertex 110 -2.6 4
      vertex 112.5 -53.1 4
      vertex 112.5 -2.6 4
    endloop
  endfacet
  facet normal 0 0 1
    outer loop
      vertex 112.5 -53.1 4
      vertex 110 -2.6 4
      vertex 110 -53.1 4
    endloop
  endfacet
  facet normal -0 0 1
    outer loop
      vertex 82.4 -3.5 4
      vertex 84 -52.2 4
      vertex 84 -3.5 4
    endloop
  endfacet
  facet normal 0 0 1
    outer loop
      vertex 84 -52.2 4
      vertex 82.4 -3.5 4
      vertex 82.4 -52.2 4
    endloop
  endfacet
  facet normal 0 0 1
    outer loop
      vertex 82.4 3.5 4
      vertex 80.4 1 4
      vertex 82.4 1.5 4
    endloop
  endfacet
  facet normal 0 0 1
    outer loop
      vertex 82.4 1.5 4
      vertex 80.4 -1 4
      vertex 82.4 -3.5 4
    endloop
  endfacet
  facet normal 0 0 1
    outer loop
      vertex 80.4 -6 4
      vertex 82.4 -3.5 4
      vertex 80.4 -1 4
    endloop
  endfacet
  facet normal 0 0 1
    outer loop
      vertex 80.4 -34.7 4
      vertex 82.4 -3.5 4
      vertex 80.4 -6 4
    endloop
  endfacet
  facet normal 0 0 1
    outer loop
      vertex 82.4 -3.5 4
      vertex 80.4 -34.7 4
      vertex 82.4 -52.2 4
    endloop
  endfacet
  facet normal -0 0 1
    outer loop
      vertex 80.4 -39.7 4
      vertex 82.4 -52.2 4
      vertex 80.4 -34.7 4
    endloop
  endfacet
  facet normal -0 0 1
    outer loop
      vertex 75.4 -39.7 4
      vertex 82.4 -52.2 4
      vertex 80.4 -39.7 4
    endloop
  endfacet
  facet normal 0 0 1
    outer loop
      vertex 56.7 -55.6 4
      vertex 82.4 -52.2 4
      vertex 75.4 -39.7 4
    endloop
  endfacet
  facet normal 0 0 1
    outer loop
      vertex 82.4 -52.2 4
      vertex 56.7 -55.6 4
      vertex 82.4 -55.6 4
    endloop
  endfacet
  facet normal 0 0 1
    outer loop
      vertex 75.8 5.6 4
      vertex 49.7 2.6 4
      vertex 75.4 2.6 4
    endloop
  endfacet
  facet normal 0 0 0
    outer loop
      vertex 75.8 -38.1 4
      vertex 75.4 -38.1 4
      vertex 78.8 -38.1 4
    endloop
  endfacet
  facet normal 0 0 1
    outer loop
      vertex 75.8 -35.1 4
      vertex 75.4 -38.1 4
      vertex 75.8 -38.1 4
    endloop
  endfacet
  facet normal 0 0 1
    outer loop
      vertex 87.4 -57.2 4
      vertex 80.9692 -62.4401 4
      vertex 81.05 -62.95 4
    endloop
  endfacet
  facet normal 0 0 1
    outer loop
      vertex 82.4 -57.2 4
      vertex 80.7349 -61.9802 4
      vertex 80.9692 -62.4401 4
    endloop
  endfacet
  facet normal 0 0 1
    outer loop
      vertex 82.4 -57.2 4
      vertex 80.3698 -61.6151 4
      vertex 80.7349 -61.9802 4
    endloop
  endfacet
  facet normal 0 0 1
    outer loop
      vertex 82.4 -57.2 4
      vertex 79.9099 -61.3808 4
      vertex 80.3698 -61.6151 4
    endloop
  endfacet
  facet normal 0 0 1
    outer loop
      vertex 82.4 -57.2 4
      vertex 79.4 -61.3 4
      vertex 79.9099 -61.3808 4
    endloop
  endfacet
  facet normal 0 0 1
    outer loop
      vertex 82.4 -57.2 4
      vertex 78.8901 -61.3808 4
      vertex 79.4 -61.3 4
    endloop
  endfacet
  facet normal 0 0 1
    outer loop
      vertex 82.4 -57.2 4
      vertex 78.4302 -61.6151 4
      vertex 78.8901 -61.3808 4
    endloop
  endfacet
  facet normal -0 0 1
    outer loop
      vertex 56.7 -57.2 4
      vertex 78.4302 -61.6151 4
      vertex 82.4 -57.2 4
    endloop
  endfacet
  facet normal 0 0 1
    outer loop
      vertex 77.8308 -62.4401 4
      vertex 56.7 -57.2 4
      vertex 77.75 -62.95 4
    endloop
  endfacet
  facet normal 0 0 1
    outer loop
      vertex 78.0651 -61.9802 4
      vertex 56.7 -57.2 4
      vertex 77.8308 -62.4401 4
    endloop
  endfacet
  facet normal 0 0 1
    outer loop
      vertex 78.4302 -61.6151 4
      vertex 56.7 -57.2 4
      vertex 78.0651 -61.9802 4
    endloop
  endfacet
  facet normal 0 0 1
    outer loop
      vertex 113.35 94.45 4
      vertex 80.9692 90.4599 4
      vertex 81.05 89.95 4
    endloop
  endfacet
  facet normal 0 0 1
    outer loop
      vertex 113.35 94.45 4
      vertex 80.7349 90.9198 4
      vertex 80.9692 90.4599 4
    endloop
  endfacet
  facet normal 0 0 1
    outer loop
      vertex 113.35 94.45 4
      vertex 80.3698 91.2849 4
      vertex 80.7349 90.9198 4
    endloop
  endfacet
  facet normal 0 0 1
    outer loop
      vertex 113.35 94.45 4
      vertex 79.9099 91.5192 4
      vertex 80.3698 91.2849 4
    endloop
  endfacet
  facet normal 0 0 1
    outer loop
      vertex 113.35 94.45 4
      vertex 79.4 91.6 4
      vertex 79.9099 91.5192 4
    endloop
  endfacet
  facet normal 0 0 1
    outer loop
      vertex 77.8308 90.4599 4
      vertex 56.7 84.2 4
      vertex 77.75 89.95 4
    endloop
  endfacet
  facet normal 0 0 1
    outer loop
      vertex 78.0651 90.9198 4
      vertex 56.7 84.2 4
      vertex 77.8308 90.4599 4
    endloop
  endfacet
  facet normal 0 0 1
    outer loop
      vertex 78.4302 91.2849 4
      vertex 56.7 84.2 4
      vertex 78.0651 90.9198 4
    endloop
  endfacet
  facet normal 0 0 1
    outer loop
      vertex 78.8901 91.5192 4
      vertex 56.7 84.2 4
      vertex 78.4302 91.2849 4
    endloop
  endfacet
  facet normal -0 0 1
    outer loop
      vertex 24 82.9726 4
      vertex 56.7 82.6 4
      vertex 56.7 84.2 4
    endloop
  endfacet
  facet normal 0 0 1
    outer loop
      vertex 49.7 -2.6 4
      vertex 75.4 -2.6 4
      vertex 49.7 -1 4
    endloop
  endfacet
  facet normal 0 0 1
    outer loop
      vertex 75.4 39.7 4
      vertex 49.7 39.7 4
      vertex 49.7 38.1 4
    endloop
  endfacet
  facet normal 0 0 1
    outer loop
      vertex 56.7 82.6 4
      vertex 29.0692 54.4825 4
      vertex 49.7 39.7 4
    endloop
  endfacet
  facet normal -0 0 1
    outer loop
      vertex 29.0692 53.4628 4
      vertex 44.7 39.7 4
      vertex 29.15 53.9726 4
    endloop
  endfacet
  facet normal 0 0 1
    outer loop
      vertex 46.3 6 4
      vertex 40.45 21.25 4
      vertex 44.7 6 4
    endloop
  endfacet
  facet normal 0 0 1
    outer loop
      vertex 44.7 6 4
      vertex 40.45 21.25 4
      vertex 44.7 1 4
    endloop
  endfacet
  facet normal 0 0 1
    outer loop
      vertex 44.7 1 4
      vertex 40.45 21.25 4
      vertex 44.7 -1 4
    endloop
  endfacet
  facet normal 0 0 1
    outer loop
      vertex 40.45 -21.25 4
      vertex 44.7 -1 4
      vertex 40.45 21.25 4
    endloop
  endfacet
  facet normal -0 0 1
    outer loop
      vertex 42.45 -26 4
      vertex 46.3 -34.7 4
      vertex 42.45 -24.4 4
    endloop
  endfacet
  facet normal 0 0 1
    outer loop
      vertex 46.3 -34.7 4
      vertex 42.45 -26 4
      vertex 44.7 -34.7 4
    endloop
  endfacet
  facet normal 0 0 1
    outer loop
      vertex 44.7 -1 4
      vertex 40.45 -21.25 4
      vertex 44.7 -6 4
    endloop
  endfacet
  facet normal -0 0 1
    outer loop
      vertex 28.8349 53.0028 4
      vertex 44.7 39.7 4
      vertex 29.0692 53.4628 4
    endloop
  endfacet
  facet normal 0 0 1
    outer loop
      vertex 49.7 39.7 4
      vertex 29.0692 54.4825 4
      vertex 44.7 39.7 4
    endloop
  endfacet
  facet normal 0 0 1
    outer loop
      vertex 44.7 39.7 4
      vertex 29.0692 54.4825 4
      vertex 29.15 53.9726 4
    endloop
  endfacet
  facet normal 0 0 1
    outer loop
      vertex 56.7 82.6 4
      vertex 28.8349 54.9425 4
      vertex 29.0692 54.4825 4
    endloop
  endfacet
  facet normal 0 0 1
    outer loop
      vertex 56.7 82.6 4
      vertex 28.4698 55.3075 4
      vertex 28.8349 54.9425 4
    endloop
  endfacet
  facet normal 0 0 1
    outer loop
      vertex 24 78.9726 4
      vertex 56.7 82.6 4
      vertex 24 82.9726 4
    endloop
  endfacet
  facet normal 0 0 1
    outer loop
      vertex 56.7 82.6 4
      vertex 24 78.9726 4
      vertex 28.4698 55.3075 4
    endloop
  endfacet
  facet normal 0 0 1
    outer loop
      vertex 28.4698 55.3075 4
      vertex 24 78.9726 4
      vertex 28.0099 55.5419 4
    endloop
  endfacet
  facet normal 0 0 1
    outer loop
      vertex 28.0099 55.5419 4
      vertex 24 78.9726 4
      vertex 27.5 55.6226 4
    endloop
  endfacet
  facet normal -0 0 1
    outer loop
      vertex 17.6 78.9726 4
      vertex 26.5302 55.3075 4
      vertex 22.4 78.9726 4
    endloop
  endfacet
  facet normal 0 0 1
    outer loop
      vertex 26.9901 55.5419 4
      vertex 22.4 78.9726 4
      vertex 26.5302 55.3075 4
    endloop
  endfacet
  facet normal -0 0 1
    outer loop
      vertex 22.4 78.9726 4
      vertex 26.9901 55.5419 4
      vertex 24 78.9726 4
    endloop
  endfacet
  facet normal 0 0 1
    outer loop
      vertex 27.5 55.6226 4
      vertex 24 78.9726 4
      vertex 26.9901 55.5419 4
    endloop
  endfacet
  facet normal 0 0 1
    outer loop
      vertex 78.8901 91.5192 4
      vertex 24 82.9726 4
      vertex 56.7 84.2 4
    endloop
  endfacet
  facet normal 0 0 1
    outer loop
      vertex -68.95 94.45 4
      vertex 78.8901 91.5192 4
      vertex 79.4 91.6 4
    endloop
  endfacet
  facet normal 0 0 1
    outer loop
      vertex 78.8901 91.5192 4
      vertex 22.4 82.9726 4
      vertex 24 82.9726 4
    endloop
  endfacet
  facet normal -0 0 1
    outer loop
      vertex 17.6 82.9726 4
      vertex 22.4 78.9726 4
      vertex 22.4 82.9726 4
    endloop
  endfacet
  facet normal 0 0 1
    outer loop
      vertex 25.9308 54.4825 4
      vertex 10.4494 50.0018 4
      vertex 25.85 53.9726 4
    endloop
  endfacet
  facet normal 0 0 1
    outer loop
      vertex 26.1651 54.9425 4
      vertex 10.4494 50.0018 4
      vertex 25.9308 54.4825 4
    endloop
  endfacet
  facet normal 0 0 1
    outer loop
      vertex 78.8901 91.5192 4
      vertex 17.6 82.9726 4
      vertex 22.4 82.9726 4
    endloop
  endfacet
  facet normal 0 0 1
    outer loop
      vertex 78.8901 91.5192 4
      vertex 16 82.9726 4
      vertex 17.6 82.9726 4
    endloop
  endfacet
  facet normal 0 0 1
    outer loop
      vertex -2.04845 59.2709 4
      vertex 16 78.9726 4
      vertex 16 82.9726 4
    endloop
  endfacet
  facet normal 0 0 1
    outer loop
      vertex 21.95 21.25 4
      vertex 13 0 4
      vertex 21.95 -21.25 4
    endloop
  endfacet
  facet normal 0 -0 1
    outer loop
      vertex 13 0 4
      vertex 21.95 21.25 4
      vertex 12.9374 1.27422 4
    endloop
  endfacet
  facet normal 0 0 1
    outer loop
      vertex 10.4494 41.9435 4
      vertex 26.9901 52.4034 4
      vertex 10.5 42.9726 4
    endloop
  endfacet
  facet normal 0 0 1
    outer loop
      vertex 26.9901 52.4034 4
      vertex 10.2982 40.9242 4
      vertex 21.95 21.25 4
    endloop
  endfacet
  facet normal 0 -0 1
    outer loop
      vertex 12.9374 1.27422 4
      vertex 21.95 21.25 4
      vertex 12.7502 2.53617 4
    endloop
  endfacet
  facet normal 0 0 1
    outer loop
      vertex 21.95 21.25 4
      vertex 12.4402 3.7737 4
      vertex 12.7502 2.53617 4
    endloop
  endfacet
  facet normal -0 0 1
    outer loop
      vertex 10.0479 39.9246 4
      vertex 21.95 21.25 4
      vertex 10.2982 40.9242 4
    endloop
  endfacet
  facet normal 0 0 1
    outer loop
      vertex 26.5302 52.6378 4
      vertex 10.5 42.9726 4
      vertex 26.9901 52.4034 4
    endloop
  endfacet
  facet normal 0 0 1
    outer loop
      vertex 17.6 78.9726 4
      vertex 10.2982 51.0211 4
      vertex 10.4494 50.0018 4
    endloop
  endfacet
  facet normal 0 0 1
    outer loop
      vertex 17.6 78.9726 4
      vertex 10.0479 52.0206 4
      vertex 10.2982 51.0211 4
    endloop
  endfacet
  facet normal 0 0 1
    outer loop
      vertex 17.6 78.9726 4
      vertex 9.70073 52.9908 4
      vertex 10.0479 52.0206 4
    endloop
  endfacet
  facet normal 0 0 1
    outer loop
      vertex 17.6 78.9726 4
      vertex 9.26017 53.9223 4
      vertex 9.70073 52.9908 4
    endloop
  endfacet
  facet normal 0 0 1
    outer loop
      vertex 17.6 78.9726 4
      vertex 8.73043 54.8061 4
      vertex 9.26017 53.9223 4
    endloop
  endfacet
  facet normal 0 0 1
    outer loop
      vertex 17.6 78.9726 4
      vertex 8.11661 55.6338 4
      vertex 8.73043 54.8061 4
    endloop
  endfacet
  facet normal 0 0 1
    outer loop
      vertex 17.6 78.9726 4
      vertex 7.42462 56.3973 4
      vertex 8.11661 55.6338 4
    endloop
  endfacet
  facet normal 0 0 1
    outer loop
      vertex 16 78.9726 4
      vertex 6.66113 57.0892 4
      vertex 7.42462 56.3973 4
    endloop
  endfacet
  facet normal 0 0 1
    outer loop
      vertex 16 78.9726 4
      vertex 5.83349 57.7031 4
      vertex 6.66113 57.0892 4
    endloop
  endfacet
  facet normal 0 0 1
    outer loop
      vertex 16 78.9726 4
      vertex 4.94967 58.2328 4
      vertex 5.83349 57.7031 4
    endloop
  endfacet
  facet normal 0 0 1
    outer loop
      vertex 16 78.9726 4
      vertex 4.01818 58.6734 4
      vertex 4.94967 58.2328 4
    endloop
  endfacet
  facet normal 0 0 1
    outer loop
      vertex 16 78.9726 4
      vertex 3.04799 59.0205 4
      vertex 4.01818 58.6734 4
    endloop
  endfacet
  facet normal 0 0 1
    outer loop
      vertex 16 78.9726 4
      vertex 2.04845 59.2709 4
      vertex 3.04799 59.0205 4
    endloop
  endfacet
  facet normal 0 0 1
    outer loop
      vertex 16 78.9726 4
      vertex 1.02918 59.4221 4
      vertex 2.04845 59.2709 4
    endloop
  endfacet
  facet normal 0 0 1
    outer loop
      vertex 16 78.9726 4
      vertex 0 59.4726 4
      vertex 1.02918 59.4221 4
    endloop
  endfacet
  facet normal 0 0 1
    outer loop
      vertex 16 78.9726 4
      vertex -1.02918 59.4221 4
      vertex 0 59.4726 4
    endloop
  endfacet
  facet normal 0 0 1
    outer loop
      vertex 16 78.9726 4
      vertex -2.04845 59.2709 4
      vertex -1.02918 59.4221 4
    endloop
  endfacet
  facet normal 0 0 1
    outer loop
      vertex 16 82.9726 4
      vertex -3.04799 59.0205 4
      vertex -2.04845 59.2709 4
    endloop
  endfacet
  facet normal 0 0 1
    outer loop
      vertex 16 82.9726 4
      vertex -4.01818 58.6734 4
      vertex -3.04799 59.0205 4
    endloop
  endfacet
  facet normal 0 0 1
    outer loop
      vertex 16 82.9726 4
      vertex -4.94967 58.2328 4
      vertex -4.01818 58.6734 4
    endloop
  endfacet
  facet normal 0 0 1
    outer loop
      vertex -26.9901 55.5419 4
      vertex -4.94967 58.2328 4
      vertex 16 82.9726 4
    endloop
  endfacet
  facet normal 0 0 1
    outer loop
      vertex -4.94967 58.2328 4
      vertex -26.9901 55.5419 4
      vertex -5.83349 57.7031 4
    endloop
  endfacet
  facet normal 0 0 1
    outer loop
      vertex -5.83349 57.7031 4
      vertex -26.9901 55.5419 4
      vertex -6.66113 57.0892 4
    endloop
  endfacet
  facet normal 0 -0 1
    outer loop
      vertex -26.5302 55.3075 4
      vertex -6.66113 57.0892 4
      vertex -26.9901 55.5419 4
    endloop
  endfacet
  facet normal 0 0 1
    outer loop
      vertex -10.4494 50.0018 4
      vertex -25.9308 53.4628 4
      vertex -10.5 48.9726 4
    endloop
  endfacet
  facet normal 0 0 1
    outer loop
      vertex -10.0491 8.24711 4
      vertex -21.95 21.25 4
      vertex -10.8091 7.22241 4
    endloop
  endfacet
  facet normal 0 0 1
    outer loop
      vertex -10.8091 7.22241 4
      vertex -21.95 21.25 4
      vertex -11.465 6.12816 4
    endloop
  endfacet
  facet normal 0 0 1
    outer loop
      vertex -11.465 6.12816 4
      vertex -21.95 21.25 4
      vertex -12.0104 4.97488 4
    endloop
  endfacet
  facet normal 0 0 1
    outer loop
      vertex -12.0104 4.97488 4
      vertex -21.95 21.25 4
      vertex -12.4402 3.7737 4
    endloop
  endfacet
  facet normal 0 0 1
    outer loop
      vertex -12.4402 3.7737 4
      vertex -21.95 21.25 4
      vertex -12.7502 2.53617 4
    endloop
  endfacet
  facet normal 0 0 1
    outer loop
      vertex -10.2982 51.0211 4
      vertex -25.9308 53.4628 4
      vertex -10.4494 50.0018 4
    endloop
  endfacet
  facet normal 0 0 1
    outer loop
      vertex -12.9374 1.27422 4
      vertex -21.95 21.25 4
      vertex -13 0 4
    endloop
  endfacet
  facet normal 0 0 1
    outer loop
      vertex -12.7502 2.53617 4
      vertex -21.95 21.25 4
      vertex -12.9374 1.27422 4
    endloop
  endfacet
  facet normal -0 0 1
    outer loop
      vertex -25.9308 53.4628 4
      vertex -10.2982 51.0211 4
      vertex -25.85 53.9726 4
    endloop
  endfacet
  facet normal 0 0 1
    outer loop
      vertex -25.85 53.9726 4
      vertex -10.2982 51.0211 4
      vertex -10.0479 52.0206 4
    endloop
  endfacet
  facet normal 0 0 1
    outer loop
      vertex -25.85 53.9726 4
      vertex -10.0479 52.0206 4
      vertex -9.70073 52.9908 4
    endloop
  endfacet
  facet normal -0 0 1
    outer loop
      vertex -26.1651 53.0028 4
      vertex -10.5 48.9726 4
      vertex -25.9308 53.4628 4
    endloop
  endfacet
  facet normal 0 0 1
    outer loop
      vertex -25.9308 54.4825 4
      vertex -9.70073 52.9908 4
      vertex -9.26017 53.9223 4
    endloop
  endfacet
  facet normal 0 0 1
    outer loop
      vertex -26.1651 54.9425 4
      vertex -9.26017 53.9223 4
      vertex -8.73043 54.8061 4
    endloop
  endfacet
  facet normal -0 0 1
    outer loop
      vertex -26.1651 54.9425 4
      vertex -8.73043 54.8061 4
      vertex -8.11661 55.6338 4
    endloop
  endfacet
  facet normal 0 0 1
    outer loop
      vertex -6.66113 57.0892 4
      vertex -26.5302 55.3075 4
      vertex -7.42462 56.3973 4
    endloop
  endfacet
  facet normal 0 0 1
    outer loop
      vertex -9.70073 52.9908 4
      vertex -25.9308 54.4825 4
      vertex -25.85 53.9726 4
    endloop
  endfacet
  facet normal 0 0 1
    outer loop
      vertex -9.26017 53.9223 4
      vertex -26.1651 54.9425 4
      vertex -25.9308 54.4825 4
    endloop
  endfacet
  facet normal 0 0 1
    outer loop
      vertex -8.11661 55.6338 4
      vertex -26.5302 55.3075 4
      vertex -26.1651 54.9425 4
    endloop
  endfacet
  facet normal 0 0 1
    outer loop
      vertex -7.42462 56.3973 4
      vertex -26.5302 55.3075 4
      vertex -8.11661 55.6338 4
    endloop
  endfacet
  facet normal 0 0 1
    outer loop
      vertex 16 82.9726 4
      vertex -27.5 55.6226 4
      vertex -26.9901 55.5419 4
    endloop
  endfacet
  facet normal 0 0 1
    outer loop
      vertex -68.95 94.45 4
      vertex -27.5 55.6226 4
      vertex 16 82.9726 4
    endloop
  endfacet
  facet normal 0 0 1
    outer loop
      vertex -27.5 55.6226 4
      vertex -68.95 94.45 4
      vertex -28.0099 55.5419 4
    endloop
  endfacet
  facet normal 0 0 1
    outer loop
      vertex -53.1177 53.4702 4
      vertex -29.15 53.9726 4
      vertex -29.0692 54.4825 4
    endloop
  endfacet
  facet normal 0 0 1
    outer loop
      vertex -42.45 -24.4 4
      vertex -40.45 21.25 4
      vertex -42.45 39.9493 4
    endloop
  endfacet
  facet normal 0 0 1
    outer loop
      vertex -21.95 21.25 4
      vertex -42.45 39.9493 4
      vertex -40.45 21.25 4
    endloop
  endfacet
  facet normal 0 0 1
    outer loop
      vertex -53.6472 55.2159 4
      vertex -29.0692 54.4825 4
      vertex -28.8349 54.9425 4
    endloop
  endfacet
  facet normal 0 0 1
    outer loop
      vertex -29.15 53.9726 4
      vertex -52.9389 51.6548 4
      vertex -42.45 39.9493 4
    endloop
  endfacet
  facet normal 0 0 1
    outer loop
      vertex -54.5072 56.8247 4
      vertex -28.8349 54.9425 4
      vertex -28.4698 55.3075 4
    endloop
  endfacet
  facet normal -0 -0 1
    outer loop
      vertex -57.0746 59.3921 4
      vertex -28.0099 55.5419 4
      vertex -68.95 94.45 4
    endloop
  endfacet
  facet normal 0 0 1
    outer loop
      vertex -29.15 53.9726 4
      vertex -52.9837 52.5669 4
      vertex -52.9389 51.6548 4
    endloop
  endfacet
  facet normal 0 0 1
    outer loop
      vertex -29.15 53.9726 4
      vertex -53.1177 53.4702 4
      vertex -52.9837 52.5669 4
    endloop
  endfacet
  facet normal 0 0 1
    outer loop
      vertex -29.0692 54.4825 4
      vertex -53.3396 54.3561 4
      vertex -53.1177 53.4702 4
    endloop
  endfacet
  facet normal 0 0 1
    outer loop
      vertex -29.0692 54.4825 4
      vertex -53.6472 55.2159 4
      vertex -53.3396 54.3561 4
    endloop
  endfacet
  facet normal 0 0 1
    outer loop
      vertex -28.8349 54.9425 4
      vertex -54.0377 56.0414 4
      vertex -53.6472 55.2159 4
    endloop
  endfacet
  facet normal 0 0 1
    outer loop
      vertex -28.8349 54.9425 4
      vertex -54.5072 56.8247 4
      vertex -54.0377 56.0414 4
    endloop
  endfacet
  facet normal 0 0 1
    outer loop
      vertex -28.4698 55.3075 4
      vertex -55.0512 57.5582 4
      vertex -54.5072 56.8247 4
    endloop
  endfacet
  facet normal 0 0 1
    outer loop
      vertex -28.4698 55.3075 4
      vertex -55.6644 58.2348 4
      vertex -55.0512 57.5582 4
    endloop
  endfacet
  facet normal -0 -0 1
    outer loop
      vertex -56.3411 58.8481 4
      vertex -28.0099 55.5419 4
      vertex -57.0746 59.3921 4
    endloop
  endfacet
  facet normal 0 0 1
    outer loop
      vertex -28.4698 55.3075 4
      vertex -56.3411 58.8481 4
      vertex -55.6644 58.2348 4
    endloop
  endfacet
  facet normal 0 0 1
    outer loop
      vertex -28.0099 55.5419 4
      vertex -56.3411 58.8481 4
      vertex -28.4698 55.3075 4
    endloop
  endfacet
  facet normal 0 0 1
    outer loop
      vertex -57.0746 59.3921 4
      vertex -68.95 94.45 4
      vertex -57.8578 59.8616 4
    endloop
  endfacet
  facet normal 0 0 1
    outer loop
      vertex -57.8578 59.8616 4
      vertex -68.95 94.45 4
      vertex -58.6834 60.252 4
    endloop
  endfacet
  facet normal 0 0 1
    outer loop
      vertex -58.6834 60.252 4
      vertex -68.95 94.45 4
      vertex -59.5432 60.5597 4
    endloop
  endfacet
  facet normal 0 0 1
    outer loop
      vertex -59.5432 60.5597 4
      vertex -68.95 94.45 4
      vertex -60.429 60.7816 4
    endloop
  endfacet
  facet normal -0 0 1
    outer loop
      vertex -72.95 90.45 4
      vertex -60.429 60.7816 4
      vertex -68.95 94.45 4
    endloop
  endfacet
  facet normal 0 0 1
    outer loop
      vertex -60.429 60.7816 4
      vertex -72.95 90.45 4
      vertex -61.3323 60.9156 4
    endloop
  endfacet
  facet normal 0 0 1
    outer loop
      vertex -61.3323 60.9156 4
      vertex -72.95 90.45 4
      vertex -62.2444 60.9604 4
    endloop
  endfacet
  facet normal 0 0 1
    outer loop
      vertex -72.95 90.45 4
      vertex -68.95 94.45 4
      vertex -71.7784 93.2784 4
    endloop
  endfacet
  facet normal -0 0 1
    outer loop
      vertex -68.95 94.45 4
      vertex 79.4 91.6 4
      vertex 113.35 94.45 4
    endloop
  endfacet
  facet normal 0 0 1
    outer loop
      vertex 78.8901 91.5192 4
      vertex -68.95 94.45 4
      vertex 16 82.9726 4
    endloop
  endfacet
  facet normal 0 0 1
    outer loop
      vertex -62.2444 60.9604 4
      vertex -72.95 90.45 4
      vertex -63.1565 60.9156 4
    endloop
  endfacet
  facet normal 0 0 1
    outer loop
      vertex -63.1565 60.9156 4
      vertex -72.95 90.45 4
      vertex -64.0599 60.7816 4
    endloop
  endfacet
  facet normal 0 0 1
    outer loop
      vertex -64.0599 60.7816 4
      vertex -72.95 90.45 4
      vertex -64.9457 60.5597 4
    endloop
  endfacet
  facet normal 0 0 1
    outer loop
      vertex -64.9457 60.5597 4
      vertex -72.95 90.45 4
      vertex -65.8055 60.252 4
    endloop
  endfacet
  facet normal 0 0 1
    outer loop
      vertex -65.8055 60.252 4
      vertex -72.95 90.45 4
      vertex -66.6311 59.8616 4
    endloop
  endfacet
  facet normal 0 0 1
    outer loop
      vertex -66.6311 59.8616 4
      vertex -72.95 90.45 4
      vertex -67.4143 59.3921 4
    endloop
  endfacet
  facet normal 0 0 1
    outer loop
      vertex -71.7784 93.2784 4
      vertex -68.95 94.45 4
      vertex -69.3421 94.4307 4
    endloop
  endfacet
  facet normal 0 0 1
    outer loop
      vertex -67.4143 59.3921 4
      vertex -72.95 90.45 4
      vertex -68.1478 58.8481 4
    endloop
  endfacet
  facet normal 0 0 1
    outer loop
      vertex -71.7784 93.2784 4
      vertex -69.3421 94.4307 4
      vertex -69.7304 94.3731 4
    endloop
  endfacet
  facet normal 0 0 1
    outer loop
      vertex -68.1478 58.8481 4
      vertex -72.95 90.45 4
      vertex -68.8245 58.2348 4
    endloop
  endfacet
  facet normal 0 0 1
    outer loop
      vertex -71.7784 93.2784 4
      vertex -69.7304 94.3731 4
      vertex -70.1111 94.2778 4
    endloop
  endfacet
  facet normal 0 0 1
    outer loop
      vertex -68.8245 58.2348 4
      vertex -72.95 90.45 4
      vertex -69.4377 57.5582 4
    endloop
  endfacet
  facet normal 0 0 1
    outer loop
      vertex -71.7784 93.2784 4
      vertex -70.1111 94.2778 4
      vertex -70.4807 94.1455 4
    endloop
  endfacet
  facet normal 0 0 1
    outer loop
      vertex -71.7784 93.2784 4
      vertex -70.4807 94.1455 4
      vertex -70.8356 93.9777 4
    endloop
  endfacet
  facet normal 0 0 1
    outer loop
      vertex -69.4377 57.5582 4
      vertex -72.95 90.45 4
      vertex -69.9817 56.8247 4
    endloop
  endfacet
  facet normal 0 0 1
    outer loop
      vertex -69.9817 56.8247 4
      vertex -72.95 90.45 4
      vertex -70.4512 56.0414 4
    endloop
  endfacet
  facet normal 0 0 1
    outer loop
      vertex -71.7784 93.2784 4
      vertex -70.8356 93.9777 4
      vertex -71.1723 93.7759 4
    endloop
  endfacet
  facet normal 0 0 1
    outer loop
      vertex -70.4512 56.0414 4
      vertex -72.95 90.45 4
      vertex -70.8417 55.2159 4
    endloop
  endfacet
  facet normal 0 0 1
    outer loop
      vertex -71.7784 93.2784 4
      vertex -71.1723 93.7759 4
      vertex -71.4876 93.542 4
    endloop
  endfacet
  facet normal 0 0 1
    outer loop
      vertex -70.8417 55.2159 4
      vertex -72.95 90.45 4
      vertex -71.1493 54.3561 4
    endloop
  endfacet
  facet normal 0 0 1
    outer loop
      vertex -71.1493 54.3561 4
      vertex -72.95 90.45 4
      vertex -71.3712 53.4702 4
    endloop
  endfacet
  facet normal 0 0 1
    outer loop
      vertex -71.3712 53.4702 4
      vertex -72.95 90.45 4
      vertex -71.5052 52.5669 4
    endloop
  endfacet
  facet normal 0 0 1
    outer loop
      vertex 113.35 94.45 4
      vertex 117.35 90.45 4
      vertex 117.331 90.8421 4
    endloop
  endfacet
  facet normal 0 0 1
    outer loop
      vertex 117.35 90.45 4
      vertex 114.1 84.2 4
      vertex 117.35 -63.45 4
    endloop
  endfacet
  facet normal 0 0 1
    outer loop
      vertex 113.35 94.45 4
      vertex 117.331 90.8421 4
      vertex 117.273 91.2304 4
    endloop
  endfacet
  facet normal -0 0 1
    outer loop
      vertex 114.1 -57.2 4
      vertex 117.35 -63.45 4
      vertex 114.1 84.2 4
    endloop
  endfacet
  facet normal 0 0 1
    outer loop
      vertex 113.35 94.45 4
      vertex 117.273 91.2304 4
      vertex 117.178 91.6111 4
    endloop
  endfacet
  facet normal 0 0 1
    outer loop
      vertex 113.35 -67.45 4
      vertex 117.35 -63.45 4
      vertex 114.1 -57.2 4
    endloop
  endfacet
  facet normal 0 0 1
    outer loop
      vertex 113.35 94.45 4
      vertex 117.178 91.6111 4
      vertex 117.046 91.9807 4
    endloop
  endfacet
  facet normal 0 0 1
    outer loop
      vertex 117.35 -63.45 4
      vertex 113.35 -67.45 4
      vertex 117.331 -63.8421 4
    endloop
  endfacet
  facet normal 0 0 1
    outer loop
      vertex 113.35 94.45 4
      vertex 117.046 91.9807 4
      vertex 116.878 92.3356 4
    endloop
  endfacet
  facet normal 0 0 1
    outer loop
      vertex 117.331 -63.8421 4
      vertex 113.35 -67.45 4
      vertex 117.273 -64.2304 4
    endloop
  endfacet
  facet normal 0 0 1
    outer loop
      vertex 113.35 94.45 4
      vertex 116.878 92.3356 4
      vertex 116.676 92.6723 4
    endloop
  endfacet
  facet normal 0 0 1
    outer loop
      vertex 117.273 -64.2304 4
      vertex 113.35 -67.45 4
      vertex 117.178 -64.6111 4
    endloop
  endfacet
  facet normal 0 0 1
    outer loop
      vertex 113.35 94.45 4
      vertex 116.676 92.6723 4
      vertex 116.442 92.9876 4
    endloop
  endfacet
  facet normal 0 0 1
    outer loop
      vertex 117.178 -64.6111 4
      vertex 113.35 -67.45 4
      vertex 117.046 -64.9807 4
    endloop
  endfacet
  facet normal 0 0 1
    outer loop
      vertex 113.35 94.45 4
      vertex 116.442 92.9876 4
      vertex 116.178 93.2784 4
    endloop
  endfacet
  facet normal 0 0 1
    outer loop
      vertex 117.046 -64.9807 4
      vertex 113.35 -67.45 4
      vertex 116.878 -65.3356 4
    endloop
  endfacet
  facet normal 0 0 1
    outer loop
      vertex 113.35 94.45 4
      vertex 116.178 93.2784 4
      vertex 115.888 93.542 4
    endloop
  endfacet
  facet normal 0 0 1
    outer loop
      vertex 116.878 -65.3356 4
      vertex 113.35 -67.45 4
      vertex 116.676 -65.6723 4
    endloop
  endfacet
  facet normal 0 0 1
    outer loop
      vertex 113.35 94.45 4
      vertex 115.888 93.542 4
      vertex 115.572 93.7759 4
    endloop
  endfacet
  facet normal 0 0 1
    outer loop
      vertex 116.676 -65.6723 4
      vertex 113.35 -67.45 4
      vertex 116.442 -65.9876 4
    endloop
  endfacet
  facet normal 0 0 1
    outer loop
      vertex 113.35 94.45 4
      vertex 115.572 93.7759 4
      vertex 115.236 93.9777 4
    endloop
  endfacet
  facet normal 0 0 1
    outer loop
      vertex 116.442 -65.9876 4
      vertex 113.35 -67.45 4
      vertex 116.178 -66.2784 4
    endloop
  endfacet
  facet normal 0 0 1
    outer loop
      vertex 113.35 94.45 4
      vertex 115.236 93.9777 4
      vertex 114.881 94.1455 4
    endloop
  endfacet
  facet normal 0 0 1
    outer loop
      vertex 116.178 -66.2784 4
      vertex 113.35 -67.45 4
      vertex 115.888 -66.542 4
    endloop
  endfacet
  facet normal 0 0 1
    outer loop
      vertex 113.35 94.45 4
      vertex 114.881 94.1455 4
      vertex 114.511 94.2778 4
    endloop
  endfacet
  facet normal 0 0 1
    outer loop
      vertex 115.888 -66.542 4
      vertex 113.35 -67.45 4
      vertex 115.572 -66.7759 4
    endloop
  endfacet
  facet normal 0 0 1
    outer loop
      vertex 113.35 94.45 4
      vertex 114.511 94.2778 4
      vertex 114.13 94.3731 4
    endloop
  endfacet
  facet normal 0 0 1
    outer loop
      vertex 115.572 -66.7759 4
      vertex 113.35 -67.45 4
      vertex 115.236 -66.9777 4
    endloop
  endfacet
  facet normal 0 0 1
    outer loop
      vertex 115.236 -66.9777 4
      vertex 113.35 -67.45 4
      vertex 114.881 -67.1455 4
    endloop
  endfacet
  facet normal 0 0 1
    outer loop
      vertex 113.35 94.45 4
      vertex 114.13 94.3731 4
      vertex 113.742 94.4307 4
    endloop
  endfacet
  facet normal 0 0 1
    outer loop
      vertex 117.35 90.45 4
      vertex 113.35 94.45 4
      vertex 114.1 84.2 4
    endloop
  endfacet
  facet normal -0 0 1
    outer loop
      vertex 81.05 89.95 4
      vertex 114.1 84.2 4
      vertex 113.35 94.45 4
    endloop
  endfacet
  facet normal -0 0 1
    outer loop
      vertex 80.9692 89.4401 4
      vertex 114.1 84.2 4
      vertex 81.05 89.95 4
    endloop
  endfacet
  facet normal -0 0 1
    outer loop
      vertex 80.7349 88.9802 4
      vertex 114.1 84.2 4
      vertex 80.9692 89.4401 4
    endloop
  endfacet
  facet normal -0 0 1
    outer loop
      vertex 80.3698 88.6151 4
      vertex 114.1 84.2 4
      vertex 80.7349 88.9802 4
    endloop
  endfacet
  facet normal -0 0 1
    outer loop
      vertex 79.9099 88.3808 4
      vertex 114.1 84.2 4
      vertex 80.3698 88.6151 4
    endloop
  endfacet
  facet normal -0 0 1
    outer loop
      vertex 79.4 88.3 4
      vertex 114.1 84.2 4
      vertex 79.9099 88.3808 4
    endloop
  endfacet
  facet normal 0 0 1
    outer loop
      vertex 79.4 88.3 4
      vertex 56.7 84.2 4
      vertex 114.1 84.2 4
    endloop
  endfacet
  facet normal 0 0 1
    outer loop
      vertex 78.8901 88.3808 4
      vertex 56.7 84.2 4
      vertex 79.4 88.3 4
    endloop
  endfacet
  facet normal 0 0 1
    outer loop
      vertex 78.4302 88.6151 4
      vertex 56.7 84.2 4
      vertex 78.8901 88.3808 4
    endloop
  endfacet
  facet normal 0 0 1
    outer loop
      vertex 78.0651 88.9802 4
      vertex 56.7 84.2 4
      vertex 78.4302 88.6151 4
    endloop
  endfacet
  facet normal 0 0 1
    outer loop
      vertex 77.8308 89.4401 4
      vertex 56.7 84.2 4
      vertex 78.0651 88.9802 4
    endloop
  endfacet
  facet normal 0 0 1
    outer loop
      vertex 56.7 84.2 4
      vertex 77.8308 89.4401 4
      vertex 77.75 89.95 4
    endloop
  endfacet
  facet normal 0 0 1
    outer loop
      vertex 114.881 -67.1455 4
      vertex 113.35 -67.45 4
      vertex 114.511 -67.2778 4
    endloop
  endfacet
  facet normal 0 0 1
    outer loop
      vertex 114.511 -67.2778 4
      vertex 113.35 -67.45 4
      vertex 114.13 -67.3731 4
    endloop
  endfacet
  facet normal 0 0 1
    outer loop
      vertex 114.13 -67.3731 4
      vertex 113.35 -67.45 4
      vertex 113.742 -67.4307 4
    endloop
  endfacet
  facet normal -0 0 1
    outer loop
      vertex 109.1 -57.2 4
      vertex 113.35 -67.45 4
      vertex 114.1 -57.2 4
    endloop
  endfacet
  facet normal -0 0 1
    outer loop
      vertex 87.4 -57.2 4
      vertex 113.35 -67.45 4
      vertex 109.1 -57.2 4
    endloop
  endfacet
  facet normal 0 0 1
    outer loop
      vertex 80.9692 -62.4401 4
      vertex 87.4 -57.2 4
      vertex 82.4 -57.2 4
    endloop
  endfacet
  facet normal 0 0 1
    outer loop
      vertex 80.9692 -63.4599 4
      vertex 87.4 -57.2 4
      vertex 81.05 -62.95 4
    endloop
  endfacet
  facet normal 0 0 1
    outer loop
      vertex 80.7349 -63.9198 4
      vertex 87.4 -57.2 4
      vertex 80.9692 -63.4599 4
    endloop
  endfacet
  facet normal 0 0 1
    outer loop
      vertex 87.4 -57.2 4
      vertex 80.7349 -63.9198 4
      vertex 113.35 -67.45 4
    endloop
  endfacet
  facet normal -0 0 1
    outer loop
      vertex 80.3698 -64.2849 4
      vertex 113.35 -67.45 4
      vertex 80.7349 -63.9198 4
    endloop
  endfacet
  facet normal -0 0 1
    outer loop
      vertex 79.9099 -64.5192 4
      vertex 113.35 -67.45 4
      vertex 80.3698 -64.2849 4
    endloop
  endfacet
  facet normal -0 0 1
    outer loop
      vertex 79.4 -64.6 4
      vertex 113.35 -67.45 4
      vertex 79.9099 -64.5192 4
    endloop
  endfacet
  facet normal 0 0 1
    outer loop
      vertex 56.7 -57.2 4
      vertex 77.8308 -63.4599 4
      vertex 77.75 -62.95 4
    endloop
  endfacet
  facet normal 0 0 1
    outer loop
      vertex 56.7 -57.2 4
      vertex 78.0651 -63.9198 4
      vertex 77.8308 -63.4599 4
    endloop
  endfacet
  facet normal 0 0 1
    outer loop
      vertex 56.7 -57.2 4
      vertex 78.4302 -64.2849 4
      vertex 78.0651 -63.9198 4
    endloop
  endfacet
  facet normal 0 0 1
    outer loop
      vertex 56.7 -57.2 4
      vertex 78.8901 -64.5192 4
      vertex 78.4302 -64.2849 4
    endloop
  endfacet
  facet normal 0 0 1
    outer loop
      vertex 49.7 -1 4
      vertex 75.4 -1 4
      vertex 49.7 1 4
    endloop
  endfacet
  facet normal 0 0 1
    outer loop
      vertex 49.7 -38.1 4
      vertex 75.8 -35.1 4
      vertex 49.7 -2.6 4
    endloop
  endfacet
  facet normal 0 0 1
    outer loop
      vertex 75.8 -35.1 4
      vertex 49.7 -38.1 4
      vertex 75.4 -38.1 4
    endloop
  endfacet
  facet normal 0 0 1
    outer loop
      vertex 75.4 -38.1 4
      vertex 49.7 -38.1 4
      vertex 75.4 -39.7 4
    endloop
  endfacet
  facet normal 0 0 1
    outer loop
      vertex 49.7 -39.7 4
      vertex 75.4 -39.7 4
      vertex 49.7 -38.1 4
    endloop
  endfacet
  facet normal 0 0 1
    outer loop
      vertex 75.4 -39.7 4
      vertex 49.7 -39.7 4
      vertex 56.7 -55.6 4
    endloop
  endfacet
  facet normal -0 0 1
    outer loop
      vertex 44.7 -39.7 4
      vertex 56.7 -55.6 4
      vertex 49.7 -39.7 4
    endloop
  endfacet
  facet normal 0 0 1
    outer loop
      vertex 56.7 -55.6 4
      vertex 44.7 -39.7 4
      vertex 56.7 -57.2 4
    endloop
  endfacet
  facet normal -0 0 1
    outer loop
      vertex 42.45 -34 4
      vertex 44.7 -34.7 4
      vertex 42.45 -26 4
    endloop
  endfacet
  facet normal 0 0 1
    outer loop
      vertex 42.45 -35.6 4
      vertex 44.7 -34.7 4
      vertex 42.45 -34 4
    endloop
  endfacet
  facet normal 0 0 1
    outer loop
      vertex 44.7 -34.7 4
      vertex 42.45 -35.6 4
      vertex 44.7 -39.7 4
    endloop
  endfacet
  facet normal 0 0 1
    outer loop
      vertex -42.45 -64.5507 4
      vertex 42.45 -35.6 4
      vertex -42.45 -35.6 4
    endloop
  endfacet
  facet normal 0 0 1
    outer loop
      vertex 42.45 -35.6 4
      vertex -42.45 -64.5507 4
      vertex 44.7 -39.7 4
    endloop
  endfacet
  facet normal 0 0 1
    outer loop
      vertex 44.7 -39.7 4
      vertex -42.45 -64.5507 4
      vertex 56.7 -57.2 4
    endloop
  endfacet
  facet normal 0 0 1
    outer loop
      vertex 56.7 -57.2 4
      vertex -42.45 -64.5507 4
      vertex 78.8901 -64.5192 4
    endloop
  endfacet
  facet normal -0 0 1
    outer loop
      vertex -42.45 -64.5507 4
      vertex 79.4 -64.6 4
      vertex 78.8901 -64.5192 4
    endloop
  endfacet
  facet normal 0 0 1
    outer loop
      vertex -68.95 -67.45 4
      vertex 79.4 -64.6 4
      vertex -42.45 -64.5507 4
    endloop
  endfacet
  facet normal 0 0 1
    outer loop
      vertex 79.4 -64.6 4
      vertex -68.95 -67.45 4
      vertex 113.35 -67.45 4
    endloop
  endfacet
  facet normal -0 0 1
    outer loop
      vertex -71.95 -64.5507 4
      vertex -68.95 -67.45 4
      vertex -42.45 -64.5507 4
    endloop
  endfacet
  facet normal 0 0 1
    outer loop
      vertex -68.95 -67.45 4
      vertex -71.95 -64.5507 4
      vertex -69.3421 -67.4307 4
    endloop
  endfacet
  facet normal 0 0 1
    outer loop
      vertex -69.3421 -67.4307 4
      vertex -71.95 -64.5507 4
      vertex -69.7304 -67.3731 4
    endloop
  endfacet
  facet normal 0 0 1
    outer loop
      vertex -69.7304 -67.3731 4
      vertex -71.95 -64.5507 4
      vertex -70.1111 -67.2778 4
    endloop
  endfacet
  facet normal 0 0 1
    outer loop
      vertex -70.1111 -67.2778 4
      vertex -71.95 -64.5507 4
      vertex -70.4807 -67.1455 4
    endloop
  endfacet
  facet normal 0 0 1
    outer loop
      vertex -70.4807 -67.1455 4
      vertex -71.95 -64.5507 4
      vertex -70.8356 -66.9777 4
    endloop
  endfacet
  facet normal 0 0 1
    outer loop
      vertex -70.8356 -66.9777 4
      vertex -71.95 -64.5507 4
      vertex -71.1723 -66.7759 4
    endloop
  endfacet
  facet normal 0 0 1
    outer loop
      vertex -71.1723 -66.7759 4
      vertex -71.95 -64.5507 4
      vertex -71.4876 -66.542 4
    endloop
  endfacet
  facet normal 0 0 1
    outer loop
      vertex -71.4876 -66.542 4
      vertex -71.95 -64.5507 4
      vertex -71.7784 -66.2784 4
    endloop
  endfacet
  facet normal 0 0 1
    outer loop
      vertex -71.95 -64.5507 4
      vertex -72.042 -65.9876 4
      vertex -71.7784 -66.2784 4
    endloop
  endfacet
  facet normal 0 0 1
    outer loop
      vertex -72.95 -63.45 4
      vertex -71.95 39.9493 4
      vertex -72.95 90.45 4
    endloop
  endfacet
  facet normal 0 0 1
    outer loop
      vertex -72.95 90.45 4
      vertex -72.042 92.9876 4
      vertex -72.2759 92.6723 4
    endloop
  endfacet
  facet normal 0 0 1
    outer loop
      vertex -71.95 39.9493 4
      vertex -72.95 -63.45 4
      vertex -71.95 -64.5507 4
    endloop
  endfacet
  facet normal 0 0 1
    outer loop
      vertex -72.95 90.45 4
      vertex -72.2759 92.6723 4
      vertex -72.4777 92.3356 4
    endloop
  endfacet
  facet normal -0 -0 1
    outer loop
      vertex -72.9307 -63.8421 4
      vertex -71.95 -64.5507 4
      vertex -72.95 -63.45 4
    endloop
  endfacet
  facet normal 0 0 1
    outer loop
      vertex -72.95 90.45 4
      vertex -72.4777 92.3356 4
      vertex -72.6455 91.9807 4
    endloop
  endfacet
  facet normal 0 0 1
    outer loop
      vertex -71.95 -64.5507 4
      vertex -72.2759 -65.6723 4
      vertex -72.042 -65.9876 4
    endloop
  endfacet
  facet normal 0 0 1
    outer loop
      vertex -72.95 90.45 4
      vertex -72.6455 91.9807 4
      vertex -72.7778 91.6111 4
    endloop
  endfacet
  facet normal 0 0 1
    outer loop
      vertex -71.95 -64.5507 4
      vertex -72.4777 -65.3356 4
      vertex -72.2759 -65.6723 4
    endloop
  endfacet
  facet normal 0 0 1
    outer loop
      vertex -72.95 90.45 4
      vertex -72.7778 91.6111 4
      vertex -72.8731 91.2304 4
    endloop
  endfacet
  facet normal 0 0 1
    outer loop
      vertex -71.95 -64.5507 4
      vertex -72.6455 -64.9807 4
      vertex -72.4777 -65.3356 4
    endloop
  endfacet
  facet normal 0 0 1
    outer loop
      vertex -72.95 90.45 4
      vertex -72.8731 91.2304 4
      vertex -72.9307 90.8421 4
    endloop
  endfacet
  facet normal 0 0 1
    outer loop
      vertex -71.95 -64.5507 4
      vertex -72.7778 -64.6111 4
      vertex -72.6455 -64.9807 4
    endloop
  endfacet
  facet normal 0 0 1
    outer loop
      vertex -71.95 -64.5507 4
      vertex -72.8731 -64.2304 4
      vertex -72.7778 -64.6111 4
    endloop
  endfacet
  facet normal 0 0 1
    outer loop
      vertex -71.95 -64.5507 4
      vertex -72.9307 -63.8421 4
      vertex -72.8731 -64.2304 4
    endloop
  endfacet
  facet normal -0 0 1
    outer loop
      vertex 82.4 52.2 4
      vertex 84 8.5 4
      vertex 84 52.2 4
    endloop
  endfacet
  facet normal 0 0 1
    outer loop
      vertex 84 8.5 4
      vertex 82.4 52.2 4
      vertex 82.4 8.5 4
    endloop
  endfacet
  facet normal 0 0 1
    outer loop
      vertex 84 -3.5 4
      vertex 86.5 -2.6 4
      vertex 84 -2.6 4
    endloop
  endfacet
  facet normal 0 0 1
    outer loop
      vertex 86.5 -2.6 4
      vertex 84 -3.5 4
      vertex 86.5 -53.1 4
    endloop
  endfacet
  facet normal -0 0 1
    outer loop
      vertex 84 -52.2 4
      vertex 86.5 -53.1 4
      vertex 84 -3.5 4
    endloop
  endfacet
  facet normal 0 0 1
    outer loop
      vertex 86.5 -53.1 4
      vertex 84 -52.2 4
      vertex 84 -53.1 4
    endloop
  endfacet
  facet normal 0 0 1
    outer loop
      vertex 84 52.2 4
      vertex 87 52.6 4
      vertex 84 52.6 4
    endloop
  endfacet
  facet normal 0 0 1
    outer loop
      vertex 87 52.6 4
      vertex 84 52.2 4
      vertex 87 8.1 4
    endloop
  endfacet
  facet normal -0 0 1
    outer loop
      vertex 84 8.5 4
      vertex 87 8.1 4
      vertex 84 52.2 4
    endloop
  endfacet
  facet normal 0 0 1
    outer loop
      vertex 87 8.1 4
      vertex 84 8.5 4
      vertex 84 8.1 4
    endloop
  endfacet
  facet normal -0 0 1
    outer loop
      vertex 82.4 3.5 4
      vertex 87.4 1.5 4
      vertex 87.4 3.5 4
    endloop
  endfacet
  facet normal 0 0 1
    outer loop
      vertex 87.4 1.5 4
      vertex 82.4 3.5 4
      vertex 82.4 1.5 4
    endloop
  endfacet
  facet normal 0 0 1
    outer loop
      vertex 87 52.6 4
      vertex 87.4 55.6 4
      vertex 87 55.6 4
    endloop
  endfacet
  facet normal 0 0 1
    outer loop
      vertex 107.1 5.1 4
      vertex 87.4 5.1 4
      vertex 107.1 3.5 4
    endloop
  endfacet
  facet normal 0 0 1
    outer loop
      vertex 87.4 3.5 4
      vertex 107.1 3.5 4
      vertex 87.4 5.1 4
    endloop
  endfacet
  facet normal 0 0 1
    outer loop
      vertex 87.4 5.1 4
      vertex 87 8.1 4
      vertex 87 5.1 4
    endloop
  endfacet
  facet normal -0 0 1
    outer loop
      vertex 107.1 55.6 4
      vertex 107.5 52.6 4
      vertex 107.5 55.6 4
    endloop
  endfacet
  facet normal 0 0 1
    outer loop
      vertex 107.5 52.6 4
      vertex 107.1 55.6 4
      vertex 107.5 8.1 4
    endloop
  endfacet
  facet normal 0 0 1
    outer loop
      vertex 107.1 5.1 4
      vertex 107.5 8.1 4
      vertex 107.1 55.6 4
    endloop
  endfacet
  facet normal 0 0 1
    outer loop
      vertex 107.5 8.1 4
      vertex 107.1 5.1 4
      vertex 107.5 5.1 4
    endloop
  endfacet
  facet normal 0 0 0
    outer loop
      vertex 78.8 -34.7 4
      vertex 78.8 -35.1 4
      vertex 78.8 -38.1 4
    endloop
  endfacet
  facet normal 0 0 0
    outer loop
      vertex 78.8 2.6 4
      vertex 78.8 6 4
      vertex 78.8 5.6 4
    endloop
  endfacet
  facet normal 0 0 0
    outer loop
      vertex 84 -2.6 4
      vertex 84 -0.1 4
      vertex 84 -3.5 4
    endloop
  endfacet
  facet normal 0 0 0
    outer loop
      vertex 46.3 38.1 4
      vertex 49.3 38.1 4
      vertex 49.7 38.1 4
    endloop
  endfacet
  facet normal 0 0 0
    outer loop
      vertex 84 55.6 4
      vertex 87 55.6 4
      vertex 87.4 55.6 4
    endloop
  endfacet
  facet normal 0 0 0
    outer loop
      vertex 84 52.6 4
      vertex 84 55.6 4
      vertex 84 52.2 4
    endloop
  endfacet
  facet normal 0 0 0
    outer loop
      vertex 78.8 -6 4
      vertex 78.8 -2.6 4
      vertex 78.8 -5.6 4
    endloop
  endfacet
  facet normal 0 0 0
    outer loop
      vertex 107.5 5.1 4
      vertex 107.1 5.1 4
      vertex 110.5 5.1 4
    endloop
  endfacet
  facet normal 0 0 0
    outer loop
      vertex 84 -52.2 4
      vertex 84 -55.6 4
      vertex 84 -53.1 4
    endloop
  endfacet
  facet normal 0 0 0
    outer loop
      vertex 84 5.1 4
      vertex 84 8.1 4
      vertex 84 8.5 4
    endloop
  endfacet
  facet normal 0 0 0
    outer loop
      vertex 84 5.1 4
      vertex 87.4 5.1 4
      vertex 87 5.1 4
    endloop
  endfacet
  facet normal 0 0 0
    outer loop
      vertex 107.5 55.6 4
      vertex 110.5 55.6 4
      vertex 107.1 55.6 4
    endloop
  endfacet
  facet normal 0 0 0
    outer loop
      vertex 78.8 38.1 4
      vertex 78.8 35.1 4
      vertex 78.8 34.7 4
    endloop
  endfacet
  facet normal 0 0 0
    outer loop
      vertex 75.4 38.1 4
      vertex 75.8 38.1 4
      vertex 78.8 38.1 4
    endloop
  endfacet
  facet normal -0 0 1
    outer loop
      vertex -69.95 37.9493 4
      vertex -44.45 -62.5507 4
      vertex -44.45 37.9493 4
    endloop
  endfacet
  facet normal 0 0 1
    outer loop
      vertex -44.45 -62.5507 4
      vertex -69.95 37.9493 4
      vertex -69.95 -62.5507 4
    endloop
  endfacet
  facet normal -0 0 1
    outer loop
      vertex -29.6308 -9.49012 4
      vertex -24.95 -18.25 4
      vertex -29.6308 9.49012 4
    endloop
  endfacet
  facet normal 0 0 1
    outer loop
      vertex -24.95 -18.25 4
      vertex -29.6308 -9.49012 4
      vertex -29.55 -10 4
    endloop
  endfacet
  facet normal -0 0 1
    outer loop
      vertex -29.8651 9.03015 4
      vertex -29.6308 -9.49012 4
      vertex -29.6308 9.49012 4
    endloop
  endfacet
  facet normal 0 0 1
    outer loop
      vertex -29.8651 9.03015 4
      vertex -29.8651 -9.03015 4
      vertex -29.6308 -9.49012 4
    endloop
  endfacet
  facet normal -0 0 1
    outer loop
      vertex -30.2302 8.66512 4
      vertex -29.8651 -9.03015 4
      vertex -29.8651 9.03015 4
    endloop
  endfacet
  facet normal 0 0 1
    outer loop
      vertex -30.2302 8.66512 4
      vertex -30.2302 -8.66512 4
      vertex -29.8651 -9.03015 4
    endloop
  endfacet
  facet normal -0 0 1
    outer loop
      vertex -30.6901 8.43076 4
      vertex -30.2302 -8.66512 4
      vertex -30.2302 8.66512 4
    endloop
  endfacet
  facet normal 0 0 1
    outer loop
      vertex -30.6901 8.43076 4
      vertex -30.6901 -8.43076 4
      vertex -30.2302 -8.66512 4
    endloop
  endfacet
  facet normal -0 0 1
    outer loop
      vertex -31.2 8.35 4
      vertex -30.6901 -8.43076 4
      vertex -30.6901 8.43076 4
    endloop
  endfacet
  facet normal 0 0 1
    outer loop
      vertex -31.2 8.35 4
      vertex -31.2 -8.35 4
      vertex -30.6901 -8.43076 4
    endloop
  endfacet
  facet normal 0 0 1
    outer loop
      vertex -31.7099 8.43076 4
      vertex -31.2 -8.35 4
      vertex -31.2 8.35 4
    endloop
  endfacet
  facet normal 0 0 1
    outer loop
      vertex -31.7099 8.43076 4
      vertex -31.7099 -8.43076 4
      vertex -31.2 -8.35 4
    endloop
  endfacet
  facet normal 0 0 1
    outer loop
      vertex -32.1698 8.66512 4
      vertex -31.7099 -8.43076 4
      vertex -31.7099 8.43076 4
    endloop
  endfacet
  facet normal 0 0 1
    outer loop
      vertex -32.1698 8.66512 4
      vertex -32.1698 -8.66512 4
      vertex -31.7099 -8.43076 4
    endloop
  endfacet
  facet normal 0 0 1
    outer loop
      vertex -32.5349 9.03015 4
      vertex -32.1698 -8.66512 4
      vertex -32.1698 8.66512 4
    endloop
  endfacet
  facet normal 0 0 1
    outer loop
      vertex -32.5349 9.03015 4
      vertex -32.5349 -9.03015 4
      vertex -32.1698 -8.66512 4
    endloop
  endfacet
  facet normal 0 0 1
    outer loop
      vertex -32.7692 9.49012 4
      vertex -32.5349 -9.03015 4
      vertex -32.5349 9.03015 4
    endloop
  endfacet
  facet normal 0 0 1
    outer loop
      vertex -32.7692 9.49012 4
      vertex -32.7692 -9.49012 4
      vertex -32.5349 -9.03015 4
    endloop
  endfacet
  facet normal 0 0 1
    outer loop
      vertex -37.45 18.25 4
      vertex -32.7692 9.49012 4
      vertex -32.85 10 4
    endloop
  endfacet
  facet normal 0 0 1
    outer loop
      vertex -32.7692 9.49012 4
      vertex -37.45 18.25 4
      vertex -32.7692 -9.49012 4
    endloop
  endfacet
  facet normal 0 0 1
    outer loop
      vertex -29.6308 9.49012 4
      vertex -24.95 18.25 4
      vertex -29.55 10 4
    endloop
  endfacet
  facet normal 0 0 1
    outer loop
      vertex -24.95 18.25 4
      vertex -29.6308 10.5099 4
      vertex -29.55 10 4
    endloop
  endfacet
  facet normal 0 0 1
    outer loop
      vertex -24.95 18.25 4
      vertex -29.8651 10.9698 4
      vertex -29.6308 10.5099 4
    endloop
  endfacet
  facet normal 0 0 1
    outer loop
      vertex -24.95 18.25 4
      vertex -30.2302 11.3349 4
      vertex -29.8651 10.9698 4
    endloop
  endfacet
  facet normal 0 0 1
    outer loop
      vertex -24.95 18.25 4
      vertex -30.6901 11.5692 4
      vertex -30.2302 11.3349 4
    endloop
  endfacet
  facet normal 0 0 1
    outer loop
      vertex -24.95 18.25 4
      vertex -31.2 11.65 4
      vertex -30.6901 11.5692 4
    endloop
  endfacet
  facet normal -0 0 1
    outer loop
      vertex -37.45 18.25 4
      vertex -31.2 11.65 4
      vertex -24.95 18.25 4
    endloop
  endfacet
  facet normal 0 0 1
    outer loop
      vertex -31.2 11.65 4
      vertex -37.45 18.25 4
      vertex -31.7099 11.5692 4
    endloop
  endfacet
  facet normal 0 0 1
    outer loop
      vertex -37.45 -18.25 4
      vertex -32.7692 -9.49012 4
      vertex -37.45 18.25 4
    endloop
  endfacet
  facet normal 0 0 1
    outer loop
      vertex -32.7692 10.5099 4
      vertex -37.45 18.25 4
      vertex -32.85 10 4
    endloop
  endfacet
  facet normal 0 0 1
    outer loop
      vertex -32.5349 10.9698 4
      vertex -37.45 18.25 4
      vertex -32.7692 10.5099 4
    endloop
  endfacet
  facet normal 0 0 1
    outer loop
      vertex -32.1698 11.3349 4
      vertex -37.45 18.25 4
      vertex -32.5349 10.9698 4
    endloop
  endfacet
  facet normal 0 0 1
    outer loop
      vertex -31.7099 11.5692 4
      vertex -37.45 18.25 4
      vertex -32.1698 11.3349 4
    endloop
  endfacet
  facet normal 0 0 1
    outer loop
      vertex -24.95 18.25 4
      vertex -29.6308 9.49012 4
      vertex -24.95 -18.25 4
    endloop
  endfacet
  facet normal -0 0 1
    outer loop
      vertex -29.6308 -10.5099 4
      vertex -24.95 -18.25 4
      vertex -29.55 -10 4
    endloop
  endfacet
  facet normal -0 0 1
    outer loop
      vertex -29.8651 -10.9698 4
      vertex -24.95 -18.25 4
      vertex -29.6308 -10.5099 4
    endloop
  endfacet
  facet normal -0 0 1
    outer loop
      vertex -30.2302 -11.3349 4
      vertex -24.95 -18.25 4
      vertex -29.8651 -10.9698 4
    endloop
  endfacet
  facet normal -0 0 1
    outer loop
      vertex -30.6901 -11.5692 4
      vertex -24.95 -18.25 4
      vertex -30.2302 -11.3349 4
    endloop
  endfacet
  facet normal -0 0 1
    outer loop
      vertex -31.2 -11.65 4
      vertex -24.95 -18.25 4
      vertex -30.6901 -11.5692 4
    endloop
  endfacet
  facet normal 0 0 1
    outer loop
      vertex -37.45 -18.25 4
      vertex -31.2 -11.65 4
      vertex -31.7099 -11.5692 4
    endloop
  endfacet
  facet normal 0 0 1
    outer loop
      vertex -37.45 -18.25 4
      vertex -31.7099 -11.5692 4
      vertex -32.1698 -11.3349 4
    endloop
  endfacet
  facet normal 0 0 1
    outer loop
      vertex -32.7692 -9.49012 4
      vertex -37.45 -18.25 4
      vertex -32.85 -10 4
    endloop
  endfacet
  facet normal 0 0 1
    outer loop
      vertex -31.2 -11.65 4
      vertex -37.45 -18.25 4
      vertex -24.95 -18.25 4
    endloop
  endfacet
  facet normal 0 0 1
    outer loop
      vertex -32.5349 -10.9698 4
      vertex -37.45 -18.25 4
      vertex -32.1698 -11.3349 4
    endloop
  endfacet
  facet normal 0 0 1
    outer loop
      vertex -32.7692 -10.5099 4
      vertex -37.45 -18.25 4
      vertex -32.5349 -10.9698 4
    endloop
  endfacet
  facet normal 0 0 1
    outer loop
      vertex -32.85 -10 4
      vertex -37.45 -18.25 4
      vertex -32.7692 -10.5099 4
    endloop
  endfacet
  facet normal -0 0 1
    outer loop
      vertex 32.7692 -9.49012 4
      vertex 37.45 -18.25 4
      vertex 32.7692 9.49012 4
    endloop
  endfacet
  facet normal 0 0 1
    outer loop
      vertex 37.45 -18.25 4
      vertex 32.7692 -9.49012 4
      vertex 32.85 -10 4
    endloop
  endfacet
  facet normal -0 0 1
    outer loop
      vertex 32.5349 9.03015 4
      vertex 32.7692 -9.49012 4
      vertex 32.7692 9.49012 4
    endloop
  endfacet
  facet normal 0 0 1
    outer loop
      vertex 32.5349 9.03015 4
      vertex 32.5349 -9.03015 4
      vertex 32.7692 -9.49012 4
    endloop
  endfacet
  facet normal -0 0 1
    outer loop
      vertex 32.1698 8.66512 4
      vertex 32.5349 -9.03015 4
      vertex 32.5349 9.03015 4
    endloop
  endfacet
  facet normal 0 0 1
    outer loop
      vertex 32.1698 8.66512 4
      vertex 32.1698 -8.66512 4
      vertex 32.5349 -9.03015 4
    endloop
  endfacet
  facet normal -0 0 1
    outer loop
      vertex 31.7099 8.43076 4
      vertex 32.1698 -8.66512 4
      vertex 32.1698 8.66512 4
    endloop
  endfacet
  facet normal 0 0 1
    outer loop
      vertex 31.7099 8.43076 4
      vertex 31.7099 -8.43076 4
      vertex 32.1698 -8.66512 4
    endloop
  endfacet
  facet normal -0 0 1
    outer loop
      vertex 31.2 8.35 4
      vertex 31.7099 -8.43076 4
      vertex 31.7099 8.43076 4
    endloop
  endfacet
  facet normal 0 0 1
    outer loop
      vertex 31.2 8.35 4
      vertex 31.2 -8.35 4
      vertex 31.7099 -8.43076 4
    endloop
  endfacet
  facet normal 0 0 1
    outer loop
      vertex 30.6901 8.43076 4
      vertex 31.2 -8.35 4
      vertex 31.2 8.35 4
    endloop
  endfacet
  facet normal 0 0 1
    outer loop
      vertex 30.6901 8.43076 4
      vertex 30.6901 -8.43076 4
      vertex 31.2 -8.35 4
    endloop
  endfacet
  facet normal 0 0 1
    outer loop
      vertex 30.2302 8.66512 4
      vertex 30.6901 -8.43076 4
      vertex 30.6901 8.43076 4
    endloop
  endfacet
  facet normal 0 0 1
    outer loop
      vertex 30.2302 8.66512 4
      vertex 30.2302 -8.66512 4
      vertex 30.6901 -8.43076 4
    endloop
  endfacet
  facet normal 0 0 1
    outer loop
      vertex 29.8651 9.03015 4
      vertex 30.2302 -8.66512 4
      vertex 30.2302 8.66512 4
    endloop
  endfacet
  facet normal 0 0 1
    outer loop
      vertex 29.8651 9.03015 4
      vertex 29.8651 -9.03015 4
      vertex 30.2302 -8.66512 4
    endloop
  endfacet
  facet normal 0 0 1
    outer loop
      vertex 29.6308 9.49012 4
      vertex 29.8651 -9.03015 4
      vertex 29.8651 9.03015 4
    endloop
  endfacet
  facet normal 0 0 1
    outer loop
      vertex 29.6308 9.49012 4
      vertex 29.6308 -9.49012 4
      vertex 29.8651 -9.03015 4
    endloop
  endfacet
  facet normal 0 0 1
    outer loop
      vertex 24.95 18.25 4
      vertex 29.6308 9.49012 4
      vertex 29.55 10 4
    endloop
  endfacet
  facet normal 0 0 1
    outer loop
      vertex 29.6308 9.49012 4
      vertex 24.95 18.25 4
      vertex 29.6308 -9.49012 4
    endloop
  endfacet
  facet normal 0 0 1
    outer loop
      vertex 32.7692 9.49012 4
      vertex 37.45 18.25 4
      vertex 32.85 10 4
    endloop
  endfacet
  facet normal 0 0 1
    outer loop
      vertex 37.45 18.25 4
      vertex 32.7692 10.5099 4
      vertex 32.85 10 4
    endloop
  endfacet
  facet normal 0 0 1
    outer loop
      vertex 37.45 18.25 4
      vertex 32.5349 10.9698 4
      vertex 32.7692 10.5099 4
    endloop
  endfacet
  facet normal 0 0 1
    outer loop
      vertex 37.45 18.25 4
      vertex 32.1698 11.3349 4
      vertex 32.5349 10.9698 4
    endloop
  endfacet
  facet normal 0 0 1
    outer loop
      vertex 37.45 18.25 4
      vertex 31.7099 11.5692 4
      vertex 32.1698 11.3349 4
    endloop
  endfacet
  facet normal 0 0 1
    outer loop
      vertex 37.45 18.25 4
      vertex 31.2 11.65 4
      vertex 31.7099 11.5692 4
    endloop
  endfacet
  facet normal -0 0 1
    outer loop
      vertex 24.95 18.25 4
      vertex 31.2 11.65 4
      vertex 37.45 18.25 4
    endloop
  endfacet
  facet normal 0 0 1
    outer loop
      vertex 31.2 11.65 4
      vertex 24.95 18.25 4
      vertex 30.6901 11.5692 4
    endloop
  endfacet
  facet normal 0 0 1
    outer loop
      vertex 24.95 -18.25 4
      vertex 29.6308 -9.49012 4
      vertex 24.95 18.25 4
    endloop
  endfacet
  facet normal 0 0 1
    outer loop
      vertex 29.6308 10.5099 4
      vertex 24.95 18.25 4
      vertex 29.55 10 4
    endloop
  endfacet
  facet normal 0 0 1
    outer loop
      vertex 29.8651 10.9698 4
      vertex 24.95 18.25 4
      vertex 29.6308 10.5099 4
    endloop
  endfacet
  facet normal 0 0 1
    outer loop
      vertex 30.2302 11.3349 4
      vertex 24.95 18.25 4
      vertex 29.8651 10.9698 4
    endloop
  endfacet
  facet normal 0 0 1
    outer loop
      vertex 30.6901 11.5692 4
      vertex 24.95 18.25 4
      vertex 30.2302 11.3349 4
    endloop
  endfacet
  facet normal 0 0 1
    outer loop
      vertex 37.45 18.25 4
      vertex 32.7692 9.49012 4
      vertex 37.45 -18.25 4
    endloop
  endfacet
  facet normal -0 0 1
    outer loop
      vertex 32.7692 -10.5099 4
      vertex 37.45 -18.25 4
      vertex 32.85 -10 4
    endloop
  endfacet
  facet normal -0 0 1
    outer loop
      vertex 32.5349 -10.9698 4
      vertex 37.45 -18.25 4
      vertex 32.7692 -10.5099 4
    endloop
  endfacet
  facet normal -0 0 1
    outer loop
      vertex 32.1698 -11.3349 4
      vertex 37.45 -18.25 4
      vertex 32.5349 -10.9698 4
    endloop
  endfacet
  facet normal -0 0 1
    outer loop
      vertex 31.7099 -11.5692 4
      vertex 37.45 -18.25 4
      vertex 32.1698 -11.3349 4
    endloop
  endfacet
  facet normal -0 0 1
    outer loop
      vertex 31.2 -11.65 4
      vertex 37.45 -18.25 4
      vertex 31.7099 -11.5692 4
    endloop
  endfacet
  facet normal 0 0 1
    outer loop
      vertex 24.95 -18.25 4
      vertex 31.2 -11.65 4
      vertex 30.6901 -11.5692 4
    endloop
  endfacet
  facet normal 0 0 1
    outer loop
      vertex 24.95 -18.25 4
      vertex 30.6901 -11.5692 4
      vertex 30.2302 -11.3349 4
    endloop
  endfacet
  facet normal 0 0 1
    outer loop
      vertex 29.6308 -9.49012 4
      vertex 24.95 -18.25 4
      vertex 29.55 -10 4
    endloop
  endfacet
  facet normal 0 0 1
    outer loop
      vertex 31.2 -11.65 4
      vertex 24.95 -18.25 4
      vertex 37.45 -18.25 4
    endloop
  endfacet
  facet normal 0 0 1
    outer loop
      vertex 29.8651 -10.9698 4
      vertex 24.95 -18.25 4
      vertex 30.2302 -11.3349 4
    endloop
  endfacet
  facet normal 0 0 1
    outer loop
      vertex 29.6308 -10.5099 4
      vertex 24.95 -18.25 4
      vertex 29.8651 -10.9698 4
    endloop
  endfacet
  facet normal 0 0 1
    outer loop
      vertex 29.55 -10 4
      vertex 24.95 -18.25 4
      vertex 29.6308 -10.5099 4
    endloop
  endfacet
  facet normal 1 -0 0
    outer loop
      vertex -21.95 -21.25 14
      vertex -21.95 21.25 4
      vertex -21.95 21.25 14
    endloop
  endfacet
  facet normal 1 0 0
    outer loop
      vertex -21.95 21.25 4
      vertex -21.95 -21.25 14
      vertex -21.95 -21.25 4
    endloop
  endfacet
  facet normal 0 0 1
    outer loop
      vertex -21.95 21.25 14
      vertex -24.95 18.25 14
      vertex -21.95 -21.25 14
    endloop
  endfacet
  facet normal 0 0 1
    outer loop
      vertex -21.95 21.25 14
      vertex -37.45 18.25 14
      vertex -24.95 18.25 14
    endloop
  endfacet
  facet normal 0 0 1
    outer loop
      vertex -37.45 18.25 14
      vertex -40.45 21.25 14
      vertex -37.45 -18.25 14
    endloop
  endfacet
  facet normal -0 0 1
    outer loop
      vertex -40.45 21.25 14
      vertex -37.45 18.25 14
      vertex -21.95 21.25 14
    endloop
  endfacet
  facet normal -0 0 1
    outer loop
      vertex -24.95 -18.25 14
      vertex -21.95 -21.25 14
      vertex -24.95 18.25 14
    endloop
  endfacet
  facet normal -0 0 1
    outer loop
      vertex -37.45 -18.25 14
      vertex -21.95 -21.25 14
      vertex -24.95 -18.25 14
    endloop
  endfacet
  facet normal 0 0 1
    outer loop
      vertex -37.45 -18.25 14
      vertex -40.45 -21.25 14
      vertex -21.95 -21.25 14
    endloop
  endfacet
  facet normal 0 0 1
    outer loop
      vertex -40.45 -21.25 14
      vertex -37.45 -18.25 14
      vertex -40.45 21.25 14
    endloop
  endfacet
  facet normal -1 0 0
    outer loop
      vertex -40.45 -21.25 4
      vertex -40.45 21.25 14
      vertex -40.45 21.25 4
    endloop
  endfacet
  facet normal -1 -0 0
    outer loop
      vertex -40.45 21.25 14
      vertex -40.45 -21.25 4
      vertex -40.45 -21.25 14
    endloop
  endfacet
  facet normal 0 1 -0
    outer loop
      vertex -21.95 21.25 4
      vertex -40.45 21.25 14
      vertex -21.95 21.25 14
    endloop
  endfacet
  facet normal 0 1 0
    outer loop
      vertex -40.45 21.25 14
      vertex -21.95 21.25 4
      vertex -40.45 21.25 4
    endloop
  endfacet
  facet normal 0 -1 0
    outer loop
      vertex -40.45 -21.25 4
      vertex -21.95 -21.25 14
      vertex -40.45 -21.25 14
    endloop
  endfacet
  facet normal 0 -1 -0
    outer loop
      vertex -21.95 -21.25 14
      vertex -40.45 -21.25 4
      vertex -21.95 -21.25 4
    endloop
  endfacet
  facet normal -1 0 0
    outer loop
      vertex -24.95 -18.25 4
      vertex -24.95 18.25 14
      vertex -24.95 18.25 4
    endloop
  endfacet
  facet normal -1 -0 0
    outer loop
      vertex -24.95 18.25 14
      vertex -24.95 -18.25 4
      vertex -24.95 -18.25 14
    endloop
  endfacet
  facet normal 1 -0 0
    outer loop
      vertex -37.45 -18.25 14
      vertex -37.45 18.25 4
      vertex -37.45 18.25 14
    endloop
  endfacet
  facet normal 1 0 0
    outer loop
      vertex -37.45 18.25 4
      vertex -37.45 -18.25 14
      vertex -37.45 -18.25 4
    endloop
  endfacet
  facet normal 0 1 -0
    outer loop
      vertex -24.95 -18.25 4
      vertex -37.45 -18.25 14
      vertex -24.95 -18.25 14
    endloop
  endfacet
  facet normal 0 1 0
    outer loop
      vertex -37.45 -18.25 14
      vertex -24.95 -18.25 4
      vertex -37.45 -18.25 4
    endloop
  endfacet
  facet normal 0 -1 0
    outer loop
      vertex -37.45 18.25 4
      vertex -24.95 18.25 14
      vertex -37.45 18.25 14
    endloop
  endfacet
  facet normal 0 -1 -0
    outer loop
      vertex -24.95 18.25 14
      vertex -37.45 18.25 4
      vertex -24.95 18.25 4
    endloop
  endfacet
  facet normal -1 0 0
    outer loop
      vertex 21.95 -21.25 4
      vertex 21.95 21.25 14
      vertex 21.95 21.25 4
    endloop
  endfacet
  facet normal -1 -0 0
    outer loop
      vertex 21.95 21.25 14
      vertex 21.95 -21.25 4
      vertex 21.95 -21.25 14
    endloop
  endfacet
  facet normal 0 0 1
    outer loop
      vertex 40.45 21.25 14
      vertex 37.45 18.25 14
      vertex 40.45 -21.25 14
    endloop
  endfacet
  facet normal 0 0 1
    outer loop
      vertex 40.45 21.25 14
      vertex 24.95 18.25 14
      vertex 37.45 18.25 14
    endloop
  endfacet
  facet normal 0 0 1
    outer loop
      vertex 24.95 18.25 14
      vertex 21.95 21.25 14
      vertex 24.95 -18.25 14
    endloop
  endfacet
  facet normal -0 0 1
    outer loop
      vertex 21.95 21.25 14
      vertex 24.95 18.25 14
      vertex 40.45 21.25 14
    endloop
  endfacet
  facet normal -0 0 1
    outer loop
      vertex 37.45 -18.25 14
      vertex 40.45 -21.25 14
      vertex 37.45 18.25 14
    endloop
  endfacet
  facet normal -0 0 1
    outer loop
      vertex 24.95 -18.25 14
      vertex 40.45 -21.25 14
      vertex 37.45 -18.25 14
    endloop
  endfacet
  facet normal 0 0 1
    outer loop
      vertex 24.95 -18.25 14
      vertex 21.95 -21.25 14
      vertex 40.45 -21.25 14
    endloop
  endfacet
  facet normal 0 0 1
    outer loop
      vertex 21.95 -21.25 14
      vertex 24.95 -18.25 14
      vertex 21.95 21.25 14
    endloop
  endfacet
  facet normal 1 -0 0
    outer loop
      vertex 40.45 -21.25 14
      vertex 40.45 21.25 4
      vertex 40.45 21.25 14
    endloop
  endfacet
  facet normal 1 0 0
    outer loop
      vertex 40.45 21.25 4
      vertex 40.45 -21.25 14
      vertex 40.45 -21.25 4
    endloop
  endfacet
  facet normal 0 1 -0
    outer loop
      vertex 40.45 21.25 4
      vertex 21.95 21.25 14
      vertex 40.45 21.25 14
    endloop
  endfacet
  facet normal 0 1 0
    outer loop
      vertex 21.95 21.25 14
      vertex 40.45 21.25 4
      vertex 21.95 21.25 4
    endloop
  endfacet
  facet normal 0 -1 0
    outer loop
      vertex 21.95 -21.25 4
      vertex 40.45 -21.25 14
      vertex 21.95 -21.25 14
    endloop
  endfacet
  facet normal 0 -1 -0
    outer loop
      vertex 40.45 -21.25 14
      vertex 21.95 -21.25 4
      vertex 40.45 -21.25 4
    endloop
  endfacet
  facet normal 1 -0 0
    outer loop
      vertex 24.95 -18.25 14
      vertex 24.95 18.25 4
      vertex 24.95 18.25 14
    endloop
  endfacet
  facet normal 1 0 0
    outer loop
      vertex 24.95 18.25 4
      vertex 24.95 -18.25 14
      vertex 24.95 -18.25 4
    endloop
  endfacet
  facet normal -1 0 0
    outer loop
      vertex 37.45 -18.25 4
      vertex 37.45 18.25 14
      vertex 37.45 18.25 4
    endloop
  endfacet
  facet normal -1 -0 0
    outer loop
      vertex 37.45 18.25 14
      vertex 37.45 -18.25 4
      vertex 37.45 -18.25 14
    endloop
  endfacet
  facet normal 0 1 -0
    outer loop
      vertex 37.45 -18.25 4
      vertex 24.95 -18.25 14
      vertex 37.45 -18.25 14
    endloop
  endfacet
  facet normal 0 1 0
    outer loop
      vertex 24.95 -18.25 14
      vertex 37.45 -18.25 4
      vertex 24.95 -18.25 4
    endloop
  endfacet
  facet normal 0 -1 0
    outer loop
      vertex 24.95 18.25 4
      vertex 37.45 18.25 14
      vertex 24.95 18.25 14
    endloop
  endfacet
  facet normal 0 -1 -0
    outer loop
      vertex 37.45 18.25 14
      vertex 24.95 18.25 4
      vertex 37.45 18.25 4
    endloop
  endfacet
  facet normal -1 0 0
    outer loop
      vertex -6 25.2226 4
      vertex -6 33.2226 14
      vertex -6 33.2226 4
    endloop
  endfacet
  facet normal -1 -0 0
    outer loop
      vertex -6 33.2226 14
      vertex -6 25.2226 4
      vertex -6 25.2226 14
    endloop
  endfacet
  facet normal -0 0 1
    outer loop
      vertex -6 33.2226 14
      vertex 6 25.2226 14
      vertex 6 33.2226 14
    endloop
  endfacet
  facet normal 0 0 1
    outer loop
      vertex 6 25.2226 14
      vertex -6 33.2226 14
      vertex -6 25.2226 14
    endloop
  endfacet
  facet normal 1 -0 0
    outer loop
      vertex 6 25.2226 14
      vertex 6 33.2226 4
      vertex 6 33.2226 14
    endloop
  endfacet
  facet normal 1 0 0
    outer loop
      vertex 6 33.2226 4
      vertex 6 25.2226 14
      vertex 6 25.2226 4
    endloop
  endfacet
  facet normal 0 1 0
    outer loop
      vertex 6 33.2226 14
      vertex 0 33.2226 7.33847
      vertex -6 33.2226 14
    endloop
  endfacet
  facet normal 0 1 0
    outer loop
      vertex 6 33.2226 14
      vertex 0.919235 33.2226 6.41924
      vertex 0 33.2226 7.33847
    endloop
  endfacet
  facet normal 0 1 -0
    outer loop
      vertex 3.88049 33.2226 5
      vertex 0.919235 33.2226 6.41924
      vertex 6 33.2226 14
    endloop
  endfacet
  facet normal 0 1 0
    outer loop
      vertex 0.919235 33.2226 6.41924
      vertex 3.88049 33.2226 5
      vertex 1.00491 33.2226 6.32471
    endloop
  endfacet
  facet normal 0 1 0
    outer loop
      vertex 1.00491 33.2226 6.32471
      vertex 3.88049 33.2226 5
      vertex 1.0809 33.2226 6.22223
    endloop
  endfacet
  facet normal 0 1 0
    outer loop
      vertex 1.0809 33.2226 6.22223
      vertex 3.88049 33.2226 5
      vertex 1.14648 33.2226 6.11281
    endloop
  endfacet
  facet normal 0 1 0
    outer loop
      vertex 1.14648 33.2226 6.11281
      vertex 3.88049 33.2226 5
      vertex 1.20103 33.2226 5.99748
    endloop
  endfacet
  facet normal 0 1 0
    outer loop
      vertex 1.20103 33.2226 5.99748
      vertex 3.88049 33.2226 5
      vertex 1.24402 33.2226 5.87737
    endloop
  endfacet
  facet normal 0 1 0
    outer loop
      vertex 1.24402 33.2226 5.87737
      vertex 3.88049 33.2226 5
      vertex 1.27501 33.2226 5.75362
    endloop
  endfacet
  facet normal 0 1 0
    outer loop
      vertex 1.27501 33.2226 5.75362
      vertex 3.88049 33.2226 5
      vertex 1.29373 33.2226 5.62741
    endloop
  endfacet
  facet normal 0 1 0
    outer loop
      vertex 1.29373 33.2226 5.62741
      vertex 3.88049 33.2226 5
      vertex 1.29999 33.2226 5.5
    endloop
  endfacet
  facet normal 0 1 0
    outer loop
      vertex 1.29999 33.2226 5.5
      vertex 3.88049 33.2226 5
      vertex 1.29373 33.2226 5.37259
    endloop
  endfacet
  facet normal 0 1 0
    outer loop
      vertex 1.29373 33.2226 5.37259
      vertex 3.88049 33.2226 5
      vertex 1.27501 33.2226 5.24638
    endloop
  endfacet
  facet normal 0 1 0
    outer loop
      vertex 1.27501 33.2226 5.24638
      vertex 3.88049 33.2226 5
      vertex 1.24402 33.2226 5.12263
    endloop
  endfacet
  facet normal 0 1 0
    outer loop
      vertex 1.24402 33.2226 5.12263
      vertex 3.88049 33.2226 5
      vertex 1.20103 33.2226 5.00252
    endloop
  endfacet
  facet normal 0 1 -0
    outer loop
      vertex 6 33.2226 4
      vertex 3.88049 33.2226 5
      vertex 6 33.2226 14
    endloop
  endfacet
  facet normal 0 1 0
    outer loop
      vertex 3.88049 33.2226 5
      vertex 6 33.2226 4
      vertex 3.88049 33.2226 4
    endloop
  endfacet
  facet normal 0 1 -0
    outer loop
      vertex -0.919235 33.2226 6.41924
      vertex -6 33.2226 14
      vertex 0 33.2226 7.33847
    endloop
  endfacet
  facet normal 0 1 0
    outer loop
      vertex -3.88049 33.2226 5
      vertex -0.919235 33.2226 6.41924
      vertex -1.00491 33.2226 6.32471
    endloop
  endfacet
  facet normal 0 1 0
    outer loop
      vertex -3.88049 33.2226 5
      vertex -1.00491 33.2226 6.32471
      vertex -1.0809 33.2226 6.22223
    endloop
  endfacet
  facet normal 0 1 0
    outer loop
      vertex -3.88049 33.2226 5
      vertex -1.0809 33.2226 6.22223
      vertex -1.14648 33.2226 6.11281
    endloop
  endfacet
  facet normal 0 1 0
    outer loop
      vertex -3.88049 33.2226 5
      vertex -1.14648 33.2226 6.11281
      vertex -1.20103 33.2226 5.99748
    endloop
  endfacet
  facet normal 0 1 0
    outer loop
      vertex -3.88049 33.2226 5
      vertex -1.20103 33.2226 5.99748
      vertex -1.24402 33.2226 5.87737
    endloop
  endfacet
  facet normal 0 1 0
    outer loop
      vertex -3.88049 33.2226 5
      vertex -1.24402 33.2226 5.87737
      vertex -1.27501 33.2226 5.75362
    endloop
  endfacet
  facet normal 0 1 0
    outer loop
      vertex -3.88049 33.2226 5
      vertex -1.27501 33.2226 5.75362
      vertex -1.29373 33.2226 5.62741
    endloop
  endfacet
  facet normal 0 1 0
    outer loop
      vertex -3.88049 33.2226 5
      vertex -1.29373 33.2226 5.62741
      vertex -1.29999 33.2226 5.5
    endloop
  endfacet
  facet normal 0 1 0
    outer loop
      vertex -3.88049 33.2226 5
      vertex -1.29999 33.2226 5.5
      vertex -1.29373 33.2226 5.37259
    endloop
  endfacet
  facet normal 0 1 0
    outer loop
      vertex -3.88049 33.2226 5
      vertex -1.29373 33.2226 5.37259
      vertex -1.27501 33.2226 5.24638
    endloop
  endfacet
  facet normal 0 1 0
    outer loop
      vertex -3.88049 33.2226 5
      vertex -1.27501 33.2226 5.24638
      vertex -1.24402 33.2226 5.12263
    endloop
  endfacet
  facet normal 0 1 0
    outer loop
      vertex -3.88049 33.2226 5
      vertex -1.24402 33.2226 5.12263
      vertex -1.20103 33.2226 5.00252
    endloop
  endfacet
  facet normal 0 1 0
    outer loop
      vertex -3.88049 33.2226 5
      vertex -1.20103 33.2226 5.00252
      vertex -1.19984 33.2226 5
    endloop
  endfacet
  facet normal 0 1 0
    outer loop
      vertex -0.919235 33.2226 6.41924
      vertex -3.88049 33.2226 5
      vertex -6 33.2226 14
    endloop
  endfacet
  facet normal 0 1 0
    outer loop
      vertex -6 33.2226 4
      vertex -3.88049 33.2226 5
      vertex -3.88049 33.2226 4
    endloop
  endfacet
  facet normal 0 1 0
    outer loop
      vertex -3.88049 33.2226 5
      vertex -6 33.2226 4
      vertex -6 33.2226 14
    endloop
  endfacet
  facet normal 0 1 0
    outer loop
      vertex 1.20103 33.2226 5.00252
      vertex 3.88049 33.2226 5
      vertex 1.19984 33.2226 5
    endloop
  endfacet
  facet normal 0 -1 0
    outer loop
      vertex -6 25.2226 14
      vertex 0 25.2226 7.33847
      vertex 6 25.2226 14
    endloop
  endfacet
  facet normal 0 -1 0
    outer loop
      vertex -6 25.2226 14
      vertex -0.919235 25.2226 6.41924
      vertex 0 25.2226 7.33847
    endloop
  endfacet
  facet normal 0 -1 0
    outer loop
      vertex -6 25.2226 14
      vertex -1.00491 25.2226 6.32471
      vertex -0.919235 25.2226 6.41924
    endloop
  endfacet
  facet normal 0 -1 0
    outer loop
      vertex -6 25.2226 14
      vertex -1.0809 25.2226 6.22223
      vertex -1.00491 25.2226 6.32471
    endloop
  endfacet
  facet normal 0 -1 0
    outer loop
      vertex -6 25.2226 4
      vertex -1.0809 25.2226 6.22223
      vertex -6 25.2226 14
    endloop
  endfacet
  facet normal 0 -1 0
    outer loop
      vertex -1.0809 25.2226 6.22223
      vertex -6 25.2226 4
      vertex -1.14648 25.2226 6.11281
    endloop
  endfacet
  facet normal 0 -1 0
    outer loop
      vertex -1.14648 25.2226 6.11281
      vertex -6 25.2226 4
      vertex -1.20103 25.2226 5.99748
    endloop
  endfacet
  facet normal 0 -1 0
    outer loop
      vertex -1.20103 25.2226 5.99748
      vertex -6 25.2226 4
      vertex -1.24402 25.2226 5.87737
    endloop
  endfacet
  facet normal 0 -1 0
    outer loop
      vertex -1.24402 25.2226 5.87737
      vertex -6 25.2226 4
      vertex -1.27501 25.2226 5.75362
    endloop
  endfacet
  facet normal 0 -1 0
    outer loop
      vertex -1.27501 25.2226 5.75362
      vertex -6 25.2226 4
      vertex -1.29373 25.2226 5.62741
    endloop
  endfacet
  facet normal 0 -1 0
    outer loop
      vertex -1.29373 25.2226 5.62741
      vertex -6 25.2226 4
      vertex -1.29999 25.2226 5.5
    endloop
  endfacet
  facet normal 0 -1 -0
    outer loop
      vertex -1.29999 25.2226 5.5
      vertex -6 25.2226 4
      vertex -1.29373 25.2226 5.37259
    endloop
  endfacet
  facet normal 0 -1 -0
    outer loop
      vertex -1.29373 25.2226 5.37259
      vertex -6 25.2226 4
      vertex -1.27501 25.2226 5.24638
    endloop
  endfacet
  facet normal 0 -1 -0
    outer loop
      vertex -1.27501 25.2226 5.24638
      vertex -6 25.2226 4
      vertex -1.24402 25.2226 5.12263
    endloop
  endfacet
  facet normal 0 -1 -0
    outer loop
      vertex -1.24402 25.2226 5.12263
      vertex -6 25.2226 4
      vertex -1.20103 25.2226 5.00252
    endloop
  endfacet
  facet normal 0 -1 -0
    outer loop
      vertex -0.127411 25.2226 4.20627
      vertex -6 25.2226 4
      vertex 0 25.2226 4.20001
    endloop
  endfacet
  facet normal 0 -1 -0
    outer loop
      vertex -0.253616 25.2226 4.22499
      vertex -6 25.2226 4
      vertex -0.127411 25.2226 4.20627
    endloop
  endfacet
  facet normal 0 -1 -0
    outer loop
      vertex -0.377365 25.2226 4.25598
      vertex -6 25.2226 4
      vertex -0.253616 25.2226 4.22499
    endloop
  endfacet
  facet normal 0 -1 -0
    outer loop
      vertex -0.497482 25.2226 4.29897
      vertex -6 25.2226 4
      vertex -0.377365 25.2226 4.25598
    endloop
  endfacet
  facet normal 0 -1 -0
    outer loop
      vertex -0.612808 25.2226 4.35352
      vertex -6 25.2226 4
      vertex -0.497482 25.2226 4.29897
    endloop
  endfacet
  facet normal 0 -1 -0
    outer loop
      vertex -0.722229 25.2226 4.4191
      vertex -6 25.2226 4
      vertex -0.612808 25.2226 4.35352
    endloop
  endfacet
  facet normal 0 -1 -0
    outer loop
      vertex -0.824707 25.2226 4.49509
      vertex -6 25.2226 4
      vertex -0.722229 25.2226 4.4191
    endloop
  endfacet
  facet normal 0 -1 -0
    outer loop
      vertex -0.919235 25.2226 4.58076
      vertex -6 25.2226 4
      vertex -0.824707 25.2226 4.49509
    endloop
  endfacet
  facet normal 0 -1 -0
    outer loop
      vertex -1.00491 25.2226 4.67529
      vertex -6 25.2226 4
      vertex -0.919235 25.2226 4.58076
    endloop
  endfacet
  facet normal 0 -1 -0
    outer loop
      vertex -1.0809 25.2226 4.77777
      vertex -6 25.2226 4
      vertex -1.00491 25.2226 4.67529
    endloop
  endfacet
  facet normal 0 -1 -0
    outer loop
      vertex -1.14648 25.2226 4.88719
      vertex -6 25.2226 4
      vertex -1.0809 25.2226 4.77777
    endloop
  endfacet
  facet normal 0 -1 -0
    outer loop
      vertex -1.20103 25.2226 5.00252
      vertex -6 25.2226 4
      vertex -1.14648 25.2226 4.88719
    endloop
  endfacet
  facet normal 0 -1 0
    outer loop
      vertex 0.919235 25.2226 6.41924
      vertex 6 25.2226 14
      vertex 0 25.2226 7.33847
    endloop
  endfacet
  facet normal 0 -1 0
    outer loop
      vertex 1.00491 25.2226 6.32471
      vertex 6 25.2226 14
      vertex 0.919235 25.2226 6.41924
    endloop
  endfacet
  facet normal 0 -1 0
    outer loop
      vertex 1.0809 25.2226 6.22223
      vertex 6 25.2226 14
      vertex 1.00491 25.2226 6.32471
    endloop
  endfacet
  facet normal 0 -1 0
    outer loop
      vertex 6 25.2226 4
      vertex 1.0809 25.2226 6.22223
      vertex 1.14648 25.2226 6.11281
    endloop
  endfacet
  facet normal 0 -1 0
    outer loop
      vertex 6 25.2226 4
      vertex 1.14648 25.2226 6.11281
      vertex 1.20103 25.2226 5.99748
    endloop
  endfacet
  facet normal 0 -1 0
    outer loop
      vertex 6 25.2226 4
      vertex 1.20103 25.2226 5.99748
      vertex 1.24402 25.2226 5.87737
    endloop
  endfacet
  facet normal 0 -1 0
    outer loop
      vertex 6 25.2226 4
      vertex 1.24402 25.2226 5.87737
      vertex 1.27501 25.2226 5.75362
    endloop
  endfacet
  facet normal 0 -1 0
    outer loop
      vertex 6 25.2226 4
      vertex 1.27501 25.2226 5.75362
      vertex 1.29373 25.2226 5.62741
    endloop
  endfacet
  facet normal 0 -1 0
    outer loop
      vertex 6 25.2226 4
      vertex 1.29373 25.2226 5.62741
      vertex 1.29999 25.2226 5.5
    endloop
  endfacet
  facet normal 0 -1 0
    outer loop
      vertex 6 25.2226 4
      vertex 1.29999 25.2226 5.5
      vertex 1.29373 25.2226 5.37259
    endloop
  endfacet
  facet normal 0 -1 0
    outer loop
      vertex 6 25.2226 4
      vertex 1.29373 25.2226 5.37259
      vertex 1.27501 25.2226 5.24638
    endloop
  endfacet
  facet normal 0 -1 0
    outer loop
      vertex 6 25.2226 4
      vertex 1.27501 25.2226 5.24638
      vertex 1.24402 25.2226 5.12263
    endloop
  endfacet
  facet normal 0 -1 0
    outer loop
      vertex 6 25.2226 4
      vertex 1.24402 25.2226 5.12263
      vertex 1.20103 25.2226 5.00252
    endloop
  endfacet
  facet normal 0 -1 0
    outer loop
      vertex 6 25.2226 4
      vertex 1.20103 25.2226 5.00252
      vertex 1.14648 25.2226 4.88719
    endloop
  endfacet
  facet normal 0 -1 0
    outer loop
      vertex 1.0809 25.2226 6.22223
      vertex 6 25.2226 4
      vertex 6 25.2226 14
    endloop
  endfacet
  facet normal 0 -1 0
    outer loop
      vertex 1.0809 25.2226 4.77777
      vertex 6 25.2226 4
      vertex 1.14648 25.2226 4.88719
    endloop
  endfacet
  facet normal 0 -1 0
    outer loop
      vertex 1.00491 25.2226 4.67529
      vertex 6 25.2226 4
      vertex 1.0809 25.2226 4.77777
    endloop
  endfacet
  facet normal 0 -1 0
    outer loop
      vertex 0.919235 25.2226 4.58076
      vertex 6 25.2226 4
      vertex 1.00491 25.2226 4.67529
    endloop
  endfacet
  facet normal 0 -1 0
    outer loop
      vertex 0.824707 25.2226 4.49509
      vertex 6 25.2226 4
      vertex 0.919235 25.2226 4.58076
    endloop
  endfacet
  facet normal 0 -1 0
    outer loop
      vertex 0.722229 25.2226 4.4191
      vertex 6 25.2226 4
      vertex 0.824707 25.2226 4.49509
    endloop
  endfacet
  facet normal 0 -1 0
    outer loop
      vertex 0.612808 25.2226 4.35352
      vertex 6 25.2226 4
      vertex 0.722229 25.2226 4.4191
    endloop
  endfacet
  facet normal 0 -1 0
    outer loop
      vertex 0.497482 25.2226 4.29897
      vertex 6 25.2226 4
      vertex 0.612808 25.2226 4.35352
    endloop
  endfacet
  facet normal 0 -1 0
    outer loop
      vertex 0.377365 25.2226 4.25598
      vertex 6 25.2226 4
      vertex 0.497482 25.2226 4.29897
    endloop
  endfacet
  facet normal 0 -1 0
    outer loop
      vertex 0.253616 25.2226 4.22499
      vertex 6 25.2226 4
      vertex 0.377365 25.2226 4.25598
    endloop
  endfacet
  facet normal 0 -1 0
    outer loop
      vertex 0.127411 25.2226 4.20627
      vertex 6 25.2226 4
      vertex 0.253616 25.2226 4.22499
    endloop
  endfacet
  facet normal 0 -1 0
    outer loop
      vertex 0 25.2226 4.20001
      vertex 6 25.2226 4
      vertex 0.127411 25.2226 4.20627
    endloop
  endfacet
  facet normal 0 -1 0
    outer loop
      vertex 6 25.2226 4
      vertex 0 25.2226 4.20001
      vertex -6 25.2226 4
    endloop
  endfacet
  facet normal -0.803261 0 -0.595627
    outer loop
      vertex 1.0809 25.2226 6.22223
      vertex 1.00491 33.2226 6.32471
      vertex 1.0809 33.2226 6.22223
    endloop
  endfacet
  facet normal -0.803261 -0 -0.595627
    outer loop
      vertex 1.00491 33.2226 6.32471
      vertex 1.0809 25.2226 6.22223
      vertex 1.00491 25.2226 6.32471
    endloop
  endfacet
  facet normal -0.707105 0 -0.707109
    outer loop
      vertex 0.919235 25.2226 6.41924
      vertex 0 33.2226 7.33847
      vertex 0.919235 33.2226 6.41924
    endloop
  endfacet
  facet normal -0.707105 -0 -0.707109
    outer loop
      vertex 0 33.2226 7.33847
      vertex 0.919235 25.2226 6.41924
      vertex 0 25.2226 7.33847
    endloop
  endfacet
  facet normal 0.740959 -0 0.67155
    outer loop
      vertex -1.00491 25.2226 4.67529
      vertex -0.919235 32.5178 4.58076
      vertex -1.00491 32.522 4.67529
    endloop
  endfacet
  facet normal 0.740959 0 0.67155
    outer loop
      vertex -0.919235 32.5178 4.58076
      vertex -1.00491 25.2226 4.67529
      vertex -0.919235 25.2226 4.58076
    endloop
  endfacet
  facet normal -0.740959 0 -0.67155
    outer loop
      vertex 1.00491 25.2226 6.32471
      vertex 0.919235 33.2226 6.41924
      vertex 1.00491 33.2226 6.32471
    endloop
  endfacet
  facet normal -0.740959 -0 -0.67155
    outer loop
      vertex 0.919235 33.2226 6.41924
      vertex 1.00491 25.2226 6.32471
      vertex 0.919235 25.2226 6.41924
    endloop
  endfacet
  facet normal -0.671537 0 0.740971
    outer loop
      vertex 0.824707 32.5132 4.49509
      vertex 0.919235 25.2226 4.58076
      vertex 0.919235 32.5178 4.58076
    endloop
  endfacet
  facet normal -0.671537 0 0.740971
    outer loop
      vertex 0.919235 25.2226 4.58076
      vertex 0.824707 32.5132 4.49509
      vertex 0.824707 25.2226 4.49509
    endloop
  endfacet
  facet normal 0.857742 -0 0.514081
    outer loop
      vertex -1.14648 25.2226 4.88719
      vertex -1.0809 32.5309 4.77777
      vertex -1.14648 32.5406 4.88719
    endloop
  endfacet
  facet normal 0.857742 0 0.514081
    outer loop
      vertex -1.0809 32.5309 4.77777
      vertex -1.14648 25.2226 4.88719
      vertex -1.0809 25.2226 4.77777
    endloop
  endfacet
  facet normal -0.998795 0 0.0490735
    outer loop
      vertex 1.29373 25.2226 5.37259
      vertex 1.29999 33.2226 5.5
      vertex 1.29373 33.2226 5.37259
    endloop
  endfacet
  facet normal -0.998795 0 0.0490735
    outer loop
      vertex 1.29999 33.2226 5.5
      vertex 1.29373 25.2226 5.37259
      vertex 1.29999 25.2226 5.5
    endloop
  endfacet
  facet normal 0.0490731 -0 0.998795
    outer loop
      vertex -0.127411 25.2226 4.20627
      vertex 0 32.4726 4.20001
      vertex -0.127411 32.4789 4.20627
    endloop
  endfacet
  facet normal 0.0490731 0 0.998795
    outer loop
      vertex 0 32.4726 4.20001
      vertex -0.127411 25.2226 4.20627
      vertex 0 25.2226 4.20001
    endloop
  endfacet
  facet normal -0.514077 0 0.857744
    outer loop
      vertex 0.612808 32.5027 4.35352
      vertex 0.722229 25.2226 4.4191
      vertex 0.722229 32.5081 4.4191
    endloop
  endfacet
  facet normal -0.514077 0 0.857744
    outer loop
      vertex 0.722229 25.2226 4.4191
      vertex 0.612808 32.5027 4.35352
      vertex 0.612808 25.2226 4.35352
    endloop
  endfacet
  facet normal 0.941509 0 -0.336987
    outer loop
      vertex -1.20103 25.2226 5.99748
      vertex -1.24402 33.2226 5.87737
      vertex -1.20103 33.2226 5.99748
    endloop
  endfacet
  facet normal 0.941509 0 -0.336987
    outer loop
      vertex -1.24402 33.2226 5.87737
      vertex -1.20103 25.2226 5.99748
      vertex -1.24402 25.2226 5.87737
    endloop
  endfacet
  facet normal 0.740959 0 -0.67155
    outer loop
      vertex -0.919235 25.2226 6.41924
      vertex -1.00491 33.2226 6.32471
      vertex -0.919235 33.2226 6.41924
    endloop
  endfacet
  facet normal 0.740959 0 -0.67155
    outer loop
      vertex -1.00491 33.2226 6.32471
      vertex -0.919235 25.2226 6.41924
      vertex -1.00491 25.2226 6.32471
    endloop
  endfacet
  facet normal 0.803261 0 -0.595627
    outer loop
      vertex -1.00491 25.2226 6.32471
      vertex -1.0809 33.2226 6.22223
      vertex -1.00491 33.2226 6.32471
    endloop
  endfacet
  facet normal 0.803261 0 -0.595627
    outer loop
      vertex -1.0809 33.2226 6.22223
      vertex -1.00491 25.2226 6.32471
      vertex -1.0809 25.2226 6.22223
    endloop
  endfacet
  facet normal 0.90398 0 -0.427574
    outer loop
      vertex -1.14648 25.2226 6.11281
      vertex -1.20103 33.2226 5.99748
      vertex -1.14648 33.2226 6.11281
    endloop
  endfacet
  facet normal 0.90398 0 -0.427574
    outer loop
      vertex -1.20103 33.2226 5.99748
      vertex -1.14648 25.2226 6.11281
      vertex -1.20103 25.2226 5.99748
    endloop
  endfacet
  facet normal 0.336969 -0 0.941516
    outer loop
      vertex -0.497482 25.2226 4.29897
      vertex -0.377365 32.4912 4.25598
      vertex -0.497482 32.4971 4.29897
    endloop
  endfacet
  facet normal 0.336969 0 0.941516
    outer loop
      vertex -0.377365 32.4912 4.25598
      vertex -0.497482 25.2226 4.29897
      vertex -0.377365 25.2226 4.25598
    endloop
  endfacet
  facet normal -0.427586 0 0.903975
    outer loop
      vertex 0.497482 32.4971 4.29897
      vertex 0.612808 25.2226 4.35352
      vertex 0.612808 32.5027 4.35352
    endloop
  endfacet
  facet normal -0.427586 0 0.903975
    outer loop
      vertex 0.612808 25.2226 4.35352
      vertex 0.497482 32.4971 4.29897
      vertex 0.497482 25.2226 4.29897
    endloop
  endfacet
  facet normal 0.242925 -0 0.970045
    outer loop
      vertex -0.377365 25.2226 4.25598
      vertex -0.253616 32.4851 4.22499
      vertex -0.377365 32.4912 4.25598
    endloop
  endfacet
  facet normal 0.242925 0 0.970045
    outer loop
      vertex -0.253616 32.4851 4.22499
      vertex -0.377365 25.2226 4.25598
      vertex -0.253616 25.2226 4.22499
    endloop
  endfacet
  facet normal -0.941509 0 0.336987
    outer loop
      vertex 1.20103 25.2226 5.00252
      vertex 1.24402 33.2226 5.12263
      vertex 1.20103 33.2226 5.00252
    endloop
  endfacet
  facet normal -0.941509 0 0.336987
    outer loop
      vertex 1.24402 33.2226 5.12263
      vertex 1.20103 25.2226 5.00252
      vertex 1.24402 25.2226 5.12263
    endloop
  endfacet
  facet normal -0.970046 0 0.242923
    outer loop
      vertex 1.24402 25.2226 5.12263
      vertex 1.27501 33.2226 5.24638
      vertex 1.24402 33.2226 5.12263
    endloop
  endfacet
  facet normal -0.970046 0 0.242923
    outer loop
      vertex 1.27501 33.2226 5.24638
      vertex 1.24402 25.2226 5.12263
      vertex 1.27501 25.2226 5.24638
    endloop
  endfacet
  facet normal -0.857742 0 -0.514081
    outer loop
      vertex 1.14648 25.2226 6.11281
      vertex 1.0809 33.2226 6.22223
      vertex 1.14648 33.2226 6.11281
    endloop
  endfacet
  facet normal -0.857742 -0 -0.514081
    outer loop
      vertex 1.0809 33.2226 6.22223
      vertex 1.14648 25.2226 6.11281
      vertex 1.0809 25.2226 6.22223
    endloop
  endfacet
  facet normal 0.904249 0 0.427006
    outer loop
      vertex -1.20103 33.2226 5.00252
      vertex -1.19984 32.5485 5
      vertex -1.19984 33.2226 5
    endloop
  endfacet
  facet normal 0.904249 -0 0.427006
    outer loop
      vertex -1.20103 25.2226 5.00252
      vertex -1.19984 32.5485 5
      vertex -1.20103 33.2226 5.00252
    endloop
  endfacet
  facet normal 0.903974 2.44245e-07 0.427587
    outer loop
      vertex -1.20103 25.2226 5.00252
      vertex -1.14648 32.5406 4.88719
      vertex -1.19984 32.5485 5
    endloop
  endfacet
  facet normal 0.90398 0 0.427574
    outer loop
      vertex -1.14648 32.5406 4.88719
      vertex -1.20103 25.2226 5.00252
      vertex -1.14648 25.2226 4.88719
    endloop
  endfacet
  facet normal 0.970046 -0 0.242923
    outer loop
      vertex -1.27501 25.2226 5.24638
      vertex -1.24402 33.2226 5.12263
      vertex -1.27501 33.2226 5.24638
    endloop
  endfacet
  facet normal 0.970046 0 0.242923
    outer loop
      vertex -1.24402 33.2226 5.12263
      vertex -1.27501 25.2226 5.24638
      vertex -1.24402 25.2226 5.12263
    endloop
  endfacet
  facet normal 0.998795 -0 0.0490735
    outer loop
      vertex -1.29999 25.2226 5.5
      vertex -1.29373 33.2226 5.37259
      vertex -1.29999 33.2226 5.5
    endloop
  endfacet
  facet normal 0.998795 0 0.0490735
    outer loop
      vertex -1.29373 33.2226 5.37259
      vertex -1.29999 25.2226 5.5
      vertex -1.29373 25.2226 5.37259
    endloop
  endfacet
  facet normal 0.707105 0 -0.707109
    outer loop
      vertex 0 25.2226 7.33847
      vertex -0.919235 33.2226 6.41924
      vertex 0 33.2226 7.33847
    endloop
  endfacet
  facet normal 0.707105 0 -0.707109
    outer loop
      vertex -0.919235 33.2226 6.41924
      vertex 0 25.2226 7.33847
      vertex -0.919235 25.2226 6.41924
    endloop
  endfacet
  facet normal 0.857742 0 -0.514081
    outer loop
      vertex -1.0809 25.2226 6.22223
      vertex -1.14648 33.2226 6.11281
      vertex -1.0809 33.2226 6.22223
    endloop
  endfacet
  facet normal 0.857742 0 -0.514081
    outer loop
      vertex -1.14648 33.2226 6.11281
      vertex -1.0809 25.2226 6.22223
      vertex -1.14648 25.2226 6.11281
    endloop
  endfacet
  facet normal -0.595634 0 0.803256
    outer loop
      vertex 0.722229 32.5081 4.4191
      vertex 0.824707 25.2226 4.49509
      vertex 0.824707 32.5132 4.49509
    endloop
  endfacet
  facet normal -0.595634 0 0.803256
    outer loop
      vertex 0.824707 25.2226 4.49509
      vertex 0.722229 32.5081 4.4191
      vertex 0.722229 25.2226 4.4191
    endloop
  endfacet
  facet normal -0.336969 0 0.941516
    outer loop
      vertex 0.377365 32.4912 4.25598
      vertex 0.497482 25.2226 4.29897
      vertex 0.497482 32.4971 4.29897
    endloop
  endfacet
  facet normal -0.336969 0 0.941516
    outer loop
      vertex 0.497482 25.2226 4.29897
      vertex 0.377365 32.4912 4.25598
      vertex 0.377365 25.2226 4.25598
    endloop
  endfacet
  facet normal -0.242925 0 0.970045
    outer loop
      vertex 0.253616 32.4851 4.22499
      vertex 0.377365 25.2226 4.25598
      vertex 0.377365 32.4912 4.25598
    endloop
  endfacet
  facet normal -0.242925 0 0.970045
    outer loop
      vertex 0.377365 25.2226 4.25598
      vertex 0.253616 32.4851 4.22499
      vertex 0.253616 25.2226 4.22499
    endloop
  endfacet
  facet normal -0.0490731 0 0.998795
    outer loop
      vertex 0 32.4726 4.20001
      vertex 0.127411 25.2226 4.20627
      vertex 0.127411 32.4789 4.20627
    endloop
  endfacet
  facet normal -0.0490731 0 0.998795
    outer loop
      vertex 0.127411 25.2226 4.20627
      vertex 0 32.4726 4.20001
      vertex 0 25.2226 4.20001
    endloop
  endfacet
  facet normal -0.146725 0 0.989177
    outer loop
      vertex 0.127411 32.4789 4.20627
      vertex 0.253616 25.2226 4.22499
      vertex 0.253616 32.4851 4.22499
    endloop
  endfacet
  facet normal -0.146725 0 0.989177
    outer loop
      vertex 0.253616 25.2226 4.22499
      vertex 0.127411 32.4789 4.20627
      vertex 0.127411 25.2226 4.20627
    endloop
  endfacet
  facet normal 0.146725 -0 0.989177
    outer loop
      vertex -0.253616 25.2226 4.22499
      vertex -0.127411 32.4789 4.20627
      vertex -0.253616 32.4851 4.22499
    endloop
  endfacet
  facet normal 0.146725 0 0.989177
    outer loop
      vertex -0.127411 32.4789 4.20627
      vertex -0.253616 25.2226 4.22499
      vertex -0.127411 25.2226 4.20627
    endloop
  endfacet
  facet normal 0.427586 -0 0.903975
    outer loop
      vertex -0.612808 25.2226 4.35352
      vertex -0.497482 32.4971 4.29897
      vertex -0.612808 32.5027 4.35352
    endloop
  endfacet
  facet normal 0.427586 0 0.903975
    outer loop
      vertex -0.497482 32.4971 4.29897
      vertex -0.612808 25.2226 4.35352
      vertex -0.497482 25.2226 4.29897
    endloop
  endfacet
  facet normal 0.514077 -0 0.857744
    outer loop
      vertex -0.722229 25.2226 4.4191
      vertex -0.612808 32.5027 4.35352
      vertex -0.722229 32.5081 4.4191
    endloop
  endfacet
  facet normal 0.514077 0 0.857744
    outer loop
      vertex -0.612808 32.5027 4.35352
      vertex -0.722229 25.2226 4.4191
      vertex -0.612808 25.2226 4.35352
    endloop
  endfacet
  facet normal 0.595634 -0 0.803256
    outer loop
      vertex -0.824707 25.2226 4.49509
      vertex -0.722229 32.5081 4.4191
      vertex -0.824707 32.5132 4.49509
    endloop
  endfacet
  facet normal 0.595634 0 0.803256
    outer loop
      vertex -0.722229 32.5081 4.4191
      vertex -0.824707 25.2226 4.49509
      vertex -0.722229 25.2226 4.4191
    endloop
  endfacet
  facet normal -0.989178 0 0.146719
    outer loop
      vertex 1.27501 25.2226 5.24638
      vertex 1.29373 33.2226 5.37259
      vertex 1.27501 33.2226 5.24638
    endloop
  endfacet
  facet normal -0.989178 0 0.146719
    outer loop
      vertex 1.29373 33.2226 5.37259
      vertex 1.27501 25.2226 5.24638
      vertex 1.29373 25.2226 5.37259
    endloop
  endfacet
  facet normal -0.904249 0 0.427006
    outer loop
      vertex 1.19984 32.5485 5
      vertex 1.20103 33.2226 5.00252
      vertex 1.19984 33.2226 5
    endloop
  endfacet
  facet normal -0.90398 0 0.427574
    outer loop
      vertex 1.20103 25.2226 5.00252
      vertex 1.14648 32.5406 4.88719
      vertex 1.14648 25.2226 4.88719
    endloop
  endfacet
  facet normal -0.904249 0 0.427006
    outer loop
      vertex 1.19984 32.5485 5
      vertex 1.20103 25.2226 5.00252
      vertex 1.20103 33.2226 5.00252
    endloop
  endfacet
  facet normal -0.903974 2.44245e-07 0.427587
    outer loop
      vertex 1.14648 32.5406 4.88719
      vertex 1.20103 25.2226 5.00252
      vertex 1.19984 32.5485 5
    endloop
  endfacet
  facet normal -0.857742 0 0.514081
    outer loop
      vertex 1.14648 25.2226 4.88719
      vertex 1.0809 32.5309 4.77777
      vertex 1.0809 25.2226 4.77777
    endloop
  endfacet
  facet normal -0.857742 0 0.514081
    outer loop
      vertex 1.0809 32.5309 4.77777
      vertex 1.14648 25.2226 4.88719
      vertex 1.14648 32.5406 4.88719
    endloop
  endfacet
  facet normal -0.803261 0 0.595627
    outer loop
      vertex 1.0809 25.2226 4.77777
      vertex 1.00491 32.522 4.67529
      vertex 1.00491 25.2226 4.67529
    endloop
  endfacet
  facet normal -0.803257 1.24001e-07 0.595632
    outer loop
      vertex 1.00491 32.522 4.67529
      vertex 1.0809 25.2226 4.77777
      vertex 1.02918 32.5232 4.70802
    endloop
  endfacet
  facet normal -0.803263 0 0.595624
    outer loop
      vertex 1.02918 32.5232 4.70802
      vertex 1.0809 25.2226 4.77777
      vertex 1.0809 32.5309 4.77777
    endloop
  endfacet
  facet normal -0.989178 0 -0.146719
    outer loop
      vertex 1.29373 25.2226 5.62741
      vertex 1.27501 33.2226 5.75362
      vertex 1.29373 33.2226 5.62741
    endloop
  endfacet
  facet normal -0.989178 -0 -0.146719
    outer loop
      vertex 1.27501 33.2226 5.75362
      vertex 1.29373 25.2226 5.62741
      vertex 1.27501 25.2226 5.75362
    endloop
  endfacet
  facet normal -0.970046 0 -0.242923
    outer loop
      vertex 1.27501 25.2226 5.75362
      vertex 1.24402 33.2226 5.87737
      vertex 1.27501 33.2226 5.75362
    endloop
  endfacet
  facet normal -0.970046 -0 -0.242923
    outer loop
      vertex 1.24402 33.2226 5.87737
      vertex 1.27501 25.2226 5.75362
      vertex 1.24402 25.2226 5.87737
    endloop
  endfacet
  facet normal -0.998795 0 -0.0490735
    outer loop
      vertex 1.29999 25.2226 5.5
      vertex 1.29373 33.2226 5.62741
      vertex 1.29999 33.2226 5.5
    endloop
  endfacet
  facet normal -0.998795 -0 -0.0490735
    outer loop
      vertex 1.29373 33.2226 5.62741
      vertex 1.29999 25.2226 5.5
      vertex 1.29373 25.2226 5.62741
    endloop
  endfacet
  facet normal -0.941509 0 -0.336987
    outer loop
      vertex 1.24402 25.2226 5.87737
      vertex 1.20103 33.2226 5.99748
      vertex 1.24402 33.2226 5.87737
    endloop
  endfacet
  facet normal -0.941509 -0 -0.336987
    outer loop
      vertex 1.20103 33.2226 5.99748
      vertex 1.24402 25.2226 5.87737
      vertex 1.20103 25.2226 5.99748
    endloop
  endfacet
  facet normal 0.803263 -0 0.595624
    outer loop
      vertex -1.0809 25.2226 4.77777
      vertex -1.02918 32.5232 4.70802
      vertex -1.0809 32.5309 4.77777
    endloop
  endfacet
  facet normal 0.803257 1.24001e-07 0.595632
    outer loop
      vertex -1.0809 25.2226 4.77777
      vertex -1.00491 32.522 4.67529
      vertex -1.02918 32.5232 4.70802
    endloop
  endfacet
  facet normal 0.803261 0 0.595627
    outer loop
      vertex -1.00491 32.522 4.67529
      vertex -1.0809 25.2226 4.77777
      vertex -1.00491 25.2226 4.67529
    endloop
  endfacet
  facet normal 0.989178 -0 0.146719
    outer loop
      vertex -1.29373 25.2226 5.37259
      vertex -1.27501 33.2226 5.24638
      vertex -1.29373 33.2226 5.37259
    endloop
  endfacet
  facet normal 0.989178 0 0.146719
    outer loop
      vertex -1.27501 33.2226 5.24638
      vertex -1.29373 25.2226 5.37259
      vertex -1.27501 25.2226 5.24638
    endloop
  endfacet
  facet normal 0.941509 -0 0.336987
    outer loop
      vertex -1.24402 25.2226 5.12263
      vertex -1.20103 33.2226 5.00252
      vertex -1.24402 33.2226 5.12263
    endloop
  endfacet
  facet normal 0.941509 0 0.336987
    outer loop
      vertex -1.20103 33.2226 5.00252
      vertex -1.24402 25.2226 5.12263
      vertex -1.20103 25.2226 5.00252
    endloop
  endfacet
  facet normal 0.989178 0 -0.146719
    outer loop
      vertex -1.27501 25.2226 5.75362
      vertex -1.29373 33.2226 5.62741
      vertex -1.27501 33.2226 5.75362
    endloop
  endfacet
  facet normal 0.989178 0 -0.146719
    outer loop
      vertex -1.29373 33.2226 5.62741
      vertex -1.27501 25.2226 5.75362
      vertex -1.29373 25.2226 5.62741
    endloop
  endfacet
  facet normal 0.998795 0 -0.0490735
    outer loop
      vertex -1.29373 25.2226 5.62741
      vertex -1.29999 33.2226 5.5
      vertex -1.29373 33.2226 5.62741
    endloop
  endfacet
  facet normal 0.998795 0 -0.0490735
    outer loop
      vertex -1.29999 33.2226 5.5
      vertex -1.29373 25.2226 5.62741
      vertex -1.29999 25.2226 5.5
    endloop
  endfacet
  facet normal 0.671537 -0 0.740971
    outer loop
      vertex -0.919235 25.2226 4.58076
      vertex -0.824707 32.5132 4.49509
      vertex -0.919235 32.5178 4.58076
    endloop
  endfacet
  facet normal 0.671537 0 0.740971
    outer loop
      vertex -0.824707 32.5132 4.49509
      vertex -0.919235 25.2226 4.58076
      vertex -0.824707 25.2226 4.49509
    endloop
  endfacet
  facet normal -0.740959 0 0.67155
    outer loop
      vertex 1.00491 25.2226 4.67529
      vertex 0.919235 32.5178 4.58076
      vertex 0.919235 25.2226 4.58076
    endloop
  endfacet
  facet normal -0.740959 0 0.67155
    outer loop
      vertex 0.919235 32.5178 4.58076
      vertex 1.00491 25.2226 4.67529
      vertex 1.00491 32.522 4.67529
    endloop
  endfacet
  facet normal -0.90398 0 -0.427574
    outer loop
      vertex 1.20103 25.2226 5.99748
      vertex 1.14648 33.2226 6.11281
      vertex 1.20103 33.2226 5.99748
    endloop
  endfacet
  facet normal -0.90398 -0 -0.427574
    outer loop
      vertex 1.14648 33.2226 6.11281
      vertex 1.20103 25.2226 5.99748
      vertex 1.14648 25.2226 6.11281
    endloop
  endfacet
  facet normal 0.970046 0 -0.242923
    outer loop
      vertex -1.24402 25.2226 5.87737
      vertex -1.27501 33.2226 5.75362
      vertex -1.24402 33.2226 5.87737
    endloop
  endfacet
  facet normal 0.970046 0 -0.242923
    outer loop
      vertex -1.27501 33.2226 5.75362
      vertex -1.24402 25.2226 5.87737
      vertex -1.27501 25.2226 5.75362
    endloop
  endfacet
  facet normal -1 0 0
    outer loop
      vertex -71.95 39.9493 4
      vertex -71.95 -61.5507 11.99
      vertex -71.95 39.9493 34
    endloop
  endfacet
  facet normal -1 0 0
    outer loop
      vertex -71.95 -64.5507 4
      vertex -71.95 -61.5507 11.99
      vertex -71.95 39.9493 4
    endloop
  endfacet
  facet normal -1 -0 0
    outer loop
      vertex -71.95 -61.5507 11.99
      vertex -71.95 -64.5507 4
      vertex -71.95 -64.5507 11.99
    endloop
  endfacet
  facet normal -1 -0 0
    outer loop
      vertex -71.95 39.9493 34
      vertex -71.95 -61.5507 11.99
      vertex -71.95 -61.5507 34
    endloop
  endfacet
  facet normal 0 0 1
    outer loop
      vertex -42.45 39.9493 34
      vertex -44.45 37.9493 34
      vertex -42.45 -61.5507 34
    endloop
  endfacet
  facet normal 0 0 1
    outer loop
      vertex -42.45 39.9493 34
      vertex -69.95 37.9493 34
      vertex -44.45 37.9493 34
    endloop
  endfacet
  facet normal -0 0 1
    outer loop
      vertex -71.95 39.9493 34
      vertex -69.95 37.9493 34
      vertex -42.45 39.9493 34
    endloop
  endfacet
  facet normal 0 0 1
    outer loop
      vertex -71.95 -61.5507 34
      vertex -69.95 37.9493 34
      vertex -71.95 39.9493 34
    endloop
  endfacet
  facet normal 0 0 1
    outer loop
      vertex -69.95 37.9493 34
      vertex -71.95 -61.5507 34
      vertex -69.95 -61.5507 34
    endloop
  endfacet
  facet normal 0 0 1
    outer loop
      vertex -42.45 -61.5507 34
      vertex -44.45 37.9493 34
      vertex -44.45 -61.5507 34
    endloop
  endfacet
  facet normal 1 0 0
    outer loop
      vertex -42.45 39.9493 34
      vertex -42.45 -24.4 8
      vertex -42.45 39.9493 4
    endloop
  endfacet
  facet normal 1 -0 0
    outer loop
      vertex -42.45 -61.5507 34
      vertex -42.45 -24.4 8
      vertex -42.45 39.9493 34
    endloop
  endfacet
  facet normal 1 0 0
    outer loop
      vertex -42.45 -26 8
      vertex -42.45 -34 8
      vertex -42.45 -26 4
    endloop
  endfacet
  facet normal 1 0 0
    outer loop
      vertex -42.45 -24.4 8
      vertex -42.45 -61.5507 34
      vertex -42.45 -26 8
    endloop
  endfacet
  facet normal 1 0 0
    outer loop
      vertex -42.45 -26 8
      vertex -42.45 -61.5507 34
      vertex -42.45 -34 8
    endloop
  endfacet
  facet normal 1 0 0
    outer loop
      vertex -42.45 -34 8
      vertex -42.45 -61.5507 34
      vertex -42.45 -35.6 8
    endloop
  endfacet
  facet normal 1 -0 0
    outer loop
      vertex -42.45 -61.5507 11.99
      vertex -42.45 -35.6 8
      vertex -42.45 -61.5507 34
    endloop
  endfacet
  facet normal 1 0 0
    outer loop
      vertex -42.45 -35.6 8
      vertex -42.45 -61.5507 11.99
      vertex -42.45 -35.6 4
    endloop
  endfacet
  facet normal 1 0 0
    outer loop
      vertex -42.45 -64.5507 4
      vertex -42.45 -61.5507 11.99
      vertex -42.45 -64.5507 11.99
    endloop
  endfacet
  facet normal 1 0 0
    outer loop
      vertex -42.45 -61.5507 11.99
      vertex -42.45 -64.5507 4
      vertex -42.45 -35.6 4
    endloop
  endfacet
  facet normal 1 0 0
    outer loop
      vertex -42.45 39.9493 4
      vertex -42.45 -24.4 8
      vertex -42.45 -24.4 4
    endloop
  endfacet
  facet normal 1 0 0
    outer loop
      vertex -42.45 -26 4
      vertex -42.45 -34 8
      vertex -42.45 -34 4
    endloop
  endfacet
  facet normal 0 1 -0
    outer loop
      vertex -42.45 39.9493 4
      vertex -71.95 39.9493 34
      vertex -42.45 39.9493 34
    endloop
  endfacet
  facet normal 0 1 0
    outer loop
      vertex -71.95 39.9493 34
      vertex -42.45 39.9493 4
      vertex -71.95 39.9493 4
    endloop
  endfacet
  facet normal 0 -1 0
    outer loop
      vertex -71.95 -64.5507 4
      vertex -42.45 -64.5507 11.99
      vertex -71.95 -64.5507 11.99
    endloop
  endfacet
  facet normal 0 -1 -0
    outer loop
      vertex -42.45 -64.5507 11.99
      vertex -71.95 -64.5507 4
      vertex -42.45 -64.5507 4
    endloop
  endfacet
  facet normal 1 0 0
    outer loop
      vertex -69.95 -61.5507 11.99
      vertex -69.95 37.9493 34
      vertex -69.95 -61.5507 34
    endloop
  endfacet
  facet normal 1 0 0
    outer loop
      vertex -69.95 37.9493 34
      vertex -69.95 -61.5507 11.99
      vertex -69.95 37.9493 4
    endloop
  endfacet
  facet normal 1 0 0
    outer loop
      vertex -69.95 -62.5507 4
      vertex -69.95 -61.5507 11.99
      vertex -69.95 -62.5507 11.99
    endloop
  endfacet
  facet normal 1 0 0
    outer loop
      vertex -69.95 -61.5507 11.99
      vertex -69.95 -62.5507 4
      vertex -69.95 37.9493 4
    endloop
  endfacet
  facet normal -1 0 0
    outer loop
      vertex -44.45 37.9493 4
      vertex -44.45 -61.5507 11.99
      vertex -44.45 37.9493 34
    endloop
  endfacet
  facet normal -1 0 0
    outer loop
      vertex -44.45 -62.5507 4
      vertex -44.45 -61.5507 11.99
      vertex -44.45 37.9493 4
    endloop
  endfacet
  facet normal -1 -0 0
    outer loop
      vertex -44.45 -61.5507 11.99
      vertex -44.45 -62.5507 4
      vertex -44.45 -62.5507 11.99
    endloop
  endfacet
  facet normal -1 -0 0
    outer loop
      vertex -44.45 37.9493 34
      vertex -44.45 -61.5507 11.99
      vertex -44.45 -61.5507 34
    endloop
  endfacet
  facet normal 0 1 -0
    outer loop
      vertex -44.45 -62.5507 4
      vertex -69.95 -62.5507 11.99
      vertex -44.45 -62.5507 11.99
    endloop
  endfacet
  facet normal 0 1 0
    outer loop
      vertex -69.95 -62.5507 11.99
      vertex -44.45 -62.5507 4
      vertex -69.95 -62.5507 4
    endloop
  endfacet
  facet normal 0 -1 0
    outer loop
      vertex -69.95 37.9493 4
      vertex -44.45 37.9493 34
      vertex -69.95 37.9493 34
    endloop
  endfacet
  facet normal 0 -1 -0
    outer loop
      vertex -44.45 37.9493 34
      vertex -69.95 37.9493 4
      vertex -44.45 37.9493 4
    endloop
  endfacet
  facet normal 0 -1 0
    outer loop
      vertex -71.95 -61.5507 11.99
      vertex -69.95 -61.5507 34
      vertex -71.95 -61.5507 34
    endloop
  endfacet
  facet normal 0 -1 -0
    outer loop
      vertex -69.95 -61.5507 34
      vertex -71.95 -61.5507 11.99
      vertex -69.95 -61.5507 11.99
    endloop
  endfacet
  facet normal 0 -1 0
    outer loop
      vertex -44.45 -61.5507 11.99
      vertex -42.45 -61.5507 34
      vertex -44.45 -61.5507 34
    endloop
  endfacet
  facet normal 0 -1 -0
    outer loop
      vertex -42.45 -61.5507 34
      vertex -44.45 -61.5507 11.99
      vertex -42.45 -61.5507 11.99
    endloop
  endfacet
  facet normal 0 0 1
    outer loop
      vertex -69.95 -61.5507 11.99
      vertex -71.95 -61.5507 11.99
      vertex -69.95 -62.5507 11.99
    endloop
  endfacet
  facet normal 0 0 1
    outer loop
      vertex -44.45 -62.5507 11.99
      vertex -42.45 -61.5507 11.99
      vertex -44.45 -61.5507 11.99
    endloop
  endfacet
  facet normal 0 0 1
    outer loop
      vertex -42.45 -61.5507 11.99
      vertex -44.45 -62.5507 11.99
      vertex -42.45 -64.5507 11.99
    endloop
  endfacet
  facet normal -0 0 1
    outer loop
      vertex -69.95 -62.5507 11.99
      vertex -42.45 -64.5507 11.99
      vertex -44.45 -62.5507 11.99
    endloop
  endfacet
  facet normal 0 0 1
    outer loop
      vertex -69.95 -62.5507 11.99
      vertex -71.95 -64.5507 11.99
      vertex -42.45 -64.5507 11.99
    endloop
  endfacet
  facet normal 0 0 1
    outer loop
      vertex -71.95 -64.5507 11.99
      vertex -69.95 -62.5507 11.99
      vertex -71.95 -61.5507 11.99
    endloop
  endfacet
  facet normal -1 0 0
    outer loop
      vertex 44.7 -39.7 4
      vertex 44.7 -34.7 9.8
      vertex 44.7 -34.7 4
    endloop
  endfacet
  facet normal -1 -0 0
    outer loop
      vertex 44.7 -34.7 9.8
      vertex 44.7 -39.7 4
      vertex 44.7 -39.7 9.8
    endloop
  endfacet
  facet normal 0 0 1
    outer loop
      vertex 46.3 -34.7 9.8
      vertex 44.7 -34.7 9.8
      vertex 46.3 -38.1 9.8
    endloop
  endfacet
  facet normal -0 0 1
    outer loop
      vertex 46.3 -38.1 9.8
      vertex 49.7 -39.7 9.8
      vertex 49.7 -38.1 9.8
    endloop
  endfacet
  facet normal 0 0 1
    outer loop
      vertex 46.3 -38.1 9.8
      vertex 44.7 -39.7 9.8
      vertex 49.7 -39.7 9.8
    endloop
  endfacet
  facet normal 0 0 1
    outer loop
      vertex 44.7 -39.7 9.8
      vertex 46.3 -38.1 9.8
      vertex 44.7 -34.7 9.8
    endloop
  endfacet
  facet normal 1 0 0
    outer loop
      vertex 46.3 -34.7 9.8
      vertex 46.3 -35.1 7
      vertex 46.3 -34.7 4
    endloop
  endfacet
  facet normal 1 0 0
    outer loop
      vertex 46.3 -37.5 8.79
      vertex 46.3 -34.7 9.8
      vertex 46.3 -37.5 8.8
    endloop
  endfacet
  facet normal 1 -0 0
    outer loop
      vertex 46.3 -38.1 9.8
      vertex 46.3 -37.5 8.8
      vertex 46.3 -34.7 9.8
    endloop
  endfacet
  facet normal 1 0 0
    outer loop
      vertex 46.3 -37.5 8.8
      vertex 46.3 -38.1 9.8
      vertex 46.3 -38.1 9.79
    endloop
  endfacet
  facet normal 1 0 0
    outer loop
      vertex 46.3 -34.7 4
      vertex 46.3 -35.1 7
      vertex 46.3 -35.1 4
    endloop
  endfacet
  facet normal 1 0 0
    outer loop
      vertex 46.3 -34.7 9.8
      vertex 46.3 -37.5 8.79
      vertex 46.3 -35.1 7
    endloop
  endfacet
  facet normal 1 0 0
    outer loop
      vertex 46.3 -37.5 8.79
      vertex 46.3 -38.1 7
      vertex 46.3 -35.1 7
    endloop
  endfacet
  facet normal 1 -0 0
    outer loop
      vertex 46.3 -38.1 8.79
      vertex 46.3 -38.1 7
      vertex 46.3 -37.5 8.79
    endloop
  endfacet
  facet normal 0 0 0
    outer loop
      vertex 46.3 -38.1 4
      vertex 46.3 -38.1 7
      vertex 46.3 -38.1 8.79
    endloop
  endfacet
  facet normal 0 1 -0
    outer loop
      vertex 46.3 -34.7 4
      vertex 44.7 -34.7 9.8
      vertex 46.3 -34.7 9.8
    endloop
  endfacet
  facet normal 0 1 0
    outer loop
      vertex 44.7 -34.7 9.8
      vertex 46.3 -34.7 4
      vertex 44.7 -34.7 4
    endloop
  endfacet
  facet normal 0 -1 0
    outer loop
      vertex 44.7 -39.7 4
      vertex 49.7 -39.7 9.8
      vertex 44.7 -39.7 9.8
    endloop
  endfacet
  facet normal 0 -1 -0
    outer loop
      vertex 49.7 -39.7 9.8
      vertex 44.7 -39.7 4
      vertex 49.7 -39.7 4
    endloop
  endfacet
  facet normal 1 -0 0
    outer loop
      vertex 49.7 -39.7 9.8
      vertex 49.7 -38.1 4
      vertex 49.7 -38.1 9.8
    endloop
  endfacet
  facet normal 1 0 0
    outer loop
      vertex 49.7 -38.1 4
      vertex 49.7 -39.7 9.8
      vertex 49.7 -39.7 4
    endloop
  endfacet
  facet normal 0 1 -0
    outer loop
      vertex 46.9 -38.1 8.8
      vertex 46.3 -38.1 9.8
      vertex 49.7 -38.1 9.8
    endloop
  endfacet
  facet normal 0 1 0
    outer loop
      vertex 46.3 -38.1 9.8
      vertex 46.9 -38.1 8.8
      vertex 46.3 -38.1 9.79
    endloop
  endfacet
  facet normal 0 1 0
    outer loop
      vertex 49.7 -38.1 9.8
      vertex 46.9 -38.1 8.79
      vertex 46.9 -38.1 8.8
    endloop
  endfacet
  facet normal 0 1 -0
    outer loop
      vertex 49.7 -38.1 4
      vertex 46.9 -38.1 8.79
      vertex 49.7 -38.1 9.8
    endloop
  endfacet
  facet normal 0 1 0
    outer loop
      vertex 46.3 -38.1 4
      vertex 46.9 -38.1 8.79
      vertex 49.7 -38.1 4
    endloop
  endfacet
  facet normal 0 1 0
    outer loop
      vertex 46.9 -38.1 8.79
      vertex 46.3 -38.1 4
      vertex 46.3 -38.1 8.79
    endloop
  endfacet
  facet normal -1 0 0
    outer loop
      vertex 44.7 -6 4
      vertex 44.7 -1 9.8
      vertex 44.7 -1 4
    endloop
  endfacet
  facet normal -1 -0 0
    outer loop
      vertex 44.7 -1 9.8
      vertex 44.7 -6 4
      vertex 44.7 -6 9.8
    endloop
  endfacet
  facet normal 0 0 1
    outer loop
      vertex 49.7 -1 9.8
      vertex 46.3 -2.6 9.8
      vertex 49.7 -2.6 9.8
    endloop
  endfacet
  facet normal -0 0 1
    outer loop
      vertex 44.7 -1 9.8
      vertex 46.3 -2.6 9.8
      vertex 49.7 -1 9.8
    endloop
  endfacet
  facet normal 0 0 1
    outer loop
      vertex 44.7 -6 9.8
      vertex 46.3 -2.6 9.8
      vertex 44.7 -1 9.8
    endloop
  endfacet
  facet normal 0 0 1
    outer loop
      vertex 46.3 -2.6 9.8
      vertex 44.7 -6 9.8
      vertex 46.3 -6 9.8
    endloop
  endfacet
  facet normal 1 0 0
    outer loop
      vertex 46.3 -2.6 9.8
      vertex 46.3 -3.2 8.8
      vertex 46.3 -2.6 9.79
    endloop
  endfacet
  facet normal 1 0 0
    outer loop
      vertex 46.3 -6 9.8
      vertex 46.3 -3.2 8.79
      vertex 46.3 -3.2 8.8
    endloop
  endfacet
  facet normal 1 -0 0
    outer loop
      vertex 46.3 -6 9.8
      vertex 46.3 -3.2 8.8
      vertex 46.3 -2.6 9.8
    endloop
  endfacet
  facet normal 1 0 0
    outer loop
      vertex 46.3 -3.2 8.79
      vertex 46.3 -6 9.8
      vertex 46.3 -5.6 7
    endloop
  endfacet
  facet normal 1 0 0
    outer loop
      vertex 46.3 -6 4
      vertex 46.3 -5.6 7
      vertex 46.3 -6 9.8
    endloop
  endfacet
  facet normal 1 0 0
    outer loop
      vertex 46.3 -5.6 7
      vertex 46.3 -6 4
      vertex 46.3 -5.6 4
    endloop
  endfacet
  facet normal 1 -0 0
    outer loop
      vertex 46.3 -3.2 8.79
      vertex 46.3 -2.6 7
      vertex 46.3 -2.6 8.79
    endloop
  endfacet
  facet normal 1 0 0
    outer loop
      vertex 46.3 -2.6 7
      vertex 46.3 -3.2 8.79
      vertex 46.3 -5.6 7
    endloop
  endfacet
  facet normal 0 -1 0
    outer loop
      vertex 44.7 -6 4
      vertex 46.3 -6 9.8
      vertex 44.7 -6 9.8
    endloop
  endfacet
  facet normal 0 -1 -0
    outer loop
      vertex 46.3 -6 9.8
      vertex 44.7 -6 4
      vertex 46.3 -6 4
    endloop
  endfacet
  facet normal 0 1 -0
    outer loop
      vertex 49.7 -1 4
      vertex 44.7 -1 9.8
      vertex 49.7 -1 9.8
    endloop
  endfacet
  facet normal 0 1 0
    outer loop
      vertex 44.7 -1 9.8
      vertex 49.7 -1 4
      vertex 44.7 -1 4
    endloop
  endfacet
  facet normal 1 -0 0
    outer loop
      vertex 49.7 -2.6 9.8
      vertex 49.7 -1 4
      vertex 49.7 -1 9.8
    endloop
  endfacet
  facet normal 1 0 0
    outer loop
      vertex 49.7 -1 4
      vertex 49.7 -2.6 9.8
      vertex 49.7 -2.6 4
    endloop
  endfacet
  facet normal 0 -1 0
    outer loop
      vertex 46.3 -2.6 8.79
      vertex 46.3 -2.6 7
      vertex 46.9 -2.6 8.79
    endloop
  endfacet
  facet normal 0 -1 0
    outer loop
      vertex 46.9 -2.6 8.8
      vertex 46.3 -2.6 9.8
      vertex 46.3 -2.6 9.79
    endloop
  endfacet
  facet normal 0 -1 0
    outer loop
      vertex 46.3 -2.6 9.8
      vertex 46.9 -2.6 8.8
      vertex 49.7 -2.6 9.8
    endloop
  endfacet
  facet normal 0 -1 0
    outer loop
      vertex 46.9 -2.6 8.79
      vertex 49.7 -2.6 9.8
      vertex 46.9 -2.6 8.8
    endloop
  endfacet
  facet normal 0 -1 0
    outer loop
      vertex 49.3 -2.6 7
      vertex 46.9 -2.6 8.79
      vertex 46.3 -2.6 7
    endloop
  endfacet
  facet normal 0 -1 0
    outer loop
      vertex 46.9 -2.6 8.79
      vertex 49.3 -2.6 7
      vertex 49.7 -2.6 9.8
    endloop
  endfacet
  facet normal 0 -1 0
    outer loop
      vertex 49.7 -2.6 4
      vertex 49.3 -2.6 7
      vertex 49.3 -2.6 4
    endloop
  endfacet
  facet normal 0 -1 0
    outer loop
      vertex 49.3 -2.6 7
      vertex 49.7 -2.6 4
      vertex 49.7 -2.6 9.8
    endloop
  endfacet
  facet normal -1 0 0
    outer loop
      vertex 78.8 -34.7 4
      vertex 78.8 -37.5 8.79
      vertex 78.8 -34.7 9.8
    endloop
  endfacet
  facet normal -1 0 0
    outer loop
      vertex 78.8 -38.1 4
      vertex 78.8 -37.5 8.79
      vertex 78.8 -34.7 4
    endloop
  endfacet
  facet normal -1 -0 0
    outer loop
      vertex 78.8 -37.5 8.79
      vertex 78.8 -38.1 4
      vertex 78.8 -38.1 8.79
    endloop
  endfacet
  facet normal -1 0 0
    outer loop
      vertex 78.8 -37.5 8.8
      vertex 78.8 -34.7 9.8
      vertex 78.8 -37.5 8.79
    endloop
  endfacet
  facet normal -1 0 0
    outer loop
      vertex 78.8 -38.1 9.8
      vertex 78.8 -37.5 8.8
      vertex 78.8 -38.1 9.79
    endloop
  endfacet
  facet normal -1 0 0
    outer loop
      vertex 78.8 -37.5 8.8
      vertex 78.8 -38.1 9.8
      vertex 78.8 -34.7 9.8
    endloop
  endfacet
  facet normal 0 0 1
    outer loop
      vertex 78.8 -38.1 9.8
      vertex 80.4 -34.7 9.8
      vertex 78.8 -34.7 9.8
    endloop
  endfacet
  facet normal 0 0 1
    outer loop
      vertex 80.4 -34.7 9.8
      vertex 78.8 -38.1 9.8
      vertex 80.4 -39.7 9.8
    endloop
  endfacet
  facet normal 0 0 1
    outer loop
      vertex 75.4 -39.7 9.8
      vertex 78.8 -38.1 9.8
      vertex 75.4 -38.1 9.8
    endloop
  endfacet
  facet normal 0 0 1
    outer loop
      vertex 78.8 -38.1 9.8
      vertex 75.4 -39.7 9.8
      vertex 80.4 -39.7 9.8
    endloop
  endfacet
  facet normal 1 -0 0
    outer loop
      vertex 80.4 -39.7 9.8
      vertex 80.4 -34.7 4
      vertex 80.4 -34.7 9.8
    endloop
  endfacet
  facet normal 1 0 0
    outer loop
      vertex 80.4 -34.7 4
      vertex 80.4 -39.7 9.8
      vertex 80.4 -39.7 4
    endloop
  endfacet
  facet normal 0 1 -0
    outer loop
      vertex 80.4 -34.7 4
      vertex 78.8 -34.7 9.8
      vertex 80.4 -34.7 9.8
    endloop
  endfacet
  facet normal 0 1 0
    outer loop
      vertex 78.8 -34.7 9.8
      vertex 80.4 -34.7 4
      vertex 78.8 -34.7 4
    endloop
  endfacet
  facet normal 0 -1 0
    outer loop
      vertex 75.4 -39.7 4
      vertex 80.4 -39.7 9.8
      vertex 75.4 -39.7 9.8
    endloop
  endfacet
  facet normal 0 -1 -0
    outer loop
      vertex 80.4 -39.7 9.8
      vertex 75.4 -39.7 4
      vertex 80.4 -39.7 4
    endloop
  endfacet
  facet normal -1 0 0
    outer loop
      vertex 75.4 -39.7 4
      vertex 75.4 -38.1 9.8
      vertex 75.4 -38.1 4
    endloop
  endfacet
  facet normal -1 -0 0
    outer loop
      vertex 75.4 -38.1 9.8
      vertex 75.4 -39.7 4
      vertex 75.4 -39.7 9.8
    endloop
  endfacet
  facet normal 0 1 0
    outer loop
      vertex 78.8 -38.1 8.79
      vertex 78.8 -38.1 4
      vertex 78.2 -38.1 8.79
    endloop
  endfacet
  facet normal 0 1 0
    outer loop
      vertex 78.2 -38.1 8.8
      vertex 78.8 -38.1 9.8
      vertex 78.8 -38.1 9.79
    endloop
  endfacet
  facet normal 0 1 0
    outer loop
      vertex 78.8 -38.1 9.8
      vertex 78.2 -38.1 8.8
      vertex 75.4 -38.1 9.8
    endloop
  endfacet
  facet normal 0 1 -0
    outer loop
      vertex 78.2 -38.1 8.79
      vertex 75.4 -38.1 9.8
      vertex 78.2 -38.1 8.8
    endloop
  endfacet
  facet normal 0 1 0
    outer loop
      vertex 75.4 -38.1 4
      vertex 78.2 -38.1 8.79
      vertex 78.8 -38.1 4
    endloop
  endfacet
  facet normal 0 1 0
    outer loop
      vertex 78.2 -38.1 8.79
      vertex 75.4 -38.1 4
      vertex 75.4 -38.1 9.8
    endloop
  endfacet
  facet normal -1 0 0
    outer loop
      vertex 78.8 -2.6 4
      vertex 78.8 -3.2 8.79
      vertex 78.8 -2.6 8.79
    endloop
  endfacet
  facet normal -1 0 0
    outer loop
      vertex 78.8 -6 9.8
      vertex 78.8 -3.2 8.79
      vertex 78.8 -6 4
    endloop
  endfacet
  facet normal -1 0 0
    outer loop
      vertex 78.8 -6 4
      vertex 78.8 -3.2 8.79
      vertex 78.8 -2.6 4
    endloop
  endfacet
  facet normal -1 0 0
    outer loop
      vertex 78.8 -3.2 8.8
      vertex 78.8 -2.6 9.8
      vertex 78.8 -2.6 9.79
    endloop
  endfacet
  facet normal -1 0 0
    outer loop
      vertex 78.8 -3.2 8.8
      vertex 78.8 -6 9.8
      vertex 78.8 -2.6 9.8
    endloop
  endfacet
  facet normal -1 0 0
    outer loop
      vertex 78.8 -3.2 8.79
      vertex 78.8 -6 9.8
      vertex 78.8 -3.2 8.8
    endloop
  endfacet
  facet normal 0 0 1
    outer loop
      vertex 80.4 -1 9.8
      vertex 78.8 -2.6 9.8
      vertex 80.4 -6 9.8
    endloop
  endfacet
  facet normal -0 0 1
    outer loop
      vertex 75.4 -1 9.8
      vertex 78.8 -2.6 9.8
      vertex 80.4 -1 9.8
    endloop
  endfacet
  facet normal 0 0 1
    outer loop
      vertex 78.8 -2.6 9.8
      vertex 75.4 -1 9.8
      vertex 75.4 -2.6 9.8
    endloop
  endfacet
  facet normal 0 0 1
    outer loop
      vertex 80.4 -6 9.8
      vertex 78.8 -2.6 9.8
      vertex 78.8 -6 9.8
    endloop
  endfacet
  facet normal 1 -0 0
    outer loop
      vertex 80.4 -6 9.8
      vertex 80.4 -1 4
      vertex 80.4 -1 9.8
    endloop
  endfacet
  facet normal 1 0 0
    outer loop
      vertex 80.4 -1 4
      vertex 80.4 -6 9.8
      vertex 80.4 -6 4
    endloop
  endfacet
  facet normal 0 -1 0
    outer loop
      vertex 78.8 -6 4
      vertex 80.4 -6 9.8
      vertex 78.8 -6 9.8
    endloop
  endfacet
  facet normal 0 -1 -0
    outer loop
      vertex 80.4 -6 9.8
      vertex 78.8 -6 4
      vertex 80.4 -6 4
    endloop
  endfacet
  facet normal 0 1 -0
    outer loop
      vertex 80.4 -1 4
      vertex 75.4 -1 9.8
      vertex 80.4 -1 9.8
    endloop
  endfacet
  facet normal 0 1 0
    outer loop
      vertex 75.4 -1 9.8
      vertex 80.4 -1 4
      vertex 75.4 -1 4
    endloop
  endfacet
  facet normal -1 0 0
    outer loop
      vertex 75.4 -2.6 4
      vertex 75.4 -1 9.8
      vertex 75.4 -1 4
    endloop
  endfacet
  facet normal -1 -0 0
    outer loop
      vertex 75.4 -1 9.8
      vertex 75.4 -2.6 4
      vertex 75.4 -2.6 9.8
    endloop
  endfacet
  facet normal 0 -1 0
    outer loop
      vertex 78.2 -2.6 8.8
      vertex 78.8 -2.6 9.8
      vertex 75.4 -2.6 9.8
    endloop
  endfacet
  facet normal 0 -1 -0
    outer loop
      vertex 78.8 -2.6 9.8
      vertex 78.2 -2.6 8.8
      vertex 78.8 -2.6 9.79
    endloop
  endfacet
  facet normal 0 -1 0
    outer loop
      vertex 75.4 -2.6 9.8
      vertex 78.2 -2.6 8.79
      vertex 78.2 -2.6 8.8
    endloop
  endfacet
  facet normal 0 -1 0
    outer loop
      vertex 78.8 -2.6 7
      vertex 78.2 -2.6 8.79
      vertex 75.8 -2.6 7
    endloop
  endfacet
  facet normal 0 -1 0
    outer loop
      vertex 75.4 -2.6 9.8
      vertex 75.8 -2.6 7
      vertex 78.2 -2.6 8.79
    endloop
  endfacet
  facet normal 0 -1 0
    outer loop
      vertex 75.4 -2.6 4
      vertex 75.8 -2.6 7
      vertex 75.4 -2.6 9.8
    endloop
  endfacet
  facet normal 0 -1 -0
    outer loop
      vertex 75.8 -2.6 7
      vertex 75.4 -2.6 4
      vertex 75.8 -2.6 4
    endloop
  endfacet
  facet normal 0 -1 0
    outer loop
      vertex 78.2 -2.6 8.79
      vertex 78.8 -2.6 7
      vertex 78.8 -2.6 8.79
    endloop
  endfacet
  facet normal 0 0 0
    outer loop
      vertex 78.8 -2.6 8.79
      vertex 78.8 -2.6 7
      vertex 78.8 -2.6 4
    endloop
  endfacet
  facet normal -0 0 1
    outer loop
      vertex 46.3 -35.1 7
      vertex 49.3 -38.1 7
      vertex 49.3 -35.1 7
    endloop
  endfacet
  facet normal 0 0 1
    outer loop
      vertex 49.3 -38.1 7
      vertex 46.3 -35.1 7
      vertex 46.3 -38.1 7
    endloop
  endfacet
  facet normal 1 -0 0
    outer loop
      vertex 49.3 -38.1 7
      vertex 49.3 -35.1 4
      vertex 49.3 -35.1 7
    endloop
  endfacet
  facet normal 1 0 0
    outer loop
      vertex 49.3 -35.1 4
      vertex 49.3 -38.1 7
      vertex 49.3 -38.1 4
    endloop
  endfacet
  facet normal 0 -1 0
    outer loop
      vertex 46.3 -38.1 4
      vertex 49.3 -38.1 7
      vertex 46.3 -38.1 7
    endloop
  endfacet
  facet normal 0 -1 -0
    outer loop
      vertex 49.3 -38.1 7
      vertex 46.3 -38.1 4
      vertex 49.3 -38.1 4
    endloop
  endfacet
  facet normal 0 1 -0
    outer loop
      vertex 49.3 -35.1 4
      vertex 46.3 -35.1 7
      vertex 49.3 -35.1 7
    endloop
  endfacet
  facet normal 0 1 0
    outer loop
      vertex 46.3 -35.1 7
      vertex 49.3 -35.1 4
      vertex 46.3 -35.1 4
    endloop
  endfacet
  facet normal 0.855198 0 0.518302
    outer loop
      vertex 46.3 -38.1 9.79
      vertex 46.9 -38.1 8.8
      vertex 46.9 -37.5 8.8
    endloop
  endfacet
  facet normal 0 1 -0
    outer loop
      vertex 46.9 -37.5 8.79
      vertex 46.3 -37.5 8.8
      vertex 46.9 -37.5 8.8
    endloop
  endfacet
  facet normal 0 1 0
    outer loop
      vertex 46.3 -37.5 8.8
      vertex 46.9 -37.5 8.79
      vertex 46.3 -37.5 8.79
    endloop
  endfacet
  facet normal 0 0 -1
    outer loop
      vertex 46.3 -38.1 8.79
      vertex 46.9 -37.5 8.79
      vertex 46.9 -38.1 8.79
    endloop
  endfacet
  facet normal -0 0 -1
    outer loop
      vertex 46.9 -37.5 8.79
      vertex 46.3 -38.1 8.79
      vertex 46.3 -37.5 8.79
    endloop
  endfacet
  facet normal 1 -0 0
    outer loop
      vertex 46.9 -38.1 8.8
      vertex 46.9 -37.5 8.79
      vertex 46.9 -37.5 8.8
    endloop
  endfacet
  facet normal 1 0 0
    outer loop
      vertex 46.9 -37.5 8.79
      vertex 46.9 -38.1 8.8
      vertex 46.9 -38.1 8.79
    endloop
  endfacet
  facet normal -0 0.855198 0.518302
    outer loop
      vertex 46.3 -37.5 8.8
      vertex 46.3 -38.1 9.79
      vertex 46.9 -37.5 8.8
    endloop
  endfacet
  facet normal -0 0 1
    outer loop
      vertex 46.3 -2.6 7
      vertex 49.3 -5.6 7
      vertex 49.3 -2.6 7
    endloop
  endfacet
  facet normal 0 0 1
    outer loop
      vertex 49.3 -5.6 7
      vertex 46.3 -2.6 7
      vertex 46.3 -5.6 7
    endloop
  endfacet
  facet normal 1 -0 0
    outer loop
      vertex 49.3 -5.6 7
      vertex 49.3 -2.6 4
      vertex 49.3 -2.6 7
    endloop
  endfacet
  facet normal 1 0 0
    outer loop
      vertex 49.3 -2.6 4
      vertex 49.3 -5.6 7
      vertex 49.3 -5.6 4
    endloop
  endfacet
  facet normal 0 -1 0
    outer loop
      vertex 46.3 -5.6 4
      vertex 49.3 -5.6 7
      vertex 46.3 -5.6 7
    endloop
  endfacet
  facet normal 0 -1 -0
    outer loop
      vertex 49.3 -5.6 7
      vertex 46.3 -5.6 4
      vertex 49.3 -5.6 4
    endloop
  endfacet
  facet normal 0 -0.855198 0.518302
    outer loop
      vertex 46.3 -2.6 9.79
      vertex 46.3 -3.2 8.8
      vertex 46.9 -3.2 8.8
    endloop
  endfacet
  facet normal 0 -1 0
    outer loop
      vertex 46.3 -3.2 8.79
      vertex 46.9 -3.2 8.8
      vertex 46.3 -3.2 8.8
    endloop
  endfacet
  facet normal 0 -1 -0
    outer loop
      vertex 46.9 -3.2 8.8
      vertex 46.3 -3.2 8.79
      vertex 46.9 -3.2 8.79
    endloop
  endfacet
  facet normal 0 0 -1
    outer loop
      vertex 46.3 -3.2 8.79
      vertex 46.9 -2.6 8.79
      vertex 46.9 -3.2 8.79
    endloop
  endfacet
  facet normal -0 0 -1
    outer loop
      vertex 46.9 -2.6 8.79
      vertex 46.3 -3.2 8.79
      vertex 46.3 -2.6 8.79
    endloop
  endfacet
  facet normal 1 -0 0
    outer loop
      vertex 46.9 -3.2 8.8
      vertex 46.9 -2.6 8.79
      vertex 46.9 -2.6 8.8
    endloop
  endfacet
  facet normal 1 0 0
    outer loop
      vertex 46.9 -2.6 8.79
      vertex 46.9 -3.2 8.8
      vertex 46.9 -3.2 8.79
    endloop
  endfacet
  facet normal 0.855198 0 0.518302
    outer loop
      vertex 46.9 -2.6 8.8
      vertex 46.3 -2.6 9.79
      vertex 46.9 -3.2 8.8
    endloop
  endfacet
  facet normal -1 0 0
    outer loop
      vertex 75.8 -38.1 4
      vertex 75.8 -35.1 7
      vertex 75.8 -35.1 4
    endloop
  endfacet
  facet normal -1 -0 0
    outer loop
      vertex 75.8 -35.1 7
      vertex 75.8 -38.1 4
      vertex 75.8 -38.1 7
    endloop
  endfacet
  facet normal -0 0 1
    outer loop
      vertex 75.8 -35.1 7
      vertex 78.8 -38.1 7
      vertex 78.8 -35.1 7
    endloop
  endfacet
  facet normal 0 0 1
    outer loop
      vertex 78.8 -38.1 7
      vertex 75.8 -35.1 7
      vertex 75.8 -38.1 7
    endloop
  endfacet
  facet normal 1 -0 0
    outer loop
      vertex 78.8 -38.1 7
      vertex 78.8 -35.1 4
      vertex 78.8 -35.1 7
    endloop
  endfacet
  facet normal 1 0 0
    outer loop
      vertex 78.8 -35.1 4
      vertex 78.8 -38.1 7
      vertex 78.8 -38.1 4
    endloop
  endfacet
  facet normal 0 1 -0
    outer loop
      vertex 78.8 -35.1 4
      vertex 75.8 -35.1 7
      vertex 78.8 -35.1 7
    endloop
  endfacet
  facet normal 0 1 0
    outer loop
      vertex 75.8 -35.1 7
      vertex 78.8 -35.1 4
      vertex 75.8 -35.1 4
    endloop
  endfacet
  facet normal 0 -1 0
    outer loop
      vertex 75.8 -38.1 4
      vertex 78.8 -38.1 7
      vertex 75.8 -38.1 7
    endloop
  endfacet
  facet normal 0 -1 -0
    outer loop
      vertex 78.8 -38.1 7
      vertex 75.8 -38.1 4
      vertex 78.8 -38.1 4
    endloop
  endfacet
  facet normal -0.855198 0 0.518302
    outer loop
      vertex 78.2 -38.1 8.8
      vertex 78.8 -38.1 9.79
      vertex 78.2 -37.5 8.8
    endloop
  endfacet
  facet normal -1 0 0
    outer loop
      vertex 78.2 -38.1 8.79
      vertex 78.2 -37.5 8.8
      vertex 78.2 -37.5 8.79
    endloop
  endfacet
  facet normal -1 -0 0
    outer loop
      vertex 78.2 -37.5 8.8
      vertex 78.2 -38.1 8.79
      vertex 78.2 -38.1 8.8
    endloop
  endfacet
  facet normal 0 1 -0
    outer loop
      vertex 78.8 -37.5 8.79
      vertex 78.2 -37.5 8.8
      vertex 78.8 -37.5 8.8
    endloop
  endfacet
  facet normal 0 1 0
    outer loop
      vertex 78.2 -37.5 8.8
      vertex 78.8 -37.5 8.79
      vertex 78.2 -37.5 8.79
    endloop
  endfacet
  facet normal 0 0.855198 0.518302
    outer loop
      vertex 78.8 -37.5 8.8
      vertex 78.2 -37.5 8.8
      vertex 78.8 -38.1 9.79
    endloop
  endfacet
  facet normal 0 0 -1
    outer loop
      vertex 78.2 -38.1 8.79
      vertex 78.8 -37.5 8.79
      vertex 78.8 -38.1 8.79
    endloop
  endfacet
  facet normal -0 0 -1
    outer loop
      vertex 78.8 -37.5 8.79
      vertex 78.2 -38.1 8.79
      vertex 78.2 -37.5 8.79
    endloop
  endfacet
  facet normal -1 0 0
    outer loop
      vertex 75.8 -5.6 4
      vertex 75.8 -2.6 7
      vertex 75.8 -2.6 4
    endloop
  endfacet
  facet normal -1 -0 0
    outer loop
      vertex 75.8 -2.6 7
      vertex 75.8 -5.6 4
      vertex 75.8 -5.6 7
    endloop
  endfacet
  facet normal -0 0 1
    outer loop
      vertex 75.8 -2.6 7
      vertex 78.8 -5.6 7
      vertex 78.8 -2.6 7
    endloop
  endfacet
  facet normal 0 0 1
    outer loop
      vertex 78.8 -5.6 7
      vertex 75.8 -2.6 7
      vertex 75.8 -5.6 7
    endloop
  endfacet
  facet normal 1 -0 0
    outer loop
      vertex 78.8 -5.6 7
      vertex 78.8 -2.6 4
      vertex 78.8 -2.6 7
    endloop
  endfacet
  facet normal 1 0 0
    outer loop
      vertex 78.8 -2.6 4
      vertex 78.8 -5.6 7
      vertex 78.8 -5.6 4
    endloop
  endfacet
  facet normal 0 -1 0
    outer loop
      vertex 75.8 -5.6 4
      vertex 78.8 -5.6 7
      vertex 75.8 -5.6 7
    endloop
  endfacet
  facet normal 0 -1 -0
    outer loop
      vertex 78.8 -5.6 7
      vertex 75.8 -5.6 4
      vertex 78.8 -5.6 4
    endloop
  endfacet
  facet normal 0 -0.855198 0.518302
    outer loop
      vertex 78.8 -3.2 8.8
      vertex 78.8 -2.6 9.79
      vertex 78.2 -3.2 8.8
    endloop
  endfacet
  facet normal -1 0 0
    outer loop
      vertex 78.2 -3.2 8.79
      vertex 78.2 -2.6 8.8
      vertex 78.2 -2.6 8.79
    endloop
  endfacet
  facet normal -1 -0 0
    outer loop
      vertex 78.2 -2.6 8.8
      vertex 78.2 -3.2 8.79
      vertex 78.2 -3.2 8.8
    endloop
  endfacet
  facet normal 0 -1 0
    outer loop
      vertex 78.2 -3.2 8.79
      vertex 78.8 -3.2 8.8
      vertex 78.2 -3.2 8.8
    endloop
  endfacet
  facet normal 0 -1 -0
    outer loop
      vertex 78.8 -3.2 8.8
      vertex 78.2 -3.2 8.79
      vertex 78.8 -3.2 8.79
    endloop
  endfacet
  facet normal -0.855198 0 0.518302
    outer loop
      vertex 78.2 -2.6 8.8
      vertex 78.2 -3.2 8.8
      vertex 78.8 -2.6 9.79
    endloop
  endfacet
  facet normal 0 0 -1
    outer loop
      vertex 78.2 -3.2 8.79
      vertex 78.8 -2.6 8.79
      vertex 78.8 -3.2 8.79
    endloop
  endfacet
  facet normal -0 0 -1
    outer loop
      vertex 78.8 -2.6 8.79
      vertex 78.2 -3.2 8.79
      vertex 78.2 -2.6 8.79
    endloop
  endfacet
  facet normal -1 0 0
    outer loop
      vertex 44.7 1 4
      vertex 44.7 6 9.8
      vertex 44.7 6 4
    endloop
  endfacet
  facet normal -1 -0 0
    outer loop
      vertex 44.7 6 9.8
      vertex 44.7 1 4
      vertex 44.7 1 9.8
    endloop
  endfacet
  facet normal 0 0 1
    outer loop
      vertex 46.3 6 9.8
      vertex 44.7 6 9.8
      vertex 46.3 2.6 9.8
    endloop
  endfacet
  facet normal -0 0 1
    outer loop
      vertex 46.3 2.6 9.8
      vertex 49.7 1 9.8
      vertex 49.7 2.6 9.8
    endloop
  endfacet
  facet normal 0 0 1
    outer loop
      vertex 46.3 2.6 9.8
      vertex 44.7 1 9.8
      vertex 49.7 1 9.8
    endloop
  endfacet
  facet normal 0 0 1
    outer loop
      vertex 44.7 1 9.8
      vertex 46.3 2.6 9.8
      vertex 44.7 6 9.8
    endloop
  endfacet
  facet normal 1 0 0
    outer loop
      vertex 46.3 6 9.8
      vertex 46.3 5.6 7
      vertex 46.3 6 4
    endloop
  endfacet
  facet normal 1 0 0
    outer loop
      vertex 46.3 3.2 8.79
      vertex 46.3 6 9.8
      vertex 46.3 3.2 8.8
    endloop
  endfacet
  facet normal 1 -0 0
    outer loop
      vertex 46.3 2.6 9.8
      vertex 46.3 3.2 8.8
      vertex 46.3 6 9.8
    endloop
  endfacet
  facet normal 1 0 0
    outer loop
      vertex 46.3 3.2 8.8
      vertex 46.3 2.6 9.8
      vertex 46.3 2.6 9.79
    endloop
  endfacet
  facet normal 1 0 0
    outer loop
      vertex 46.3 6 4
      vertex 46.3 5.6 7
      vertex 46.3 5.6 4
    endloop
  endfacet
  facet normal 1 0 0
    outer loop
      vertex 46.3 6 9.8
      vertex 46.3 3.2 8.79
      vertex 46.3 5.6 7
    endloop
  endfacet
  facet normal 1 0 0
    outer loop
      vertex 46.3 2.6 7
      vertex 46.3 3.2 8.79
      vertex 46.3 2.6 8.79
    endloop
  endfacet
  facet normal 1 0 0
    outer loop
      vertex 46.3 3.2 8.79
      vertex 46.3 2.6 7
      vertex 46.3 5.6 7
    endloop
  endfacet
  facet normal 0 -1 0
    outer loop
      vertex 44.7 1 4
      vertex 49.7 1 9.8
      vertex 44.7 1 9.8
    endloop
  endfacet
  facet normal 0 -1 -0
    outer loop
      vertex 49.7 1 9.8
      vertex 44.7 1 4
      vertex 49.7 1 4
    endloop
  endfacet
  facet normal 0 1 -0
    outer loop
      vertex 46.3 6 4
      vertex 44.7 6 9.8
      vertex 46.3 6 9.8
    endloop
  endfacet
  facet normal 0 1 0
    outer loop
      vertex 44.7 6 9.8
      vertex 46.3 6 4
      vertex 44.7 6 4
    endloop
  endfacet
  facet normal 1 -0 0
    outer loop
      vertex 49.7 1 9.8
      vertex 49.7 2.6 4
      vertex 49.7 2.6 9.8
    endloop
  endfacet
  facet normal 1 0 0
    outer loop
      vertex 49.7 2.6 4
      vertex 49.7 1 9.8
      vertex 49.7 1 4
    endloop
  endfacet
  facet normal 0 1 -0
    outer loop
      vertex 46.9 2.6 8.8
      vertex 46.3 2.6 9.8
      vertex 49.7 2.6 9.8
    endloop
  endfacet
  facet normal 0 1 0
    outer loop
      vertex 46.3 2.6 9.8
      vertex 46.9 2.6 8.8
      vertex 46.3 2.6 9.79
    endloop
  endfacet
  facet normal 0 1 0
    outer loop
      vertex 49.7 2.6 9.8
      vertex 46.9 2.6 8.79
      vertex 46.9 2.6 8.8
    endloop
  endfacet
  facet normal 0 1 0
    outer loop
      vertex 46.3 2.6 7
      vertex 46.9 2.6 8.79
      vertex 49.3 2.6 7
    endloop
  endfacet
  facet normal 0 1 0
    outer loop
      vertex 49.7 2.6 9.8
      vertex 49.3 2.6 7
      vertex 46.9 2.6 8.79
    endloop
  endfacet
  facet normal 0 1 -0
    outer loop
      vertex 49.7 2.6 4
      vertex 49.3 2.6 7
      vertex 49.7 2.6 9.8
    endloop
  endfacet
  facet normal 0 1 0
    outer loop
      vertex 49.3 2.6 7
      vertex 49.7 2.6 4
      vertex 49.3 2.6 4
    endloop
  endfacet
  facet normal 0 1 0
    outer loop
      vertex 46.9 2.6 8.79
      vertex 46.3 2.6 7
      vertex 46.3 2.6 8.79
    endloop
  endfacet
  facet normal -1 0 0
    outer loop
      vertex 44.7 34.7 4
      vertex 44.7 39.7 9.8
      vertex 44.7 39.7 4
    endloop
  endfacet
  facet normal -1 -0 0
    outer loop
      vertex 44.7 39.7 9.8
      vertex 44.7 34.7 4
      vertex 44.7 34.7 9.8
    endloop
  endfacet
  facet normal 0 0 1
    outer loop
      vertex 49.7 39.7 9.8
      vertex 46.3 38.1 9.8
      vertex 49.7 38.1 9.8
    endloop
  endfacet
  facet normal -0 0 1
    outer loop
      vertex 44.7 39.7 9.8
      vertex 46.3 38.1 9.8
      vertex 49.7 39.7 9.8
    endloop
  endfacet
  facet normal 0 0 1
    outer loop
      vertex 44.7 34.7 9.8
      vertex 46.3 38.1 9.8
      vertex 44.7 39.7 9.8
    endloop
  endfacet
  facet normal 0 0 1
    outer loop
      vertex 46.3 38.1 9.8
      vertex 44.7 34.7 9.8
      vertex 46.3 34.7 9.8
    endloop
  endfacet
  facet normal 1 0 0
    outer loop
      vertex 46.3 38.1 9.8
      vertex 46.3 37.5 8.8
      vertex 46.3 38.1 9.79
    endloop
  endfacet
  facet normal 1 0 0
    outer loop
      vertex 46.3 34.7 9.8
      vertex 46.3 37.5 8.79
      vertex 46.3 37.5 8.8
    endloop
  endfacet
  facet normal 1 -0 0
    outer loop
      vertex 46.3 34.7 9.8
      vertex 46.3 37.5 8.8
      vertex 46.3 38.1 9.8
    endloop
  endfacet
  facet normal 1 0 0
    outer loop
      vertex 46.3 37.5 8.79
      vertex 46.3 34.7 9.8
      vertex 46.3 35.1 7
    endloop
  endfacet
  facet normal 1 0 0
    outer loop
      vertex 46.3 34.7 4
      vertex 46.3 35.1 7
      vertex 46.3 34.7 9.8
    endloop
  endfacet
  facet normal 1 0 0
    outer loop
      vertex 46.3 35.1 7
      vertex 46.3 34.7 4
      vertex 46.3 35.1 4
    endloop
  endfacet
  facet normal 1 -0 0
    outer loop
      vertex 46.3 37.5 8.79
      vertex 46.3 38.1 7
      vertex 46.3 38.1 8.79
    endloop
  endfacet
  facet normal 1 0 0
    outer loop
      vertex 46.3 38.1 7
      vertex 46.3 37.5 8.79
      vertex 46.3 35.1 7
    endloop
  endfacet
  facet normal 0 0 0
    outer loop
      vertex 46.3 38.1 4
      vertex 46.3 38.1 8.79
      vertex 46.3 38.1 7
    endloop
  endfacet
  facet normal 0 -1 0
    outer loop
      vertex 44.7 34.7 4
      vertex 46.3 34.7 9.8
      vertex 44.7 34.7 9.8
    endloop
  endfacet
  facet normal 0 -1 -0
    outer loop
      vertex 46.3 34.7 9.8
      vertex 44.7 34.7 4
      vertex 46.3 34.7 4
    endloop
  endfacet
  facet normal 0 1 -0
    outer loop
      vertex 49.7 39.7 4
      vertex 44.7 39.7 9.8
      vertex 49.7 39.7 9.8
    endloop
  endfacet
  facet normal 0 1 0
    outer loop
      vertex 44.7 39.7 9.8
      vertex 49.7 39.7 4
      vertex 44.7 39.7 4
    endloop
  endfacet
  facet normal 1 -0 0
    outer loop
      vertex 49.7 38.1 9.8
      vertex 49.7 39.7 4
      vertex 49.7 39.7 9.8
    endloop
  endfacet
  facet normal 1 0 0
    outer loop
      vertex 49.7 39.7 4
      vertex 49.7 38.1 9.8
      vertex 49.7 38.1 4
    endloop
  endfacet
  facet normal 0 -1 0
    outer loop
      vertex 46.3 38.1 8.79
      vertex 46.3 38.1 4
      vertex 46.9 38.1 8.79
    endloop
  endfacet
  facet normal 0 -1 0
    outer loop
      vertex 46.9 38.1 8.8
      vertex 46.3 38.1 9.8
      vertex 46.3 38.1 9.79
    endloop
  endfacet
  facet normal 0 -1 0
    outer loop
      vertex 46.3 38.1 9.8
      vertex 46.9 38.1 8.8
      vertex 49.7 38.1 9.8
    endloop
  endfacet
  facet normal 0 -1 0
    outer loop
      vertex 46.9 38.1 8.79
      vertex 49.7 38.1 9.8
      vertex 46.9 38.1 8.8
    endloop
  endfacet
  facet normal 0 -1 0
    outer loop
      vertex 49.7 38.1 4
      vertex 46.9 38.1 8.79
      vertex 46.3 38.1 4
    endloop
  endfacet
  facet normal 0 -1 0
    outer loop
      vertex 46.9 38.1 8.79
      vertex 49.7 38.1 4
      vertex 49.7 38.1 9.8
    endloop
  endfacet
  facet normal -1 0 0
    outer loop
      vertex 78.8 6 4
      vertex 78.8 3.2 8.79
      vertex 78.8 6 9.8
    endloop
  endfacet
  facet normal -1 0 0
    outer loop
      vertex 78.8 2.6 4
      vertex 78.8 3.2 8.79
      vertex 78.8 6 4
    endloop
  endfacet
  facet normal -1 -0 0
    outer loop
      vertex 78.8 3.2 8.79
      vertex 78.8 2.6 4
      vertex 78.8 2.6 8.79
    endloop
  endfacet
  facet normal -1 0 0
    outer loop
      vertex 78.8 3.2 8.8
      vertex 78.8 6 9.8
      vertex 78.8 3.2 8.79
    endloop
  endfacet
  facet normal -1 0 0
    outer loop
      vertex 78.8 2.6 9.8
      vertex 78.8 3.2 8.8
      vertex 78.8 2.6 9.79
    endloop
  endfacet
  facet normal -1 0 0
    outer loop
      vertex 78.8 3.2 8.8
      vertex 78.8 2.6 9.8
      vertex 78.8 6 9.8
    endloop
  endfacet
  facet normal 0 0 1
    outer loop
      vertex 78.8 2.6 9.8
      vertex 80.4 6 9.8
      vertex 78.8 6 9.8
    endloop
  endfacet
  facet normal 0 0 1
    outer loop
      vertex 80.4 6 9.8
      vertex 78.8 2.6 9.8
      vertex 80.4 1 9.8
    endloop
  endfacet
  facet normal 0 0 1
    outer loop
      vertex 75.4 1 9.8
      vertex 78.8 2.6 9.8
      vertex 75.4 2.6 9.8
    endloop
  endfacet
  facet normal 0 0 1
    outer loop
      vertex 78.8 2.6 9.8
      vertex 75.4 1 9.8
      vertex 80.4 1 9.8
    endloop
  endfacet
  facet normal 1 -0 0
    outer loop
      vertex 80.4 1 9.8
      vertex 80.4 6 4
      vertex 80.4 6 9.8
    endloop
  endfacet
  facet normal 1 0 0
    outer loop
      vertex 80.4 6 4
      vertex 80.4 1 9.8
      vertex 80.4 1 4
    endloop
  endfacet
  facet normal 0 -1 0
    outer loop
      vertex 75.4 1 4
      vertex 80.4 1 9.8
      vertex 75.4 1 9.8
    endloop
  endfacet
  facet normal 0 -1 -0
    outer loop
      vertex 80.4 1 9.8
      vertex 75.4 1 4
      vertex 80.4 1 4
    endloop
  endfacet
  facet normal 0 1 -0
    outer loop
      vertex 80.4 6 4
      vertex 78.8 6 9.8
      vertex 80.4 6 9.8
    endloop
  endfacet
  facet normal 0 1 0
    outer loop
      vertex 78.8 6 9.8
      vertex 80.4 6 4
      vertex 78.8 6 4
    endloop
  endfacet
  facet normal -1 0 0
    outer loop
      vertex 75.4 1 4
      vertex 75.4 2.6 9.8
      vertex 75.4 2.6 4
    endloop
  endfacet
  facet normal -1 -0 0
    outer loop
      vertex 75.4 2.6 9.8
      vertex 75.4 1 4
      vertex 75.4 1 9.8
    endloop
  endfacet
  facet normal 0 1 0
    outer loop
      vertex 78.8 2.6 8.79
      vertex 78.8 2.6 7
      vertex 78.2 2.6 8.79
    endloop
  endfacet
  facet normal 0 1 0
    outer loop
      vertex 78.2 2.6 8.8
      vertex 78.8 2.6 9.8
      vertex 78.8 2.6 9.79
    endloop
  endfacet
  facet normal 0 1 0
    outer loop
      vertex 78.8 2.6 9.8
      vertex 78.2 2.6 8.8
      vertex 75.4 2.6 9.8
    endloop
  endfacet
  facet normal 0 1 -0
    outer loop
      vertex 78.2 2.6 8.79
      vertex 75.4 2.6 9.8
      vertex 78.2 2.6 8.8
    endloop
  endfacet
  facet normal 0 1 0
    outer loop
      vertex 75.8 2.6 7
      vertex 78.2 2.6 8.79
      vertex 78.8 2.6 7
    endloop
  endfacet
  facet normal 0 1 0
    outer loop
      vertex 78.2 2.6 8.79
      vertex 75.8 2.6 7
      vertex 75.4 2.6 9.8
    endloop
  endfacet
  facet normal 0 1 0
    outer loop
      vertex 75.4 2.6 4
      vertex 75.8 2.6 7
      vertex 75.8 2.6 4
    endloop
  endfacet
  facet normal 0 1 0
    outer loop
      vertex 75.8 2.6 7
      vertex 75.4 2.6 4
      vertex 75.4 2.6 9.8
    endloop
  endfacet
  facet normal 0 0 0
    outer loop
      vertex 78.8 2.6 7
      vertex 78.8 2.6 8.79
      vertex 78.8 2.6 4
    endloop
  endfacet
  facet normal -1 0 0
    outer loop
      vertex 78.8 38.1 4
      vertex 78.8 37.5 8.79
      vertex 78.8 38.1 8.79
    endloop
  endfacet
  facet normal -1 0 0
    outer loop
      vertex 78.8 34.7 9.8
      vertex 78.8 37.5 8.79
      vertex 78.8 34.7 4
    endloop
  endfacet
  facet normal -1 0 0
    outer loop
      vertex 78.8 34.7 4
      vertex 78.8 37.5 8.79
      vertex 78.8 38.1 4
    endloop
  endfacet
  facet normal -1 0 0
    outer loop
      vertex 78.8 37.5 8.8
      vertex 78.8 38.1 9.8
      vertex 78.8 38.1 9.79
    endloop
  endfacet
  facet normal -1 0 0
    outer loop
      vertex 78.8 37.5 8.8
      vertex 78.8 34.7 9.8
      vertex 78.8 38.1 9.8
    endloop
  endfacet
  facet normal -1 0 0
    outer loop
      vertex 78.8 37.5 8.79
      vertex 78.8 34.7 9.8
      vertex 78.8 37.5 8.8
    endloop
  endfacet
  facet normal 0 0 1
    outer loop
      vertex 80.4 39.7 9.8
      vertex 78.8 38.1 9.8
      vertex 80.4 34.7 9.8
    endloop
  endfacet
  facet normal -0 0 1
    outer loop
      vertex 75.4 39.7 9.8
      vertex 78.8 38.1 9.8
      vertex 80.4 39.7 9.8
    endloop
  endfacet
  facet normal 0 0 1
    outer loop
      vertex 78.8 38.1 9.8
      vertex 75.4 39.7 9.8
      vertex 75.4 38.1 9.8
    endloop
  endfacet
  facet normal 0 0 1
    outer loop
      vertex 80.4 34.7 9.8
      vertex 78.8 38.1 9.8
      vertex 78.8 34.7 9.8
    endloop
  endfacet
  facet normal 1 -0 0
    outer loop
      vertex 80.4 34.7 9.8
      vertex 80.4 39.7 4
      vertex 80.4 39.7 9.8
    endloop
  endfacet
  facet normal 1 0 0
    outer loop
      vertex 80.4 39.7 4
      vertex 80.4 34.7 9.8
      vertex 80.4 34.7 4
    endloop
  endfacet
  facet normal 0 1 -0
    outer loop
      vertex 80.4 39.7 4
      vertex 75.4 39.7 9.8
      vertex 80.4 39.7 9.8
    endloop
  endfacet
  facet normal 0 1 0
    outer loop
      vertex 75.4 39.7 9.8
      vertex 80.4 39.7 4
      vertex 75.4 39.7 4
    endloop
  endfacet
  facet normal 0 -1 0
    outer loop
      vertex 78.8 34.7 4
      vertex 80.4 34.7 9.8
      vertex 78.8 34.7 9.8
    endloop
  endfacet
  facet normal 0 -1 -0
    outer loop
      vertex 80.4 34.7 9.8
      vertex 78.8 34.7 4
      vertex 80.4 34.7 4
    endloop
  endfacet
  facet normal -1 0 0
    outer loop
      vertex 75.4 38.1 4
      vertex 75.4 39.7 9.8
      vertex 75.4 39.7 4
    endloop
  endfacet
  facet normal -1 -0 0
    outer loop
      vertex 75.4 39.7 9.8
      vertex 75.4 38.1 4
      vertex 75.4 38.1 9.8
    endloop
  endfacet
  facet normal 0 -1 0
    outer loop
      vertex 78.2 38.1 8.8
      vertex 78.8 38.1 9.8
      vertex 75.4 38.1 9.8
    endloop
  endfacet
  facet normal 0 -1 -0
    outer loop
      vertex 78.8 38.1 9.8
      vertex 78.2 38.1 8.8
      vertex 78.8 38.1 9.79
    endloop
  endfacet
  facet normal 0 -1 0
    outer loop
      vertex 75.4 38.1 9.8
      vertex 78.2 38.1 8.79
      vertex 78.2 38.1 8.8
    endloop
  endfacet
  facet normal 0 -1 0
    outer loop
      vertex 75.4 38.1 4
      vertex 78.2 38.1 8.79
      vertex 75.4 38.1 9.8
    endloop
  endfacet
  facet normal 0 -1 0
    outer loop
      vertex 78.8 38.1 4
      vertex 78.2 38.1 8.79
      vertex 75.4 38.1 4
    endloop
  endfacet
  facet normal 0 -1 0
    outer loop
      vertex 78.2 38.1 8.79
      vertex 78.8 38.1 4
      vertex 78.8 38.1 8.79
    endloop
  endfacet
  facet normal -0 0 1
    outer loop
      vertex 46.3 5.6 7
      vertex 49.3 2.6 7
      vertex 49.3 5.6 7
    endloop
  endfacet
  facet normal 0 0 1
    outer loop
      vertex 49.3 2.6 7
      vertex 46.3 5.6 7
      vertex 46.3 2.6 7
    endloop
  endfacet
  facet normal 1 -0 0
    outer loop
      vertex 49.3 2.6 7
      vertex 49.3 5.6 4
      vertex 49.3 5.6 7
    endloop
  endfacet
  facet normal 1 0 0
    outer loop
      vertex 49.3 5.6 4
      vertex 49.3 2.6 7
      vertex 49.3 2.6 4
    endloop
  endfacet
  facet normal 0 1 -0
    outer loop
      vertex 49.3 5.6 4
      vertex 46.3 5.6 7
      vertex 49.3 5.6 7
    endloop
  endfacet
  facet normal 0 1 0
    outer loop
      vertex 46.3 5.6 7
      vertex 49.3 5.6 4
      vertex 46.3 5.6 4
    endloop
  endfacet
  facet normal 0.855198 0 0.518302
    outer loop
      vertex 46.3 2.6 9.79
      vertex 46.9 2.6 8.8
      vertex 46.9 3.2 8.8
    endloop
  endfacet
  facet normal 0 1 -0
    outer loop
      vertex 46.9 3.2 8.79
      vertex 46.3 3.2 8.8
      vertex 46.9 3.2 8.8
    endloop
  endfacet
  facet normal 0 1 0
    outer loop
      vertex 46.3 3.2 8.8
      vertex 46.9 3.2 8.79
      vertex 46.3 3.2 8.79
    endloop
  endfacet
  facet normal 0 0 -1
    outer loop
      vertex 46.3 2.6 8.79
      vertex 46.9 3.2 8.79
      vertex 46.9 2.6 8.79
    endloop
  endfacet
  facet normal -0 0 -1
    outer loop
      vertex 46.9 3.2 8.79
      vertex 46.3 2.6 8.79
      vertex 46.3 3.2 8.79
    endloop
  endfacet
  facet normal 1 -0 0
    outer loop
      vertex 46.9 2.6 8.8
      vertex 46.9 3.2 8.79
      vertex 46.9 3.2 8.8
    endloop
  endfacet
  facet normal 1 0 0
    outer loop
      vertex 46.9 3.2 8.79
      vertex 46.9 2.6 8.8
      vertex 46.9 2.6 8.79
    endloop
  endfacet
  facet normal -0 0.855198 0.518302
    outer loop
      vertex 46.3 3.2 8.8
      vertex 46.3 2.6 9.79
      vertex 46.9 3.2 8.8
    endloop
  endfacet
  facet normal -0 0 1
    outer loop
      vertex 46.3 38.1 7
      vertex 49.3 35.1 7
      vertex 49.3 38.1 7
    endloop
  endfacet
  facet normal 0 0 1
    outer loop
      vertex 49.3 35.1 7
      vertex 46.3 38.1 7
      vertex 46.3 35.1 7
    endloop
  endfacet
  facet normal 1 -0 0
    outer loop
      vertex 49.3 35.1 7
      vertex 49.3 38.1 4
      vertex 49.3 38.1 7
    endloop
  endfacet
  facet normal 1 0 0
    outer loop
      vertex 49.3 38.1 4
      vertex 49.3 35.1 7
      vertex 49.3 35.1 4
    endloop
  endfacet
  facet normal 0 1 -0
    outer loop
      vertex 49.3 38.1 4
      vertex 46.3 38.1 7
      vertex 49.3 38.1 7
    endloop
  endfacet
  facet normal 0 1 0
    outer loop
      vertex 46.3 38.1 7
      vertex 49.3 38.1 4
      vertex 46.3 38.1 4
    endloop
  endfacet
  facet normal 0 -1 0
    outer loop
      vertex 46.3 35.1 4
      vertex 49.3 35.1 7
      vertex 46.3 35.1 7
    endloop
  endfacet
  facet normal 0 -1 -0
    outer loop
      vertex 49.3 35.1 7
      vertex 46.3 35.1 4
      vertex 49.3 35.1 4
    endloop
  endfacet
  facet normal 0 -0.855198 0.518302
    outer loop
      vertex 46.3 38.1 9.79
      vertex 46.3 37.5 8.8
      vertex 46.9 37.5 8.8
    endloop
  endfacet
  facet normal 0 -1 0
    outer loop
      vertex 46.3 37.5 8.79
      vertex 46.9 37.5 8.8
      vertex 46.3 37.5 8.8
    endloop
  endfacet
  facet normal 0 -1 -0
    outer loop
      vertex 46.9 37.5 8.8
      vertex 46.3 37.5 8.79
      vertex 46.9 37.5 8.79
    endloop
  endfacet
  facet normal 0.855198 0 0.518302
    outer loop
      vertex 46.3 38.1 9.79
      vertex 46.9 37.5 8.8
      vertex 46.9 38.1 8.8
    endloop
  endfacet
  facet normal 0 0 -1
    outer loop
      vertex 46.3 37.5 8.79
      vertex 46.9 38.1 8.79
      vertex 46.9 37.5 8.79
    endloop
  endfacet
  facet normal -0 0 -1
    outer loop
      vertex 46.9 38.1 8.79
      vertex 46.3 37.5 8.79
      vertex 46.3 38.1 8.79
    endloop
  endfacet
  facet normal 1 -0 0
    outer loop
      vertex 46.9 37.5 8.8
      vertex 46.9 38.1 8.79
      vertex 46.9 38.1 8.8
    endloop
  endfacet
  facet normal 1 0 0
    outer loop
      vertex 46.9 38.1 8.79
      vertex 46.9 37.5 8.8
      vertex 46.9 37.5 8.79
    endloop
  endfacet
  facet normal -1 0 0
    outer loop
      vertex 75.8 2.6 4
      vertex 75.8 5.6 7
      vertex 75.8 5.6 4
    endloop
  endfacet
  facet normal -1 -0 0
    outer loop
      vertex 75.8 5.6 7
      vertex 75.8 2.6 4
      vertex 75.8 2.6 7
    endloop
  endfacet
  facet normal -0 0 1
    outer loop
      vertex 75.8 5.6 7
      vertex 78.8 2.6 7
      vertex 78.8 5.6 7
    endloop
  endfacet
  facet normal 0 0 1
    outer loop
      vertex 78.8 2.6 7
      vertex 75.8 5.6 7
      vertex 75.8 2.6 7
    endloop
  endfacet
  facet normal 1 -0 0
    outer loop
      vertex 78.8 2.6 7
      vertex 78.8 5.6 4
      vertex 78.8 5.6 7
    endloop
  endfacet
  facet normal 1 0 0
    outer loop
      vertex 78.8 5.6 4
      vertex 78.8 2.6 7
      vertex 78.8 2.6 4
    endloop
  endfacet
  facet normal 0 1 -0
    outer loop
      vertex 78.8 5.6 4
      vertex 75.8 5.6 7
      vertex 78.8 5.6 7
    endloop
  endfacet
  facet normal 0 1 0
    outer loop
      vertex 75.8 5.6 7
      vertex 78.8 5.6 4
      vertex 75.8 5.6 4
    endloop
  endfacet
  facet normal -0.855198 0 0.518302
    outer loop
      vertex 78.2 3.2 8.8
      vertex 78.2 2.6 8.8
      vertex 78.8 2.6 9.79
    endloop
  endfacet
  facet normal -1 0 0
    outer loop
      vertex 78.2 2.6 8.79
      vertex 78.2 3.2 8.8
      vertex 78.2 3.2 8.79
    endloop
  endfacet
  facet normal -1 -0 0
    outer loop
      vertex 78.2 3.2 8.8
      vertex 78.2 2.6 8.79
      vertex 78.2 2.6 8.8
    endloop
  endfacet
  facet normal 0 1 -0
    outer loop
      vertex 78.8 3.2 8.79
      vertex 78.2 3.2 8.8
      vertex 78.8 3.2 8.8
    endloop
  endfacet
  facet normal 0 1 0
    outer loop
      vertex 78.2 3.2 8.8
      vertex 78.8 3.2 8.79
      vertex 78.2 3.2 8.79
    endloop
  endfacet
  facet normal 0 0.855198 0.518302
    outer loop
      vertex 78.8 3.2 8.8
      vertex 78.2 3.2 8.8
      vertex 78.8 2.6 9.79
    endloop
  endfacet
  facet normal 0 0 -1
    outer loop
      vertex 78.2 2.6 8.79
      vertex 78.8 3.2 8.79
      vertex 78.8 2.6 8.79
    endloop
  endfacet
  facet normal -0 0 -1
    outer loop
      vertex 78.8 3.2 8.79
      vertex 78.2 2.6 8.79
      vertex 78.2 3.2 8.79
    endloop
  endfacet
  facet normal -1 0 0
    outer loop
      vertex 75.8 35.1 4
      vertex 75.8 38.1 7
      vertex 75.8 38.1 4
    endloop
  endfacet
  facet normal -1 -0 0
    outer loop
      vertex 75.8 38.1 7
      vertex 75.8 35.1 4
      vertex 75.8 35.1 7
    endloop
  endfacet
  facet normal -0 0 1
    outer loop
      vertex 75.8 38.1 7
      vertex 78.8 35.1 7
      vertex 78.8 38.1 7
    endloop
  endfacet
  facet normal 0 0 1
    outer loop
      vertex 78.8 35.1 7
      vertex 75.8 38.1 7
      vertex 75.8 35.1 7
    endloop
  endfacet
  facet normal 1 -0 0
    outer loop
      vertex 78.8 35.1 7
      vertex 78.8 38.1 4
      vertex 78.8 38.1 7
    endloop
  endfacet
  facet normal 1 0 0
    outer loop
      vertex 78.8 38.1 4
      vertex 78.8 35.1 7
      vertex 78.8 35.1 4
    endloop
  endfacet
  facet normal 0 -1 0
    outer loop
      vertex 75.8 35.1 4
      vertex 78.8 35.1 7
      vertex 75.8 35.1 7
    endloop
  endfacet
  facet normal 0 -1 -0
    outer loop
      vertex 78.8 35.1 7
      vertex 75.8 35.1 4
      vertex 78.8 35.1 4
    endloop
  endfacet
  facet normal 0 1 -0
    outer loop
      vertex 78.8 38.1 4
      vertex 75.8 38.1 7
      vertex 78.8 38.1 7
    endloop
  endfacet
  facet normal 0 1 0
    outer loop
      vertex 75.8 38.1 7
      vertex 78.8 38.1 4
      vertex 75.8 38.1 4
    endloop
  endfacet
  facet normal 0 -0.855198 0.518302
    outer loop
      vertex 78.8 38.1 9.79
      vertex 78.2 37.5 8.8
      vertex 78.8 37.5 8.8
    endloop
  endfacet
  facet normal -1 0 0
    outer loop
      vertex 78.2 37.5 8.79
      vertex 78.2 38.1 8.8
      vertex 78.2 38.1 8.79
    endloop
  endfacet
  facet normal -1 -0 0
    outer loop
      vertex 78.2 38.1 8.8
      vertex 78.2 37.5 8.79
      vertex 78.2 37.5 8.8
    endloop
  endfacet
  facet normal 0 -1 0
    outer loop
      vertex 78.2 37.5 8.79
      vertex 78.8 37.5 8.8
      vertex 78.2 37.5 8.8
    endloop
  endfacet
  facet normal 0 -1 -0
    outer loop
      vertex 78.8 37.5 8.8
      vertex 78.2 37.5 8.79
      vertex 78.8 37.5 8.79
    endloop
  endfacet
  facet normal -0.855198 0 0.518302
    outer loop
      vertex 78.2 38.1 8.8
      vertex 78.2 37.5 8.8
      vertex 78.8 38.1 9.79
    endloop
  endfacet
  facet normal 0 0 -1
    outer loop
      vertex 78.2 37.5 8.79
      vertex 78.8 38.1 8.79
      vertex 78.8 37.5 8.79
    endloop
  endfacet
  facet normal -0 0 -1
    outer loop
      vertex 78.8 38.1 8.79
      vertex 78.2 37.5 8.79
      vertex 78.2 38.1 8.79
    endloop
  endfacet
  facet normal -1 0 0
    outer loop
      vertex 82.4 -55.6 6.99
      vertex 82.4 -52.2 4
      vertex 82.4 -55.6 4
    endloop
  endfacet
  facet normal -1 0 0
    outer loop
      vertex 82.4 -52.2 4
      vertex 82.4 -55.6 6.99
      vertex 82.4 -52.2 21.8
    endloop
  endfacet
  facet normal -1 0 0
    outer loop
      vertex 82.4 -57.2 21.8
      vertex 82.4 -55.6 6.99
      vertex 82.4 -57.2 6.99
    endloop
  endfacet
  facet normal -1 0 0
    outer loop
      vertex 82.4 -55.6 6.99
      vertex 82.4 -57.2 21.8
      vertex 82.4 -52.2 21.8
    endloop
  endfacet
  facet normal 0 0 0
    outer loop
      vertex 82.4 -57.2 6.99
      vertex 82.4 -57.2 4
      vertex 82.4 -57.2 21.8
    endloop
  endfacet
  facet normal 0 0 1
    outer loop
      vertex 84 -52.2 21.8
      vertex 82.4 -52.2 21.8
      vertex 84 -55.6 21.8
    endloop
  endfacet
  facet normal -0 0 1
    outer loop
      vertex 84 -55.6 21.8
      vertex 87.4 -57.2 21.8
      vertex 87.4 -55.6 21.8
    endloop
  endfacet
  facet normal 0 0 1
    outer loop
      vertex 84 -55.6 21.8
      vertex 82.4 -57.2 21.8
      vertex 87.4 -57.2 21.8
    endloop
  endfacet
  facet normal 0 0 1
    outer loop
      vertex 82.4 -57.2 21.8
      vertex 84 -55.6 21.8
      vertex 82.4 -52.2 21.8
    endloop
  endfacet
  facet normal 1 -0 0
    outer loop
      vertex 84 -55.6 20.79
      vertex 84 -55.6 6.99
      vertex 84 -55 20.79
    endloop
  endfacet
  facet normal 1 0 0
    outer loop
      vertex 84 -55 20.79
      vertex 84 -52.2 21.8
      vertex 84 -55 20.8
    endloop
  endfacet
  facet normal 1 -0 0
    outer loop
      vertex 84 -55.6 21.8
      vertex 84 -55 20.8
      vertex 84 -52.2 21.8
    endloop
  endfacet
  facet normal 1 0 0
    outer loop
      vertex 84 -55 20.8
      vertex 84 -55.6 21.8
      vertex 84 -55.6 21.79
    endloop
  endfacet
  facet normal 1 0 0
    outer loop
      vertex 84 -55.6 6.99
      vertex 84 -52.2 21.8
      vertex 84 -55 20.79
    endloop
  endfacet
  facet normal 1 0 0
    outer loop
      vertex 84 -52.2 21.8
      vertex 84 -55.6 6.99
      vertex 84 -52.2 4
    endloop
  endfacet
  facet normal 1 0 0
    outer loop
      vertex 84 -52.2 4
      vertex 84 -55.6 6.99
      vertex 84 -55.6 4
    endloop
  endfacet
  facet normal 0 1 -0
    outer loop
      vertex 84 -52.2 4
      vertex 82.4 -52.2 21.8
      vertex 84 -52.2 21.8
    endloop
  endfacet
  facet normal 0 1 0
    outer loop
      vertex 82.4 -52.2 21.8
      vertex 84 -52.2 4
      vertex 82.4 -52.2 4
    endloop
  endfacet
  facet normal 0 -1 0
    outer loop
      vertex 82.4 -57.2 4
      vertex 87.4 -57.2 21.8
      vertex 82.4 -57.2 21.8
    endloop
  endfacet
  facet normal 0 -1 -0
    outer loop
      vertex 87.4 -57.2 21.8
      vertex 82.4 -57.2 4
      vertex 87.4 -57.2 4
    endloop
  endfacet
  facet normal 1 -0 0
    outer loop
      vertex 87.4 -57.2 21.8
      vertex 87.4 -55.6 6.99
      vertex 87.4 -55.6 21.8
    endloop
  endfacet
  facet normal 1 0 0
    outer loop
      vertex 87.4 -55.6 6.99
      vertex 87.4 -57.2 21.8
      vertex 87.4 -57.2 6.99
    endloop
  endfacet
  facet normal 0 0 0
    outer loop
      vertex 87.4 -57.2 6.99
      vertex 87.4 -57.2 21.8
      vertex 87.4 -57.2 4
    endloop
  endfacet
  facet normal 0 1 -0
    outer loop
      vertex 84.6 -55.6 20.8
      vertex 84 -55.6 21.8
      vertex 87.4 -55.6 21.8
    endloop
  endfacet
  facet normal 0 1 0
    outer loop
      vertex 84 -55.6 21.8
      vertex 84.6 -55.6 20.8
      vertex 84 -55.6 21.79
    endloop
  endfacet
  facet normal 0 1 0
    outer loop
      vertex 87.4 -55.6 21.8
      vertex 84.6 -55.6 20.79
      vertex 84.6 -55.6 20.8
    endloop
  endfacet
  facet normal 0 1 -0
    outer loop
      vertex 87.4 -55.6 6.99
      vertex 84.6 -55.6 20.79
      vertex 87.4 -55.6 21.8
    endloop
  endfacet
  facet normal 0 1 0
    outer loop
      vertex 84 -55.6 6.99
      vertex 84.6 -55.6 20.79
      vertex 87.4 -55.6 6.99
    endloop
  endfacet
  facet normal 0 1 0
    outer loop
      vertex 84.6 -55.6 20.79
      vertex 84 -55.6 6.99
      vertex 84 -55.6 20.79
    endloop
  endfacet
  facet normal -1 0 0
    outer loop
      vertex 82.4 -3.5 4
      vertex 82.4 1.5 21.8
      vertex 82.4 1.5 4
    endloop
  endfacet
  facet normal -1 -0 0
    outer loop
      vertex 82.4 1.5 21.8
      vertex 82.4 -3.5 4
      vertex 82.4 -3.5 21.8
    endloop
  endfacet
  facet normal 0 0 1
    outer loop
      vertex 87.4 1.5 21.8
      vertex 84 -0.1 21.8
      vertex 87.4 -0.1 21.8
    endloop
  endfacet
  facet normal -0 0 1
    outer loop
      vertex 82.4 1.5 21.8
      vertex 84 -0.1 21.8
      vertex 87.4 1.5 21.8
    endloop
  endfacet
  facet normal 0 0 1
    outer loop
      vertex 82.4 -3.5 21.8
      vertex 84 -0.1 21.8
      vertex 82.4 1.5 21.8
    endloop
  endfacet
  facet normal 0 0 1
    outer loop
      vertex 84 -0.1 21.8
      vertex 82.4 -3.5 21.8
      vertex 84 -3.5 21.8
    endloop
  endfacet
  facet normal 1 0 0
    outer loop
      vertex 84 -0.1 21.8
      vertex 84 -0.7 20.8
      vertex 84 -0.1 21.79
    endloop
  endfacet
  facet normal 1 0 0
    outer loop
      vertex 84 -0.7 20.8
      vertex 84 -3.5 21.8
      vertex 84 -0.7 20.79
    endloop
  endfacet
  facet normal 1 -0 0
    outer loop
      vertex 84 -3.5 21.8
      vertex 84 -0.7 20.8
      vertex 84 -0.1 21.8
    endloop
  endfacet
  facet normal 1 -0 0
    outer loop
      vertex 84 -0.7 20.79
      vertex 84 -0.1 4
      vertex 84 -0.1 20.79
    endloop
  endfacet
  facet normal 1 0 0
    outer loop
      vertex 84 -3.5 4
      vertex 84 -0.7 20.79
      vertex 84 -3.5 21.8
    endloop
  endfacet
  facet normal 1 0 0
    outer loop
      vertex 84 -0.7 20.79
      vertex 84 -3.5 4
      vertex 84 -0.1 4
    endloop
  endfacet
  facet normal 0 1 -0
    outer loop
      vertex 87.4 1.5 4
      vertex 82.4 1.5 21.8
      vertex 87.4 1.5 21.8
    endloop
  endfacet
  facet normal 0 1 0
    outer loop
      vertex 82.4 1.5 21.8
      vertex 87.4 1.5 4
      vertex 82.4 1.5 4
    endloop
  endfacet
  facet normal 0 -1 0
    outer loop
      vertex 82.4 -3.5 4
      vertex 84 -3.5 21.8
      vertex 82.4 -3.5 21.8
    endloop
  endfacet
  facet normal 0 -1 -0
    outer loop
      vertex 84 -3.5 21.8
      vertex 82.4 -3.5 4
      vertex 84 -3.5 4
    endloop
  endfacet
  facet normal 1 -0 0
    outer loop
      vertex 87.4 -0.1 21.8
      vertex 87.4 1.5 4
      vertex 87.4 1.5 21.8
    endloop
  endfacet
  facet normal 1 0 0
    outer loop
      vertex 87.4 1.5 4
      vertex 87.4 -0.1 21.8
      vertex 87.4 -0.1 4
    endloop
  endfacet
  facet normal 0 -1 0
    outer loop
      vertex 84 -0.1 20.79
      vertex 84 -0.1 19
      vertex 84.6 -0.1 20.79
    endloop
  endfacet
  facet normal 0 -1 0
    outer loop
      vertex 84.6 -0.1 20.8
      vertex 84 -0.1 21.8
      vertex 84 -0.1 21.79
    endloop
  endfacet
  facet normal 0 -1 0
    outer loop
      vertex 84 -0.1 21.8
      vertex 84.6 -0.1 20.8
      vertex 87.4 -0.1 21.8
    endloop
  endfacet
  facet normal 0 -1 0
    outer loop
      vertex 84.6 -0.1 20.79
      vertex 87.4 -0.1 21.8
      vertex 84.6 -0.1 20.8
    endloop
  endfacet
  facet normal 0 -1 0
    outer loop
      vertex 86.5 -0.1 19
      vertex 84.6 -0.1 20.79
      vertex 84 -0.1 19
    endloop
  endfacet
  facet normal 0 -1 0
    outer loop
      vertex 84.6 -0.1 20.79
      vertex 86.5 -0.1 19
      vertex 87.4 -0.1 21.8
    endloop
  endfacet
  facet normal 0 -1 0
    outer loop
      vertex 87.4 -0.1 4
      vertex 86.5 -0.1 19
      vertex 86.5 -0.1 4
    endloop
  endfacet
  facet normal 0 -1 0
    outer loop
      vertex 86.5 -0.1 19
      vertex 87.4 -0.1 4
      vertex 87.4 -0.1 21.8
    endloop
  endfacet
  facet normal 0 0 0
    outer loop
      vertex 84 -0.1 19
      vertex 84 -0.1 20.79
      vertex 84 -0.1 4
    endloop
  endfacet
  facet normal -1 0 0
    outer loop
      vertex 112.5 -55.6 19
      vertex 112.5 -55 20.79
      vertex 112.5 -53.1 19
    endloop
  endfacet
  facet normal -1 0 0
    outer loop
      vertex 112.5 -55.6 19
      vertex 112.5 -55.6 20.79
      vertex 112.5 -55 20.79
    endloop
  endfacet
  facet normal 0 0 0
    outer loop
      vertex 112.5 -55.6 20.79
      vertex 112.5 -55.6 19
      vertex 112.5 -55.6 6.99
    endloop
  endfacet
  facet normal -1 0 0
    outer loop
      vertex 112.5 -2.6 4
      vertex 112.5 -3.5 6.99
      vertex 112.5 -2.6 19
    endloop
  endfacet
  facet normal -1 0 0
    outer loop
      vertex 112.5 -2.6 4
      vertex 112.5 -52.2 6.99
      vertex 112.5 -3.5 6.99
    endloop
  endfacet
  facet normal -1 0 0
    outer loop
      vertex 112.5 -53.1 4
      vertex 112.5 -52.2 6.99
      vertex 112.5 -2.6 4
    endloop
  endfacet
  facet normal -1 0 0
    outer loop
      vertex 112.5 -53.1 19
      vertex 112.5 -52.2 6.99
      vertex 112.5 -53.1 4
    endloop
  endfacet
  facet normal -1 0 0
    outer loop
      vertex 112.5 -52.2 6.99
      vertex 112.5 -53.1 19
      vertex 112.5 -52.2 21.8
    endloop
  endfacet
  facet normal -1 0 0
    outer loop
      vertex 112.5 -55 20.79
      vertex 112.5 -52.2 21.8
      vertex 112.5 -53.1 19
    endloop
  endfacet
  facet normal -1 0 0
    outer loop
      vertex 112.5 -55 20.8
      vertex 112.5 -52.2 21.8
      vertex 112.5 -55 20.79
    endloop
  endfacet
  facet normal -1 0 0
    outer loop
      vertex 112.5 -55.6 21.8
      vertex 112.5 -55 20.8
      vertex 112.5 -55.6 21.79
    endloop
  endfacet
  facet normal -1 0 0
    outer loop
      vertex 112.5 -55 20.8
      vertex 112.5 -55.6 21.8
      vertex 112.5 -52.2 21.8
    endloop
  endfacet
  facet normal -1 0 0
    outer loop
      vertex 112.5 -0.1 19
      vertex 112.5 -0.7 20.79
      vertex 112.5 -0.1 20.79
    endloop
  endfacet
  facet normal -1 0 0
    outer loop
      vertex 112.5 -3.5 21.8
      vertex 112.5 -0.7 20.79
      vertex 112.5 -2.6 19
    endloop
  endfacet
  facet normal -1 0 0
    outer loop
      vertex 112.5 -2.6 19
      vertex 112.5 -0.7 20.79
      vertex 112.5 -0.1 19
    endloop
  endfacet
  facet normal -1 0 0
    outer loop
      vertex 112.5 -0.7 20.8
      vertex 112.5 -0.1 21.8
      vertex 112.5 -0.1 21.79
    endloop
  endfacet
  facet normal -1 0 0
    outer loop
      vertex 112.5 -0.7 20.79
      vertex 112.5 -3.5 21.8
      vertex 112.5 -0.7 20.8
    endloop
  endfacet
  facet normal -1 0 0
    outer loop
      vertex 112.5 -0.7 20.8
      vertex 112.5 -3.5 21.8
      vertex 112.5 -0.1 21.8
    endloop
  endfacet
  facet normal -1 0 0
    outer loop
      vertex 112.5 -3.5 21.8
      vertex 112.5 -2.6 19
      vertex 112.5 -3.5 6.99
    endloop
  endfacet
  facet normal -1 0 0
    outer loop
      vertex 112.5 81.7 4
      vertex 112.5 82.6 6.99
      vertex 112.5 82.6 4
    endloop
  endfacet
  facet normal -1 -0 0
    outer loop
      vertex 112.5 82.6 6.99
      vertex 112.5 81.7 4
      vertex 112.5 81.7 6.99
    endloop
  endfacet
  facet normal -1 0 0
    outer loop
      vertex 112.5 1.5 4
      vertex 112.5 61.7 6.99
      vertex 112.5 61.7 4
    endloop
  endfacet
  facet normal -1 -0 0
    outer loop
      vertex 112.5 61.7 6.99
      vertex 112.5 1.5 4
      vertex 112.5 1.5 6.99
    endloop
  endfacet
  facet normal 0 0 1
    outer loop
      vertex 112.5 -55.6 21.8
      vertex 114.1 -52.2 21.8
      vertex 112.5 -52.2 21.8
    endloop
  endfacet
  facet normal 0 0 1
    outer loop
      vertex 114.1 -52.2 21.8
      vertex 112.5 -55.6 21.8
      vertex 114.1 -57.2 21.8
    endloop
  endfacet
  facet normal 0 0 1
    outer loop
      vertex 109.1 -57.2 21.8
      vertex 112.5 -55.6 21.8
      vertex 109.1 -55.6 21.8
    endloop
  endfacet
  facet normal 0 0 1
    outer loop
      vertex 112.5 -55.6 21.8
      vertex 109.1 -57.2 21.8
      vertex 114.1 -57.2 21.8
    endloop
  endfacet
  facet normal 1 0 0
    outer loop
      vertex 114.1 -52.2 21.8
      vertex 114.1 -57.2 21.8
      vertex 114.1 -52.2 6.99
    endloop
  endfacet
  facet normal 1 0 0
    outer loop
      vertex 114.1 1.5 21.8
      vertex 114.1 -3.5 21.8
      vertex 114.1 1.5 6.99
    endloop
  endfacet
  facet normal 1 0 0
    outer loop
      vertex 114.1 74.7851 15.6962
      vertex 114.1 81.7 22.09
      vertex 114.1 74.8 16
    endloop
  endfacet
  facet normal 1 0 0
    outer loop
      vertex 114.1 81.7 22.09
      vertex 114.1 74.7851 16.3038
      vertex 114.1 74.8 16
    endloop
  endfacet
  facet normal 1 0 0
    outer loop
      vertex 114.1 81.7 22.09
      vertex 114.1 74.7404 16.6048
      vertex 114.1 74.7851 16.3038
    endloop
  endfacet
  facet normal 1 0 0
    outer loop
      vertex 114.1 81.7 22.09
      vertex 114.1 74.6665 16.8999
      vertex 114.1 74.7404 16.6048
    endloop
  endfacet
  facet normal 1 0 0
    outer loop
      vertex 114.1 81.7 22.09
      vertex 114.1 74.564 17.1863
      vertex 114.1 74.6665 16.8999
    endloop
  endfacet
  facet normal 1 0 0
    outer loop
      vertex 114.1 81.7 22.09
      vertex 114.1 74.4339 17.4613
      vertex 114.1 74.564 17.1863
    endloop
  endfacet
  facet normal 1 0 0
    outer loop
      vertex 114.1 81.7 22.09
      vertex 114.1 74.2775 17.7223
      vertex 114.1 74.4339 17.4613
    endloop
  endfacet
  facet normal 1 0 0
    outer loop
      vertex 114.1 81.7 22.09
      vertex 114.1 74.0963 17.9666
      vertex 114.1 74.2775 17.7223
    endloop
  endfacet
  facet normal 1 0 0
    outer loop
      vertex 114.1 81.7 22.09
      vertex 114.1 73.892 18.192
      vertex 114.1 74.0963 17.9666
    endloop
  endfacet
  facet normal 1 0 0
    outer loop
      vertex 114.1 81.7 22.09
      vertex 114.1 71.7 20.384
      vertex 114.1 73.892 18.192
    endloop
  endfacet
  facet normal 1 0 0
    outer loop
      vertex 114.1 68.6149 16.3038
      vertex 114.1 61.7 22.09
      vertex 114.1 68.6 16
    endloop
  endfacet
  facet normal 1 0 0
    outer loop
      vertex 114.1 68.6596 16.6048
      vertex 114.1 61.7 22.09
      vertex 114.1 68.6149 16.3038
    endloop
  endfacet
  facet normal 1 0 0
    outer loop
      vertex 114.1 68.7335 16.8999
      vertex 114.1 61.7 22.09
      vertex 114.1 68.6596 16.6048
    endloop
  endfacet
  facet normal 1 0 0
    outer loop
      vertex 114.1 68.836 17.1863
      vertex 114.1 61.7 22.09
      vertex 114.1 68.7335 16.8999
    endloop
  endfacet
  facet normal 1 0 0
    outer loop
      vertex 114.1 68.966 17.4613
      vertex 114.1 61.7 22.09
      vertex 114.1 68.836 17.1863
    endloop
  endfacet
  facet normal 1 0 0
    outer loop
      vertex 114.1 69.1225 17.7223
      vertex 114.1 61.7 22.09
      vertex 114.1 68.966 17.4613
    endloop
  endfacet
  facet normal 1 0 0
    outer loop
      vertex 114.1 69.3037 17.9666
      vertex 114.1 61.7 22.09
      vertex 114.1 69.1225 17.7223
    endloop
  endfacet
  facet normal 1 0 0
    outer loop
      vertex 114.1 69.508 18.192
      vertex 114.1 61.7 22.09
      vertex 114.1 69.3037 17.9666
    endloop
  endfacet
  facet normal 1 0 0
    outer loop
      vertex 114.1 71.7 20.384
      vertex 114.1 61.7 22.09
      vertex 114.1 69.508 18.192
    endloop
  endfacet
  facet normal 1 -0 0
    outer loop
      vertex 114.1 61.7 22.09
      vertex 114.1 71.7 20.384
      vertex 114.1 81.7 22.09
    endloop
  endfacet
  facet normal 1 -0 0
    outer loop
      vertex 114.1 81.7 6.99
      vertex 114.1 84.2 4
      vertex 114.1 84.2 6.99
    endloop
  endfacet
  facet normal 1 0 0
    outer loop
      vertex 114.1 81.7 22.09
      vertex 114.1 74.7851 15.6962
      vertex 114.1 81.7 6.99
    endloop
  endfacet
  facet normal 1 -0 0
    outer loop
      vertex 114.1 74.7404 15.3952
      vertex 114.1 81.7 6.99
      vertex 114.1 74.7851 15.6962
    endloop
  endfacet
  facet normal 1 -0 0
    outer loop
      vertex 114.1 74.6665 15.1001
      vertex 114.1 81.7 6.99
      vertex 114.1 74.7404 15.3952
    endloop
  endfacet
  facet normal 1 -0 0
    outer loop
      vertex 114.1 74.564 14.8137
      vertex 114.1 81.7 6.99
      vertex 114.1 74.6665 15.1001
    endloop
  endfacet
  facet normal 1 -0 0
    outer loop
      vertex 114.1 74.4339 14.5387
      vertex 114.1 81.7 6.99
      vertex 114.1 74.564 14.8137
    endloop
  endfacet
  facet normal 1 -0 0
    outer loop
      vertex 114.1 74.2775 14.2777
      vertex 114.1 81.7 6.99
      vertex 114.1 74.4339 14.5387
    endloop
  endfacet
  facet normal 1 -0 0
    outer loop
      vertex 114.1 74.0963 14.0334
      vertex 114.1 81.7 6.99
      vertex 114.1 74.2775 14.2777
    endloop
  endfacet
  facet normal 1 -0 0
    outer loop
      vertex 114.1 73.892 13.808
      vertex 114.1 81.7 6.99
      vertex 114.1 74.0963 14.0334
    endloop
  endfacet
  facet normal 1 -0 0
    outer loop
      vertex 114.1 73.6666 13.6037
      vertex 114.1 81.7 6.99
      vertex 114.1 73.892 13.808
    endloop
  endfacet
  facet normal 1 -0 0
    outer loop
      vertex 114.1 73.4223 13.4225
      vertex 114.1 81.7 6.99
      vertex 114.1 73.6666 13.6037
    endloop
  endfacet
  facet normal 1 -0 0
    outer loop
      vertex 114.1 73.1613 13.2661
      vertex 114.1 81.7 6.99
      vertex 114.1 73.4223 13.4225
    endloop
  endfacet
  facet normal 1 -0 0
    outer loop
      vertex 114.1 72.8863 13.136
      vertex 114.1 81.7 6.99
      vertex 114.1 73.1613 13.2661
    endloop
  endfacet
  facet normal 1 -0 0
    outer loop
      vertex 114.1 72.5999 13.0335
      vertex 114.1 81.7 6.99
      vertex 114.1 72.8863 13.136
    endloop
  endfacet
  facet normal 1 -0 0
    outer loop
      vertex 114.1 72.3048 12.9596
      vertex 114.1 81.7 6.99
      vertex 114.1 72.5999 13.0335
    endloop
  endfacet
  facet normal 1 -0 0
    outer loop
      vertex 114.1 72.0038 12.9149
      vertex 114.1 81.7 6.99
      vertex 114.1 72.3048 12.9596
    endloop
  endfacet
  facet normal 1 -0 0
    outer loop
      vertex 114.1 71.7 12.9
      vertex 114.1 81.7 6.99
      vertex 114.1 72.0038 12.9149
    endloop
  endfacet
  facet normal 1 0 0
    outer loop
      vertex 114.1 61.7 6.99
      vertex 114.1 81.7 6.99
      vertex 114.1 71.7 12.9
    endloop
  endfacet
  facet normal 1 0 0
    outer loop
      vertex 114.1 61.7 6.99
      vertex 114.1 71.7 12.9
      vertex 114.1 71.3961 12.9149
    endloop
  endfacet
  facet normal 1 0 0
    outer loop
      vertex 114.1 61.7 6.99
      vertex 114.1 71.3961 12.9149
      vertex 114.1 71.0952 12.9596
    endloop
  endfacet
  facet normal 1 0 0
    outer loop
      vertex 114.1 61.7 6.99
      vertex 114.1 71.0952 12.9596
      vertex 114.1 70.8001 13.0335
    endloop
  endfacet
  facet normal 1 0 0
    outer loop
      vertex 114.1 61.7 6.99
      vertex 114.1 70.8001 13.0335
      vertex 114.1 70.5137 13.136
    endloop
  endfacet
  facet normal 1 0 0
    outer loop
      vertex 114.1 61.7 6.99
      vertex 114.1 70.5137 13.136
      vertex 114.1 70.2387 13.2661
    endloop
  endfacet
  facet normal 1 0 0
    outer loop
      vertex 114.1 61.7 6.99
      vertex 114.1 70.2387 13.2661
      vertex 114.1 69.9777 13.4225
    endloop
  endfacet
  facet normal 1 0 0
    outer loop
      vertex 114.1 61.7 22.09
      vertex 114.1 68.6149 15.6962
      vertex 114.1 68.6 16
    endloop
  endfacet
  facet normal 1 0 0
    outer loop
      vertex 114.1 61.7 6.99
      vertex 114.1 68.6149 15.6962
      vertex 114.1 61.7 22.09
    endloop
  endfacet
  facet normal 1 0 0
    outer loop
      vertex 114.1 68.6149 15.6962
      vertex 114.1 61.7 6.99
      vertex 114.1 68.6596 15.3952
    endloop
  endfacet
  facet normal 1 0 0
    outer loop
      vertex 114.1 68.6596 15.3952
      vertex 114.1 61.7 6.99
      vertex 114.1 68.7335 15.1001
    endloop
  endfacet
  facet normal 1 0 0
    outer loop
      vertex 114.1 68.7335 15.1001
      vertex 114.1 61.7 6.99
      vertex 114.1 68.836 14.8137
    endloop
  endfacet
  facet normal 1 0 0
    outer loop
      vertex 114.1 68.836 14.8137
      vertex 114.1 61.7 6.99
      vertex 114.1 68.966 14.5387
    endloop
  endfacet
  facet normal 1 0 0
    outer loop
      vertex 114.1 68.966 14.5387
      vertex 114.1 61.7 6.99
      vertex 114.1 69.1225 14.2777
    endloop
  endfacet
  facet normal 1 0 0
    outer loop
      vertex 114.1 69.1225 14.2777
      vertex 114.1 61.7 6.99
      vertex 114.1 69.3037 14.0334
    endloop
  endfacet
  facet normal 1 0 0
    outer loop
      vertex 114.1 69.3037 14.0334
      vertex 114.1 61.7 6.99
      vertex 114.1 69.508 13.808
    endloop
  endfacet
  facet normal 1 0 0
    outer loop
      vertex 114.1 61.7 6.99
      vertex 114.1 69.7334 13.6037
      vertex 114.1 69.508 13.808
    endloop
  endfacet
  facet normal 1 0 0
    outer loop
      vertex 114.1 61.7 6.99
      vertex 114.1 69.9777 13.4225
      vertex 114.1 69.7334 13.6037
    endloop
  endfacet
  facet normal 1 0 0
    outer loop
      vertex 114.1 81.7 6.99
      vertex 114.1 61.7 6.99
      vertex 114.1 84.2 4
    endloop
  endfacet
  facet normal 1 -0 0
    outer loop
      vertex 114.1 1.5 6.99
      vertex 114.1 84.2 4
      vertex 114.1 61.7 6.99
    endloop
  endfacet
  facet normal 1 0 0
    outer loop
      vertex 114.1 -3.5 6.99
      vertex 114.1 1.5 6.99
      vertex 114.1 -3.5 21.8
    endloop
  endfacet
  facet normal 1 0 0
    outer loop
      vertex 114.1 -57.2 4
      vertex 114.1 1.5 6.99
      vertex 114.1 -3.5 6.99
    endloop
  endfacet
  facet normal 1 0 0
    outer loop
      vertex 114.1 -57.2 4
      vertex 114.1 -3.5 6.99
      vertex 114.1 -52.2 6.99
    endloop
  endfacet
  facet normal 1 0 0
    outer loop
      vertex 114.1 1.5 6.99
      vertex 114.1 -57.2 4
      vertex 114.1 84.2 4
    endloop
  endfacet
  facet normal 1 0 0
    outer loop
      vertex 114.1 -57.2 4
      vertex 114.1 -52.2 6.99
      vertex 114.1 -57.2 21.8
    endloop
  endfacet
  facet normal 0 -1 0
    outer loop
      vertex 109.1 -57.2 4
      vertex 114.1 -57.2 21.8
      vertex 109.1 -57.2 21.8
    endloop
  endfacet
  facet normal 0 -1 -0
    outer loop
      vertex 114.1 -57.2 21.8
      vertex 109.1 -57.2 4
      vertex 114.1 -57.2 4
    endloop
  endfacet
  facet normal 0 1 -0
    outer loop
      vertex 114.1 -52.2 6.99
      vertex 112.5 -52.2 21.8
      vertex 114.1 -52.2 21.8
    endloop
  endfacet
  facet normal 0 1 0
    outer loop
      vertex 112.5 -52.2 21.8
      vertex 114.1 -52.2 6.99
      vertex 112.5 -52.2 6.99
    endloop
  endfacet
  facet normal -1 0 0
    outer loop
      vertex 109.1 -57.2 6.99
      vertex 109.1 -55.6 21.8
      vertex 109.1 -55.6 6.99
    endloop
  endfacet
  facet normal -1 -0 0
    outer loop
      vertex 109.1 -55.6 21.8
      vertex 109.1 -57.2 6.99
      vertex 109.1 -57.2 21.8
    endloop
  endfacet
  facet normal 0 0 0
    outer loop
      vertex 109.1 -57.2 21.8
      vertex 109.1 -57.2 6.99
      vertex 109.1 -57.2 4
    endloop
  endfacet
  facet normal 0 1 0
    outer loop
      vertex 112.5 -55.6 20.79
      vertex 112.5 -55.6 6.99
      vertex 111.9 -55.6 20.79
    endloop
  endfacet
  facet normal 0 1 0
    outer loop
      vertex 111.9 -55.6 20.8
      vertex 112.5 -55.6 21.8
      vertex 112.5 -55.6 21.79
    endloop
  endfacet
  facet normal 0 1 0
    outer loop
      vertex 112.5 -55.6 21.8
      vertex 111.9 -55.6 20.8
      vertex 109.1 -55.6 21.8
    endloop
  endfacet
  facet normal 0 1 -0
    outer loop
      vertex 111.9 -55.6 20.79
      vertex 109.1 -55.6 21.8
      vertex 111.9 -55.6 20.8
    endloop
  endfacet
  facet normal 0 1 0
    outer loop
      vertex 109.1 -55.6 6.99
      vertex 111.9 -55.6 20.79
      vertex 112.5 -55.6 6.99
    endloop
  endfacet
  facet normal 0 1 0
    outer loop
      vertex 111.9 -55.6 20.79
      vertex 109.1 -55.6 6.99
      vertex 109.1 -55.6 21.8
    endloop
  endfacet
  facet normal 0 0 1
    outer loop
      vertex 114.1 1.5 21.8
      vertex 112.5 -0.1 21.8
      vertex 114.1 -3.5 21.8
    endloop
  endfacet
  facet normal -0 0 1
    outer loop
      vertex 109.1 1.5 21.8
      vertex 112.5 -0.1 21.8
      vertex 114.1 1.5 21.8
    endloop
  endfacet
  facet normal 0 0 1
    outer loop
      vertex 112.5 -0.1 21.8
      vertex 109.1 1.5 21.8
      vertex 109.1 -0.1 21.8
    endloop
  endfacet
  facet normal 0 0 1
    outer loop
      vertex 114.1 -3.5 21.8
      vertex 112.5 -0.1 21.8
      vertex 112.5 -3.5 21.8
    endloop
  endfacet
  facet normal 0 -1 0
    outer loop
      vertex 112.5 -3.5 6.99
      vertex 114.1 -3.5 21.8
      vertex 112.5 -3.5 21.8
    endloop
  endfacet
  facet normal 0 -1 -0
    outer loop
      vertex 114.1 -3.5 21.8
      vertex 112.5 -3.5 6.99
      vertex 114.1 -3.5 6.99
    endloop
  endfacet
  facet normal 0 1 0
    outer loop
      vertex 112.5 1.5 6.99
      vertex 114.1 1.5 21.8
      vertex 114.1 1.5 6.99
    endloop
  endfacet
  facet normal 0 1 0
    outer loop
      vertex 114.1 1.5 21.8
      vertex 112.5 1.5 6.99
      vertex 109.1 1.5 21.8
    endloop
  endfacet
  facet normal 0 1 0
    outer loop
      vertex 109.1 1.5 4
      vertex 112.5 1.5 6.99
      vertex 112.5 1.5 4
    endloop
  endfacet
  facet normal 0 1 0
    outer loop
      vertex 112.5 1.5 6.99
      vertex 109.1 1.5 4
      vertex 109.1 1.5 21.8
    endloop
  endfacet
  facet normal -1 0 0
    outer loop
      vertex 109.1 -0.1 4
      vertex 109.1 1.5 21.8
      vertex 109.1 1.5 4
    endloop
  endfacet
  facet normal -1 -0 0
    outer loop
      vertex 109.1 1.5 21.8
      vertex 109.1 -0.1 4
      vertex 109.1 -0.1 21.8
    endloop
  endfacet
  facet normal 0 -1 0
    outer loop
      vertex 111.9 -0.1 20.8
      vertex 112.5 -0.1 21.8
      vertex 109.1 -0.1 21.8
    endloop
  endfacet
  facet normal 0 -1 -0
    outer loop
      vertex 112.5 -0.1 21.8
      vertex 111.9 -0.1 20.8
      vertex 112.5 -0.1 21.79
    endloop
  endfacet
  facet normal 0 -1 0
    outer loop
      vertex 109.1 -0.1 21.8
      vertex 111.9 -0.1 20.79
      vertex 111.9 -0.1 20.8
    endloop
  endfacet
  facet normal 0 -1 0
    outer loop
      vertex 112.5 -0.1 19
      vertex 111.9 -0.1 20.79
      vertex 110 -0.1 19
    endloop
  endfacet
  facet normal 0 -1 0
    outer loop
      vertex 109.1 -0.1 21.8
      vertex 110 -0.1 19
      vertex 111.9 -0.1 20.79
    endloop
  endfacet
  facet normal 0 -1 0
    outer loop
      vertex 109.1 -0.1 4
      vertex 110 -0.1 19
      vertex 109.1 -0.1 21.8
    endloop
  endfacet
  facet normal 0 -1 -0
    outer loop
      vertex 110 -0.1 19
      vertex 109.1 -0.1 4
      vertex 110 -0.1 4
    endloop
  endfacet
  facet normal 0 -1 0
    outer loop
      vertex 111.9 -0.1 20.79
      vertex 112.5 -0.1 19
      vertex 112.5 -0.1 20.79
    endloop
  endfacet
  facet normal -1 0 0
    outer loop
      vertex 84 -55.6 6.99
      vertex 84 -53.1 4
      vertex 84 -55.6 4
    endloop
  endfacet
  facet normal -1 0 0
    outer loop
      vertex 84 -53.1 4
      vertex 84 -55.6 6.99
      vertex 84 -53.1 19
    endloop
  endfacet
  facet normal -1 -0 0
    outer loop
      vertex 84 -53.1 19
      vertex 84 -55.6 6.99
      vertex 84 -55.6 19
    endloop
  endfacet
  facet normal -0 0 1
    outer loop
      vertex 84 -53.1 19
      vertex 86.5 -55.6 19
      vertex 86.5 -53.1 19
    endloop
  endfacet
  facet normal 0 0 1
    outer loop
      vertex 86.5 -55.6 19
      vertex 84 -53.1 19
      vertex 84 -55.6 19
    endloop
  endfacet
  facet normal 1 0 0
    outer loop
      vertex 86.5 -55.6 6.99
      vertex 86.5 -53.1 19
      vertex 86.5 -55.6 19
    endloop
  endfacet
  facet normal 1 0 0
    outer loop
      vertex 86.5 -53.1 19
      vertex 86.5 -55.6 6.99
      vertex 86.5 -53.1 4
    endloop
  endfacet
  facet normal 1 0 0
    outer loop
      vertex 86.5 -53.1 4
      vertex 86.5 -55.6 6.99
      vertex 86.5 -55.6 4
    endloop
  endfacet
  facet normal 0 1 -0
    outer loop
      vertex 86.5 -53.1 4
      vertex 84 -53.1 19
      vertex 86.5 -53.1 19
    endloop
  endfacet
  facet normal 0 1 0
    outer loop
      vertex 84 -53.1 19
      vertex 86.5 -53.1 4
      vertex 84 -53.1 4
    endloop
  endfacet
  facet normal 0 -1 0
    outer loop
      vertex 84 -55.6 6.99
      vertex 86.5 -55.6 19
      vertex 84 -55.6 19
    endloop
  endfacet
  facet normal 0 -1 -0
    outer loop
      vertex 86.5 -55.6 19
      vertex 84 -55.6 6.99
      vertex 86.5 -55.6 6.99
    endloop
  endfacet
  facet normal 0 -1 0
    outer loop
      vertex 110 -55.6 6.99
      vertex 112.5 -55.6 19
      vertex 110 -55.6 19
    endloop
  endfacet
  facet normal 0 -1 -0
    outer loop
      vertex 112.5 -55.6 19
      vertex 110 -55.6 6.99
      vertex 112.5 -55.6 6.99
    endloop
  endfacet
  facet normal 0 1 -0
    outer loop
      vertex 82.4 -55.6 4
      vertex 56.7 -55.6 6.99
      vertex 82.4 -55.6 6.99
    endloop
  endfacet
  facet normal 0 1 0
    outer loop
      vertex 56.7 -55.6 6.99
      vertex 82.4 -55.6 4
      vertex 56.7 -55.6 4
    endloop
  endfacet
  facet normal 0 1 -0
    outer loop
      vertex 110 -55.6 4
      vertex 86.5 -55.6 6.99
      vertex 110 -55.6 6.99
    endloop
  endfacet
  facet normal 0 1 0
    outer loop
      vertex 86.5 -55.6 6.99
      vertex 110 -55.6 4
      vertex 86.5 -55.6 4
    endloop
  endfacet
  facet normal 0.855198 0 0.518302
    outer loop
      vertex 84 -55.6 21.79
      vertex 84.6 -55.6 20.8
      vertex 84.6 -55 20.8
    endloop
  endfacet
  facet normal 0 1 -0
    outer loop
      vertex 84.6 -55 20.79
      vertex 84 -55 20.8
      vertex 84.6 -55 20.8
    endloop
  endfacet
  facet normal 0 1 0
    outer loop
      vertex 84 -55 20.8
      vertex 84.6 -55 20.79
      vertex 84 -55 20.79
    endloop
  endfacet
  facet normal 0 0 -1
    outer loop
      vertex 84 -55.6 20.79
      vertex 84.6 -55 20.79
      vertex 84.6 -55.6 20.79
    endloop
  endfacet
  facet normal -0 0 -1
    outer loop
      vertex 84.6 -55 20.79
      vertex 84 -55.6 20.79
      vertex 84 -55 20.79
    endloop
  endfacet
  facet normal 1 -0 0
    outer loop
      vertex 84.6 -55.6 20.8
      vertex 84.6 -55 20.79
      vertex 84.6 -55 20.8
    endloop
  endfacet
  facet normal 1 0 0
    outer loop
      vertex 84.6 -55 20.79
      vertex 84.6 -55.6 20.8
      vertex 84.6 -55.6 20.79
    endloop
  endfacet
  facet normal -0 0.855198 0.518302
    outer loop
      vertex 84 -55 20.8
      vertex 84 -55.6 21.79
      vertex 84.6 -55 20.8
    endloop
  endfacet
  facet normal -1 0 0
    outer loop
      vertex 84 -2.6 4
      vertex 84 -0.1 19
      vertex 84 -0.1 4
    endloop
  endfacet
  facet normal -1 -0 0
    outer loop
      vertex 84 -0.1 19
      vertex 84 -2.6 4
      vertex 84 -2.6 19
    endloop
  endfacet
  facet normal -0 0 1
    outer loop
      vertex 84 -0.1 19
      vertex 86.5 -2.6 19
      vertex 86.5 -0.1 19
    endloop
  endfacet
  facet normal 0 0 1
    outer loop
      vertex 86.5 -2.6 19
      vertex 84 -0.1 19
      vertex 84 -2.6 19
    endloop
  endfacet
  facet normal 1 -0 0
    outer loop
      vertex 86.5 -2.6 19
      vertex 86.5 -0.1 4
      vertex 86.5 -0.1 19
    endloop
  endfacet
  facet normal 1 0 0
    outer loop
      vertex 86.5 -0.1 4
      vertex 86.5 -2.6 19
      vertex 86.5 -2.6 4
    endloop
  endfacet
  facet normal 0 -1 0
    outer loop
      vertex 84 -2.6 4
      vertex 86.5 -2.6 19
      vertex 84 -2.6 19
    endloop
  endfacet
  facet normal 0 -1 -0
    outer loop
      vertex 86.5 -2.6 19
      vertex 84 -2.6 4
      vertex 86.5 -2.6 4
    endloop
  endfacet
  facet normal 0 -0.855198 0.518302
    outer loop
      vertex 84 -0.1 21.79
      vertex 84 -0.7 20.8
      vertex 84.6 -0.7 20.8
    endloop
  endfacet
  facet normal 0 -1 0
    outer loop
      vertex 84 -0.7 20.79
      vertex 84.6 -0.7 20.8
      vertex 84 -0.7 20.8
    endloop
  endfacet
  facet normal 0 -1 -0
    outer loop
      vertex 84.6 -0.7 20.8
      vertex 84 -0.7 20.79
      vertex 84.6 -0.7 20.79
    endloop
  endfacet
  facet normal 0.855198 0 0.518302
    outer loop
      vertex 84.6 -0.1 20.8
      vertex 84 -0.1 21.79
      vertex 84.6 -0.7 20.8
    endloop
  endfacet
  facet normal 0 0 -1
    outer loop
      vertex 84 -0.7 20.79
      vertex 84.6 -0.1 20.79
      vertex 84.6 -0.7 20.79
    endloop
  endfacet
  facet normal -0 0 -1
    outer loop
      vertex 84.6 -0.1 20.79
      vertex 84 -0.7 20.79
      vertex 84 -0.1 20.79
    endloop
  endfacet
  facet normal 1 -0 0
    outer loop
      vertex 84.6 -0.7 20.8
      vertex 84.6 -0.1 20.79
      vertex 84.6 -0.1 20.8
    endloop
  endfacet
  facet normal 1 0 0
    outer loop
      vertex 84.6 -0.1 20.79
      vertex 84.6 -0.7 20.8
      vertex 84.6 -0.7 20.79
    endloop
  endfacet
  facet normal -1 0 0
    outer loop
      vertex 110 -55.6 6.99
      vertex 110 -53.1 4
      vertex 110 -55.6 4
    endloop
  endfacet
  facet normal -1 0 0
    outer loop
      vertex 110 -53.1 4
      vertex 110 -55.6 6.99
      vertex 110 -53.1 19
    endloop
  endfacet
  facet normal -1 -0 0
    outer loop
      vertex 110 -53.1 19
      vertex 110 -55.6 6.99
      vertex 110 -55.6 19
    endloop
  endfacet
  facet normal -0 0 1
    outer loop
      vertex 110 -53.1 19
      vertex 112.5 -55.6 19
      vertex 112.5 -53.1 19
    endloop
  endfacet
  facet normal 0 0 1
    outer loop
      vertex 112.5 -55.6 19
      vertex 110 -53.1 19
      vertex 110 -55.6 19
    endloop
  endfacet
  facet normal 0 1 -0
    outer loop
      vertex 112.5 -53.1 4
      vertex 110 -53.1 19
      vertex 112.5 -53.1 19
    endloop
  endfacet
  facet normal 0 1 0
    outer loop
      vertex 110 -53.1 19
      vertex 112.5 -53.1 4
      vertex 110 -53.1 4
    endloop
  endfacet
  facet normal -0.855198 0 0.518302
    outer loop
      vertex 111.9 -55.6 20.8
      vertex 112.5 -55.6 21.79
      vertex 111.9 -55 20.8
    endloop
  endfacet
  facet normal -1 0 0
    outer loop
      vertex 111.9 -55.6 20.79
      vertex 111.9 -55 20.8
      vertex 111.9 -55 20.79
    endloop
  endfacet
  facet normal -1 -0 0
    outer loop
      vertex 111.9 -55 20.8
      vertex 111.9 -55.6 20.79
      vertex 111.9 -55.6 20.8
    endloop
  endfacet
  facet normal 0 1 -0
    outer loop
      vertex 112.5 -55 20.79
      vertex 111.9 -55 20.8
      vertex 112.5 -55 20.8
    endloop
  endfacet
  facet normal 0 1 0
    outer loop
      vertex 111.9 -55 20.8
      vertex 112.5 -55 20.79
      vertex 111.9 -55 20.79
    endloop
  endfacet
  facet normal 0 0.855198 0.518302
    outer loop
      vertex 112.5 -55 20.8
      vertex 111.9 -55 20.8
      vertex 112.5 -55.6 21.79
    endloop
  endfacet
  facet normal 0 0 -1
    outer loop
      vertex 111.9 -55.6 20.79
      vertex 112.5 -55 20.79
      vertex 112.5 -55.6 20.79
    endloop
  endfacet
  facet normal -0 0 -1
    outer loop
      vertex 112.5 -55 20.79
      vertex 111.9 -55.6 20.79
      vertex 111.9 -55 20.79
    endloop
  endfacet
  facet normal -1 0 0
    outer loop
      vertex 110 -2.6 4
      vertex 110 -0.1 19
      vertex 110 -0.1 4
    endloop
  endfacet
  facet normal -1 -0 0
    outer loop
      vertex 110 -0.1 19
      vertex 110 -2.6 4
      vertex 110 -2.6 19
    endloop
  endfacet
  facet normal -0 0 1
    outer loop
      vertex 110 -0.1 19
      vertex 112.5 -2.6 19
      vertex 112.5 -0.1 19
    endloop
  endfacet
  facet normal 0 0 1
    outer loop
      vertex 112.5 -2.6 19
      vertex 110 -0.1 19
      vertex 110 -2.6 19
    endloop
  endfacet
  facet normal 0 -1 0
    outer loop
      vertex 110 -2.6 4
      vertex 112.5 -2.6 19
      vertex 110 -2.6 19
    endloop
  endfacet
  facet normal 0 -1 -0
    outer loop
      vertex 112.5 -2.6 19
      vertex 110 -2.6 4
      vertex 112.5 -2.6 4
    endloop
  endfacet
  facet normal 0 -0.855198 0.518302
    outer loop
      vertex 112.5 -0.1 21.79
      vertex 111.9 -0.7 20.8
      vertex 112.5 -0.7 20.8
    endloop
  endfacet
  facet normal -1 0 0
    outer loop
      vertex 111.9 -0.7 20.79
      vertex 111.9 -0.1 20.8
      vertex 111.9 -0.1 20.79
    endloop
  endfacet
  facet normal -1 -0 0
    outer loop
      vertex 111.9 -0.1 20.8
      vertex 111.9 -0.7 20.79
      vertex 111.9 -0.7 20.8
    endloop
  endfacet
  facet normal 0 -1 0
    outer loop
      vertex 111.9 -0.7 20.79
      vertex 112.5 -0.7 20.8
      vertex 111.9 -0.7 20.8
    endloop
  endfacet
  facet normal 0 -1 -0
    outer loop
      vertex 112.5 -0.7 20.8
      vertex 111.9 -0.7 20.79
      vertex 112.5 -0.7 20.79
    endloop
  endfacet
  facet normal -0.855198 0 0.518302
    outer loop
      vertex 111.9 -0.1 20.8
      vertex 111.9 -0.7 20.8
      vertex 112.5 -0.1 21.79
    endloop
  endfacet
  facet normal 0 0 -1
    outer loop
      vertex 111.9 -0.7 20.79
      vertex 112.5 -0.1 20.79
      vertex 112.5 -0.7 20.79
    endloop
  endfacet
  facet normal -0 0 -1
    outer loop
      vertex 112.5 -0.1 20.79
      vertex 111.9 -0.7 20.79
      vertex 111.9 -0.1 20.79
    endloop
  endfacet
  facet normal -1 0 0
    outer loop
      vertex 82.4 3.5 4
      vertex 82.4 8.5 9.8
      vertex 82.4 8.5 4
    endloop
  endfacet
  facet normal -1 -0 0
    outer loop
      vertex 82.4 8.5 9.8
      vertex 82.4 3.5 4
      vertex 82.4 3.5 9.8
    endloop
  endfacet
  facet normal 0 0 1
    outer loop
      vertex 84 8.5 9.8
      vertex 82.4 8.5 9.8
      vertex 84 5.1 9.8
    endloop
  endfacet
  facet normal -0 0 1
    outer loop
      vertex 84 5.1 9.8
      vertex 87.4 3.5 9.8
      vertex 87.4 5.1 9.8
    endloop
  endfacet
  facet normal 0 0 1
    outer loop
      vertex 84 5.1 9.8
      vertex 82.4 3.5 9.8
      vertex 87.4 3.5 9.8
    endloop
  endfacet
  facet normal 0 0 1
    outer loop
      vertex 82.4 3.5 9.8
      vertex 84 5.1 9.8
      vertex 82.4 8.5 9.8
    endloop
  endfacet
  facet normal 1 0 0
    outer loop
      vertex 84 5.7 8.79
      vertex 84 8.5 9.8
      vertex 84 5.7 8.8
    endloop
  endfacet
  facet normal 1 -0 0
    outer loop
      vertex 84 5.1 9.8
      vertex 84 5.7 8.8
      vertex 84 8.5 9.8
    endloop
  endfacet
  facet normal 1 0 0
    outer loop
      vertex 84 5.7 8.8
      vertex 84 5.1 9.8
      vertex 84 5.1 9.79
    endloop
  endfacet
  facet normal 1 0 0
    outer loop
      vertex 84 8.5 9.8
      vertex 84 5.7 8.79
      vertex 84 8.5 4
    endloop
  endfacet
  facet normal 1 0 0
    outer loop
      vertex 84 5.1 4
      vertex 84 5.7 8.79
      vertex 84 5.1 8.79
    endloop
  endfacet
  facet normal 1 0 0
    outer loop
      vertex 84 5.7 8.79
      vertex 84 5.1 4
      vertex 84 8.5 4
    endloop
  endfacet
  facet normal 0 1 -0
    outer loop
      vertex 84 8.5 4
      vertex 82.4 8.5 9.8
      vertex 84 8.5 9.8
    endloop
  endfacet
  facet normal 0 1 0
    outer loop
      vertex 82.4 8.5 9.8
      vertex 84 8.5 4
      vertex 82.4 8.5 4
    endloop
  endfacet
  facet normal 0 -1 0
    outer loop
      vertex 82.4 3.5 4
      vertex 87.4 3.5 9.8
      vertex 82.4 3.5 9.8
    endloop
  endfacet
  facet normal 0 -1 -0
    outer loop
      vertex 87.4 3.5 9.8
      vertex 82.4 3.5 4
      vertex 87.4 3.5 4
    endloop
  endfacet
  facet normal 1 -0 0
    outer loop
      vertex 87.4 3.5 9.8
      vertex 87.4 5.1 4
      vertex 87.4 5.1 9.8
    endloop
  endfacet
  facet normal 1 0 0
    outer loop
      vertex 87.4 5.1 4
      vertex 87.4 3.5 9.8
      vertex 87.4 3.5 4
    endloop
  endfacet
  facet normal 0 1 -0
    outer loop
      vertex 84.6 5.1 8.8
      vertex 84 5.1 9.8
      vertex 87.4 5.1 9.8
    endloop
  endfacet
  facet normal 0 1 0
    outer loop
      vertex 84 5.1 9.8
      vertex 84.6 5.1 8.8
      vertex 84 5.1 9.79
    endloop
  endfacet
  facet normal 0 1 0
    outer loop
      vertex 87.4 5.1 9.8
      vertex 84.6 5.1 8.79
      vertex 84.6 5.1 8.8
    endloop
  endfacet
  facet normal 0 1 -0
    outer loop
      vertex 87.4 5.1 4
      vertex 84.6 5.1 8.79
      vertex 87.4 5.1 9.8
    endloop
  endfacet
  facet normal 0 1 0
    outer loop
      vertex 84 5.1 4
      vertex 84.6 5.1 8.79
      vertex 87.4 5.1 4
    endloop
  endfacet
  facet normal 0 1 0
    outer loop
      vertex 84.6 5.1 8.79
      vertex 84 5.1 4
      vertex 84 5.1 8.79
    endloop
  endfacet
  facet normal -1 0 0
    outer loop
      vertex 82.4 52.2 4
      vertex 82.4 57.2 9.8
      vertex 82.4 57.2 4
    endloop
  endfacet
  facet normal -1 -0 0
    outer loop
      vertex 82.4 57.2 9.8
      vertex 82.4 52.2 4
      vertex 82.4 52.2 9.8
    endloop
  endfacet
  facet normal 0 0 1
    outer loop
      vertex 87.4 57.2 9.8
      vertex 84 55.6 9.8
      vertex 87.4 55.6 9.8
    endloop
  endfacet
  facet normal -0 0 1
    outer loop
      vertex 82.4 57.2 9.8
      vertex 84 55.6 9.8
      vertex 87.4 57.2 9.8
    endloop
  endfacet
  facet normal 0 0 1
    outer loop
      vertex 82.4 52.2 9.8
      vertex 84 55.6 9.8
      vertex 82.4 57.2 9.8
    endloop
  endfacet
  facet normal 0 0 1
    outer loop
      vertex 84 55.6 9.8
      vertex 82.4 52.2 9.8
      vertex 84 52.2 9.8
    endloop
  endfacet
  facet normal 1 0 0
    outer loop
      vertex 84 55.6 9.8
      vertex 84 55 8.8
      vertex 84 55.6 9.79
    endloop
  endfacet
  facet normal 1 0 0
    outer loop
      vertex 84 55 8.8
      vertex 84 52.2 9.8
      vertex 84 55 8.79
    endloop
  endfacet
  facet normal 1 -0 0
    outer loop
      vertex 84 52.2 9.8
      vertex 84 55 8.8
      vertex 84 55.6 9.8
    endloop
  endfacet
  facet normal 1 -0 0
    outer loop
      vertex 84 55 8.79
      vertex 84 55.6 4
      vertex 84 55.6 8.79
    endloop
  endfacet
  facet normal 1 0 0
    outer loop
      vertex 84 52.2 4
      vertex 84 55 8.79
      vertex 84 52.2 9.8
    endloop
  endfacet
  facet normal 1 0 0
    outer loop
      vertex 84 55 8.79
      vertex 84 52.2 4
      vertex 84 55.6 4
    endloop
  endfacet
  facet normal 0 -1 0
    outer loop
      vertex 82.4 52.2 4
      vertex 84 52.2 9.8
      vertex 82.4 52.2 9.8
    endloop
  endfacet
  facet normal 0 -1 -0
    outer loop
      vertex 84 52.2 9.8
      vertex 82.4 52.2 4
      vertex 84 52.2 4
    endloop
  endfacet
  facet normal 0 1 -0
    outer loop
      vertex 87.4 57.2 4
      vertex 82.4 57.2 9.8
      vertex 87.4 57.2 9.8
    endloop
  endfacet
  facet normal 0 1 0
    outer loop
      vertex 82.4 57.2 9.8
      vertex 87.4 57.2 4
      vertex 82.4 57.2 4
    endloop
  endfacet
  facet normal 1 -0 0
    outer loop
      vertex 87.4 55.6 9.8
      vertex 87.4 57.2 4
      vertex 87.4 57.2 9.8
    endloop
  endfacet
  facet normal 1 0 0
    outer loop
      vertex 87.4 57.2 4
      vertex 87.4 55.6 9.8
      vertex 87.4 55.6 4
    endloop
  endfacet
  facet normal 0 -1 0
    outer loop
      vertex 84 55.6 8.79
      vertex 84 55.6 4
      vertex 84.6 55.6 8.79
    endloop
  endfacet
  facet normal 0 -1 0
    outer loop
      vertex 84.6 55.6 8.8
      vertex 84 55.6 9.8
      vertex 84 55.6 9.79
    endloop
  endfacet
  facet normal 0 -1 0
    outer loop
      vertex 84 55.6 9.8
      vertex 84.6 55.6 8.8
      vertex 87.4 55.6 9.8
    endloop
  endfacet
  facet normal 0 -1 0
    outer loop
      vertex 84.6 55.6 8.79
      vertex 87.4 55.6 9.8
      vertex 84.6 55.6 8.8
    endloop
  endfacet
  facet normal 0 -1 0
    outer loop
      vertex 87.4 55.6 4
      vertex 84.6 55.6 8.79
      vertex 84 55.6 4
    endloop
  endfacet
  facet normal 0 -1 0
    outer loop
      vertex 84.6 55.6 8.79
      vertex 87.4 55.6 4
      vertex 87.4 55.6 9.8
    endloop
  endfacet
  facet normal -1 0 0
    outer loop
      vertex 110.5 5.1 7
      vertex 110.5 5.7 8.79
      vertex 110.5 8.1 7
    endloop
  endfacet
  facet normal -1 -0 0
    outer loop
      vertex 110.5 5.7 8.79
      vertex 110.5 5.1 7
      vertex 110.5 5.1 8.79
    endloop
  endfacet
  facet normal -1 0 0
    outer loop
      vertex 110.5 8.1 7
      vertex 110.5 8.5 4
      vertex 110.5 8.1 4
    endloop
  endfacet
  facet normal -1 0 0
    outer loop
      vertex 110.5 8.5 4
      vertex 110.5 8.1 7
      vertex 110.5 8.5 9.8
    endloop
  endfacet
  facet normal -1 0 0
    outer loop
      vertex 110.5 5.7 8.79
      vertex 110.5 8.5 9.8
      vertex 110.5 8.1 7
    endloop
  endfacet
  facet normal -1 0 0
    outer loop
      vertex 110.5 5.7 8.8
      vertex 110.5 8.5 9.8
      vertex 110.5 5.7 8.79
    endloop
  endfacet
  facet normal -1 0 0
    outer loop
      vertex 110.5 5.1 9.8
      vertex 110.5 5.7 8.8
      vertex 110.5 5.1 9.79
    endloop
  endfacet
  facet normal -1 0 0
    outer loop
      vertex 110.5 5.7 8.8
      vertex 110.5 5.1 9.8
      vertex 110.5 8.5 9.8
    endloop
  endfacet
  facet normal 0 0 0
    outer loop
      vertex 110.5 5.1 7
      vertex 110.5 5.1 4
      vertex 110.5 5.1 8.79
    endloop
  endfacet
  facet normal 0 0 1
    outer loop
      vertex 110.5 5.1 9.8
      vertex 112.1 8.5 9.8
      vertex 110.5 8.5 9.8
    endloop
  endfacet
  facet normal 0 0 1
    outer loop
      vertex 112.1 8.5 9.8
      vertex 110.5 5.1 9.8
      vertex 112.1 3.5 9.8
    endloop
  endfacet
  facet normal 0 0 1
    outer loop
      vertex 107.1 3.5 9.8
      vertex 110.5 5.1 9.8
      vertex 107.1 5.1 9.8
    endloop
  endfacet
  facet normal 0 0 1
    outer loop
      vertex 110.5 5.1 9.8
      vertex 107.1 3.5 9.8
      vertex 112.1 3.5 9.8
    endloop
  endfacet
  facet normal 1 -0 0
    outer loop
      vertex 112.1 3.5 9.8
      vertex 112.1 8.5 4
      vertex 112.1 8.5 9.8
    endloop
  endfacet
  facet normal 1 0 0
    outer loop
      vertex 112.1 8.5 4
      vertex 112.1 3.5 9.8
      vertex 112.1 3.5 4
    endloop
  endfacet
  facet normal 0 -1 0
    outer loop
      vertex 107.1 3.5 4
      vertex 112.1 3.5 9.8
      vertex 107.1 3.5 9.8
    endloop
  endfacet
  facet normal 0 -1 -0
    outer loop
      vertex 112.1 3.5 9.8
      vertex 107.1 3.5 4
      vertex 112.1 3.5 4
    endloop
  endfacet
  facet normal 0 1 -0
    outer loop
      vertex 112.1 8.5 4
      vertex 110.5 8.5 9.8
      vertex 112.1 8.5 9.8
    endloop
  endfacet
  facet normal 0 1 0
    outer loop
      vertex 110.5 8.5 9.8
      vertex 112.1 8.5 4
      vertex 110.5 8.5 4
    endloop
  endfacet
  facet normal -1 0 0
    outer loop
      vertex 107.1 3.5 4
      vertex 107.1 5.1 9.8
      vertex 107.1 5.1 4
    endloop
  endfacet
  facet normal -1 -0 0
    outer loop
      vertex 107.1 5.1 9.8
      vertex 107.1 3.5 4
      vertex 107.1 3.5 9.8
    endloop
  endfacet
  facet normal 0 1 0
    outer loop
      vertex 110.5 5.1 8.79
      vertex 110.5 5.1 4
      vertex 109.9 5.1 8.79
    endloop
  endfacet
  facet normal 0 1 0
    outer loop
      vertex 109.9 5.1 8.8
      vertex 110.5 5.1 9.8
      vertex 110.5 5.1 9.79
    endloop
  endfacet
  facet normal 0 1 0
    outer loop
      vertex 110.5 5.1 9.8
      vertex 109.9 5.1 8.8
      vertex 107.1 5.1 9.8
    endloop
  endfacet
  facet normal 0 1 -0
    outer loop
      vertex 109.9 5.1 8.79
      vertex 107.1 5.1 9.8
      vertex 109.9 5.1 8.8
    endloop
  endfacet
  facet normal 0 1 0
    outer loop
      vertex 107.1 5.1 4
      vertex 109.9 5.1 8.79
      vertex 110.5 5.1 4
    endloop
  endfacet
  facet normal 0 1 0
    outer loop
      vertex 109.9 5.1 8.79
      vertex 107.1 5.1 4
      vertex 107.1 5.1 9.8
    endloop
  endfacet
  facet normal -1 0 0
    outer loop
      vertex 110.5 52.6 4
      vertex 110.5 52.2 4
      vertex 110.5 52.6 7
    endloop
  endfacet
  facet normal -1 0 0
    outer loop
      vertex 110.5 55.6 7
      vertex 110.5 55 8.79
      vertex 110.5 55.6 8.79
    endloop
  endfacet
  facet normal -1 0 0
    outer loop
      vertex 110.5 52.2 9.8
      vertex 110.5 55 8.79
      vertex 110.5 52.6 7
    endloop
  endfacet
  facet normal -1 0 0
    outer loop
      vertex 110.5 52.6 7
      vertex 110.5 55 8.79
      vertex 110.5 55.6 7
    endloop
  endfacet
  facet normal -1 0 0
    outer loop
      vertex 110.5 55 8.8
      vertex 110.5 55.6 9.8
      vertex 110.5 55.6 9.79
    endloop
  endfacet
  facet normal -1 0 0
    outer loop
      vertex 110.5 55 8.79
      vertex 110.5 52.2 9.8
      vertex 110.5 55 8.8
    endloop
  endfacet
  facet normal -1 0 0
    outer loop
      vertex 110.5 55 8.8
      vertex 110.5 52.2 9.8
      vertex 110.5 55.6 9.8
    endloop
  endfacet
  facet normal -1 0 0
    outer loop
      vertex 110.5 52.2 9.8
      vertex 110.5 52.6 7
      vertex 110.5 52.2 4
    endloop
  endfacet
  facet normal 0 0 0
    outer loop
      vertex 110.5 55.6 4
      vertex 110.5 55.6 7
      vertex 110.5 55.6 8.79
    endloop
  endfacet
  facet normal 0 0 1
    outer loop
      vertex 112.1 57.2 9.8
      vertex 110.5 55.6 9.8
      vertex 112.1 52.2 9.8
    endloop
  endfacet
  facet normal -0 0 1
    outer loop
      vertex 107.1 57.2 9.8
      vertex 110.5 55.6 9.8
      vertex 112.1 57.2 9.8
    endloop
  endfacet
  facet normal 0 0 1
    outer loop
      vertex 110.5 55.6 9.8
      vertex 107.1 57.2 9.8
      vertex 107.1 55.6 9.8
    endloop
  endfacet
  facet normal 0 0 1
    outer loop
      vertex 112.1 52.2 9.8
      vertex 110.5 55.6 9.8
      vertex 110.5 52.2 9.8
    endloop
  endfacet
  facet normal 1 -0 0
    outer loop
      vertex 112.1 52.2 9.8
      vertex 112.1 57.2 4
      vertex 112.1 57.2 9.8
    endloop
  endfacet
  facet normal 1 0 0
    outer loop
      vertex 112.1 57.2 4
      vertex 112.1 52.2 9.8
      vertex 112.1 52.2 4
    endloop
  endfacet
  facet normal 0 1 -0
    outer loop
      vertex 112.1 57.2 4
      vertex 107.1 57.2 9.8
      vertex 112.1 57.2 9.8
    endloop
  endfacet
  facet normal 0 1 0
    outer loop
      vertex 107.1 57.2 9.8
      vertex 112.1 57.2 4
      vertex 107.1 57.2 4
    endloop
  endfacet
  facet normal 0 -1 0
    outer loop
      vertex 110.5 52.2 4
      vertex 112.1 52.2 9.8
      vertex 110.5 52.2 9.8
    endloop
  endfacet
  facet normal 0 -1 -0
    outer loop
      vertex 112.1 52.2 9.8
      vertex 110.5 52.2 4
      vertex 112.1 52.2 4
    endloop
  endfacet
  facet normal -1 0 0
    outer loop
      vertex 107.1 55.6 4
      vertex 107.1 57.2 9.8
      vertex 107.1 57.2 4
    endloop
  endfacet
  facet normal -1 -0 0
    outer loop
      vertex 107.1 57.2 9.8
      vertex 107.1 55.6 4
      vertex 107.1 55.6 9.8
    endloop
  endfacet
  facet normal 0 -1 0
    outer loop
      vertex 109.9 55.6 8.8
      vertex 110.5 55.6 9.8
      vertex 107.1 55.6 9.8
    endloop
  endfacet
  facet normal 0 -1 -0
    outer loop
      vertex 110.5 55.6 9.8
      vertex 109.9 55.6 8.8
      vertex 110.5 55.6 9.79
    endloop
  endfacet
  facet normal 0 -1 0
    outer loop
      vertex 107.1 55.6 9.8
      vertex 109.9 55.6 8.79
      vertex 109.9 55.6 8.8
    endloop
  endfacet
  facet normal 0 -1 0
    outer loop
      vertex 107.1 55.6 4
      vertex 109.9 55.6 8.79
      vertex 107.1 55.6 9.8
    endloop
  endfacet
  facet normal 0 -1 0
    outer loop
      vertex 110.5 55.6 4
      vertex 109.9 55.6 8.79
      vertex 107.1 55.6 4
    endloop
  endfacet
  facet normal 0 -1 0
    outer loop
      vertex 109.9 55.6 8.79
      vertex 110.5 55.6 4
      vertex 110.5 55.6 8.79
    endloop
  endfacet
  facet normal -1 0 0
    outer loop
      vertex 84 5.1 4
      vertex 84 8.1 7
      vertex 84 8.1 4
    endloop
  endfacet
  facet normal -1 -0 0
    outer loop
      vertex 84 8.1 7
      vertex 84 5.1 4
      vertex 84 5.1 7
    endloop
  endfacet
  facet normal -0 0 1
    outer loop
      vertex 84 8.1 7
      vertex 87 5.1 7
      vertex 87 8.1 7
    endloop
  endfacet
  facet normal 0 0 1
    outer loop
      vertex 87 5.1 7
      vertex 84 8.1 7
      vertex 84 5.1 7
    endloop
  endfacet
  facet normal 1 -0 0
    outer loop
      vertex 87 5.1 7
      vertex 87 8.1 4
      vertex 87 8.1 7
    endloop
  endfacet
  facet normal 1 0 0
    outer loop
      vertex 87 8.1 4
      vertex 87 5.1 7
      vertex 87 5.1 4
    endloop
  endfacet
  facet normal 0 1 -0
    outer loop
      vertex 87 8.1 4
      vertex 84 8.1 7
      vertex 87 8.1 7
    endloop
  endfacet
  facet normal 0 1 0
    outer loop
      vertex 84 8.1 7
      vertex 87 8.1 4
      vertex 84 8.1 4
    endloop
  endfacet
  facet normal 0 -1 0
    outer loop
      vertex 84 5.1 4
      vertex 87 5.1 7
      vertex 84 5.1 7
    endloop
  endfacet
  facet normal 0 -1 -0
    outer loop
      vertex 87 5.1 7
      vertex 84 5.1 4
      vertex 87 5.1 4
    endloop
  endfacet
  facet normal 0.855198 0 0.518302
    outer loop
      vertex 84 5.1 9.79
      vertex 84.6 5.1 8.8
      vertex 84.6 5.7 8.8
    endloop
  endfacet
  facet normal 0 0 -1
    outer loop
      vertex 84 5.1 8.79
      vertex 84.6 5.7 8.79
      vertex 84.6 5.1 8.79
    endloop
  endfacet
  facet normal -0 0 -1
    outer loop
      vertex 84.6 5.7 8.79
      vertex 84 5.1 8.79
      vertex 84 5.7 8.79
    endloop
  endfacet
  facet normal 1 -0 0
    outer loop
      vertex 84.6 5.1 8.8
      vertex 84.6 5.7 8.79
      vertex 84.6 5.7 8.8
    endloop
  endfacet
  facet normal 1 0 0
    outer loop
      vertex 84.6 5.7 8.79
      vertex 84.6 5.1 8.8
      vertex 84.6 5.1 8.79
    endloop
  endfacet
  facet normal -0 0.855198 0.518302
    outer loop
      vertex 84 5.7 8.8
      vertex 84 5.1 9.79
      vertex 84.6 5.7 8.8
    endloop
  endfacet
  facet normal 0 1 -0
    outer loop
      vertex 84.6 5.7 8.79
      vertex 84 5.7 8.8
      vertex 84.6 5.7 8.8
    endloop
  endfacet
  facet normal 0 1 0
    outer loop
      vertex 84 5.7 8.8
      vertex 84.6 5.7 8.79
      vertex 84 5.7 8.79
    endloop
  endfacet
  facet normal -1 0 0
    outer loop
      vertex 84 52.6 4
      vertex 84 55.6 7
      vertex 84 55.6 4
    endloop
  endfacet
  facet normal -1 -0 0
    outer loop
      vertex 84 55.6 7
      vertex 84 52.6 4
      vertex 84 52.6 7
    endloop
  endfacet
  facet normal -0 0 1
    outer loop
      vertex 84 55.6 7
      vertex 87 52.6 7
      vertex 87 55.6 7
    endloop
  endfacet
  facet normal 0 0 1
    outer loop
      vertex 87 52.6 7
      vertex 84 55.6 7
      vertex 84 52.6 7
    endloop
  endfacet
  facet normal 1 -0 0
    outer loop
      vertex 87 52.6 7
      vertex 87 55.6 4
      vertex 87 55.6 7
    endloop
  endfacet
  facet normal 1 0 0
    outer loop
      vertex 87 55.6 4
      vertex 87 52.6 7
      vertex 87 52.6 4
    endloop
  endfacet
  facet normal 0 -1 0
    outer loop
      vertex 84 52.6 4
      vertex 87 52.6 7
      vertex 84 52.6 7
    endloop
  endfacet
  facet normal 0 -1 -0
    outer loop
      vertex 87 52.6 7
      vertex 84 52.6 4
      vertex 87 52.6 4
    endloop
  endfacet
  facet normal 0 1 -0
    outer loop
      vertex 87 55.6 4
      vertex 84 55.6 7
      vertex 87 55.6 7
    endloop
  endfacet
  facet normal 0 1 0
    outer loop
      vertex 84 55.6 7
      vertex 87 55.6 4
      vertex 84 55.6 4
    endloop
  endfacet
  facet normal 0 -0.855198 0.518302
    outer loop
      vertex 84 55.6 9.79
      vertex 84 55 8.8
      vertex 84.6 55 8.8
    endloop
  endfacet
  facet normal 0 -1 0
    outer loop
      vertex 84 55 8.79
      vertex 84.6 55 8.8
      vertex 84 55 8.8
    endloop
  endfacet
  facet normal 0 -1 -0
    outer loop
      vertex 84.6 55 8.8
      vertex 84 55 8.79
      vertex 84.6 55 8.79
    endloop
  endfacet
  facet normal 0 0 -1
    outer loop
      vertex 84 55 8.79
      vertex 84.6 55.6 8.79
      vertex 84.6 55 8.79
    endloop
  endfacet
  facet normal -0 0 -1
    outer loop
      vertex 84.6 55.6 8.79
      vertex 84 55 8.79
      vertex 84 55.6 8.79
    endloop
  endfacet
  facet normal 1 -0 0
    outer loop
      vertex 84.6 55 8.8
      vertex 84.6 55.6 8.79
      vertex 84.6 55.6 8.8
    endloop
  endfacet
  facet normal 1 0 0
    outer loop
      vertex 84.6 55.6 8.79
      vertex 84.6 55 8.8
      vertex 84.6 55 8.79
    endloop
  endfacet
  facet normal 0.855198 0 0.518302
    outer loop
      vertex 84 55.6 9.79
      vertex 84.6 55 8.8
      vertex 84.6 55.6 8.8
    endloop
  endfacet
  facet normal -1 0 0
    outer loop
      vertex 107.5 5.1 4
      vertex 107.5 8.1 7
      vertex 107.5 8.1 4
    endloop
  endfacet
  facet normal -1 -0 0
    outer loop
      vertex 107.5 8.1 7
      vertex 107.5 5.1 4
      vertex 107.5 5.1 7
    endloop
  endfacet
  facet normal -0 0 1
    outer loop
      vertex 107.5 8.1 7
      vertex 110.5 5.1 7
      vertex 110.5 8.1 7
    endloop
  endfacet
  facet normal 0 0 1
    outer loop
      vertex 110.5 5.1 7
      vertex 107.5 8.1 7
      vertex 107.5 5.1 7
    endloop
  endfacet
  facet normal 0 1 -0
    outer loop
      vertex 110.5 8.1 4
      vertex 107.5 8.1 7
      vertex 110.5 8.1 7
    endloop
  endfacet
  facet normal 0 1 0
    outer loop
      vertex 107.5 8.1 7
      vertex 110.5 8.1 4
      vertex 107.5 8.1 4
    endloop
  endfacet
  facet normal 0 -1 0
    outer loop
      vertex 107.5 5.1 4
      vertex 110.5 5.1 7
      vertex 107.5 5.1 7
    endloop
  endfacet
  facet normal 0 -1 -0
    outer loop
      vertex 110.5 5.1 7
      vertex 107.5 5.1 4
      vertex 110.5 5.1 4
    endloop
  endfacet
  facet normal -0.855198 0 0.518302
    outer loop
      vertex 109.9 5.7 8.8
      vertex 109.9 5.1 8.8
      vertex 110.5 5.1 9.79
    endloop
  endfacet
  facet normal -1 0 0
    outer loop
      vertex 109.9 5.1 8.79
      vertex 109.9 5.7 8.8
      vertex 109.9 5.7 8.79
    endloop
  endfacet
  facet normal -1 -0 0
    outer loop
      vertex 109.9 5.7 8.8
      vertex 109.9 5.1 8.79
      vertex 109.9 5.1 8.8
    endloop
  endfacet
  facet normal 0 1 -0
    outer loop
      vertex 110.5 5.7 8.79
      vertex 109.9 5.7 8.8
      vertex 110.5 5.7 8.8
    endloop
  endfacet
  facet normal 0 1 0
    outer loop
      vertex 109.9 5.7 8.8
      vertex 110.5 5.7 8.79
      vertex 109.9 5.7 8.79
    endloop
  endfacet
  facet normal 0 0.855198 0.518302
    outer loop
      vertex 110.5 5.7 8.8
      vertex 109.9 5.7 8.8
      vertex 110.5 5.1 9.79
    endloop
  endfacet
  facet normal 0 0 -1
    outer loop
      vertex 109.9 5.1 8.79
      vertex 110.5 5.7 8.79
      vertex 110.5 5.1 8.79
    endloop
  endfacet
  facet normal -0 0 -1
    outer loop
      vertex 110.5 5.7 8.79
      vertex 109.9 5.1 8.79
      vertex 109.9 5.7 8.79
    endloop
  endfacet
  facet normal -1 0 0
    outer loop
      vertex 107.5 52.6 4
      vertex 107.5 55.6 7
      vertex 107.5 55.6 4
    endloop
  endfacet
  facet normal -1 -0 0
    outer loop
      vertex 107.5 55.6 7
      vertex 107.5 52.6 4
      vertex 107.5 52.6 7
    endloop
  endfacet
  facet normal -0 0 1
    outer loop
      vertex 107.5 55.6 7
      vertex 110.5 52.6 7
      vertex 110.5 55.6 7
    endloop
  endfacet
  facet normal 0 0 1
    outer loop
      vertex 110.5 52.6 7
      vertex 107.5 55.6 7
      vertex 107.5 52.6 7
    endloop
  endfacet
  facet normal 0 -1 0
    outer loop
      vertex 107.5 52.6 4
      vertex 110.5 52.6 7
      vertex 107.5 52.6 7
    endloop
  endfacet
  facet normal 0 -1 -0
    outer loop
      vertex 110.5 52.6 7
      vertex 107.5 52.6 4
      vertex 110.5 52.6 4
    endloop
  endfacet
  facet normal 0 1 -0
    outer loop
      vertex 110.5 55.6 4
      vertex 107.5 55.6 7
      vertex 110.5 55.6 7
    endloop
  endfacet
  facet normal 0 1 0
    outer loop
      vertex 107.5 55.6 7
      vertex 110.5 55.6 4
      vertex 107.5 55.6 4
    endloop
  endfacet
  facet normal 0 -0.855198 0.518302
    outer loop
      vertex 110.5 55.6 9.79
      vertex 109.9 55 8.8
      vertex 110.5 55 8.8
    endloop
  endfacet
  facet normal -1 0 0
    outer loop
      vertex 109.9 55 8.79
      vertex 109.9 55.6 8.8
      vertex 109.9 55.6 8.79
    endloop
  endfacet
  facet normal -1 -0 0
    outer loop
      vertex 109.9 55.6 8.8
      vertex 109.9 55 8.79
      vertex 109.9 55 8.8
    endloop
  endfacet
  facet normal 0 -1 0
    outer loop
      vertex 109.9 55 8.79
      vertex 110.5 55 8.8
      vertex 109.9 55 8.8
    endloop
  endfacet
  facet normal 0 -1 -0
    outer loop
      vertex 110.5 55 8.8
      vertex 109.9 55 8.79
      vertex 110.5 55 8.79
    endloop
  endfacet
  facet normal -0.855198 0 0.518302
    outer loop
      vertex 109.9 55.6 8.8
      vertex 109.9 55 8.8
      vertex 110.5 55.6 9.79
    endloop
  endfacet
  facet normal 0 0 -1
    outer loop
      vertex 109.9 55 8.79
      vertex 110.5 55.6 8.79
      vertex 110.5 55 8.79
    endloop
  endfacet
  facet normal -0 0 -1
    outer loop
      vertex 110.5 55.6 8.79
      vertex 109.9 55 8.79
      vertex 109.9 55.6 8.79
    endloop
  endfacet
  facet normal -1 0 0
    outer loop
      vertex 111.1 74.7404 15.3952
      vertex 111.1 81.7 22.09
      vertex 111.1 81.7 4
    endloop
  endfacet
  facet normal -1 0 0
    outer loop
      vertex 111.1 81.7 22.09
      vertex 111.1 74.7851 15.6962
      vertex 111.1 74.8 16
    endloop
  endfacet
  facet normal -1 0 0
    outer loop
      vertex 111.1 81.7 22.09
      vertex 111.1 74.7404 15.3952
      vertex 111.1 74.7851 15.6962
    endloop
  endfacet
  facet normal -1 0 0
    outer loop
      vertex 111.1 81.7 4
      vertex 111.1 74.6665 15.1001
      vertex 111.1 74.7404 15.3952
    endloop
  endfacet
  facet normal -1 0 0
    outer loop
      vertex 111.1 81.7 4
      vertex 111.1 74.564 14.8137
      vertex 111.1 74.6665 15.1001
    endloop
  endfacet
  facet normal -1 0 0
    outer loop
      vertex 111.1 81.7 4
      vertex 111.1 74.4339 14.5387
      vertex 111.1 74.564 14.8137
    endloop
  endfacet
  facet normal -1 0 0
    outer loop
      vertex 111.1 81.7 4
      vertex 111.1 74.2775 14.2777
      vertex 111.1 74.4339 14.5387
    endloop
  endfacet
  facet normal -1 0 0
    outer loop
      vertex 111.1 81.7 4
      vertex 111.1 74.0963 14.0334
      vertex 111.1 74.2775 14.2777
    endloop
  endfacet
  facet normal -1 0 0
    outer loop
      vertex 111.1 81.7 4
      vertex 111.1 73.892 13.808
      vertex 111.1 74.0963 14.0334
    endloop
  endfacet
  facet normal -1 0 0
    outer loop
      vertex 111.1 81.7 4
      vertex 111.1 73.6666 13.6037
      vertex 111.1 73.892 13.808
    endloop
  endfacet
  facet normal -1 0 0
    outer loop
      vertex 111.1 81.7 4
      vertex 111.1 73.4223 13.4225
      vertex 111.1 73.6666 13.6037
    endloop
  endfacet
  facet normal -1 0 0
    outer loop
      vertex 111.1 81.7 4
      vertex 111.1 73.1613 13.2661
      vertex 111.1 73.4223 13.4225
    endloop
  endfacet
  facet normal -1 0 0
    outer loop
      vertex 111.1 81.7 4
      vertex 111.1 72.8863 13.136
      vertex 111.1 73.1613 13.2661
    endloop
  endfacet
  facet normal -1 0 0
    outer loop
      vertex 111.1 81.7 4
      vertex 111.1 72.5999 13.0335
      vertex 111.1 72.8863 13.136
    endloop
  endfacet
  facet normal -1 0 0
    outer loop
      vertex 111.1 81.7 4
      vertex 111.1 72.3048 12.9596
      vertex 111.1 72.5999 13.0335
    endloop
  endfacet
  facet normal -1 0 0
    outer loop
      vertex 111.1 81.7 4
      vertex 111.1 72.0038 12.9149
      vertex 111.1 72.3048 12.9596
    endloop
  endfacet
  facet normal -1 0 0
    outer loop
      vertex 111.1 81.7 4
      vertex 111.1 71.7 12.9
      vertex 111.1 72.0038 12.9149
    endloop
  endfacet
  facet normal -1 0 0
    outer loop
      vertex 111.1 61.7 4
      vertex 111.1 71.7 12.9
      vertex 111.1 81.7 4
    endloop
  endfacet
  facet normal -1 -0 0
    outer loop
      vertex 111.1 71.7 12.9
      vertex 111.1 61.7 4
      vertex 111.1 71.3961 12.9149
    endloop
  endfacet
  facet normal -1 -0 0
    outer loop
      vertex 111.1 71.3961 12.9149
      vertex 111.1 61.7 4
      vertex 111.1 71.0952 12.9596
    endloop
  endfacet
  facet normal -1 -0 0
    outer loop
      vertex 111.1 71.0952 12.9596
      vertex 111.1 61.7 4
      vertex 111.1 70.8001 13.0335
    endloop
  endfacet
  facet normal -1 -0 0
    outer loop
      vertex 111.1 70.8001 13.0335
      vertex 111.1 61.7 4
      vertex 111.1 70.5137 13.136
    endloop
  endfacet
  facet normal -1 -0 0
    outer loop
      vertex 111.1 70.5137 13.136
      vertex 111.1 61.7 4
      vertex 111.1 70.2387 13.2661
    endloop
  endfacet
  facet normal -1 -0 0
    outer loop
      vertex 111.1 70.2387 13.2661
      vertex 111.1 61.7 4
      vertex 111.1 69.9777 13.4225
    endloop
  endfacet
  facet normal -1 0 0
    outer loop
      vertex 111.1 68.6596 15.3952
      vertex 111.1 61.7 22.09
      vertex 111.1 68.6149 15.6962
    endloop
  endfacet
  facet normal -1 0 0
    outer loop
      vertex 111.1 61.7 22.09
      vertex 111.1 68.6596 15.3952
      vertex 111.1 61.7 4
    endloop
  endfacet
  facet normal -1 -0 0
    outer loop
      vertex 111.1 68.7335 15.1001
      vertex 111.1 61.7 4
      vertex 111.1 68.6596 15.3952
    endloop
  endfacet
  facet normal -1 -0 0
    outer loop
      vertex 111.1 68.836 14.8137
      vertex 111.1 61.7 4
      vertex 111.1 68.7335 15.1001
    endloop
  endfacet
  facet normal -1 -0 0
    outer loop
      vertex 111.1 68.966 14.5387
      vertex 111.1 61.7 4
      vertex 111.1 68.836 14.8137
    endloop
  endfacet
  facet normal -1 -0 0
    outer loop
      vertex 111.1 69.1225 14.2777
      vertex 111.1 61.7 4
      vertex 111.1 68.966 14.5387
    endloop
  endfacet
  facet normal -1 -0 0
    outer loop
      vertex 111.1 69.3037 14.0334
      vertex 111.1 61.7 4
      vertex 111.1 69.1225 14.2777
    endloop
  endfacet
  facet normal -1 -0 0
    outer loop
      vertex 111.1 69.508 13.808
      vertex 111.1 61.7 4
      vertex 111.1 69.3037 14.0334
    endloop
  endfacet
  facet normal -1 -0 0
    outer loop
      vertex 111.1 69.7334 13.6037
      vertex 111.1 61.7 4
      vertex 111.1 69.508 13.808
    endloop
  endfacet
  facet normal -1 -0 0
    outer loop
      vertex 111.1 69.9777 13.4225
      vertex 111.1 61.7 4
      vertex 111.1 69.7334 13.6037
    endloop
  endfacet
  facet normal -1 0 0
    outer loop
      vertex 111.1 74.7851 16.3038
      vertex 111.1 81.7 22.09
      vertex 111.1 74.8 16
    endloop
  endfacet
  facet normal -1 0 0
    outer loop
      vertex 111.1 74.7404 16.6048
      vertex 111.1 81.7 22.09
      vertex 111.1 74.7851 16.3038
    endloop
  endfacet
  facet normal -1 0 0
    outer loop
      vertex 111.1 74.6665 16.8999
      vertex 111.1 81.7 22.09
      vertex 111.1 74.7404 16.6048
    endloop
  endfacet
  facet normal -1 0 0
    outer loop
      vertex 111.1 74.564 17.1863
      vertex 111.1 81.7 22.09
      vertex 111.1 74.6665 16.8999
    endloop
  endfacet
  facet normal -1 0 0
    outer loop
      vertex 111.1 74.4339 17.4613
      vertex 111.1 81.7 22.09
      vertex 111.1 74.564 17.1863
    endloop
  endfacet
  facet normal -1 0 0
    outer loop
      vertex 111.1 74.2775 17.7223
      vertex 111.1 81.7 22.09
      vertex 111.1 74.4339 17.4613
    endloop
  endfacet
  facet normal -1 0 0
    outer loop
      vertex 111.1 74.0963 17.9666
      vertex 111.1 81.7 22.09
      vertex 111.1 74.2775 17.7223
    endloop
  endfacet
  facet normal -1 0 0
    outer loop
      vertex 111.1 73.892 18.192
      vertex 111.1 81.7 22.09
      vertex 111.1 74.0963 17.9666
    endloop
  endfacet
  facet normal -1 0 0
    outer loop
      vertex 111.1 71.7 20.384
      vertex 111.1 81.7 22.09
      vertex 111.1 73.892 18.192
    endloop
  endfacet
  facet normal -1 0 0
    outer loop
      vertex 111.1 68.6149 15.6962
      vertex 111.1 61.7 22.09
      vertex 111.1 68.6 16
    endloop
  endfacet
  facet normal -1 0 0
    outer loop
      vertex 111.1 68.6 16
      vertex 111.1 61.7 22.09
      vertex 111.1 68.6149 16.3038
    endloop
  endfacet
  facet normal -1 0 0
    outer loop
      vertex 111.1 68.6149 16.3038
      vertex 111.1 61.7 22.09
      vertex 111.1 68.6596 16.6048
    endloop
  endfacet
  facet normal -1 0 0
    outer loop
      vertex 111.1 68.6596 16.6048
      vertex 111.1 61.7 22.09
      vertex 111.1 68.7335 16.8999
    endloop
  endfacet
  facet normal -1 0 0
    outer loop
      vertex 111.1 68.7335 16.8999
      vertex 111.1 61.7 22.09
      vertex 111.1 68.836 17.1863
    endloop
  endfacet
  facet normal -1 0 0
    outer loop
      vertex 111.1 71.7 20.384
      vertex 111.1 61.7 22.09
      vertex 111.1 81.7 22.09
    endloop
  endfacet
  facet normal -1 0 0
    outer loop
      vertex 111.1 69.508 18.192
      vertex 111.1 61.7 22.09
      vertex 111.1 71.7 20.384
    endloop
  endfacet
  facet normal -1 0 0
    outer loop
      vertex 111.1 69.3037 17.9666
      vertex 111.1 61.7 22.09
      vertex 111.1 69.508 18.192
    endloop
  endfacet
  facet normal -1 0 0
    outer loop
      vertex 111.1 69.1225 17.7223
      vertex 111.1 61.7 22.09
      vertex 111.1 69.3037 17.9666
    endloop
  endfacet
  facet normal -1 0 0
    outer loop
      vertex 111.1 68.966 17.4613
      vertex 111.1 61.7 22.09
      vertex 111.1 69.1225 17.7223
    endloop
  endfacet
  facet normal -1 0 0
    outer loop
      vertex 111.1 68.836 17.1863
      vertex 111.1 61.7 22.09
      vertex 111.1 68.966 17.4613
    endloop
  endfacet
  facet normal -0 0 1
    outer loop
      vertex 111.1 81.7 22.09
      vertex 114.1 61.7 22.09
      vertex 114.1 81.7 22.09
    endloop
  endfacet
  facet normal 0 0 1
    outer loop
      vertex 114.1 61.7 22.09
      vertex 111.1 81.7 22.09
      vertex 111.1 61.7 22.09
    endloop
  endfacet
  facet normal 0 -1 0
    outer loop
      vertex 111.1 61.7 22.09
      vertex 112.5 61.7 6.99
      vertex 114.1 61.7 22.09
    endloop
  endfacet
  facet normal 0 -1 0
    outer loop
      vertex 111.1 61.7 4
      vertex 112.5 61.7 6.99
      vertex 111.1 61.7 22.09
    endloop
  endfacet
  facet normal 0 -1 -0
    outer loop
      vertex 112.5 61.7 6.99
      vertex 111.1 61.7 4
      vertex 112.5 61.7 4
    endloop
  endfacet
  facet normal 0 -1 -0
    outer loop
      vertex 114.1 61.7 22.09
      vertex 112.5 61.7 6.99
      vertex 114.1 61.7 6.99
    endloop
  endfacet
  facet normal 0 1 0
    outer loop
      vertex 112.5 81.7 6.99
      vertex 114.1 81.7 22.09
      vertex 114.1 81.7 6.99
    endloop
  endfacet
  facet normal 0 1 0
    outer loop
      vertex 114.1 81.7 22.09
      vertex 112.5 81.7 6.99
      vertex 111.1 81.7 22.09
    endloop
  endfacet
  facet normal 0 1 0
    outer loop
      vertex 111.1 81.7 4
      vertex 112.5 81.7 6.99
      vertex 112.5 81.7 4
    endloop
  endfacet
  facet normal 0 1 0
    outer loop
      vertex 112.5 81.7 6.99
      vertex 111.1 81.7 4
      vertex 111.1 81.7 22.09
    endloop
  endfacet
  facet normal 0 0.707107 -0.707107
    outer loop
      vertex 114.1 69.508 18.192
      vertex 111.1 71.7 20.384
      vertex 114.1 71.7 20.384
    endloop
  endfacet
  facet normal 0 0.707107 -0.707107
    outer loop
      vertex 111.1 71.7 20.384
      vertex 114.1 69.508 18.192
      vertex 111.1 69.508 18.192
    endloop
  endfacet
  facet normal 0 0.803184 -0.595731
    outer loop
      vertex 114.1 69.1225 17.7223
      vertex 111.1 69.3037 17.9666
      vertex 114.1 69.3037 17.9666
    endloop
  endfacet
  facet normal 0 0.803184 -0.595731
    outer loop
      vertex 111.1 69.3037 17.9666
      vertex 114.1 69.1225 17.7223
      vertex 111.1 69.1225 17.7223
    endloop
  endfacet
  facet normal 0 0.740936 -0.671576
    outer loop
      vertex 114.1 69.3037 17.9666
      vertex 111.1 69.508 18.192
      vertex 114.1 69.508 18.192
    endloop
  endfacet
  facet normal 0 0.740936 -0.671576
    outer loop
      vertex 111.1 69.508 18.192
      vertex 114.1 69.3037 17.9666
      vertex 111.1 69.3037 17.9666
    endloop
  endfacet
  facet normal -0 0.671576 0.740936
    outer loop
      vertex 111.1 69.7334 13.6037
      vertex 114.1 69.508 13.808
      vertex 114.1 69.7334 13.6037
    endloop
  endfacet
  facet normal 0 0.671576 0.740936
    outer loop
      vertex 114.1 69.508 13.808
      vertex 111.1 69.7334 13.6037
      vertex 111.1 69.508 13.808
    endloop
  endfacet
  facet normal 0 -0.707107 -0.707107
    outer loop
      vertex 111.1 73.892 18.192
      vertex 114.1 71.7 20.384
      vertex 111.1 71.7 20.384
    endloop
  endfacet
  facet normal 0 -0.707107 -0.707107
    outer loop
      vertex 114.1 71.7 20.384
      vertex 111.1 73.892 18.192
      vertex 114.1 73.892 18.192
    endloop
  endfacet
  facet normal 0 0.998799 0.0489865
    outer loop
      vertex 114.1 68.6149 15.6962
      vertex 111.1 68.6 16
      vertex 114.1 68.6 16
    endloop
  endfacet
  facet normal 0 0.998799 0.0489865
    outer loop
      vertex 111.1 68.6 16
      vertex 114.1 68.6149 15.6962
      vertex 111.1 68.6149 15.6962
    endloop
  endfacet
  facet normal 0 -0.941519 -0.336961
    outer loop
      vertex 111.1 74.6665 16.8999
      vertex 114.1 74.564 17.1863
      vertex 111.1 74.564 17.1863
    endloop
  endfacet
  facet normal 0 -0.941519 -0.336961
    outer loop
      vertex 114.1 74.564 17.1863
      vertex 111.1 74.6665 16.8999
      vertex 114.1 74.6665 16.8999
    endloop
  endfacet
  facet normal 0 0.941519 -0.336961
    outer loop
      vertex 114.1 68.7335 16.8999
      vertex 111.1 68.836 17.1863
      vertex 114.1 68.836 17.1863
    endloop
  endfacet
  facet normal 0 0.941519 -0.336961
    outer loop
      vertex 111.1 68.836 17.1863
      vertex 114.1 68.7335 16.8999
      vertex 111.1 68.7335 16.8999
    endloop
  endfacet
  facet normal 0 -0.803184 -0.595731
    outer loop
      vertex 111.1 74.2775 17.7223
      vertex 114.1 74.0963 17.9666
      vertex 111.1 74.0963 17.9666
    endloop
  endfacet
  facet normal 0 -0.803184 -0.595731
    outer loop
      vertex 114.1 74.0963 17.9666
      vertex 111.1 74.2775 17.7223
      vertex 114.1 74.2775 17.7223
    endloop
  endfacet
  facet normal 0 -0.740936 -0.671576
    outer loop
      vertex 111.1 74.0963 17.9666
      vertex 114.1 73.892 18.192
      vertex 111.1 73.892 18.192
    endloop
  endfacet
  facet normal 0 -0.740936 -0.671576
    outer loop
      vertex 114.1 73.892 18.192
      vertex 111.1 74.0963 17.9666
      vertex 114.1 74.0963 17.9666
    endloop
  endfacet
  facet normal 0 -0.903945 -0.427648
    outer loop
      vertex 111.1 74.564 17.1863
      vertex 114.1 74.4339 17.4613
      vertex 111.1 74.4339 17.4613
    endloop
  endfacet
  facet normal 0 -0.903945 -0.427648
    outer loop
      vertex 114.1 74.4339 17.4613
      vertex 111.1 74.564 17.1863
      vertex 114.1 74.564 17.1863
    endloop
  endfacet
  facet normal 0 0.857638 -0.514254
    outer loop
      vertex 114.1 68.966 17.4613
      vertex 111.1 69.1225 17.7223
      vertex 114.1 69.1225 17.7223
    endloop
  endfacet
  facet normal 0 0.857638 -0.514254
    outer loop
      vertex 111.1 69.1225 17.7223
      vertex 114.1 68.966 17.4613
      vertex 111.1 68.966 17.4613
    endloop
  endfacet
  facet normal 0 -0.941519 0.336961
    outer loop
      vertex 111.1 74.564 14.8137
      vertex 114.1 74.6665 15.1001
      vertex 111.1 74.6665 15.1001
    endloop
  endfacet
  facet normal 0 -0.941519 0.336961
    outer loop
      vertex 114.1 74.6665 15.1001
      vertex 111.1 74.564 14.8137
      vertex 114.1 74.564 14.8137
    endloop
  endfacet
  facet normal 0 -0.998799 -0.0489865
    outer loop
      vertex 111.1 74.8 16
      vertex 114.1 74.7851 16.3038
      vertex 111.1 74.7851 16.3038
    endloop
  endfacet
  facet normal 0 -0.998799 -0.0489865
    outer loop
      vertex 114.1 74.7851 16.3038
      vertex 111.1 74.8 16
      vertex 114.1 74.8 16
    endloop
  endfacet
  facet normal 0 -0.998799 0.0489865
    outer loop
      vertex 111.1 74.7851 15.6962
      vertex 114.1 74.8 16
      vertex 111.1 74.8 16
    endloop
  endfacet
  facet normal 0 -0.998799 0.0489865
    outer loop
      vertex 114.1 74.8 16
      vertex 111.1 74.7851 15.6962
      vertex 114.1 74.7851 15.6962
    endloop
  endfacet
  facet normal 0 -0.857783 -0.514012
    outer loop
      vertex 111.1 74.4339 17.4613
      vertex 114.1 74.2775 17.7223
      vertex 111.1 74.2775 17.7223
    endloop
  endfacet
  facet normal 0 -0.857783 -0.514012
    outer loop
      vertex 114.1 74.2775 17.7223
      vertex 111.1 74.4339 17.4613
      vertex 114.1 74.4339 17.4613
    endloop
  endfacet
  facet normal -0 0.595731 0.803184
    outer loop
      vertex 111.1 69.9777 13.4225
      vertex 114.1 69.7334 13.6037
      vertex 114.1 69.9777 13.4225
    endloop
  endfacet
  facet normal 0 0.595731 0.803184
    outer loop
      vertex 114.1 69.7334 13.6037
      vertex 111.1 69.9777 13.4225
      vertex 111.1 69.7334 13.6037
    endloop
  endfacet
  facet normal -0 0.427648 0.903945
    outer loop
      vertex 111.1 70.5137 13.136
      vertex 114.1 70.2387 13.2661
      vertex 114.1 70.5137 13.136
    endloop
  endfacet
  facet normal 0 0.427648 0.903945
    outer loop
      vertex 114.1 70.2387 13.2661
      vertex 111.1 70.5137 13.136
      vertex 111.1 70.2387 13.2661
    endloop
  endfacet
  facet normal -0 0.0489705 0.9988
    outer loop
      vertex 111.1 71.7 12.9
      vertex 114.1 71.3961 12.9149
      vertex 114.1 71.7 12.9
    endloop
  endfacet
  facet normal 0 0.0489705 0.9988
    outer loop
      vertex 114.1 71.3961 12.9149
      vertex 111.1 71.7 12.9
      vertex 111.1 71.3961 12.9149
    endloop
  endfacet
  facet normal -0 0.242922 0.970046
    outer loop
      vertex 111.1 71.0952 12.9596
      vertex 114.1 70.8001 13.0335
      vertex 114.1 71.0952 12.9596
    endloop
  endfacet
  facet normal 0 0.242922 0.970046
    outer loop
      vertex 114.1 70.8001 13.0335
      vertex 111.1 71.0952 12.9596
      vertex 111.1 70.8001 13.0335
    endloop
  endfacet
  facet normal 0 -0.146894 0.989152
    outer loop
      vertex 111.1 72.3048 12.9596
      vertex 114.1 72.0038 12.9149
      vertex 114.1 72.3048 12.9596
    endloop
  endfacet
  facet normal 0 -0.146894 0.989152
    outer loop
      vertex 114.1 72.0038 12.9149
      vertex 111.1 72.3048 12.9596
      vertex 111.1 72.0038 12.9149
    endloop
  endfacet
  facet normal 0 -0.336961 0.941519
    outer loop
      vertex 111.1 72.8863 13.136
      vertex 114.1 72.5999 13.0335
      vertex 114.1 72.8863 13.136
    endloop
  endfacet
  facet normal 0 -0.336961 0.941519
    outer loop
      vertex 114.1 72.5999 13.0335
      vertex 111.1 72.8863 13.136
      vertex 111.1 72.5999 13.0335
    endloop
  endfacet
  facet normal 0 -0.514012 0.857783
    outer loop
      vertex 111.1 73.4223 13.4225
      vertex 114.1 73.1613 13.2661
      vertex 114.1 73.4223 13.4225
    endloop
  endfacet
  facet normal 0 -0.514012 0.857783
    outer loop
      vertex 114.1 73.1613 13.2661
      vertex 111.1 73.4223 13.4225
      vertex 111.1 73.1613 13.2661
    endloop
  endfacet
  facet normal 0 -0.671576 0.740936
    outer loop
      vertex 111.1 73.892 13.808
      vertex 114.1 73.6666 13.6037
      vertex 114.1 73.892 13.808
    endloop
  endfacet
  facet normal 0 -0.671576 0.740936
    outer loop
      vertex 114.1 73.6666 13.6037
      vertex 111.1 73.892 13.808
      vertex 111.1 73.6666 13.6037
    endloop
  endfacet
  facet normal 0 0.989152 0.146894
    outer loop
      vertex 114.1 68.6596 15.3952
      vertex 111.1 68.6149 15.6962
      vertex 114.1 68.6149 15.6962
    endloop
  endfacet
  facet normal 0 0.989152 0.146894
    outer loop
      vertex 111.1 68.6149 15.6962
      vertex 114.1 68.6596 15.3952
      vertex 111.1 68.6596 15.3952
    endloop
  endfacet
  facet normal 0 0.941519 0.336961
    outer loop
      vertex 114.1 68.836 14.8137
      vertex 111.1 68.7335 15.1001
      vertex 114.1 68.7335 15.1001
    endloop
  endfacet
  facet normal 0 0.941519 0.336961
    outer loop
      vertex 111.1 68.7335 15.1001
      vertex 114.1 68.836 14.8137
      vertex 111.1 68.836 14.8137
    endloop
  endfacet
  facet normal 0 0.857638 0.514254
    outer loop
      vertex 114.1 69.1225 14.2777
      vertex 111.1 68.966 14.5387
      vertex 114.1 68.966 14.5387
    endloop
  endfacet
  facet normal 0 0.857638 0.514254
    outer loop
      vertex 111.1 68.966 14.5387
      vertex 114.1 69.1225 14.2777
      vertex 111.1 69.1225 14.2777
    endloop
  endfacet
  facet normal 0 0.740936 0.671576
    outer loop
      vertex 114.1 69.508 13.808
      vertex 111.1 69.3037 14.0334
      vertex 114.1 69.3037 14.0334
    endloop
  endfacet
  facet normal 0 0.740936 0.671576
    outer loop
      vertex 111.1 69.3037 14.0334
      vertex 114.1 69.508 13.808
      vertex 111.1 69.508 13.808
    endloop
  endfacet
  facet normal 0 0.989152 -0.146894
    outer loop
      vertex 114.1 68.6149 16.3038
      vertex 111.1 68.6596 16.6048
      vertex 114.1 68.6596 16.6048
    endloop
  endfacet
  facet normal 0 0.989152 -0.146894
    outer loop
      vertex 111.1 68.6596 16.6048
      vertex 114.1 68.6149 16.3038
      vertex 111.1 68.6149 16.3038
    endloop
  endfacet
  facet normal 0 0.970046 -0.242922
    outer loop
      vertex 114.1 68.6596 16.6048
      vertex 111.1 68.7335 16.8999
      vertex 114.1 68.7335 16.8999
    endloop
  endfacet
  facet normal 0 0.970046 -0.242922
    outer loop
      vertex 111.1 68.7335 16.8999
      vertex 114.1 68.6596 16.6048
      vertex 111.1 68.6596 16.6048
    endloop
  endfacet
  facet normal 0 0.998799 -0.0489865
    outer loop
      vertex 114.1 68.6 16
      vertex 111.1 68.6149 16.3038
      vertex 114.1 68.6149 16.3038
    endloop
  endfacet
  facet normal 0 0.998799 -0.0489865
    outer loop
      vertex 111.1 68.6149 16.3038
      vertex 114.1 68.6 16
      vertex 111.1 68.6 16
    endloop
  endfacet
  facet normal 0 0.904072 -0.42738
    outer loop
      vertex 114.1 68.836 17.1863
      vertex 111.1 68.966 17.4613
      vertex 114.1 68.966 17.4613
    endloop
  endfacet
  facet normal 0 0.904072 -0.42738
    outer loop
      vertex 111.1 68.966 17.4613
      vertex 114.1 68.836 17.1863
      vertex 111.1 68.836 17.1863
    endloop
  endfacet
  facet normal 0 -0.803184 0.595731
    outer loop
      vertex 111.1 74.0963 14.0334
      vertex 114.1 74.2775 14.2777
      vertex 111.1 74.2775 14.2777
    endloop
  endfacet
  facet normal 0 -0.803184 0.595731
    outer loop
      vertex 114.1 74.2775 14.2777
      vertex 111.1 74.0963 14.0334
      vertex 114.1 74.0963 14.0334
    endloop
  endfacet
  facet normal 0 -0.903945 0.427648
    outer loop
      vertex 111.1 74.4339 14.5387
      vertex 114.1 74.564 14.8137
      vertex 111.1 74.564 14.8137
    endloop
  endfacet
  facet normal 0 -0.903945 0.427648
    outer loop
      vertex 114.1 74.564 14.8137
      vertex 111.1 74.4339 14.5387
      vertex 114.1 74.4339 14.5387
    endloop
  endfacet
  facet normal 0 -0.970046 0.242922
    outer loop
      vertex 111.1 74.6665 15.1001
      vertex 114.1 74.7404 15.3952
      vertex 111.1 74.7404 15.3952
    endloop
  endfacet
  facet normal 0 -0.970046 0.242922
    outer loop
      vertex 114.1 74.7404 15.3952
      vertex 111.1 74.6665 15.1001
      vertex 114.1 74.6665 15.1001
    endloop
  endfacet
  facet normal 0 -0.989152 -0.146894
    outer loop
      vertex 111.1 74.7851 16.3038
      vertex 114.1 74.7404 16.6048
      vertex 111.1 74.7404 16.6048
    endloop
  endfacet
  facet normal 0 -0.989152 -0.146894
    outer loop
      vertex 114.1 74.7404 16.6048
      vertex 111.1 74.7851 16.3038
      vertex 114.1 74.7851 16.3038
    endloop
  endfacet
  facet normal 0 -0.970046 -0.242922
    outer loop
      vertex 111.1 74.7404 16.6048
      vertex 114.1 74.6665 16.8999
      vertex 111.1 74.6665 16.8999
    endloop
  endfacet
  facet normal 0 -0.970046 -0.242922
    outer loop
      vertex 114.1 74.6665 16.8999
      vertex 111.1 74.7404 16.6048
      vertex 114.1 74.7404 16.6048
    endloop
  endfacet
  facet normal -0 0.514012 0.857783
    outer loop
      vertex 111.1 70.2387 13.2661
      vertex 114.1 69.9777 13.4225
      vertex 114.1 70.2387 13.2661
    endloop
  endfacet
  facet normal 0 0.514012 0.857783
    outer loop
      vertex 114.1 69.9777 13.4225
      vertex 111.1 70.2387 13.2661
      vertex 111.1 69.9777 13.4225
    endloop
  endfacet
  facet normal -0 0.336961 0.941519
    outer loop
      vertex 111.1 70.8001 13.0335
      vertex 114.1 70.5137 13.136
      vertex 114.1 70.8001 13.0335
    endloop
  endfacet
  facet normal 0 0.336961 0.941519
    outer loop
      vertex 114.1 70.5137 13.136
      vertex 111.1 70.8001 13.0335
      vertex 111.1 70.5137 13.136
    endloop
  endfacet
  facet normal 0 -0.0489865 0.998799
    outer loop
      vertex 111.1 72.0038 12.9149
      vertex 114.1 71.7 12.9
      vertex 114.1 72.0038 12.9149
    endloop
  endfacet
  facet normal 0 -0.0489865 0.998799
    outer loop
      vertex 114.1 71.7 12.9
      vertex 111.1 72.0038 12.9149
      vertex 111.1 71.7 12.9
    endloop
  endfacet
  facet normal -0 0.146942 0.989145
    outer loop
      vertex 111.1 71.3961 12.9149
      vertex 114.1 71.0952 12.9596
      vertex 114.1 71.3961 12.9149
    endloop
  endfacet
  facet normal 0 0.146942 0.989145
    outer loop
      vertex 114.1 71.0952 12.9596
      vertex 111.1 71.3961 12.9149
      vertex 111.1 71.0952 12.9596
    endloop
  endfacet
  facet normal 0 -0.242922 0.970046
    outer loop
      vertex 111.1 72.5999 13.0335
      vertex 114.1 72.3048 12.9596
      vertex 114.1 72.5999 13.0335
    endloop
  endfacet
  facet normal 0 -0.242922 0.970046
    outer loop
      vertex 114.1 72.3048 12.9596
      vertex 111.1 72.5999 13.0335
      vertex 111.1 72.3048 12.9596
    endloop
  endfacet
  facet normal 0 -0.427648 0.903945
    outer loop
      vertex 111.1 73.1613 13.2661
      vertex 114.1 72.8863 13.136
      vertex 114.1 73.1613 13.2661
    endloop
  endfacet
  facet normal 0 -0.427648 0.903945
    outer loop
      vertex 114.1 72.8863 13.136
      vertex 111.1 73.1613 13.2661
      vertex 111.1 72.8863 13.136
    endloop
  endfacet
  facet normal 0 -0.595731 0.803184
    outer loop
      vertex 111.1 73.6666 13.6037
      vertex 114.1 73.4223 13.4225
      vertex 114.1 73.6666 13.6037
    endloop
  endfacet
  facet normal 0 -0.595731 0.803184
    outer loop
      vertex 114.1 73.4223 13.4225
      vertex 111.1 73.6666 13.6037
      vertex 111.1 73.4223 13.4225
    endloop
  endfacet
  facet normal 0 -0.740936 0.671576
    outer loop
      vertex 111.1 73.892 13.808
      vertex 114.1 74.0963 14.0334
      vertex 111.1 74.0963 14.0334
    endloop
  endfacet
  facet normal 0 -0.740936 0.671576
    outer loop
      vertex 114.1 74.0963 14.0334
      vertex 111.1 73.892 13.808
      vertex 114.1 73.892 13.808
    endloop
  endfacet
  facet normal 0 0.970046 0.242922
    outer loop
      vertex 114.1 68.7335 15.1001
      vertex 111.1 68.6596 15.3952
      vertex 114.1 68.6596 15.3952
    endloop
  endfacet
  facet normal 0 0.970046 0.242922
    outer loop
      vertex 111.1 68.6596 15.3952
      vertex 114.1 68.7335 15.1001
      vertex 111.1 68.7335 15.1001
    endloop
  endfacet
  facet normal 0 0.904072 0.42738
    outer loop
      vertex 114.1 68.966 14.5387
      vertex 111.1 68.836 14.8137
      vertex 114.1 68.836 14.8137
    endloop
  endfacet
  facet normal 0 0.904072 0.42738
    outer loop
      vertex 111.1 68.836 14.8137
      vertex 114.1 68.966 14.5387
      vertex 111.1 68.966 14.5387
    endloop
  endfacet
  facet normal 0 0.803184 0.595731
    outer loop
      vertex 114.1 69.3037 14.0334
      vertex 111.1 69.1225 14.2777
      vertex 114.1 69.1225 14.2777
    endloop
  endfacet
  facet normal 0 0.803184 0.595731
    outer loop
      vertex 111.1 69.1225 14.2777
      vertex 114.1 69.3037 14.0334
      vertex 111.1 69.3037 14.0334
    endloop
  endfacet
  facet normal 0 -0.857783 0.514012
    outer loop
      vertex 111.1 74.2775 14.2777
      vertex 114.1 74.4339 14.5387
      vertex 111.1 74.4339 14.5387
    endloop
  endfacet
  facet normal 0 -0.857783 0.514012
    outer loop
      vertex 114.1 74.4339 14.5387
      vertex 111.1 74.2775 14.2777
      vertex 114.1 74.2775 14.2777
    endloop
  endfacet
  facet normal 0 -0.989152 0.146894
    outer loop
      vertex 111.1 74.7404 15.3952
      vertex 114.1 74.7851 15.6962
      vertex 111.1 74.7851 15.6962
    endloop
  endfacet
  facet normal 0 -0.989152 0.146894
    outer loop
      vertex 114.1 74.7851 15.6962
      vertex 111.1 74.7404 15.3952
      vertex 114.1 74.7404 15.3952
    endloop
  endfacet
  facet normal -0 0 1
    outer loop
      vertex -42.45 -34 8
      vertex 42.45 -35.6 8
      vertex 42.45 -34 8
    endloop
  endfacet
  facet normal 0 0 1
    outer loop
      vertex 42.45 -35.6 8
      vertex -42.45 -34 8
      vertex -42.45 -35.6 8
    endloop
  endfacet
  facet normal 1 -0 0
    outer loop
      vertex 42.45 -35.6 8
      vertex 42.45 -34 4
      vertex 42.45 -34 8
    endloop
  endfacet
  facet normal 1 0 0
    outer loop
      vertex 42.45 -34 4
      vertex 42.45 -35.6 8
      vertex 42.45 -35.6 4
    endloop
  endfacet
  facet normal 0 -1 0
    outer loop
      vertex -42.45 -35.6 4
      vertex 42.45 -35.6 8
      vertex -42.45 -35.6 8
    endloop
  endfacet
  facet normal 0 -1 -0
    outer loop
      vertex 42.45 -35.6 8
      vertex -42.45 -35.6 4
      vertex 42.45 -35.6 4
    endloop
  endfacet
  facet normal 0 1 -0
    outer loop
      vertex -2 -34 6.79
      vertex -19.225 -34 7.99
      vertex -2 -34 7.99
    endloop
  endfacet
  facet normal 0 1 0
    outer loop
      vertex -19.225 -34 7.99
      vertex -2 -34 6.79
      vertex -19.225 -34 6.79
    endloop
  endfacet
  facet normal 0 1 -0
    outer loop
      vertex 19.225 -34 6.79
      vertex 2 -34 7.99
      vertex 19.225 -34 7.99
    endloop
  endfacet
  facet normal 0 1 0
    outer loop
      vertex 2 -34 7.99
      vertex 19.225 -34 6.79
      vertex 2 -34 6.79
    endloop
  endfacet
  facet normal 0 1 0
    outer loop
      vertex 42.45 -34 8
      vertex 23.225 -34 7.99
      vertex -42.45 -34 8
    endloop
  endfacet
  facet normal 0 1 0
    outer loop
      vertex 42.45 -34 8
      vertex 23.225 -34 6.79
      vertex 23.225 -34 7.99
    endloop
  endfacet
  facet normal 0 1 0
    outer loop
      vertex 42.45 -34 4
      vertex 19.225 -34 6.79
      vertex 23.225 -34 6.79
    endloop
  endfacet
  facet normal 0 1 0
    outer loop
      vertex 19.225 -34 6.79
      vertex 42.45 -34 4
      vertex 2 -34 6.79
    endloop
  endfacet
  facet normal 0 1 0
    outer loop
      vertex 2 -34 6.79
      vertex 42.45 -34 4
      vertex -2 -34 6.79
    endloop
  endfacet
  facet normal 0 1 0
    outer loop
      vertex -42.45 -34 4
      vertex -2 -34 6.79
      vertex 42.45 -34 4
    endloop
  endfacet
  facet normal 0 1 0
    outer loop
      vertex -2 -34 6.79
      vertex -42.45 -34 4
      vertex -19.225 -34 6.79
    endloop
  endfacet
  facet normal 0 1 -0
    outer loop
      vertex 42.45 -34 4
      vertex 23.225 -34 6.79
      vertex 42.45 -34 8
    endloop
  endfacet
  facet normal 0 1 -0
    outer loop
      vertex 19.225 -34 7.99
      vertex -42.45 -34 8
      vertex 23.225 -34 7.99
    endloop
  endfacet
  facet normal 0 1 -0
    outer loop
      vertex 2 -34 7.99
      vertex -42.45 -34 8
      vertex 19.225 -34 7.99
    endloop
  endfacet
  facet normal 0 1 -0
    outer loop
      vertex -2 -34 7.99
      vertex -42.45 -34 8
      vertex 2 -34 7.99
    endloop
  endfacet
  facet normal 0 1 -0
    outer loop
      vertex -19.225 -34 7.99
      vertex -42.45 -34 8
      vertex -2 -34 7.99
    endloop
  endfacet
  facet normal 0 1 -0
    outer loop
      vertex -23.225 -34 7.99
      vertex -42.45 -34 8
      vertex -19.225 -34 7.99
    endloop
  endfacet
  facet normal 0 1 -0
    outer loop
      vertex -23.225 -34 6.79
      vertex -42.45 -34 8
      vertex -23.225 -34 7.99
    endloop
  endfacet
  facet normal 0 1 0
    outer loop
      vertex -23.225 -34 6.79
      vertex -42.45 -34 4
      vertex -42.45 -34 8
    endloop
  endfacet
  facet normal 0 1 0
    outer loop
      vertex -19.225 -34 6.79
      vertex -42.45 -34 4
      vertex -23.225 -34 6.79
    endloop
  endfacet
  facet normal -0 0 1
    outer loop
      vertex -42.45 -24.4 8
      vertex 42.45 -26 8
      vertex 42.45 -24.4 8
    endloop
  endfacet
  facet normal 0 0 1
    outer loop
      vertex 42.45 -26 8
      vertex -42.45 -24.4 8
      vertex -42.45 -26 8
    endloop
  endfacet
  facet normal 1 -0 0
    outer loop
      vertex 42.45 -26 8
      vertex 42.45 -24.4 4
      vertex 42.45 -24.4 8
    endloop
  endfacet
  facet normal 1 0 0
    outer loop
      vertex 42.45 -24.4 4
      vertex 42.45 -26 8
      vertex 42.45 -26 4
    endloop
  endfacet
  facet normal 0 -1 0
    outer loop
      vertex 2 -26 6.79
      vertex 19.225 -26 7.99
      vertex 2 -26 7.99
    endloop
  endfacet
  facet normal 0 -1 -0
    outer loop
      vertex 19.225 -26 7.99
      vertex 2 -26 6.79
      vertex 19.225 -26 6.79
    endloop
  endfacet
  facet normal 0 -1 0
    outer loop
      vertex -19.225 -26 6.79
      vertex -2 -26 7.99
      vertex -19.225 -26 7.99
    endloop
  endfacet
  facet normal 0 -1 -0
    outer loop
      vertex -2 -26 7.99
      vertex -19.225 -26 6.79
      vertex -2 -26 6.79
    endloop
  endfacet
  facet normal 0 -1 0
    outer loop
      vertex -42.45 -26 8
      vertex -23.225 -26 7.99
      vertex 42.45 -26 8
    endloop
  endfacet
  facet normal 0 -1 0
    outer loop
      vertex -42.45 -26 8
      vertex -23.225 -26 6.79
      vertex -23.225 -26 7.99
    endloop
  endfacet
  facet normal 0 -1 0
    outer loop
      vertex -42.45 -26 4
      vertex -19.225 -26 6.79
      vertex -23.225 -26 6.79
    endloop
  endfacet
  facet normal 0 -1 -0
    outer loop
      vertex -19.225 -26 6.79
      vertex -42.45 -26 4
      vertex -2 -26 6.79
    endloop
  endfacet
  facet normal 0 -1 -0
    outer loop
      vertex -2 -26 6.79
      vertex -42.45 -26 4
      vertex 2 -26 6.79
    endloop
  endfacet
  facet normal 0 -1 0
    outer loop
      vertex 42.45 -26 4
      vertex 2 -26 6.79
      vertex -42.45 -26 4
    endloop
  endfacet
  facet normal 0 -1 0
    outer loop
      vertex 2 -26 6.79
      vertex 42.45 -26 4
      vertex 19.225 -26 6.79
    endloop
  endfacet
  facet normal 0 -1 0
    outer loop
      vertex -42.45 -26 4
      vertex -23.225 -26 6.79
      vertex -42.45 -26 8
    endloop
  endfacet
  facet normal 0 -1 0
    outer loop
      vertex -19.225 -26 7.99
      vertex 42.45 -26 8
      vertex -23.225 -26 7.99
    endloop
  endfacet
  facet normal 0 -1 0
    outer loop
      vertex -2 -26 7.99
      vertex 42.45 -26 8
      vertex -19.225 -26 7.99
    endloop
  endfacet
  facet normal 0 -1 0
    outer loop
      vertex 2 -26 7.99
      vertex 42.45 -26 8
      vertex -2 -26 7.99
    endloop
  endfacet
  facet normal 0 -1 0
    outer loop
      vertex 19.225 -26 7.99
      vertex 42.45 -26 8
      vertex 2 -26 7.99
    endloop
  endfacet
  facet normal 0 -1 0
    outer loop
      vertex 23.225 -26 7.99
      vertex 42.45 -26 8
      vertex 19.225 -26 7.99
    endloop
  endfacet
  facet normal 0 -1 0
    outer loop
      vertex 23.225 -26 6.79
      vertex 42.45 -26 8
      vertex 23.225 -26 7.99
    endloop
  endfacet
  facet normal 0 -1 0
    outer loop
      vertex 23.225 -26 6.79
      vertex 42.45 -26 4
      vertex 42.45 -26 8
    endloop
  endfacet
  facet normal 0 -1 0
    outer loop
      vertex 19.225 -26 6.79
      vertex 42.45 -26 4
      vertex 23.225 -26 6.79
    endloop
  endfacet
  facet normal 0 1 -0
    outer loop
      vertex 42.45 -24.4 4
      vertex -42.45 -24.4 8
      vertex 42.45 -24.4 8
    endloop
  endfacet
  facet normal 0 1 0
    outer loop
      vertex -42.45 -24.4 8
      vertex 42.45 -24.4 4
      vertex -42.45 -24.4 4
    endloop
  endfacet
  facet normal -1 0 0
    outer loop
      vertex -23.225 -34 6.79
      vertex -23.225 -26 7.99
      vertex -23.225 -26 6.79
    endloop
  endfacet
  facet normal -1 -0 0
    outer loop
      vertex -23.225 -26 7.99
      vertex -23.225 -34 6.79
      vertex -23.225 -34 7.99
    endloop
  endfacet
  facet normal -0 0 1
    outer loop
      vertex -23.225 -26 7.99
      vertex -19.225 -34 7.99
      vertex -19.225 -26 7.99
    endloop
  endfacet
  facet normal 0 0 1
    outer loop
      vertex -19.225 -34 7.99
      vertex -23.225 -26 7.99
      vertex -23.225 -34 7.99
    endloop
  endfacet
  facet normal 1 -0 0
    outer loop
      vertex -19.225 -34 7.99
      vertex -19.225 -26 6.79
      vertex -19.225 -26 7.99
    endloop
  endfacet
  facet normal 1 0 0
    outer loop
      vertex -19.225 -26 6.79
      vertex -19.225 -34 7.99
      vertex -19.225 -34 6.79
    endloop
  endfacet
  facet normal 0 0 -1
    outer loop
      vertex -23.225 -34 6.79
      vertex -19.225 -26 6.79
      vertex -19.225 -34 6.79
    endloop
  endfacet
  facet normal -0 0 -1
    outer loop
      vertex -19.225 -26 6.79
      vertex -23.225 -34 6.79
      vertex -23.225 -26 6.79
    endloop
  endfacet
  facet normal -1 0 0
    outer loop
      vertex -2 -34 6.79
      vertex -2 -26 7.99
      vertex -2 -26 6.79
    endloop
  endfacet
  facet normal -1 -0 0
    outer loop
      vertex -2 -26 7.99
      vertex -2 -34 6.79
      vertex -2 -34 7.99
    endloop
  endfacet
  facet normal -0 0 1
    outer loop
      vertex -2 -26 7.99
      vertex 2 -34 7.99
      vertex 2 -26 7.99
    endloop
  endfacet
  facet normal 0 0 1
    outer loop
      vertex 2 -34 7.99
      vertex -2 -26 7.99
      vertex -2 -34 7.99
    endloop
  endfacet
  facet normal 1 -0 0
    outer loop
      vertex 2 -34 7.99
      vertex 2 -26 6.79
      vertex 2 -26 7.99
    endloop
  endfacet
  facet normal 1 0 0
    outer loop
      vertex 2 -26 6.79
      vertex 2 -34 7.99
      vertex 2 -34 6.79
    endloop
  endfacet
  facet normal 0 0 -1
    outer loop
      vertex -2 -34 6.79
      vertex 2 -26 6.79
      vertex 2 -34 6.79
    endloop
  endfacet
  facet normal -0 0 -1
    outer loop
      vertex 2 -26 6.79
      vertex -2 -34 6.79
      vertex -2 -26 6.79
    endloop
  endfacet
  facet normal -1 0 0
    outer loop
      vertex 19.225 -34 6.79
      vertex 19.225 -26 7.99
      vertex 19.225 -26 6.79
    endloop
  endfacet
  facet normal -1 -0 0
    outer loop
      vertex 19.225 -26 7.99
      vertex 19.225 -34 6.79
      vertex 19.225 -34 7.99
    endloop
  endfacet
  facet normal -0 0 1
    outer loop
      vertex 19.225 -26 7.99
      vertex 23.225 -34 7.99
      vertex 23.225 -26 7.99
    endloop
  endfacet
  facet normal 0 0 1
    outer loop
      vertex 23.225 -34 7.99
      vertex 19.225 -26 7.99
      vertex 19.225 -34 7.99
    endloop
  endfacet
  facet normal 1 -0 0
    outer loop
      vertex 23.225 -34 7.99
      vertex 23.225 -26 6.79
      vertex 23.225 -26 7.99
    endloop
  endfacet
  facet normal 1 0 0
    outer loop
      vertex 23.225 -26 6.79
      vertex 23.225 -34 7.99
      vertex 23.225 -34 6.79
    endloop
  endfacet
  facet normal 0 0 -1
    outer loop
      vertex 19.225 -34 6.79
      vertex 23.225 -26 6.79
      vertex 23.225 -34 6.79
    endloop
  endfacet
  facet normal -0 0 -1
    outer loop
      vertex 23.225 -26 6.79
      vertex 19.225 -34 6.79
      vertex 19.225 -26 6.79
    endloop
  endfacet
  facet normal -1 0 0
    outer loop
      vertex 16 78.9726 4
      vertex 16 82.9726 7.49
      vertex 16 82.9726 4
    endloop
  endfacet
  facet normal -1 -0 0
    outer loop
      vertex 16 82.9726 7.49
      vertex 16 78.9726 4
      vertex 16 78.9726 7.49
    endloop
  endfacet
  facet normal -0 0 1
    outer loop
      vertex 16 82.9726 7.49
      vertex 24 78.9726 7.49
      vertex 24 82.9726 7.49
    endloop
  endfacet
  facet normal 0 0 1
    outer loop
      vertex 24 78.9726 7.49
      vertex 16 82.9726 7.49
      vertex 16 78.9726 7.49
    endloop
  endfacet
  facet normal 1 -0 0
    outer loop
      vertex 24 78.9726 7.49
      vertex 24 82.9726 4
      vertex 24 82.9726 7.49
    endloop
  endfacet
  facet normal 1 0 0
    outer loop
      vertex 24 82.9726 4
      vertex 24 78.9726 7.49
      vertex 24 78.9726 4
    endloop
  endfacet
  facet normal 0 -1 0
    outer loop
      vertex 16 78.9726 7.49
      vertex 17.6 78.9726 6.29
      vertex 24 78.9726 7.49
    endloop
  endfacet
  facet normal 0 -1 0
    outer loop
      vertex 16 78.9726 4
      vertex 17.6 78.9726 6.29
      vertex 16 78.9726 7.49
    endloop
  endfacet
  facet normal 0 -1 -0
    outer loop
      vertex 17.6 78.9726 6.29
      vertex 16 78.9726 4
      vertex 17.6 78.9726 4
    endloop
  endfacet
  facet normal 0 -1 0
    outer loop
      vertex 22.4 78.9726 6.29
      vertex 24 78.9726 7.49
      vertex 17.6 78.9726 6.29
    endloop
  endfacet
  facet normal 0 -1 0
    outer loop
      vertex 24 78.9726 4
      vertex 22.4 78.9726 6.29
      vertex 22.4 78.9726 4
    endloop
  endfacet
  facet normal 0 -1 0
    outer loop
      vertex 22.4 78.9726 6.29
      vertex 24 78.9726 4
      vertex 24 78.9726 7.49
    endloop
  endfacet
  facet normal 0 1 0
    outer loop
      vertex 24 82.9726 7.49
      vertex 22.4 82.9726 6.29
      vertex 16 82.9726 7.49
    endloop
  endfacet
  facet normal 0 1 -0
    outer loop
      vertex 24 82.9726 4
      vertex 22.4 82.9726 6.29
      vertex 24 82.9726 7.49
    endloop
  endfacet
  facet normal 0 1 0
    outer loop
      vertex 22.4 82.9726 6.29
      vertex 24 82.9726 4
      vertex 22.4 82.9726 4
    endloop
  endfacet
  facet normal 0 1 -0
    outer loop
      vertex 17.6 82.9726 6.29
      vertex 16 82.9726 7.49
      vertex 22.4 82.9726 6.29
    endloop
  endfacet
  facet normal 0 1 0
    outer loop
      vertex 16 82.9726 4
      vertex 17.6 82.9726 6.29
      vertex 17.6 82.9726 4
    endloop
  endfacet
  facet normal 0 1 0
    outer loop
      vertex 17.6 82.9726 6.29
      vertex 16 82.9726 4
      vertex 16 82.9726 7.49
    endloop
  endfacet
  facet normal 1 -0 0
    outer loop
      vertex 17.6 78.9726 6.29
      vertex 17.6 82.9726 4
      vertex 17.6 82.9726 6.29
    endloop
  endfacet
  facet normal 1 0 0
    outer loop
      vertex 17.6 82.9726 4
      vertex 17.6 78.9726 6.29
      vertex 17.6 78.9726 4
    endloop
  endfacet
  facet normal 0 0 -1
    outer loop
      vertex 17.6 78.9726 6.29
      vertex 22.4 82.9726 6.29
      vertex 22.4 78.9726 6.29
    endloop
  endfacet
  facet normal -0 0 -1
    outer loop
      vertex 22.4 82.9726 6.29
      vertex 17.6 78.9726 6.29
      vertex 17.6 82.9726 6.29
    endloop
  endfacet
  facet normal -1 0 0
    outer loop
      vertex 22.4 78.9726 4
      vertex 22.4 82.9726 6.29
      vertex 22.4 82.9726 4
    endloop
  endfacet
  facet normal -1 -0 0
    outer loop
      vertex 22.4 82.9726 6.29
      vertex 22.4 78.9726 4
      vertex 22.4 78.9726 6.29
    endloop
  endfacet
  facet normal 0 0 1
    outer loop
      vertex 114.1 84.2 6.99
      vertex 112.5 82.6 6.99
      vertex 114.1 81.7 6.99
    endloop
  endfacet
  facet normal -0 0 1
    outer loop
      vertex 56.7 84.2 6.99
      vertex 112.5 82.6 6.99
      vertex 114.1 84.2 6.99
    endloop
  endfacet
  facet normal 0 0 1
    outer loop
      vertex 112.5 82.6 6.99
      vertex 56.7 84.2 6.99
      vertex 56.7 82.6 6.99
    endloop
  endfacet
  facet normal 0 0 1
    outer loop
      vertex 114.1 81.7 6.99
      vertex 112.5 82.6 6.99
      vertex 112.5 81.7 6.99
    endloop
  endfacet
  facet normal -0 0 1
    outer loop
      vertex 56.7 -55.6 6.99
      vertex 82.4 -57.2 6.99
      vertex 82.4 -55.6 6.99
    endloop
  endfacet
  facet normal 0 0 1
    outer loop
      vertex 82.4 -57.2 6.99
      vertex 56.7 -55.6 6.99
      vertex 56.7 -57.2 6.99
    endloop
  endfacet
  facet normal 0 0 0
    outer loop
      vertex 110 -55.6 6.99
      vertex 109.1 -55.6 6.99
      vertex 112.5 -55.6 6.99
    endloop
  endfacet
  facet normal 0 0 1
    outer loop
      vertex 109.1 -55.6 6.99
      vertex 87.4 -55.6 6.99
      vertex 109.1 -57.2 6.99
    endloop
  endfacet
  facet normal 0 0 0
    outer loop
      vertex 110 -55.6 6.99
      vertex 87.4 -55.6 6.99
      vertex 109.1 -55.6 6.99
    endloop
  endfacet
  facet normal 0 0 0
    outer loop
      vertex 86.5 -55.6 6.99
      vertex 87.4 -55.6 6.99
      vertex 110 -55.6 6.99
    endloop
  endfacet
  facet normal 0 0 0
    outer loop
      vertex 86.5 -55.6 6.99
      vertex 84 -55.6 6.99
      vertex 87.4 -55.6 6.99
    endloop
  endfacet
  facet normal 0 0 1
    outer loop
      vertex 109.1 -57.2 6.99
      vertex 87.4 -55.6 6.99
      vertex 87.4 -57.2 6.99
    endloop
  endfacet
  facet normal -0 0 1
    outer loop
      vertex 112.5 61.7 6.99
      vertex 114.1 1.5 6.99
      vertex 114.1 61.7 6.99
    endloop
  endfacet
  facet normal 0 0 1
    outer loop
      vertex 114.1 1.5 6.99
      vertex 112.5 61.7 6.99
      vertex 112.5 1.5 6.99
    endloop
  endfacet
  facet normal -0 0 1
    outer loop
      vertex 112.5 -3.5 6.99
      vertex 114.1 -52.2 6.99
      vertex 114.1 -3.5 6.99
    endloop
  endfacet
  facet normal 0 0 1
    outer loop
      vertex 114.1 -52.2 6.99
      vertex 112.5 -3.5 6.99
      vertex 112.5 -52.2 6.99
    endloop
  endfacet
  facet normal 0 1 -0
    outer loop
      vertex 114.1 84.2 4
      vertex 56.7 84.2 6.99
      vertex 114.1 84.2 6.99
    endloop
  endfacet
  facet normal 0 1 0
    outer loop
      vertex 56.7 84.2 6.99
      vertex 114.1 84.2 4
      vertex 56.7 84.2 4
    endloop
  endfacet
  facet normal 0 -1 0
    outer loop
      vertex 56.7 -57.2 4
      vertex 82.4 -57.2 6.99
      vertex 56.7 -57.2 6.99
    endloop
  endfacet
  facet normal 0 -1 -0
    outer loop
      vertex 82.4 -57.2 6.99
      vertex 56.7 -57.2 4
      vertex 82.4 -57.2 4
    endloop
  endfacet
  facet normal 0 -1 0
    outer loop
      vertex 87.4 -57.2 4
      vertex 109.1 -57.2 6.99
      vertex 87.4 -57.2 6.99
    endloop
  endfacet
  facet normal 0 -1 -0
    outer loop
      vertex 109.1 -57.2 6.99
      vertex 87.4 -57.2 4
      vertex 109.1 -57.2 4
    endloop
  endfacet
  facet normal -1 0 0
    outer loop
      vertex 56.7 -57.2 4
      vertex 56.7 -55.6 6.99
      vertex 56.7 -55.6 4
    endloop
  endfacet
  facet normal -1 -0 0
    outer loop
      vertex 56.7 -55.6 6.99
      vertex 56.7 -57.2 4
      vertex 56.7 -57.2 6.99
    endloop
  endfacet
  facet normal -1 0 0
    outer loop
      vertex 56.7 82.6 4
      vertex 56.7 84.2 6.99
      vertex 56.7 84.2 4
    endloop
  endfacet
  facet normal -1 -0 0
    outer loop
      vertex 56.7 84.2 6.99
      vertex 56.7 82.6 4
      vertex 56.7 82.6 6.99
    endloop
  endfacet
  facet normal 0 -1 0
    outer loop
      vertex 56.7 82.6 4
      vertex 112.5 82.6 6.99
      vertex 56.7 82.6 6.99
    endloop
  endfacet
  facet normal 0 -1 -0
    outer loop
      vertex 112.5 82.6 6.99
      vertex 56.7 82.6 4
      vertex 112.5 82.6 4
    endloop
  endfacet
  facet normal 0.970029 0.242991 0
    outer loop
      vertex 12.7502 2.53617 7.6
      vertex 12.4402 3.7737 4
      vertex 12.4402 3.7737 7.6
    endloop
  endfacet
  facet normal 0.970029 0.242991 0
    outer loop
      vertex 12.4402 3.7737 4
      vertex 12.7502 2.53617 7.6
      vertex 12.7502 2.53617 4
    endloop
  endfacet
  facet normal 0.998795 0.0490689 0
    outer loop
      vertex 13 0 7.6
      vertex 12.9374 1.27422 4
      vertex 12.9374 1.27422 7.6
    endloop
  endfacet
  facet normal 0.998795 0.0490689 0
    outer loop
      vertex 12.9374 1.27422 4
      vertex 13 0 7.6
      vertex 13 0 4
    endloop
  endfacet
  facet normal -0.998795 0.0490689 0
    outer loop
      vertex -13 0 4
      vertex -12.9374 1.27422 7.6
      vertex -12.9374 1.27422 4
    endloop
  endfacet
  facet normal -0.998795 0.0490689 0
    outer loop
      vertex -12.9374 1.27422 7.6
      vertex -13 0 4
      vertex -13 0 7.6
    endloop
  endfacet
  facet normal 0.0490689 0.998795 -0
    outer loop
      vertex 1.27422 12.9374 4
      vertex 0 13 7.6
      vertex 1.27422 12.9374 7.6
    endloop
  endfacet
  facet normal 0.0490689 0.998795 0
    outer loop
      vertex 0 13 7.6
      vertex 1.27422 12.9374 4
      vertex 0 13 4
    endloop
  endfacet
  facet normal 0.740967 0.671541 0
    outer loop
      vertex 10.0491 8.24711 7.6
      vertex 9.19239 9.19239 4
      vertex 9.19239 9.19239 7.6
    endloop
  endfacet
  facet normal 0.740967 0.671541 0
    outer loop
      vertex 9.19239 9.19239 4
      vertex 10.0491 8.24711 7.6
      vertex 10.0491 8.24711 4
    endloop
  endfacet
  facet normal -0.671541 0.740967 0
    outer loop
      vertex -8.24711 10.0491 4
      vertex -9.19239 9.19239 7.6
      vertex -8.24711 10.0491 7.6
    endloop
  endfacet
  facet normal -0.671541 0.740967 0
    outer loop
      vertex -9.19239 9.19239 7.6
      vertex -8.24711 10.0491 4
      vertex -9.19239 9.19239 4
    endloop
  endfacet
  facet normal -0.336897 0.941541 0
    outer loop
      vertex -3.7737 12.4402 4
      vertex -4.97488 12.0104 7.6
      vertex -3.7737 12.4402 7.6
    endloop
  endfacet
  facet normal -0.336897 0.941541 0
    outer loop
      vertex -4.97488 12.0104 7.6
      vertex -3.7737 12.4402 4
      vertex -4.97488 12.0104 4
    endloop
  endfacet
  facet normal -0.803196 -0.595715 0
    outer loop
      vertex -10.0491 -8.24711 4
      vertex -10.8091 -7.22241 7.6
      vertex -10.8091 -7.22241 4
    endloop
  endfacet
  facet normal -0.803196 -0.595715 0
    outer loop
      vertex -10.8091 -7.22241 7.6
      vertex -10.0491 -8.24711 4
      vertex -10.0491 -8.24711 7.6
    endloop
  endfacet
  facet normal 0.941541 0.336897 0
    outer loop
      vertex 12.4402 3.7737 7.6
      vertex 12.0104 4.97488 4
      vertex 12.0104 4.97488 7.6
    endloop
  endfacet
  facet normal 0.941541 0.336897 0
    outer loop
      vertex 12.0104 4.97488 4
      vertex 12.4402 3.7737 7.6
      vertex 12.4402 3.7737 4
    endloop
  endfacet
  facet normal 0.857718 0.514121 0
    outer loop
      vertex 11.465 6.12816 7.6
      vertex 10.8091 7.22241 4
      vertex 10.8091 7.22241 7.6
    endloop
  endfacet
  facet normal 0.857718 0.514121 0
    outer loop
      vertex 10.8091 7.22241 4
      vertex 11.465 6.12816 7.6
      vertex 11.465 6.12816 4
    endloop
  endfacet
  facet normal 0.427516 0.904008 -0
    outer loop
      vertex 6.12816 11.465 4
      vertex 4.97488 12.0104 7.6
      vertex 6.12816 11.465 7.6
    endloop
  endfacet
  facet normal 0.427516 0.904008 0
    outer loop
      vertex 4.97488 12.0104 7.6
      vertex 6.12816 11.465 4
      vertex 4.97488 12.0104 4
    endloop
  endfacet
  facet normal -0.857718 0.514121 0
    outer loop
      vertex -11.465 6.12816 4
      vertex -10.8091 7.22241 7.6
      vertex -10.8091 7.22241 4
    endloop
  endfacet
  facet normal -0.857718 0.514121 0
    outer loop
      vertex -10.8091 7.22241 7.6
      vertex -11.465 6.12816 4
      vertex -11.465 6.12816 7.6
    endloop
  endfacet
  facet normal -0.803196 0.595715 0
    outer loop
      vertex -10.8091 7.22241 4
      vertex -10.0491 8.24711 7.6
      vertex -10.0491 8.24711 4
    endloop
  endfacet
  facet normal -0.803196 0.595715 0
    outer loop
      vertex -10.0491 8.24711 7.6
      vertex -10.8091 7.22241 4
      vertex -10.8091 7.22241 7.6
    endloop
  endfacet
  facet normal 0.904008 -0.427516 0
    outer loop
      vertex 11.465 -6.12816 7.6
      vertex 12.0104 -4.97488 4
      vertex 12.0104 -4.97488 7.6
    endloop
  endfacet
  facet normal 0.904008 -0.427516 0
    outer loop
      vertex 12.0104 -4.97488 4
      vertex 11.465 -6.12816 7.6
      vertex 11.465 -6.12816 4
    endloop
  endfacet
  facet normal 0.336897 -0.941541 0
    outer loop
      vertex 3.7737 -12.4402 4
      vertex 4.97488 -12.0104 7.6
      vertex 3.7737 -12.4402 7.6
    endloop
  endfacet
  facet normal 0.336897 -0.941541 0
    outer loop
      vertex 4.97488 -12.0104 7.6
      vertex 3.7737 -12.4402 4
      vertex 4.97488 -12.0104 4
    endloop
  endfacet
  facet normal 0.740967 -0.671541 0
    outer loop
      vertex 9.19239 -9.19239 7.6
      vertex 10.0491 -8.24711 4
      vertex 10.0491 -8.24711 7.6
    endloop
  endfacet
  facet normal 0.740967 -0.671541 0
    outer loop
      vertex 10.0491 -8.24711 4
      vertex 9.19239 -9.19239 7.6
      vertex 9.19239 -9.19239 4
    endloop
  endfacet
  facet normal 0.970029 -0.242991 0
    outer loop
      vertex 12.4402 -3.7737 7.6
      vertex 12.7502 -2.53617 4
      vertex 12.7502 -2.53617 7.6
    endloop
  endfacet
  facet normal 0.970029 -0.242991 0
    outer loop
      vertex 12.7502 -2.53617 4
      vertex 12.4402 -3.7737 7.6
      vertex 12.4402 -3.7737 4
    endloop
  endfacet
  facet normal -0.336897 -0.941541 0
    outer loop
      vertex -4.97488 -12.0104 4
      vertex -3.7737 -12.4402 7.6
      vertex -4.97488 -12.0104 7.6
    endloop
  endfacet
  facet normal -0.336897 -0.941541 -0
    outer loop
      vertex -3.7737 -12.4402 7.6
      vertex -4.97488 -12.0104 4
      vertex -3.7737 -12.4402 4
    endloop
  endfacet
  facet normal -0.514121 -0.857718 0
    outer loop
      vertex -7.22241 -10.8091 4
      vertex -6.12816 -11.465 7.6
      vertex -7.22241 -10.8091 7.6
    endloop
  endfacet
  facet normal -0.514121 -0.857718 -0
    outer loop
      vertex -6.12816 -11.465 7.6
      vertex -7.22241 -10.8091 4
      vertex -6.12816 -11.465 4
    endloop
  endfacet
  facet normal 0.989176 0.146736 0
    outer loop
      vertex 12.9374 1.27422 7.6
      vertex 12.7502 2.53617 4
      vertex 12.7502 2.53617 7.6
    endloop
  endfacet
  facet normal 0.989176 0.146736 0
    outer loop
      vertex 12.7502 2.53617 4
      vertex 12.9374 1.27422 7.6
      vertex 12.9374 1.27422 4
    endloop
  endfacet
  facet normal 0.904008 0.427516 0
    outer loop
      vertex 12.0104 4.97488 7.6
      vertex 11.465 6.12816 4
      vertex 11.465 6.12816 7.6
    endloop
  endfacet
  facet normal 0.904008 0.427516 0
    outer loop
      vertex 11.465 6.12816 4
      vertex 12.0104 4.97488 7.6
      vertex 12.0104 4.97488 4
    endloop
  endfacet
  facet normal 0.242991 0.970029 -0
    outer loop
      vertex 3.7737 12.4402 4
      vertex 2.53617 12.7502 7.6
      vertex 3.7737 12.4402 7.6
    endloop
  endfacet
  facet normal 0.242991 0.970029 0
    outer loop
      vertex 2.53617 12.7502 7.6
      vertex 3.7737 12.4402 4
      vertex 2.53617 12.7502 4
    endloop
  endfacet
  facet normal 0.671541 0.740967 -0
    outer loop
      vertex 9.19239 9.19239 4
      vertex 8.24711 10.0491 7.6
      vertex 9.19239 9.19239 7.6
    endloop
  endfacet
  facet normal 0.671541 0.740967 0
    outer loop
      vertex 8.24711 10.0491 7.6
      vertex 9.19239 9.19239 4
      vertex 8.24711 10.0491 4
    endloop
  endfacet
  facet normal 0.595715 0.803196 -0
    outer loop
      vertex 8.24711 10.0491 4
      vertex 7.22241 10.8091 7.6
      vertex 8.24711 10.0491 7.6
    endloop
  endfacet
  facet normal 0.595715 0.803196 0
    outer loop
      vertex 7.22241 10.8091 7.6
      vertex 8.24711 10.0491 4
      vertex 7.22241 10.8091 4
    endloop
  endfacet
  facet normal -0.904008 0.427516 0
    outer loop
      vertex -12.0104 4.97488 4
      vertex -11.465 6.12816 7.6
      vertex -11.465 6.12816 4
    endloop
  endfacet
  facet normal -0.904008 0.427516 0
    outer loop
      vertex -11.465 6.12816 7.6
      vertex -12.0104 4.97488 4
      vertex -12.0104 4.97488 7.6
    endloop
  endfacet
  facet normal -0.970029 0.242991 0
    outer loop
      vertex -12.7502 2.53617 4
      vertex -12.4402 3.7737 7.6
      vertex -12.4402 3.7737 4
    endloop
  endfacet
  facet normal -0.970029 0.242991 0
    outer loop
      vertex -12.4402 3.7737 7.6
      vertex -12.7502 2.53617 4
      vertex -12.7502 2.53617 7.6
    endloop
  endfacet
  facet normal -0.514121 0.857718 0
    outer loop
      vertex -6.12816 11.465 4
      vertex -7.22241 10.8091 7.6
      vertex -6.12816 11.465 7.6
    endloop
  endfacet
  facet normal -0.514121 0.857718 0
    outer loop
      vertex -7.22241 10.8091 7.6
      vertex -6.12816 11.465 4
      vertex -7.22241 10.8091 4
    endloop
  endfacet
  facet normal -0.0490689 0.998795 0
    outer loop
      vertex 0 13 4
      vertex -1.27422 12.9374 7.6
      vertex 0 13 7.6
    endloop
  endfacet
  facet normal -0.0490689 0.998795 0
    outer loop
      vertex -1.27422 12.9374 7.6
      vertex 0 13 4
      vertex -1.27422 12.9374 4
    endloop
  endfacet
  facet normal -0.146736 0.989176 0
    outer loop
      vertex -1.27422 12.9374 4
      vertex -2.53617 12.7502 7.6
      vertex -1.27422 12.9374 7.6
    endloop
  endfacet
  facet normal -0.146736 0.989176 0
    outer loop
      vertex -2.53617 12.7502 7.6
      vertex -1.27422 12.9374 4
      vertex -2.53617 12.7502 4
    endloop
  endfacet
  facet normal 0.242991 -0.970029 0
    outer loop
      vertex 2.53617 -12.7502 4
      vertex 3.7737 -12.4402 7.6
      vertex 2.53617 -12.7502 7.6
    endloop
  endfacet
  facet normal 0.242991 -0.970029 0
    outer loop
      vertex 3.7737 -12.4402 7.6
      vertex 2.53617 -12.7502 4
      vertex 3.7737 -12.4402 4
    endloop
  endfacet
  facet normal 0.514121 -0.857718 0
    outer loop
      vertex 6.12816 -11.465 4
      vertex 7.22241 -10.8091 7.6
      vertex 6.12816 -11.465 7.6
    endloop
  endfacet
  facet normal 0.514121 -0.857718 0
    outer loop
      vertex 7.22241 -10.8091 7.6
      vertex 6.12816 -11.465 4
      vertex 7.22241 -10.8091 4
    endloop
  endfacet
  facet normal 0.671541 -0.740967 0
    outer loop
      vertex 8.24711 -10.0491 4
      vertex 9.19239 -9.19239 7.6
      vertex 8.24711 -10.0491 7.6
    endloop
  endfacet
  facet normal 0.671541 -0.740967 0
    outer loop
      vertex 9.19239 -9.19239 7.6
      vertex 8.24711 -10.0491 4
      vertex 9.19239 -9.19239 4
    endloop
  endfacet
  facet normal 0.803196 -0.595715 0
    outer loop
      vertex 10.0491 -8.24711 7.6
      vertex 10.8091 -7.22241 4
      vertex 10.8091 -7.22241 7.6
    endloop
  endfacet
  facet normal 0.803196 -0.595715 0
    outer loop
      vertex 10.8091 -7.22241 4
      vertex 10.0491 -8.24711 7.6
      vertex 10.0491 -8.24711 4
    endloop
  endfacet
  facet normal 0.857718 -0.514121 0
    outer loop
      vertex 10.8091 -7.22241 7.6
      vertex 11.465 -6.12816 4
      vertex 11.465 -6.12816 7.6
    endloop
  endfacet
  facet normal 0.857718 -0.514121 0
    outer loop
      vertex 11.465 -6.12816 4
      vertex 10.8091 -7.22241 7.6
      vertex 10.8091 -7.22241 4
    endloop
  endfacet
  facet normal -0.146736 -0.989176 0
    outer loop
      vertex -2.53617 -12.7502 4
      vertex -1.27422 -12.9374 7.6
      vertex -2.53617 -12.7502 7.6
    endloop
  endfacet
  facet normal -0.146736 -0.989176 -0
    outer loop
      vertex -1.27422 -12.9374 7.6
      vertex -2.53617 -12.7502 4
      vertex -1.27422 -12.9374 4
    endloop
  endfacet
  facet normal -0.671541 -0.740967 0
    outer loop
      vertex -9.19239 -9.19239 4
      vertex -8.24711 -10.0491 7.6
      vertex -9.19239 -9.19239 7.6
    endloop
  endfacet
  facet normal -0.671541 -0.740967 -0
    outer loop
      vertex -8.24711 -10.0491 7.6
      vertex -9.19239 -9.19239 4
      vertex -8.24711 -10.0491 4
    endloop
  endfacet
  facet normal -0.0490689 -0.998795 0
    outer loop
      vertex -1.27422 -12.9374 4
      vertex 0 -13 7.6
      vertex -1.27422 -12.9374 7.6
    endloop
  endfacet
  facet normal -0.0490689 -0.998795 -0
    outer loop
      vertex 0 -13 7.6
      vertex -1.27422 -12.9374 4
      vertex 0 -13 4
    endloop
  endfacet
  facet normal -0.595715 -0.803196 0
    outer loop
      vertex -8.24711 -10.0491 4
      vertex -7.22241 -10.8091 7.6
      vertex -8.24711 -10.0491 7.6
    endloop
  endfacet
  facet normal -0.595715 -0.803196 -0
    outer loop
      vertex -7.22241 -10.8091 7.6
      vertex -8.24711 -10.0491 4
      vertex -7.22241 -10.8091 4
    endloop
  endfacet
  facet normal -0.740967 -0.671541 0
    outer loop
      vertex -9.19239 -9.19239 4
      vertex -10.0491 -8.24711 7.6
      vertex -10.0491 -8.24711 4
    endloop
  endfacet
  facet normal -0.740967 -0.671541 0
    outer loop
      vertex -10.0491 -8.24711 7.6
      vertex -9.19239 -9.19239 4
      vertex -9.19239 -9.19239 7.6
    endloop
  endfacet
  facet normal -0.904008 -0.427516 0
    outer loop
      vertex -11.465 -6.12816 4
      vertex -12.0104 -4.97488 7.6
      vertex -12.0104 -4.97488 4
    endloop
  endfacet
  facet normal -0.904008 -0.427516 0
    outer loop
      vertex -12.0104 -4.97488 7.6
      vertex -11.465 -6.12816 4
      vertex -11.465 -6.12816 7.6
    endloop
  endfacet
  facet normal -0.970029 -0.242991 0
    outer loop
      vertex -12.4402 -3.7737 4
      vertex -12.7502 -2.53617 7.6
      vertex -12.7502 -2.53617 4
    endloop
  endfacet
  facet normal -0.970029 -0.242991 0
    outer loop
      vertex -12.7502 -2.53617 7.6
      vertex -12.4402 -3.7737 4
      vertex -12.4402 -3.7737 7.6
    endloop
  endfacet
  facet normal -0.998795 -0.0490689 0
    outer loop
      vertex -12.9374 -1.27422 4
      vertex -13 0 7.6
      vertex -13 0 4
    endloop
  endfacet
  facet normal -0.998795 -0.0490689 0
    outer loop
      vertex -13 0 7.6
      vertex -12.9374 -1.27422 4
      vertex -12.9374 -1.27422 7.6
    endloop
  endfacet
  facet normal 0.803196 0.595715 0
    outer loop
      vertex 10.8091 7.22241 7.6
      vertex 10.0491 8.24711 4
      vertex 10.0491 8.24711 7.6
    endloop
  endfacet
  facet normal 0.803196 0.595715 0
    outer loop
      vertex 10.0491 8.24711 4
      vertex 10.8091 7.22241 7.6
      vertex 10.8091 7.22241 4
    endloop
  endfacet
  facet normal 0.146736 0.989176 -0
    outer loop
      vertex 2.53617 12.7502 4
      vertex 1.27422 12.9374 7.6
      vertex 2.53617 12.7502 7.6
    endloop
  endfacet
  facet normal 0.146736 0.989176 0
    outer loop
      vertex 1.27422 12.9374 7.6
      vertex 2.53617 12.7502 4
      vertex 1.27422 12.9374 4
    endloop
  endfacet
  facet normal 0.336897 0.941541 -0
    outer loop
      vertex 4.97488 12.0104 4
      vertex 3.7737 12.4402 7.6
      vertex 4.97488 12.0104 7.6
    endloop
  endfacet
  facet normal 0.336897 0.941541 0
    outer loop
      vertex 3.7737 12.4402 7.6
      vertex 4.97488 12.0104 4
      vertex 3.7737 12.4402 4
    endloop
  endfacet
  facet normal 0.514121 0.857718 -0
    outer loop
      vertex 7.22241 10.8091 4
      vertex 6.12816 11.465 7.6
      vertex 7.22241 10.8091 7.6
    endloop
  endfacet
  facet normal 0.514121 0.857718 0
    outer loop
      vertex 6.12816 11.465 7.6
      vertex 7.22241 10.8091 4
      vertex 6.12816 11.465 4
    endloop
  endfacet
  facet normal -0.740967 0.671541 0
    outer loop
      vertex -10.0491 8.24711 4
      vertex -9.19239 9.19239 7.6
      vertex -9.19239 9.19239 4
    endloop
  endfacet
  facet normal -0.740967 0.671541 0
    outer loop
      vertex -9.19239 9.19239 7.6
      vertex -10.0491 8.24711 4
      vertex -10.0491 8.24711 7.6
    endloop
  endfacet
  facet normal 0 0 1
    outer loop
      vertex 7.62102 0 7.6
      vertex 13 0 7.6
      vertex 12.9374 1.27422 7.6
    endloop
  endfacet
  facet normal 0 0 1
    outer loop
      vertex 7.62102 0 7.6
      vertex 12.9374 1.27422 7.6
      vertex 12.7502 2.53617 7.6
    endloop
  endfacet
  facet normal 0 0 1
    outer loop
      vertex 13 0 7.6
      vertex 7.62102 0 7.6
      vertex 12.9374 -1.27422 7.6
    endloop
  endfacet
  facet normal 0 0 1
    outer loop
      vertex 7.62102 0 7.6
      vertex 12.7502 2.53617 7.6
      vertex 12.4402 3.7737 7.6
    endloop
  endfacet
  facet normal 0 0 1
    outer loop
      vertex 12.9374 -1.27422 7.6
      vertex 7.62102 0 7.6
      vertex 12.7502 -2.53617 7.6
    endloop
  endfacet
  facet normal 0 0 1
    outer loop
      vertex 7.62102 0 7.6
      vertex 12.4402 3.7737 7.6
      vertex 12.0104 4.97488 7.6
    endloop
  endfacet
  facet normal 0 0 1
    outer loop
      vertex 12.7502 -2.53617 7.6
      vertex 7.62102 0 7.6
      vertex 12.4402 -3.7737 7.6
    endloop
  endfacet
  facet normal 0 0 1
    outer loop
      vertex 7.62102 0 7.6
      vertex 12.0104 4.97488 7.6
      vertex 11.465 6.12816 7.6
    endloop
  endfacet
  facet normal 0 0 1
    outer loop
      vertex 12.4402 -3.7737 7.6
      vertex 7.62102 0 7.6
      vertex 12.0104 -4.97488 7.6
    endloop
  endfacet
  facet normal -0 0 1
    outer loop
      vertex 3.81051 6.6 7.6
      vertex 11.465 6.12816 7.6
      vertex 10.8091 7.22241 7.6
    endloop
  endfacet
  facet normal 0 0 1
    outer loop
      vertex 12.0104 -4.97488 7.6
      vertex 7.62102 0 7.6
      vertex 11.465 -6.12816 7.6
    endloop
  endfacet
  facet normal 0 0 1
    outer loop
      vertex 3.81051 6.6 7.6
      vertex 10.8091 7.22241 7.6
      vertex 10.0491 8.24711 7.6
    endloop
  endfacet
  facet normal 0 0 1
    outer loop
      vertex 3.81051 -6.6 7.6
      vertex 11.465 -6.12816 7.6
      vertex 7.62102 0 7.6
    endloop
  endfacet
  facet normal 0 0 1
    outer loop
      vertex 3.81051 6.6 7.6
      vertex 10.0491 8.24711 7.6
      vertex 9.19239 9.19239 7.6
    endloop
  endfacet
  facet normal 0 0 1
    outer loop
      vertex 11.465 -6.12816 7.6
      vertex 3.81051 -6.6 7.6
      vertex 10.8091 -7.22241 7.6
    endloop
  endfacet
  facet normal 0 0 1
    outer loop
      vertex 3.81051 6.6 7.6
      vertex 9.19239 9.19239 7.6
      vertex 8.24711 10.0491 7.6
    endloop
  endfacet
  facet normal 0 0 1
    outer loop
      vertex 10.8091 -7.22241 7.6
      vertex 3.81051 -6.6 7.6
      vertex 10.0491 -8.24711 7.6
    endloop
  endfacet
  facet normal 0 0 1
    outer loop
      vertex 10.0491 -8.24711 7.6
      vertex 3.81051 -6.6 7.6
      vertex 9.19239 -9.19239 7.6
    endloop
  endfacet
  facet normal 0 0 1
    outer loop
      vertex 3.81051 6.6 7.6
      vertex 8.24711 10.0491 7.6
      vertex 7.22241 10.8091 7.6
    endloop
  endfacet
  facet normal 0 0 1
    outer loop
      vertex 3.81051 6.6 7.6
      vertex 7.22241 10.8091 7.6
      vertex 6.12816 11.465 7.6
    endloop
  endfacet
  facet normal 0 0 1
    outer loop
      vertex 3.81051 6.6 7.6
      vertex 6.12816 11.465 7.6
      vertex 4.97488 12.0104 7.6
    endloop
  endfacet
  facet normal 0 0 1
    outer loop
      vertex 11.465 6.12816 7.6
      vertex 3.81051 6.6 7.6
      vertex 7.62102 0 7.6
    endloop
  endfacet
  facet normal 0 0 1
    outer loop
      vertex 3.7737 12.4402 7.6
      vertex 3.81051 6.6 7.6
      vertex 4.97488 12.0104 7.6
    endloop
  endfacet
  facet normal 0 0 1
    outer loop
      vertex 2.53617 12.7502 7.6
      vertex 3.81051 6.6 7.6
      vertex 3.7737 12.4402 7.6
    endloop
  endfacet
  facet normal 0 0 1
    outer loop
      vertex 1.27422 12.9374 7.6
      vertex 3.81051 6.6 7.6
      vertex 2.53617 12.7502 7.6
    endloop
  endfacet
  facet normal 0 0 1
    outer loop
      vertex 0 13 7.6
      vertex 3.81051 6.6 7.6
      vertex 1.27422 12.9374 7.6
    endloop
  endfacet
  facet normal 0 0 1
    outer loop
      vertex -3.81051 6.6 7.6
      vertex 0 13 7.6
      vertex -1.27422 12.9374 7.6
    endloop
  endfacet
  facet normal 0 0 1
    outer loop
      vertex -3.81051 6.6 7.6
      vertex -1.27422 12.9374 7.6
      vertex -2.53617 12.7502 7.6
    endloop
  endfacet
  facet normal 0 0 1
    outer loop
      vertex -3.81051 6.6 7.6
      vertex -2.53617 12.7502 7.6
      vertex -3.7737 12.4402 7.6
    endloop
  endfacet
  facet normal 0 0 1
    outer loop
      vertex 0 13 7.6
      vertex -3.81051 6.6 7.6
      vertex 3.81051 6.6 7.6
    endloop
  endfacet
  facet normal -0 0 1
    outer loop
      vertex -4.97488 12.0104 7.6
      vertex -3.81051 6.6 7.6
      vertex -3.7737 12.4402 7.6
    endloop
  endfacet
  facet normal -0 0 1
    outer loop
      vertex -6.12816 11.465 7.6
      vertex -3.81051 6.6 7.6
      vertex -4.97488 12.0104 7.6
    endloop
  endfacet
  facet normal -0 0 1
    outer loop
      vertex -7.22241 10.8091 7.6
      vertex -3.81051 6.6 7.6
      vertex -6.12816 11.465 7.6
    endloop
  endfacet
  facet normal -0 0 1
    outer loop
      vertex -8.24711 10.0491 7.6
      vertex -3.81051 6.6 7.6
      vertex -7.22241 10.8091 7.6
    endloop
  endfacet
  facet normal -0 0 1
    outer loop
      vertex -9.19239 9.19239 7.6
      vertex -3.81051 6.6 7.6
      vertex -8.24711 10.0491 7.6
    endloop
  endfacet
  facet normal 0 0 1
    outer loop
      vertex 9.19239 -9.19239 7.6
      vertex 3.81051 -6.6 7.6
      vertex 8.24711 -10.0491 7.6
    endloop
  endfacet
  facet normal 0 0 1
    outer loop
      vertex 8.24711 -10.0491 7.6
      vertex 3.81051 -6.6 7.6
      vertex 7.22241 -10.8091 7.6
    endloop
  endfacet
  facet normal 0 0 1
    outer loop
      vertex 7.22241 -10.8091 7.6
      vertex 3.81051 -6.6 7.6
      vertex 6.12816 -11.465 7.6
    endloop
  endfacet
  facet normal 0 0 1
    outer loop
      vertex 6.12816 -11.465 7.6
      vertex 3.81051 -6.6 7.6
      vertex 4.97488 -12.0104 7.6
    endloop
  endfacet
  facet normal 0 0 1
    outer loop
      vertex 3.81051 -6.6 7.6
      vertex 3.7737 -12.4402 7.6
      vertex 4.97488 -12.0104 7.6
    endloop
  endfacet
  facet normal 0 0 1
    outer loop
      vertex 3.81051 -6.6 7.6
      vertex 2.53617 -12.7502 7.6
      vertex 3.7737 -12.4402 7.6
    endloop
  endfacet
  facet normal 0 0 1
    outer loop
      vertex 3.81051 -6.6 7.6
      vertex 1.27422 -12.9374 7.6
      vertex 2.53617 -12.7502 7.6
    endloop
  endfacet
  facet normal 0 0 1
    outer loop
      vertex 3.81051 -6.6 7.6
      vertex 0 -13 7.6
      vertex 1.27422 -12.9374 7.6
    endloop
  endfacet
  facet normal -0 0 1
    outer loop
      vertex -3.81051 -6.6 7.6
      vertex 0 -13 7.6
      vertex 3.81051 -6.6 7.6
    endloop
  endfacet
  facet normal 0 0 1
    outer loop
      vertex 0 -13 7.6
      vertex -3.81051 -6.6 7.6
      vertex -1.27422 -12.9374 7.6
    endloop
  endfacet
  facet normal 0 0 1
    outer loop
      vertex -1.27422 -12.9374 7.6
      vertex -3.81051 -6.6 7.6
      vertex -2.53617 -12.7502 7.6
    endloop
  endfacet
  facet normal 0 0 1
    outer loop
      vertex -2.53617 -12.7502 7.6
      vertex -3.81051 -6.6 7.6
      vertex -3.7737 -12.4402 7.6
    endloop
  endfacet
  facet normal 0 0 1
    outer loop
      vertex -3.81051 -6.6 7.6
      vertex -4.97488 -12.0104 7.6
      vertex -3.7737 -12.4402 7.6
    endloop
  endfacet
  facet normal 0 0 1
    outer loop
      vertex -3.81051 -6.6 7.6
      vertex -6.12816 -11.465 7.6
      vertex -4.97488 -12.0104 7.6
    endloop
  endfacet
  facet normal 0 0 1
    outer loop
      vertex -3.81051 -6.6 7.6
      vertex -7.22241 -10.8091 7.6
      vertex -6.12816 -11.465 7.6
    endloop
  endfacet
  facet normal -0 0 1
    outer loop
      vertex -11.465 -6.12816 7.6
      vertex -3.81051 -6.6 7.6
      vertex -7.62102 0 7.6
    endloop
  endfacet
  facet normal -0 0 1
    outer loop
      vertex -10.0491 8.24711 7.6
      vertex -3.81051 6.6 7.6
      vertex -9.19239 9.19239 7.6
    endloop
  endfacet
  facet normal 0 0 1
    outer loop
      vertex -3.81051 -6.6 7.6
      vertex -8.24711 -10.0491 7.6
      vertex -7.22241 -10.8091 7.6
    endloop
  endfacet
  facet normal -0 0 1
    outer loop
      vertex -10.8091 7.22241 7.6
      vertex -3.81051 6.6 7.6
      vertex -10.0491 8.24711 7.6
    endloop
  endfacet
  facet normal 0 0 1
    outer loop
      vertex -3.81051 -6.6 7.6
      vertex -9.19239 -9.19239 7.6
      vertex -8.24711 -10.0491 7.6
    endloop
  endfacet
  facet normal 0 0 1
    outer loop
      vertex -11.465 6.12816 7.6
      vertex -3.81051 6.6 7.6
      vertex -10.8091 7.22241 7.6
    endloop
  endfacet
  facet normal 0 0 1
    outer loop
      vertex -3.81051 -6.6 7.6
      vertex -10.0491 -8.24711 7.6
      vertex -9.19239 -9.19239 7.6
    endloop
  endfacet
  facet normal 0 0 1
    outer loop
      vertex -3.81051 6.6 7.6
      vertex -11.465 6.12816 7.6
      vertex -7.62102 0 7.6
    endloop
  endfacet
  facet normal 0 0 1
    outer loop
      vertex -3.81051 -6.6 7.6
      vertex -10.8091 -7.22241 7.6
      vertex -10.0491 -8.24711 7.6
    endloop
  endfacet
  facet normal -0 0 1
    outer loop
      vertex -12.0104 4.97488 7.6
      vertex -7.62102 0 7.6
      vertex -11.465 6.12816 7.6
    endloop
  endfacet
  facet normal 0 0 1
    outer loop
      vertex -3.81051 -6.6 7.6
      vertex -11.465 -6.12816 7.6
      vertex -10.8091 -7.22241 7.6
    endloop
  endfacet
  facet normal -0 0 1
    outer loop
      vertex -12.4402 3.7737 7.6
      vertex -7.62102 0 7.6
      vertex -12.0104 4.97488 7.6
    endloop
  endfacet
  facet normal 0 0 1
    outer loop
      vertex -7.62102 0 7.6
      vertex -12.0104 -4.97488 7.6
      vertex -11.465 -6.12816 7.6
    endloop
  endfacet
  facet normal -0 0 1
    outer loop
      vertex -12.7502 2.53617 7.6
      vertex -7.62102 0 7.6
      vertex -12.4402 3.7737 7.6
    endloop
  endfacet
  facet normal 0 0 1
    outer loop
      vertex -7.62102 0 7.6
      vertex -12.4402 -3.7737 7.6
      vertex -12.0104 -4.97488 7.6
    endloop
  endfacet
  facet normal -0 0 1
    outer loop
      vertex -12.9374 1.27422 7.6
      vertex -7.62102 0 7.6
      vertex -12.7502 2.53617 7.6
    endloop
  endfacet
  facet normal 0 0 1
    outer loop
      vertex -7.62102 0 7.6
      vertex -12.7502 -2.53617 7.6
      vertex -12.4402 -3.7737 7.6
    endloop
  endfacet
  facet normal 0 0 1
    outer loop
      vertex -13 0 7.6
      vertex -7.62102 0 7.6
      vertex -12.9374 1.27422 7.6
    endloop
  endfacet
  facet normal 0 0 1
    outer loop
      vertex -7.62102 0 7.6
      vertex -12.9374 -1.27422 7.6
      vertex -12.7502 -2.53617 7.6
    endloop
  endfacet
  facet normal 0 0 1
    outer loop
      vertex -7.62102 0 7.6
      vertex -13 0 7.6
      vertex -12.9374 -1.27422 7.6
    endloop
  endfacet
  facet normal -0.989176 0.146736 0
    outer loop
      vertex -12.9374 1.27422 4
      vertex -12.7502 2.53617 7.6
      vertex -12.7502 2.53617 4
    endloop
  endfacet
  facet normal -0.989176 0.146736 0
    outer loop
      vertex -12.7502 2.53617 7.6
      vertex -12.9374 1.27422 4
      vertex -12.9374 1.27422 7.6
    endloop
  endfacet
  facet normal -0.941541 0.336897 0
    outer loop
      vertex -12.4402 3.7737 4
      vertex -12.0104 4.97488 7.6
      vertex -12.0104 4.97488 4
    endloop
  endfacet
  facet normal -0.941541 0.336897 0
    outer loop
      vertex -12.0104 4.97488 7.6
      vertex -12.4402 3.7737 4
      vertex -12.4402 3.7737 7.6
    endloop
  endfacet
  facet normal -0.595715 0.803196 0
    outer loop
      vertex -7.22241 10.8091 4
      vertex -8.24711 10.0491 7.6
      vertex -7.22241 10.8091 7.6
    endloop
  endfacet
  facet normal -0.595715 0.803196 0
    outer loop
      vertex -8.24711 10.0491 7.6
      vertex -7.22241 10.8091 4
      vertex -8.24711 10.0491 4
    endloop
  endfacet
  facet normal -0.427516 0.904008 0
    outer loop
      vertex -4.97488 12.0104 4
      vertex -6.12816 11.465 7.6
      vertex -4.97488 12.0104 7.6
    endloop
  endfacet
  facet normal -0.427516 0.904008 0
    outer loop
      vertex -6.12816 11.465 7.6
      vertex -4.97488 12.0104 4
      vertex -6.12816 11.465 4
    endloop
  endfacet
  facet normal -0.242991 0.970029 0
    outer loop
      vertex -2.53617 12.7502 4
      vertex -3.7737 12.4402 7.6
      vertex -2.53617 12.7502 7.6
    endloop
  endfacet
  facet normal -0.242991 0.970029 0
    outer loop
      vertex -3.7737 12.4402 7.6
      vertex -2.53617 12.7502 4
      vertex -3.7737 12.4402 4
    endloop
  endfacet
  facet normal 0.0490689 -0.998795 0
    outer loop
      vertex 0 -13 4
      vertex 1.27422 -12.9374 7.6
      vertex 0 -13 7.6
    endloop
  endfacet
  facet normal 0.0490689 -0.998795 0
    outer loop
      vertex 1.27422 -12.9374 7.6
      vertex 0 -13 4
      vertex 1.27422 -12.9374 4
    endloop
  endfacet
  facet normal 0.427516 -0.904008 0
    outer loop
      vertex 4.97488 -12.0104 4
      vertex 6.12816 -11.465 7.6
      vertex 4.97488 -12.0104 7.6
    endloop
  endfacet
  facet normal 0.427516 -0.904008 0
    outer loop
      vertex 6.12816 -11.465 7.6
      vertex 4.97488 -12.0104 4
      vertex 6.12816 -11.465 4
    endloop
  endfacet
  facet normal 0.595715 -0.803196 0
    outer loop
      vertex 7.22241 -10.8091 4
      vertex 8.24711 -10.0491 7.6
      vertex 7.22241 -10.8091 7.6
    endloop
  endfacet
  facet normal 0.595715 -0.803196 0
    outer loop
      vertex 8.24711 -10.0491 7.6
      vertex 7.22241 -10.8091 4
      vertex 8.24711 -10.0491 4
    endloop
  endfacet
  facet normal 0.941541 -0.336897 0
    outer loop
      vertex 12.0104 -4.97488 7.6
      vertex 12.4402 -3.7737 4
      vertex 12.4402 -3.7737 7.6
    endloop
  endfacet
  facet normal 0.941541 -0.336897 0
    outer loop
      vertex 12.4402 -3.7737 4
      vertex 12.0104 -4.97488 7.6
      vertex 12.0104 -4.97488 4
    endloop
  endfacet
  facet normal 0.989176 -0.146736 0
    outer loop
      vertex 12.7502 -2.53617 7.6
      vertex 12.9374 -1.27422 4
      vertex 12.9374 -1.27422 7.6
    endloop
  endfacet
  facet normal 0.989176 -0.146736 0
    outer loop
      vertex 12.9374 -1.27422 4
      vertex 12.7502 -2.53617 7.6
      vertex 12.7502 -2.53617 4
    endloop
  endfacet
  facet normal 0.998795 -0.0490689 0
    outer loop
      vertex 12.9374 -1.27422 7.6
      vertex 13 0 4
      vertex 13 0 7.6
    endloop
  endfacet
  facet normal 0.998795 -0.0490689 0
    outer loop
      vertex 13 0 4
      vertex 12.9374 -1.27422 7.6
      vertex 12.9374 -1.27422 4
    endloop
  endfacet
  facet normal -0.242991 -0.970029 0
    outer loop
      vertex -3.7737 -12.4402 4
      vertex -2.53617 -12.7502 7.6
      vertex -3.7737 -12.4402 7.6
    endloop
  endfacet
  facet normal -0.242991 -0.970029 -0
    outer loop
      vertex -2.53617 -12.7502 7.6
      vertex -3.7737 -12.4402 4
      vertex -2.53617 -12.7502 4
    endloop
  endfacet
  facet normal -0.427516 -0.904008 0
    outer loop
      vertex -6.12816 -11.465 4
      vertex -4.97488 -12.0104 7.6
      vertex -6.12816 -11.465 7.6
    endloop
  endfacet
  facet normal -0.427516 -0.904008 -0
    outer loop
      vertex -4.97488 -12.0104 7.6
      vertex -6.12816 -11.465 4
      vertex -4.97488 -12.0104 4
    endloop
  endfacet
  facet normal -0.857718 -0.514121 0
    outer loop
      vertex -10.8091 -7.22241 4
      vertex -11.465 -6.12816 7.6
      vertex -11.465 -6.12816 4
    endloop
  endfacet
  facet normal -0.857718 -0.514121 0
    outer loop
      vertex -11.465 -6.12816 7.6
      vertex -10.8091 -7.22241 4
      vertex -10.8091 -7.22241 7.6
    endloop
  endfacet
  facet normal -0.989176 -0.146736 0
    outer loop
      vertex -12.7502 -2.53617 4
      vertex -12.9374 -1.27422 7.6
      vertex -12.9374 -1.27422 4
    endloop
  endfacet
  facet normal -0.989176 -0.146736 0
    outer loop
      vertex -12.9374 -1.27422 7.6
      vertex -12.7502 -2.53617 4
      vertex -12.7502 -2.53617 7.6
    endloop
  endfacet
  facet normal -0.941541 -0.336897 0
    outer loop
      vertex -12.0104 -4.97488 4
      vertex -12.4402 -3.7737 7.6
      vertex -12.4402 -3.7737 4
    endloop
  endfacet
  facet normal -0.941541 -0.336897 0
    outer loop
      vertex -12.4402 -3.7737 7.6
      vertex -12.0104 -4.97488 4
      vertex -12.0104 -4.97488 7.6
    endloop
  endfacet
  facet normal 0.146736 -0.989176 0
    outer loop
      vertex 1.27422 -12.9374 4
      vertex 2.53617 -12.7502 7.6
      vertex 1.27422 -12.9374 7.6
    endloop
  endfacet
  facet normal 0.146736 -0.989176 0
    outer loop
      vertex 2.53617 -12.7502 7.6
      vertex 1.27422 -12.9374 4
      vertex 2.53617 -12.7502 4
    endloop
  endfacet
  facet normal 0.998796 0.0490583 0
    outer loop
      vertex -52.9389 51.6548 30.99
      vertex -52.9837 52.5669 4
      vertex -52.9837 52.5669 30.99
    endloop
  endfacet
  facet normal 0.998796 0.0490583 0
    outer loop
      vertex -52.9837 52.5669 4
      vertex -52.9389 51.6548 30.99
      vertex -52.9389 51.6548 4
    endloop
  endfacet
  facet normal -0.0490583 0.998796 0
    outer loop
      vertex -62.2444 60.9604 4
      vertex -63.1565 60.9156 30.99
      vertex -62.2444 60.9604 30.99
    endloop
  endfacet
  facet normal -0.0490583 0.998796 0
    outer loop
      vertex -63.1565 60.9156 30.99
      vertex -62.2444 60.9604 4
      vertex -63.1565 60.9156 4
    endloop
  endfacet
  facet normal 0.671544 0.740965 -0
    outer loop
      vertex -55.6644 58.2348 4
      vertex -56.3411 58.8481 30.99
      vertex -55.6644 58.2348 30.99
    endloop
  endfacet
  facet normal 0.671544 0.740965 0
    outer loop
      vertex -56.3411 58.8481 30.99
      vertex -55.6644 58.2348 4
      vertex -56.3411 58.8481 4
    endloop
  endfacet
  facet normal -0.74097 0.671538 0
    outer loop
      vertex -69.4377 57.5582 4
      vertex -68.8245 58.2348 30.99
      vertex -68.8245 58.2348 4
    endloop
  endfacet
  facet normal -0.74097 0.671538 0
    outer loop
      vertex -68.8245 58.2348 30.99
      vertex -69.4377 57.5582 4
      vertex -69.4377 57.5582 30.99
    endloop
  endfacet
  facet normal -0.427484 0.904023 0
    outer loop
      vertex -65.8055 60.252 4
      vertex -66.6311 59.8616 30.99
      vertex -65.8055 60.252 30.99
    endloop
  endfacet
  facet normal -0.427484 0.904023 0
    outer loop
      vertex -66.6311 59.8616 30.99
      vertex -65.8055 60.252 4
      vertex -66.6311 59.8616 4
    endloop
  endfacet
  facet normal -0.941571 -0.336815 0
    outer loop
      vertex -70.8417 48.0937 4
      vertex -71.1493 48.9536 30.99
      vertex -71.1493 48.9536 4
    endloop
  endfacet
  facet normal -0.941571 -0.336815 0
    outer loop
      vertex -71.1493 48.9536 30.99
      vertex -70.8417 48.0937 4
      vertex -70.8417 48.0937 30.99
    endloop
  endfacet
  facet normal 0.903961 0.427616 0
    outer loop
      vertex -53.6472 55.2159 30.99
      vertex -54.0377 56.0414 4
      vertex -54.0377 56.0414 30.99
    endloop
  endfacet
  facet normal 0.903961 0.427616 0
    outer loop
      vertex -54.0377 56.0414 4
      vertex -53.6472 55.2159 30.99
      vertex -53.6472 55.2159 4
    endloop
  endfacet
  facet normal 0.336947 0.941524 -0
    outer loop
      vertex -58.6834 60.252 4
      vertex -59.5432 60.5597 30.99
      vertex -58.6834 60.252 30.99
    endloop
  endfacet
  facet normal 0.336947 0.941524 0
    outer loop
      vertex -59.5432 60.5597 30.99
      vertex -58.6834 60.252 4
      vertex -59.5432 60.5597 4
    endloop
  endfacet
  facet normal -0.903961 0.427616 0
    outer loop
      vertex -70.8417 55.2159 4
      vertex -70.4512 56.0414 30.99
      vertex -70.4512 56.0414 4
    endloop
  endfacet
  facet normal -0.903961 0.427616 0
    outer loop
      vertex -70.4512 56.0414 30.99
      vertex -70.8417 55.2159 4
      vertex -70.8417 55.2159 30.99
    endloop
  endfacet
  facet normal -0.857725 0.514109 0
    outer loop
      vertex -70.4512 56.0414 4
      vertex -69.9817 56.8247 30.99
      vertex -69.9817 56.8247 4
    endloop
  endfacet
  facet normal -0.857725 0.514109 0
    outer loop
      vertex -69.9817 56.8247 30.99
      vertex -70.4512 56.0414 4
      vertex -70.4512 56.0414 30.99
    endloop
  endfacet
  facet normal -0.242999 0.970026 0
    outer loop
      vertex -64.0599 60.7816 4
      vertex -64.9457 60.5597 30.99
      vertex -64.0599 60.7816 30.99
    endloop
  endfacet
  facet normal -0.242999 0.970026 0
    outer loop
      vertex -64.9457 60.5597 30.99
      vertex -64.0599 60.7816 4
      vertex -64.9457 60.5597 4
    endloop
  endfacet
  facet normal 0.903961 -0.427616 0
    outer loop
      vertex -54.0377 47.2682 30.99
      vertex -53.6472 48.0937 4
      vertex -53.6472 48.0937 30.99
    endloop
  endfacet
  facet normal 0.903961 -0.427616 0
    outer loop
      vertex -53.6472 48.0937 4
      vertex -54.0377 47.2682 30.99
      vertex -54.0377 47.2682 4
    endloop
  endfacet
  facet normal 0.33685 -0.941558 0
    outer loop
      vertex -59.5432 42.75 4
      vertex -58.6834 43.0576 30.99
      vertex -59.5432 42.75 30.99
    endloop
  endfacet
  facet normal 0.33685 -0.941558 0
    outer loop
      vertex -58.6834 43.0576 30.99
      vertex -59.5432 42.75 4
      vertex -58.6834 43.0576 4
    endloop
  endfacet
  facet normal 0.74097 -0.671538 0
    outer loop
      vertex -55.6644 45.0748 30.99
      vertex -55.0512 45.7514 4
      vertex -55.0512 45.7514 30.99
    endloop
  endfacet
  facet normal 0.74097 -0.671538 0
    outer loop
      vertex -55.0512 45.7514 4
      vertex -55.6644 45.0748 30.99
      vertex -55.6644 45.0748 4
    endloop
  endfacet
  facet normal 0.970026 -0.242999 0
    outer loop
      vertex -53.3396 48.9536 30.99
      vertex -53.1177 49.8394 4
      vertex -53.1177 49.8394 30.99
    endloop
  endfacet
  facet normal 0.970026 -0.242999 0
    outer loop
      vertex -53.1177 49.8394 4
      vertex -53.3396 48.9536 30.99
      vertex -53.3396 48.9536 4
    endloop
  endfacet
  facet normal -0.242999 -0.970026 0
    outer loop
      vertex -64.9457 42.75 4
      vertex -64.0599 42.5281 30.99
      vertex -64.9457 42.75 30.99
    endloop
  endfacet
  facet normal -0.242999 -0.970026 -0
    outer loop
      vertex -64.0599 42.5281 30.99
      vertex -64.9457 42.75 4
      vertex -64.0599 42.5281 4
    endloop
  endfacet
  facet normal -0.671544 -0.740965 0
    outer loop
      vertex -68.8245 45.0748 4
      vertex -68.1478 44.4615 30.99
      vertex -68.8245 45.0748 30.99
    endloop
  endfacet
  facet normal -0.671544 -0.740965 -0
    outer loop
      vertex -68.1478 44.4615 30.99
      vertex -68.8245 45.0748 4
      vertex -68.1478 44.4615 4
    endloop
  endfacet
  facet normal 0.970033 0.242974 0
    outer loop
      vertex -53.1177 53.4702 30.99
      vertex -53.3396 54.3561 4
      vertex -53.3396 54.3561 30.99
    endloop
  endfacet
  facet normal 0.970033 0.242974 0
    outer loop
      vertex -53.3396 54.3561 4
      vertex -53.1177 53.4702 30.99
      vertex -53.1177 53.4702 4
    endloop
  endfacet
  facet normal 0.989175 0.146739 0
    outer loop
      vertex -52.9837 52.5669 30.99
      vertex -53.1177 53.4702 4
      vertex -53.1177 53.4702 30.99
    endloop
  endfacet
  facet normal 0.989175 0.146739 0
    outer loop
      vertex -53.1177 53.4702 4
      vertex -52.9837 52.5669 30.99
      vertex -52.9837 52.5669 4
    endloop
  endfacet
  facet normal 0.941558 0.33685 0
    outer loop
      vertex -53.3396 54.3561 30.99
      vertex -53.6472 55.2159 4
      vertex -53.6472 55.2159 30.99
    endloop
  endfacet
  facet normal 0.941558 0.33685 0
    outer loop
      vertex -53.6472 55.2159 4
      vertex -53.3396 54.3561 30.99
      vertex -53.3396 54.3561 4
    endloop
  endfacet
  facet normal 0.803208 0.595699 0
    outer loop
      vertex -54.5072 56.8247 30.99
      vertex -55.0512 57.5582 4
      vertex -55.0512 57.5582 30.99
    endloop
  endfacet
  facet normal 0.803208 0.595699 0
    outer loop
      vertex -55.0512 57.5582 4
      vertex -54.5072 56.8247 30.99
      vertex -54.5072 56.8247 4
    endloop
  endfacet
  facet normal 0.857725 0.514109 0
    outer loop
      vertex -54.0377 56.0414 30.99
      vertex -54.5072 56.8247 4
      vertex -54.5072 56.8247 30.99
    endloop
  endfacet
  facet normal 0.857725 0.514109 0
    outer loop
      vertex -54.5072 56.8247 4
      vertex -54.0377 56.0414 30.99
      vertex -54.0377 56.0414 4
    endloop
  endfacet
  facet normal 0.146739 0.989175 -0
    outer loop
      vertex -60.429 60.7816 4
      vertex -61.3323 60.9156 30.99
      vertex -60.429 60.7816 30.99
    endloop
  endfacet
  facet normal 0.146739 0.989175 0
    outer loop
      vertex -61.3323 60.9156 30.99
      vertex -60.429 60.7816 4
      vertex -61.3323 60.9156 4
    endloop
  endfacet
  facet normal 0.242999 0.970026 -0
    outer loop
      vertex -59.5432 60.5597 4
      vertex -60.429 60.7816 30.99
      vertex -59.5432 60.5597 30.99
    endloop
  endfacet
  facet normal 0.242999 0.970026 0
    outer loop
      vertex -60.429 60.7816 30.99
      vertex -59.5432 60.5597 4
      vertex -60.429 60.7816 4
    endloop
  endfacet
  facet normal 0.0490583 0.998796 -0
    outer loop
      vertex -61.3323 60.9156 4
      vertex -62.2444 60.9604 30.99
      vertex -61.3323 60.9156 30.99
    endloop
  endfacet
  facet normal 0.0490583 0.998796 0
    outer loop
      vertex -62.2444 60.9604 30.99
      vertex -61.3323 60.9156 4
      vertex -62.2444 60.9604 4
    endloop
  endfacet
  facet normal 0.514158 0.857696 -0
    outer loop
      vertex -57.0746 59.3921 4
      vertex -57.8578 59.8616 30.99
      vertex -57.0746 59.3921 30.99
    endloop
  endfacet
  facet normal 0.514158 0.857696 0
    outer loop
      vertex -57.8578 59.8616 30.99
      vertex -57.0746 59.3921 4
      vertex -57.8578 59.8616 4
    endloop
  endfacet
  facet normal 0.427484 0.904023 -0
    outer loop
      vertex -57.8578 59.8616 4
      vertex -58.6834 60.252 30.99
      vertex -57.8578 59.8616 30.99
    endloop
  endfacet
  facet normal 0.427484 0.904023 0
    outer loop
      vertex -58.6834 60.252 30.99
      vertex -57.8578 59.8616 4
      vertex -58.6834 60.252 4
    endloop
  endfacet
  facet normal 0.595699 0.803208 -0
    outer loop
      vertex -56.3411 58.8481 4
      vertex -57.0746 59.3921 30.99
      vertex -56.3411 58.8481 30.99
    endloop
  endfacet
  facet normal 0.595699 0.803208 0
    outer loop
      vertex -57.0746 59.3921 30.99
      vertex -56.3411 58.8481 4
      vertex -57.0746 59.3921 4
    endloop
  endfacet
  facet normal -0.989175 0.146739 0
    outer loop
      vertex -71.5052 52.5669 4
      vertex -71.3712 53.4702 30.99
      vertex -71.3712 53.4702 4
    endloop
  endfacet
  facet normal -0.989175 0.146739 0
    outer loop
      vertex -71.3712 53.4702 30.99
      vertex -71.5052 52.5669 4
      vertex -71.5052 52.5669 30.99
    endloop
  endfacet
  facet normal -0.803208 0.595699 0
    outer loop
      vertex -69.9817 56.8247 4
      vertex -69.4377 57.5582 30.99
      vertex -69.4377 57.5582 4
    endloop
  endfacet
  facet normal -0.803208 0.595699 0
    outer loop
      vertex -69.4377 57.5582 30.99
      vertex -69.9817 56.8247 4
      vertex -69.9817 56.8247 30.99
    endloop
  endfacet
  facet normal -0.941558 0.33685 0
    outer loop
      vertex -71.1493 54.3561 4
      vertex -70.8417 55.2159 30.99
      vertex -70.8417 55.2159 4
    endloop
  endfacet
  facet normal -0.941558 0.33685 0
    outer loop
      vertex -70.8417 55.2159 30.99
      vertex -71.1493 54.3561 4
      vertex -71.1493 54.3561 30.99
    endloop
  endfacet
  facet normal -0.998796 0.0490583 0
    outer loop
      vertex -71.55 51.6548 4
      vertex -71.5052 52.5669 30.99
      vertex -71.5052 52.5669 4
    endloop
  endfacet
  facet normal -0.998796 0.0490583 0
    outer loop
      vertex -71.5052 52.5669 30.99
      vertex -71.55 51.6548 4
      vertex -71.55 51.6548 30.99
    endloop
  endfacet
  facet normal 0 0 1
    outer loop
      vertex -54.6234 51.6548 30.99
      vertex -52.9389 51.6548 30.99
      vertex -52.9837 52.5669 30.99
    endloop
  endfacet
  facet normal 0 0 1
    outer loop
      vertex -54.6234 51.6548 30.99
      vertex -52.9837 52.5669 30.99
      vertex -53.1177 53.4702 30.99
    endloop
  endfacet
  facet normal 0 0 1
    outer loop
      vertex -52.9389 51.6548 30.99
      vertex -54.6234 51.6548 30.99
      vertex -52.9837 50.7427 30.99
    endloop
  endfacet
  facet normal 0 0 1
    outer loop
      vertex -54.6234 51.6548 30.99
      vertex -53.1177 53.4702 30.99
      vertex -53.3396 54.3561 30.99
    endloop
  endfacet
  facet normal 0 0 1
    outer loop
      vertex -52.9837 50.7427 30.99
      vertex -54.6234 51.6548 30.99
      vertex -53.1177 49.8394 30.99
    endloop
  endfacet
  facet normal 0 0 1
    outer loop
      vertex -54.6234 51.6548 30.99
      vertex -53.3396 54.3561 30.99
      vertex -53.6472 55.2159 30.99
    endloop
  endfacet
  facet normal 0 0 1
    outer loop
      vertex -53.1177 49.8394 30.99
      vertex -54.6234 51.6548 30.99
      vertex -53.3396 48.9536 30.99
    endloop
  endfacet
  facet normal 0 0 1
    outer loop
      vertex -54.6234 51.6548 30.99
      vertex -53.6472 55.2159 30.99
      vertex -54.0377 56.0414 30.99
    endloop
  endfacet
  facet normal 0 0 1
    outer loop
      vertex -53.3396 48.9536 30.99
      vertex -54.6234 51.6548 30.99
      vertex -53.6472 48.0937 30.99
    endloop
  endfacet
  facet normal 0 0 1
    outer loop
      vertex -58.4339 58.2548 30.99
      vertex -54.0377 56.0414 30.99
      vertex -54.5072 56.8247 30.99
    endloop
  endfacet
  facet normal 0 0 1
    outer loop
      vertex -53.6472 48.0937 30.99
      vertex -54.6234 51.6548 30.99
      vertex -54.0377 47.2682 30.99
    endloop
  endfacet
  facet normal 0 0 1
    outer loop
      vertex -58.4339 45.0548 30.99
      vertex -54.0377 47.2682 30.99
      vertex -54.6234 51.6548 30.99
    endloop
  endfacet
  facet normal 0 0 1
    outer loop
      vertex -58.4339 58.2548 30.99
      vertex -54.5072 56.8247 30.99
      vertex -55.0512 57.5582 30.99
    endloop
  endfacet
  facet normal 0 0 1
    outer loop
      vertex -58.4339 58.2548 30.99
      vertex -55.0512 57.5582 30.99
      vertex -55.6644 58.2348 30.99
    endloop
  endfacet
  facet normal -0 0 1
    outer loop
      vertex -58.4339 58.2548 30.99
      vertex -55.6644 58.2348 30.99
      vertex -56.3411 58.8481 30.99
    endloop
  endfacet
  facet normal 0 0 1
    outer loop
      vertex -58.4339 58.2548 30.99
      vertex -56.3411 58.8481 30.99
      vertex -57.0746 59.3921 30.99
    endloop
  endfacet
  facet normal 0 0 1
    outer loop
      vertex -58.4339 58.2548 30.99
      vertex -57.0746 59.3921 30.99
      vertex -57.8578 59.8616 30.99
    endloop
  endfacet
  facet normal 0 0 1
    outer loop
      vertex -54.0377 56.0414 30.99
      vertex -58.4339 58.2548 30.99
      vertex -54.6234 51.6548 30.99
    endloop
  endfacet
  facet normal 0 0 1
    outer loop
      vertex -58.6834 60.252 30.99
      vertex -58.4339 58.2548 30.99
      vertex -57.8578 59.8616 30.99
    endloop
  endfacet
  facet normal 0 0 1
    outer loop
      vertex -59.5432 60.5597 30.99
      vertex -58.4339 58.2548 30.99
      vertex -58.6834 60.252 30.99
    endloop
  endfacet
  facet normal 0 0 1
    outer loop
      vertex -60.429 60.7816 30.99
      vertex -58.4339 58.2548 30.99
      vertex -59.5432 60.5597 30.99
    endloop
  endfacet
  facet normal 0 0 1
    outer loop
      vertex -61.3323 60.9156 30.99
      vertex -58.4339 58.2548 30.99
      vertex -60.429 60.7816 30.99
    endloop
  endfacet
  facet normal 0 0 1
    outer loop
      vertex -62.2444 60.9604 30.99
      vertex -58.4339 58.2548 30.99
      vertex -61.3323 60.9156 30.99
    endloop
  endfacet
  facet normal 0 0 1
    outer loop
      vertex -66.055 58.2548 30.99
      vertex -62.2444 60.9604 30.99
      vertex -63.1565 60.9156 30.99
    endloop
  endfacet
  facet normal 0 0 1
    outer loop
      vertex -66.055 58.2548 30.99
      vertex -63.1565 60.9156 30.99
      vertex -64.0599 60.7816 30.99
    endloop
  endfacet
  facet normal 0 0 1
    outer loop
      vertex -66.055 58.2548 30.99
      vertex -64.0599 60.7816 30.99
      vertex -64.9457 60.5597 30.99
    endloop
  endfacet
  facet normal 0 0 1
    outer loop
      vertex -66.055 58.2548 30.99
      vertex -64.9457 60.5597 30.99
      vertex -65.8055 60.252 30.99
    endloop
  endfacet
  facet normal 0 0 1
    outer loop
      vertex -62.2444 60.9604 30.99
      vertex -66.055 58.2548 30.99
      vertex -58.4339 58.2548 30.99
    endloop
  endfacet
  facet normal -0 0 1
    outer loop
      vertex -66.6311 59.8616 30.99
      vertex -66.055 58.2548 30.99
      vertex -65.8055 60.252 30.99
    endloop
  endfacet
  facet normal -0 0 1
    outer loop
      vertex -67.4143 59.3921 30.99
      vertex -66.055 58.2548 30.99
      vertex -66.6311 59.8616 30.99
    endloop
  endfacet
  facet normal -0 0 1
    outer loop
      vertex -68.1478 58.8481 30.99
      vertex -66.055 58.2548 30.99
      vertex -67.4143 59.3921 30.99
    endloop
  endfacet
  facet normal 0 0 1
    outer loop
      vertex -68.8245 58.2348 30.99
      vertex -66.055 58.2548 30.99
      vertex -68.1478 58.8481 30.99
    endloop
  endfacet
  facet normal 0 0 1
    outer loop
      vertex -69.4377 57.5582 30.99
      vertex -66.055 58.2548 30.99
      vertex -68.8245 58.2348 30.99
    endloop
  endfacet
  facet normal 0 0 1
    outer loop
      vertex -69.9817 56.8247 30.99
      vertex -66.055 58.2548 30.99
      vertex -69.4377 57.5582 30.99
    endloop
  endfacet
  facet normal 0 0 1
    outer loop
      vertex -70.4512 56.0414 30.99
      vertex -66.055 58.2548 30.99
      vertex -69.9817 56.8247 30.99
    endloop
  endfacet
  facet normal 0 0 1
    outer loop
      vertex -54.0377 47.2682 30.99
      vertex -58.4339 45.0548 30.99
      vertex -54.5072 46.4849 30.99
    endloop
  endfacet
  facet normal 0 0 1
    outer loop
      vertex -54.5072 46.4849 30.99
      vertex -58.4339 45.0548 30.99
      vertex -55.0512 45.7514 30.99
    endloop
  endfacet
  facet normal 0 0 1
    outer loop
      vertex -55.0512 45.7514 30.99
      vertex -58.4339 45.0548 30.99
      vertex -55.6644 45.0748 30.99
    endloop
  endfacet
  facet normal 0 0 1
    outer loop
      vertex -55.6644 45.0748 30.99
      vertex -58.4339 45.0548 30.99
      vertex -56.3411 44.4615 30.99
    endloop
  endfacet
  facet normal 0 0 1
    outer loop
      vertex -56.3411 44.4615 30.99
      vertex -58.4339 45.0548 30.99
      vertex -57.0746 43.9175 30.99
    endloop
  endfacet
  facet normal 0 0 1
    outer loop
      vertex -57.0746 43.9175 30.99
      vertex -58.4339 45.0548 30.99
      vertex -57.8578 43.448 30.99
    endloop
  endfacet
  facet normal 0 0 1
    outer loop
      vertex -58.4339 45.0548 30.99
      vertex -58.6834 43.0576 30.99
      vertex -57.8578 43.448 30.99
    endloop
  endfacet
  facet normal 0 0 1
    outer loop
      vertex -58.4339 45.0548 30.99
      vertex -59.5432 42.75 30.99
      vertex -58.6834 43.0576 30.99
    endloop
  endfacet
  facet normal 0 0 1
    outer loop
      vertex -58.4339 45.0548 30.99
      vertex -60.429 42.5281 30.99
      vertex -59.5432 42.75 30.99
    endloop
  endfacet
  facet normal 0 0 1
    outer loop
      vertex -58.4339 45.0548 30.99
      vertex -61.3323 42.3941 30.99
      vertex -60.429 42.5281 30.99
    endloop
  endfacet
  facet normal 0 0 1
    outer loop
      vertex -58.4339 45.0548 30.99
      vertex -62.2444 42.3493 30.99
      vertex -61.3323 42.3941 30.99
    endloop
  endfacet
  facet normal -0 0 1
    outer loop
      vertex -66.055 45.0548 30.99
      vertex -62.2444 42.3493 30.99
      vertex -58.4339 45.0548 30.99
    endloop
  endfacet
  facet normal 0 0 1
    outer loop
      vertex -62.2444 42.3493 30.99
      vertex -66.055 45.0548 30.99
      vertex -63.1565 42.3941 30.99
    endloop
  endfacet
  facet normal 0 0 1
    outer loop
      vertex -63.1565 42.3941 30.99
      vertex -66.055 45.0548 30.99
      vertex -64.0599 42.5281 30.99
    endloop
  endfacet
  facet normal 0 0 1
    outer loop
      vertex -64.0599 42.5281 30.99
      vertex -66.055 45.0548 30.99
      vertex -64.9457 42.75 30.99
    endloop
  endfacet
  facet normal 0 0 1
    outer loop
      vertex -64.9457 42.75 30.99
      vertex -66.055 45.0548 30.99
      vertex -65.8055 43.0576 30.99
    endloop
  endfacet
  facet normal 0 0 1
    outer loop
      vertex -66.055 45.0548 30.99
      vertex -66.6311 43.448 30.99
      vertex -65.8055 43.0576 30.99
    endloop
  endfacet
  facet normal 0 0 1
    outer loop
      vertex -66.055 45.0548 30.99
      vertex -67.4143 43.9175 30.99
      vertex -66.6311 43.448 30.99
    endloop
  endfacet
  facet normal 0 0 1
    outer loop
      vertex -66.055 45.0548 30.99
      vertex -68.1478 44.4615 30.99
      vertex -67.4143 43.9175 30.99
    endloop
  endfacet
  facet normal 0 0 1
    outer loop
      vertex -66.055 45.0548 30.99
      vertex -68.8245 45.0748 30.99
      vertex -68.1478 44.4615 30.99
    endloop
  endfacet
  facet normal 0 0 1
    outer loop
      vertex -66.055 45.0548 30.99
      vertex -69.4377 45.7514 30.99
      vertex -68.8245 45.0748 30.99
    endloop
  endfacet
  facet normal -0 0 1
    outer loop
      vertex -70.4512 47.2682 30.99
      vertex -66.055 45.0548 30.99
      vertex -69.8655 51.6548 30.99
    endloop
  endfacet
  facet normal 0 0 1
    outer loop
      vertex -66.055 45.0548 30.99
      vertex -69.9817 46.4849 30.99
      vertex -69.4377 45.7514 30.99
    endloop
  endfacet
  facet normal 0 0 1
    outer loop
      vertex -66.055 58.2548 30.99
      vertex -70.4512 56.0414 30.99
      vertex -69.8655 51.6548 30.99
    endloop
  endfacet
  facet normal -0 0 1
    outer loop
      vertex -70.8417 55.2159 30.99
      vertex -69.8655 51.6548 30.99
      vertex -70.4512 56.0414 30.99
    endloop
  endfacet
  facet normal 0 0 1
    outer loop
      vertex -66.055 45.0548 30.99
      vertex -70.4512 47.2682 30.99
      vertex -69.9817 46.4849 30.99
    endloop
  endfacet
  facet normal -0 0 1
    outer loop
      vertex -71.1493 54.3561 30.99
      vertex -69.8655 51.6548 30.99
      vertex -70.8417 55.2159 30.99
    endloop
  endfacet
  facet normal 0 0 1
    outer loop
      vertex -69.8655 51.6548 30.99
      vertex -70.8417 48.0937 30.99
      vertex -70.4512 47.2682 30.99
    endloop
  endfacet
  facet normal -0 0 1
    outer loop
      vertex -71.3712 53.4702 30.99
      vertex -69.8655 51.6548 30.99
      vertex -71.1493 54.3561 30.99
    endloop
  endfacet
  facet normal 0 0 1
    outer loop
      vertex -69.8655 51.6548 30.99
      vertex -71.1493 48.9536 30.99
      vertex -70.8417 48.0937 30.99
    endloop
  endfacet
  facet normal -0 0 1
    outer loop
      vertex -71.5052 52.5669 30.99
      vertex -69.8655 51.6548 30.99
      vertex -71.3712 53.4702 30.99
    endloop
  endfacet
  facet normal 0 0 1
    outer loop
      vertex -69.8655 51.6548 30.99
      vertex -71.3712 49.8394 30.99
      vertex -71.1493 48.9536 30.99
    endloop
  endfacet
  facet normal 0 0 1
    outer loop
      vertex -71.55 51.6548 30.99
      vertex -69.8655 51.6548 30.99
      vertex -71.5052 52.5669 30.99
    endloop
  endfacet
  facet normal 0 0 1
    outer loop
      vertex -69.8655 51.6548 30.99
      vertex -71.5052 50.7427 30.99
      vertex -71.3712 49.8394 30.99
    endloop
  endfacet
  facet normal 0 0 1
    outer loop
      vertex -69.8655 51.6548 30.99
      vertex -71.55 51.6548 30.99
      vertex -71.5052 50.7427 30.99
    endloop
  endfacet
  facet normal -0.595699 0.803208 0
    outer loop
      vertex -67.4143 59.3921 4
      vertex -68.1478 58.8481 30.99
      vertex -67.4143 59.3921 30.99
    endloop
  endfacet
  facet normal -0.595699 0.803208 0
    outer loop
      vertex -68.1478 58.8481 30.99
      vertex -67.4143 59.3921 4
      vertex -68.1478 58.8481 4
    endloop
  endfacet
  facet normal -0.671544 0.740965 0
    outer loop
      vertex -68.1478 58.8481 4
      vertex -68.8245 58.2348 30.99
      vertex -68.1478 58.8481 30.99
    endloop
  endfacet
  facet normal -0.671544 0.740965 0
    outer loop
      vertex -68.8245 58.2348 30.99
      vertex -68.1478 58.8481 4
      vertex -68.8245 58.2348 4
    endloop
  endfacet
  facet normal -0.336947 0.941524 0
    outer loop
      vertex -64.9457 60.5597 4
      vertex -65.8055 60.252 30.99
      vertex -64.9457 60.5597 30.99
    endloop
  endfacet
  facet normal -0.336947 0.941524 0
    outer loop
      vertex -65.8055 60.252 30.99
      vertex -64.9457 60.5597 4
      vertex -65.8055 60.252 4
    endloop
  endfacet
  facet normal -0.146723 0.989178 0
    outer loop
      vertex -63.1565 60.9156 4
      vertex -64.0599 60.7816 30.99
      vertex -63.1565 60.9156 30.99
    endloop
  endfacet
  facet normal -0.146723 0.989178 0
    outer loop
      vertex -64.0599 60.7816 30.99
      vertex -63.1565 60.9156 4
      vertex -64.0599 60.7816 4
    endloop
  endfacet
  facet normal 0.998796 -0.0490583 0
    outer loop
      vertex -52.9837 50.7427 30.99
      vertex -52.9389 51.6548 4
      vertex -52.9389 51.6548 30.99
    endloop
  endfacet
  facet normal 0.998796 -0.0490583 0
    outer loop
      vertex -52.9389 51.6548 4
      vertex -52.9837 50.7427 30.99
      vertex -52.9837 50.7427 4
    endloop
  endfacet
  facet normal 0.146739 -0.989175 0
    outer loop
      vertex -61.3323 42.3941 4
      vertex -60.429 42.5281 30.99
      vertex -61.3323 42.3941 30.99
    endloop
  endfacet
  facet normal 0.146739 -0.989175 0
    outer loop
      vertex -60.429 42.5281 30.99
      vertex -61.3323 42.3941 4
      vertex -60.429 42.5281 4
    endloop
  endfacet
  facet normal 0.514158 -0.857696 0
    outer loop
      vertex -57.8578 43.448 4
      vertex -57.0746 43.9175 30.99
      vertex -57.8578 43.448 30.99
    endloop
  endfacet
  facet normal 0.514158 -0.857696 0
    outer loop
      vertex -57.0746 43.9175 30.99
      vertex -57.8578 43.448 4
      vertex -57.0746 43.9175 4
    endloop
  endfacet
  facet normal 0.671544 -0.740965 0
    outer loop
      vertex -56.3411 44.4615 4
      vertex -55.6644 45.0748 30.99
      vertex -56.3411 44.4615 30.99
    endloop
  endfacet
  facet normal 0.671544 -0.740965 0
    outer loop
      vertex -55.6644 45.0748 30.99
      vertex -56.3411 44.4615 4
      vertex -55.6644 45.0748 4
    endloop
  endfacet
  facet normal 0.595699 -0.803208 0
    outer loop
      vertex -57.0746 43.9175 4
      vertex -56.3411 44.4615 30.99
      vertex -57.0746 43.9175 30.99
    endloop
  endfacet
  facet normal 0.595699 -0.803208 0
    outer loop
      vertex -56.3411 44.4615 30.99
      vertex -57.0746 43.9175 4
      vertex -56.3411 44.4615 4
    endloop
  endfacet
  facet normal 0.803208 -0.595699 0
    outer loop
      vertex -55.0512 45.7514 30.99
      vertex -54.5072 46.4849 4
      vertex -54.5072 46.4849 30.99
    endloop
  endfacet
  facet normal 0.803208 -0.595699 0
    outer loop
      vertex -54.5072 46.4849 4
      vertex -55.0512 45.7514 30.99
      vertex -55.0512 45.7514 4
    endloop
  endfacet
  facet normal 0.857725 -0.514109 0
    outer loop
      vertex -54.5072 46.4849 30.99
      vertex -54.0377 47.2682 4
      vertex -54.0377 47.2682 30.99
    endloop
  endfacet
  facet normal 0.857725 -0.514109 0
    outer loop
      vertex -54.0377 47.2682 4
      vertex -54.5072 46.4849 30.99
      vertex -54.5072 46.4849 4
    endloop
  endfacet
  facet normal -0.595699 -0.803208 0
    outer loop
      vertex -68.1478 44.4615 4
      vertex -67.4143 43.9175 30.99
      vertex -68.1478 44.4615 30.99
    endloop
  endfacet
  facet normal -0.595699 -0.803208 -0
    outer loop
      vertex -67.4143 43.9175 30.99
      vertex -68.1478 44.4615 4
      vertex -67.4143 43.9175 4
    endloop
  endfacet
  facet normal -0.514158 -0.857696 0
    outer loop
      vertex -67.4143 43.9175 4
      vertex -66.6311 43.448 30.99
      vertex -67.4143 43.9175 30.99
    endloop
  endfacet
  facet normal -0.514158 -0.857696 -0
    outer loop
      vertex -66.6311 43.448 30.99
      vertex -67.4143 43.9175 4
      vertex -66.6311 43.448 4
    endloop
  endfacet
  facet normal -0.427484 -0.904023 0
    outer loop
      vertex -66.6311 43.448 4
      vertex -65.8055 43.0576 30.99
      vertex -66.6311 43.448 30.99
    endloop
  endfacet
  facet normal -0.427484 -0.904023 -0
    outer loop
      vertex -65.8055 43.0576 30.99
      vertex -66.6311 43.448 4
      vertex -65.8055 43.0576 4
    endloop
  endfacet
  facet normal -0.0490583 -0.998796 0
    outer loop
      vertex -63.1565 42.3941 4
      vertex -62.2444 42.3493 30.99
      vertex -63.1565 42.3941 30.99
    endloop
  endfacet
  facet normal -0.0490583 -0.998796 -0
    outer loop
      vertex -62.2444 42.3493 30.99
      vertex -63.1565 42.3941 4
      vertex -62.2444 42.3493 4
    endloop
  endfacet
  facet normal -0.803208 -0.595699 0
    outer loop
      vertex -69.4377 45.7514 4
      vertex -69.9817 46.4849 30.99
      vertex -69.9817 46.4849 4
    endloop
  endfacet
  facet normal -0.803208 -0.595699 0
    outer loop
      vertex -69.9817 46.4849 30.99
      vertex -69.4377 45.7514 4
      vertex -69.4377 45.7514 30.99
    endloop
  endfacet
  facet normal -0.857725 -0.514109 0
    outer loop
      vertex -69.9817 46.4849 4
      vertex -70.4512 47.2682 30.99
      vertex -70.4512 47.2682 4
    endloop
  endfacet
  facet normal -0.857725 -0.514109 0
    outer loop
      vertex -70.4512 47.2682 30.99
      vertex -69.9817 46.4849 4
      vertex -69.9817 46.4849 30.99
    endloop
  endfacet
  facet normal -0.74097 -0.671538 0
    outer loop
      vertex -68.8245 45.0748 4
      vertex -69.4377 45.7514 30.99
      vertex -69.4377 45.7514 4
    endloop
  endfacet
  facet normal -0.74097 -0.671538 0
    outer loop
      vertex -69.4377 45.7514 30.99
      vertex -68.8245 45.0748 4
      vertex -68.8245 45.0748 30.99
    endloop
  endfacet
  facet normal -0.903961 -0.427616 0
    outer loop
      vertex -70.4512 47.2682 4
      vertex -70.8417 48.0937 30.99
      vertex -70.8417 48.0937 4
    endloop
  endfacet
  facet normal -0.903961 -0.427616 0
    outer loop
      vertex -70.8417 48.0937 30.99
      vertex -70.4512 47.2682 4
      vertex -70.4512 47.2682 30.99
    endloop
  endfacet
  facet normal -0.989175 -0.146739 0
    outer loop
      vertex -71.3712 49.8394 4
      vertex -71.5052 50.7427 30.99
      vertex -71.5052 50.7427 4
    endloop
  endfacet
  facet normal -0.989175 -0.146739 0
    outer loop
      vertex -71.5052 50.7427 30.99
      vertex -71.3712 49.8394 4
      vertex -71.3712 49.8394 30.99
    endloop
  endfacet
  facet normal 0.74097 0.671538 0
    outer loop
      vertex -55.0512 57.5582 30.99
      vertex -55.6644 58.2348 4
      vertex -55.6644 58.2348 30.99
    endloop
  endfacet
  facet normal 0.74097 0.671538 0
    outer loop
      vertex -55.6644 58.2348 4
      vertex -55.0512 57.5582 30.99
      vertex -55.0512 57.5582 4
    endloop
  endfacet
  facet normal -0.970033 0.242974 0
    outer loop
      vertex -71.3712 53.4702 4
      vertex -71.1493 54.3561 30.99
      vertex -71.1493 54.3561 4
    endloop
  endfacet
  facet normal -0.970033 0.242974 0
    outer loop
      vertex -71.1493 54.3561 30.99
      vertex -71.3712 53.4702 4
      vertex -71.3712 53.4702 30.99
    endloop
  endfacet
  facet normal -0.998796 -0.0490583 0
    outer loop
      vertex -71.5052 50.7427 4
      vertex -71.55 51.6548 30.99
      vertex -71.55 51.6548 4
    endloop
  endfacet
  facet normal -0.998796 -0.0490583 0
    outer loop
      vertex -71.55 51.6548 30.99
      vertex -71.5052 50.7427 4
      vertex -71.5052 50.7427 30.99
    endloop
  endfacet
  facet normal -0.514158 0.857696 0
    outer loop
      vertex -66.6311 59.8616 4
      vertex -67.4143 59.3921 30.99
      vertex -66.6311 59.8616 30.99
    endloop
  endfacet
  facet normal -0.514158 0.857696 0
    outer loop
      vertex -67.4143 59.3921 30.99
      vertex -66.6311 59.8616 4
      vertex -67.4143 59.3921 4
    endloop
  endfacet
  facet normal 0.242999 -0.970026 0
    outer loop
      vertex -60.429 42.5281 4
      vertex -59.5432 42.75 30.99
      vertex -60.429 42.5281 30.99
    endloop
  endfacet
  facet normal 0.242999 -0.970026 0
    outer loop
      vertex -59.5432 42.75 30.99
      vertex -60.429 42.5281 4
      vertex -59.5432 42.75 4
    endloop
  endfacet
  facet normal 0.427484 -0.904023 0
    outer loop
      vertex -58.6834 43.0576 4
      vertex -57.8578 43.448 30.99
      vertex -58.6834 43.0576 30.99
    endloop
  endfacet
  facet normal 0.427484 -0.904023 0
    outer loop
      vertex -57.8578 43.448 30.99
      vertex -58.6834 43.0576 4
      vertex -57.8578 43.448 4
    endloop
  endfacet
  facet normal 0.941571 -0.336815 0
    outer loop
      vertex -53.6472 48.0937 30.99
      vertex -53.3396 48.9536 4
      vertex -53.3396 48.9536 30.99
    endloop
  endfacet
  facet normal 0.941571 -0.336815 0
    outer loop
      vertex -53.3396 48.9536 4
      vertex -53.6472 48.0937 30.99
      vertex -53.6472 48.0937 4
    endloop
  endfacet
  facet normal 0.989175 -0.146739 0
    outer loop
      vertex -53.1177 49.8394 30.99
      vertex -52.9837 50.7427 4
      vertex -52.9837 50.7427 30.99
    endloop
  endfacet
  facet normal 0.989175 -0.146739 0
    outer loop
      vertex -52.9837 50.7427 4
      vertex -53.1177 49.8394 30.99
      vertex -53.1177 49.8394 4
    endloop
  endfacet
  facet normal -0.33685 -0.941558 0
    outer loop
      vertex -65.8055 43.0576 4
      vertex -64.9457 42.75 30.99
      vertex -65.8055 43.0576 30.99
    endloop
  endfacet
  facet normal -0.33685 -0.941558 -0
    outer loop
      vertex -64.9457 42.75 30.99
      vertex -65.8055 43.0576 4
      vertex -64.9457 42.75 4
    endloop
  endfacet
  facet normal -0.146723 -0.989178 0
    outer loop
      vertex -64.0599 42.5281 4
      vertex -63.1565 42.3941 30.99
      vertex -64.0599 42.5281 30.99
    endloop
  endfacet
  facet normal -0.146723 -0.989178 -0
    outer loop
      vertex -63.1565 42.3941 30.99
      vertex -64.0599 42.5281 4
      vertex -63.1565 42.3941 4
    endloop
  endfacet
  facet normal 0.0490583 -0.998796 0
    outer loop
      vertex -62.2444 42.3493 4
      vertex -61.3323 42.3941 30.99
      vertex -62.2444 42.3493 30.99
    endloop
  endfacet
  facet normal 0.0490583 -0.998796 0
    outer loop
      vertex -61.3323 42.3941 30.99
      vertex -62.2444 42.3493 4
      vertex -61.3323 42.3941 4
    endloop
  endfacet
  facet normal -0.970026 -0.242999 0
    outer loop
      vertex -71.1493 48.9536 4
      vertex -71.3712 49.8394 30.99
      vertex -71.3712 49.8394 4
    endloop
  endfacet
  facet normal -0.970026 -0.242999 0
    outer loop
      vertex -71.3712 49.8394 30.99
      vertex -71.1493 48.9536 4
      vertex -71.1493 48.9536 30.99
    endloop
  endfacet
  facet normal -0.998796 -0.0490576 0
    outer loop
      vertex 4.2 0 0
      vertex 4.17978 0.411672 2
      vertex 4.17978 0.411672 0
    endloop
  endfacet
  facet normal -0.998796 -0.0490576 0
    outer loop
      vertex 4.17978 0.411672 2
      vertex 4.2 0 0
      vertex 4.2 0 2
    endloop
  endfacet
  facet normal 0.998796 -0.0490576 0
    outer loop
      vertex -4.2 0 2
      vertex -4.17978 0.411672 0
      vertex -4.17978 0.411672 2
    endloop
  endfacet
  facet normal 0.998796 -0.0490576 0
    outer loop
      vertex -4.17978 0.411672 0
      vertex -4.2 0 2
      vertex -4.2 0 0
    endloop
  endfacet
  facet normal -0.0490576 -0.998796 0
    outer loop
      vertex 0 4.2 0
      vertex 0.411672 4.17978 2
      vertex 0 4.2 2
    endloop
  endfacet
  facet normal -0.0490576 -0.998796 -0
    outer loop
      vertex 0.411672 4.17978 2
      vertex 0 4.2 0
      vertex 0.411672 4.17978 0
    endloop
  endfacet
  facet normal -0.671548 -0.740961 0
    outer loop
      vertex 2.66445 3.24664 0
      vertex 2.96985 2.96985 2
      vertex 2.66445 3.24664 2
    endloop
  endfacet
  facet normal -0.671548 -0.740961 -0
    outer loop
      vertex 2.96985 2.96985 2
      vertex 2.66445 3.24664 0
      vertex 2.96985 2.96985 0
    endloop
  endfacet
  facet normal 0.671548 -0.740961 0
    outer loop
      vertex -2.96985 2.96985 0
      vertex -2.66445 3.24664 2
      vertex -2.96985 2.96985 2
    endloop
  endfacet
  facet normal 0.671548 -0.740961 0
    outer loop
      vertex -2.66445 3.24664 2
      vertex -2.96985 2.96985 0
      vertex -2.66445 3.24664 0
    endloop
  endfacet
  facet normal 0.336903 -0.941539 0
    outer loop
      vertex -1.60727 3.88029 0
      vertex -1.2192 4.01915 2
      vertex -1.60727 3.88029 2
    endloop
  endfacet
  facet normal 0.336903 -0.941539 0
    outer loop
      vertex -1.2192 4.01915 2
      vertex -1.60727 3.88029 0
      vertex -1.2192 4.01915 0
    endloop
  endfacet
  facet normal 0.970031 0.24298 0
    outer loop
      vertex -4.01915 -1.2192 2
      vertex -4.1193 -0.819379 0
      vertex -4.1193 -0.819379 2
    endloop
  endfacet
  facet normal 0.970031 0.24298 0
    outer loop
      vertex -4.1193 -0.819379 0
      vertex -4.01915 -1.2192 2
      vertex -4.01915 -1.2192 0
    endloop
  endfacet
  facet normal -0.903996 -0.427542 0
    outer loop
      vertex 3.88029 1.60727 0
      vertex 3.70407 1.97987 2
      vertex 3.70407 1.97987 0
    endloop
  endfacet
  facet normal -0.903996 -0.427542 0
    outer loop
      vertex 3.70407 1.97987 2
      vertex 3.88029 1.60727 0
      vertex 3.88029 1.60727 2
    endloop
  endfacet
  facet normal -0.427542 -0.903996 0
    outer loop
      vertex 1.60727 3.88029 0
      vertex 1.97987 3.70407 2
      vertex 1.60727 3.88029 2
    endloop
  endfacet
  facet normal -0.427542 -0.903996 -0
    outer loop
      vertex 1.97987 3.70407 2
      vertex 1.60727 3.88029 0
      vertex 1.97987 3.70407 0
    endloop
  endfacet
  facet normal -0.514117 -0.85772 0
    outer loop
      vertex 1.97987 3.70407 0
      vertex 2.33339 3.49217 2
      vertex 1.97987 3.70407 2
    endloop
  endfacet
  facet normal -0.514117 -0.85772 -0
    outer loop
      vertex 2.33339 3.49217 2
      vertex 1.97987 3.70407 0
      vertex 2.33339 3.49217 0
    endloop
  endfacet
  facet normal 0.85772 -0.514117 0
    outer loop
      vertex -3.70407 1.97987 2
      vertex -3.49217 2.33339 0
      vertex -3.49217 2.33339 2
    endloop
  endfacet
  facet normal 0.85772 -0.514117 0
    outer loop
      vertex -3.49217 2.33339 0
      vertex -3.70407 1.97987 2
      vertex -3.70407 1.97987 0
    endloop
  endfacet
  facet normal 0.803208 -0.595698 0
    outer loop
      vertex -3.49217 2.33339 2
      vertex -3.24664 2.66445 0
      vertex -3.24664 2.66445 2
    endloop
  endfacet
  facet normal 0.803208 -0.595698 0
    outer loop
      vertex -3.24664 2.66445 0
      vertex -3.49217 2.33339 2
      vertex -3.49217 2.33339 0
    endloop
  endfacet
  facet normal 0.146736 -0.989176 0
    outer loop
      vertex -0.819379 4.1193 0
      vertex -0.411672 4.17978 2
      vertex -0.819379 4.1193 2
    endloop
  endfacet
  facet normal 0.146736 -0.989176 0
    outer loop
      vertex -0.411672 4.17978 2
      vertex -0.819379 4.1193 0
      vertex -0.411672 4.17978 0
    endloop
  endfacet
  facet normal -0.903996 0.427542 0
    outer loop
      vertex 3.70407 -1.97987 0
      vertex 3.88029 -1.60727 2
      vertex 3.88029 -1.60727 0
    endloop
  endfacet
  facet normal -0.903996 0.427542 0
    outer loop
      vertex 3.88029 -1.60727 2
      vertex 3.70407 -1.97987 0
      vertex 3.70407 -1.97987 2
    endloop
  endfacet
  facet normal -0.24298 0.970031 0
    outer loop
      vertex 1.2192 -4.01915 0
      vertex 0.819379 -4.1193 2
      vertex 1.2192 -4.01915 2
    endloop
  endfacet
  facet normal -0.24298 0.970031 0
    outer loop
      vertex 0.819379 -4.1193 2
      vertex 1.2192 -4.01915 0
      vertex 0.819379 -4.1193 0
    endloop
  endfacet
  facet normal -0.740961 0.671548 0
    outer loop
      vertex 2.96985 -2.96985 0
      vertex 3.24664 -2.66445 2
      vertex 3.24664 -2.66445 0
    endloop
  endfacet
  facet normal -0.740961 0.671548 0
    outer loop
      vertex 3.24664 -2.66445 2
      vertex 2.96985 -2.96985 0
      vertex 2.96985 -2.96985 2
    endloop
  endfacet
  facet normal -0.970031 0.24298 0
    outer loop
      vertex 4.01915 -1.2192 0
      vertex 4.1193 -0.819379 2
      vertex 4.1193 -0.819379 0
    endloop
  endfacet
  facet normal -0.970031 0.24298 0
    outer loop
      vertex 4.1193 -0.819379 2
      vertex 4.01915 -1.2192 0
      vertex 4.01915 -1.2192 2
    endloop
  endfacet
  facet normal 0.336903 0.941539 -0
    outer loop
      vertex -1.2192 -4.01915 0
      vertex -1.60727 -3.88029 2
      vertex -1.2192 -4.01915 2
    endloop
  endfacet
  facet normal 0.336903 0.941539 0
    outer loop
      vertex -1.60727 -3.88029 2
      vertex -1.2192 -4.01915 0
      vertex -1.60727 -3.88029 0
    endloop
  endfacet
  facet normal 0.740961 0.671548 0
    outer loop
      vertex -2.96985 -2.96985 2
      vertex -3.24664 -2.66445 0
      vertex -3.24664 -2.66445 2
    endloop
  endfacet
  facet normal 0.740961 0.671548 0
    outer loop
      vertex -3.24664 -2.66445 0
      vertex -2.96985 -2.96985 2
      vertex -2.96985 -2.96985 0
    endloop
  endfacet
  facet normal 0.803208 0.595698 0
    outer loop
      vertex -3.24664 -2.66445 2
      vertex -3.49217 -2.33339 0
      vertex -3.49217 -2.33339 2
    endloop
  endfacet
  facet normal 0.803208 0.595698 0
    outer loop
      vertex -3.49217 -2.33339 0
      vertex -3.24664 -2.66445 2
      vertex -3.24664 -2.66445 0
    endloop
  endfacet
  facet normal -0.970031 -0.24298 0
    outer loop
      vertex 4.1193 0.819379 0
      vertex 4.01915 1.2192 2
      vertex 4.01915 1.2192 0
    endloop
  endfacet
  facet normal -0.970031 -0.24298 0
    outer loop
      vertex 4.01915 1.2192 2
      vertex 4.1193 0.819379 0
      vertex 4.1193 0.819379 2
    endloop
  endfacet
  facet normal -0.989176 -0.146736 0
    outer loop
      vertex 4.17978 0.411672 0
      vertex 4.1193 0.819379 2
      vertex 4.1193 0.819379 0
    endloop
  endfacet
  facet normal -0.989176 -0.146736 0
    outer loop
      vertex 4.1193 0.819379 2
      vertex 4.17978 0.411672 0
      vertex 4.17978 0.411672 2
    endloop
  endfacet
  facet normal -0.941539 -0.336903 0
    outer loop
      vertex 4.01915 1.2192 0
      vertex 3.88029 1.60727 2
      vertex 3.88029 1.60727 0
    endloop
  endfacet
  facet normal -0.941539 -0.336903 0
    outer loop
      vertex 3.88029 1.60727 2
      vertex 4.01915 1.2192 0
      vertex 4.01915 1.2192 2
    endloop
  endfacet
  facet normal -0.803208 -0.595698 0
    outer loop
      vertex 3.49217 2.33339 0
      vertex 3.24664 2.66445 2
      vertex 3.24664 2.66445 0
    endloop
  endfacet
  facet normal -0.803208 -0.595698 0
    outer loop
      vertex 3.24664 2.66445 2
      vertex 3.49217 2.33339 0
      vertex 3.49217 2.33339 2
    endloop
  endfacet
  facet normal -0.85772 -0.514117 0
    outer loop
      vertex 3.70407 1.97987 0
      vertex 3.49217 2.33339 2
      vertex 3.49217 2.33339 0
    endloop
  endfacet
  facet normal -0.85772 -0.514117 0
    outer loop
      vertex 3.49217 2.33339 2
      vertex 3.70407 1.97987 0
      vertex 3.70407 1.97987 2
    endloop
  endfacet
  facet normal -0.24298 -0.970031 0
    outer loop
      vertex 0.819379 4.1193 0
      vertex 1.2192 4.01915 2
      vertex 0.819379 4.1193 2
    endloop
  endfacet
  facet normal -0.24298 -0.970031 -0
    outer loop
      vertex 1.2192 4.01915 2
      vertex 0.819379 4.1193 0
      vertex 1.2192 4.01915 0
    endloop
  endfacet
  facet normal -0.336903 -0.941539 0
    outer loop
      vertex 1.2192 4.01915 0
      vertex 1.60727 3.88029 2
      vertex 1.2192 4.01915 2
    endloop
  endfacet
  facet normal -0.336903 -0.941539 -0
    outer loop
      vertex 1.60727 3.88029 2
      vertex 1.2192 4.01915 0
      vertex 1.60727 3.88029 0
    endloop
  endfacet
  facet normal -0.146736 -0.989176 0
    outer loop
      vertex 0.411672 4.17978 0
      vertex 0.819379 4.1193 2
      vertex 0.411672 4.17978 2
    endloop
  endfacet
  facet normal -0.146736 -0.989176 -0
    outer loop
      vertex 0.819379 4.1193 2
      vertex 0.411672 4.17978 0
      vertex 0.819379 4.1193 0
    endloop
  endfacet
  facet normal -0.595698 -0.803208 0
    outer loop
      vertex 2.33339 3.49217 0
      vertex 2.66445 3.24664 2
      vertex 2.33339 3.49217 2
    endloop
  endfacet
  facet normal -0.595698 -0.803208 -0
    outer loop
      vertex 2.66445 3.24664 2
      vertex 2.33339 3.49217 0
      vertex 2.66445 3.24664 0
    endloop
  endfacet
  facet normal 0.970031 -0.24298 0
    outer loop
      vertex -4.1193 0.819379 2
      vertex -4.01915 1.2192 0
      vertex -4.01915 1.2192 2
    endloop
  endfacet
  facet normal 0.970031 -0.24298 0
    outer loop
      vertex -4.01915 1.2192 0
      vertex -4.1193 0.819379 2
      vertex -4.1193 0.819379 0
    endloop
  endfacet
  facet normal 0.740961 -0.671548 0
    outer loop
      vertex -3.24664 2.66445 2
      vertex -2.96985 2.96985 0
      vertex -2.96985 2.96985 2
    endloop
  endfacet
  facet normal 0.740961 -0.671548 0
    outer loop
      vertex -2.96985 2.96985 0
      vertex -3.24664 2.66445 2
      vertex -3.24664 2.66445 0
    endloop
  endfacet
  facet normal 0.903996 -0.427542 0
    outer loop
      vertex -3.88029 1.60727 2
      vertex -3.70407 1.97987 0
      vertex -3.70407 1.97987 2
    endloop
  endfacet
  facet normal 0.903996 -0.427542 0
    outer loop
      vertex -3.70407 1.97987 0
      vertex -3.88029 1.60727 2
      vertex -3.88029 1.60727 0
    endloop
  endfacet
  facet normal 0.989176 -0.146736 0
    outer loop
      vertex -4.17978 0.411672 2
      vertex -4.1193 0.819379 0
      vertex -4.1193 0.819379 2
    endloop
  endfacet
  facet normal 0.989176 -0.146736 0
    outer loop
      vertex -4.1193 0.819379 0
      vertex -4.17978 0.411672 2
      vertex -4.17978 0.411672 0
    endloop
  endfacet
  facet normal 0.514117 -0.85772 0
    outer loop
      vertex -2.33339 3.49217 0
      vertex -1.97987 3.70407 2
      vertex -2.33339 3.49217 2
    endloop
  endfacet
  facet normal 0.514117 -0.85772 0
    outer loop
      vertex -1.97987 3.70407 2
      vertex -2.33339 3.49217 0
      vertex -1.97987 3.70407 0
    endloop
  endfacet
  facet normal 0.595698 -0.803208 0
    outer loop
      vertex -2.66445 3.24664 0
      vertex -2.33339 3.49217 2
      vertex -2.66445 3.24664 2
    endloop
  endfacet
  facet normal 0.595698 -0.803208 0
    outer loop
      vertex -2.33339 3.49217 2
      vertex -2.66445 3.24664 0
      vertex -2.33339 3.49217 0
    endloop
  endfacet
  facet normal 0.24298 -0.970031 0
    outer loop
      vertex -1.2192 4.01915 0
      vertex -0.819379 4.1193 2
      vertex -1.2192 4.01915 2
    endloop
  endfacet
  facet normal 0.24298 -0.970031 0
    outer loop
      vertex -0.819379 4.1193 2
      vertex -1.2192 4.01915 0
      vertex -0.819379 4.1193 0
    endloop
  endfacet
  facet normal 0.0490576 -0.998796 0
    outer loop
      vertex -0.411672 4.17978 0
      vertex 0 4.2 2
      vertex -0.411672 4.17978 2
    endloop
  endfacet
  facet normal 0.0490576 -0.998796 0
    outer loop
      vertex 0 4.2 2
      vertex -0.411672 4.17978 0
      vertex 0 4.2 0
    endloop
  endfacet
  facet normal -0.998796 0.0490576 0
    outer loop
      vertex 4.17978 -0.411672 0
      vertex 4.2 0 2
      vertex 4.2 0 0
    endloop
  endfacet
  facet normal -0.998796 0.0490576 0
    outer loop
      vertex 4.2 0 2
      vertex 4.17978 -0.411672 0
      vertex 4.17978 -0.411672 2
    endloop
  endfacet
  facet normal -0.0490576 0.998796 0
    outer loop
      vertex 0.411672 -4.17978 0
      vertex 0 -4.2 2
      vertex 0.411672 -4.17978 2
    endloop
  endfacet
  facet normal -0.0490576 0.998796 0
    outer loop
      vertex 0 -4.2 2
      vertex 0.411672 -4.17978 0
      vertex 0 -4.2 0
    endloop
  endfacet
  facet normal -0.514117 0.85772 0
    outer loop
      vertex 2.33339 -3.49217 0
      vertex 1.97987 -3.70407 2
      vertex 2.33339 -3.49217 2
    endloop
  endfacet
  facet normal -0.514117 0.85772 0
    outer loop
      vertex 1.97987 -3.70407 2
      vertex 2.33339 -3.49217 0
      vertex 1.97987 -3.70407 0
    endloop
  endfacet
  facet normal -0.671548 0.740961 0
    outer loop
      vertex 2.96985 -2.96985 0
      vertex 2.66445 -3.24664 2
      vertex 2.96985 -2.96985 2
    endloop
  endfacet
  facet normal -0.671548 0.740961 0
    outer loop
      vertex 2.66445 -3.24664 2
      vertex 2.96985 -2.96985 0
      vertex 2.66445 -3.24664 0
    endloop
  endfacet
  facet normal -0.595698 0.803208 0
    outer loop
      vertex 2.66445 -3.24664 0
      vertex 2.33339 -3.49217 2
      vertex 2.66445 -3.24664 2
    endloop
  endfacet
  facet normal -0.595698 0.803208 0
    outer loop
      vertex 2.33339 -3.49217 2
      vertex 2.66445 -3.24664 0
      vertex 2.33339 -3.49217 0
    endloop
  endfacet
  facet normal -0.803208 0.595698 0
    outer loop
      vertex 3.24664 -2.66445 0
      vertex 3.49217 -2.33339 2
      vertex 3.49217 -2.33339 0
    endloop
  endfacet
  facet normal -0.803208 0.595698 0
    outer loop
      vertex 3.49217 -2.33339 2
      vertex 3.24664 -2.66445 0
      vertex 3.24664 -2.66445 2
    endloop
  endfacet
  facet normal -0.85772 0.514117 0
    outer loop
      vertex 3.49217 -2.33339 0
      vertex 3.70407 -1.97987 2
      vertex 3.70407 -1.97987 0
    endloop
  endfacet
  facet normal -0.85772 0.514117 0
    outer loop
      vertex 3.70407 -1.97987 2
      vertex 3.49217 -2.33339 0
      vertex 3.49217 -2.33339 2
    endloop
  endfacet
  facet normal 0.671548 0.740961 -0
    outer loop
      vertex -2.66445 -3.24664 0
      vertex -2.96985 -2.96985 2
      vertex -2.66445 -3.24664 2
    endloop
  endfacet
  facet normal 0.671548 0.740961 0
    outer loop
      vertex -2.96985 -2.96985 2
      vertex -2.66445 -3.24664 0
      vertex -2.96985 -2.96985 0
    endloop
  endfacet
  facet normal 0.595698 0.803208 -0
    outer loop
      vertex -2.33339 -3.49217 0
      vertex -2.66445 -3.24664 2
      vertex -2.33339 -3.49217 2
    endloop
  endfacet
  facet normal 0.595698 0.803208 0
    outer loop
      vertex -2.66445 -3.24664 2
      vertex -2.33339 -3.49217 0
      vertex -2.66445 -3.24664 0
    endloop
  endfacet
  facet normal 0.514117 0.85772 -0
    outer loop
      vertex -1.97987 -3.70407 0
      vertex -2.33339 -3.49217 2
      vertex -1.97987 -3.70407 2
    endloop
  endfacet
  facet normal 0.514117 0.85772 0
    outer loop
      vertex -2.33339 -3.49217 2
      vertex -1.97987 -3.70407 0
      vertex -2.33339 -3.49217 0
    endloop
  endfacet
  facet normal 0.146736 0.989176 -0
    outer loop
      vertex -0.411672 -4.17978 0
      vertex -0.819379 -4.1193 2
      vertex -0.411672 -4.17978 2
    endloop
  endfacet
  facet normal 0.146736 0.989176 0
    outer loop
      vertex -0.819379 -4.1193 2
      vertex -0.411672 -4.17978 0
      vertex -0.819379 -4.1193 0
    endloop
  endfacet
  facet normal 0.903996 0.427542 0
    outer loop
      vertex -3.70407 -1.97987 2
      vertex -3.88029 -1.60727 0
      vertex -3.88029 -1.60727 2
    endloop
  endfacet
  facet normal 0.903996 0.427542 0
    outer loop
      vertex -3.88029 -1.60727 0
      vertex -3.70407 -1.97987 2
      vertex -3.70407 -1.97987 0
    endloop
  endfacet
  facet normal 0.941539 0.336903 0
    outer loop
      vertex -3.88029 -1.60727 2
      vertex -4.01915 -1.2192 0
      vertex -4.01915 -1.2192 2
    endloop
  endfacet
  facet normal 0.941539 0.336903 0
    outer loop
      vertex -4.01915 -1.2192 0
      vertex -3.88029 -1.60727 2
      vertex -3.88029 -1.60727 0
    endloop
  endfacet
  facet normal 0.998796 0.0490576 0
    outer loop
      vertex -4.17978 -0.411672 2
      vertex -4.2 0 0
      vertex -4.2 0 2
    endloop
  endfacet
  facet normal 0.998796 0.0490576 0
    outer loop
      vertex -4.2 0 0
      vertex -4.17978 -0.411672 2
      vertex -4.17978 -0.411672 0
    endloop
  endfacet
  facet normal -0.740961 -0.671548 0
    outer loop
      vertex 3.24664 2.66445 0
      vertex 2.96985 2.96985 2
      vertex 2.96985 2.96985 0
    endloop
  endfacet
  facet normal -0.740961 -0.671548 0
    outer loop
      vertex 2.96985 2.96985 2
      vertex 3.24664 2.66445 0
      vertex 3.24664 2.66445 2
    endloop
  endfacet
  facet normal 0.941539 -0.336903 0
    outer loop
      vertex -4.01915 1.2192 2
      vertex -3.88029 1.60727 0
      vertex -3.88029 1.60727 2
    endloop
  endfacet
  facet normal 0.941539 -0.336903 0
    outer loop
      vertex -3.88029 1.60727 0
      vertex -4.01915 1.2192 2
      vertex -4.01915 1.2192 0
    endloop
  endfacet
  facet normal 0.427542 -0.903996 0
    outer loop
      vertex -1.97987 3.70407 0
      vertex -1.60727 3.88029 2
      vertex -1.97987 3.70407 2
    endloop
  endfacet
  facet normal 0.427542 -0.903996 0
    outer loop
      vertex -1.60727 3.88029 2
      vertex -1.97987 3.70407 0
      vertex -1.60727 3.88029 0
    endloop
  endfacet
  facet normal -0.146736 0.989176 0
    outer loop
      vertex 0.819379 -4.1193 0
      vertex 0.411672 -4.17978 2
      vertex 0.819379 -4.1193 2
    endloop
  endfacet
  facet normal -0.146736 0.989176 0
    outer loop
      vertex 0.411672 -4.17978 2
      vertex 0.819379 -4.1193 0
      vertex 0.411672 -4.17978 0
    endloop
  endfacet
  facet normal -0.427542 0.903996 0
    outer loop
      vertex 1.97987 -3.70407 0
      vertex 1.60727 -3.88029 2
      vertex 1.97987 -3.70407 2
    endloop
  endfacet
  facet normal -0.427542 0.903996 0
    outer loop
      vertex 1.60727 -3.88029 2
      vertex 1.97987 -3.70407 0
      vertex 1.60727 -3.88029 0
    endloop
  endfacet
  facet normal -0.941539 0.336903 0
    outer loop
      vertex 3.88029 -1.60727 0
      vertex 4.01915 -1.2192 2
      vertex 4.01915 -1.2192 0
    endloop
  endfacet
  facet normal -0.941539 0.336903 0
    outer loop
      vertex 4.01915 -1.2192 2
      vertex 3.88029 -1.60727 0
      vertex 3.88029 -1.60727 2
    endloop
  endfacet
  facet normal -0.989176 0.146736 0
    outer loop
      vertex 4.1193 -0.819379 0
      vertex 4.17978 -0.411672 2
      vertex 4.17978 -0.411672 0
    endloop
  endfacet
  facet normal -0.989176 0.146736 0
    outer loop
      vertex 4.17978 -0.411672 2
      vertex 4.1193 -0.819379 0
      vertex 4.1193 -0.819379 2
    endloop
  endfacet
  facet normal 0.427542 0.903996 -0
    outer loop
      vertex -1.60727 -3.88029 0
      vertex -1.97987 -3.70407 2
      vertex -1.60727 -3.88029 2
    endloop
  endfacet
  facet normal 0.427542 0.903996 0
    outer loop
      vertex -1.97987 -3.70407 2
      vertex -1.60727 -3.88029 0
      vertex -1.97987 -3.70407 0
    endloop
  endfacet
  facet normal 0.24298 0.970031 -0
    outer loop
      vertex -0.819379 -4.1193 0
      vertex -1.2192 -4.01915 2
      vertex -0.819379 -4.1193 2
    endloop
  endfacet
  facet normal 0.24298 0.970031 0
    outer loop
      vertex -1.2192 -4.01915 2
      vertex -0.819379 -4.1193 0
      vertex -1.2192 -4.01915 0
    endloop
  endfacet
  facet normal 0.0490576 0.998796 -0
    outer loop
      vertex 0 -4.2 0
      vertex -0.411672 -4.17978 2
      vertex 0 -4.2 2
    endloop
  endfacet
  facet normal 0.0490576 0.998796 0
    outer loop
      vertex -0.411672 -4.17978 2
      vertex 0 -4.2 0
      vertex -0.411672 -4.17978 0
    endloop
  endfacet
  facet normal 0.85772 0.514117 0
    outer loop
      vertex -3.49217 -2.33339 2
      vertex -3.70407 -1.97987 0
      vertex -3.70407 -1.97987 2
    endloop
  endfacet
  facet normal 0.85772 0.514117 0
    outer loop
      vertex -3.70407 -1.97987 0
      vertex -3.49217 -2.33339 2
      vertex -3.49217 -2.33339 0
    endloop
  endfacet
  facet normal 0.989176 0.146736 0
    outer loop
      vertex -4.1193 -0.819379 2
      vertex -4.17978 -0.411672 0
      vertex -4.17978 -0.411672 2
    endloop
  endfacet
  facet normal 0.989176 0.146736 0
    outer loop
      vertex -4.17978 -0.411672 0
      vertex -4.1193 -0.819379 2
      vertex -4.1193 -0.819379 0
    endloop
  endfacet
  facet normal -0.336903 0.941539 0
    outer loop
      vertex 1.60727 -3.88029 0
      vertex 1.2192 -4.01915 2
      vertex 1.60727 -3.88029 2
    endloop
  endfacet
  facet normal -0.336903 0.941539 0
    outer loop
      vertex 1.2192 -4.01915 2
      vertex 1.60727 -3.88029 0
      vertex 1.2192 -4.01915 0
    endloop
  endfacet
  facet normal -0.866026 -0.5 0
    outer loop
      vertex 7.62102 0 2
      vertex 3.81051 6.6 7.6
      vertex 3.81051 6.6 2
    endloop
  endfacet
  facet normal -0.866026 -0.5 0
    outer loop
      vertex 3.81051 6.6 7.6
      vertex 7.62102 0 2
      vertex 7.62102 0 7.6
    endloop
  endfacet
  facet normal 0.866026 -0.5 0
    outer loop
      vertex -7.62102 0 7.6
      vertex -3.81051 6.6 2
      vertex -3.81051 6.6 7.6
    endloop
  endfacet
  facet normal 0.866026 -0.5 0
    outer loop
      vertex -3.81051 6.6 2
      vertex -7.62102 0 7.6
      vertex -7.62102 0 2
    endloop
  endfacet
  facet normal 0 -1 0
    outer loop
      vertex -3.81051 6.6 2
      vertex 3.81051 6.6 7.6
      vertex -3.81051 6.6 7.6
    endloop
  endfacet
  facet normal 0 -1 -0
    outer loop
      vertex 3.81051 6.6 7.6
      vertex -3.81051 6.6 2
      vertex 3.81051 6.6 2
    endloop
  endfacet
  facet normal 0.866026 0.5 0
    outer loop
      vertex -3.81051 -6.6 7.6
      vertex -7.62102 0 2
      vertex -7.62102 0 7.6
    endloop
  endfacet
  facet normal 0.866026 0.5 0
    outer loop
      vertex -7.62102 0 2
      vertex -3.81051 -6.6 7.6
      vertex -3.81051 -6.6 2
    endloop
  endfacet
  facet normal 0 0 1
    outer loop
      vertex 7.62102 0 2
      vertex 4.17978 0.411672 2
      vertex 4.2 0 2
    endloop
  endfacet
  facet normal 0 0 1
    outer loop
      vertex 7.62102 0 2
      vertex 4.1193 0.819379 2
      vertex 4.17978 0.411672 2
    endloop
  endfacet
  facet normal 0 0 1
    outer loop
      vertex 7.62102 0 2
      vertex 4.01915 1.2192 2
      vertex 4.1193 0.819379 2
    endloop
  endfacet
  facet normal 0 0 1
    outer loop
      vertex 7.62102 0 2
      vertex 3.88029 1.60727 2
      vertex 4.01915 1.2192 2
    endloop
  endfacet
  facet normal -0 0 1
    outer loop
      vertex 3.70407 1.97987 2
      vertex 7.62102 0 2
      vertex 3.81051 6.6 2
    endloop
  endfacet
  facet normal 0 0 1
    outer loop
      vertex 7.62102 0 2
      vertex 3.70407 1.97987 2
      vertex 3.88029 1.60727 2
    endloop
  endfacet
  facet normal 0 0 1
    outer loop
      vertex 3.81051 6.6 2
      vertex 3.49217 2.33339 2
      vertex 3.70407 1.97987 2
    endloop
  endfacet
  facet normal 0 0 1
    outer loop
      vertex 3.81051 6.6 2
      vertex 3.24664 2.66445 2
      vertex 3.49217 2.33339 2
    endloop
  endfacet
  facet normal 0 0 1
    outer loop
      vertex 3.81051 6.6 2
      vertex 2.96985 2.96985 2
      vertex 3.24664 2.66445 2
    endloop
  endfacet
  facet normal 0 0 1
    outer loop
      vertex 3.81051 6.6 2
      vertex 2.66445 3.24664 2
      vertex 2.96985 2.96985 2
    endloop
  endfacet
  facet normal 0 0 1
    outer loop
      vertex 3.81051 6.6 2
      vertex 2.33339 3.49217 2
      vertex 2.66445 3.24664 2
    endloop
  endfacet
  facet normal 0 0 1
    outer loop
      vertex 3.81051 6.6 2
      vertex 1.97987 3.70407 2
      vertex 2.33339 3.49217 2
    endloop
  endfacet
  facet normal 0 0 1
    outer loop
      vertex 3.81051 6.6 2
      vertex 1.60727 3.88029 2
      vertex 1.97987 3.70407 2
    endloop
  endfacet
  facet normal 0 0 1
    outer loop
      vertex 3.81051 6.6 2
      vertex 1.2192 4.01915 2
      vertex 1.60727 3.88029 2
    endloop
  endfacet
  facet normal 0 0 1
    outer loop
      vertex 3.81051 6.6 2
      vertex 0.819379 4.1193 2
      vertex 1.2192 4.01915 2
    endloop
  endfacet
  facet normal 0 0 1
    outer loop
      vertex 3.81051 6.6 2
      vertex 0.411672 4.17978 2
      vertex 0.819379 4.1193 2
    endloop
  endfacet
  facet normal 0 0 1
    outer loop
      vertex 3.81051 6.6 2
      vertex 0 4.2 2
      vertex 0.411672 4.17978 2
    endloop
  endfacet
  facet normal -0 0 1
    outer loop
      vertex -3.81051 6.6 2
      vertex 0 4.2 2
      vertex 3.81051 6.6 2
    endloop
  endfacet
  facet normal 0 0 1
    outer loop
      vertex 0 4.2 2
      vertex -3.81051 6.6 2
      vertex -0.411672 4.17978 2
    endloop
  endfacet
  facet normal 0 0 1
    outer loop
      vertex -0.411672 4.17978 2
      vertex -3.81051 6.6 2
      vertex -0.819379 4.1193 2
    endloop
  endfacet
  facet normal 0 0 1
    outer loop
      vertex -0.819379 4.1193 2
      vertex -3.81051 6.6 2
      vertex -1.2192 4.01915 2
    endloop
  endfacet
  facet normal 0 0 1
    outer loop
      vertex -1.2192 4.01915 2
      vertex -3.81051 6.6 2
      vertex -1.60727 3.88029 2
    endloop
  endfacet
  facet normal 0 0 1
    outer loop
      vertex -1.60727 3.88029 2
      vertex -3.81051 6.6 2
      vertex -1.97987 3.70407 2
    endloop
  endfacet
  facet normal 0 0 1
    outer loop
      vertex -3.81051 6.6 2
      vertex -2.33339 3.49217 2
      vertex -1.97987 3.70407 2
    endloop
  endfacet
  facet normal 0 0 1
    outer loop
      vertex -3.81051 6.6 2
      vertex -2.66445 3.24664 2
      vertex -2.33339 3.49217 2
    endloop
  endfacet
  facet normal 0 0 1
    outer loop
      vertex -3.81051 6.6 2
      vertex -2.96985 2.96985 2
      vertex -2.66445 3.24664 2
    endloop
  endfacet
  facet normal 0 0 1
    outer loop
      vertex -3.81051 6.6 2
      vertex -3.24664 2.66445 2
      vertex -2.96985 2.96985 2
    endloop
  endfacet
  facet normal 0 0 1
    outer loop
      vertex -3.81051 6.6 2
      vertex -3.49217 2.33339 2
      vertex -3.24664 2.66445 2
    endloop
  endfacet
  facet normal 0 0 1
    outer loop
      vertex -3.81051 6.6 2
      vertex -3.70407 1.97987 2
      vertex -3.49217 2.33339 2
    endloop
  endfacet
  facet normal 0 0 1
    outer loop
      vertex -7.62102 0 2
      vertex -3.70407 1.97987 2
      vertex -3.81051 6.6 2
    endloop
  endfacet
  facet normal 0 0 1
    outer loop
      vertex -3.70407 1.97987 2
      vertex -7.62102 0 2
      vertex -3.88029 1.60727 2
    endloop
  endfacet
  facet normal 0 0 1
    outer loop
      vertex -3.88029 1.60727 2
      vertex -7.62102 0 2
      vertex -4.01915 1.2192 2
    endloop
  endfacet
  facet normal 0 0 1
    outer loop
      vertex -4.01915 1.2192 2
      vertex -7.62102 0 2
      vertex -4.1193 0.819379 2
    endloop
  endfacet
  facet normal 0 0 1
    outer loop
      vertex -4.17978 0.411672 2
      vertex -7.62102 0 2
      vertex -4.2 0 2
    endloop
  endfacet
  facet normal 0 0 1
    outer loop
      vertex -4.1193 0.819379 2
      vertex -7.62102 0 2
      vertex -4.17978 0.411672 2
    endloop
  endfacet
  facet normal 0 0 1
    outer loop
      vertex 4.17978 -0.411672 2
      vertex 7.62102 0 2
      vertex 4.2 0 2
    endloop
  endfacet
  facet normal 0 0 1
    outer loop
      vertex 4.1193 -0.819379 2
      vertex 7.62102 0 2
      vertex 4.17978 -0.411672 2
    endloop
  endfacet
  facet normal 0 0 1
    outer loop
      vertex 4.01915 -1.2192 2
      vertex 7.62102 0 2
      vertex 4.1193 -0.819379 2
    endloop
  endfacet
  facet normal 0 0 1
    outer loop
      vertex 3.88029 -1.60727 2
      vertex 7.62102 0 2
      vertex 4.01915 -1.2192 2
    endloop
  endfacet
  facet normal 0 0 1
    outer loop
      vertex 3.70407 -1.97987 2
      vertex 7.62102 0 2
      vertex 3.88029 -1.60727 2
    endloop
  endfacet
  facet normal 0 0 1
    outer loop
      vertex 7.62102 0 2
      vertex 3.70407 -1.97987 2
      vertex 3.81051 -6.6 2
    endloop
  endfacet
  facet normal -0 0 1
    outer loop
      vertex 3.49217 -2.33339 2
      vertex 3.81051 -6.6 2
      vertex 3.70407 -1.97987 2
    endloop
  endfacet
  facet normal -0 0 1
    outer loop
      vertex 3.24664 -2.66445 2
      vertex 3.81051 -6.6 2
      vertex 3.49217 -2.33339 2
    endloop
  endfacet
  facet normal -0 0 1
    outer loop
      vertex 2.96985 -2.96985 2
      vertex 3.81051 -6.6 2
      vertex 3.24664 -2.66445 2
    endloop
  endfacet
  facet normal -0 0 1
    outer loop
      vertex 2.66445 -3.24664 2
      vertex 3.81051 -6.6 2
      vertex 2.96985 -2.96985 2
    endloop
  endfacet
  facet normal -0 0 1
    outer loop
      vertex 2.33339 -3.49217 2
      vertex 3.81051 -6.6 2
      vertex 2.66445 -3.24664 2
    endloop
  endfacet
  facet normal -0 0 1
    outer loop
      vertex 1.97987 -3.70407 2
      vertex 3.81051 -6.6 2
      vertex 2.33339 -3.49217 2
    endloop
  endfacet
  facet normal -0 0 1
    outer loop
      vertex 1.60727 -3.88029 2
      vertex 3.81051 -6.6 2
      vertex 1.97987 -3.70407 2
    endloop
  endfacet
  facet normal -0 0 1
    outer loop
      vertex 1.2192 -4.01915 2
      vertex 3.81051 -6.6 2
      vertex 1.60727 -3.88029 2
    endloop
  endfacet
  facet normal -0 0 1
    outer loop
      vertex 0.819379 -4.1193 2
      vertex 3.81051 -6.6 2
      vertex 1.2192 -4.01915 2
    endloop
  endfacet
  facet normal -0 0 1
    outer loop
      vertex 0.411672 -4.17978 2
      vertex 3.81051 -6.6 2
      vertex 0.819379 -4.1193 2
    endloop
  endfacet
  facet normal -0 0 1
    outer loop
      vertex 0 -4.2 2
      vertex 3.81051 -6.6 2
      vertex 0.411672 -4.17978 2
    endloop
  endfacet
  facet normal 0 0 1
    outer loop
      vertex -3.81051 -6.6 2
      vertex 0 -4.2 2
      vertex -0.411672 -4.17978 2
    endloop
  endfacet
  facet normal 0 0 1
    outer loop
      vertex -3.81051 -6.6 2
      vertex -0.411672 -4.17978 2
      vertex -0.819379 -4.1193 2
    endloop
  endfacet
  facet normal 0 0 1
    outer loop
      vertex -3.81051 -6.6 2
      vertex -0.819379 -4.1193 2
      vertex -1.2192 -4.01915 2
    endloop
  endfacet
  facet normal 0 0 1
    outer loop
      vertex -3.81051 -6.6 2
      vertex -1.2192 -4.01915 2
      vertex -1.60727 -3.88029 2
    endloop
  endfacet
  facet normal 0 0 1
    outer loop
      vertex -3.81051 -6.6 2
      vertex -1.60727 -3.88029 2
      vertex -1.97987 -3.70407 2
    endloop
  endfacet
  facet normal 0 0 1
    outer loop
      vertex 0 -4.2 2
      vertex -3.81051 -6.6 2
      vertex 3.81051 -6.6 2
    endloop
  endfacet
  facet normal 0 0 1
    outer loop
      vertex -2.33339 -3.49217 2
      vertex -3.81051 -6.6 2
      vertex -1.97987 -3.70407 2
    endloop
  endfacet
  facet normal 0 0 1
    outer loop
      vertex -2.66445 -3.24664 2
      vertex -3.81051 -6.6 2
      vertex -2.33339 -3.49217 2
    endloop
  endfacet
  facet normal 0 0 1
    outer loop
      vertex -2.96985 -2.96985 2
      vertex -3.81051 -6.6 2
      vertex -2.66445 -3.24664 2
    endloop
  endfacet
  facet normal 0 0 1
    outer loop
      vertex -3.24664 -2.66445 2
      vertex -3.81051 -6.6 2
      vertex -2.96985 -2.96985 2
    endloop
  endfacet
  facet normal 0 0 1
    outer loop
      vertex -3.49217 -2.33339 2
      vertex -3.81051 -6.6 2
      vertex -3.24664 -2.66445 2
    endloop
  endfacet
  facet normal 0 0 1
    outer loop
      vertex -3.70407 -1.97987 2
      vertex -3.81051 -6.6 2
      vertex -3.49217 -2.33339 2
    endloop
  endfacet
  facet normal 0 0 1
    outer loop
      vertex -7.62102 0 2
      vertex -3.70407 -1.97987 2
      vertex -3.88029 -1.60727 2
    endloop
  endfacet
  facet normal 0 0 1
    outer loop
      vertex -7.62102 0 2
      vertex -3.88029 -1.60727 2
      vertex -4.01915 -1.2192 2
    endloop
  endfacet
  facet normal 0 0 1
    outer loop
      vertex -7.62102 0 2
      vertex -4.01915 -1.2192 2
      vertex -4.1193 -0.819379 2
    endloop
  endfacet
  facet normal 0 0 1
    outer loop
      vertex -7.62102 0 2
      vertex -4.1193 -0.819379 2
      vertex -4.17978 -0.411672 2
    endloop
  endfacet
  facet normal 0 0 1
    outer loop
      vertex -3.70407 -1.97987 2
      vertex -7.62102 0 2
      vertex -3.81051 -6.6 2
    endloop
  endfacet
  facet normal -0 0 1
    outer loop
      vertex -7.62102 0 2
      vertex -4.17978 -0.411672 2
      vertex -4.2 0 2
    endloop
  endfacet
  facet normal 0 1 -0
    outer loop
      vertex 3.81051 -6.6 2
      vertex -3.81051 -6.6 7.6
      vertex 3.81051 -6.6 7.6
    endloop
  endfacet
  facet normal 0 1 0
    outer loop
      vertex -3.81051 -6.6 7.6
      vertex 3.81051 -6.6 2
      vertex -3.81051 -6.6 2
    endloop
  endfacet
  facet normal -0.866026 0.5 0
    outer loop
      vertex 3.81051 -6.6 2
      vertex 7.62102 0 7.6
      vertex 7.62102 0 2
    endloop
  endfacet
  facet normal -0.866026 0.5 0
    outer loop
      vertex 7.62102 0 7.6
      vertex 3.81051 -6.6 2
      vertex 3.81051 -6.6 7.6
    endloop
  endfacet
  facet normal -0.987675 -0.156516 0
    outer loop
      vertex -29.55 -10 0
      vertex -29.6308 -9.49012 4
      vertex -29.6308 -9.49012 0
    endloop
  endfacet
  facet normal -0.987675 -0.156516 0
    outer loop
      vertex -29.6308 -9.49012 4
      vertex -29.55 -10 0
      vertex -29.55 -10 4
    endloop
  endfacet
  facet normal 0.156434 -0.987688 0
    outer loop
      vertex -31.7099 -8.43076 0
      vertex -31.2 -8.35 4
      vertex -31.7099 -8.43076 4
    endloop
  endfacet
  facet normal 0.156434 -0.987688 0
    outer loop
      vertex -31.2 -8.35 4
      vertex -31.7099 -8.43076 0
      vertex -31.2 -8.35 0
    endloop
  endfacet
  facet normal -0.15651 0.987676 0
    outer loop
      vertex -30.6901 -11.5692 0
      vertex -31.2 -11.65 4
      vertex -30.6901 -11.5692 4
    endloop
  endfacet
  facet normal -0.15651 0.987676 0
    outer loop
      vertex -31.2 -11.65 4
      vertex -30.6901 -11.5692 0
      vertex -31.2 -11.65 0
    endloop
  endfacet
  facet normal -0.707039 -0.707175 0
    outer loop
      vertex -29.8651 -9.03015 0
      vertex -30.2302 -8.66512 4
      vertex -30.2302 -8.66512 0
    endloop
  endfacet
  facet normal -0.707039 -0.707175 0
    outer loop
      vertex -30.2302 -8.66512 4
      vertex -29.8651 -9.03015 0
      vertex -29.8651 -9.03015 4
    endloop
  endfacet
  facet normal -0.891059 -0.453888 0
    outer loop
      vertex -29.6308 -9.49012 0
      vertex -29.8651 -9.03015 4
      vertex -29.8651 -9.03015 0
    endloop
  endfacet
  facet normal -0.891059 -0.453888 0
    outer loop
      vertex -29.8651 -9.03015 4
      vertex -29.6308 -9.49012 0
      vertex -29.6308 -9.49012 4
    endloop
  endfacet
  facet normal 0.891059 -0.453888 0
    outer loop
      vertex -32.7692 -9.49012 4
      vertex -32.5349 -9.03015 0
      vertex -32.5349 -9.03015 4
    endloop
  endfacet
  facet normal 0.891059 -0.453888 0
    outer loop
      vertex -32.5349 -9.03015 0
      vertex -32.7692 -9.49012 4
      vertex -32.7692 -9.49012 0
    endloop
  endfacet
  facet normal 0.987675 -0.156516 0
    outer loop
      vertex -32.85 -10 4
      vertex -32.7692 -9.49012 0
      vertex -32.7692 -9.49012 4
    endloop
  endfacet
  facet normal 0.987675 -0.156516 0
    outer loop
      vertex -32.7692 -9.49012 0
      vertex -32.85 -10 4
      vertex -32.85 -10 0
    endloop
  endfacet
  facet normal 0.454035 -0.890984 0
    outer loop
      vertex -32.1698 -8.66512 0
      vertex -31.7099 -8.43076 4
      vertex -32.1698 -8.66512 4
    endloop
  endfacet
  facet normal 0.454035 -0.890984 0
    outer loop
      vertex -31.7099 -8.43076 4
      vertex -32.1698 -8.66512 0
      vertex -31.7099 -8.43076 0
    endloop
  endfacet
  facet normal -0.987676 0.15651 0
    outer loop
      vertex -29.6308 -10.5099 0
      vertex -29.55 -10 4
      vertex -29.55 -10 0
    endloop
  endfacet
  facet normal -0.987676 0.15651 0
    outer loop
      vertex -29.55 -10 4
      vertex -29.6308 -10.5099 0
      vertex -29.6308 -10.5099 4
    endloop
  endfacet
  facet normal -0.891031 0.453943 0
    outer loop
      vertex -29.8651 -10.9698 0
      vertex -29.6308 -10.5099 4
      vertex -29.6308 -10.5099 0
    endloop
  endfacet
  facet normal -0.891031 0.453943 0
    outer loop
      vertex -29.6308 -10.5099 4
      vertex -29.8651 -10.9698 0
      vertex -29.8651 -10.9698 4
    endloop
  endfacet
  facet normal -0.156434 -0.987688 0
    outer loop
      vertex -31.2 -8.35 0
      vertex -30.6901 -8.43076 4
      vertex -31.2 -8.35 4
    endloop
  endfacet
  facet normal -0.156434 -0.987688 -0
    outer loop
      vertex -30.6901 -8.43076 4
      vertex -31.2 -8.35 0
      vertex -30.6901 -8.43076 0
    endloop
  endfacet
  facet normal -0.454035 -0.890984 0
    outer loop
      vertex -30.6901 -8.43076 0
      vertex -30.2302 -8.66512 4
      vertex -30.6901 -8.43076 4
    endloop
  endfacet
  facet normal -0.454035 -0.890984 -0
    outer loop
      vertex -30.2302 -8.66512 4
      vertex -30.6901 -8.43076 0
      vertex -30.2302 -8.66512 0
    endloop
  endfacet
  facet normal 0.987676 0.15651 0
    outer loop
      vertex -32.7692 -10.5099 4
      vertex -32.85 -10 0
      vertex -32.85 -10 4
    endloop
  endfacet
  facet normal 0.987676 0.15651 0
    outer loop
      vertex -32.85 -10 0
      vertex -32.7692 -10.5099 4
      vertex -32.7692 -10.5099 0
    endloop
  endfacet
  facet normal 0.707039 -0.707175 0
    outer loop
      vertex -32.5349 -9.03015 4
      vertex -32.1698 -8.66512 0
      vertex -32.1698 -8.66512 4
    endloop
  endfacet
  facet normal 0.707039 -0.707175 0
    outer loop
      vertex -32.1698 -8.66512 0
      vertex -32.5349 -9.03015 4
      vertex -32.5349 -9.03015 0
    endloop
  endfacet
  facet normal -0.453943 0.891031 0
    outer loop
      vertex -30.2302 -11.3349 0
      vertex -30.6901 -11.5692 4
      vertex -30.2302 -11.3349 4
    endloop
  endfacet
  facet normal -0.453943 0.891031 0
    outer loop
      vertex -30.6901 -11.5692 4
      vertex -30.2302 -11.3349 0
      vertex -30.6901 -11.5692 0
    endloop
  endfacet
  facet normal 0.891031 0.453943 0
    outer loop
      vertex -32.5349 -10.9698 4
      vertex -32.7692 -10.5099 0
      vertex -32.7692 -10.5099 4
    endloop
  endfacet
  facet normal 0.891031 0.453943 0
    outer loop
      vertex -32.7692 -10.5099 0
      vertex -32.5349 -10.9698 4
      vertex -32.5349 -10.9698 0
    endloop
  endfacet
  facet normal -0.707107 0.707107 0
    outer loop
      vertex -30.2302 -11.3349 0
      vertex -29.8651 -10.9698 4
      vertex -29.8651 -10.9698 0
    endloop
  endfacet
  facet normal -0.707107 0.707107 0
    outer loop
      vertex -29.8651 -10.9698 4
      vertex -30.2302 -11.3349 0
      vertex -30.2302 -11.3349 4
    endloop
  endfacet
  facet normal 0.707107 0.707107 0
    outer loop
      vertex -32.1698 -11.3349 4
      vertex -32.5349 -10.9698 0
      vertex -32.5349 -10.9698 4
    endloop
  endfacet
  facet normal 0.707107 0.707107 0
    outer loop
      vertex -32.5349 -10.9698 0
      vertex -32.1698 -11.3349 4
      vertex -32.1698 -11.3349 0
    endloop
  endfacet
  facet normal 0.15651 0.987676 -0
    outer loop
      vertex -31.2 -11.65 0
      vertex -31.7099 -11.5692 4
      vertex -31.2 -11.65 4
    endloop
  endfacet
  facet normal 0.15651 0.987676 0
    outer loop
      vertex -31.7099 -11.5692 4
      vertex -31.2 -11.65 0
      vertex -31.7099 -11.5692 0
    endloop
  endfacet
  facet normal 0.453943 0.891031 -0
    outer loop
      vertex -31.7099 -11.5692 0
      vertex -32.1698 -11.3349 4
      vertex -31.7099 -11.5692 4
    endloop
  endfacet
  facet normal 0.453943 0.891031 0
    outer loop
      vertex -32.1698 -11.3349 4
      vertex -31.7099 -11.5692 0
      vertex -32.1698 -11.3349 0
    endloop
  endfacet
  facet normal -0.987676 -0.15651 0
    outer loop
      vertex -29.55 10 0
      vertex -29.6308 10.5099 4
      vertex -29.6308 10.5099 0
    endloop
  endfacet
  facet normal -0.987676 -0.15651 0
    outer loop
      vertex -29.6308 10.5099 4
      vertex -29.55 10 0
      vertex -29.55 10 4
    endloop
  endfacet
  facet normal 0.15651 -0.987676 0
    outer loop
      vertex -31.7099 11.5692 0
      vertex -31.2 11.65 4
      vertex -31.7099 11.5692 4
    endloop
  endfacet
  facet normal 0.15651 -0.987676 0
    outer loop
      vertex -31.2 11.65 4
      vertex -31.7099 11.5692 0
      vertex -31.2 11.65 0
    endloop
  endfacet
  facet normal -0.156434 0.987688 0
    outer loop
      vertex -30.6901 8.43076 0
      vertex -31.2 8.35 4
      vertex -30.6901 8.43076 4
    endloop
  endfacet
  facet normal -0.156434 0.987688 0
    outer loop
      vertex -31.2 8.35 4
      vertex -30.6901 8.43076 0
      vertex -31.2 8.35 0
    endloop
  endfacet
  facet normal -0.454035 0.890984 0
    outer loop
      vertex -30.2302 8.66512 0
      vertex -30.6901 8.43076 4
      vertex -30.2302 8.66512 4
    endloop
  endfacet
  facet normal -0.454035 0.890984 0
    outer loop
      vertex -30.6901 8.43076 4
      vertex -30.2302 8.66512 0
      vertex -30.6901 8.43076 0
    endloop
  endfacet
  facet normal -0.707107 -0.707107 0
    outer loop
      vertex -29.8651 10.9698 0
      vertex -30.2302 11.3349 4
      vertex -30.2302 11.3349 0
    endloop
  endfacet
  facet normal -0.707107 -0.707107 0
    outer loop
      vertex -30.2302 11.3349 4
      vertex -29.8651 10.9698 0
      vertex -29.8651 10.9698 4
    endloop
  endfacet
  facet normal -0.891031 -0.453943 0
    outer loop
      vertex -29.6308 10.5099 0
      vertex -29.8651 10.9698 4
      vertex -29.8651 10.9698 0
    endloop
  endfacet
  facet normal -0.891031 -0.453943 0
    outer loop
      vertex -29.8651 10.9698 4
      vertex -29.6308 10.5099 0
      vertex -29.6308 10.5099 4
    endloop
  endfacet
  facet normal 0.891031 -0.453943 0
    outer loop
      vertex -32.7692 10.5099 4
      vertex -32.5349 10.9698 0
      vertex -32.5349 10.9698 4
    endloop
  endfacet
  facet normal 0.891031 -0.453943 0
    outer loop
      vertex -32.5349 10.9698 0
      vertex -32.7692 10.5099 4
      vertex -32.7692 10.5099 0
    endloop
  endfacet
  facet normal 0.987676 -0.15651 0
    outer loop
      vertex -32.85 10 4
      vertex -32.7692 10.5099 0
      vertex -32.7692 10.5099 4
    endloop
  endfacet
  facet normal 0.987676 -0.15651 0
    outer loop
      vertex -32.7692 10.5099 0
      vertex -32.85 10 4
      vertex -32.85 10 0
    endloop
  endfacet
  facet normal 0.453943 -0.891031 0
    outer loop
      vertex -32.1698 11.3349 0
      vertex -31.7099 11.5692 4
      vertex -32.1698 11.3349 4
    endloop
  endfacet
  facet normal 0.453943 -0.891031 0
    outer loop
      vertex -31.7099 11.5692 4
      vertex -32.1698 11.3349 0
      vertex -31.7099 11.5692 0
    endloop
  endfacet
  facet normal -0.987675 0.156516 0
    outer loop
      vertex -29.6308 9.49012 0
      vertex -29.55 10 4
      vertex -29.55 10 0
    endloop
  endfacet
  facet normal -0.987675 0.156516 0
    outer loop
      vertex -29.55 10 4
      vertex -29.6308 9.49012 0
      vertex -29.6308 9.49012 4
    endloop
  endfacet
  facet normal -0.15651 -0.987676 0
    outer loop
      vertex -31.2 11.65 0
      vertex -30.6901 11.5692 4
      vertex -31.2 11.65 4
    endloop
  endfacet
  facet normal -0.15651 -0.987676 -0
    outer loop
      vertex -30.6901 11.5692 4
      vertex -31.2 11.65 0
      vertex -30.6901 11.5692 0
    endloop
  endfacet
  facet normal -0.453943 -0.891031 0
    outer loop
      vertex -30.6901 11.5692 0
      vertex -30.2302 11.3349 4
      vertex -30.6901 11.5692 4
    endloop
  endfacet
  facet normal -0.453943 -0.891031 -0
    outer loop
      vertex -30.2302 11.3349 4
      vertex -30.6901 11.5692 0
      vertex -30.2302 11.3349 0
    endloop
  endfacet
  facet normal 0.987675 0.156516 0
    outer loop
      vertex -32.7692 9.49012 4
      vertex -32.85 10 0
      vertex -32.85 10 4
    endloop
  endfacet
  facet normal 0.987675 0.156516 0
    outer loop
      vertex -32.85 10 0
      vertex -32.7692 9.49012 4
      vertex -32.7692 9.49012 0
    endloop
  endfacet
  facet normal 0.707107 -0.707107 0
    outer loop
      vertex -32.5349 10.9698 4
      vertex -32.1698 11.3349 0
      vertex -32.1698 11.3349 4
    endloop
  endfacet
  facet normal 0.707107 -0.707107 0
    outer loop
      vertex -32.1698 11.3349 0
      vertex -32.5349 10.9698 4
      vertex -32.5349 10.9698 0
    endloop
  endfacet
  facet normal 0.891059 0.453888 0
    outer loop
      vertex -32.5349 9.03015 4
      vertex -32.7692 9.49012 0
      vertex -32.7692 9.49012 4
    endloop
  endfacet
  facet normal 0.891059 0.453888 0
    outer loop
      vertex -32.7692 9.49012 0
      vertex -32.5349 9.03015 4
      vertex -32.5349 9.03015 0
    endloop
  endfacet
  facet normal -0.707039 0.707175 0
    outer loop
      vertex -30.2302 8.66512 0
      vertex -29.8651 9.03015 4
      vertex -29.8651 9.03015 0
    endloop
  endfacet
  facet normal -0.707039 0.707175 0
    outer loop
      vertex -29.8651 9.03015 4
      vertex -30.2302 8.66512 0
      vertex -30.2302 8.66512 4
    endloop
  endfacet
  facet normal 0.454035 0.890984 -0
    outer loop
      vertex -31.7099 8.43076 0
      vertex -32.1698 8.66512 4
      vertex -31.7099 8.43076 4
    endloop
  endfacet
  facet normal 0.454035 0.890984 0
    outer loop
      vertex -32.1698 8.66512 4
      vertex -31.7099 8.43076 0
      vertex -32.1698 8.66512 0
    endloop
  endfacet
  facet normal 0.707039 0.707175 0
    outer loop
      vertex -32.1698 8.66512 4
      vertex -32.5349 9.03015 0
      vertex -32.5349 9.03015 4
    endloop
  endfacet
  facet normal 0.707039 0.707175 0
    outer loop
      vertex -32.5349 9.03015 0
      vertex -32.1698 8.66512 4
      vertex -32.1698 8.66512 0
    endloop
  endfacet
  facet normal -0.891059 0.453888 0
    outer loop
      vertex -29.8651 9.03015 0
      vertex -29.6308 9.49012 4
      vertex -29.6308 9.49012 0
    endloop
  endfacet
  facet normal -0.891059 0.453888 0
    outer loop
      vertex -29.6308 9.49012 4
      vertex -29.8651 9.03015 0
      vertex -29.8651 9.03015 4
    endloop
  endfacet
  facet normal 0.156434 0.987688 -0
    outer loop
      vertex -31.2 8.35 0
      vertex -31.7099 8.43076 4
      vertex -31.2 8.35 4
    endloop
  endfacet
  facet normal 0.156434 0.987688 0
    outer loop
      vertex -31.7099 8.43076 4
      vertex -31.2 8.35 0
      vertex -31.7099 8.43076 0
    endloop
  endfacet
  facet normal -0.987675 -0.156516 0
    outer loop
      vertex 32.85 -10 0
      vertex 32.7692 -9.49012 4
      vertex 32.7692 -9.49012 0
    endloop
  endfacet
  facet normal -0.987675 -0.156516 0
    outer loop
      vertex 32.7692 -9.49012 4
      vertex 32.85 -10 0
      vertex 32.85 -10 4
    endloop
  endfacet
  facet normal 0.987675 -0.156516 0
    outer loop
      vertex 29.55 -10 4
      vertex 29.6308 -9.49012 0
      vertex 29.6308 -9.49012 4
    endloop
  endfacet
  facet normal 0.987675 -0.156516 0
    outer loop
      vertex 29.6308 -9.49012 0
      vertex 29.55 -10 4
      vertex 29.55 -10 0
    endloop
  endfacet
  facet normal -0.156434 -0.987688 0
    outer loop
      vertex 31.2 -8.35 0
      vertex 31.7099 -8.43076 4
      vertex 31.2 -8.35 4
    endloop
  endfacet
  facet normal -0.156434 -0.987688 -0
    outer loop
      vertex 31.7099 -8.43076 4
      vertex 31.2 -8.35 0
      vertex 31.7099 -8.43076 0
    endloop
  endfacet
  facet normal -0.707039 -0.707175 0
    outer loop
      vertex 32.5349 -9.03015 0
      vertex 32.1698 -8.66512 4
      vertex 32.1698 -8.66512 0
    endloop
  endfacet
  facet normal -0.707039 -0.707175 0
    outer loop
      vertex 32.1698 -8.66512 4
      vertex 32.5349 -9.03015 0
      vertex 32.5349 -9.03015 4
    endloop
  endfacet
  facet normal -0.891059 -0.453888 0
    outer loop
      vertex 32.7692 -9.49012 0
      vertex 32.5349 -9.03015 4
      vertex 32.5349 -9.03015 0
    endloop
  endfacet
  facet normal -0.891059 -0.453888 0
    outer loop
      vertex 32.5349 -9.03015 4
      vertex 32.7692 -9.49012 0
      vertex 32.7692 -9.49012 4
    endloop
  endfacet
  facet normal -0.454035 -0.890984 0
    outer loop
      vertex 31.7099 -8.43076 0
      vertex 32.1698 -8.66512 4
      vertex 31.7099 -8.43076 4
    endloop
  endfacet
  facet normal -0.454035 -0.890984 -0
    outer loop
      vertex 32.1698 -8.66512 4
      vertex 31.7099 -8.43076 0
      vertex 32.1698 -8.66512 0
    endloop
  endfacet
  facet normal 0.454035 -0.890984 0
    outer loop
      vertex 30.2302 -8.66512 0
      vertex 30.6901 -8.43076 4
      vertex 30.2302 -8.66512 4
    endloop
  endfacet
  facet normal 0.454035 -0.890984 0
    outer loop
      vertex 30.6901 -8.43076 4
      vertex 30.2302 -8.66512 0
      vertex 30.6901 -8.43076 0
    endloop
  endfacet
  facet normal 0.156434 -0.987688 0
    outer loop
      vertex 30.6901 -8.43076 0
      vertex 31.2 -8.35 4
      vertex 30.6901 -8.43076 4
    endloop
  endfacet
  facet normal 0.156434 -0.987688 0
    outer loop
      vertex 31.2 -8.35 4
      vertex 30.6901 -8.43076 0
      vertex 31.2 -8.35 0
    endloop
  endfacet
  facet normal -0.891031 0.453943 0
    outer loop
      vertex 32.5349 -10.9698 0
      vertex 32.7692 -10.5099 4
      vertex 32.7692 -10.5099 0
    endloop
  endfacet
  facet normal -0.891031 0.453943 0
    outer loop
      vertex 32.7692 -10.5099 4
      vertex 32.5349 -10.9698 0
      vertex 32.5349 -10.9698 4
    endloop
  endfacet
  facet normal 0.453943 0.891031 -0
    outer loop
      vertex 30.6901 -11.5692 0
      vertex 30.2302 -11.3349 4
      vertex 30.6901 -11.5692 4
    endloop
  endfacet
  facet normal 0.453943 0.891031 0
    outer loop
      vertex 30.2302 -11.3349 4
      vertex 30.6901 -11.5692 0
      vertex 30.2302 -11.3349 0
    endloop
  endfacet
  facet normal 0.987676 0.15651 0
    outer loop
      vertex 29.6308 -10.5099 4
      vertex 29.55 -10 0
      vertex 29.55 -10 4
    endloop
  endfacet
  facet normal 0.987676 0.15651 0
    outer loop
      vertex 29.55 -10 0
      vertex 29.6308 -10.5099 4
      vertex 29.6308 -10.5099 0
    endloop
  endfacet
  facet normal 0.707039 -0.707175 0
    outer loop
      vertex 29.8651 -9.03015 4
      vertex 30.2302 -8.66512 0
      vertex 30.2302 -8.66512 4
    endloop
  endfacet
  facet normal 0.707039 -0.707175 0
    outer loop
      vertex 30.2302 -8.66512 0
      vertex 29.8651 -9.03015 4
      vertex 29.8651 -9.03015 0
    endloop
  endfacet
  facet normal 0.891059 -0.453888 0
    outer loop
      vertex 29.6308 -9.49012 4
      vertex 29.8651 -9.03015 0
      vertex 29.8651 -9.03015 4
    endloop
  endfacet
  facet normal 0.891059 -0.453888 0
    outer loop
      vertex 29.8651 -9.03015 0
      vertex 29.6308 -9.49012 4
      vertex 29.6308 -9.49012 0
    endloop
  endfacet
  facet normal -0.987676 0.15651 0
    outer loop
      vertex 32.7692 -10.5099 0
      vertex 32.85 -10 4
      vertex 32.85 -10 0
    endloop
  endfacet
  facet normal -0.987676 0.15651 0
    outer loop
      vertex 32.85 -10 4
      vertex 32.7692 -10.5099 0
      vertex 32.7692 -10.5099 4
    endloop
  endfacet
  facet normal -0.15651 0.987676 0
    outer loop
      vertex 31.7099 -11.5692 0
      vertex 31.2 -11.65 4
      vertex 31.7099 -11.5692 4
    endloop
  endfacet
  facet normal -0.15651 0.987676 0
    outer loop
      vertex 31.2 -11.65 4
      vertex 31.7099 -11.5692 0
      vertex 31.2 -11.65 0
    endloop
  endfacet
  facet normal 0.15651 0.987676 -0
    outer loop
      vertex 31.2 -11.65 0
      vertex 30.6901 -11.5692 4
      vertex 31.2 -11.65 4
    endloop
  endfacet
  facet normal 0.15651 0.987676 0
    outer loop
      vertex 30.6901 -11.5692 4
      vertex 31.2 -11.65 0
      vertex 30.6901 -11.5692 0
    endloop
  endfacet
  facet normal 0.891031 0.453943 0
    outer loop
      vertex 29.8651 -10.9698 4
      vertex 29.6308 -10.5099 0
      vertex 29.6308 -10.5099 4
    endloop
  endfacet
  facet normal 0.891031 0.453943 0
    outer loop
      vertex 29.6308 -10.5099 0
      vertex 29.8651 -10.9698 4
      vertex 29.8651 -10.9698 0
    endloop
  endfacet
  facet normal -0.707107 0.707107 0
    outer loop
      vertex 32.1698 -11.3349 0
      vertex 32.5349 -10.9698 4
      vertex 32.5349 -10.9698 0
    endloop
  endfacet
  facet normal -0.707107 0.707107 0
    outer loop
      vertex 32.5349 -10.9698 4
      vertex 32.1698 -11.3349 0
      vertex 32.1698 -11.3349 4
    endloop
  endfacet
  facet normal 0.707107 0.707107 0
    outer loop
      vertex 30.2302 -11.3349 4
      vertex 29.8651 -10.9698 0
      vertex 29.8651 -10.9698 4
    endloop
  endfacet
  facet normal 0.707107 0.707107 0
    outer loop
      vertex 29.8651 -10.9698 0
      vertex 30.2302 -11.3349 4
      vertex 30.2302 -11.3349 0
    endloop
  endfacet
  facet normal -0.453943 0.891031 0
    outer loop
      vertex 32.1698 -11.3349 0
      vertex 31.7099 -11.5692 4
      vertex 32.1698 -11.3349 4
    endloop
  endfacet
  facet normal -0.453943 0.891031 0
    outer loop
      vertex 31.7099 -11.5692 4
      vertex 32.1698 -11.3349 0
      vertex 31.7099 -11.5692 0
    endloop
  endfacet
  facet normal -0.987676 -0.15651 0
    outer loop
      vertex 32.85 10 0
      vertex 32.7692 10.5099 4
      vertex 32.7692 10.5099 0
    endloop
  endfacet
  facet normal -0.987676 -0.15651 0
    outer loop
      vertex 32.7692 10.5099 4
      vertex 32.85 10 0
      vertex 32.85 10 4
    endloop
  endfacet
  facet normal 0.987676 -0.15651 0
    outer loop
      vertex 29.55 10 4
      vertex 29.6308 10.5099 0
      vertex 29.6308 10.5099 4
    endloop
  endfacet
  facet normal 0.987676 -0.15651 0
    outer loop
      vertex 29.6308 10.5099 0
      vertex 29.55 10 4
      vertex 29.55 10 0
    endloop
  endfacet
  facet normal -0.15651 -0.987676 0
    outer loop
      vertex 31.2 11.65 0
      vertex 31.7099 11.5692 4
      vertex 31.2 11.65 4
    endloop
  endfacet
  facet normal -0.15651 -0.987676 -0
    outer loop
      vertex 31.7099 11.5692 4
      vertex 31.2 11.65 0
      vertex 31.7099 11.5692 0
    endloop
  endfacet
  facet normal 0.707039 0.707175 0
    outer loop
      vertex 30.2302 8.66512 4
      vertex 29.8651 9.03015 0
      vertex 29.8651 9.03015 4
    endloop
  endfacet
  facet normal 0.707039 0.707175 0
    outer loop
      vertex 29.8651 9.03015 0
      vertex 30.2302 8.66512 4
      vertex 30.2302 8.66512 0
    endloop
  endfacet
  facet normal -0.707107 -0.707107 0
    outer loop
      vertex 32.5349 10.9698 0
      vertex 32.1698 11.3349 4
      vertex 32.1698 11.3349 0
    endloop
  endfacet
  facet normal -0.707107 -0.707107 0
    outer loop
      vertex 32.1698 11.3349 4
      vertex 32.5349 10.9698 0
      vertex 32.5349 10.9698 4
    endloop
  endfacet
  facet normal -0.891031 -0.453943 0
    outer loop
      vertex 32.7692 10.5099 0
      vertex 32.5349 10.9698 4
      vertex 32.5349 10.9698 0
    endloop
  endfacet
  facet normal -0.891031 -0.453943 0
    outer loop
      vertex 32.5349 10.9698 4
      vertex 32.7692 10.5099 0
      vertex 32.7692 10.5099 4
    endloop
  endfacet
  facet normal -0.453943 -0.891031 0
    outer loop
      vertex 31.7099 11.5692 0
      vertex 32.1698 11.3349 4
      vertex 31.7099 11.5692 4
    endloop
  endfacet
  facet normal -0.453943 -0.891031 -0
    outer loop
      vertex 32.1698 11.3349 4
      vertex 31.7099 11.5692 0
      vertex 32.1698 11.3349 0
    endloop
  endfacet
  facet normal 0.453943 -0.891031 0
    outer loop
      vertex 30.2302 11.3349 0
      vertex 30.6901 11.5692 4
      vertex 30.2302 11.3349 4
    endloop
  endfacet
  facet normal 0.453943 -0.891031 0
    outer loop
      vertex 30.6901 11.5692 4
      vertex 30.2302 11.3349 0
      vertex 30.6901 11.5692 0
    endloop
  endfacet
  facet normal 0.15651 -0.987676 0
    outer loop
      vertex 30.6901 11.5692 0
      vertex 31.2 11.65 4
      vertex 30.6901 11.5692 4
    endloop
  endfacet
  facet normal 0.15651 -0.987676 0
    outer loop
      vertex 31.2 11.65 4
      vertex 30.6901 11.5692 0
      vertex 31.2 11.65 0
    endloop
  endfacet
  facet normal -0.891059 0.453888 0
    outer loop
      vertex 32.5349 9.03015 0
      vertex 32.7692 9.49012 4
      vertex 32.7692 9.49012 0
    endloop
  endfacet
  facet normal -0.891059 0.453888 0
    outer loop
      vertex 32.7692 9.49012 4
      vertex 32.5349 9.03015 0
      vertex 32.5349 9.03015 4
    endloop
  endfacet
  facet normal 0.454035 0.890984 -0
    outer loop
      vertex 30.6901 8.43076 0
      vertex 30.2302 8.66512 4
      vertex 30.6901 8.43076 4
    endloop
  endfacet
  facet normal 0.454035 0.890984 0
    outer loop
      vertex 30.2302 8.66512 4
      vertex 30.6901 8.43076 0
      vertex 30.2302 8.66512 0
    endloop
  endfacet
  facet normal 0.987675 0.156516 0
    outer loop
      vertex 29.6308 9.49012 4
      vertex 29.55 10 0
      vertex 29.55 10 4
    endloop
  endfacet
  facet normal 0.987675 0.156516 0
    outer loop
      vertex 29.55 10 0
      vertex 29.6308 9.49012 4
      vertex 29.6308 9.49012 0
    endloop
  endfacet
  facet normal 0.707107 -0.707107 0
    outer loop
      vertex 29.8651 10.9698 4
      vertex 30.2302 11.3349 0
      vertex 30.2302 11.3349 4
    endloop
  endfacet
  facet normal 0.707107 -0.707107 0
    outer loop
      vertex 30.2302 11.3349 0
      vertex 29.8651 10.9698 4
      vertex 29.8651 10.9698 0
    endloop
  endfacet
  facet normal 0.891031 -0.453943 0
    outer loop
      vertex 29.6308 10.5099 4
      vertex 29.8651 10.9698 0
      vertex 29.8651 10.9698 4
    endloop
  endfacet
  facet normal 0.891031 -0.453943 0
    outer loop
      vertex 29.8651 10.9698 0
      vertex 29.6308 10.5099 4
      vertex 29.6308 10.5099 0
    endloop
  endfacet
  facet normal -0.987675 0.156516 0
    outer loop
      vertex 32.7692 9.49012 0
      vertex 32.85 10 4
      vertex 32.85 10 0
    endloop
  endfacet
  facet normal -0.987675 0.156516 0
    outer loop
      vertex 32.85 10 4
      vertex 32.7692 9.49012 0
      vertex 32.7692 9.49012 4
    endloop
  endfacet
  facet normal -0.156434 0.987688 0
    outer loop
      vertex 31.7099 8.43076 0
      vertex 31.2 8.35 4
      vertex 31.7099 8.43076 4
    endloop
  endfacet
  facet normal -0.156434 0.987688 0
    outer loop
      vertex 31.2 8.35 4
      vertex 31.7099 8.43076 0
      vertex 31.2 8.35 0
    endloop
  endfacet
  facet normal 0.156434 0.987688 -0
    outer loop
      vertex 31.2 8.35 0
      vertex 30.6901 8.43076 4
      vertex 31.2 8.35 4
    endloop
  endfacet
  facet normal 0.156434 0.987688 0
    outer loop
      vertex 30.6901 8.43076 4
      vertex 31.2 8.35 0
      vertex 30.6901 8.43076 0
    endloop
  endfacet
  facet normal 0.891059 0.453888 0
    outer loop
      vertex 29.8651 9.03015 4
      vertex 29.6308 9.49012 0
      vertex 29.6308 9.49012 4
    endloop
  endfacet
  facet normal 0.891059 0.453888 0
    outer loop
      vertex 29.6308 9.49012 0
      vertex 29.8651 9.03015 4
      vertex 29.8651 9.03015 0
    endloop
  endfacet
  facet normal -0.707039 0.707175 0
    outer loop
      vertex 32.1698 8.66512 0
      vertex 32.5349 9.03015 4
      vertex 32.5349 9.03015 0
    endloop
  endfacet
  facet normal -0.707039 0.707175 0
    outer loop
      vertex 32.5349 9.03015 4
      vertex 32.1698 8.66512 0
      vertex 32.1698 8.66512 4
    endloop
  endfacet
  facet normal -0.454035 0.890984 0
    outer loop
      vertex 32.1698 8.66512 0
      vertex 31.7099 8.43076 4
      vertex 32.1698 8.66512 4
    endloop
  endfacet
  facet normal -0.454035 0.890984 0
    outer loop
      vertex 31.7099 8.43076 4
      vertex 32.1698 8.66512 0
      vertex 31.7099 8.43076 0
    endloop
  endfacet
  facet normal -0.866019 -0.500012 0
    outer loop
      vertex -24.2091 53.9726 0
      vertex -25.8546 56.8226 2.59
      vertex -25.8546 56.8226 0
    endloop
  endfacet
  facet normal -0.866019 -0.500012 0
    outer loop
      vertex -25.8546 56.8226 2.59
      vertex -24.2091 53.9726 0
      vertex -24.2091 53.9726 2.59
    endloop
  endfacet
  facet normal 0.866019 -0.500012 0
    outer loop
      vertex -30.7909 53.9726 2.59
      vertex -29.1454 56.8226 0
      vertex -29.1454 56.8226 2.59
    endloop
  endfacet
  facet normal 0.866019 -0.500012 0
    outer loop
      vertex -29.1454 56.8226 0
      vertex -30.7909 53.9726 2.59
      vertex -30.7909 53.9726 0
    endloop
  endfacet
  facet normal 0 -1 0
    outer loop
      vertex -29.1454 56.8226 0
      vertex -25.8546 56.8226 2.59
      vertex -29.1454 56.8226 2.59
    endloop
  endfacet
  facet normal 0 -1 -0
    outer loop
      vertex -25.8546 56.8226 2.59
      vertex -29.1454 56.8226 0
      vertex -25.8546 56.8226 0
    endloop
  endfacet
  facet normal 0 0 -1
    outer loop
      vertex -26.1651 53.0028 2.59
      vertex -24.2091 53.9726 2.59
      vertex -25.8546 51.1226 2.59
    endloop
  endfacet
  facet normal -0 0 -1
    outer loop
      vertex -24.2091 53.9726 2.59
      vertex -25.9308 53.4628 2.59
      vertex -25.85 53.9726 2.59
    endloop
  endfacet
  facet normal 0 0 -1
    outer loop
      vertex -24.2091 53.9726 2.59
      vertex -26.1651 53.0028 2.59
      vertex -25.9308 53.4628 2.59
    endloop
  endfacet
  facet normal 0 0 -1
    outer loop
      vertex -25.8546 51.1226 2.59
      vertex -26.5302 52.6378 2.59
      vertex -26.1651 53.0028 2.59
    endloop
  endfacet
  facet normal 0 0 -1
    outer loop
      vertex -25.8546 51.1226 2.59
      vertex -26.9901 52.4034 2.59
      vertex -26.5302 52.6378 2.59
    endloop
  endfacet
  facet normal 0 0 -1
    outer loop
      vertex -25.8546 51.1226 2.59
      vertex -27.5 52.3226 2.59
      vertex -26.9901 52.4034 2.59
    endloop
  endfacet
  facet normal 0 0 -1
    outer loop
      vertex -29.1454 51.1226 2.59
      vertex -27.5 52.3226 2.59
      vertex -25.8546 51.1226 2.59
    endloop
  endfacet
  facet normal -0 0 -1
    outer loop
      vertex -27.5 52.3226 2.59
      vertex -29.1454 51.1226 2.59
      vertex -28.0099 52.4034 2.59
    endloop
  endfacet
  facet normal -0 0 -1
    outer loop
      vertex -28.0099 52.4034 2.59
      vertex -29.1454 51.1226 2.59
      vertex -28.4698 52.6378 2.59
    endloop
  endfacet
  facet normal 0 0 -1
    outer loop
      vertex -29.1454 51.1226 2.59
      vertex -28.8349 53.0028 2.59
      vertex -28.4698 52.6378 2.59
    endloop
  endfacet
  facet normal 0 0 -1
    outer loop
      vertex -30.7909 53.9726 2.59
      vertex -28.8349 53.0028 2.59
      vertex -29.1454 51.1226 2.59
    endloop
  endfacet
  facet normal 0 0 -1
    outer loop
      vertex -28.8349 53.0028 2.59
      vertex -30.7909 53.9726 2.59
      vertex -29.0692 53.4628 2.59
    endloop
  endfacet
  facet normal 0 0 -1
    outer loop
      vertex -29.0692 53.4628 2.59
      vertex -30.7909 53.9726 2.59
      vertex -29.15 53.9726 2.59
    endloop
  endfacet
  facet normal 0 0 -1
    outer loop
      vertex -25.9308 54.4825 2.59
      vertex -24.2091 53.9726 2.59
      vertex -25.85 53.9726 2.59
    endloop
  endfacet
  facet normal 0 0 -1
    outer loop
      vertex -26.1651 54.9425 2.59
      vertex -24.2091 53.9726 2.59
      vertex -25.9308 54.4825 2.59
    endloop
  endfacet
  facet normal 0 0 -1
    outer loop
      vertex -24.2091 53.9726 2.59
      vertex -26.1651 54.9425 2.59
      vertex -25.8546 56.8226 2.59
    endloop
  endfacet
  facet normal 0 0 -1
    outer loop
      vertex -26.5302 55.3075 2.59
      vertex -25.8546 56.8226 2.59
      vertex -26.1651 54.9425 2.59
    endloop
  endfacet
  facet normal 0 0 -1
    outer loop
      vertex -26.9901 55.5419 2.59
      vertex -25.8546 56.8226 2.59
      vertex -26.5302 55.3075 2.59
    endloop
  endfacet
  facet normal 0 0 -1
    outer loop
      vertex -27.5 55.6226 2.59
      vertex -25.8546 56.8226 2.59
      vertex -26.9901 55.5419 2.59
    endloop
  endfacet
  facet normal 0 0 -1
    outer loop
      vertex -29.1454 56.8226 2.59
      vertex -27.5 55.6226 2.59
      vertex -28.0099 55.5419 2.59
    endloop
  endfacet
  facet normal 0 0 -1
    outer loop
      vertex -29.1454 56.8226 2.59
      vertex -28.0099 55.5419 2.59
      vertex -28.4698 55.3075 2.59
    endloop
  endfacet
  facet normal 0 0 -1
    outer loop
      vertex -27.5 55.6226 2.59
      vertex -29.1454 56.8226 2.59
      vertex -25.8546 56.8226 2.59
    endloop
  endfacet
  facet normal 0 0 -1
    outer loop
      vertex -28.8349 54.9425 2.59
      vertex -29.1454 56.8226 2.59
      vertex -28.4698 55.3075 2.59
    endloop
  endfacet
  facet normal 0 0 -1
    outer loop
      vertex -30.7909 53.9726 2.59
      vertex -28.8349 54.9425 2.59
      vertex -29.0692 54.4825 2.59
    endloop
  endfacet
  facet normal 0 0 -1
    outer loop
      vertex -30.7909 53.9726 2.59
      vertex -29.0692 54.4825 2.59
      vertex -29.15 53.9726 2.59
    endloop
  endfacet
  facet normal -0 0 -1
    outer loop
      vertex -28.8349 54.9425 2.59
      vertex -30.7909 53.9726 2.59
      vertex -29.1454 56.8226 2.59
    endloop
  endfacet
  facet normal -0.866019 0.500012 0
    outer loop
      vertex -25.8546 51.1226 0
      vertex -24.2091 53.9726 2.59
      vertex -24.2091 53.9726 0
    endloop
  endfacet
  facet normal -0.866019 0.500012 0
    outer loop
      vertex -24.2091 53.9726 2.59
      vertex -25.8546 51.1226 0
      vertex -25.8546 51.1226 2.59
    endloop
  endfacet
  facet normal 0 1 -0
    outer loop
      vertex -25.8546 51.1226 0
      vertex -29.1454 51.1226 2.59
      vertex -25.8546 51.1226 2.59
    endloop
  endfacet
  facet normal 0 1 0
    outer loop
      vertex -29.1454 51.1226 2.59
      vertex -25.8546 51.1226 0
      vertex -29.1454 51.1226 0
    endloop
  endfacet
  facet normal 0.866019 0.500012 0
    outer loop
      vertex -29.1454 51.1226 2.59
      vertex -30.7909 53.9726 0
      vertex -30.7909 53.9726 2.59
    endloop
  endfacet
  facet normal 0.866019 0.500012 0
    outer loop
      vertex -30.7909 53.9726 0
      vertex -29.1454 51.1226 2.59
      vertex -29.1454 51.1226 0
    endloop
  endfacet
  facet normal -0.987676 -0.15651 0
    outer loop
      vertex -25.85 53.9726 2.59
      vertex -25.9308 54.4825 4
      vertex -25.9308 54.4825 2.59
    endloop
  endfacet
  facet normal -0.987676 -0.15651 0
    outer loop
      vertex -25.9308 54.4825 4
      vertex -25.85 53.9726 2.59
      vertex -25.85 53.9726 4
    endloop
  endfacet
  facet normal 0.987676 -0.15651 0
    outer loop
      vertex -29.15 53.9726 4
      vertex -29.0692 54.4825 2.59
      vertex -29.0692 54.4825 4
    endloop
  endfacet
  facet normal 0.987676 -0.15651 0
    outer loop
      vertex -29.0692 54.4825 2.59
      vertex -29.15 53.9726 4
      vertex -29.15 53.9726 2.59
    endloop
  endfacet
  facet normal -0.156321 -0.987706 0
    outer loop
      vertex -27.5 55.6226 2.59
      vertex -26.9901 55.5419 4
      vertex -27.5 55.6226 4
    endloop
  endfacet
  facet normal -0.156321 -0.987706 -0
    outer loop
      vertex -26.9901 55.5419 4
      vertex -27.5 55.6226 2.59
      vertex -26.9901 55.5419 2.59
    endloop
  endfacet
  facet normal -0.70701 -0.707204 0
    outer loop
      vertex -26.1651 54.9425 2.59
      vertex -26.5302 55.3075 4
      vertex -26.5302 55.3075 2.59
    endloop
  endfacet
  facet normal -0.70701 -0.707204 0
    outer loop
      vertex -26.5302 55.3075 4
      vertex -26.1651 54.9425 2.59
      vertex -26.1651 54.9425 4
    endloop
  endfacet
  facet normal -0.891071 -0.453865 0
    outer loop
      vertex -25.9308 54.4825 2.59
      vertex -26.1651 54.9425 4
      vertex -26.1651 54.9425 2.59
    endloop
  endfacet
  facet normal -0.891071 -0.453865 0
    outer loop
      vertex -26.1651 54.9425 4
      vertex -25.9308 54.4825 2.59
      vertex -25.9308 54.4825 4
    endloop
  endfacet
  facet normal -0.454097 -0.890952 0
    outer loop
      vertex -26.9901 55.5419 2.59
      vertex -26.5302 55.3075 4
      vertex -26.9901 55.5419 4
    endloop
  endfacet
  facet normal -0.454097 -0.890952 -0
    outer loop
      vertex -26.5302 55.3075 4
      vertex -26.9901 55.5419 2.59
      vertex -26.5302 55.3075 2.59
    endloop
  endfacet
  facet normal 0.454097 -0.890952 0
    outer loop
      vertex -28.4698 55.3075 2.59
      vertex -28.0099 55.5419 4
      vertex -28.4698 55.3075 4
    endloop
  endfacet
  facet normal 0.454097 -0.890952 0
    outer loop
      vertex -28.0099 55.5419 4
      vertex -28.4698 55.3075 2.59
      vertex -28.0099 55.5419 2.59
    endloop
  endfacet
  facet normal 0.70701 -0.707204 0
    outer loop
      vertex -28.8349 54.9425 4
      vertex -28.4698 55.3075 2.59
      vertex -28.4698 55.3075 4
    endloop
  endfacet
  facet normal 0.70701 -0.707204 0
    outer loop
      vertex -28.4698 55.3075 2.59
      vertex -28.8349 54.9425 4
      vertex -28.8349 54.9425 2.59
    endloop
  endfacet
  facet normal 0.156321 -0.987706 0
    outer loop
      vertex -28.0099 55.5419 2.59
      vertex -27.5 55.6226 4
      vertex -28.0099 55.5419 4
    endloop
  endfacet
  facet normal 0.156321 -0.987706 0
    outer loop
      vertex -27.5 55.6226 4
      vertex -28.0099 55.5419 2.59
      vertex -27.5 55.6226 2.59
    endloop
  endfacet
  facet normal -0.891071 0.453865 0
    outer loop
      vertex -26.1651 53.0028 2.59
      vertex -25.9308 53.4628 4
      vertex -25.9308 53.4628 2.59
    endloop
  endfacet
  facet normal -0.891071 0.453865 0
    outer loop
      vertex -25.9308 53.4628 4
      vertex -26.1651 53.0028 2.59
      vertex -26.1651 53.0028 4
    endloop
  endfacet
  facet normal 0.70701 0.707204 0
    outer loop
      vertex -28.4698 52.6378 4
      vertex -28.8349 53.0028 2.59
      vertex -28.8349 53.0028 4
    endloop
  endfacet
  facet normal 0.70701 0.707204 0
    outer loop
      vertex -28.8349 53.0028 2.59
      vertex -28.4698 52.6378 4
      vertex -28.4698 52.6378 2.59
    endloop
  endfacet
  facet normal 0.987672 0.15654 0
    outer loop
      vertex -29.0692 53.4628 4
      vertex -29.15 53.9726 2.59
      vertex -29.15 53.9726 4
    endloop
  endfacet
  facet normal 0.987672 0.15654 0
    outer loop
      vertex -29.15 53.9726 2.59
      vertex -29.0692 53.4628 4
      vertex -29.0692 53.4628 2.59
    endloop
  endfacet
  facet normal 0.891071 -0.453865 0
    outer loop
      vertex -29.0692 54.4825 4
      vertex -28.8349 54.9425 2.59
      vertex -28.8349 54.9425 4
    endloop
  endfacet
  facet normal 0.891071 -0.453865 0
    outer loop
      vertex -28.8349 54.9425 2.59
      vertex -29.0692 54.4825 4
      vertex -29.0692 54.4825 2.59
    endloop
  endfacet
  facet normal -0.987672 0.15654 0
    outer loop
      vertex -25.9308 53.4628 2.59
      vertex -25.85 53.9726 4
      vertex -25.85 53.9726 2.59
    endloop
  endfacet
  facet normal -0.987672 0.15654 0
    outer loop
      vertex -25.85 53.9726 4
      vertex -25.9308 53.4628 2.59
      vertex -25.9308 53.4628 4
    endloop
  endfacet
  facet normal -0.15651 0.987676 0
    outer loop
      vertex -26.9901 52.4034 2.59
      vertex -27.5 52.3226 4
      vertex -26.9901 52.4034 4
    endloop
  endfacet
  facet normal -0.15651 0.987676 0
    outer loop
      vertex -27.5 52.3226 4
      vertex -26.9901 52.4034 2.59
      vertex -27.5 52.3226 2.59
    endloop
  endfacet
  facet normal -0.70701 0.707204 0
    outer loop
      vertex -26.5302 52.6378 2.59
      vertex -26.1651 53.0028 4
      vertex -26.1651 53.0028 2.59
    endloop
  endfacet
  facet normal -0.70701 0.707204 0
    outer loop
      vertex -26.1651 53.0028 4
      vertex -26.5302 52.6378 2.59
      vertex -26.5302 52.6378 4
    endloop
  endfacet
  facet normal 0.454097 0.890952 -0
    outer loop
      vertex -28.0099 52.4034 2.59
      vertex -28.4698 52.6378 4
      vertex -28.0099 52.4034 4
    endloop
  endfacet
  facet normal 0.454097 0.890952 0
    outer loop
      vertex -28.4698 52.6378 4
      vertex -28.0099 52.4034 2.59
      vertex -28.4698 52.6378 2.59
    endloop
  endfacet
  facet normal 0.891071 0.453865 0
    outer loop
      vertex -28.8349 53.0028 4
      vertex -29.0692 53.4628 2.59
      vertex -29.0692 53.4628 4
    endloop
  endfacet
  facet normal 0.891071 0.453865 0
    outer loop
      vertex -29.0692 53.4628 2.59
      vertex -28.8349 53.0028 4
      vertex -28.8349 53.0028 2.59
    endloop
  endfacet
  facet normal -0.454097 0.890952 0
    outer loop
      vertex -26.5302 52.6378 2.59
      vertex -26.9901 52.4034 4
      vertex -26.5302 52.6378 4
    endloop
  endfacet
  facet normal -0.454097 0.890952 0
    outer loop
      vertex -26.9901 52.4034 4
      vertex -26.5302 52.6378 2.59
      vertex -26.9901 52.4034 2.59
    endloop
  endfacet
  facet normal 0.15651 0.987676 -0
    outer loop
      vertex -27.5 52.3226 2.59
      vertex -28.0099 52.4034 4
      vertex -27.5 52.3226 4
    endloop
  endfacet
  facet normal 0.15651 0.987676 0
    outer loop
      vertex -28.0099 52.4034 4
      vertex -27.5 52.3226 2.59
      vertex -28.0099 52.4034 2.59
    endloop
  endfacet
  facet normal -0.866019 -0.500012 0
    outer loop
      vertex 30.7909 53.9726 0
      vertex 29.1454 56.8226 2.59
      vertex 29.1454 56.8226 0
    endloop
  endfacet
  facet normal -0.866019 -0.500012 0
    outer loop
      vertex 29.1454 56.8226 2.59
      vertex 30.7909 53.9726 0
      vertex 30.7909 53.9726 2.59
    endloop
  endfacet
  facet normal 0.866019 -0.500012 0
    outer loop
      vertex 24.2091 53.9726 2.59
      vertex 25.8546 56.8226 0
      vertex 25.8546 56.8226 2.59
    endloop
  endfacet
  facet normal 0.866019 -0.500012 0
    outer loop
      vertex 25.8546 56.8226 0
      vertex 24.2091 53.9726 2.59
      vertex 24.2091 53.9726 0
    endloop
  endfacet
  facet normal 0 -1 0
    outer loop
      vertex 25.8546 56.8226 0
      vertex 29.1454 56.8226 2.59
      vertex 25.8546 56.8226 2.59
    endloop
  endfacet
  facet normal 0 -1 -0
    outer loop
      vertex 29.1454 56.8226 2.59
      vertex 25.8546 56.8226 0
      vertex 29.1454 56.8226 0
    endloop
  endfacet
  facet normal 0 0 -1
    outer loop
      vertex 28.8349 53.0028 2.59
      vertex 30.7909 53.9726 2.59
      vertex 29.1454 51.1226 2.59
    endloop
  endfacet
  facet normal -0 0 -1
    outer loop
      vertex 30.7909 53.9726 2.59
      vertex 29.0692 53.4628 2.59
      vertex 29.15 53.9726 2.59
    endloop
  endfacet
  facet normal 0 0 -1
    outer loop
      vertex 30.7909 53.9726 2.59
      vertex 28.8349 53.0028 2.59
      vertex 29.0692 53.4628 2.59
    endloop
  endfacet
  facet normal 0 0 -1
    outer loop
      vertex 29.1454 51.1226 2.59
      vertex 28.4698 52.6378 2.59
      vertex 28.8349 53.0028 2.59
    endloop
  endfacet
  facet normal 0 0 -1
    outer loop
      vertex 29.1454 51.1226 2.59
      vertex 28.0099 52.4034 2.59
      vertex 28.4698 52.6378 2.59
    endloop
  endfacet
  facet normal 0 0 -1
    outer loop
      vertex 29.1454 51.1226 2.59
      vertex 27.5 52.3226 2.59
      vertex 28.0099 52.4034 2.59
    endloop
  endfacet
  facet normal 0 0 -1
    outer loop
      vertex 25.8546 51.1226 2.59
      vertex 27.5 52.3226 2.59
      vertex 29.1454 51.1226 2.59
    endloop
  endfacet
  facet normal -0 0 -1
    outer loop
      vertex 27.5 52.3226 2.59
      vertex 25.8546 51.1226 2.59
      vertex 26.9901 52.4034 2.59
    endloop
  endfacet
  facet normal -0 0 -1
    outer loop
      vertex 26.9901 52.4034 2.59
      vertex 25.8546 51.1226 2.59
      vertex 26.5302 52.6378 2.59
    endloop
  endfacet
  facet normal 0 0 -1
    outer loop
      vertex 25.8546 51.1226 2.59
      vertex 26.1651 53.0028 2.59
      vertex 26.5302 52.6378 2.59
    endloop
  endfacet
  facet normal 0 0 -1
    outer loop
      vertex 24.2091 53.9726 2.59
      vertex 26.1651 53.0028 2.59
      vertex 25.8546 51.1226 2.59
    endloop
  endfacet
  facet normal 0 0 -1
    outer loop
      vertex 26.1651 53.0028 2.59
      vertex 24.2091 53.9726 2.59
      vertex 25.9308 53.4628 2.59
    endloop
  endfacet
  facet normal 0 0 -1
    outer loop
      vertex 25.9308 53.4628 2.59
      vertex 24.2091 53.9726 2.59
      vertex 25.85 53.9726 2.59
    endloop
  endfacet
  facet normal 0 0 -1
    outer loop
      vertex 29.0692 54.4825 2.59
      vertex 30.7909 53.9726 2.59
      vertex 29.15 53.9726 2.59
    endloop
  endfacet
  facet normal 0 0 -1
    outer loop
      vertex 28.8349 54.9425 2.59
      vertex 30.7909 53.9726 2.59
      vertex 29.0692 54.4825 2.59
    endloop
  endfacet
  facet normal 0 0 -1
    outer loop
      vertex 30.7909 53.9726 2.59
      vertex 28.8349 54.9425 2.59
      vertex 29.1454 56.8226 2.59
    endloop
  endfacet
  facet normal 0 0 -1
    outer loop
      vertex 28.4698 55.3075 2.59
      vertex 29.1454 56.8226 2.59
      vertex 28.8349 54.9425 2.59
    endloop
  endfacet
  facet normal 0 0 -1
    outer loop
      vertex 28.0099 55.5419 2.59
      vertex 29.1454 56.8226 2.59
      vertex 28.4698 55.3075 2.59
    endloop
  endfacet
  facet normal 0 0 -1
    outer loop
      vertex 27.5 55.6226 2.59
      vertex 29.1454 56.8226 2.59
      vertex 28.0099 55.5419 2.59
    endloop
  endfacet
  facet normal 0 0 -1
    outer loop
      vertex 25.8546 56.8226 2.59
      vertex 27.5 55.6226 2.59
      vertex 26.9901 55.5419 2.59
    endloop
  endfacet
  facet normal 0 0 -1
    outer loop
      vertex 25.8546 56.8226 2.59
      vertex 26.9901 55.5419 2.59
      vertex 26.5302 55.3075 2.59
    endloop
  endfacet
  facet normal 0 0 -1
    outer loop
      vertex 27.5 55.6226 2.59
      vertex 25.8546 56.8226 2.59
      vertex 29.1454 56.8226 2.59
    endloop
  endfacet
  facet normal 0 0 -1
    outer loop
      vertex 26.1651 54.9425 2.59
      vertex 25.8546 56.8226 2.59
      vertex 26.5302 55.3075 2.59
    endloop
  endfacet
  facet normal 0 0 -1
    outer loop
      vertex 24.2091 53.9726 2.59
      vertex 26.1651 54.9425 2.59
      vertex 25.9308 54.4825 2.59
    endloop
  endfacet
  facet normal 0 0 -1
    outer loop
      vertex 24.2091 53.9726 2.59
      vertex 25.9308 54.4825 2.59
      vertex 25.85 53.9726 2.59
    endloop
  endfacet
  facet normal -0 0 -1
    outer loop
      vertex 26.1651 54.9425 2.59
      vertex 24.2091 53.9726 2.59
      vertex 25.8546 56.8226 2.59
    endloop
  endfacet
  facet normal 0 1 -0
    outer loop
      vertex 29.1454 51.1226 0
      vertex 25.8546 51.1226 2.59
      vertex 29.1454 51.1226 2.59
    endloop
  endfacet
  facet normal 0 1 0
    outer loop
      vertex 25.8546 51.1226 2.59
      vertex 29.1454 51.1226 0
      vertex 25.8546 51.1226 0
    endloop
  endfacet
  facet normal 0.866019 0.500012 0
    outer loop
      vertex 25.8546 51.1226 2.59
      vertex 24.2091 53.9726 0
      vertex 24.2091 53.9726 2.59
    endloop
  endfacet
  facet normal 0.866019 0.500012 0
    outer loop
      vertex 24.2091 53.9726 0
      vertex 25.8546 51.1226 2.59
      vertex 25.8546 51.1226 0
    endloop
  endfacet
  facet normal -0.866019 0.500012 0
    outer loop
      vertex 29.1454 51.1226 0
      vertex 30.7909 53.9726 2.59
      vertex 30.7909 53.9726 0
    endloop
  endfacet
  facet normal -0.866019 0.500012 0
    outer loop
      vertex 30.7909 53.9726 2.59
      vertex 29.1454 51.1226 0
      vertex 29.1454 51.1226 2.59
    endloop
  endfacet
  facet normal -0.987676 -0.15651 0
    outer loop
      vertex 29.15 53.9726 2.59
      vertex 29.0692 54.4825 4
      vertex 29.0692 54.4825 2.59
    endloop
  endfacet
  facet normal -0.987676 -0.15651 0
    outer loop
      vertex 29.0692 54.4825 4
      vertex 29.15 53.9726 2.59
      vertex 29.15 53.9726 4
    endloop
  endfacet
  facet normal 0.987676 -0.15651 0
    outer loop
      vertex 25.85 53.9726 4
      vertex 25.9308 54.4825 2.59
      vertex 25.9308 54.4825 4
    endloop
  endfacet
  facet normal 0.987676 -0.15651 0
    outer loop
      vertex 25.9308 54.4825 2.59
      vertex 25.85 53.9726 4
      vertex 25.85 53.9726 2.59
    endloop
  endfacet
  facet normal -0.156321 -0.987706 0
    outer loop
      vertex 27.5 55.6226 2.59
      vertex 28.0099 55.5419 4
      vertex 27.5 55.6226 4
    endloop
  endfacet
  facet normal -0.156321 -0.987706 -0
    outer loop
      vertex 28.0099 55.5419 4
      vertex 27.5 55.6226 2.59
      vertex 28.0099 55.5419 2.59
    endloop
  endfacet
  facet normal -0.70701 -0.707204 0
    outer loop
      vertex 28.8349 54.9425 2.59
      vertex 28.4698 55.3075 4
      vertex 28.4698 55.3075 2.59
    endloop
  endfacet
  facet normal -0.70701 -0.707204 0
    outer loop
      vertex 28.4698 55.3075 4
      vertex 28.8349 54.9425 2.59
      vertex 28.8349 54.9425 4
    endloop
  endfacet
  facet normal -0.891071 -0.453865 0
    outer loop
      vertex 29.0692 54.4825 2.59
      vertex 28.8349 54.9425 4
      vertex 28.8349 54.9425 2.59
    endloop
  endfacet
  facet normal -0.891071 -0.453865 0
    outer loop
      vertex 28.8349 54.9425 4
      vertex 29.0692 54.4825 2.59
      vertex 29.0692 54.4825 4
    endloop
  endfacet
  facet normal -0.454097 -0.890952 0
    outer loop
      vertex 28.0099 55.5419 2.59
      vertex 28.4698 55.3075 4
      vertex 28.0099 55.5419 4
    endloop
  endfacet
  facet normal -0.454097 -0.890952 -0
    outer loop
      vertex 28.4698 55.3075 4
      vertex 28.0099 55.5419 2.59
      vertex 28.4698 55.3075 2.59
    endloop
  endfacet
  facet normal 0.454097 -0.890952 0
    outer loop
      vertex 26.5302 55.3075 2.59
      vertex 26.9901 55.5419 4
      vertex 26.5302 55.3075 4
    endloop
  endfacet
  facet normal 0.454097 -0.890952 0
    outer loop
      vertex 26.9901 55.5419 4
      vertex 26.5302 55.3075 2.59
      vertex 26.9901 55.5419 2.59
    endloop
  endfacet
  facet normal 0.70701 -0.707204 0
    outer loop
      vertex 26.1651 54.9425 4
      vertex 26.5302 55.3075 2.59
      vertex 26.5302 55.3075 4
    endloop
  endfacet
  facet normal 0.70701 -0.707204 0
    outer loop
      vertex 26.5302 55.3075 2.59
      vertex 26.1651 54.9425 4
      vertex 26.1651 54.9425 2.59
    endloop
  endfacet
  facet normal 0.156321 -0.987706 0
    outer loop
      vertex 26.9901 55.5419 2.59
      vertex 27.5 55.6226 4
      vertex 26.9901 55.5419 4
    endloop
  endfacet
  facet normal 0.156321 -0.987706 0
    outer loop
      vertex 27.5 55.6226 4
      vertex 26.9901 55.5419 2.59
      vertex 27.5 55.6226 2.59
    endloop
  endfacet
  facet normal -0.891071 0.453865 0
    outer loop
      vertex 28.8349 53.0028 2.59
      vertex 29.0692 53.4628 4
      vertex 29.0692 53.4628 2.59
    endloop
  endfacet
  facet normal -0.891071 0.453865 0
    outer loop
      vertex 29.0692 53.4628 4
      vertex 28.8349 53.0028 2.59
      vertex 28.8349 53.0028 4
    endloop
  endfacet
  facet normal 0.70701 0.707204 0
    outer loop
      vertex 26.5302 52.6378 4
      vertex 26.1651 53.0028 2.59
      vertex 26.1651 53.0028 4
    endloop
  endfacet
  facet normal 0.70701 0.707204 0
    outer loop
      vertex 26.1651 53.0028 2.59
      vertex 26.5302 52.6378 4
      vertex 26.5302 52.6378 2.59
    endloop
  endfacet
  facet normal 0.987672 0.15654 0
    outer loop
      vertex 25.9308 53.4628 4
      vertex 25.85 53.9726 2.59
      vertex 25.85 53.9726 4
    endloop
  endfacet
  facet normal 0.987672 0.15654 0
    outer loop
      vertex 25.85 53.9726 2.59
      vertex 25.9308 53.4628 4
      vertex 25.9308 53.4628 2.59
    endloop
  endfacet
  facet normal 0.891071 -0.453865 0
    outer loop
      vertex 25.9308 54.4825 4
      vertex 26.1651 54.9425 2.59
      vertex 26.1651 54.9425 4
    endloop
  endfacet
  facet normal 0.891071 -0.453865 0
    outer loop
      vertex 26.1651 54.9425 2.59
      vertex 25.9308 54.4825 4
      vertex 25.9308 54.4825 2.59
    endloop
  endfacet
  facet normal -0.987672 0.15654 0
    outer loop
      vertex 29.0692 53.4628 2.59
      vertex 29.15 53.9726 4
      vertex 29.15 53.9726 2.59
    endloop
  endfacet
  facet normal -0.987672 0.15654 0
    outer loop
      vertex 29.15 53.9726 4
      vertex 29.0692 53.4628 2.59
      vertex 29.0692 53.4628 4
    endloop
  endfacet
  facet normal -0.15651 0.987676 0
    outer loop
      vertex 28.0099 52.4034 2.59
      vertex 27.5 52.3226 4
      vertex 28.0099 52.4034 4
    endloop
  endfacet
  facet normal -0.15651 0.987676 0
    outer loop
      vertex 27.5 52.3226 4
      vertex 28.0099 52.4034 2.59
      vertex 27.5 52.3226 2.59
    endloop
  endfacet
  facet normal -0.70701 0.707204 0
    outer loop
      vertex 28.4698 52.6378 2.59
      vertex 28.8349 53.0028 4
      vertex 28.8349 53.0028 2.59
    endloop
  endfacet
  facet normal -0.70701 0.707204 0
    outer loop
      vertex 28.8349 53.0028 4
      vertex 28.4698 52.6378 2.59
      vertex 28.4698 52.6378 4
    endloop
  endfacet
  facet normal 0.454097 0.890952 -0
    outer loop
      vertex 26.9901 52.4034 2.59
      vertex 26.5302 52.6378 4
      vertex 26.9901 52.4034 4
    endloop
  endfacet
  facet normal 0.454097 0.890952 0
    outer loop
      vertex 26.5302 52.6378 4
      vertex 26.9901 52.4034 2.59
      vertex 26.5302 52.6378 2.59
    endloop
  endfacet
  facet normal 0.891071 0.453865 0
    outer loop
      vertex 26.1651 53.0028 4
      vertex 25.9308 53.4628 2.59
      vertex 25.9308 53.4628 4
    endloop
  endfacet
  facet normal 0.891071 0.453865 0
    outer loop
      vertex 25.9308 53.4628 2.59
      vertex 26.1651 53.0028 4
      vertex 26.1651 53.0028 2.59
    endloop
  endfacet
  facet normal -0.454097 0.890952 0
    outer loop
      vertex 28.4698 52.6378 2.59
      vertex 28.0099 52.4034 4
      vertex 28.4698 52.6378 4
    endloop
  endfacet
  facet normal -0.454097 0.890952 0
    outer loop
      vertex 28.0099 52.4034 4
      vertex 28.4698 52.6378 2.59
      vertex 28.0099 52.4034 2.59
    endloop
  endfacet
  facet normal 0.15651 0.987676 -0
    outer loop
      vertex 27.5 52.3226 2.59
      vertex 26.9901 52.4034 4
      vertex 27.5 52.3226 4
    endloop
  endfacet
  facet normal 0.15651 0.987676 0
    outer loop
      vertex 26.9901 52.4034 4
      vertex 27.5 52.3226 2.59
      vertex 26.9901 52.4034 2.59
    endloop
  endfacet
  facet normal -0.866019 -0.500012 0
    outer loop
      vertex 82.6909 -62.95 0
      vertex 81.0454 -60.1 2.59
      vertex 81.0454 -60.1 0
    endloop
  endfacet
  facet normal -0.866019 -0.500012 0
    outer loop
      vertex 81.0454 -60.1 2.59
      vertex 82.6909 -62.95 0
      vertex 82.6909 -62.95 2.59
    endloop
  endfacet
  facet normal 0.866019 -0.500012 0
    outer loop
      vertex 76.1091 -62.95 2.59
      vertex 77.7546 -60.1 0
      vertex 77.7546 -60.1 2.59
    endloop
  endfacet
  facet normal 0.866019 -0.500012 0
    outer loop
      vertex 77.7546 -60.1 0
      vertex 76.1091 -62.95 2.59
      vertex 76.1091 -62.95 0
    endloop
  endfacet
  facet normal 0 -1 0
    outer loop
      vertex 77.7546 -60.1 0
      vertex 81.0454 -60.1 2.59
      vertex 77.7546 -60.1 2.59
    endloop
  endfacet
  facet normal 0 -1 -0
    outer loop
      vertex 81.0454 -60.1 2.59
      vertex 77.7546 -60.1 0
      vertex 81.0454 -60.1 0
    endloop
  endfacet
  facet normal 0 0 -1
    outer loop
      vertex 80.7349 -63.9198 2.59
      vertex 82.6909 -62.95 2.59
      vertex 81.0454 -65.8 2.59
    endloop
  endfacet
  facet normal -0 0 -1
    outer loop
      vertex 82.6909 -62.95 2.59
      vertex 80.9692 -63.4599 2.59
      vertex 81.05 -62.95 2.59
    endloop
  endfacet
  facet normal 0 0 -1
    outer loop
      vertex 82.6909 -62.95 2.59
      vertex 80.7349 -63.9198 2.59
      vertex 80.9692 -63.4599 2.59
    endloop
  endfacet
  facet normal 0 0 -1
    outer loop
      vertex 81.0454 -65.8 2.59
      vertex 80.3698 -64.2849 2.59
      vertex 80.7349 -63.9198 2.59
    endloop
  endfacet
  facet normal 0 0 -1
    outer loop
      vertex 81.0454 -65.8 2.59
      vertex 79.9099 -64.5192 2.59
      vertex 80.3698 -64.2849 2.59
    endloop
  endfacet
  facet normal 0 0 -1
    outer loop
      vertex 81.0454 -65.8 2.59
      vertex 79.4 -64.6 2.59
      vertex 79.9099 -64.5192 2.59
    endloop
  endfacet
  facet normal 0 0 -1
    outer loop
      vertex 77.7546 -65.8 2.59
      vertex 79.4 -64.6 2.59
      vertex 81.0454 -65.8 2.59
    endloop
  endfacet
  facet normal -0 0 -1
    outer loop
      vertex 79.4 -64.6 2.59
      vertex 77.7546 -65.8 2.59
      vertex 78.8901 -64.5192 2.59
    endloop
  endfacet
  facet normal -0 0 -1
    outer loop
      vertex 78.8901 -64.5192 2.59
      vertex 77.7546 -65.8 2.59
      vertex 78.4302 -64.2849 2.59
    endloop
  endfacet
  facet normal 0 0 -1
    outer loop
      vertex 77.7546 -65.8 2.59
      vertex 78.0651 -63.9198 2.59
      vertex 78.4302 -64.2849 2.59
    endloop
  endfacet
  facet normal 0 0 -1
    outer loop
      vertex 76.1091 -62.95 2.59
      vertex 78.0651 -63.9198 2.59
      vertex 77.7546 -65.8 2.59
    endloop
  endfacet
  facet normal 0 0 -1
    outer loop
      vertex 78.0651 -63.9198 2.59
      vertex 76.1091 -62.95 2.59
      vertex 77.8308 -63.4599 2.59
    endloop
  endfacet
  facet normal 0 0 -1
    outer loop
      vertex 77.8308 -63.4599 2.59
      vertex 76.1091 -62.95 2.59
      vertex 77.75 -62.95 2.59
    endloop
  endfacet
  facet normal 0 0 -1
    outer loop
      vertex 80.9692 -62.4401 2.59
      vertex 82.6909 -62.95 2.59
      vertex 81.05 -62.95 2.59
    endloop
  endfacet
  facet normal 0 0 -1
    outer loop
      vertex 80.7349 -61.9802 2.59
      vertex 82.6909 -62.95 2.59
      vertex 80.9692 -62.4401 2.59
    endloop
  endfacet
  facet normal 0 0 -1
    outer loop
      vertex 82.6909 -62.95 2.59
      vertex 80.7349 -61.9802 2.59
      vertex 81.0454 -60.1 2.59
    endloop
  endfacet
  facet normal 0 0 -1
    outer loop
      vertex 80.3698 -61.6151 2.59
      vertex 81.0454 -60.1 2.59
      vertex 80.7349 -61.9802 2.59
    endloop
  endfacet
  facet normal 0 0 -1
    outer loop
      vertex 79.9099 -61.3808 2.59
      vertex 81.0454 -60.1 2.59
      vertex 80.3698 -61.6151 2.59
    endloop
  endfacet
  facet normal 0 0 -1
    outer loop
      vertex 79.4 -61.3 2.59
      vertex 81.0454 -60.1 2.59
      vertex 79.9099 -61.3808 2.59
    endloop
  endfacet
  facet normal 0 0 -1
    outer loop
      vertex 77.7546 -60.1 2.59
      vertex 79.4 -61.3 2.59
      vertex 78.8901 -61.3808 2.59
    endloop
  endfacet
  facet normal 0 0 -1
    outer loop
      vertex 77.7546 -60.1 2.59
      vertex 78.8901 -61.3808 2.59
      vertex 78.4302 -61.6151 2.59
    endloop
  endfacet
  facet normal 0 0 -1
    outer loop
      vertex 79.4 -61.3 2.59
      vertex 77.7546 -60.1 2.59
      vertex 81.0454 -60.1 2.59
    endloop
  endfacet
  facet normal 0 0 -1
    outer loop
      vertex 78.0651 -61.9802 2.59
      vertex 77.7546 -60.1 2.59
      vertex 78.4302 -61.6151 2.59
    endloop
  endfacet
  facet normal 0 0 -1
    outer loop
      vertex 76.1091 -62.95 2.59
      vertex 78.0651 -61.9802 2.59
      vertex 77.8308 -62.4401 2.59
    endloop
  endfacet
  facet normal 0 0 -1
    outer loop
      vertex 76.1091 -62.95 2.59
      vertex 77.8308 -62.4401 2.59
      vertex 77.75 -62.95 2.59
    endloop
  endfacet
  facet normal -0 0 -1
    outer loop
      vertex 78.0651 -61.9802 2.59
      vertex 76.1091 -62.95 2.59
      vertex 77.7546 -60.1 2.59
    endloop
  endfacet
  facet normal 0 1 -0
    outer loop
      vertex 81.0454 -65.8 0
      vertex 77.7546 -65.8 2.59
      vertex 81.0454 -65.8 2.59
    endloop
  endfacet
  facet normal 0 1 0
    outer loop
      vertex 77.7546 -65.8 2.59
      vertex 81.0454 -65.8 0
      vertex 77.7546 -65.8 0
    endloop
  endfacet
  facet normal 0.866019 0.500012 0
    outer loop
      vertex 77.7546 -65.8 2.59
      vertex 76.1091 -62.95 0
      vertex 76.1091 -62.95 2.59
    endloop
  endfacet
  facet normal 0.866019 0.500012 0
    outer loop
      vertex 76.1091 -62.95 0
      vertex 77.7546 -65.8 2.59
      vertex 77.7546 -65.8 0
    endloop
  endfacet
  facet normal -0.866019 0.500012 0
    outer loop
      vertex 81.0454 -65.8 0
      vertex 82.6909 -62.95 2.59
      vertex 82.6909 -62.95 0
    endloop
  endfacet
  facet normal -0.866019 0.500012 0
    outer loop
      vertex 82.6909 -62.95 2.59
      vertex 81.0454 -65.8 0
      vertex 81.0454 -65.8 2.59
    endloop
  endfacet
  facet normal -0.987676 -0.15651 0
    outer loop
      vertex 81.05 -62.95 2.59
      vertex 80.9692 -62.4401 4
      vertex 80.9692 -62.4401 2.59
    endloop
  endfacet
  facet normal -0.987676 -0.15651 0
    outer loop
      vertex 80.9692 -62.4401 4
      vertex 81.05 -62.95 2.59
      vertex 81.05 -62.95 4
    endloop
  endfacet
  facet normal 0.987676 -0.15651 0
    outer loop
      vertex 77.75 -62.95 4
      vertex 77.8308 -62.4401 2.59
      vertex 77.8308 -62.4401 4
    endloop
  endfacet
  facet normal 0.987676 -0.15651 0
    outer loop
      vertex 77.8308 -62.4401 2.59
      vertex 77.75 -62.95 4
      vertex 77.75 -62.95 2.59
    endloop
  endfacet
  facet normal -0.15651 -0.987676 0
    outer loop
      vertex 79.4 -61.3 2.59
      vertex 79.9099 -61.3808 4
      vertex 79.4 -61.3 4
    endloop
  endfacet
  facet normal -0.15651 -0.987676 -0
    outer loop
      vertex 79.9099 -61.3808 4
      vertex 79.4 -61.3 2.59
      vertex 79.9099 -61.3808 2.59
    endloop
  endfacet
  facet normal 0.15651 0.987676 -0
    outer loop
      vertex 79.4 -64.6 2.59
      vertex 78.8901 -64.5192 4
      vertex 79.4 -64.6 4
    endloop
  endfacet
  facet normal 0.15651 0.987676 0
    outer loop
      vertex 78.8901 -64.5192 4
      vertex 79.4 -64.6 2.59
      vertex 78.8901 -64.5192 2.59
    endloop
  endfacet
  facet normal -0.707107 -0.707107 0
    outer loop
      vertex 80.3698 -61.6151 2.59
      vertex 80.7349 -61.9802 4
      vertex 80.3698 -61.6151 4
    endloop
  endfacet
  facet normal -0.707107 -0.707107 -0
    outer loop
      vertex 80.7349 -61.9802 4
      vertex 80.3698 -61.6151 2.59
      vertex 80.7349 -61.9802 2.59
    endloop
  endfacet
  facet normal -0.891031 -0.453943 0
    outer loop
      vertex 80.9692 -62.4401 2.59
      vertex 80.7349 -61.9802 4
      vertex 80.7349 -61.9802 2.59
    endloop
  endfacet
  facet normal -0.891031 -0.453943 0
    outer loop
      vertex 80.7349 -61.9802 4
      vertex 80.9692 -62.4401 2.59
      vertex 80.9692 -62.4401 4
    endloop
  endfacet
  facet normal -0.453943 -0.891031 0
    outer loop
      vertex 79.9099 -61.3808 2.59
      vertex 80.3698 -61.6151 4
      vertex 79.9099 -61.3808 4
    endloop
  endfacet
  facet normal -0.453943 -0.891031 -0
    outer loop
      vertex 80.3698 -61.6151 4
      vertex 79.9099 -61.3808 2.59
      vertex 80.3698 -61.6151 2.59
    endloop
  endfacet
  facet normal 0.453943 -0.891031 0
    outer loop
      vertex 78.4302 -61.6151 2.59
      vertex 78.8901 -61.3808 4
      vertex 78.4302 -61.6151 4
    endloop
  endfacet
  facet normal 0.453943 -0.891031 0
    outer loop
      vertex 78.8901 -61.3808 4
      vertex 78.4302 -61.6151 2.59
      vertex 78.8901 -61.3808 2.59
    endloop
  endfacet
  facet normal 0.707107 -0.707107 0
    outer loop
      vertex 78.0651 -61.9802 4
      vertex 78.4302 -61.6151 2.59
      vertex 78.4302 -61.6151 4
    endloop
  endfacet
  facet normal 0.707107 -0.707107 0
    outer loop
      vertex 78.4302 -61.6151 2.59
      vertex 78.0651 -61.9802 4
      vertex 78.0651 -61.9802 2.59
    endloop
  endfacet
  facet normal 0.15651 -0.987676 0
    outer loop
      vertex 78.8901 -61.3808 2.59
      vertex 79.4 -61.3 4
      vertex 78.8901 -61.3808 4
    endloop
  endfacet
  facet normal 0.15651 -0.987676 0
    outer loop
      vertex 79.4 -61.3 4
      vertex 78.8901 -61.3808 2.59
      vertex 79.4 -61.3 2.59
    endloop
  endfacet
  facet normal -0.891031 0.453943 0
    outer loop
      vertex 80.7349 -63.9198 2.59
      vertex 80.9692 -63.4599 4
      vertex 80.9692 -63.4599 2.59
    endloop
  endfacet
  facet normal -0.891031 0.453943 0
    outer loop
      vertex 80.9692 -63.4599 4
      vertex 80.7349 -63.9198 2.59
      vertex 80.7349 -63.9198 4
    endloop
  endfacet
  facet normal 0.707107 0.707107 0
    outer loop
      vertex 78.4302 -64.2849 4
      vertex 78.0651 -63.9198 2.59
      vertex 78.0651 -63.9198 4
    endloop
  endfacet
  facet normal 0.707107 0.707107 0
    outer loop
      vertex 78.0651 -63.9198 2.59
      vertex 78.4302 -64.2849 4
      vertex 78.4302 -64.2849 2.59
    endloop
  endfacet
  facet normal 0.987676 0.15651 0
    outer loop
      vertex 77.8308 -63.4599 4
      vertex 77.75 -62.95 2.59
      vertex 77.75 -62.95 4
    endloop
  endfacet
  facet normal 0.987676 0.15651 0
    outer loop
      vertex 77.75 -62.95 2.59
      vertex 77.8308 -63.4599 4
      vertex 77.8308 -63.4599 2.59
    endloop
  endfacet
  facet normal 0.891031 -0.453943 0
    outer loop
      vertex 77.8308 -62.4401 4
      vertex 78.0651 -61.9802 2.59
      vertex 78.0651 -61.9802 4
    endloop
  endfacet
  facet normal 0.891031 -0.453943 0
    outer loop
      vertex 78.0651 -61.9802 2.59
      vertex 77.8308 -62.4401 4
      vertex 77.8308 -62.4401 2.59
    endloop
  endfacet
  facet normal -0.15651 0.987676 0
    outer loop
      vertex 79.9099 -64.5192 2.59
      vertex 79.4 -64.6 4
      vertex 79.9099 -64.5192 4
    endloop
  endfacet
  facet normal -0.15651 0.987676 0
    outer loop
      vertex 79.4 -64.6 4
      vertex 79.9099 -64.5192 2.59
      vertex 79.4 -64.6 2.59
    endloop
  endfacet
  facet normal -0.707107 0.707107 0
    outer loop
      vertex 80.3698 -64.2849 2.59
      vertex 80.7349 -63.9198 4
      vertex 80.7349 -63.9198 2.59
    endloop
  endfacet
  facet normal -0.707107 0.707107 0
    outer loop
      vertex 80.7349 -63.9198 4
      vertex 80.3698 -64.2849 2.59
      vertex 80.3698 -64.2849 4
    endloop
  endfacet
  facet normal 0.453943 0.891031 -0
    outer loop
      vertex 78.8901 -64.5192 2.59
      vertex 78.4302 -64.2849 4
      vertex 78.8901 -64.5192 4
    endloop
  endfacet
  facet normal 0.453943 0.891031 0
    outer loop
      vertex 78.4302 -64.2849 4
      vertex 78.8901 -64.5192 2.59
      vertex 78.4302 -64.2849 2.59
    endloop
  endfacet
  facet normal 0.891031 0.453943 0
    outer loop
      vertex 78.0651 -63.9198 4
      vertex 77.8308 -63.4599 2.59
      vertex 77.8308 -63.4599 4
    endloop
  endfacet
  facet normal 0.891031 0.453943 0
    outer loop
      vertex 77.8308 -63.4599 2.59
      vertex 78.0651 -63.9198 4
      vertex 78.0651 -63.9198 2.59
    endloop
  endfacet
  facet normal -0.987676 0.15651 0
    outer loop
      vertex 80.9692 -63.4599 2.59
      vertex 81.05 -62.95 4
      vertex 81.05 -62.95 2.59
    endloop
  endfacet
  facet normal -0.987676 0.15651 0
    outer loop
      vertex 81.05 -62.95 4
      vertex 80.9692 -63.4599 2.59
      vertex 80.9692 -63.4599 4
    endloop
  endfacet
  facet normal -0.453943 0.891031 0
    outer loop
      vertex 80.3698 -64.2849 2.59
      vertex 79.9099 -64.5192 4
      vertex 80.3698 -64.2849 4
    endloop
  endfacet
  facet normal -0.453943 0.891031 0
    outer loop
      vertex 79.9099 -64.5192 4
      vertex 80.3698 -64.2849 2.59
      vertex 79.9099 -64.5192 2.59
    endloop
  endfacet
  facet normal -0.866019 -0.500012 0
    outer loop
      vertex 82.6909 89.95 0
      vertex 81.0454 92.8 2.59
      vertex 81.0454 92.8 0
    endloop
  endfacet
  facet normal -0.866019 -0.500012 0
    outer loop
      vertex 81.0454 92.8 2.59
      vertex 82.6909 89.95 0
      vertex 82.6909 89.95 2.59
    endloop
  endfacet
  facet normal 0.866019 -0.500012 0
    outer loop
      vertex 76.1091 89.95 2.59
      vertex 77.7546 92.8 0
      vertex 77.7546 92.8 2.59
    endloop
  endfacet
  facet normal 0.866019 -0.500012 0
    outer loop
      vertex 77.7546 92.8 0
      vertex 76.1091 89.95 2.59
      vertex 76.1091 89.95 0
    endloop
  endfacet
  facet normal 0 -1 0
    outer loop
      vertex 77.7546 92.8 0
      vertex 81.0454 92.8 2.59
      vertex 77.7546 92.8 2.59
    endloop
  endfacet
  facet normal 0 -1 -0
    outer loop
      vertex 81.0454 92.8 2.59
      vertex 77.7546 92.8 0
      vertex 81.0454 92.8 0
    endloop
  endfacet
  facet normal 0.866019 0.500012 0
    outer loop
      vertex 77.7546 87.1 2.59
      vertex 76.1091 89.95 0
      vertex 76.1091 89.95 2.59
    endloop
  endfacet
  facet normal 0.866019 0.500012 0
    outer loop
      vertex 76.1091 89.95 0
      vertex 77.7546 87.1 2.59
      vertex 77.7546 87.1 0
    endloop
  endfacet
  facet normal 0 0 -1
    outer loop
      vertex 80.7349 88.9802 2.59
      vertex 82.6909 89.95 2.59
      vertex 81.0454 87.1 2.59
    endloop
  endfacet
  facet normal -0 0 -1
    outer loop
      vertex 82.6909 89.95 2.59
      vertex 80.9692 89.4401 2.59
      vertex 81.05 89.95 2.59
    endloop
  endfacet
  facet normal 0 0 -1
    outer loop
      vertex 82.6909 89.95 2.59
      vertex 80.7349 88.9802 2.59
      vertex 80.9692 89.4401 2.59
    endloop
  endfacet
  facet normal 0 0 -1
    outer loop
      vertex 81.0454 87.1 2.59
      vertex 80.3698 88.6151 2.59
      vertex 80.7349 88.9802 2.59
    endloop
  endfacet
  facet normal 0 0 -1
    outer loop
      vertex 81.0454 87.1 2.59
      vertex 79.9099 88.3808 2.59
      vertex 80.3698 88.6151 2.59
    endloop
  endfacet
  facet normal 0 0 -1
    outer loop
      vertex 81.0454 87.1 2.59
      vertex 79.4 88.3 2.59
      vertex 79.9099 88.3808 2.59
    endloop
  endfacet
  facet normal 0 0 -1
    outer loop
      vertex 77.7546 87.1 2.59
      vertex 79.4 88.3 2.59
      vertex 81.0454 87.1 2.59
    endloop
  endfacet
  facet normal -0 0 -1
    outer loop
      vertex 79.4 88.3 2.59
      vertex 77.7546 87.1 2.59
      vertex 78.8901 88.3808 2.59
    endloop
  endfacet
  facet normal -0 0 -1
    outer loop
      vertex 78.8901 88.3808 2.59
      vertex 77.7546 87.1 2.59
      vertex 78.4302 88.6151 2.59
    endloop
  endfacet
  facet normal 0 0 -1
    outer loop
      vertex 77.7546 87.1 2.59
      vertex 78.0651 88.9802 2.59
      vertex 78.4302 88.6151 2.59
    endloop
  endfacet
  facet normal 0 0 -1
    outer loop
      vertex 76.1091 89.95 2.59
      vertex 78.0651 88.9802 2.59
      vertex 77.7546 87.1 2.59
    endloop
  endfacet
  facet normal 0 0 -1
    outer loop
      vertex 78.0651 88.9802 2.59
      vertex 76.1091 89.95 2.59
      vertex 77.8308 89.4401 2.59
    endloop
  endfacet
  facet normal 0 0 -1
    outer loop
      vertex 77.8308 89.4401 2.59
      vertex 76.1091 89.95 2.59
      vertex 77.75 89.95 2.59
    endloop
  endfacet
  facet normal 0 0 -1
    outer loop
      vertex 80.9692 90.4599 2.59
      vertex 82.6909 89.95 2.59
      vertex 81.05 89.95 2.59
    endloop
  endfacet
  facet normal 0 0 -1
    outer loop
      vertex 80.7349 90.9198 2.59
      vertex 82.6909 89.95 2.59
      vertex 80.9692 90.4599 2.59
    endloop
  endfacet
  facet normal 0 0 -1
    outer loop
      vertex 82.6909 89.95 2.59
      vertex 80.7349 90.9198 2.59
      vertex 81.0454 92.8 2.59
    endloop
  endfacet
  facet normal 0 0 -1
    outer loop
      vertex 80.3698 91.2849 2.59
      vertex 81.0454 92.8 2.59
      vertex 80.7349 90.9198 2.59
    endloop
  endfacet
  facet normal 0 0 -1
    outer loop
      vertex 79.9099 91.5192 2.59
      vertex 81.0454 92.8 2.59
      vertex 80.3698 91.2849 2.59
    endloop
  endfacet
  facet normal 0 0 -1
    outer loop
      vertex 79.4 91.6 2.59
      vertex 81.0454 92.8 2.59
      vertex 79.9099 91.5192 2.59
    endloop
  endfacet
  facet normal 0 0 -1
    outer loop
      vertex 77.7546 92.8 2.59
      vertex 79.4 91.6 2.59
      vertex 78.8901 91.5192 2.59
    endloop
  endfacet
  facet normal 0 0 -1
    outer loop
      vertex 77.7546 92.8 2.59
      vertex 78.8901 91.5192 2.59
      vertex 78.4302 91.2849 2.59
    endloop
  endfacet
  facet normal 0 0 -1
    outer loop
      vertex 79.4 91.6 2.59
      vertex 77.7546 92.8 2.59
      vertex 81.0454 92.8 2.59
    endloop
  endfacet
  facet normal 0 0 -1
    outer loop
      vertex 78.0651 90.9198 2.59
      vertex 77.7546 92.8 2.59
      vertex 78.4302 91.2849 2.59
    endloop
  endfacet
  facet normal 0 0 -1
    outer loop
      vertex 76.1091 89.95 2.59
      vertex 78.0651 90.9198 2.59
      vertex 77.8308 90.4599 2.59
    endloop
  endfacet
  facet normal 0 0 -1
    outer loop
      vertex 76.1091 89.95 2.59
      vertex 77.8308 90.4599 2.59
      vertex 77.75 89.95 2.59
    endloop
  endfacet
  facet normal -0 0 -1
    outer loop
      vertex 78.0651 90.9198 2.59
      vertex 76.1091 89.95 2.59
      vertex 77.7546 92.8 2.59
    endloop
  endfacet
  facet normal 0 1 -0
    outer loop
      vertex 81.0454 87.1 0
      vertex 77.7546 87.1 2.59
      vertex 81.0454 87.1 2.59
    endloop
  endfacet
  facet normal 0 1 0
    outer loop
      vertex 77.7546 87.1 2.59
      vertex 81.0454 87.1 0
      vertex 77.7546 87.1 0
    endloop
  endfacet
  facet normal -0.866019 0.500012 0
    outer loop
      vertex 81.0454 87.1 0
      vertex 82.6909 89.95 2.59
      vertex 82.6909 89.95 0
    endloop
  endfacet
  facet normal -0.866019 0.500012 0
    outer loop
      vertex 82.6909 89.95 2.59
      vertex 81.0454 87.1 0
      vertex 81.0454 87.1 2.59
    endloop
  endfacet
  facet normal -0.987676 -0.15651 0
    outer loop
      vertex 81.05 89.95 2.59
      vertex 80.9692 90.4599 4
      vertex 80.9692 90.4599 2.59
    endloop
  endfacet
  facet normal -0.987676 -0.15651 0
    outer loop
      vertex 80.9692 90.4599 4
      vertex 81.05 89.95 2.59
      vertex 81.05 89.95 4
    endloop
  endfacet
  facet normal 0.987676 -0.15651 0
    outer loop
      vertex 77.75 89.95 4
      vertex 77.8308 90.4599 2.59
      vertex 77.8308 90.4599 4
    endloop
  endfacet
  facet normal 0.987676 -0.15651 0
    outer loop
      vertex 77.8308 90.4599 2.59
      vertex 77.75 89.95 4
      vertex 77.75 89.95 2.59
    endloop
  endfacet
  facet normal -0.15651 -0.987676 0
    outer loop
      vertex 79.4 91.6 2.59
      vertex 79.9099 91.5192 4
      vertex 79.4 91.6 4
    endloop
  endfacet
  facet normal -0.15651 -0.987676 -0
    outer loop
      vertex 79.9099 91.5192 4
      vertex 79.4 91.6 2.59
      vertex 79.9099 91.5192 2.59
    endloop
  endfacet
  facet normal -0.707107 -0.707107 0
    outer loop
      vertex 80.7349 90.9198 2.59
      vertex 80.3698 91.2849 4
      vertex 80.3698 91.2849 2.59
    endloop
  endfacet
  facet normal -0.707107 -0.707107 0
    outer loop
      vertex 80.3698 91.2849 4
      vertex 80.7349 90.9198 2.59
      vertex 80.7349 90.9198 4
    endloop
  endfacet
  facet normal -0.891031 -0.453943 0
    outer loop
      vertex 80.9692 90.4599 2.59
      vertex 80.7349 90.9198 4
      vertex 80.7349 90.9198 2.59
    endloop
  endfacet
  facet normal -0.891031 -0.453943 0
    outer loop
      vertex 80.7349 90.9198 4
      vertex 80.9692 90.4599 2.59
      vertex 80.9692 90.4599 4
    endloop
  endfacet
  facet normal -0.453943 -0.891031 0
    outer loop
      vertex 79.9099 91.5192 2.59
      vertex 80.3698 91.2849 4
      vertex 79.9099 91.5192 4
    endloop
  endfacet
  facet normal -0.453943 -0.891031 -0
    outer loop
      vertex 80.3698 91.2849 4
      vertex 79.9099 91.5192 2.59
      vertex 80.3698 91.2849 2.59
    endloop
  endfacet
  facet normal 0.453943 -0.891031 0
    outer loop
      vertex 78.4302 91.2849 2.59
      vertex 78.8901 91.5192 4
      vertex 78.4302 91.2849 4
    endloop
  endfacet
  facet normal 0.453943 -0.891031 0
    outer loop
      vertex 78.8901 91.5192 4
      vertex 78.4302 91.2849 2.59
      vertex 78.8901 91.5192 2.59
    endloop
  endfacet
  facet normal 0.707107 -0.707107 0
    outer loop
      vertex 78.0651 90.9198 4
      vertex 78.4302 91.2849 2.59
      vertex 78.4302 91.2849 4
    endloop
  endfacet
  facet normal 0.707107 -0.707107 0
    outer loop
      vertex 78.4302 91.2849 2.59
      vertex 78.0651 90.9198 4
      vertex 78.0651 90.9198 2.59
    endloop
  endfacet
  facet normal 0.15651 -0.987676 0
    outer loop
      vertex 78.8901 91.5192 2.59
      vertex 79.4 91.6 4
      vertex 78.8901 91.5192 4
    endloop
  endfacet
  facet normal 0.15651 -0.987676 0
    outer loop
      vertex 79.4 91.6 4
      vertex 78.8901 91.5192 2.59
      vertex 79.4 91.6 2.59
    endloop
  endfacet
  facet normal -0.891031 0.453943 0
    outer loop
      vertex 80.7349 88.9802 2.59
      vertex 80.9692 89.4401 4
      vertex 80.9692 89.4401 2.59
    endloop
  endfacet
  facet normal -0.891031 0.453943 0
    outer loop
      vertex 80.9692 89.4401 4
      vertex 80.7349 88.9802 2.59
      vertex 80.7349 88.9802 4
    endloop
  endfacet
  facet normal 0.707107 0.707107 0
    outer loop
      vertex 78.4302 88.6151 4
      vertex 78.0651 88.9802 2.59
      vertex 78.0651 88.9802 4
    endloop
  endfacet
  facet normal 0.707107 0.707107 0
    outer loop
      vertex 78.0651 88.9802 2.59
      vertex 78.4302 88.6151 4
      vertex 78.4302 88.6151 2.59
    endloop
  endfacet
  facet normal 0.987676 0.15651 0
    outer loop
      vertex 77.8308 89.4401 4
      vertex 77.75 89.95 2.59
      vertex 77.75 89.95 4
    endloop
  endfacet
  facet normal 0.987676 0.15651 0
    outer loop
      vertex 77.75 89.95 2.59
      vertex 77.8308 89.4401 4
      vertex 77.8308 89.4401 2.59
    endloop
  endfacet
  facet normal 0.891031 -0.453943 0
    outer loop
      vertex 77.8308 90.4599 4
      vertex 78.0651 90.9198 2.59
      vertex 78.0651 90.9198 4
    endloop
  endfacet
  facet normal 0.891031 -0.453943 0
    outer loop
      vertex 78.0651 90.9198 2.59
      vertex 77.8308 90.4599 4
      vertex 77.8308 90.4599 2.59
    endloop
  endfacet
  facet normal -0.987676 0.15651 0
    outer loop
      vertex 80.9692 89.4401 2.59
      vertex 81.05 89.95 4
      vertex 81.05 89.95 2.59
    endloop
  endfacet
  facet normal -0.987676 0.15651 0
    outer loop
      vertex 81.05 89.95 4
      vertex 80.9692 89.4401 2.59
      vertex 80.9692 89.4401 4
    endloop
  endfacet
  facet normal -0.15651 0.987676 0
    outer loop
      vertex 79.9099 88.3808 2.59
      vertex 79.4 88.3 4
      vertex 79.9099 88.3808 4
    endloop
  endfacet
  facet normal -0.15651 0.987676 0
    outer loop
      vertex 79.4 88.3 4
      vertex 79.9099 88.3808 2.59
      vertex 79.4 88.3 2.59
    endloop
  endfacet
  facet normal -0.707107 0.707107 0
    outer loop
      vertex 80.3698 88.6151 2.59
      vertex 80.7349 88.9802 4
      vertex 80.7349 88.9802 2.59
    endloop
  endfacet
  facet normal -0.707107 0.707107 0
    outer loop
      vertex 80.7349 88.9802 4
      vertex 80.3698 88.6151 2.59
      vertex 80.3698 88.6151 4
    endloop
  endfacet
  facet normal 0.453943 0.891031 -0
    outer loop
      vertex 78.8901 88.3808 2.59
      vertex 78.4302 88.6151 4
      vertex 78.8901 88.3808 4
    endloop
  endfacet
  facet normal 0.453943 0.891031 0
    outer loop
      vertex 78.4302 88.6151 4
      vertex 78.8901 88.3808 2.59
      vertex 78.4302 88.6151 2.59
    endloop
  endfacet
  facet normal 0.891031 0.453943 0
    outer loop
      vertex 78.0651 88.9802 4
      vertex 77.8308 89.4401 2.59
      vertex 77.8308 89.4401 4
    endloop
  endfacet
  facet normal 0.891031 0.453943 0
    outer loop
      vertex 77.8308 89.4401 2.59
      vertex 78.0651 88.9802 4
      vertex 78.0651 88.9802 2.59
    endloop
  endfacet
  facet normal -0.453943 0.891031 0
    outer loop
      vertex 80.3698 88.6151 2.59
      vertex 79.9099 88.3808 4
      vertex 80.3698 88.6151 4
    endloop
  endfacet
  facet normal -0.453943 0.891031 0
    outer loop
      vertex 79.9099 88.3808 4
      vertex 80.3698 88.6151 2.59
      vertex 79.9099 88.3808 2.59
    endloop
  endfacet
  facet normal 0.15651 0.987676 -0
    outer loop
      vertex 79.4 88.3 2.59
      vertex 78.8901 88.3808 4
      vertex 79.4 88.3 4
    endloop
  endfacet
  facet normal 0.15651 0.987676 0
    outer loop
      vertex 78.8901 88.3808 4
      vertex 79.4 88.3 2.59
      vertex 78.8901 88.3808 2.59
    endloop
  endfacet
  facet normal 0.0493859 0.99878 -0
    outer loop
      vertex 0 32.4726 0
      vertex -0.127411 32.4789 4.20627
      vertex 0 32.4726 4.20001
    endloop
  endfacet
  facet normal 0.0490658 0.998796 -9.72076e-06
    outer loop
      vertex 0 32.4726 0
      vertex -0.253616 32.4851 4.22499
      vertex -0.127411 32.4789 4.20627
    endloop
  endfacet
  facet normal 0.049106 0.998794 -7.29992e-06
    outer loop
      vertex -1.02918 32.5232 0
      vertex -0.253616 32.4851 4.22499
      vertex 0 32.4726 0
    endloop
  endfacet
  facet normal 0.0492262 0.998788 -2.94108e-05
    outer loop
      vertex -0.253616 32.4851 4.22499
      vertex -1.02918 32.5232 0
      vertex -0.377365 32.4912 4.25598
    endloop
  endfacet
  facet normal 0.0490583 0.998796 -3.63872e-06
    outer loop
      vertex -0.377365 32.4912 4.25598
      vertex -1.02918 32.5232 0
      vertex -0.497482 32.4971 4.29897
    endloop
  endfacet
  facet normal 0.04853 0.998822 6.18565e-05
    outer loop
      vertex -0.497482 32.4971 4.29897
      vertex -1.02918 32.5232 0
      vertex -0.612808 32.5027 4.35352
    endloop
  endfacet
  facet normal 0.0492844 0.998785 -1.04669e-05
    outer loop
      vertex -0.612808 32.5027 4.35352
      vertex -1.02918 32.5232 0
      vertex -0.722229 32.5081 4.4191
    endloop
  endfacet
  facet normal 0.0496773 0.998765 -3.78215e-05
    outer loop
      vertex -0.722229 32.5081 4.4191
      vertex -1.02918 32.5232 0
      vertex -0.824707 32.5132 4.49509
    endloop
  endfacet
  facet normal 0.0486149 0.998818 1.06201e-05
    outer loop
      vertex -0.824707 32.5132 4.49509
      vertex -1.02918 32.5232 0
      vertex -0.919235 32.5178 4.58076
    endloop
  endfacet
  facet normal 0.0489661 0.9988 2.1719e-06
    outer loop
      vertex -0.919235 32.5178 4.58076
      vertex -1.02918 32.5232 0
      vertex -1.00491 32.522 4.67529
    endloop
  endfacet
  facet normal 0.0493834 0.99878 0
    outer loop
      vertex -1.00491 32.522 4.67529
      vertex -1.02918 32.5232 0
      vertex -1.02918 32.5232 4.70802
    endloop
  endfacet
  facet normal 0.970045 -0.242924 0
    outer loop
      vertex -10.2982 51.0211 4
      vertex -10.0479 52.0206 0
      vertex -10.0479 52.0206 4
    endloop
  endfacet
  facet normal 0.970045 -0.242924 0
    outer loop
      vertex -10.0479 52.0206 0
      vertex -10.2982 51.0211 4
      vertex -10.2982 51.0211 0
    endloop
  endfacet
  facet normal -0.941525 0.336944 0
    outer loop
      vertex 9.70073 38.9545 0
      vertex 10.0479 39.9246 4
      vertex 10.0479 39.9246 0
    endloop
  endfacet
  facet normal -0.941525 0.336944 0
    outer loop
      vertex 10.0479 39.9246 4
      vertex 9.70073 38.9545 0
      vertex 9.70073 38.9545 4
    endloop
  endfacet
  facet normal 0 0 -1
    outer loop
      vertex 1.19984 33.2226 5
      vertex 3.04799 32.9248 5
      vertex 2.04845 32.6744 5
    endloop
  endfacet
  facet normal 0 0 -1
    outer loop
      vertex 1.19984 33.2226 5
      vertex 2.04845 32.6744 5
      vertex 1.19984 32.5485 5
    endloop
  endfacet
  facet normal 0 0 -1
    outer loop
      vertex 3.04799 32.9248 5
      vertex 1.19984 33.2226 5
      vertex 3.88049 33.2226 5
    endloop
  endfacet
  facet normal 0 0 -1
    outer loop
      vertex -2.04845 32.6744 5
      vertex -1.19984 33.2226 5
      vertex -1.19984 32.5485 5
    endloop
  endfacet
  facet normal 0 0 -1
    outer loop
      vertex -3.04799 32.9248 5
      vertex -1.19984 33.2226 5
      vertex -2.04845 32.6744 5
    endloop
  endfacet
  facet normal -0 0 -1
    outer loop
      vertex -1.19984 33.2226 5
      vertex -3.04799 32.9248 5
      vertex -3.88049 33.2226 5
    endloop
  endfacet
  facet normal -0.998794 -0.0491051 0
    outer loop
      vertex 10.5 48.9726 0
      vertex 10.4494 50.0018 4
      vertex 10.4494 50.0018 0
    endloop
  endfacet
  facet normal -0.998794 -0.0491051 0
    outer loop
      vertex 10.4494 50.0018 4
      vertex 10.5 48.9726 0
      vertex 10.5 48.9726 4
    endloop
  endfacet
  facet normal 0.803228 0.595672 0
    outer loop
      vertex -8.11661 36.3115 4
      vertex -8.73043 37.1392 0
      vertex -8.73043 37.1392 4
    endloop
  endfacet
  facet normal 0.803228 0.595672 0
    outer loop
      vertex -8.73043 37.1392 0
      vertex -8.11661 36.3115 4
      vertex -8.11661 36.3115 0
    endloop
  endfacet
  facet normal 0.857724 0.51411 0
    outer loop
      vertex -8.73043 37.1392 4
      vertex -9.26017 38.023 0
      vertex -9.26017 38.023 4
    endloop
  endfacet
  facet normal 0.857724 0.51411 0
    outer loop
      vertex -9.26017 38.023 0
      vertex -8.73043 37.1392 4
      vertex -8.73043 37.1392 0
    endloop
  endfacet
  facet normal -0.514073 0.857746 0
    outer loop
      vertex 5.83349 34.2422 0
      vertex 4.94967 33.7125 4
      vertex 5.83349 34.2422 4
    endloop
  endfacet
  facet normal -0.514073 0.857746 0
    outer loop
      vertex 4.94967 33.7125 4
      vertex 5.83349 34.2422 0
      vertex 4.94967 33.7125 0
    endloop
  endfacet
  facet normal -0.671566 0.740945 0
    outer loop
      vertex 7.42462 35.548 0
      vertex 6.66113 34.856 4
      vertex 7.42462 35.548 4
    endloop
  endfacet
  facet normal -0.671566 0.740945 0
    outer loop
      vertex 6.66113 34.856 4
      vertex 7.42462 35.548 0
      vertex 6.66113 34.856 0
    endloop
  endfacet
  facet normal -0.903992 0.42755 0
    outer loop
      vertex 9.26017 38.023 0
      vertex 9.70073 38.9545 4
      vertex 9.70073 38.9545 0
    endloop
  endfacet
  facet normal -0.903992 0.42755 0
    outer loop
      vertex 9.70073 38.9545 4
      vertex 9.26017 38.023 0
      vertex 9.26017 38.023 4
    endloop
  endfacet
  facet normal -0.941536 -0.336913 0
    outer loop
      vertex 10.0479 52.0206 0
      vertex 9.70073 52.9908 4
      vertex 9.70073 52.9908 0
    endloop
  endfacet
  facet normal -0.941536 -0.336913 0
    outer loop
      vertex 9.70073 52.9908 4
      vertex 10.0479 52.0206 0
      vertex 10.0479 52.0206 4
    endloop
  endfacet
  facet normal 0.857724 -0.51411 0
    outer loop
      vertex -9.26017 53.9223 4
      vertex -8.73043 54.8061 0
      vertex -8.73043 54.8061 4
    endloop
  endfacet
  facet normal 0.857724 -0.51411 0
    outer loop
      vertex -8.73043 54.8061 0
      vertex -9.26017 53.9223 4
      vertex -9.26017 53.9223 0
    endloop
  endfacet
  facet normal 0.998793 0.0491098 0
    outer loop
      vertex -10.4494 41.9435 4
      vertex -10.5 42.9726 0
      vertex -10.5 42.9726 4
    endloop
  endfacet
  facet normal 0.998793 0.0491098 0
    outer loop
      vertex -10.5 42.9726 0
      vertex -10.4494 41.9435 4
      vertex -10.4494 41.9435 0
    endloop
  endfacet
  facet normal 1 -0 0
    outer loop
      vertex -10.5 42.9726 4
      vertex -10.5 48.9726 0
      vertex -10.5 48.9726 4
    endloop
  endfacet
  facet normal 1 0 0
    outer loop
      vertex -10.5 48.9726 0
      vertex -10.5 42.9726 4
      vertex -10.5 42.9726 0
    endloop
  endfacet
  facet normal -0.146754 0.989173 0.00014471
    outer loop
      vertex 2.04845 32.6744 5
      vertex 1.14648 32.5406 4.88719
      vertex 1.19984 32.5485 5
    endloop
  endfacet
  facet normal -0.14677 0.989171 0.000276234
    outer loop
      vertex 2.04845 32.6744 5
      vertex 1.0809 32.5309 4.77777
      vertex 1.14648 32.5406 4.88719
    endloop
  endfacet
  facet normal -0.146596 0.989196 -0.000500226
    outer loop
      vertex 2.04845 32.6744 5
      vertex 1.02918 32.5232 4.70802
      vertex 1.0809 32.5309 4.77777
    endloop
  endfacet
  facet normal -0.146736 0.989176 0
    outer loop
      vertex 2.04845 32.6744 0
      vertex 1.02918 32.5232 4.70802
      vertex 2.04845 32.6744 5
    endloop
  endfacet
  facet normal -0.146736 0.989176 0
    outer loop
      vertex 1.02918 32.5232 4.70802
      vertex 2.04845 32.6744 0
      vertex 1.02918 32.5232 0
    endloop
  endfacet
  facet normal -0.337094 0.941471 0
    outer loop
      vertex 4.01818 33.2719 4
      vertex 4.01818 33.2719 0
      vertex 3.88049 33.2226 4
    endloop
  endfacet
  facet normal -0.336816 0.94157 0
    outer loop
      vertex 3.88049 33.2226 4
      vertex 3.04799 32.9248 5
      vertex 3.88049 33.2226 5
    endloop
  endfacet
  facet normal -0.336856 0.941556 9.26038e-06
    outer loop
      vertex 3.04799 32.9248 0
      vertex 3.88049 33.2226 4
      vertex 4.01818 33.2719 0
    endloop
  endfacet
  facet normal -0.336816 0.94157 0
    outer loop
      vertex 3.88049 33.2226 4
      vertex 3.04799 32.9248 0
      vertex 3.04799 32.9248 5
    endloop
  endfacet
  facet normal -0.970051 0.242901 0
    outer loop
      vertex 10.0479 39.9246 0
      vertex 10.2982 40.9242 4
      vertex 10.2982 40.9242 0
    endloop
  endfacet
  facet normal -0.970051 0.242901 0
    outer loop
      vertex 10.2982 40.9242 4
      vertex 10.0479 39.9246 0
      vertex 10.0479 39.9246 4
    endloop
  endfacet
  facet normal -0.989176 0.146732 0
    outer loop
      vertex 10.2982 40.9242 0
      vertex 10.4494 41.9435 4
      vertex 10.4494 41.9435 0
    endloop
  endfacet
  facet normal -0.989176 0.146732 0
    outer loop
      vertex 10.4494 41.9435 4
      vertex 10.2982 40.9242 0
      vertex 10.2982 40.9242 4
    endloop
  endfacet
  facet normal -0.740954 0.671556 0
    outer loop
      vertex 7.42462 35.548 0
      vertex 8.11661 36.3115 4
      vertex 8.11661 36.3115 0
    endloop
  endfacet
  facet normal -0.740954 0.671556 0
    outer loop
      vertex 8.11661 36.3115 4
      vertex 7.42462 35.548 0
      vertex 7.42462 35.548 4
    endloop
  endfacet
  facet normal -1 0 0
    outer loop
      vertex 10.5 42.9726 0
      vertex 10.5 48.9726 4
      vertex 10.5 48.9726 0
    endloop
  endfacet
  facet normal -1 -0 0
    outer loop
      vertex 10.5 48.9726 4
      vertex 10.5 42.9726 0
      vertex 10.5 42.9726 4
    endloop
  endfacet
  facet normal -0.970045 -0.242924 0
    outer loop
      vertex 10.2982 51.0211 0
      vertex 10.0479 52.0206 4
      vertex 10.0479 52.0206 0
    endloop
  endfacet
  facet normal -0.970045 -0.242924 0
    outer loop
      vertex 10.0479 52.0206 4
      vertex 10.2982 51.0211 0
      vertex 10.2982 51.0211 4
    endloop
  endfacet
  facet normal -0.903992 -0.42755 0
    outer loop
      vertex 9.70073 52.9908 0
      vertex 9.26017 53.9223 4
      vertex 9.26017 53.9223 0
    endloop
  endfacet
  facet normal -0.903992 -0.42755 0
    outer loop
      vertex 9.26017 53.9223 4
      vertex 9.70073 52.9908 0
      vertex 9.70073 52.9908 4
    endloop
  endfacet
  facet normal -0.59575 -0.80317 0
    outer loop
      vertex 5.83349 57.7031 0
      vertex 6.66113 57.0892 4
      vertex 5.83349 57.7031 4
    endloop
  endfacet
  facet normal -0.59575 -0.80317 -0
    outer loop
      vertex 6.66113 57.0892 4
      vertex 5.83349 57.7031 0
      vertex 6.66113 57.0892 0
    endloop
  endfacet
  facet normal -0.514073 -0.857746 0
    outer loop
      vertex 4.94967 58.2328 0
      vertex 5.83349 57.7031 4
      vertex 4.94967 58.2328 4
    endloop
  endfacet
  facet normal -0.514073 -0.857746 -0
    outer loop
      vertex 5.83349 57.7031 4
      vertex 4.94967 58.2328 0
      vertex 5.83349 57.7031 0
    endloop
  endfacet
  facet normal 0.243006 -0.970025 0
    outer loop
      vertex -3.04799 59.0205 0
      vertex -2.04845 59.2709 4
      vertex -3.04799 59.0205 4
    endloop
  endfacet
  facet normal 0.243006 -0.970025 0
    outer loop
      vertex -2.04845 59.2709 4
      vertex -3.04799 59.0205 0
      vertex -2.04845 59.2709 0
    endloop
  endfacet
  facet normal 0.336856 -0.941556 0
    outer loop
      vertex -4.01818 58.6734 0
      vertex -3.04799 59.0205 4
      vertex -4.01818 58.6734 4
    endloop
  endfacet
  facet normal 0.336856 -0.941556 0
    outer loop
      vertex -3.04799 59.0205 4
      vertex -4.01818 58.6734 0
      vertex -3.04799 59.0205 0
    endloop
  endfacet
  facet normal 0.803228 -0.595672 0
    outer loop
      vertex -8.73043 54.8061 4
      vertex -8.11661 55.6338 0
      vertex -8.11661 55.6338 4
    endloop
  endfacet
  facet normal 0.803228 -0.595672 0
    outer loop
      vertex -8.11661 55.6338 0
      vertex -8.73043 54.8061 4
      vertex -8.73043 54.8061 0
    endloop
  endfacet
  facet normal 0.998794 -0.0491051 0
    outer loop
      vertex -10.5 48.9726 4
      vertex -10.4494 50.0018 0
      vertex -10.4494 50.0018 4
    endloop
  endfacet
  facet normal 0.998794 -0.0491051 0
    outer loop
      vertex -10.4494 50.0018 0
      vertex -10.5 48.9726 4
      vertex -10.5 48.9726 0
    endloop
  endfacet
  facet normal 0.989176 -0.146732 0
    outer loop
      vertex -10.4494 50.0018 4
      vertex -10.2982 51.0211 0
      vertex -10.2982 51.0211 4
    endloop
  endfacet
  facet normal 0.989176 -0.146732 0
    outer loop
      vertex -10.2982 51.0211 0
      vertex -10.4494 50.0018 4
      vertex -10.4494 50.0018 0
    endloop
  endfacet
  facet normal -0.998793 0.0491098 0
    outer loop
      vertex 10.4494 41.9435 0
      vertex 10.5 42.9726 4
      vertex 10.5 42.9726 0
    endloop
  endfacet
  facet normal -0.998793 0.0491098 0
    outer loop
      vertex 10.5 42.9726 4
      vertex 10.4494 41.9435 0
      vertex 10.4494 41.9435 4
    endloop
  endfacet
  facet normal 0.146754 0.989173 0.00014471
    outer loop
      vertex -1.14648 32.5406 4.88719
      vertex -2.04845 32.6744 5
      vertex -1.19984 32.5485 5
    endloop
  endfacet
  facet normal 0.14677 0.989171 0.000276234
    outer loop
      vertex -1.0809 32.5309 4.77777
      vertex -2.04845 32.6744 5
      vertex -1.14648 32.5406 4.88719
    endloop
  endfacet
  facet normal 0.146596 0.989196 -0.000500226
    outer loop
      vertex -1.02918 32.5232 4.70802
      vertex -2.04845 32.6744 5
      vertex -1.0809 32.5309 4.77777
    endloop
  endfacet
  facet normal 0.146736 0.989176 0
    outer loop
      vertex -2.04845 32.6744 0
      vertex -1.02918 32.5232 4.70802
      vertex -1.02918 32.5232 0
    endloop
  endfacet
  facet normal 0.146736 0.989176 0
    outer loop
      vertex -1.02918 32.5232 4.70802
      vertex -2.04845 32.6744 0
      vertex -2.04845 32.6744 5
    endloop
  endfacet
  facet normal 0.427585 0.903975 -0
    outer loop
      vertex -4.01818 33.2719 0
      vertex -4.94967 33.7125 4
      vertex -4.01818 33.2719 4
    endloop
  endfacet
  facet normal 0.427585 0.903975 0
    outer loop
      vertex -4.94967 33.7125 4
      vertex -4.01818 33.2719 0
      vertex -4.94967 33.7125 0
    endloop
  endfacet
  facet normal 0.243006 0.970025 -0
    outer loop
      vertex -2.04845 32.6744 0
      vertex -3.04799 32.9248 5
      vertex -2.04845 32.6744 5
    endloop
  endfacet
  facet normal 0.243006 0.970025 0
    outer loop
      vertex -3.04799 32.9248 5
      vertex -2.04845 32.6744 0
      vertex -3.04799 32.9248 0
    endloop
  endfacet
  facet normal 0.595687 0.803217 -0
    outer loop
      vertex -5.83349 34.2422 0
      vertex -6.66113 34.856 4
      vertex -5.83349 34.2422 4
    endloop
  endfacet
  facet normal 0.595687 0.803217 0
    outer loop
      vertex -6.66113 34.856 4
      vertex -5.83349 34.2422 0
      vertex -6.66113 34.856 0
    endloop
  endfacet
  facet normal 0.740954 0.671556 0
    outer loop
      vertex -7.42462 35.548 4
      vertex -8.11661 36.3115 0
      vertex -8.11661 36.3115 4
    endloop
  endfacet
  facet normal 0.740954 0.671556 0
    outer loop
      vertex -8.11661 36.3115 0
      vertex -7.42462 35.548 4
      vertex -7.42462 35.548 0
    endloop
  endfacet
  facet normal 0.970051 0.242901 0
    outer loop
      vertex -10.0479 39.9246 4
      vertex -10.2982 40.9242 0
      vertex -10.2982 40.9242 4
    endloop
  endfacet
  facet normal 0.970051 0.242901 0
    outer loop
      vertex -10.2982 40.9242 0
      vertex -10.0479 39.9246 4
      vertex -10.0479 39.9246 0
    endloop
  endfacet
  facet normal 0.989176 0.146732 0
    outer loop
      vertex -10.2982 40.9242 4
      vertex -10.4494 41.9435 0
      vertex -10.4494 41.9435 4
    endloop
  endfacet
  facet normal 0.989176 0.146732 0
    outer loop
      vertex -10.4494 41.9435 0
      vertex -10.2982 40.9242 4
      vertex -10.2982 40.9242 0
    endloop
  endfacet
  facet normal -0.0493834 0.99878 0
    outer loop
      vertex 1.02918 32.5232 0
      vertex 1.00491 32.522 4.67529
      vertex 1.02918 32.5232 4.70802
    endloop
  endfacet
  facet normal -0.0489661 0.9988 2.1719e-06
    outer loop
      vertex 1.02918 32.5232 0
      vertex 0.919235 32.5178 4.58076
      vertex 1.00491 32.522 4.67529
    endloop
  endfacet
  facet normal -0.0486149 0.998818 1.06201e-05
    outer loop
      vertex 1.02918 32.5232 0
      vertex 0.824707 32.5132 4.49509
      vertex 0.919235 32.5178 4.58076
    endloop
  endfacet
  facet normal -0.0496773 0.998765 -3.78215e-05
    outer loop
      vertex 1.02918 32.5232 0
      vertex 0.722229 32.5081 4.4191
      vertex 0.824707 32.5132 4.49509
    endloop
  endfacet
  facet normal -0.0492844 0.998785 -1.04669e-05
    outer loop
      vertex 1.02918 32.5232 0
      vertex 0.612808 32.5027 4.35352
      vertex 0.722229 32.5081 4.4191
    endloop
  endfacet
  facet normal -0.04853 0.998822 6.18565e-05
    outer loop
      vertex 1.02918 32.5232 0
      vertex 0.497482 32.4971 4.29897
      vertex 0.612808 32.5027 4.35352
    endloop
  endfacet
  facet normal -0.0490583 0.998796 -3.63872e-06
    outer loop
      vertex 1.02918 32.5232 0
      vertex 0.377365 32.4912 4.25598
      vertex 0.497482 32.4971 4.29897
    endloop
  endfacet
  facet normal -0.0492262 0.998788 -2.94108e-05
    outer loop
      vertex 1.02918 32.5232 0
      vertex 0.253616 32.4851 4.22499
      vertex 0.377365 32.4912 4.25598
    endloop
  endfacet
  facet normal -0.0490672 0.998795 -1.57369e-07
    outer loop
      vertex 1.02918 32.5232 0
      vertex 0.127411 32.4789 4.20627
      vertex 0.253616 32.4851 4.22499
    endloop
  endfacet
  facet normal -0.049106 0.998794 -8.49916e-06
    outer loop
      vertex 0 32.4726 0
      vertex 0.127411 32.4789 4.20627
      vertex 1.02918 32.5232 0
    endloop
  endfacet
  facet normal -0.0493859 0.99878 0
    outer loop
      vertex 0.127411 32.4789 4.20627
      vertex 0 32.4726 0
      vertex 0 32.4726 4.20001
    endloop
  endfacet
  facet normal -0.243006 0.970025 0
    outer loop
      vertex 3.04799 32.9248 0
      vertex 2.04845 32.6744 5
      vertex 3.04799 32.9248 5
    endloop
  endfacet
  facet normal -0.243006 0.970025 0
    outer loop
      vertex 2.04845 32.6744 5
      vertex 3.04799 32.9248 0
      vertex 2.04845 32.6744 0
    endloop
  endfacet
  facet normal -0.595687 0.803217 0
    outer loop
      vertex 6.66113 34.856 0
      vertex 5.83349 34.2422 4
      vertex 6.66113 34.856 4
    endloop
  endfacet
  facet normal -0.595687 0.803217 0
    outer loop
      vertex 5.83349 34.2422 4
      vertex 6.66113 34.856 0
      vertex 5.83349 34.2422 0
    endloop
  endfacet
  facet normal -0.427585 0.903975 0
    outer loop
      vertex 4.94967 33.7125 0
      vertex 4.01818 33.2719 4
      vertex 4.94967 33.7125 4
    endloop
  endfacet
  facet normal -0.427585 0.903975 0
    outer loop
      vertex 4.01818 33.2719 4
      vertex 4.94967 33.7125 0
      vertex 4.01818 33.2719 0
    endloop
  endfacet
  facet normal -0.857724 0.51411 0
    outer loop
      vertex 8.73043 37.1392 0
      vertex 9.26017 38.023 4
      vertex 9.26017 38.023 0
    endloop
  endfacet
  facet normal -0.857724 0.51411 0
    outer loop
      vertex 9.26017 38.023 4
      vertex 8.73043 37.1392 0
      vertex 8.73043 37.1392 4
    endloop
  endfacet
  facet normal -0.803228 0.595672 0
    outer loop
      vertex 8.11661 36.3115 0
      vertex 8.73043 37.1392 4
      vertex 8.73043 37.1392 0
    endloop
  endfacet
  facet normal -0.803228 0.595672 0
    outer loop
      vertex 8.73043 37.1392 4
      vertex 8.11661 36.3115 0
      vertex 8.11661 36.3115 4
    endloop
  endfacet
  facet normal -0.989176 -0.146732 0
    outer loop
      vertex 10.4494 50.0018 0
      vertex 10.2982 51.0211 4
      vertex 10.2982 51.0211 0
    endloop
  endfacet
  facet normal -0.989176 -0.146732 0
    outer loop
      vertex 10.2982 51.0211 4
      vertex 10.4494 50.0018 0
      vertex 10.4494 50.0018 4
    endloop
  endfacet
  facet normal -0.336856 -0.941556 0
    outer loop
      vertex 3.04799 59.0205 0
      vertex 4.01818 58.6734 4
      vertex 3.04799 59.0205 4
    endloop
  endfacet
  facet normal -0.336856 -0.941556 -0
    outer loop
      vertex 4.01818 58.6734 4
      vertex 3.04799 59.0205 0
      vertex 4.01818 58.6734 0
    endloop
  endfacet
  facet normal -0.146736 -0.989176 0
    outer loop
      vertex 1.02918 59.4221 0
      vertex 2.04845 59.2709 4
      vertex 1.02918 59.4221 4
    endloop
  endfacet
  facet normal -0.146736 -0.989176 -0
    outer loop
      vertex 2.04845 59.2709 4
      vertex 1.02918 59.4221 0
      vertex 2.04845 59.2709 0
    endloop
  endfacet
  facet normal -0.243006 -0.970025 0
    outer loop
      vertex 2.04845 59.2709 0
      vertex 3.04799 59.0205 4
      vertex 2.04845 59.2709 4
    endloop
  endfacet
  facet normal -0.243006 -0.970025 -0
    outer loop
      vertex 3.04799 59.0205 4
      vertex 2.04845 59.2709 0
      vertex 3.04799 59.0205 0
    endloop
  endfacet
  facet normal 0.740954 -0.671556 0
    outer loop
      vertex -8.11661 55.6338 4
      vertex -7.42462 56.3973 0
      vertex -7.42462 56.3973 4
    endloop
  endfacet
  facet normal 0.740954 -0.671556 0
    outer loop
      vertex -7.42462 56.3973 0
      vertex -8.11661 55.6338 4
      vertex -8.11661 55.6338 0
    endloop
  endfacet
  facet normal 0.903992 -0.42755 0
    outer loop
      vertex -9.70073 52.9908 4
      vertex -9.26017 53.9223 0
      vertex -9.26017 53.9223 4
    endloop
  endfacet
  facet normal 0.903992 -0.42755 0
    outer loop
      vertex -9.26017 53.9223 0
      vertex -9.70073 52.9908 4
      vertex -9.70073 52.9908 0
    endloop
  endfacet
  facet normal 0.941536 -0.336913 0
    outer loop
      vertex -10.0479 52.0206 4
      vertex -9.70073 52.9908 0
      vertex -9.70073 52.9908 4
    endloop
  endfacet
  facet normal 0.941536 -0.336913 0
    outer loop
      vertex -9.70073 52.9908 0
      vertex -10.0479 52.0206 4
      vertex -10.0479 52.0206 0
    endloop
  endfacet
  facet normal 0.336816 0.94157 0
    outer loop
      vertex -3.04799 32.9248 5
      vertex -3.88049 33.2226 4
      vertex -3.88049 33.2226 5
    endloop
  endfacet
  facet normal 0.336816 0.94157 -0
    outer loop
      vertex -3.04799 32.9248 0
      vertex -3.88049 33.2226 4
      vertex -3.04799 32.9248 5
    endloop
  endfacet
  facet normal 0.336856 0.941556 9.26038e-06
    outer loop
      vertex -4.01818 33.2719 0
      vertex -3.88049 33.2226 4
      vertex -3.04799 32.9248 0
    endloop
  endfacet
  facet normal 0.337094 0.941471 0
    outer loop
      vertex -3.88049 33.2226 4
      vertex -4.01818 33.2719 0
      vertex -4.01818 33.2719 4
    endloop
  endfacet
  facet normal 0.514073 0.857746 -0
    outer loop
      vertex -4.94967 33.7125 0
      vertex -5.83349 34.2422 4
      vertex -4.94967 33.7125 4
    endloop
  endfacet
  facet normal 0.514073 0.857746 0
    outer loop
      vertex -5.83349 34.2422 4
      vertex -4.94967 33.7125 0
      vertex -5.83349 34.2422 0
    endloop
  endfacet
  facet normal 0.671566 0.740945 -0
    outer loop
      vertex -6.66113 34.856 0
      vertex -7.42462 35.548 4
      vertex -6.66113 34.856 4
    endloop
  endfacet
  facet normal 0.671566 0.740945 0
    outer loop
      vertex -7.42462 35.548 4
      vertex -6.66113 34.856 0
      vertex -7.42462 35.548 0
    endloop
  endfacet
  facet normal -0.803228 -0.595672 0
    outer loop
      vertex 8.73043 54.8061 0
      vertex 8.11661 55.6338 4
      vertex 8.11661 55.6338 0
    endloop
  endfacet
  facet normal -0.803228 -0.595672 0
    outer loop
      vertex 8.11661 55.6338 4
      vertex 8.73043 54.8061 0
      vertex 8.73043 54.8061 4
    endloop
  endfacet
  facet normal -0.857724 -0.51411 0
    outer loop
      vertex 9.26017 53.9223 0
      vertex 8.73043 54.8061 4
      vertex 8.73043 54.8061 0
    endloop
  endfacet
  facet normal -0.857724 -0.51411 0
    outer loop
      vertex 8.73043 54.8061 4
      vertex 9.26017 53.9223 0
      vertex 9.26017 53.9223 4
    endloop
  endfacet
  facet normal -0.671513 -0.740993 0
    outer loop
      vertex 6.66113 57.0892 0
      vertex 7.42462 56.3973 4
      vertex 6.66113 57.0892 4
    endloop
  endfacet
  facet normal -0.671513 -0.740993 -0
    outer loop
      vertex 7.42462 56.3973 4
      vertex 6.66113 57.0892 0
      vertex 7.42462 56.3973 0
    endloop
  endfacet
  facet normal -0.740954 -0.671556 0
    outer loop
      vertex 8.11661 55.6338 0
      vertex 7.42462 56.3973 4
      vertex 7.42462 56.3973 0
    endloop
  endfacet
  facet normal -0.740954 -0.671556 0
    outer loop
      vertex 7.42462 56.3973 4
      vertex 8.11661 55.6338 0
      vertex 8.11661 55.6338 4
    endloop
  endfacet
  facet normal -0.427585 -0.903975 0
    outer loop
      vertex 4.01818 58.6734 0
      vertex 4.94967 58.2328 4
      vertex 4.01818 58.6734 4
    endloop
  endfacet
  facet normal -0.427585 -0.903975 -0
    outer loop
      vertex 4.94967 58.2328 4
      vertex 4.01818 58.6734 0
      vertex 4.94967 58.2328 0
    endloop
  endfacet
  facet normal -0.0490092 -0.998798 0
    outer loop
      vertex 0 59.4726 0
      vertex 1.02918 59.4221 4
      vertex 0 59.4726 4
    endloop
  endfacet
  facet normal -0.0490092 -0.998798 -0
    outer loop
      vertex 1.02918 59.4221 4
      vertex 0 59.4726 0
      vertex 1.02918 59.4221 0
    endloop
  endfacet
  facet normal 0.146736 -0.989176 0
    outer loop
      vertex -2.04845 59.2709 0
      vertex -1.02918 59.4221 4
      vertex -2.04845 59.2709 4
    endloop
  endfacet
  facet normal 0.146736 -0.989176 0
    outer loop
      vertex -1.02918 59.4221 4
      vertex -2.04845 59.2709 0
      vertex -1.02918 59.4221 0
    endloop
  endfacet
  facet normal 0.59575 -0.80317 0
    outer loop
      vertex -6.66113 57.0892 0
      vertex -5.83349 57.7031 4
      vertex -6.66113 57.0892 4
    endloop
  endfacet
  facet normal 0.59575 -0.80317 0
    outer loop
      vertex -5.83349 57.7031 4
      vertex -6.66113 57.0892 0
      vertex -5.83349 57.7031 0
    endloop
  endfacet
  facet normal 0.427585 -0.903975 0
    outer loop
      vertex -4.94967 58.2328 0
      vertex -4.01818 58.6734 4
      vertex -4.94967 58.2328 4
    endloop
  endfacet
  facet normal 0.427585 -0.903975 0
    outer loop
      vertex -4.01818 58.6734 4
      vertex -4.94967 58.2328 0
      vertex -4.01818 58.6734 0
    endloop
  endfacet
  facet normal 0.671513 -0.740993 0
    outer loop
      vertex -7.42462 56.3973 0
      vertex -6.66113 57.0892 4
      vertex -7.42462 56.3973 4
    endloop
  endfacet
  facet normal 0.671513 -0.740993 0
    outer loop
      vertex -6.66113 57.0892 4
      vertex -7.42462 56.3973 0
      vertex -6.66113 57.0892 0
    endloop
  endfacet
  facet normal 0.941525 0.336944 0
    outer loop
      vertex -9.70073 38.9545 4
      vertex -10.0479 39.9246 0
      vertex -10.0479 39.9246 4
    endloop
  endfacet
  facet normal 0.941525 0.336944 0
    outer loop
      vertex -10.0479 39.9246 0
      vertex -9.70073 38.9545 4
      vertex -9.70073 38.9545 0
    endloop
  endfacet
  facet normal 0.903992 0.42755 0
    outer loop
      vertex -9.26017 38.023 4
      vertex -9.70073 38.9545 0
      vertex -9.70073 38.9545 4
    endloop
  endfacet
  facet normal 0.903992 0.42755 0
    outer loop
      vertex -9.70073 38.9545 0
      vertex -9.26017 38.023 4
      vertex -9.26017 38.023 0
    endloop
  endfacet
  facet normal 0.0490092 -0.998798 0
    outer loop
      vertex -1.02918 59.4221 0
      vertex 0 59.4726 4
      vertex -1.02918 59.4221 4
    endloop
  endfacet
  facet normal 0.0490092 -0.998798 0
    outer loop
      vertex 0 59.4726 4
      vertex -1.02918 59.4221 0
      vertex 0 59.4726 0
    endloop
  endfacet
  facet normal 0.514073 -0.857746 0
    outer loop
      vertex -5.83349 57.7031 0
      vertex -4.94967 58.2328 4
      vertex -5.83349 57.7031 4
    endloop
  endfacet
  facet normal 0.514073 -0.857746 0
    outer loop
      vertex -4.94967 58.2328 4
      vertex -5.83349 57.7031 0
      vertex -4.94967 58.2328 0
    endloop
  endfacet
  facet normal -0.866026 -0.499999 0
    outer loop
      vertex -54.6234 51.6548 4
      vertex -58.4339 58.2548 30.99
      vertex -58.4339 58.2548 4
    endloop
  endfacet
  facet normal -0.866026 -0.499999 0
    outer loop
      vertex -58.4339 58.2548 30.99
      vertex -54.6234 51.6548 4
      vertex -54.6234 51.6548 30.99
    endloop
  endfacet
  facet normal 0.866026 -0.499999 0
    outer loop
      vertex -69.8655 51.6548 30.99
      vertex -66.055 58.2548 4
      vertex -66.055 58.2548 30.99
    endloop
  endfacet
  facet normal 0.866026 -0.499999 0
    outer loop
      vertex -66.055 58.2548 4
      vertex -69.8655 51.6548 30.99
      vertex -69.8655 51.6548 4
    endloop
  endfacet
  facet normal 0 -1 0
    outer loop
      vertex -66.055 58.2548 4
      vertex -58.4339 58.2548 30.99
      vertex -66.055 58.2548 30.99
    endloop
  endfacet
  facet normal 0 -1 -0
    outer loop
      vertex -58.4339 58.2548 30.99
      vertex -66.055 58.2548 4
      vertex -58.4339 58.2548 4
    endloop
  endfacet
  facet normal -0.866026 0.499999 0
    outer loop
      vertex -58.4339 45.0548 4
      vertex -54.6234 51.6548 30.99
      vertex -54.6234 51.6548 4
    endloop
  endfacet
  facet normal -0.866026 0.499999 0
    outer loop
      vertex -54.6234 51.6548 30.99
      vertex -58.4339 45.0548 4
      vertex -58.4339 45.0548 30.99
    endloop
  endfacet
  facet normal 0 0 1
    outer loop
      vertex -58.4339 58.2548 4
      vertex -58.4339 45.0548 4
      vertex -54.6234 51.6548 4
    endloop
  endfacet
  facet normal -0 0 1
    outer loop
      vertex -66.055 58.2548 4
      vertex -58.4339 45.0548 4
      vertex -58.4339 58.2548 4
    endloop
  endfacet
  facet normal 0 0 1
    outer loop
      vertex -66.055 58.2548 4
      vertex -66.055 45.0548 4
      vertex -58.4339 45.0548 4
    endloop
  endfacet
  facet normal 0 -0 1
    outer loop
      vertex -66.055 45.0548 4
      vertex -66.055 58.2548 4
      vertex -69.8655 51.6548 4
    endloop
  endfacet
  facet normal 0 1 -0
    outer loop
      vertex -58.4339 45.0548 4
      vertex -66.055 45.0548 30.99
      vertex -58.4339 45.0548 30.99
    endloop
  endfacet
  facet normal 0 1 0
    outer loop
      vertex -66.055 45.0548 30.99
      vertex -58.4339 45.0548 4
      vertex -66.055 45.0548 4
    endloop
  endfacet
  facet normal 0.866026 0.499999 0
    outer loop
      vertex -66.055 45.0548 30.99
      vertex -69.8655 51.6548 4
      vertex -69.8655 51.6548 30.99
    endloop
  endfacet
  facet normal 0.866026 0.499999 0
    outer loop
      vertex -69.8655 51.6548 4
      vertex -66.055 45.0548 30.99
      vertex -66.055 45.0548 4
    endloop
  endfacet
endsolid OpenSCAD_Model
