solid OpenSCAD_Model
  facet normal -0.0491664 0.998791 0
    outer loop
      vertex 4 100 0
      vertex 3.60793 99.9807 9
      vertex 4 100 9
    endloop
  endfacet
  facet normal -0.0491664 0.998791 0
    outer loop
      vertex 3.60793 99.9807 9
      vertex 4 100 0
      vertex 3.60793 99.9807 0
    endloop
  endfacet
  facet normal -0.740892 0.671624 0
    outer loop
      vertex 0.907958 98.5376 0
      vertex 1.17157 98.8284 9
      vertex 1.17157 98.8284 0
    endloop
  endfacet
  facet normal -0.740892 0.671624 0
    outer loop
      vertex 1.17157 98.8284 9
      vertex 0.907958 98.5376 0
      vertex 0.907958 98.5376 9
    endloop
  endfacet
  facet normal -0.42748 0.904025 0
    outer loop
      vertex 2.46927 99.6955 0
      vertex 2.11441 99.5277 9
      vertex 2.46927 99.6955 9
    endloop
  endfacet
  facet normal -0.42748 0.904025 0
    outer loop
      vertex 2.11441 99.5277 9
      vertex 2.46927 99.6955 0
      vertex 2.11441 99.5277 0
    endloop
  endfacet
  facet normal -0.941545 0.336888 0
    outer loop
      vertex 0.172238 97.1611 0
      vertex 0.304482 97.5307 9
      vertex 0.304482 97.5307 0
    endloop
  endfacet
  facet normal -0.941545 0.336888 0
    outer loop
      vertex 0.304482 97.5307 9
      vertex 0.172238 97.1611 0
      vertex 0.172238 97.1611 9
    endloop
  endfacet
  facet normal -0.242787 0.97008 0
    outer loop
      vertex 3.21964 99.9231 0
      vertex 2.83886 99.8278 9
      vertex 3.21964 99.9231 9
    endloop
  endfacet
  facet normal -0.242787 0.97008 0
    outer loop
      vertex 2.83886 99.8278 9
      vertex 3.21964 99.9231 0
      vertex 2.83886 99.8278 0
    endloop
  endfacet
  facet normal -0.989177 0.146729 0
    outer loop
      vertex 0.0192604 96.3921 8.39004
      vertex 0.0768585 96.7804 0
      vertex 0.0192604 96.3921 0
    endloop
  endfacet
  facet normal -0.989177 0.146729 0
    outer loop
      vertex 0.0768585 96.7804 0
      vertex 0.0192604 96.3921 8.39004
      vertex 0.0768585 96.7804 8.77963
    endloop
  endfacet
  facet normal 0 0 -1
    outer loop
      vertex 63 53 0
      vertex 80 96 0
      vertex 80 0 0
    endloop
  endfacet
  facet normal 0 0 -1
    outer loop
      vertex 63 96 0
      vertex 80 96 0
      vertex 63 53 0
    endloop
  endfacet
  facet normal 0 -0 -1
    outer loop
      vertex 76 100 0
      vertex 80 96 0
      vertex 63 96 0
    endloop
  endfacet
  facet normal 0 0 -1
    outer loop
      vertex 80 96 0
      vertex 76 100 0
      vertex 79.9807 96.3921 0
    endloop
  endfacet
  facet normal 0 0 -1
    outer loop
      vertex 79.9807 96.3921 0
      vertex 76 100 0
      vertex 79.9231 96.7804 0
    endloop
  endfacet
  facet normal 0 0 -1
    outer loop
      vertex 79.9231 96.7804 0
      vertex 76 100 0
      vertex 79.8278 97.1611 0
    endloop
  endfacet
  facet normal 0 0 -1
    outer loop
      vertex 79.8278 97.1611 0
      vertex 76 100 0
      vertex 79.6955 97.5307 0
    endloop
  endfacet
  facet normal 0 0 -1
    outer loop
      vertex 79.6955 97.5307 0
      vertex 76 100 0
      vertex 79.5277 97.8856 0
    endloop
  endfacet
  facet normal 0 0 -1
    outer loop
      vertex 79.5277 97.8856 0
      vertex 76 100 0
      vertex 79.3259 98.2223 0
    endloop
  endfacet
  facet normal 0 0 -1
    outer loop
      vertex 79.3259 98.2223 0
      vertex 76 100 0
      vertex 79.092 98.5376 0
    endloop
  endfacet
  facet normal 0 0 -1
    outer loop
      vertex 79.092 98.5376 0
      vertex 76 100 0
      vertex 78.8284 98.8284 0
    endloop
  endfacet
  facet normal 0 0 -1
    outer loop
      vertex 78.8284 98.8284 0
      vertex 76 100 0
      vertex 78.5376 99.092 0
    endloop
  endfacet
  facet normal 0 0 -1
    outer loop
      vertex 78.5376 99.092 0
      vertex 76 100 0
      vertex 78.2223 99.3259 0
    endloop
  endfacet
  facet normal 0 0 -1
    outer loop
      vertex 78.2223 99.3259 0
      vertex 76 100 0
      vertex 77.8856 99.5277 0
    endloop
  endfacet
  facet normal 0 0 -1
    outer loop
      vertex 77.8856 99.5277 0
      vertex 76 100 0
      vertex 77.5307 99.6955 0
    endloop
  endfacet
  facet normal 0 0 -1
    outer loop
      vertex 77.5307 99.6955 0
      vertex 76 100 0
      vertex 77.1611 99.8278 0
    endloop
  endfacet
  facet normal 0 0 -1
    outer loop
      vertex 77.1611 99.8278 0
      vertex 76 100 0
      vertex 76.7804 99.9231 0
    endloop
  endfacet
  facet normal 0 0 -1
    outer loop
      vertex 76.7804 99.9231 0
      vertex 76 100 0
      vertex 76.3921 99.9807 0
    endloop
  endfacet
  facet normal -0 0 -1
    outer loop
      vertex 76 100 0
      vertex 63 96 0
      vertex 67 100 0
    endloop
  endfacet
  facet normal 0 0 -1
    outer loop
      vertex 67 100 0
      vertex 63 96 0
      vertex 66.6079 99.9807 0
    endloop
  endfacet
  facet normal 0 0 -1
    outer loop
      vertex 66.6079 99.9807 0
      vertex 63 96 0
      vertex 66.2196 99.9231 0
    endloop
  endfacet
  facet normal 0 0 -1
    outer loop
      vertex 66.2196 99.9231 0
      vertex 63 96 0
      vertex 65.8389 99.8278 0
    endloop
  endfacet
  facet normal 0 0 -1
    outer loop
      vertex 65.8389 99.8278 0
      vertex 63 96 0
      vertex 65.4693 99.6955 0
    endloop
  endfacet
  facet normal 0 0 -1
    outer loop
      vertex 65.4693 99.6955 0
      vertex 63 96 0
      vertex 65.1144 99.5277 0
    endloop
  endfacet
  facet normal 0 0 -1
    outer loop
      vertex 65.1144 99.5277 0
      vertex 63 96 0
      vertex 64.7777 99.3259 0
    endloop
  endfacet
  facet normal 0 0 -1
    outer loop
      vertex 64.7777 99.3259 0
      vertex 63 96 0
      vertex 64.4624 99.092 0
    endloop
  endfacet
  facet normal 0 0 -1
    outer loop
      vertex 64.4624 99.092 0
      vertex 63 96 0
      vertex 64.1716 98.8284 0
    endloop
  endfacet
  facet normal 0 0 -1
    outer loop
      vertex 64.1716 98.8284 0
      vertex 63 96 0
      vertex 63.908 98.5376 0
    endloop
  endfacet
  facet normal 0 0 -1
    outer loop
      vertex 63.908 98.5376 0
      vertex 63 96 0
      vertex 63.6741 98.2223 0
    endloop
  endfacet
  facet normal 0 0 -1
    outer loop
      vertex 63.6741 98.2223 0
      vertex 63 96 0
      vertex 63.4723 97.8856 0
    endloop
  endfacet
  facet normal 0 0 -1
    outer loop
      vertex 63.3045 97.5307 0
      vertex 63 96 0
      vertex 63.1722 97.1611 0
    endloop
  endfacet
  facet normal 0 0 -1
    outer loop
      vertex 63.1722 97.1611 0
      vertex 63 96 0
      vertex 63.0769 96.7804 0
    endloop
  endfacet
  facet normal 0 0 -1
    outer loop
      vertex 63.4723 97.8856 0
      vertex 63 96 0
      vertex 63.3045 97.5307 0
    endloop
  endfacet
  facet normal 0 0 -1
    outer loop
      vertex 80 0 0
      vertex 62.8892 50.7456 0
      vertex 63 53 0
    endloop
  endfacet
  facet normal 0 0 -1
    outer loop
      vertex 80 0 0
      vertex 62.5581 48.5129 0
      vertex 62.8892 50.7456 0
    endloop
  endfacet
  facet normal 0 0 -1
    outer loop
      vertex 80 0 0
      vertex 62.0096 46.3235 0
      vertex 62.5581 48.5129 0
    endloop
  endfacet
  facet normal 0 0 -1
    outer loop
      vertex 80 0 0
      vertex 61.2492 44.1983 0
      vertex 62.0096 46.3235 0
    endloop
  endfacet
  facet normal 0 0 -1
    outer loop
      vertex 80 0 0
      vertex 60.2842 42.1579 0
      vertex 61.2492 44.1983 0
    endloop
  endfacet
  facet normal 0 0 -1
    outer loop
      vertex 80 0 0
      vertex 59.1238 40.2219 0
      vertex 60.2842 42.1579 0
    endloop
  endfacet
  facet normal 0 0 -1
    outer loop
      vertex 80 0 0
      vertex 57.7792 38.409 0
      vertex 59.1238 40.2219 0
    endloop
  endfacet
  facet normal 0 0 -1
    outer loop
      vertex 80 0 0
      vertex 56.2635 36.7365 0
      vertex 57.7792 38.409 0
    endloop
  endfacet
  facet normal 0 0 -1
    outer loop
      vertex 80 0 0
      vertex 54.591 35.2208 0
      vertex 56.2635 36.7365 0
    endloop
  endfacet
  facet normal 0 0 -1
    outer loop
      vertex 80 0 0
      vertex 52.7781 33.8762 0
      vertex 54.591 35.2208 0
    endloop
  endfacet
  facet normal 0 0 -1
    outer loop
      vertex 80 0 0
      vertex 50.8421 32.7158 0
      vertex 52.7781 33.8762 0
    endloop
  endfacet
  facet normal 0 0 -1
    outer loop
      vertex 80 0 0
      vertex 48.8017 31.7508 0
      vertex 50.8421 32.7158 0
    endloop
  endfacet
  facet normal 0 0 -1
    outer loop
      vertex 80 0 0
      vertex 46.6765 30.9904 0
      vertex 48.8017 31.7508 0
    endloop
  endfacet
  facet normal 0 0 -1
    outer loop
      vertex 80 0 0
      vertex 44.4871 30.4419 0
      vertex 46.6765 30.9904 0
    endloop
  endfacet
  facet normal 0 0 -1
    outer loop
      vertex 80 0 0
      vertex 42.2544 30.1108 0
      vertex 44.4871 30.4419 0
    endloop
  endfacet
  facet normal 0 0 -1
    outer loop
      vertex 80 0 0
      vertex 40 30 0
      vertex 42.2544 30.1108 0
    endloop
  endfacet
  facet normal 0 0 -1
    outer loop
      vertex 0 0 0
      vertex 40 30 0
      vertex 80 0 0
    endloop
  endfacet
  facet normal -0 0 -1
    outer loop
      vertex 40 30 0
      vertex 0 0 0
      vertex 37.7456 30.1108 0
    endloop
  endfacet
  facet normal -0 0 -1
    outer loop
      vertex 37.7456 30.1108 0
      vertex 0 0 0
      vertex 35.5129 30.4419 0
    endloop
  endfacet
  facet normal -0 0 -1
    outer loop
      vertex 35.5129 30.4419 0
      vertex 0 0 0
      vertex 33.3235 30.9904 0
    endloop
  endfacet
  facet normal -0 0 -1
    outer loop
      vertex 33.3235 30.9904 0
      vertex 0 0 0
      vertex 31.1983 31.7508 0
    endloop
  endfacet
  facet normal -0 0 -1
    outer loop
      vertex 31.1983 31.7508 0
      vertex 0 0 0
      vertex 29.1579 32.7158 0
    endloop
  endfacet
  facet normal 0 0 -1
    outer loop
      vertex 0 96 0
      vertex 17 96 0
      vertex 17 53 0
    endloop
  endfacet
  facet normal 0 -0 -1
    outer loop
      vertex 13 100 0
      vertex 17 96 0
      vertex 0 96 0
    endloop
  endfacet
  facet normal 0 0 -1
    outer loop
      vertex 17 96 0
      vertex 13 100 0
      vertex 16.9807 96.3921 0
    endloop
  endfacet
  facet normal 0 0 -1
    outer loop
      vertex 16.9807 96.3921 0
      vertex 13 100 0
      vertex 16.9231 96.7804 0
    endloop
  endfacet
  facet normal 0 0 -1
    outer loop
      vertex 16.9231 96.7804 0
      vertex 13 100 0
      vertex 16.8278 97.1611 0
    endloop
  endfacet
  facet normal 0 0 -1
    outer loop
      vertex 16.8278 97.1611 0
      vertex 13 100 0
      vertex 16.6955 97.5307 0
    endloop
  endfacet
  facet normal 0 0 -1
    outer loop
      vertex 16.6955 97.5307 0
      vertex 13 100 0
      vertex 16.5277 97.8856 0
    endloop
  endfacet
  facet normal 0 0 -1
    outer loop
      vertex 16.5277 97.8856 0
      vertex 13 100 0
      vertex 16.3259 98.2223 0
    endloop
  endfacet
  facet normal 0 0 -1
    outer loop
      vertex 16.3259 98.2223 0
      vertex 13 100 0
      vertex 16.092 98.5376 0
    endloop
  endfacet
  facet normal 0 0 -1
    outer loop
      vertex 16.092 98.5376 0
      vertex 13 100 0
      vertex 15.8284 98.8284 0
    endloop
  endfacet
  facet normal 0 0 -1
    outer loop
      vertex 15.8284 98.8284 0
      vertex 13 100 0
      vertex 15.5376 99.092 0
    endloop
  endfacet
  facet normal 0 0 -1
    outer loop
      vertex 15.5376 99.092 0
      vertex 13 100 0
      vertex 15.2223 99.3259 0
    endloop
  endfacet
  facet normal 0 0 -1
    outer loop
      vertex 0 96 0
      vertex 17 53 0
      vertex 17.1108 50.7456 0
    endloop
  endfacet
  facet normal 0 0 -1
    outer loop
      vertex 15.2223 99.3259 0
      vertex 13 100 0
      vertex 14.8856 99.5277 0
    endloop
  endfacet
  facet normal 0 0 -1
    outer loop
      vertex 14.8856 99.5277 0
      vertex 13 100 0
      vertex 14.5307 99.6955 0
    endloop
  endfacet
  facet normal 0 0 -1
    outer loop
      vertex 14.5307 99.6955 0
      vertex 13 100 0
      vertex 14.1611 99.8278 0
    endloop
  endfacet
  facet normal 0 0 -1
    outer loop
      vertex 14.1611 99.8278 0
      vertex 13 100 0
      vertex 13.7804 99.9231 0
    endloop
  endfacet
  facet normal 0 0 -1
    outer loop
      vertex 13.7804 99.9231 0
      vertex 13 100 0
      vertex 13.3921 99.9807 0
    endloop
  endfacet
  facet normal 0 0 -1
    outer loop
      vertex 0 0 0
      vertex 17.1108 50.7456 0
      vertex 17.4419 48.5129 0
    endloop
  endfacet
  facet normal 0 0 -1
    outer loop
      vertex 0 0 0
      vertex 17.4419 48.5129 0
      vertex 17.9904 46.3235 0
    endloop
  endfacet
  facet normal -0 0 -1
    outer loop
      vertex 13 100 0
      vertex 0 96 0
      vertex 4 100 0
    endloop
  endfacet
  facet normal 0 0 -1
    outer loop
      vertex 4 100 0
      vertex 0 96 0
      vertex 3.60793 99.9807 0
    endloop
  endfacet
  facet normal 0 0 -1
    outer loop
      vertex 3.60793 99.9807 0
      vertex 0 96 0
      vertex 3.21964 99.9231 0
    endloop
  endfacet
  facet normal 0 0 -1
    outer loop
      vertex 3.21964 99.9231 0
      vertex 0 96 0
      vertex 2.83886 99.8278 0
    endloop
  endfacet
  facet normal 0 0 -1
    outer loop
      vertex 2.83886 99.8278 0
      vertex 0 96 0
      vertex 2.46927 99.6955 0
    endloop
  endfacet
  facet normal 0 0 -1
    outer loop
      vertex 2.46927 99.6955 0
      vertex 0 96 0
      vertex 2.11441 99.5277 0
    endloop
  endfacet
  facet normal 0 0 -1
    outer loop
      vertex 2.11441 99.5277 0
      vertex 0 96 0
      vertex 1.77772 99.3259 0
    endloop
  endfacet
  facet normal 0 0 -1
    outer loop
      vertex 1.77772 99.3259 0
      vertex 0 96 0
      vertex 1.46243 99.092 0
    endloop
  endfacet
  facet normal 0 0 -1
    outer loop
      vertex 1.46243 99.092 0
      vertex 0 96 0
      vertex 1.17157 98.8284 0
    endloop
  endfacet
  facet normal 0 0 -1
    outer loop
      vertex 1.17157 98.8284 0
      vertex 0 96 0
      vertex 0.907958 98.5376 0
    endloop
  endfacet
  facet normal 0 0 -1
    outer loop
      vertex 0.907958 98.5376 0
      vertex 0 96 0
      vertex 0.674121 98.2223 0
    endloop
  endfacet
  facet normal 0 0 -1
    outer loop
      vertex 0.674121 98.2223 0
      vertex 0 96 0
      vertex 0.472315 97.8856 0
    endloop
  endfacet
  facet normal 0 0 -1
    outer loop
      vertex 0.472315 97.8856 0
      vertex 0 96 0
      vertex 0.304482 97.5307 0
    endloop
  endfacet
  facet normal 0 0 -1
    outer loop
      vertex 0.304482 97.5307 0
      vertex 0 96 0
      vertex 0.172238 97.1611 0
    endloop
  endfacet
  facet normal 0 0 -1
    outer loop
      vertex 0.172238 97.1611 0
      vertex 0 96 0
      vertex 0.0768585 96.7804 0
    endloop
  endfacet
  facet normal 0 0 -1
    outer loop
      vertex 0 0 0
      vertex 17.9904 46.3235 0
      vertex 18.7508 44.1983 0
    endloop
  endfacet
  facet normal -0 0 -1
    outer loop
      vertex 29.1579 32.7158 0
      vertex 0 0 0
      vertex 27.2219 33.8762 0
    endloop
  endfacet
  facet normal 0 0 -1
    outer loop
      vertex 0 0 0
      vertex 25.409 35.2208 0
      vertex 27.2219 33.8762 0
    endloop
  endfacet
  facet normal 0 0 -1
    outer loop
      vertex 0 0 0
      vertex 23.7365 36.7365 0
      vertex 25.409 35.2208 0
    endloop
  endfacet
  facet normal 0 0 -1
    outer loop
      vertex 0 0 0
      vertex 22.2208 38.409 0
      vertex 23.7365 36.7365 0
    endloop
  endfacet
  facet normal 0 0 -1
    outer loop
      vertex 0 0 0
      vertex 20.8762 40.2219 0
      vertex 22.2208 38.409 0
    endloop
  endfacet
  facet normal 0 0 -1
    outer loop
      vertex 0 0 0
      vertex 19.7158 42.1579 0
      vertex 20.8762 40.2219 0
    endloop
  endfacet
  facet normal 0 0 -1
    outer loop
      vertex 0 0 0
      vertex 18.7508 44.1983 0
      vertex 19.7158 42.1579 0
    endloop
  endfacet
  facet normal -0 0 -1
    outer loop
      vertex 17.1108 50.7456 0
      vertex 0 0 0
      vertex 0 96 0
    endloop
  endfacet
  facet normal 0 0 -1
    outer loop
      vertex 0.0768585 96.7804 0
      vertex 0 96 0
      vertex 0.0192604 96.3921 0
    endloop
  endfacet
  facet normal 0 0 -1
    outer loop
      vertex 63.0769 96.7804 0
      vertex 63 96 0
      vertex 63.0193 96.3921 0
    endloop
  endfacet
  facet normal -0.857733 0.514095 0
    outer loop
      vertex 0.472315 97.8856 0
      vertex 0.674121 98.2223 9
      vertex 0.674121 98.2223 0
    endloop
  endfacet
  facet normal -0.857733 0.514095 0
    outer loop
      vertex 0.674121 98.2223 9
      vertex 0.472315 97.8856 0
      vertex 0.472315 97.8856 9
    endloop
  endfacet
  facet normal -0.803214 0.59569 0
    outer loop
      vertex 0.674121 98.2223 0
      vertex 0.907958 98.5376 9
      vertex 0.907958 98.5376 0
    endloop
  endfacet
  facet normal -0.803214 0.59569 0
    outer loop
      vertex 0.907958 98.5376 9
      vertex 0.674121 98.2223 0
      vertex 0.674121 98.2223 9
    endloop
  endfacet
  facet normal -0.904011 0.427509 0
    outer loop
      vertex 0.304482 97.5307 0
      vertex 0.472315 97.8856 9
      vertex 0.472315 97.8856 0
    endloop
  endfacet
  facet normal -0.904011 0.427509 0
    outer loop
      vertex 0.472315 97.8856 9
      vertex 0.304482 97.5307 0
      vertex 0.304482 97.5307 9
    endloop
  endfacet
  facet normal -0.97002 0.243026 0
    outer loop
      vertex 0.0768585 96.7804 8.77963
      vertex 0.172238 97.1611 9
      vertex 0.172238 97.1611 0
    endloop
  endfacet
  facet normal -0.97002 0.243026 0
    outer loop
      vertex 0.0768585 96.7804 8.77963
      vertex 0.172238 97.1611 0
      vertex 0.0768585 96.7804 0
    endloop
  endfacet
  facet normal -0.970018 0.243034 -1.52095e-05
    outer loop
      vertex 0.172238 97.1611 9
      vertex 0.0768585 96.7804 8.77963
      vertex 0.131875 97 9
    endloop
  endfacet
  facet normal -0.998796 0.049062 0
    outer loop
      vertex 0 96 7.99667
      vertex 0.0192604 96.3921 0
      vertex 0 96 0
    endloop
  endfacet
  facet normal -0.998796 0.049062 0
    outer loop
      vertex 0.0192604 96.3921 0
      vertex 0 96 7.99667
      vertex 0.0192604 96.3921 8.39004
    endloop
  endfacet
  facet normal -0 0 1
    outer loop
      vertex 5 91.9805 6
      vertex 15.5 53.2035 6
      vertex 15.5 94.01 6
    endloop
  endfacet
  facet normal 0 0 1
    outer loop
      vertex 15.5 53.2035 6
      vertex 5 91.9805 6
      vertex 15.49 53 6
    endloop
  endfacet
  facet normal -0 0 1
    outer loop
      vertex 0 94.01 6
      vertex 5 91.9805 6
      vertex 15.5 94.01 6
    endloop
  endfacet
  facet normal 0 0 1
    outer loop
      vertex 5 91.9805 6
      vertex 0 94.01 6
      vertex 0 91.9805 6
    endloop
  endfacet
  facet normal 0 0 1
    outer loop
      vertex 80 94.01 6
      vertex 75 91.9805 6
      vertex 80 91.9805 6
    endloop
  endfacet
  facet normal 0 0 1
    outer loop
      vertex 75 91.9805 6
      vertex 64.51 53 6
      vertex 75 9 6
    endloop
  endfacet
  facet normal -0 0 1
    outer loop
      vertex 64.5 94.01 6
      vertex 75 91.9805 6
      vertex 80 94.01 6
    endloop
  endfacet
  facet normal 0 0 1
    outer loop
      vertex 64.5 53.2035 6
      vertex 75 91.9805 6
      vertex 64.5 94.01 6
    endloop
  endfacet
  facet normal 0 0 1
    outer loop
      vertex 75 91.9805 6
      vertex 64.5 53.2035 6
      vertex 64.51 53 6
    endloop
  endfacet
  facet normal -0 0 1
    outer loop
      vertex 64.392 50.5976 6
      vertex 75 9 6
      vertex 64.51 53 6
    endloop
  endfacet
  facet normal -0 0 1
    outer loop
      vertex 64.039 48.2183 6
      vertex 75 9 6
      vertex 64.392 50.5976 6
    endloop
  endfacet
  facet normal -0 0 1
    outer loop
      vertex 63.4546 45.8851 6
      vertex 75 9 6
      vertex 64.039 48.2183 6
    endloop
  endfacet
  facet normal -0 0 1
    outer loop
      vertex 62.6443 43.6204 6
      vertex 75 9 6
      vertex 63.4546 45.8851 6
    endloop
  endfacet
  facet normal -0 0 1
    outer loop
      vertex 61.6159 41.4461 6
      vertex 75 9 6
      vertex 62.6443 43.6204 6
    endloop
  endfacet
  facet normal -0 0 1
    outer loop
      vertex 60.3793 39.383 6
      vertex 75 9 6
      vertex 61.6159 41.4461 6
    endloop
  endfacet
  facet normal -0 0 1
    outer loop
      vertex 58.9465 37.451 6
      vertex 75 9 6
      vertex 60.3793 39.383 6
    endloop
  endfacet
  facet normal -0 0 1
    outer loop
      vertex 57.3312 35.6688 6
      vertex 75 9 6
      vertex 58.9465 37.451 6
    endloop
  endfacet
  facet normal -0 0 1
    outer loop
      vertex 55.549 34.0535 6
      vertex 75 9 6
      vertex 57.3312 35.6688 6
    endloop
  endfacet
  facet normal -0 0 1
    outer loop
      vertex 53.617 32.6207 6
      vertex 75 9 6
      vertex 55.549 34.0535 6
    endloop
  endfacet
  facet normal -0 0 1
    outer loop
      vertex 51.5539 31.3841 6
      vertex 75 9 6
      vertex 53.617 32.6207 6
    endloop
  endfacet
  facet normal -0 0 1
    outer loop
      vertex 49.3796 30.3557 6
      vertex 75 9 6
      vertex 51.5539 31.3841 6
    endloop
  endfacet
  facet normal -0 0 1
    outer loop
      vertex 47.1149 29.5454 6
      vertex 75 9 6
      vertex 49.3796 30.3557 6
    endloop
  endfacet
  facet normal -0 0 1
    outer loop
      vertex 44.7817 28.961 6
      vertex 75 9 6
      vertex 47.1149 29.5454 6
    endloop
  endfacet
  facet normal -0 0 1
    outer loop
      vertex 42.4024 28.608 6
      vertex 75 9 6
      vertex 44.7817 28.961 6
    endloop
  endfacet
  facet normal -0 0 1
    outer loop
      vertex 40 28.49 6
      vertex 75 9 6
      vertex 42.4024 28.608 6
    endloop
  endfacet
  facet normal 0 0 1
    outer loop
      vertex 5 9 6
      vertex 40 28.49 6
      vertex 37.5976 28.608 6
    endloop
  endfacet
  facet normal 0 0 1
    outer loop
      vertex 5 9 6
      vertex 37.5976 28.608 6
      vertex 35.2183 28.961 6
    endloop
  endfacet
  facet normal 0 0 1
    outer loop
      vertex 5 9 6
      vertex 35.2183 28.961 6
      vertex 32.8851 29.5454 6
    endloop
  endfacet
  facet normal 0 0 1
    outer loop
      vertex 5 9 6
      vertex 32.8851 29.5454 6
      vertex 30.6204 30.3557 6
    endloop
  endfacet
  facet normal 0 0 1
    outer loop
      vertex 5 9 6
      vertex 30.6204 30.3557 6
      vertex 28.4461 31.3841 6
    endloop
  endfacet
  facet normal 0 0 1
    outer loop
      vertex 5 9 6
      vertex 15.49 53 6
      vertex 5 91.9805 6
    endloop
  endfacet
  facet normal 0 0 1
    outer loop
      vertex 15.49 53 6
      vertex 5 9 6
      vertex 15.608 50.5976 6
    endloop
  endfacet
  facet normal 0 0 1
    outer loop
      vertex 40 28.49 6
      vertex 5 9 6
      vertex 75 9 6
    endloop
  endfacet
  facet normal 0 0 1
    outer loop
      vertex 26.383 32.6207 6
      vertex 5 9 6
      vertex 28.4461 31.3841 6
    endloop
  endfacet
  facet normal 0 0 1
    outer loop
      vertex 24.451 34.0535 6
      vertex 5 9 6
      vertex 26.383 32.6207 6
    endloop
  endfacet
  facet normal 0 0 1
    outer loop
      vertex 22.6688 35.6688 6
      vertex 5 9 6
      vertex 24.451 34.0535 6
    endloop
  endfacet
  facet normal 0 0 1
    outer loop
      vertex 21.0535 37.451 6
      vertex 5 9 6
      vertex 22.6688 35.6688 6
    endloop
  endfacet
  facet normal 0 0 1
    outer loop
      vertex 19.6207 39.383 6
      vertex 5 9 6
      vertex 21.0535 37.451 6
    endloop
  endfacet
  facet normal 0 0 1
    outer loop
      vertex 18.3841 41.4461 6
      vertex 5 9 6
      vertex 19.6207 39.383 6
    endloop
  endfacet
  facet normal 0 0 1
    outer loop
      vertex 17.3557 43.6204 6
      vertex 5 9 6
      vertex 18.3841 41.4461 6
    endloop
  endfacet
  facet normal 0 0 1
    outer loop
      vertex 16.5454 45.8851 6
      vertex 5 9 6
      vertex 17.3557 43.6204 6
    endloop
  endfacet
  facet normal 0 0 1
    outer loop
      vertex 15.961 48.2183 6
      vertex 5 9 6
      vertex 16.5454 45.8851 6
    endloop
  endfacet
  facet normal 0 0 1
    outer loop
      vertex 15.608 50.5976 6
      vertex 5 9 6
      vertex 15.961 48.2183 6
    endloop
  endfacet
  facet normal 0 0 1
    outer loop
      vertex 15.5 53.2035 6
      vertex 15.49 53 6
      vertex 15.5 53 6
    endloop
  endfacet
  facet normal 0 0 1
    outer loop
      vertex 64.5 53 6
      vertex 64.51 53 6
      vertex 64.5 53.2035 6
    endloop
  endfacet
  facet normal 0 0 1
    outer loop
      vertex 64.3828 50.6135 6
      vertex 64.51 53 6
      vertex 64.5 53 6
    endloop
  endfacet
  facet normal 0 0 1
    outer loop
      vertex 64.51 53 6
      vertex 64.3828 50.6135 6
      vertex 64.392 50.5976 6
    endloop
  endfacet
  facet normal -0 0 1
    outer loop
      vertex 64.382 50.5986 6
      vertex 64.392 50.5976 6
      vertex 64.3828 50.6135 6
    endloop
  endfacet
  facet normal 0 0 1
    outer loop
      vertex 64.3798 50.5838 6
      vertex 64.392 50.5976 6
      vertex 64.382 50.5986 6
    endloop
  endfacet
  facet normal -0 0 1
    outer loop
      vertex 64.3798 50.5838 6
      vertex 64.039 48.2183 6
      vertex 64.392 50.5976 6
    endloop
  endfacet
  facet normal -0 0 1
    outer loop
      vertex 64.0292 48.2203 6
      vertex 64.039 48.2183 6
      vertex 64.3798 50.5838 6
    endloop
  endfacet
  facet normal 0 0 1
    outer loop
      vertex 64.0256 48.2058 6
      vertex 64.039 48.2183 6
      vertex 64.0292 48.2203 6
    endloop
  endfacet
  facet normal -0 0 1
    outer loop
      vertex 64.0256 48.2058 6
      vertex 63.4546 45.8851 6
      vertex 64.039 48.2183 6
    endloop
  endfacet
  facet normal -0 0 1
    outer loop
      vertex 63.445 45.888 6
      vertex 63.4546 45.8851 6
      vertex 64.0256 48.2058 6
    endloop
  endfacet
  facet normal 0 0 1
    outer loop
      vertex 62.6401 43.6383 6
      vertex 63.4546 45.8851 6
      vertex 63.445 45.888 6
    endloop
  endfacet
  facet normal 0 0 1
    outer loop
      vertex 63.4546 45.8851 6
      vertex 62.6401 43.6383 6
      vertex 62.6443 43.6204 6
    endloop
  endfacet
  facet normal -0 0 1
    outer loop
      vertex 62.635 43.6243 6
      vertex 62.6443 43.6204 6
      vertex 62.6401 43.6383 6
    endloop
  endfacet
  facet normal 0 0 1
    outer loop
      vertex 62.6287 43.6107 6
      vertex 62.6443 43.6204 6
      vertex 62.635 43.6243 6
    endloop
  endfacet
  facet normal -0 0 1
    outer loop
      vertex 62.6287 43.6107 6
      vertex 61.6159 41.4461 6
      vertex 62.6443 43.6204 6
    endloop
  endfacet
  facet normal -0 0 1
    outer loop
      vertex 61.6071 41.4508 6
      vertex 61.6159 41.4461 6
      vertex 62.6287 43.6107 6
    endloop
  endfacet
  facet normal 0 0 1
    outer loop
      vertex 60.3787 39.4013 6
      vertex 61.6159 41.4461 6
      vertex 61.6071 41.4508 6
    endloop
  endfacet
  facet normal 0 0 1
    outer loop
      vertex 61.6159 41.4461 6
      vertex 60.3787 39.4013 6
      vertex 60.3793 39.383 6
    endloop
  endfacet
  facet normal -0 0 1
    outer loop
      vertex 60.371 39.3885 6
      vertex 60.3793 39.383 6
      vertex 60.3787 39.4013 6
    endloop
  endfacet
  facet normal 0 0 1
    outer loop
      vertex 60.3621 39.3765 6
      vertex 60.3793 39.383 6
      vertex 60.371 39.3885 6
    endloop
  endfacet
  facet normal -0 0 1
    outer loop
      vertex 60.3621 39.3765 6
      vertex 58.9465 37.451 6
      vertex 60.3793 39.383 6
    endloop
  endfacet
  facet normal -0 0 1
    outer loop
      vertex 58.9388 37.4574 6
      vertex 58.9465 37.451 6
      vertex 60.3621 39.3765 6
    endloop
  endfacet
  facet normal 0 0 1
    outer loop
      vertex 58.9287 37.4463 6
      vertex 58.9465 37.451 6
      vertex 58.9388 37.4574 6
    endloop
  endfacet
  facet normal -0 0 1
    outer loop
      vertex 58.9287 37.4463 6
      vertex 57.3312 35.6688 6
      vertex 58.9465 37.451 6
    endloop
  endfacet
  facet normal -0 0 1
    outer loop
      vertex 57.3241 35.6759 6
      vertex 57.3312 35.6688 6
      vertex 58.9287 37.4463 6
    endloop
  endfacet
  facet normal 0 0 1
    outer loop
      vertex 55.5537 34.0713 6
      vertex 57.3312 35.6688 6
      vertex 57.3241 35.6759 6
    endloop
  endfacet
  facet normal -0 0 1
    outer loop
      vertex 55.5537 34.0713 6
      vertex 55.549 34.0535 6
      vertex 57.3312 35.6688 6
    endloop
  endfacet
  facet normal -0 0 1
    outer loop
      vertex 55.5426 34.0612 6
      vertex 55.549 34.0535 6
      vertex 55.5537 34.0713 6
    endloop
  endfacet
  facet normal 0 0 1
    outer loop
      vertex 53.6235 32.6379 6
      vertex 55.549 34.0535 6
      vertex 55.5426 34.0612 6
    endloop
  endfacet
  facet normal -0 0 1
    outer loop
      vertex 53.6235 32.6379 6
      vertex 53.617 32.6207 6
      vertex 55.549 34.0535 6
    endloop
  endfacet
  facet normal -0 0 1
    outer loop
      vertex 53.6115 32.629 6
      vertex 53.617 32.6207 6
      vertex 53.6235 32.6379 6
    endloop
  endfacet
  facet normal -0 0 1
    outer loop
      vertex 53.5987 32.6213 6
      vertex 53.617 32.6207 6
      vertex 53.6115 32.629 6
    endloop
  endfacet
  facet normal 0 0 1
    outer loop
      vertex 53.5987 32.6213 6
      vertex 51.5539 31.3841 6
      vertex 53.617 32.6207 6
    endloop
  endfacet
  facet normal -0 0 1
    outer loop
      vertex 51.5492 31.3929 6
      vertex 51.5539 31.3841 6
      vertex 53.5987 32.6213 6
    endloop
  endfacet
  facet normal 0 0 1
    outer loop
      vertex 49.3893 30.3713 6
      vertex 51.5539 31.3841 6
      vertex 51.5492 31.3929 6
    endloop
  endfacet
  facet normal -0 0 1
    outer loop
      vertex 49.3893 30.3713 6
      vertex 49.3796 30.3557 6
      vertex 51.5539 31.3841 6
    endloop
  endfacet
  facet normal -0 0 1
    outer loop
      vertex 49.3757 30.365 6
      vertex 49.3796 30.3557 6
      vertex 49.3893 30.3713 6
    endloop
  endfacet
  facet normal -0 0 1
    outer loop
      vertex 49.3617 30.3599 6
      vertex 49.3796 30.3557 6
      vertex 49.3757 30.365 6
    endloop
  endfacet
  facet normal 0 0 1
    outer loop
      vertex 49.3617 30.3599 6
      vertex 47.1149 29.5454 6
      vertex 49.3796 30.3557 6
    endloop
  endfacet
  facet normal -0 0 1
    outer loop
      vertex 47.112 29.555 6
      vertex 47.1149 29.5454 6
      vertex 49.3617 30.3599 6
    endloop
  endfacet
  facet normal 0 0 1
    outer loop
      vertex 44.7942 28.9744 6
      vertex 47.1149 29.5454 6
      vertex 47.112 29.555 6
    endloop
  endfacet
  facet normal -0 0 1
    outer loop
      vertex 44.7942 28.9744 6
      vertex 44.7817 28.961 6
      vertex 47.1149 29.5454 6
    endloop
  endfacet
  facet normal -0 0 1
    outer loop
      vertex 44.7797 28.9708 6
      vertex 44.7817 28.961 6
      vertex 44.7942 28.9744 6
    endloop
  endfacet
  facet normal 0 0 1
    outer loop
      vertex 42.4162 28.6202 6
      vertex 44.7817 28.961 6
      vertex 44.7797 28.9708 6
    endloop
  endfacet
  facet normal -0 0 1
    outer loop
      vertex 42.4162 28.6202 6
      vertex 42.4024 28.608 6
      vertex 44.7817 28.961 6
    endloop
  endfacet
  facet normal -0 0 1
    outer loop
      vertex 42.4014 28.618 6
      vertex 42.4024 28.608 6
      vertex 42.4162 28.6202 6
    endloop
  endfacet
  facet normal -0 0 1
    outer loop
      vertex 42.3865 28.6172 6
      vertex 42.4024 28.608 6
      vertex 42.4014 28.618 6
    endloop
  endfacet
  facet normal 0 0 1
    outer loop
      vertex 40 28.49 6
      vertex 42.3865 28.6172 6
      vertex 40 28.5 6
    endloop
  endfacet
  facet normal 0 0 1
    outer loop
      vertex 42.3865 28.6172 6
      vertex 40 28.49 6
      vertex 42.4024 28.608 6
    endloop
  endfacet
  facet normal 0 0 1
    outer loop
      vertex 37.6135 28.6172 6
      vertex 40 28.49 6
      vertex 40 28.5 6
    endloop
  endfacet
  facet normal 0 0 1
    outer loop
      vertex 37.5976 28.608 6
      vertex 37.6135 28.6172 6
      vertex 37.5986 28.618 6
    endloop
  endfacet
  facet normal 0 0 1
    outer loop
      vertex 37.6135 28.6172 6
      vertex 37.5976 28.608 6
      vertex 40 28.49 6
    endloop
  endfacet
  facet normal 0 0 1
    outer loop
      vertex 37.5838 28.6202 6
      vertex 37.5976 28.608 6
      vertex 37.5986 28.618 6
    endloop
  endfacet
  facet normal -0 0 1
    outer loop
      vertex 35.2183 28.961 6
      vertex 37.5838 28.6202 6
      vertex 35.2203 28.9708 6
    endloop
  endfacet
  facet normal 0 0 1
    outer loop
      vertex 37.5838 28.6202 6
      vertex 35.2183 28.961 6
      vertex 37.5976 28.608 6
    endloop
  endfacet
  facet normal 0 0 1
    outer loop
      vertex 35.2058 28.9744 6
      vertex 35.2183 28.961 6
      vertex 35.2203 28.9708 6
    endloop
  endfacet
  facet normal -0 0 1
    outer loop
      vertex 32.8851 29.5454 6
      vertex 35.2058 28.9744 6
      vertex 32.888 29.555 6
    endloop
  endfacet
  facet normal 0 0 1
    outer loop
      vertex 35.2058 28.9744 6
      vertex 32.8851 29.5454 6
      vertex 35.2183 28.961 6
    endloop
  endfacet
  facet normal 0 0 1
    outer loop
      vertex 30.6383 30.3599 6
      vertex 32.8851 29.5454 6
      vertex 32.888 29.555 6
    endloop
  endfacet
  facet normal 0 0 1
    outer loop
      vertex 30.6204 30.3557 6
      vertex 30.6383 30.3599 6
      vertex 30.6243 30.365 6
    endloop
  endfacet
  facet normal 0 0 1
    outer loop
      vertex 30.6383 30.3599 6
      vertex 30.6204 30.3557 6
      vertex 32.8851 29.5454 6
    endloop
  endfacet
  facet normal 0 0 1
    outer loop
      vertex 30.6107 30.3713 6
      vertex 30.6204 30.3557 6
      vertex 30.6243 30.365 6
    endloop
  endfacet
  facet normal -0 0 1
    outer loop
      vertex 28.4461 31.3841 6
      vertex 30.6107 30.3713 6
      vertex 28.4508 31.3929 6
    endloop
  endfacet
  facet normal 0 0 1
    outer loop
      vertex 30.6107 30.3713 6
      vertex 28.4461 31.3841 6
      vertex 30.6204 30.3557 6
    endloop
  endfacet
  facet normal 0 0 1
    outer loop
      vertex 26.4014 32.6213 6
      vertex 28.4461 31.3841 6
      vertex 28.4508 31.3929 6
    endloop
  endfacet
  facet normal 0 0 1
    outer loop
      vertex 26.383 32.6207 6
      vertex 26.4014 32.6213 6
      vertex 26.3885 32.629 6
    endloop
  endfacet
  facet normal 0 0 1
    outer loop
      vertex 26.4014 32.6213 6
      vertex 26.383 32.6207 6
      vertex 28.4461 31.3841 6
    endloop
  endfacet
  facet normal 0 0 1
    outer loop
      vertex 26.3765 32.6379 6
      vertex 26.383 32.6207 6
      vertex 26.3885 32.629 6
    endloop
  endfacet
  facet normal -0 0 1
    outer loop
      vertex 24.451 34.0535 6
      vertex 26.3765 32.6379 6
      vertex 24.4574 34.0612 6
    endloop
  endfacet
  facet normal 0 0 1
    outer loop
      vertex 26.3765 32.6379 6
      vertex 24.451 34.0535 6
      vertex 26.383 32.6207 6
    endloop
  endfacet
  facet normal 0 0 1
    outer loop
      vertex 24.4463 34.0713 6
      vertex 24.451 34.0535 6
      vertex 24.4574 34.0612 6
    endloop
  endfacet
  facet normal -0 0 1
    outer loop
      vertex 22.6688 35.6688 6
      vertex 24.4463 34.0713 6
      vertex 22.6759 35.6759 6
    endloop
  endfacet
  facet normal 0 0 1
    outer loop
      vertex 24.4463 34.0713 6
      vertex 22.6688 35.6688 6
      vertex 24.451 34.0535 6
    endloop
  endfacet
  facet normal 0 0 1
    outer loop
      vertex 21.0713 37.4463 6
      vertex 22.6688 35.6688 6
      vertex 22.6759 35.6759 6
    endloop
  endfacet
  facet normal -0 0 1
    outer loop
      vertex 21.0535 37.451 6
      vertex 21.0713 37.4463 6
      vertex 21.0612 37.4574 6
    endloop
  endfacet
  facet normal 0 0 1
    outer loop
      vertex 21.0713 37.4463 6
      vertex 21.0535 37.451 6
      vertex 22.6688 35.6688 6
    endloop
  endfacet
  facet normal 0 0 1
    outer loop
      vertex 19.6379 39.3765 6
      vertex 21.0535 37.451 6
      vertex 21.0612 37.4574 6
    endloop
  endfacet
  facet normal -0 0 1
    outer loop
      vertex 19.6207 39.383 6
      vertex 19.6379 39.3765 6
      vertex 19.629 39.3885 6
    endloop
  endfacet
  facet normal 0 0 1
    outer loop
      vertex 19.6379 39.3765 6
      vertex 19.6207 39.383 6
      vertex 21.0535 37.451 6
    endloop
  endfacet
  facet normal 0 0 1
    outer loop
      vertex 19.6213 39.4013 6
      vertex 19.6207 39.383 6
      vertex 19.629 39.3885 6
    endloop
  endfacet
  facet normal -0 0 1
    outer loop
      vertex 18.3841 41.4461 6
      vertex 19.6213 39.4013 6
      vertex 18.3929 41.4508 6
    endloop
  endfacet
  facet normal 0 0 1
    outer loop
      vertex 19.6213 39.4013 6
      vertex 18.3841 41.4461 6
      vertex 19.6207 39.383 6
    endloop
  endfacet
  facet normal 0 0 1
    outer loop
      vertex 17.3713 43.6107 6
      vertex 18.3841 41.4461 6
      vertex 18.3929 41.4508 6
    endloop
  endfacet
  facet normal -0 0 1
    outer loop
      vertex 17.3557 43.6204 6
      vertex 17.3713 43.6107 6
      vertex 17.365 43.6243 6
    endloop
  endfacet
  facet normal 0 0 1
    outer loop
      vertex 17.3713 43.6107 6
      vertex 17.3557 43.6204 6
      vertex 18.3841 41.4461 6
    endloop
  endfacet
  facet normal 0 0 1
    outer loop
      vertex 17.3599 43.6383 6
      vertex 17.3557 43.6204 6
      vertex 17.365 43.6243 6
    endloop
  endfacet
  facet normal -0 0 1
    outer loop
      vertex 16.5454 45.8851 6
      vertex 17.3599 43.6383 6
      vertex 16.555 45.888 6
    endloop
  endfacet
  facet normal 0 0 1
    outer loop
      vertex 17.3599 43.6383 6
      vertex 16.5454 45.8851 6
      vertex 17.3557 43.6204 6
    endloop
  endfacet
  facet normal 0 0 1
    outer loop
      vertex 15.9744 48.2058 6
      vertex 16.5454 45.8851 6
      vertex 16.555 45.888 6
    endloop
  endfacet
  facet normal -0 0 1
    outer loop
      vertex 15.961 48.2183 6
      vertex 15.9744 48.2058 6
      vertex 15.9708 48.2203 6
    endloop
  endfacet
  facet normal 0 0 1
    outer loop
      vertex 15.9744 48.2058 6
      vertex 15.961 48.2183 6
      vertex 16.5454 45.8851 6
    endloop
  endfacet
  facet normal 0 0 1
    outer loop
      vertex 15.6202 50.5838 6
      vertex 15.961 48.2183 6
      vertex 15.9708 48.2203 6
    endloop
  endfacet
  facet normal -0 0 1
    outer loop
      vertex 15.608 50.5976 6
      vertex 15.6202 50.5838 6
      vertex 15.618 50.5986 6
    endloop
  endfacet
  facet normal 0 0 1
    outer loop
      vertex 15.6202 50.5838 6
      vertex 15.608 50.5976 6
      vertex 15.961 48.2183 6
    endloop
  endfacet
  facet normal 0 0 1
    outer loop
      vertex 15.6172 50.6135 6
      vertex 15.608 50.5976 6
      vertex 15.618 50.5986 6
    endloop
  endfacet
  facet normal -0 0 1
    outer loop
      vertex 15.49 53 6
      vertex 15.6172 50.6135 6
      vertex 15.5 53 6
    endloop
  endfacet
  facet normal 0 0 1
    outer loop
      vertex 15.6172 50.6135 6
      vertex 15.49 53 6
      vertex 15.608 50.5976 6
    endloop
  endfacet
  facet normal -0.595806 0.803128 0
    outer loop
      vertex 1.77772 99.3259 0
      vertex 1.46243 99.092 9
      vertex 1.77772 99.3259 9
    endloop
  endfacet
  facet normal -0.595806 0.803128 0
    outer loop
      vertex 1.46243 99.092 9
      vertex 1.77772 99.3259 0
      vertex 1.46243 99.092 0
    endloop
  endfacet
  facet normal -0.514095 0.857733 0
    outer loop
      vertex 2.11441 99.5277 0
      vertex 1.77772 99.3259 9
      vertex 2.11441 99.5277 9
    endloop
  endfacet
  facet normal -0.514095 0.857733 0
    outer loop
      vertex 1.77772 99.3259 9
      vertex 2.11441 99.5277 0
      vertex 1.77772 99.3259 0
    endloop
  endfacet
  facet normal -0.671531 0.740977 0
    outer loop
      vertex 1.46243 99.092 0
      vertex 1.17157 98.8284 9
      vertex 1.46243 99.092 9
    endloop
  endfacet
  facet normal -0.671531 0.740977 0
    outer loop
      vertex 1.17157 98.8284 9
      vertex 1.46243 99.092 0
      vertex 1.17157 98.8284 0
    endloop
  endfacet
  facet normal -0.337022 0.941497 0
    outer loop
      vertex 2.83886 99.8278 0
      vertex 2.46927 99.6955 9
      vertex 2.83886 99.8278 9
    endloop
  endfacet
  facet normal -0.337022 0.941497 0
    outer loop
      vertex 2.46927 99.6955 9
      vertex 2.83886 99.8278 0
      vertex 2.46927 99.6955 0
    endloop
  endfacet
  facet normal -0.146737 0.989176 0
    outer loop
      vertex 3.60793 99.9807 0
      vertex 3.21964 99.9231 9
      vertex 3.60793 99.9807 9
    endloop
  endfacet
  facet normal -0.146737 0.989176 0
    outer loop
      vertex 3.21964 99.9231 9
      vertex 3.60793 99.9807 0
      vertex 3.21964 99.9231 0
    endloop
  endfacet
  facet normal 0.998791 0.0491626 0
    outer loop
      vertex 80 96 7.99667
      vertex 79.9807 96.3921 0
      vertex 79.9807 96.3921 8.39004
    endloop
  endfacet
  facet normal 0.998791 0.0491626 0
    outer loop
      vertex 79.9807 96.3921 0
      vertex 80 96 7.99667
      vertex 80 96 0
    endloop
  endfacet
  facet normal 0.671607 0.740908 -0
    outer loop
      vertex 78.8284 98.8284 0
      vertex 78.5376 99.092 9
      vertex 78.8284 98.8284 9
    endloop
  endfacet
  facet normal 0.671607 0.740908 0
    outer loop
      vertex 78.5376 99.092 9
      vertex 78.8284 98.8284 0
      vertex 78.5376 99.092 0
    endloop
  endfacet
  facet normal 0.904044 0.42744 0
    outer loop
      vertex 79.6955 97.5307 9
      vertex 79.5277 97.8856 0
      vertex 79.5277 97.8856 9
    endloop
  endfacet
  facet normal 0.904044 0.42744 0
    outer loop
      vertex 79.5277 97.8856 0
      vertex 79.6955 97.5307 9
      vertex 79.6955 97.5307 0
    endloop
  endfacet
  facet normal 0.337014 0.9415 -0
    outer loop
      vertex 77.5307 99.6955 0
      vertex 77.1611 99.8278 9
      vertex 77.5307 99.6955 9
    endloop
  endfacet
  facet normal 0.337014 0.9415 0
    outer loop
      vertex 77.1611 99.8278 9
      vertex 77.5307 99.6955 0
      vertex 77.1611 99.8278 0
    endloop
  endfacet
  facet normal 0.514084 0.85774 -0
    outer loop
      vertex 78.2223 99.3259 0
      vertex 77.8856 99.5277 9
      vertex 78.2223 99.3259 9
    endloop
  endfacet
  facet normal 0.514084 0.85774 0
    outer loop
      vertex 77.8856 99.5277 9
      vertex 78.2223 99.3259 0
      vertex 77.8856 99.5277 0
    endloop
  endfacet
  facet normal 0.970107 0.242677 0.000290199
    outer loop
      vertex 79.9231 96.7804 8.77963
      vertex 79.8278 97.1611 9
      vertex 79.8681 97 9
    endloop
  endfacet
  facet normal 0.970068 0.242835 0
    outer loop
      vertex 79.8278 97.1611 9
      vertex 79.9231 96.7804 8.77963
      vertex 79.8278 97.1611 0
    endloop
  endfacet
  facet normal 0.970068 0.242835 0
    outer loop
      vertex 79.8278 97.1611 0
      vertex 79.9231 96.7804 8.77963
      vertex 79.9231 96.7804 0
    endloop
  endfacet
  facet normal 0.989176 0.146733 0
    outer loop
      vertex 79.9807 96.3921 8.39004
      vertex 79.9231 96.7804 0
      vertex 79.9231 96.7804 8.77963
    endloop
  endfacet
  facet normal 0.989176 0.146733 0
    outer loop
      vertex 79.9231 96.7804 0
      vertex 79.9807 96.3921 8.39004
      vertex 79.9807 96.3921 0
    endloop
  endfacet
  facet normal 0.9415 0.337014 0
    outer loop
      vertex 79.8278 97.1611 9
      vertex 79.6955 97.5307 0
      vertex 79.6955 97.5307 9
    endloop
  endfacet
  facet normal 0.9415 0.337014 0
    outer loop
      vertex 79.6955 97.5307 0
      vertex 79.8278 97.1611 9
      vertex 79.8278 97.1611 0
    endloop
  endfacet
  facet normal 0.803137 0.595794 0
    outer loop
      vertex 79.3259 98.2223 9
      vertex 79.092 98.5376 0
      vertex 79.092 98.5376 9
    endloop
  endfacet
  facet normal 0.803137 0.595794 0
    outer loop
      vertex 79.092 98.5376 0
      vertex 79.3259 98.2223 9
      vertex 79.3259 98.2223 0
    endloop
  endfacet
  facet normal 0.740908 0.671607 0
    outer loop
      vertex 79.092 98.5376 9
      vertex 78.8284 98.8284 0
      vertex 78.8284 98.8284 9
    endloop
  endfacet
  facet normal 0.740908 0.671607 0
    outer loop
      vertex 78.8284 98.8284 0
      vertex 79.092 98.5376 9
      vertex 79.092 98.5376 0
    endloop
  endfacet
  facet normal 0.85774 0.514084 0
    outer loop
      vertex 79.5277 97.8856 9
      vertex 79.3259 98.2223 0
      vertex 79.3259 98.2223 9
    endloop
  endfacet
  facet normal 0.85774 0.514084 0
    outer loop
      vertex 79.3259 98.2223 0
      vertex 79.5277 97.8856 9
      vertex 79.5277 97.8856 0
    endloop
  endfacet
  facet normal 0.146733 0.989176 -0
    outer loop
      vertex 76.7804 99.9231 0
      vertex 76.3921 99.9807 9
      vertex 76.7804 99.9231 9
    endloop
  endfacet
  facet normal 0.146733 0.989176 0
    outer loop
      vertex 76.3921 99.9807 9
      vertex 76.7804 99.9231 0
      vertex 76.3921 99.9807 0
    endloop
  endfacet
  facet normal 0.242835 0.970068 -0
    outer loop
      vertex 77.1611 99.8278 0
      vertex 76.7804 99.9231 9
      vertex 77.1611 99.8278 9
    endloop
  endfacet
  facet normal 0.242835 0.970068 0
    outer loop
      vertex 76.7804 99.9231 9
      vertex 77.1611 99.8278 0
      vertex 76.7804 99.9231 0
    endloop
  endfacet
  facet normal 0.0491626 0.998791 -0
    outer loop
      vertex 76.3921 99.9807 0
      vertex 76 100 9
      vertex 76.3921 99.9807 9
    endloop
  endfacet
  facet normal 0.0491626 0.998791 0
    outer loop
      vertex 76 100 9
      vertex 76.3921 99.9807 0
      vertex 76 100 0
    endloop
  endfacet
  facet normal 0.42744 0.904044 -0
    outer loop
      vertex 77.8856 99.5277 0
      vertex 77.5307 99.6955 9
      vertex 77.8856 99.5277 9
    endloop
  endfacet
  facet normal 0.42744 0.904044 0
    outer loop
      vertex 77.5307 99.6955 9
      vertex 77.8856 99.5277 0
      vertex 77.5307 99.6955 0
    endloop
  endfacet
  facet normal 0.595794 0.803137 -0
    outer loop
      vertex 78.5376 99.092 0
      vertex 78.2223 99.3259 9
      vertex 78.5376 99.092 9
    endloop
  endfacet
  facet normal 0.595794 0.803137 0
    outer loop
      vertex 78.2223 99.3259 9
      vertex 78.5376 99.092 0
      vertex 78.2223 99.3259 0
    endloop
  endfacet
  facet normal -1 0 0
    outer loop
      vertex 0 96 0
      vertex 0 94.01 6
      vertex 0 96 7.99667
    endloop
  endfacet
  facet normal -1 0 0
    outer loop
      vertex 0 96 0
      vertex 0 91.9805 6
      vertex 0 94.01 6
    endloop
  endfacet
  facet normal -1 0 0
    outer loop
      vertex 0 0 0
      vertex 0 91.9805 6
      vertex 0 96 0
    endloop
  endfacet
  facet normal -1 -0 0
    outer loop
      vertex 0 91.9805 6
      vertex 0 0 0
      vertex 0 6 49.9949
    endloop
  endfacet
  facet normal -1 0 0
    outer loop
      vertex 0 0 70
      vertex 0 6 49.9949
      vertex 0 0 0
    endloop
  endfacet
  facet normal -1 0 0
    outer loop
      vertex 0 6 49.9949
      vertex 0 0 70
      vertex 0 6 70
    endloop
  endfacet
  facet normal 1 0 0
    outer loop
      vertex 80 6 70
      vertex 80 0 70
      vertex 80 6 49.9949
    endloop
  endfacet
  facet normal 1 -0 0
    outer loop
      vertex 80 94.01 6
      vertex 80 96 0
      vertex 80 96 7.99667
    endloop
  endfacet
  facet normal 1 -0 0
    outer loop
      vertex 80 91.9805 6
      vertex 80 96 0
      vertex 80 94.01 6
    endloop
  endfacet
  facet normal 1 0 0
    outer loop
      vertex 80 0 0
      vertex 80 91.9805 6
      vertex 80 6 49.9949
    endloop
  endfacet
  facet normal 1 0 0
    outer loop
      vertex 80 91.9805 6
      vertex 80 0 0
      vertex 80 96 0
    endloop
  endfacet
  facet normal 1 0 0
    outer loop
      vertex 80 0 0
      vertex 80 6 49.9949
      vertex 80 0 70
    endloop
  endfacet
  facet normal 0 -1 0
    outer loop
      vertex 10.7838 0 62.5837
      vertex 0 0 70
      vertex 10.5267 0 62.6481
    endloop
  endfacet
  facet normal 0 -1 0
    outer loop
      vertex 80 0 70
      vertex 69.7354 0 62.687
      vertex 70 0 62.7
    endloop
  endfacet
  facet normal 0 -1 0
    outer loop
      vertex 11.0332 0 62.4945
      vertex 0 0 70
      vertex 10.7838 0 62.5837
    endloop
  endfacet
  facet normal 0 -1 0
    outer loop
      vertex 80 0 70
      vertex 69.4733 0 62.6481
      vertex 69.7354 0 62.687
    endloop
  endfacet
  facet normal 0 -1 0
    outer loop
      vertex 11.2728 0 62.3812
      vertex 0 0 70
      vertex 11.0332 0 62.4945
    endloop
  endfacet
  facet normal 0 -1 0
    outer loop
      vertex 80 0 70
      vertex 69.2162 0 62.5837
      vertex 69.4733 0 62.6481
    endloop
  endfacet
  facet normal 0 -1 0
    outer loop
      vertex 0 0 70
      vertex 11.2728 0 62.3812
      vertex 80 0 70
    endloop
  endfacet
  facet normal 0 -1 0
    outer loop
      vertex 80 0 70
      vertex 68.9668 0 62.4945
      vertex 69.2162 0 62.5837
    endloop
  endfacet
  facet normal 0 -1 0
    outer loop
      vertex 68.7272 0 62.3812
      vertex 80 0 70
      vertex 11.2728 0 62.3812
    endloop
  endfacet
  facet normal 0 -1 0
    outer loop
      vertex 80 0 70
      vertex 68.7272 0 62.3812
      vertex 68.9668 0 62.4945
    endloop
  endfacet
  facet normal 0 -1 0
    outer loop
      vertex 11.5 0 62.245
      vertex 68.7272 0 62.3812
      vertex 11.2728 0 62.3812
    endloop
  endfacet
  facet normal 0 -1 0
    outer loop
      vertex 11.5 0 62.245
      vertex 68.5 0 62.245
      vertex 68.7272 0 62.3812
    endloop
  endfacet
  facet normal 0 -1 0
    outer loop
      vertex 11.7129 0 62.0871
      vertex 68.5 0 62.245
      vertex 11.5 0 62.245
    endloop
  endfacet
  facet normal 0 -1 0
    outer loop
      vertex 11.7129 0 62.0871
      vertex 68.2871 0 62.0871
      vertex 68.5 0 62.245
    endloop
  endfacet
  facet normal 0 -1 0
    outer loop
      vertex 11.9092 0 61.9092
      vertex 68.2871 0 62.0871
      vertex 11.7129 0 62.0871
    endloop
  endfacet
  facet normal 0 -1 0
    outer loop
      vertex 11.9092 0 61.9092
      vertex 68.0908 0 61.9092
      vertex 68.2871 0 62.0871
    endloop
  endfacet
  facet normal 0 -1 0
    outer loop
      vertex 12.0871 0 61.7129
      vertex 68.0908 0 61.9092
      vertex 11.9092 0 61.9092
    endloop
  endfacet
  facet normal 0 -1 0
    outer loop
      vertex 12.0871 0 61.7129
      vertex 67.9129 0 61.7129
      vertex 68.0908 0 61.9092
    endloop
  endfacet
  facet normal 0 -1 0
    outer loop
      vertex 12.245 0 61.5
      vertex 67.9129 0 61.7129
      vertex 12.0871 0 61.7129
    endloop
  endfacet
  facet normal 0 -1 0
    outer loop
      vertex 12.245 0 61.5
      vertex 67.755 0 61.5
      vertex 67.9129 0 61.7129
    endloop
  endfacet
  facet normal 0 -1 0
    outer loop
      vertex 12.3812 0 61.2728
      vertex 67.755 0 61.5
      vertex 12.245 0 61.5
    endloop
  endfacet
  facet normal 0 -1 0
    outer loop
      vertex 12.3812 0 61.2728
      vertex 67.6188 0 61.2728
      vertex 67.755 0 61.5
    endloop
  endfacet
  facet normal 0 -1 0
    outer loop
      vertex 12.4945 0 61.0332
      vertex 67.6188 0 61.2728
      vertex 12.3812 0 61.2728
    endloop
  endfacet
  facet normal 0 -1 0
    outer loop
      vertex 12.4945 0 61.0332
      vertex 67.5055 0 61.0332
      vertex 67.6188 0 61.2728
    endloop
  endfacet
  facet normal 0 -1 0
    outer loop
      vertex 12.5837 0 60.7838
      vertex 67.5055 0 61.0332
      vertex 12.4945 0 61.0332
    endloop
  endfacet
  facet normal 0 -1 0
    outer loop
      vertex 12.5837 0 60.7838
      vertex 67.4163 0 60.7838
      vertex 67.5055 0 61.0332
    endloop
  endfacet
  facet normal 0 -1 0
    outer loop
      vertex 12.6481 0 60.5267
      vertex 67.4163 0 60.7838
      vertex 12.5837 0 60.7838
    endloop
  endfacet
  facet normal 0 -1 0
    outer loop
      vertex 12.6481 0 60.5267
      vertex 67.3519 0 60.5267
      vertex 67.4163 0 60.7838
    endloop
  endfacet
  facet normal 0 -1 0
    outer loop
      vertex 12.687 0 60.2646
      vertex 67.3519 0 60.5267
      vertex 12.6481 0 60.5267
    endloop
  endfacet
  facet normal 0 -1 0
    outer loop
      vertex 12.687 0 60.2646
      vertex 67.313 0 60.2646
      vertex 67.3519 0 60.5267
    endloop
  endfacet
  facet normal 0 -1 0
    outer loop
      vertex 12.7 0 60
      vertex 67.313 0 60.2646
      vertex 12.687 0 60.2646
    endloop
  endfacet
  facet normal 0 -1 0
    outer loop
      vertex 12.7 0 60
      vertex 67.3 0 60
      vertex 67.313 0 60.2646
    endloop
  endfacet
  facet normal 0 -1 0
    outer loop
      vertex 12.687 0 59.7354
      vertex 67.3 0 60
      vertex 12.7 0 60
    endloop
  endfacet
  facet normal 0 -1 0
    outer loop
      vertex 12.687 0 59.7354
      vertex 67.313 0 59.7354
      vertex 67.3 0 60
    endloop
  endfacet
  facet normal 0 -1 0
    outer loop
      vertex 12.6481 0 59.4733
      vertex 67.313 0 59.7354
      vertex 12.687 0 59.7354
    endloop
  endfacet
  facet normal 0 -1 0
    outer loop
      vertex 12.6481 0 59.4733
      vertex 67.3519 0 59.4733
      vertex 67.313 0 59.7354
    endloop
  endfacet
  facet normal 0 -1 0
    outer loop
      vertex 12.5837 0 59.2162
      vertex 67.3519 0 59.4733
      vertex 12.6481 0 59.4733
    endloop
  endfacet
  facet normal 0 -1 0
    outer loop
      vertex 12.5837 0 59.2162
      vertex 67.4163 0 59.2162
      vertex 67.3519 0 59.4733
    endloop
  endfacet
  facet normal 0 -1 0
    outer loop
      vertex 12.4945 0 58.9668
      vertex 67.4163 0 59.2162
      vertex 12.5837 0 59.2162
    endloop
  endfacet
  facet normal 0 -1 0
    outer loop
      vertex 12.4945 0 58.9668
      vertex 67.5055 0 58.9668
      vertex 67.4163 0 59.2162
    endloop
  endfacet
  facet normal 0 -1 0
    outer loop
      vertex 12.3812 0 58.7272
      vertex 67.5055 0 58.9668
      vertex 12.4945 0 58.9668
    endloop
  endfacet
  facet normal 0 -1 0
    outer loop
      vertex 12.3812 0 58.7272
      vertex 67.6188 0 58.7272
      vertex 67.5055 0 58.9668
    endloop
  endfacet
  facet normal 0 -1 0
    outer loop
      vertex 12.245 0 58.5
      vertex 67.6188 0 58.7272
      vertex 12.3812 0 58.7272
    endloop
  endfacet
  facet normal 0 -1 0
    outer loop
      vertex 12.245 0 58.5
      vertex 67.755 0 58.5
      vertex 67.6188 0 58.7272
    endloop
  endfacet
  facet normal 0 -1 0
    outer loop
      vertex 12.0871 0 58.2871
      vertex 67.755 0 58.5
      vertex 12.245 0 58.5
    endloop
  endfacet
  facet normal 0 -1 0
    outer loop
      vertex 12.0871 0 58.2871
      vertex 67.9129 0 58.2871
      vertex 67.755 0 58.5
    endloop
  endfacet
  facet normal 0 -1 0
    outer loop
      vertex 11.9092 0 58.0908
      vertex 67.9129 0 58.2871
      vertex 12.0871 0 58.2871
    endloop
  endfacet
  facet normal 0 -1 0
    outer loop
      vertex 11.9092 0 58.0908
      vertex 68.0908 0 58.0908
      vertex 67.9129 0 58.2871
    endloop
  endfacet
  facet normal 0 -1 0
    outer loop
      vertex 11.7129 0 57.9129
      vertex 68.0908 0 58.0908
      vertex 11.9092 0 58.0908
    endloop
  endfacet
  facet normal 0 -1 0
    outer loop
      vertex 11.7129 0 57.9129
      vertex 68.2871 0 57.9129
      vertex 68.0908 0 58.0908
    endloop
  endfacet
  facet normal 0 -1 0
    outer loop
      vertex 0 0 0
      vertex 11.7129 0 57.9129
      vertex 11.5 0 57.755
    endloop
  endfacet
  facet normal 0 -1 -0
    outer loop
      vertex 11.7129 0 57.9129
      vertex 0 0 0
      vertex 68.2871 0 57.9129
    endloop
  endfacet
  facet normal 0 -1 0
    outer loop
      vertex 0 0 0
      vertex 11.5 0 57.755
      vertex 11.2728 0 57.6188
    endloop
  endfacet
  facet normal 0 -1 0
    outer loop
      vertex 80 0 0
      vertex 68.2871 0 57.9129
      vertex 0 0 0
    endloop
  endfacet
  facet normal 0 -1 0
    outer loop
      vertex 0 0 0
      vertex 11.2728 0 57.6188
      vertex 11.0332 0 57.5055
    endloop
  endfacet
  facet normal 0 -1 0
    outer loop
      vertex 68.2871 0 57.9129
      vertex 80 0 0
      vertex 68.5 0 57.755
    endloop
  endfacet
  facet normal 0 -1 0
    outer loop
      vertex 0 0 0
      vertex 11.0332 0 57.5055
      vertex 10.7838 0 57.4163
    endloop
  endfacet
  facet normal 0 -1 0
    outer loop
      vertex 68.5 0 57.755
      vertex 80 0 0
      vertex 68.7272 0 57.6188
    endloop
  endfacet
  facet normal 0 -1 0
    outer loop
      vertex 0 0 0
      vertex 10.7838 0 57.4163
      vertex 10.5267 0 57.3519
    endloop
  endfacet
  facet normal 0 -1 0
    outer loop
      vertex 68.7272 0 57.6188
      vertex 80 0 0
      vertex 68.9668 0 57.5055
    endloop
  endfacet
  facet normal 0 -1 0
    outer loop
      vertex 0 0 0
      vertex 10.5267 0 57.3519
      vertex 10.2646 0 57.313
    endloop
  endfacet
  facet normal 0 -1 0
    outer loop
      vertex 68.9668 0 57.5055
      vertex 80 0 0
      vertex 69.2162 0 57.4163
    endloop
  endfacet
  facet normal 0 -1 0
    outer loop
      vertex 0 0 0
      vertex 10.2646 0 57.313
      vertex 10 0 57.3
    endloop
  endfacet
  facet normal 0 -1 0
    outer loop
      vertex 69.2162 0 57.4163
      vertex 80 0 0
      vertex 69.4733 0 57.3519
    endloop
  endfacet
  facet normal 0 -1 0
    outer loop
      vertex 10.2646 0 62.687
      vertex 0 0 70
      vertex 10 0 62.7
    endloop
  endfacet
  facet normal 0 -1 0
    outer loop
      vertex 0 0 70
      vertex 9.73535 0 62.687
      vertex 10 0 62.7
    endloop
  endfacet
  facet normal 0 -1 0
    outer loop
      vertex 0 0 70
      vertex 9.47326 0 62.6481
      vertex 9.73535 0 62.687
    endloop
  endfacet
  facet normal 0 -1 0
    outer loop
      vertex 0 0 70
      vertex 9.21623 0 62.5837
      vertex 9.47326 0 62.6481
    endloop
  endfacet
  facet normal 0 -1 0
    outer loop
      vertex 0 0 70
      vertex 8.96675 0 62.4945
      vertex 9.21623 0 62.5837
    endloop
  endfacet
  facet normal 0 -1 0
    outer loop
      vertex 0 0 70
      vertex 8.72723 0 62.3812
      vertex 8.96675 0 62.4945
    endloop
  endfacet
  facet normal 0 -1 0
    outer loop
      vertex 0 0 70
      vertex 8.49996 0 62.245
      vertex 8.72723 0 62.3812
    endloop
  endfacet
  facet normal 0 -1 0
    outer loop
      vertex 0 0 70
      vertex 8.28714 0 62.0871
      vertex 8.49996 0 62.245
    endloop
  endfacet
  facet normal 0 -1 0
    outer loop
      vertex 0 0 70
      vertex 8.09081 0 61.9092
      vertex 8.28714 0 62.0871
    endloop
  endfacet
  facet normal 0 -1 0
    outer loop
      vertex 0 0 70
      vertex 7.91287 0 61.7129
      vertex 8.09081 0 61.9092
    endloop
  endfacet
  facet normal 0 -1 0
    outer loop
      vertex 0 0 70
      vertex 7.75503 0 61.5
      vertex 7.91287 0 61.7129
    endloop
  endfacet
  facet normal 0 -1 0
    outer loop
      vertex 0 0 70
      vertex 7.61881 0 61.2728
      vertex 7.75503 0 61.5
    endloop
  endfacet
  facet normal 0 -1 0
    outer loop
      vertex 0 0 70
      vertex 7.50553 0 61.0332
      vertex 7.61881 0 61.2728
    endloop
  endfacet
  facet normal 0 -1 0
    outer loop
      vertex 0 0 70
      vertex 7.41626 0 60.7838
      vertex 7.50553 0 61.0332
    endloop
  endfacet
  facet normal 0 -1 0
    outer loop
      vertex 0 0 70
      vertex 7.35188 0 60.5267
      vertex 7.41626 0 60.7838
    endloop
  endfacet
  facet normal 0 -1 0
    outer loop
      vertex 0 0 70
      vertex 7.313 0 60.2646
      vertex 7.35188 0 60.5267
    endloop
  endfacet
  facet normal 0 -1 0
    outer loop
      vertex 0 0 70
      vertex 7.3 0 60
      vertex 7.313 0 60.2646
    endloop
  endfacet
  facet normal 0 -1 0
    outer loop
      vertex 0 0 70
      vertex 7.313 0 59.7354
      vertex 7.3 0 60
    endloop
  endfacet
  facet normal 0 -1 0
    outer loop
      vertex 0 0 70
      vertex 7.35188 0 59.4733
      vertex 7.313 0 59.7354
    endloop
  endfacet
  facet normal 0 -1 0
    outer loop
      vertex 0 0 70
      vertex 7.41626 0 59.2162
      vertex 7.35188 0 59.4733
    endloop
  endfacet
  facet normal 0 -1 0
    outer loop
      vertex 0 0 70
      vertex 7.50553 0 58.9668
      vertex 7.41626 0 59.2162
    endloop
  endfacet
  facet normal 0 -1 0
    outer loop
      vertex 0 0 70
      vertex 7.61881 0 58.7272
      vertex 7.50553 0 58.9668
    endloop
  endfacet
  facet normal 0 -1 0
    outer loop
      vertex 0 0 0
      vertex 7.61881 0 58.7272
      vertex 0 0 70
    endloop
  endfacet
  facet normal 0 -1 0
    outer loop
      vertex 69.4733 0 57.3519
      vertex 80 0 0
      vertex 69.7354 0 57.313
    endloop
  endfacet
  facet normal 0 -1 -0
    outer loop
      vertex 9.73535 0 57.313
      vertex 0 0 0
      vertex 10 0 57.3
    endloop
  endfacet
  facet normal 0 -1 -0
    outer loop
      vertex 9.47326 0 57.3519
      vertex 0 0 0
      vertex 9.73535 0 57.313
    endloop
  endfacet
  facet normal 0 -1 -0
    outer loop
      vertex 9.21623 0 57.4163
      vertex 0 0 0
      vertex 9.47326 0 57.3519
    endloop
  endfacet
  facet normal 0 -1 -0
    outer loop
      vertex 8.96675 0 57.5055
      vertex 0 0 0
      vertex 9.21623 0 57.4163
    endloop
  endfacet
  facet normal 0 -1 -0
    outer loop
      vertex 8.72723 0 57.6188
      vertex 0 0 0
      vertex 8.96675 0 57.5055
    endloop
  endfacet
  facet normal 0 -1 -0
    outer loop
      vertex 8.49996 0 57.755
      vertex 0 0 0
      vertex 8.72723 0 57.6188
    endloop
  endfacet
  facet normal 0 -1 -0
    outer loop
      vertex 8.28714 0 57.9129
      vertex 0 0 0
      vertex 8.49996 0 57.755
    endloop
  endfacet
  facet normal 0 -1 -0
    outer loop
      vertex 8.09081 0 58.0908
      vertex 0 0 0
      vertex 8.28714 0 57.9129
    endloop
  endfacet
  facet normal 0 -1 -0
    outer loop
      vertex 7.91287 0 58.2871
      vertex 0 0 0
      vertex 8.09081 0 58.0908
    endloop
  endfacet
  facet normal 0 -1 -0
    outer loop
      vertex 7.75503 0 58.5
      vertex 0 0 0
      vertex 7.91287 0 58.2871
    endloop
  endfacet
  facet normal 0 -1 -0
    outer loop
      vertex 7.61881 0 58.7272
      vertex 0 0 0
      vertex 7.75503 0 58.5
    endloop
  endfacet
  facet normal 0 -1 0
    outer loop
      vertex 10.5267 0 62.6481
      vertex 0 0 70
      vertex 10.2646 0 62.687
    endloop
  endfacet
  facet normal 0 -1 0
    outer loop
      vertex 70.2646 0 62.687
      vertex 80 0 70
      vertex 70 0 62.7
    endloop
  endfacet
  facet normal 0 -1 0
    outer loop
      vertex 70.5267 0 62.6481
      vertex 80 0 70
      vertex 70.2646 0 62.687
    endloop
  endfacet
  facet normal 0 -1 0
    outer loop
      vertex 70.7838 0 62.5837
      vertex 80 0 70
      vertex 70.5267 0 62.6481
    endloop
  endfacet
  facet normal 0 -1 0
    outer loop
      vertex 71.0332 0 62.4945
      vertex 80 0 70
      vertex 70.7838 0 62.5837
    endloop
  endfacet
  facet normal 0 -1 0
    outer loop
      vertex 71.2728 0 62.3812
      vertex 80 0 70
      vertex 71.0332 0 62.4945
    endloop
  endfacet
  facet normal 0 -1 0
    outer loop
      vertex 71.5 0 62.245
      vertex 80 0 70
      vertex 71.2728 0 62.3812
    endloop
  endfacet
  facet normal 0 -1 0
    outer loop
      vertex 71.7129 0 62.0871
      vertex 80 0 70
      vertex 71.5 0 62.245
    endloop
  endfacet
  facet normal 0 -1 0
    outer loop
      vertex 71.9092 0 61.9092
      vertex 80 0 70
      vertex 71.7129 0 62.0871
    endloop
  endfacet
  facet normal 0 -1 0
    outer loop
      vertex 72.0871 0 61.7129
      vertex 80 0 70
      vertex 71.9092 0 61.9092
    endloop
  endfacet
  facet normal 0 -1 0
    outer loop
      vertex 72.245 0 61.5
      vertex 80 0 70
      vertex 72.0871 0 61.7129
    endloop
  endfacet
  facet normal 0 -1 0
    outer loop
      vertex 72.3812 0 61.2728
      vertex 80 0 70
      vertex 72.245 0 61.5
    endloop
  endfacet
  facet normal 0 -1 0
    outer loop
      vertex 72.4945 0 61.0332
      vertex 80 0 70
      vertex 72.3812 0 61.2728
    endloop
  endfacet
  facet normal 0 -1 0
    outer loop
      vertex 72.5837 0 60.7838
      vertex 80 0 70
      vertex 72.4945 0 61.0332
    endloop
  endfacet
  facet normal 0 -1 0
    outer loop
      vertex 72.6481 0 60.5267
      vertex 80 0 70
      vertex 72.5837 0 60.7838
    endloop
  endfacet
  facet normal 0 -1 0
    outer loop
      vertex 72.687 0 60.2646
      vertex 80 0 70
      vertex 72.6481 0 60.5267
    endloop
  endfacet
  facet normal 0 -1 0
    outer loop
      vertex 72.7 0 60
      vertex 80 0 70
      vertex 72.687 0 60.2646
    endloop
  endfacet
  facet normal 0 -1 0
    outer loop
      vertex 72.687 0 59.7354
      vertex 80 0 70
      vertex 72.7 0 60
    endloop
  endfacet
  facet normal 0 -1 0
    outer loop
      vertex 72.6481 0 59.4733
      vertex 80 0 70
      vertex 72.687 0 59.7354
    endloop
  endfacet
  facet normal 0 -1 0
    outer loop
      vertex 72.5837 0 59.2162
      vertex 80 0 70
      vertex 72.6481 0 59.4733
    endloop
  endfacet
  facet normal 0 -1 0
    outer loop
      vertex 72.4945 0 58.9668
      vertex 80 0 70
      vertex 72.5837 0 59.2162
    endloop
  endfacet
  facet normal 0 -1 0
    outer loop
      vertex 72.3812 0 58.7272
      vertex 80 0 70
      vertex 72.4945 0 58.9668
    endloop
  endfacet
  facet normal 0 -1 0
    outer loop
      vertex 80 0 0
      vertex 72.3812 0 58.7272
      vertex 72.245 0 58.5
    endloop
  endfacet
  facet normal 0 -1 0
    outer loop
      vertex 69.7354 0 57.313
      vertex 80 0 0
      vertex 70 0 57.3
    endloop
  endfacet
  facet normal 0 -1 0
    outer loop
      vertex 70 0 57.3
      vertex 80 0 0
      vertex 70.2646 0 57.313
    endloop
  endfacet
  facet normal 0 -1 0
    outer loop
      vertex 70.2646 0 57.313
      vertex 80 0 0
      vertex 70.5267 0 57.3519
    endloop
  endfacet
  facet normal 0 -1 0
    outer loop
      vertex 70.5267 0 57.3519
      vertex 80 0 0
      vertex 70.7838 0 57.4163
    endloop
  endfacet
  facet normal 0 -1 0
    outer loop
      vertex 70.7838 0 57.4163
      vertex 80 0 0
      vertex 71.0332 0 57.5055
    endloop
  endfacet
  facet normal 0 -1 0
    outer loop
      vertex 71.0332 0 57.5055
      vertex 80 0 0
      vertex 71.2728 0 57.6188
    endloop
  endfacet
  facet normal 0 -1 0
    outer loop
      vertex 71.2728 0 57.6188
      vertex 80 0 0
      vertex 71.5 0 57.755
    endloop
  endfacet
  facet normal 0 -1 0
    outer loop
      vertex 72.3812 0 58.7272
      vertex 80 0 0
      vertex 80 0 70
    endloop
  endfacet
  facet normal 0 -1 0
    outer loop
      vertex 72.0871 0 58.2871
      vertex 80 0 0
      vertex 72.245 0 58.5
    endloop
  endfacet
  facet normal 0 -1 0
    outer loop
      vertex 71.9092 0 58.0908
      vertex 80 0 0
      vertex 72.0871 0 58.2871
    endloop
  endfacet
  facet normal 0 -1 0
    outer loop
      vertex 71.7129 0 57.9129
      vertex 80 0 0
      vertex 71.9092 0 58.0908
    endloop
  endfacet
  facet normal 0 -1 0
    outer loop
      vertex 71.5 0 57.755
      vertex 80 0 0
      vertex 71.7129 0 57.9129
    endloop
  endfacet
  facet normal 0 1 -0
    outer loop
      vertex 13 100 0
      vertex 4 100 9
      vertex 13 100 9
    endloop
  endfacet
  facet normal 0 1 0
    outer loop
      vertex 4 100 9
      vertex 13 100 0
      vertex 4 100 0
    endloop
  endfacet
  facet normal 0 1 -0
    outer loop
      vertex 76 100 0
      vertex 67 100 9
      vertex 76 100 9
    endloop
  endfacet
  facet normal 0 1 0
    outer loop
      vertex 67 100 9
      vertex 76 100 0
      vertex 67 100 0
    endloop
  endfacet
  facet normal 1 0 0
    outer loop
      vertex 5 6 49.9949
      vertex 5 9 6
      vertex 5 91.9805 6
    endloop
  endfacet
  facet normal 1 -0 0
    outer loop
      vertex 5 6 9
      vertex 5 9 6
      vertex 5 6 49.9949
    endloop
  endfacet
  facet normal 1 0 0
    outer loop
      vertex 5 9 6
      vertex 5 6 9
      vertex 5 8.70595 6.01445
    endloop
  endfacet
  facet normal 1 0 0
    outer loop
      vertex 5 8.70595 6.01445
      vertex 5 6 9
      vertex 5 8.41473 6.05764
    endloop
  endfacet
  facet normal 1 0 0
    outer loop
      vertex 5 8.41473 6.05764
      vertex 5 6 9
      vertex 5 8.12915 6.12918
    endloop
  endfacet
  facet normal 1 0 0
    outer loop
      vertex 5 8.12915 6.12918
      vertex 5 6 9
      vertex 5 7.85195 6.22836
    endloop
  endfacet
  facet normal 1 0 0
    outer loop
      vertex 5 7.85195 6.22836
      vertex 5 6 9
      vertex 5 7.58581 6.35424
    endloop
  endfacet
  facet normal 1 0 0
    outer loop
      vertex 5 7.33329 6.50559
      vertex 5 6 9
      vertex 5 7.09682 6.68097
    endloop
  endfacet
  facet normal 1 0 0
    outer loop
      vertex 5 7.09682 6.68097
      vertex 5 6 9
      vertex 5 6.87868 6.87868
    endloop
  endfacet
  facet normal 1 0 0
    outer loop
      vertex 5 6.87868 6.87868
      vertex 5 6 9
      vertex 5 6.68097 7.09682
    endloop
  endfacet
  facet normal 1 0 0
    outer loop
      vertex 5 6.68097 7.09682
      vertex 5 6 9
      vertex 5 6.50559 7.33329
    endloop
  endfacet
  facet normal 1 0 0
    outer loop
      vertex 5 6.50559 7.33329
      vertex 5 6 9
      vertex 5 6.35424 7.58581
    endloop
  endfacet
  facet normal 1 0 0
    outer loop
      vertex 5 6.35424 7.58581
      vertex 5 6 9
      vertex 5 6.22836 7.85195
    endloop
  endfacet
  facet normal 1 0 0
    outer loop
      vertex 5 6.22836 7.85195
      vertex 5 6 9
      vertex 5 6.12918 8.12915
    endloop
  endfacet
  facet normal 1 0 0
    outer loop
      vertex 5 6.12918 8.12915
      vertex 5 6 9
      vertex 5 6.05764 8.41473
    endloop
  endfacet
  facet normal 1 0 0
    outer loop
      vertex 5 7.58581 6.35424
      vertex 5 6 9
      vertex 5 7.33329 6.50559
    endloop
  endfacet
  facet normal 1 0 0
    outer loop
      vertex 5 6.05764 8.41473
      vertex 5 6 9
      vertex 5 6.01445 8.70595
    endloop
  endfacet
  facet normal -0 0.455516 0.890228
    outer loop
      vertex 0 91.9805 6
      vertex 5 6 49.9949
      vertex 5 91.9805 6
    endloop
  endfacet
  facet normal 0 0.455516 0.890228
    outer loop
      vertex 5 6 49.9949
      vertex 0 91.9805 6
      vertex 0 6 49.9949
    endloop
  endfacet
  facet normal -1 0 0
    outer loop
      vertex 75 6 9
      vertex 75 9 6
      vertex 75 8.70595 6.01445
    endloop
  endfacet
  facet normal -1 0 0
    outer loop
      vertex 75 6 9
      vertex 75 8.70595 6.01445
      vertex 75 8.41473 6.05764
    endloop
  endfacet
  facet normal -1 0 0
    outer loop
      vertex 75 6 9
      vertex 75 8.41473 6.05764
      vertex 75 8.12915 6.12918
    endloop
  endfacet
  facet normal -1 0 0
    outer loop
      vertex 75 6 9
      vertex 75 8.12915 6.12918
      vertex 75 7.85195 6.22836
    endloop
  endfacet
  facet normal -1 0 0
    outer loop
      vertex 75 6 9
      vertex 75 7.85195 6.22836
      vertex 75 7.58581 6.35424
    endloop
  endfacet
  facet normal -1 0 0
    outer loop
      vertex 75 6 9
      vertex 75 7.58581 6.35424
      vertex 75 7.33329 6.50559
    endloop
  endfacet
  facet normal -1 0 0
    outer loop
      vertex 75 6 9
      vertex 75 7.33329 6.50559
      vertex 75 7.09682 6.68097
    endloop
  endfacet
  facet normal -1 0 0
    outer loop
      vertex 75 6 9
      vertex 75 7.09682 6.68097
      vertex 75 6.87868 6.87868
    endloop
  endfacet
  facet normal -1 0 0
    outer loop
      vertex 75 6 9
      vertex 75 6.87868 6.87868
      vertex 75 6.68097 7.09682
    endloop
  endfacet
  facet normal -1 0 0
    outer loop
      vertex 75 6 9
      vertex 75 6.68097 7.09682
      vertex 75 6.50559 7.33329
    endloop
  endfacet
  facet normal -1 0 0
    outer loop
      vertex 75 6 9
      vertex 75 6.50559 7.33329
      vertex 75 6.35424 7.58581
    endloop
  endfacet
  facet normal -1 0 0
    outer loop
      vertex 75 6 9
      vertex 75 6.35424 7.58581
      vertex 75 6.22836 7.85195
    endloop
  endfacet
  facet normal -1 0 0
    outer loop
      vertex 75 6 9
      vertex 75 6.22836 7.85195
      vertex 75 6.12918 8.12915
    endloop
  endfacet
  facet normal -1 0 0
    outer loop
      vertex 75 6 9
      vertex 75 6.12918 8.12915
      vertex 75 6.05764 8.41473
    endloop
  endfacet
  facet normal -1 0 0
    outer loop
      vertex 75 6 9
      vertex 75 6.05764 8.41473
      vertex 75 6.01445 8.70595
    endloop
  endfacet
  facet normal -1 0 0
    outer loop
      vertex 75 9 6
      vertex 75 6 9
      vertex 75 6 49.9949
    endloop
  endfacet
  facet normal -1 0 0
    outer loop
      vertex 75 9 6
      vertex 75 6 49.9949
      vertex 75 91.9805 6
    endloop
  endfacet
  facet normal -0 0.455516 0.890228
    outer loop
      vertex 75 91.9805 6
      vertex 80 6 49.9949
      vertex 80 91.9805 6
    endloop
  endfacet
  facet normal 0 0.455516 0.890228
    outer loop
      vertex 80 6 49.9949
      vertex 75 91.9805 6
      vertex 75 6 49.9949
    endloop
  endfacet
  facet normal 0 0.998795 0.0490821
    outer loop
      vertex 75 6.01445 8.70595
      vertex 5 6 9
      vertex 75 6 9
    endloop
  endfacet
  facet normal 0 0.998795 0.0490821
    outer loop
      vertex 5 6 9
      vertex 75 6.01445 8.70595
      vertex 5 6.01445 8.70595
    endloop
  endfacet
  facet normal -0 0.242999 0.970027
    outer loop
      vertex 5 8.41473 6.05764
      vertex 75 8.12915 6.12918
      vertex 75 8.41473 6.05764
    endloop
  endfacet
  facet normal 0 0.242999 0.970027
    outer loop
      vertex 75 8.12915 6.12918
      vertex 5 8.41473 6.05764
      vertex 5 8.12915 6.12918
    endloop
  endfacet
  facet normal 0 0.941548 0.336879
    outer loop
      vertex 75 6.22836 7.85195
      vertex 5 6.12918 8.12915
      vertex 75 6.12918 8.12915
    endloop
  endfacet
  facet normal 0 0.941548 0.336879
    outer loop
      vertex 5 6.12918 8.12915
      vertex 75 6.22836 7.85195
      vertex 5 6.22836 7.85195
    endloop
  endfacet
  facet normal 0 0.903983 0.427569
    outer loop
      vertex 75 6.35424 7.58581
      vertex 5 6.22836 7.85195
      vertex 75 6.22836 7.85195
    endloop
  endfacet
  facet normal 0 0.903983 0.427569
    outer loop
      vertex 5 6.22836 7.85195
      vertex 75 6.35424 7.58581
      vertex 5 6.35424 7.58581
    endloop
  endfacet
  facet normal -0 0.0490821 0.998795
    outer loop
      vertex 5 9 6
      vertex 75 8.70595 6.01445
      vertex 75 9 6
    endloop
  endfacet
  facet normal 0 0.0490821 0.998795
    outer loop
      vertex 75 8.70595 6.01445
      vertex 5 9 6
      vertex 5 8.70595 6.01445
    endloop
  endfacet
  facet normal -0 0.671558 0.740952
    outer loop
      vertex 5 7.09682 6.68097
      vertex 75 6.87868 6.87868
      vertex 75 7.09682 6.68097
    endloop
  endfacet
  facet normal 0 0.671558 0.740952
    outer loop
      vertex 75 6.87868 6.87868
      vertex 5 7.09682 6.68097
      vertex 5 6.87868 6.87868
    endloop
  endfacet
  facet normal -0 0.146703 0.989181
    outer loop
      vertex 5 8.70595 6.01445
      vertex 75 8.41473 6.05764
      vertex 75 8.70595 6.01445
    endloop
  endfacet
  facet normal 0 0.146703 0.989181
    outer loop
      vertex 75 8.41473 6.05764
      vertex 5 8.70595 6.01445
      vertex 5 8.41473 6.05764
    endloop
  endfacet
  facet normal -0 0.595703 0.803204
    outer loop
      vertex 5 7.33329 6.50559
      vertex 75 7.09682 6.68097
      vertex 75 7.33329 6.50559
    endloop
  endfacet
  facet normal 0 0.595703 0.803204
    outer loop
      vertex 75 7.09682 6.68097
      vertex 5 7.33329 6.50559
      vertex 5 7.09682 6.68097
    endloop
  endfacet
  facet normal 0 0.857736 0.514091
    outer loop
      vertex 75 6.50559 7.33329
      vertex 5 6.35424 7.58581
      vertex 75 6.35424 7.58581
    endloop
  endfacet
  facet normal 0 0.857736 0.514091
    outer loop
      vertex 5 6.35424 7.58581
      vertex 75 6.50559 7.33329
      vertex 5 6.50559 7.33329
    endloop
  endfacet
  facet normal -0 0.427569 0.903983
    outer loop
      vertex 5 7.85195 6.22836
      vertex 75 7.58581 6.35424
      vertex 75 7.85195 6.22836
    endloop
  endfacet
  facet normal 0 0.427569 0.903983
    outer loop
      vertex 75 7.58581 6.35424
      vertex 5 7.85195 6.22836
      vertex 5 7.58581 6.35424
    endloop
  endfacet
  facet normal -0 0.514091 0.857736
    outer loop
      vertex 5 7.58581 6.35424
      vertex 75 7.33329 6.50559
      vertex 75 7.58581 6.35424
    endloop
  endfacet
  facet normal 0 0.514091 0.857736
    outer loop
      vertex 75 7.33329 6.50559
      vertex 5 7.58581 6.35424
      vertex 5 7.33329 6.50559
    endloop
  endfacet
  facet normal -0 0.336879 0.941548
    outer loop
      vertex 5 8.12915 6.12918
      vertex 75 7.85195 6.22836
      vertex 75 8.12915 6.12918
    endloop
  endfacet
  facet normal 0 0.336879 0.941548
    outer loop
      vertex 75 7.85195 6.22836
      vertex 5 8.12915 6.12918
      vertex 5 7.85195 6.22836
    endloop
  endfacet
  facet normal 0 0.970027 0.242999
    outer loop
      vertex 75 6.12918 8.12915
      vertex 5 6.05764 8.41473
      vertex 75 6.05764 8.41473
    endloop
  endfacet
  facet normal 0 0.970027 0.242999
    outer loop
      vertex 5 6.05764 8.41473
      vertex 75 6.12918 8.12915
      vertex 5 6.12918 8.12915
    endloop
  endfacet
  facet normal 0 0.989181 0.146703
    outer loop
      vertex 75 6.05764 8.41473
      vertex 5 6.01445 8.70595
      vertex 75 6.01445 8.70595
    endloop
  endfacet
  facet normal 0 0.989181 0.146703
    outer loop
      vertex 5 6.01445 8.70595
      vertex 75 6.05764 8.41473
      vertex 5 6.05764 8.41473
    endloop
  endfacet
  facet normal 0 0.740952 0.671558
    outer loop
      vertex 75 6.87868 6.87868
      vertex 5 6.68097 7.09682
      vertex 75 6.68097 7.09682
    endloop
  endfacet
  facet normal 0 0.740952 0.671558
    outer loop
      vertex 5 6.68097 7.09682
      vertex 75 6.87868 6.87868
      vertex 5 6.87868 6.87868
    endloop
  endfacet
  facet normal 0 0.803204 0.595703
    outer loop
      vertex 75 6.68097 7.09682
      vertex 5 6.50559 7.33329
      vertex 75 6.50559 7.33329
    endloop
  endfacet
  facet normal 0 0.803204 0.595703
    outer loop
      vertex 5 6.50559 7.33329
      vertex 75 6.68097 7.09682
      vertex 5 6.68097 7.09682
    endloop
  endfacet
  facet normal 0 0 1
    outer loop
      vertex 15.2223 99.3259 9
      vertex 15.49 97 9
      vertex 15.49 99.1273 9
    endloop
  endfacet
  facet normal 0 0 1
    outer loop
      vertex 14.8856 99.5277 9
      vertex 15.49 97 9
      vertex 15.2223 99.3259 9
    endloop
  endfacet
  facet normal 0 0 1
    outer loop
      vertex 14.5307 99.6955 9
      vertex 15.49 97 9
      vertex 14.8856 99.5277 9
    endloop
  endfacet
  facet normal 0 0 1
    outer loop
      vertex 14.1611 99.8278 9
      vertex 15.49 97 9
      vertex 14.5307 99.6955 9
    endloop
  endfacet
  facet normal 0 0 1
    outer loop
      vertex 13.7804 99.9231 9
      vertex 15.49 97 9
      vertex 14.1611 99.8278 9
    endloop
  endfacet
  facet normal 0 0 1
    outer loop
      vertex 13.3921 99.9807 9
      vertex 15.49 97 9
      vertex 13.7804 99.9231 9
    endloop
  endfacet
  facet normal 0 0 1
    outer loop
      vertex 13 100 9
      vertex 15.49 97 9
      vertex 13.3921 99.9807 9
    endloop
  endfacet
  facet normal -0 0 1
    outer loop
      vertex 4 100 9
      vertex 15.49 97 9
      vertex 13 100 9
    endloop
  endfacet
  facet normal 0 0 1
    outer loop
      vertex 0.131875 97 9
      vertex 4 100 9
      vertex 3.60793 99.9807 9
    endloop
  endfacet
  facet normal 0 0 1
    outer loop
      vertex 0.131875 97 9
      vertex 3.60793 99.9807 9
      vertex 3.21964 99.9231 9
    endloop
  endfacet
  facet normal 0 0 1
    outer loop
      vertex 0.131875 97 9
      vertex 3.21964 99.9231 9
      vertex 2.83886 99.8278 9
    endloop
  endfacet
  facet normal 0 0 1
    outer loop
      vertex 0.131875 97 9
      vertex 2.83886 99.8278 9
      vertex 2.46927 99.6955 9
    endloop
  endfacet
  facet normal 0 0 1
    outer loop
      vertex 0.131875 97 9
      vertex 2.46927 99.6955 9
      vertex 2.11441 99.5277 9
    endloop
  endfacet
  facet normal 0 0 1
    outer loop
      vertex 0.131875 97 9
      vertex 2.11441 99.5277 9
      vertex 1.77772 99.3259 9
    endloop
  endfacet
  facet normal 0 0 1
    outer loop
      vertex 0.131875 97 9
      vertex 1.77772 99.3259 9
      vertex 1.46243 99.092 9
    endloop
  endfacet
  facet normal 0 0 1
    outer loop
      vertex 0.131875 97 9
      vertex 1.46243 99.092 9
      vertex 1.17157 98.8284 9
    endloop
  endfacet
  facet normal 0 0 1
    outer loop
      vertex 0.131875 97 9
      vertex 1.17157 98.8284 9
      vertex 0.907958 98.5376 9
    endloop
  endfacet
  facet normal 0 0 1
    outer loop
      vertex 0.131875 97 9
      vertex 0.907958 98.5376 9
      vertex 0.674121 98.2223 9
    endloop
  endfacet
  facet normal 0 0 1
    outer loop
      vertex 0.131875 97 9
      vertex 0.674121 98.2223 9
      vertex 0.472315 97.8856 9
    endloop
  endfacet
  facet normal 0 0 1
    outer loop
      vertex 0.131875 97 9
      vertex 0.472315 97.8856 9
      vertex 0.304482 97.5307 9
    endloop
  endfacet
  facet normal 0 0 1
    outer loop
      vertex 0.131875 97 9
      vertex 0.304482 97.5307 9
      vertex 0.172238 97.1611 9
    endloop
  endfacet
  facet normal 0 0 1
    outer loop
      vertex 4 100 9
      vertex 0.131875 97 9
      vertex 15.49 97 9
    endloop
  endfacet
  facet normal -0.00127256 -0.708184 0.706027
    outer loop
      vertex 0.0192604 96.3921 8.39004
      vertex 0.131875 97 9
      vertex 0.0768585 96.7804 8.77963
    endloop
  endfacet
  facet normal -0.000776589 -0.70823 0.705981
    outer loop
      vertex 0.131875 97 9
      vertex 0.0192604 96.3921 8.39004
      vertex 0 96 7.99667
    endloop
  endfacet
  facet normal 0 -0.708281 0.70593
    outer loop
      vertex 0.131875 97 9
      vertex 0 96 7.99667
      vertex 15.49 97 9
    endloop
  endfacet
  facet normal -3.62939e-07 -0.708278 0.705933
    outer loop
      vertex 0 96 7.99667
      vertex 15.49 94.0199 6.01
      vertex 15.49 97 9
    endloop
  endfacet
  facet normal -3.04506e-06 -0.708289 0.705923
    outer loop
      vertex 0 94.01 6
      vertex 15.49 94.0199 6.01
      vertex 0 96 7.99667
    endloop
  endfacet
  facet normal 0 -0.710651 0.703545
    outer loop
      vertex 15.49 94.0199 6.01
      vertex 0 94.01 6
      vertex 15.5 94.01 6
    endloop
  endfacet
  facet normal 0 0 1
    outer loop
      vertex 79.6955 97.5307 9
      vertex 79.8681 97 9
      vertex 79.8278 97.1611 9
    endloop
  endfacet
  facet normal 0 0 1
    outer loop
      vertex 79.5277 97.8856 9
      vertex 79.8681 97 9
      vertex 79.6955 97.5307 9
    endloop
  endfacet
  facet normal 0 0 1
    outer loop
      vertex 79.3259 98.2223 9
      vertex 79.8681 97 9
      vertex 79.5277 97.8856 9
    endloop
  endfacet
  facet normal 0 0 1
    outer loop
      vertex 79.092 98.5376 9
      vertex 79.8681 97 9
      vertex 79.3259 98.2223 9
    endloop
  endfacet
  facet normal 0 0 1
    outer loop
      vertex 78.8284 98.8284 9
      vertex 79.8681 97 9
      vertex 79.092 98.5376 9
    endloop
  endfacet
  facet normal 0 0 1
    outer loop
      vertex 78.5376 99.092 9
      vertex 79.8681 97 9
      vertex 78.8284 98.8284 9
    endloop
  endfacet
  facet normal 0 0 1
    outer loop
      vertex 78.2223 99.3259 9
      vertex 79.8681 97 9
      vertex 78.5376 99.092 9
    endloop
  endfacet
  facet normal 0 0 1
    outer loop
      vertex 77.8856 99.5277 9
      vertex 79.8681 97 9
      vertex 78.2223 99.3259 9
    endloop
  endfacet
  facet normal 0 0 1
    outer loop
      vertex 77.5307 99.6955 9
      vertex 79.8681 97 9
      vertex 77.8856 99.5277 9
    endloop
  endfacet
  facet normal 0 0 1
    outer loop
      vertex 77.1611 99.8278 9
      vertex 79.8681 97 9
      vertex 77.5307 99.6955 9
    endloop
  endfacet
  facet normal 0 0 1
    outer loop
      vertex 76.7804 99.9231 9
      vertex 79.8681 97 9
      vertex 77.1611 99.8278 9
    endloop
  endfacet
  facet normal 0 0 1
    outer loop
      vertex 76.3921 99.9807 9
      vertex 79.8681 97 9
      vertex 76.7804 99.9231 9
    endloop
  endfacet
  facet normal 0 0 1
    outer loop
      vertex 76 100 9
      vertex 79.8681 97 9
      vertex 76.3921 99.9807 9
    endloop
  endfacet
  facet normal 0 0 1
    outer loop
      vertex 64.51 97 9
      vertex 76 100 9
      vertex 67 100 9
    endloop
  endfacet
  facet normal 0 0 1
    outer loop
      vertex 64.51 97 9
      vertex 67 100 9
      vertex 66.6079 99.9807 9
    endloop
  endfacet
  facet normal 0 0 1
    outer loop
      vertex 64.51 97 9
      vertex 66.6079 99.9807 9
      vertex 66.2196 99.9231 9
    endloop
  endfacet
  facet normal 0 0 1
    outer loop
      vertex 64.51 97 9
      vertex 66.2196 99.9231 9
      vertex 65.8389 99.8278 9
    endloop
  endfacet
  facet normal 0 0 1
    outer loop
      vertex 64.51 97 9
      vertex 65.8389 99.8278 9
      vertex 65.4693 99.6955 9
    endloop
  endfacet
  facet normal 0 0 1
    outer loop
      vertex 64.51 97 9
      vertex 65.4693 99.6955 9
      vertex 65.1144 99.5277 9
    endloop
  endfacet
  facet normal 0 0 1
    outer loop
      vertex 64.51 97 9
      vertex 65.1144 99.5277 9
      vertex 64.7777 99.3259 9
    endloop
  endfacet
  facet normal 0 0 1
    outer loop
      vertex 64.51 97 9
      vertex 64.7777 99.3259 9
      vertex 64.51 99.1273 9
    endloop
  endfacet
  facet normal 0 0 1
    outer loop
      vertex 76 100 9
      vertex 64.51 97 9
      vertex 79.8681 97 9
    endloop
  endfacet
  facet normal 0 -0.708281 0.70593
    outer loop
      vertex 80 96 7.99667
      vertex 79.8681 97 9
      vertex 64.51 97 9
    endloop
  endfacet
  facet normal 0.000777303 -0.70823 0.705981
    outer loop
      vertex 79.9807 96.3921 8.39004
      vertex 79.8681 97 9
      vertex 80 96 7.99667
    endloop
  endfacet
  facet normal 0.00127356 -0.708184 0.706027
    outer loop
      vertex 79.8681 97 9
      vertex 79.9807 96.3921 8.39004
      vertex 79.9231 96.7804 8.77963
    endloop
  endfacet
  facet normal 3.62939e-07 -0.708278 0.705933
    outer loop
      vertex 64.51 94.0199 6.01
      vertex 80 96 7.99667
      vertex 64.51 97 9
    endloop
  endfacet
  facet normal 0 -0.710651 0.703545
    outer loop
      vertex 80 94.01 6
      vertex 64.51 94.0199 6.01
      vertex 64.5 94.01 6
    endloop
  endfacet
  facet normal 3.04506e-06 -0.708289 0.705923
    outer loop
      vertex 64.51 94.0199 6.01
      vertex 80 94.01 6
      vertex 80 96 7.99667
    endloop
  endfacet
  facet normal -0 0 1
    outer loop
      vertex 0 6 70
      vertex 80 0 70
      vertex 80 6 70
    endloop
  endfacet
  facet normal 0 0 1
    outer loop
      vertex 80 0 70
      vertex 0 6 70
      vertex 0 0 70
    endloop
  endfacet
  facet normal 0 1 0
    outer loop
      vertex 12.5615 6 55.3637
      vertex 5 6 9
      vertex 12.4984 6 55.3258
    endloop
  endfacet
  facet normal 0 1 0
    outer loop
      vertex 12.4984 6 55.3258
      vertex 5 6 9
      vertex 5 6 49.9949
    endloop
  endfacet
  facet normal 0 1 0
    outer loop
      vertex 69.0388 6 65.209
      vertex 80 6 70
      vertex 69.4805 6 65.2745
    endloop
  endfacet
  facet normal 0 1 0
    outer loop
      vertex 0 6 70
      vertex 10.446 6 65.2781
      vertex 10 6 65.3
    endloop
  endfacet
  facet normal 0 1 0
    outer loop
      vertex 68.966 6 65.1982
      vertex 80 6 70
      vertex 69.0388 6 65.209
    endloop
  endfacet
  facet normal 0 1 0
    outer loop
      vertex 0 6 70
      vertex 10.5195 6 65.2745
      vertex 10.446 6 65.2781
    endloop
  endfacet
  facet normal 0 1 0
    outer loop
      vertex 68.5329 6 65.0897
      vertex 80 6 70
      vertex 68.966 6 65.1982
    endloop
  endfacet
  facet normal 0 1 0
    outer loop
      vertex 0 6 70
      vertex 10.9612 6 65.209
      vertex 10.5195 6 65.2745
    endloop
  endfacet
  facet normal 0 1 0
    outer loop
      vertex 68.4615 6 65.0718
      vertex 80 6 70
      vertex 68.5329 6 65.0897
    endloop
  endfacet
  facet normal 0 1 0
    outer loop
      vertex 0 6 70
      vertex 11.034 6 65.1982
      vertex 10.9612 6 65.209
    endloop
  endfacet
  facet normal 0 1 0
    outer loop
      vertex 80 6 70
      vertex 68.4615 6 65.0718
      vertex 0 6 70
    endloop
  endfacet
  facet normal 0 1 0
    outer loop
      vertex 0 6 70
      vertex 11.4671 6 65.0897
      vertex 11.034 6 65.1982
    endloop
  endfacet
  facet normal 0 1 -0
    outer loop
      vertex 11.5385 6 65.0718
      vertex 0 6 70
      vertex 68.4615 6 65.0718
    endloop
  endfacet
  facet normal 0 1 0
    outer loop
      vertex 0 6 70
      vertex 11.5385 6 65.0718
      vertex 11.4671 6 65.0897
    endloop
  endfacet
  facet normal 0 1 -0
    outer loop
      vertex 68.3922 6 65.047
      vertex 11.5385 6 65.0718
      vertex 68.4615 6 65.0718
    endloop
  endfacet
  facet normal 0 1 0
    outer loop
      vertex 68.3922 6 65.047
      vertex 11.6078 6 65.047
      vertex 11.5385 6 65.0718
    endloop
  endfacet
  facet normal 0 1 -0
    outer loop
      vertex 67.9718 6 64.8966
      vertex 11.6078 6 65.047
      vertex 68.3922 6 65.047
    endloop
  endfacet
  facet normal 0 1 0
    outer loop
      vertex 67.9718 6 64.8966
      vertex 12.0282 6 64.8966
      vertex 11.6078 6 65.047
    endloop
  endfacet
  facet normal 0 1 -0
    outer loop
      vertex 67.5681 6 64.7057
      vertex 12.0282 6 64.8966
      vertex 67.9718 6 64.8966
    endloop
  endfacet
  facet normal 0 1 0
    outer loop
      vertex 67.5681 6 64.7057
      vertex 12.4319 6 64.7057
      vertex 12.0282 6 64.8966
    endloop
  endfacet
  facet normal 0 1 -0
    outer loop
      vertex 67.5016 6 64.6742
      vertex 12.4319 6 64.7057
      vertex 67.5681 6 64.7057
    endloop
  endfacet
  facet normal 0 1 0
    outer loop
      vertex 67.5016 6 64.6742
      vertex 12.4984 6 64.6742
      vertex 12.4319 6 64.7057
    endloop
  endfacet
  facet normal 0 1 -0
    outer loop
      vertex 67.4385 6 64.6363
      vertex 12.4984 6 64.6742
      vertex 67.5016 6 64.6742
    endloop
  endfacet
  facet normal 0 1 0
    outer loop
      vertex 67.4385 6 64.6363
      vertex 12.5615 6 64.6363
      vertex 12.4984 6 64.6742
    endloop
  endfacet
  facet normal 0 1 -0
    outer loop
      vertex 67.0555 6 64.4068
      vertex 12.5615 6 64.6363
      vertex 67.4385 6 64.6363
    endloop
  endfacet
  facet normal 0 1 0
    outer loop
      vertex 67.0555 6 64.4068
      vertex 12.9445 6 64.4068
      vertex 12.5615 6 64.6363
    endloop
  endfacet
  facet normal 0 1 -0
    outer loop
      vertex 66.6968 6 64.1408
      vertex 12.9445 6 64.4068
      vertex 67.0555 6 64.4068
    endloop
  endfacet
  facet normal 0 1 0
    outer loop
      vertex 66.6968 6 64.1408
      vertex 13.3032 6 64.1408
      vertex 12.9445 6 64.4068
    endloop
  endfacet
  facet normal 0 1 -0
    outer loop
      vertex 66.6377 6 64.097
      vertex 13.3032 6 64.1408
      vertex 66.6968 6 64.1408
    endloop
  endfacet
  facet normal 0 1 0
    outer loop
      vertex 66.6377 6 64.097
      vertex 13.3623 6 64.097
      vertex 13.3032 6 64.1408
    endloop
  endfacet
  facet normal 0 1 -0
    outer loop
      vertex 66.5832 6 64.0475
      vertex 13.3623 6 64.097
      vertex 66.6377 6 64.097
    endloop
  endfacet
  facet normal 0 1 0
    outer loop
      vertex 66.5832 6 64.0475
      vertex 13.4168 6 64.0475
      vertex 13.3623 6 64.097
    endloop
  endfacet
  facet normal 0 1 -0
    outer loop
      vertex 66.2523 6 63.7477
      vertex 13.4168 6 64.0475
      vertex 66.5832 6 64.0475
    endloop
  endfacet
  facet normal 0 1 0
    outer loop
      vertex 66.2523 6 63.7477
      vertex 13.7477 6 63.7477
      vertex 13.4168 6 64.0475
    endloop
  endfacet
  facet normal 0 1 -0
    outer loop
      vertex 65.9525 6 63.4168
      vertex 13.7477 6 63.7477
      vertex 66.2523 6 63.7477
    endloop
  endfacet
  facet normal 0 1 0
    outer loop
      vertex 65.9525 6 63.4168
      vertex 14.0475 6 63.4168
      vertex 13.7477 6 63.7477
    endloop
  endfacet
  facet normal 0 1 -0
    outer loop
      vertex 65.903 6 63.3623
      vertex 14.0475 6 63.4168
      vertex 65.9525 6 63.4168
    endloop
  endfacet
  facet normal 0 1 0
    outer loop
      vertex 65.903 6 63.3623
      vertex 14.097 6 63.3623
      vertex 14.0475 6 63.4168
    endloop
  endfacet
  facet normal 0 1 -0
    outer loop
      vertex 65.8592 6 63.3032
      vertex 14.097 6 63.3623
      vertex 65.903 6 63.3623
    endloop
  endfacet
  facet normal 0 1 0
    outer loop
      vertex 65.8592 6 63.3032
      vertex 14.1408 6 63.3032
      vertex 14.097 6 63.3623
    endloop
  endfacet
  facet normal 0 1 -0
    outer loop
      vertex 65.5932 6 62.9445
      vertex 14.1408 6 63.3032
      vertex 65.8592 6 63.3032
    endloop
  endfacet
  facet normal 0 1 0
    outer loop
      vertex 65.5932 6 62.9445
      vertex 14.4068 6 62.9445
      vertex 14.1408 6 63.3032
    endloop
  endfacet
  facet normal 0 1 -0
    outer loop
      vertex 65.3637 6 62.5615
      vertex 14.4068 6 62.9445
      vertex 65.5932 6 62.9445
    endloop
  endfacet
  facet normal 0 1 0
    outer loop
      vertex 65.3637 6 62.5615
      vertex 14.6363 6 62.5615
      vertex 14.4068 6 62.9445
    endloop
  endfacet
  facet normal 0 1 -0
    outer loop
      vertex 65.3258 6 62.4984
      vertex 14.6363 6 62.5615
      vertex 65.3637 6 62.5615
    endloop
  endfacet
  facet normal 0 1 0
    outer loop
      vertex 65.3258 6 62.4984
      vertex 14.6742 6 62.4984
      vertex 14.6363 6 62.5615
    endloop
  endfacet
  facet normal 0 1 -0
    outer loop
      vertex 65.2943 6 62.4319
      vertex 14.6742 6 62.4984
      vertex 65.3258 6 62.4984
    endloop
  endfacet
  facet normal 0 1 0
    outer loop
      vertex 65.2943 6 62.4319
      vertex 14.7057 6 62.4319
      vertex 14.6742 6 62.4984
    endloop
  endfacet
  facet normal 0 1 -0
    outer loop
      vertex 65.1034 6 62.0282
      vertex 14.7057 6 62.4319
      vertex 65.2943 6 62.4319
    endloop
  endfacet
  facet normal 0 1 0
    outer loop
      vertex 65.1034 6 62.0282
      vertex 14.8966 6 62.0282
      vertex 14.7057 6 62.4319
    endloop
  endfacet
  facet normal 0 1 -0
    outer loop
      vertex 64.953 6 61.6078
      vertex 14.8966 6 62.0282
      vertex 65.1034 6 62.0282
    endloop
  endfacet
  facet normal 0 1 0
    outer loop
      vertex 64.953 6 61.6078
      vertex 15.047 6 61.6078
      vertex 14.8966 6 62.0282
    endloop
  endfacet
  facet normal 0 1 -0
    outer loop
      vertex 64.9282 6 61.5385
      vertex 15.047 6 61.6078
      vertex 64.953 6 61.6078
    endloop
  endfacet
  facet normal 0 1 0
    outer loop
      vertex 64.9282 6 61.5385
      vertex 15.0718 6 61.5385
      vertex 15.047 6 61.6078
    endloop
  endfacet
  facet normal 0 1 -0
    outer loop
      vertex 64.9103 6 61.4671
      vertex 15.0718 6 61.5385
      vertex 64.9282 6 61.5385
    endloop
  endfacet
  facet normal 0 1 0
    outer loop
      vertex 64.9103 6 61.4671
      vertex 15.0897 6 61.4671
      vertex 15.0718 6 61.5385
    endloop
  endfacet
  facet normal 0 1 -0
    outer loop
      vertex 64.8018 6 61.034
      vertex 15.0897 6 61.4671
      vertex 64.9103 6 61.4671
    endloop
  endfacet
  facet normal 0 1 0
    outer loop
      vertex 64.8018 6 61.034
      vertex 15.1982 6 61.034
      vertex 15.0897 6 61.4671
    endloop
  endfacet
  facet normal 0 1 -0
    outer loop
      vertex 64.791 6 60.9612
      vertex 15.1982 6 61.034
      vertex 64.8018 6 61.034
    endloop
  endfacet
  facet normal 0 1 0
    outer loop
      vertex 64.791 6 60.9612
      vertex 15.209 6 60.9612
      vertex 15.1982 6 61.034
    endloop
  endfacet
  facet normal 0 1 -0
    outer loop
      vertex 64.7255 6 60.5195
      vertex 15.209 6 60.9612
      vertex 64.791 6 60.9612
    endloop
  endfacet
  facet normal 0 1 0
    outer loop
      vertex 64.7255 6 60.5195
      vertex 15.2745 6 60.5195
      vertex 15.209 6 60.9612
    endloop
  endfacet
  facet normal 0 1 -0
    outer loop
      vertex 64.7219 6 60.446
      vertex 15.2745 6 60.5195
      vertex 64.7255 6 60.5195
    endloop
  endfacet
  facet normal 0 1 0
    outer loop
      vertex 64.7219 6 60.446
      vertex 15.2781 6 60.446
      vertex 15.2745 6 60.5195
    endloop
  endfacet
  facet normal 0 1 -0
    outer loop
      vertex 64.7 6 60
      vertex 15.2781 6 60.446
      vertex 64.7219 6 60.446
    endloop
  endfacet
  facet normal 0 1 0
    outer loop
      vertex 64.7 6 60
      vertex 15.3 6 60
      vertex 15.2781 6 60.446
    endloop
  endfacet
  facet normal 0 1 0
    outer loop
      vertex 64.7219 6 59.554
      vertex 15.3 6 60
      vertex 64.7 6 60
    endloop
  endfacet
  facet normal 0 1 0
    outer loop
      vertex 64.7219 6 59.554
      vertex 15.2781 6 59.554
      vertex 15.3 6 60
    endloop
  endfacet
  facet normal 0 1 0
    outer loop
      vertex 64.7255 6 59.4805
      vertex 15.2781 6 59.554
      vertex 64.7219 6 59.554
    endloop
  endfacet
  facet normal 0 1 0
    outer loop
      vertex 64.7255 6 59.4805
      vertex 15.2745 6 59.4805
      vertex 15.2781 6 59.554
    endloop
  endfacet
  facet normal 0 1 0
    outer loop
      vertex 64.791 6 59.0388
      vertex 15.2745 6 59.4805
      vertex 64.7255 6 59.4805
    endloop
  endfacet
  facet normal 0 1 0
    outer loop
      vertex 64.791 6 59.0388
      vertex 15.209 6 59.0388
      vertex 15.2745 6 59.4805
    endloop
  endfacet
  facet normal 0 1 0
    outer loop
      vertex 64.8018 6 58.966
      vertex 15.209 6 59.0388
      vertex 64.791 6 59.0388
    endloop
  endfacet
  facet normal 0 1 0
    outer loop
      vertex 64.8018 6 58.966
      vertex 15.1982 6 58.966
      vertex 15.209 6 59.0388
    endloop
  endfacet
  facet normal 0 1 0
    outer loop
      vertex 64.9103 6 58.5329
      vertex 15.1982 6 58.966
      vertex 64.8018 6 58.966
    endloop
  endfacet
  facet normal 0 1 0
    outer loop
      vertex 64.9103 6 58.5329
      vertex 15.0897 6 58.5329
      vertex 15.1982 6 58.966
    endloop
  endfacet
  facet normal 0 1 0
    outer loop
      vertex 64.9282 6 58.4615
      vertex 15.0897 6 58.5329
      vertex 64.9103 6 58.5329
    endloop
  endfacet
  facet normal 0 1 0
    outer loop
      vertex 64.9282 6 58.4615
      vertex 15.0718 6 58.4615
      vertex 15.0897 6 58.5329
    endloop
  endfacet
  facet normal 0 1 0
    outer loop
      vertex 64.953 6 58.3922
      vertex 15.0718 6 58.4615
      vertex 64.9282 6 58.4615
    endloop
  endfacet
  facet normal 0 1 0
    outer loop
      vertex 64.953 6 58.3922
      vertex 15.047 6 58.3922
      vertex 15.0718 6 58.4615
    endloop
  endfacet
  facet normal 0 1 0
    outer loop
      vertex 65.1034 6 57.9718
      vertex 15.047 6 58.3922
      vertex 64.953 6 58.3922
    endloop
  endfacet
  facet normal 0 1 0
    outer loop
      vertex 65.1034 6 57.9718
      vertex 14.8966 6 57.9718
      vertex 15.047 6 58.3922
    endloop
  endfacet
  facet normal 0 1 0
    outer loop
      vertex 65.2943 6 57.5681
      vertex 14.8966 6 57.9718
      vertex 65.1034 6 57.9718
    endloop
  endfacet
  facet normal 0 1 0
    outer loop
      vertex 65.2943 6 57.5681
      vertex 14.7057 6 57.5681
      vertex 14.8966 6 57.9718
    endloop
  endfacet
  facet normal 0 1 0
    outer loop
      vertex 65.3258 6 57.5016
      vertex 14.7057 6 57.5681
      vertex 65.2943 6 57.5681
    endloop
  endfacet
  facet normal 0 1 0
    outer loop
      vertex 65.3258 6 57.5016
      vertex 14.6742 6 57.5016
      vertex 14.7057 6 57.5681
    endloop
  endfacet
  facet normal 0 1 0
    outer loop
      vertex 65.3637 6 57.4385
      vertex 14.6742 6 57.5016
      vertex 65.3258 6 57.5016
    endloop
  endfacet
  facet normal 0 1 0
    outer loop
      vertex 65.3637 6 57.4385
      vertex 14.6363 6 57.4385
      vertex 14.6742 6 57.5016
    endloop
  endfacet
  facet normal 0 1 0
    outer loop
      vertex 65.5932 6 57.0555
      vertex 14.6363 6 57.4385
      vertex 65.3637 6 57.4385
    endloop
  endfacet
  facet normal 0 1 0
    outer loop
      vertex 65.5932 6 57.0555
      vertex 14.4068 6 57.0555
      vertex 14.6363 6 57.4385
    endloop
  endfacet
  facet normal 0 1 0
    outer loop
      vertex 65.8592 6 56.6968
      vertex 14.4068 6 57.0555
      vertex 65.5932 6 57.0555
    endloop
  endfacet
  facet normal 0 1 0
    outer loop
      vertex 65.8592 6 56.6968
      vertex 14.1408 6 56.6968
      vertex 14.4068 6 57.0555
    endloop
  endfacet
  facet normal 0 1 0
    outer loop
      vertex 65.903 6 56.6377
      vertex 14.1408 6 56.6968
      vertex 65.8592 6 56.6968
    endloop
  endfacet
  facet normal 0 1 0
    outer loop
      vertex 65.903 6 56.6377
      vertex 14.097 6 56.6377
      vertex 14.1408 6 56.6968
    endloop
  endfacet
  facet normal 0 1 0
    outer loop
      vertex 65.9525 6 56.5832
      vertex 14.097 6 56.6377
      vertex 65.903 6 56.6377
    endloop
  endfacet
  facet normal 0 1 0
    outer loop
      vertex 65.9525 6 56.5832
      vertex 14.0475 6 56.5832
      vertex 14.097 6 56.6377
    endloop
  endfacet
  facet normal 0 1 0
    outer loop
      vertex 66.2523 6 56.2523
      vertex 14.0475 6 56.5832
      vertex 65.9525 6 56.5832
    endloop
  endfacet
  facet normal 0 1 0
    outer loop
      vertex 66.2523 6 56.2523
      vertex 13.7477 6 56.2523
      vertex 14.0475 6 56.5832
    endloop
  endfacet
  facet normal 0 1 0
    outer loop
      vertex 66.5832 6 55.9525
      vertex 13.7477 6 56.2523
      vertex 66.2523 6 56.2523
    endloop
  endfacet
  facet normal 0 1 0
    outer loop
      vertex 66.5832 6 55.9525
      vertex 13.4168 6 55.9525
      vertex 13.7477 6 56.2523
    endloop
  endfacet
  facet normal 0 1 0
    outer loop
      vertex 66.6377 6 55.903
      vertex 13.4168 6 55.9525
      vertex 66.5832 6 55.9525
    endloop
  endfacet
  facet normal 0 1 0
    outer loop
      vertex 66.6377 6 55.903
      vertex 13.3623 6 55.903
      vertex 13.4168 6 55.9525
    endloop
  endfacet
  facet normal 0 1 0
    outer loop
      vertex 75 6 9
      vertex 66.6377 6 55.903
      vertex 66.6968 6 55.8592
    endloop
  endfacet
  facet normal 0 1 0
    outer loop
      vertex 66.6377 6 55.903
      vertex 75 6 9
      vertex 13.3623 6 55.903
    endloop
  endfacet
  facet normal 0 1 0
    outer loop
      vertex 75 6 9
      vertex 66.6968 6 55.8592
      vertex 67.0555 6 55.5932
    endloop
  endfacet
  facet normal 0 1 0
    outer loop
      vertex 5 6 9
      vertex 13.3623 6 55.903
      vertex 75 6 9
    endloop
  endfacet
  facet normal 0 1 0
    outer loop
      vertex 75 6 9
      vertex 67.0555 6 55.5932
      vertex 67.4385 6 55.3637
    endloop
  endfacet
  facet normal 0 1 0
    outer loop
      vertex 13.3623 6 55.903
      vertex 5 6 9
      vertex 13.3032 6 55.8592
    endloop
  endfacet
  facet normal 0 1 0
    outer loop
      vertex 75 6 9
      vertex 67.4385 6 55.3637
      vertex 67.5016 6 55.3258
    endloop
  endfacet
  facet normal 0 1 0
    outer loop
      vertex 13.3032 6 55.8592
      vertex 5 6 9
      vertex 12.9445 6 55.5932
    endloop
  endfacet
  facet normal 0 1 0
    outer loop
      vertex 75 6 49.9949
      vertex 67.5016 6 55.3258
      vertex 67.5681 6 55.2943
    endloop
  endfacet
  facet normal 0 1 -0
    outer loop
      vertex 75 6 9
      vertex 67.5016 6 55.3258
      vertex 75 6 49.9949
    endloop
  endfacet
  facet normal 0 1 0
    outer loop
      vertex 75 6 49.9949
      vertex 67.5681 6 55.2943
      vertex 67.9718 6 55.1034
    endloop
  endfacet
  facet normal 0 1 0
    outer loop
      vertex 12.9445 6 55.5932
      vertex 5 6 9
      vertex 12.5615 6 55.3637
    endloop
  endfacet
  facet normal 0 1 0
    outer loop
      vertex 75 6 49.9949
      vertex 67.9718 6 55.1034
      vertex 68.3922 6 54.953
    endloop
  endfacet
  facet normal 0 1 0
    outer loop
      vertex 12.4984 6 55.3258
      vertex 5 6 49.9949
      vertex 12.4319 6 55.2943
    endloop
  endfacet
  facet normal 0 1 0
    outer loop
      vertex 75 6 49.9949
      vertex 68.3922 6 54.953
      vertex 68.4615 6 54.9282
    endloop
  endfacet
  facet normal 0 1 0
    outer loop
      vertex 12.4319 6 55.2943
      vertex 5 6 49.9949
      vertex 12.0282 6 55.1034
    endloop
  endfacet
  facet normal 0 1 0
    outer loop
      vertex 75 6 49.9949
      vertex 68.4615 6 54.9282
      vertex 68.5329 6 54.9103
    endloop
  endfacet
  facet normal 0 1 0
    outer loop
      vertex 12.0282 6 55.1034
      vertex 5 6 49.9949
      vertex 11.6078 6 54.953
    endloop
  endfacet
  facet normal 0 1 0
    outer loop
      vertex 75 6 49.9949
      vertex 68.5329 6 54.9103
      vertex 68.966 6 54.8018
    endloop
  endfacet
  facet normal 0 1 0
    outer loop
      vertex 11.6078 6 54.953
      vertex 5 6 49.9949
      vertex 11.5385 6 54.9282
    endloop
  endfacet
  facet normal 0 1 0
    outer loop
      vertex 75 6 49.9949
      vertex 68.966 6 54.8018
      vertex 69.0388 6 54.791
    endloop
  endfacet
  facet normal 0 1 0
    outer loop
      vertex 11.5385 6 54.9282
      vertex 5 6 49.9949
      vertex 11.4671 6 54.9103
    endloop
  endfacet
  facet normal 0 1 0
    outer loop
      vertex 75 6 49.9949
      vertex 69.0388 6 54.791
      vertex 69.4805 6 54.7255
    endloop
  endfacet
  facet normal 0 1 0
    outer loop
      vertex 11.4671 6 54.9103
      vertex 5 6 49.9949
      vertex 11.034 6 54.8018
    endloop
  endfacet
  facet normal 0 1 0
    outer loop
      vertex 75 6 49.9949
      vertex 69.4805 6 54.7255
      vertex 69.554 6 54.7219
    endloop
  endfacet
  facet normal 0 1 0
    outer loop
      vertex 11.034 6 54.8018
      vertex 5 6 49.9949
      vertex 10.9612 6 54.791
    endloop
  endfacet
  facet normal 0 1 0
    outer loop
      vertex 75 6 49.9949
      vertex 69.554 6 54.7219
      vertex 70 6 54.7
    endloop
  endfacet
  facet normal 0 1 0
    outer loop
      vertex 10.9612 6 54.791
      vertex 5 6 49.9949
      vertex 10.5195 6 54.7255
    endloop
  endfacet
  facet normal 0 1 0
    outer loop
      vertex 69.554 6 65.2781
      vertex 80 6 70
      vertex 70 6 65.3
    endloop
  endfacet
  facet normal 0 1 0
    outer loop
      vertex 80 6 70
      vertex 70.446 6 65.2781
      vertex 70 6 65.3
    endloop
  endfacet
  facet normal 0 1 0
    outer loop
      vertex 80 6 70
      vertex 70.5195 6 65.2745
      vertex 70.446 6 65.2781
    endloop
  endfacet
  facet normal 0 1 0
    outer loop
      vertex 80 6 70
      vertex 70.9612 6 65.209
      vertex 70.5195 6 65.2745
    endloop
  endfacet
  facet normal 0 1 0
    outer loop
      vertex 80 6 70
      vertex 71.034 6 65.1982
      vertex 70.9612 6 65.209
    endloop
  endfacet
  facet normal 0 1 0
    outer loop
      vertex 80 6 70
      vertex 71.4671 6 65.0897
      vertex 71.034 6 65.1982
    endloop
  endfacet
  facet normal 0 1 0
    outer loop
      vertex 80 6 70
      vertex 71.5385 6 65.0718
      vertex 71.4671 6 65.0897
    endloop
  endfacet
  facet normal 0 1 0
    outer loop
      vertex 80 6 70
      vertex 71.6078 6 65.047
      vertex 71.5385 6 65.0718
    endloop
  endfacet
  facet normal 0 1 0
    outer loop
      vertex 80 6 70
      vertex 72.0282 6 64.8966
      vertex 71.6078 6 65.047
    endloop
  endfacet
  facet normal 0 1 0
    outer loop
      vertex 80 6 70
      vertex 72.4319 6 64.7057
      vertex 72.0282 6 64.8966
    endloop
  endfacet
  facet normal 0 1 0
    outer loop
      vertex 80 6 70
      vertex 72.4984 6 64.6742
      vertex 72.4319 6 64.7057
    endloop
  endfacet
  facet normal 0 1 0
    outer loop
      vertex 80 6 70
      vertex 72.5615 6 64.6363
      vertex 72.4984 6 64.6742
    endloop
  endfacet
  facet normal 0 1 0
    outer loop
      vertex 80 6 70
      vertex 72.9445 6 64.4068
      vertex 72.5615 6 64.6363
    endloop
  endfacet
  facet normal 0 1 0
    outer loop
      vertex 80 6 70
      vertex 73.3032 6 64.1408
      vertex 72.9445 6 64.4068
    endloop
  endfacet
  facet normal 0 1 0
    outer loop
      vertex 80 6 70
      vertex 73.3623 6 64.097
      vertex 73.3032 6 64.1408
    endloop
  endfacet
  facet normal 0 1 0
    outer loop
      vertex 80 6 70
      vertex 73.4168 6 64.0475
      vertex 73.3623 6 64.097
    endloop
  endfacet
  facet normal 0 1 0
    outer loop
      vertex 80 6 70
      vertex 73.7477 6 63.7477
      vertex 73.4168 6 64.0475
    endloop
  endfacet
  facet normal 0 1 0
    outer loop
      vertex 80 6 70
      vertex 74.0475 6 63.4168
      vertex 73.7477 6 63.7477
    endloop
  endfacet
  facet normal 0 1 0
    outer loop
      vertex 80 6 70
      vertex 74.097 6 63.3623
      vertex 74.0475 6 63.4168
    endloop
  endfacet
  facet normal 0 1 0
    outer loop
      vertex 80 6 70
      vertex 74.1408 6 63.3032
      vertex 74.097 6 63.3623
    endloop
  endfacet
  facet normal 0 1 0
    outer loop
      vertex 80 6 70
      vertex 74.4068 6 62.9445
      vertex 74.1408 6 63.3032
    endloop
  endfacet
  facet normal 0 1 0
    outer loop
      vertex 80 6 70
      vertex 74.6363 6 62.5615
      vertex 74.4068 6 62.9445
    endloop
  endfacet
  facet normal 0 1 0
    outer loop
      vertex 80 6 70
      vertex 74.6742 6 62.4984
      vertex 74.6363 6 62.5615
    endloop
  endfacet
  facet normal 0 1 0
    outer loop
      vertex 80 6 70
      vertex 74.7057 6 62.4319
      vertex 74.6742 6 62.4984
    endloop
  endfacet
  facet normal 0 1 0
    outer loop
      vertex 80 6 70
      vertex 74.8966 6 62.0282
      vertex 74.7057 6 62.4319
    endloop
  endfacet
  facet normal 0 1 0
    outer loop
      vertex 80 6 70
      vertex 75.047 6 61.6078
      vertex 74.8966 6 62.0282
    endloop
  endfacet
  facet normal 0 1 0
    outer loop
      vertex 80 6 70
      vertex 75.0718 6 61.5385
      vertex 75.047 6 61.6078
    endloop
  endfacet
  facet normal 0 1 0
    outer loop
      vertex 80 6 70
      vertex 75.0897 6 61.4671
      vertex 75.0718 6 61.5385
    endloop
  endfacet
  facet normal 0 1 0
    outer loop
      vertex 80 6 70
      vertex 75.1982 6 61.034
      vertex 75.0897 6 61.4671
    endloop
  endfacet
  facet normal 0 1 0
    outer loop
      vertex 80 6 70
      vertex 75.209 6 60.9612
      vertex 75.1982 6 61.034
    endloop
  endfacet
  facet normal 0 1 0
    outer loop
      vertex 80 6 70
      vertex 75.2745 6 60.5195
      vertex 75.209 6 60.9612
    endloop
  endfacet
  facet normal 0 1 0
    outer loop
      vertex 80 6 70
      vertex 75.2781 6 60.446
      vertex 75.2745 6 60.5195
    endloop
  endfacet
  facet normal 0 1 0
    outer loop
      vertex 80 6 70
      vertex 75.3 6 60
      vertex 75.2781 6 60.446
    endloop
  endfacet
  facet normal 0 1 -0
    outer loop
      vertex 80 6 49.9949
      vertex 75.3 6 60
      vertex 80 6 70
    endloop
  endfacet
  facet normal 0 1 0
    outer loop
      vertex 75.3 6 60
      vertex 80 6 49.9949
      vertex 75.2781 6 59.554
    endloop
  endfacet
  facet normal 0 1 0
    outer loop
      vertex 75.2781 6 59.554
      vertex 80 6 49.9949
      vertex 75.2745 6 59.4805
    endloop
  endfacet
  facet normal 0 1 0
    outer loop
      vertex 75.2745 6 59.4805
      vertex 80 6 49.9949
      vertex 75.209 6 59.0388
    endloop
  endfacet
  facet normal 0 1 0
    outer loop
      vertex 75.209 6 59.0388
      vertex 80 6 49.9949
      vertex 75.1982 6 58.966
    endloop
  endfacet
  facet normal 0 1 0
    outer loop
      vertex 75.1982 6 58.966
      vertex 80 6 49.9949
      vertex 75.0897 6 58.5329
    endloop
  endfacet
  facet normal 0 1 0
    outer loop
      vertex 75.0897 6 58.5329
      vertex 80 6 49.9949
      vertex 75.0718 6 58.4615
    endloop
  endfacet
  facet normal 0 1 0
    outer loop
      vertex 75.0718 6 58.4615
      vertex 80 6 49.9949
      vertex 75.047 6 58.3922
    endloop
  endfacet
  facet normal 0 1 0
    outer loop
      vertex 80 6 49.9949
      vertex 74.1408 6 56.6968
      vertex 74.4068 6 57.0555
    endloop
  endfacet
  facet normal 0 1 0
    outer loop
      vertex 75 6 49.9949
      vertex 72.5615 6 55.3637
      vertex 72.9445 6 55.5932
    endloop
  endfacet
  facet normal 0 1 0
    outer loop
      vertex 75 6 49.9949
      vertex 72.4319 6 55.2943
      vertex 72.4984 6 55.3258
    endloop
  endfacet
  facet normal 0 1 0
    outer loop
      vertex 75 6 49.9949
      vertex 71.4671 6 54.9103
      vertex 71.5385 6 54.9282
    endloop
  endfacet
  facet normal 0 1 0
    outer loop
      vertex 75 6 49.9949
      vertex 70.9612 6 54.791
      vertex 71.034 6 54.8018
    endloop
  endfacet
  facet normal 0 1 0
    outer loop
      vertex 70.446 6 54.7219
      vertex 75 6 49.9949
      vertex 70 6 54.7
    endloop
  endfacet
  facet normal 0 1 0
    outer loop
      vertex 70.5195 6 54.7255
      vertex 75 6 49.9949
      vertex 70.446 6 54.7219
    endloop
  endfacet
  facet normal 0 1 0
    outer loop
      vertex 70.9612 6 54.791
      vertex 75 6 49.9949
      vertex 70.5195 6 54.7255
    endloop
  endfacet
  facet normal 0 1 0
    outer loop
      vertex 71.4671 6 54.9103
      vertex 75 6 49.9949
      vertex 71.034 6 54.8018
    endloop
  endfacet
  facet normal 0 1 0
    outer loop
      vertex 71.6078 6 54.953
      vertex 75 6 49.9949
      vertex 71.5385 6 54.9282
    endloop
  endfacet
  facet normal 0 1 0
    outer loop
      vertex 72.0282 6 55.1034
      vertex 75 6 49.9949
      vertex 71.6078 6 54.953
    endloop
  endfacet
  facet normal 0 1 0
    outer loop
      vertex 72.4319 6 55.2943
      vertex 75 6 49.9949
      vertex 72.0282 6 55.1034
    endloop
  endfacet
  facet normal 0 1 0
    outer loop
      vertex 72.5615 6 55.3637
      vertex 75 6 49.9949
      vertex 72.4984 6 55.3258
    endloop
  endfacet
  facet normal 0 1 0
    outer loop
      vertex 73.3032 6 55.8592
      vertex 75 6 49.9949
      vertex 72.9445 6 55.5932
    endloop
  endfacet
  facet normal 0 1 0
    outer loop
      vertex 73.3623 6 55.903
      vertex 75 6 49.9949
      vertex 73.3032 6 55.8592
    endloop
  endfacet
  facet normal 0 1 0
    outer loop
      vertex 73.4168 6 55.9525
      vertex 75 6 49.9949
      vertex 73.3623 6 55.903
    endloop
  endfacet
  facet normal 0 1 0
    outer loop
      vertex 73.7477 6 56.2523
      vertex 75 6 49.9949
      vertex 73.4168 6 55.9525
    endloop
  endfacet
  facet normal 0 1 0
    outer loop
      vertex 74.0475 6 56.5832
      vertex 75 6 49.9949
      vertex 73.7477 6 56.2523
    endloop
  endfacet
  facet normal 0 1 0
    outer loop
      vertex 74.097 6 56.6377
      vertex 75 6 49.9949
      vertex 74.0475 6 56.5832
    endloop
  endfacet
  facet normal 0 1 -0
    outer loop
      vertex 75 6 49.9949
      vertex 74.097 6 56.6377
      vertex 80 6 49.9949
    endloop
  endfacet
  facet normal 0 1 0
    outer loop
      vertex 74.1408 6 56.6968
      vertex 80 6 49.9949
      vertex 74.097 6 56.6377
    endloop
  endfacet
  facet normal 0 1 0
    outer loop
      vertex 74.6363 6 57.4385
      vertex 80 6 49.9949
      vertex 74.4068 6 57.0555
    endloop
  endfacet
  facet normal 0 1 0
    outer loop
      vertex 74.6742 6 57.5016
      vertex 80 6 49.9949
      vertex 74.6363 6 57.4385
    endloop
  endfacet
  facet normal 0 1 0
    outer loop
      vertex 74.7057 6 57.5681
      vertex 80 6 49.9949
      vertex 74.6742 6 57.5016
    endloop
  endfacet
  facet normal 0 1 0
    outer loop
      vertex 74.8966 6 57.9718
      vertex 80 6 49.9949
      vertex 74.7057 6 57.5681
    endloop
  endfacet
  facet normal 0 1 0
    outer loop
      vertex 75.047 6 58.3922
      vertex 80 6 49.9949
      vertex 74.8966 6 57.9718
    endloop
  endfacet
  facet normal 0 1 0
    outer loop
      vertex 69.4805 6 65.2745
      vertex 80 6 70
      vertex 69.554 6 65.2781
    endloop
  endfacet
  facet normal 0 1 -0
    outer loop
      vertex 9.55402 6 65.2781
      vertex 0 6 70
      vertex 10 6 65.3
    endloop
  endfacet
  facet normal 0 1 -0
    outer loop
      vertex 9.48051 6 65.2745
      vertex 0 6 70
      vertex 9.55402 6 65.2781
    endloop
  endfacet
  facet normal 0 1 -0
    outer loop
      vertex 9.03883 6 65.209
      vertex 0 6 70
      vertex 9.48051 6 65.2745
    endloop
  endfacet
  facet normal 0 1 -0
    outer loop
      vertex 8.96602 6 65.1982
      vertex 0 6 70
      vertex 9.03883 6 65.209
    endloop
  endfacet
  facet normal 0 1 -0
    outer loop
      vertex 8.53289 6 65.0897
      vertex 0 6 70
      vertex 8.96602 6 65.1982
    endloop
  endfacet
  facet normal 0 1 -0
    outer loop
      vertex 8.46149 6 65.0718
      vertex 0 6 70
      vertex 8.53289 6 65.0897
    endloop
  endfacet
  facet normal 0 1 -0
    outer loop
      vertex 8.39219 6 65.047
      vertex 0 6 70
      vertex 8.46149 6 65.0718
    endloop
  endfacet
  facet normal 0 1 -0
    outer loop
      vertex 7.97178 6 64.8966
      vertex 0 6 70
      vertex 8.39219 6 65.047
    endloop
  endfacet
  facet normal 0 1 -0
    outer loop
      vertex 7.56813 6 64.7057
      vertex 0 6 70
      vertex 7.97178 6 64.8966
    endloop
  endfacet
  facet normal 0 1 -0
    outer loop
      vertex 7.5016 6 64.6742
      vertex 0 6 70
      vertex 7.56813 6 64.7057
    endloop
  endfacet
  facet normal 0 1 -0
    outer loop
      vertex 7.43847 6 64.6363
      vertex 0 6 70
      vertex 7.5016 6 64.6742
    endloop
  endfacet
  facet normal 0 1 -0
    outer loop
      vertex 7.05548 6 64.4068
      vertex 0 6 70
      vertex 7.43847 6 64.6363
    endloop
  endfacet
  facet normal 0 1 -0
    outer loop
      vertex 6.69683 6 64.1408
      vertex 0 6 70
      vertex 7.05548 6 64.4068
    endloop
  endfacet
  facet normal 0 1 -0
    outer loop
      vertex 6.63772 6 64.097
      vertex 0 6 70
      vertex 6.69683 6 64.1408
    endloop
  endfacet
  facet normal 0 1 -0
    outer loop
      vertex 6.58318 6 64.0475
      vertex 0 6 70
      vertex 6.63772 6 64.097
    endloop
  endfacet
  facet normal 0 1 -0
    outer loop
      vertex 6.25233 6 63.7477
      vertex 0 6 70
      vertex 6.58318 6 64.0475
    endloop
  endfacet
  facet normal 0 1 -0
    outer loop
      vertex 5.95247 6 63.4168
      vertex 0 6 70
      vertex 6.25233 6 63.7477
    endloop
  endfacet
  facet normal 0 1 -0
    outer loop
      vertex 5.90304 6 63.3623
      vertex 0 6 70
      vertex 5.95247 6 63.4168
    endloop
  endfacet
  facet normal 0 1 -0
    outer loop
      vertex 5.8592 6 63.3032
      vertex 0 6 70
      vertex 5.90304 6 63.3623
    endloop
  endfacet
  facet normal 0 1 -0
    outer loop
      vertex 5.59321 6 62.9445
      vertex 0 6 70
      vertex 5.8592 6 63.3032
    endloop
  endfacet
  facet normal 0 1 -0
    outer loop
      vertex 5.36366 6 62.5615
      vertex 0 6 70
      vertex 5.59321 6 62.9445
    endloop
  endfacet
  facet normal 0 1 -0
    outer loop
      vertex 5.32582 6 62.4984
      vertex 0 6 70
      vertex 5.36366 6 62.5615
    endloop
  endfacet
  facet normal 0 1 -0
    outer loop
      vertex 5.29435 6 62.4319
      vertex 0 6 70
      vertex 5.32582 6 62.4984
    endloop
  endfacet
  facet normal 0 1 -0
    outer loop
      vertex 5.10344 6 62.0282
      vertex 0 6 70
      vertex 5.29435 6 62.4319
    endloop
  endfacet
  facet normal 0 1 -0
    outer loop
      vertex 4.95301 6 61.6078
      vertex 0 6 70
      vertex 5.10344 6 62.0282
    endloop
  endfacet
  facet normal 0 1 -0
    outer loop
      vertex 4.92822 6 61.5385
      vertex 0 6 70
      vertex 4.95301 6 61.6078
    endloop
  endfacet
  facet normal 0 1 -0
    outer loop
      vertex 4.91033 6 61.4671
      vertex 0 6 70
      vertex 4.92822 6 61.5385
    endloop
  endfacet
  facet normal 0 1 -0
    outer loop
      vertex 4.80184 6 61.034
      vertex 0 6 70
      vertex 4.91033 6 61.4671
    endloop
  endfacet
  facet normal 0 1 -0
    outer loop
      vertex 4.79104 6 60.9612
      vertex 0 6 70
      vertex 4.80184 6 61.034
    endloop
  endfacet
  facet normal 0 1 -0
    outer loop
      vertex 4.72552 6 60.5195
      vertex 0 6 70
      vertex 4.79104 6 60.9612
    endloop
  endfacet
  facet normal 0 1 -0
    outer loop
      vertex 4.72191 6 60.446
      vertex 0 6 70
      vertex 4.72552 6 60.5195
    endloop
  endfacet
  facet normal 0 1 -0
    outer loop
      vertex 4.7 6 60
      vertex 0 6 70
      vertex 4.72191 6 60.446
    endloop
  endfacet
  facet normal 0 1 0
    outer loop
      vertex 0 6 49.9949
      vertex 4.7 6 60
      vertex 4.72191 6 59.554
    endloop
  endfacet
  facet normal 0 1 0
    outer loop
      vertex 0 6 49.9949
      vertex 4.72191 6 59.554
      vertex 4.72552 6 59.4805
    endloop
  endfacet
  facet normal 0 1 0
    outer loop
      vertex 0 6 49.9949
      vertex 4.72552 6 59.4805
      vertex 4.79104 6 59.0388
    endloop
  endfacet
  facet normal 0 1 0
    outer loop
      vertex 0 6 49.9949
      vertex 4.79104 6 59.0388
      vertex 4.80184 6 58.966
    endloop
  endfacet
  facet normal 0 1 0
    outer loop
      vertex 0 6 49.9949
      vertex 4.80184 6 58.966
      vertex 4.91033 6 58.5329
    endloop
  endfacet
  facet normal 0 1 0
    outer loop
      vertex 0 6 49.9949
      vertex 4.91033 6 58.5329
      vertex 4.92822 6 58.4615
    endloop
  endfacet
  facet normal 0 1 0
    outer loop
      vertex 0 6 49.9949
      vertex 4.92822 6 58.4615
      vertex 4.95301 6 58.3922
    endloop
  endfacet
  facet normal 0 1 0
    outer loop
      vertex 0 6 49.9949
      vertex 4.95301 6 58.3922
      vertex 5.10344 6 57.9718
    endloop
  endfacet
  facet normal 0 1 0
    outer loop
      vertex 0 6 49.9949
      vertex 5.29435 6 57.5681
      vertex 5.32582 6 57.5016
    endloop
  endfacet
  facet normal 0 1 0
    outer loop
      vertex 0 6 49.9949
      vertex 5.36366 6 57.4385
      vertex 5.59321 6 57.0555
    endloop
  endfacet
  facet normal 0 1 0
    outer loop
      vertex 0 6 49.9949
      vertex 5.8592 6 56.6968
      vertex 5.90304 6 56.6377
    endloop
  endfacet
  facet normal 0 1 0
    outer loop
      vertex 5 6 49.9949
      vertex 5.95247 6 56.5832
      vertex 6.25233 6 56.2523
    endloop
  endfacet
  facet normal 0 1 0
    outer loop
      vertex 5 6 49.9949
      vertex 7.56813 6 55.2943
      vertex 7.97178 6 55.1034
    endloop
  endfacet
  facet normal 0 1 0
    outer loop
      vertex 5 6 49.9949
      vertex 8.53289 6 54.9103
      vertex 8.96602 6 54.8018
    endloop
  endfacet
  facet normal 0 1 0
    outer loop
      vertex 5 6 49.9949
      vertex 9.03883 6 54.791
      vertex 9.48051 6 54.7255
    endloop
  endfacet
  facet normal 0 1 0
    outer loop
      vertex 10.5195 6 54.7255
      vertex 5 6 49.9949
      vertex 10.446 6 54.7219
    endloop
  endfacet
  facet normal 0 1 0
    outer loop
      vertex 10.446 6 54.7219
      vertex 5 6 49.9949
      vertex 10 6 54.7
    endloop
  endfacet
  facet normal 0 1 0
    outer loop
      vertex 10 6 54.7
      vertex 5 6 49.9949
      vertex 9.55402 6 54.7219
    endloop
  endfacet
  facet normal 0 1 0
    outer loop
      vertex 9.55402 6 54.7219
      vertex 5 6 49.9949
      vertex 9.48051 6 54.7255
    endloop
  endfacet
  facet normal 0 1 0
    outer loop
      vertex 9.03883 6 54.791
      vertex 5 6 49.9949
      vertex 8.96602 6 54.8018
    endloop
  endfacet
  facet normal 0 1 0
    outer loop
      vertex 8.53289 6 54.9103
      vertex 5 6 49.9949
      vertex 8.46149 6 54.9282
    endloop
  endfacet
  facet normal 0 1 0
    outer loop
      vertex 5 6 49.9949
      vertex 8.39219 6 54.953
      vertex 8.46149 6 54.9282
    endloop
  endfacet
  facet normal 0 1 0
    outer loop
      vertex 5 6 49.9949
      vertex 7.97178 6 55.1034
      vertex 8.39219 6 54.953
    endloop
  endfacet
  facet normal 0 1 0
    outer loop
      vertex 7.56813 6 55.2943
      vertex 5 6 49.9949
      vertex 7.5016 6 55.3258
    endloop
  endfacet
  facet normal 0 1 0
    outer loop
      vertex 5 6 49.9949
      vertex 7.43847 6 55.3637
      vertex 7.5016 6 55.3258
    endloop
  endfacet
  facet normal 0 1 0
    outer loop
      vertex 5 6 49.9949
      vertex 7.05548 6 55.5932
      vertex 7.43847 6 55.3637
    endloop
  endfacet
  facet normal 0 1 0
    outer loop
      vertex 5 6 49.9949
      vertex 6.69683 6 55.8592
      vertex 7.05548 6 55.5932
    endloop
  endfacet
  facet normal 0 1 0
    outer loop
      vertex 5 6 49.9949
      vertex 6.63772 6 55.903
      vertex 6.69683 6 55.8592
    endloop
  endfacet
  facet normal 0 1 0
    outer loop
      vertex 5 6 49.9949
      vertex 6.58318 6 55.9525
      vertex 6.63772 6 55.903
    endloop
  endfacet
  facet normal 0 1 0
    outer loop
      vertex 5 6 49.9949
      vertex 6.25233 6 56.2523
      vertex 6.58318 6 55.9525
    endloop
  endfacet
  facet normal 0 1 0
    outer loop
      vertex 5.95247 6 56.5832
      vertex 5 6 49.9949
      vertex 5.90304 6 56.6377
    endloop
  endfacet
  facet normal 0 1 0
    outer loop
      vertex 0 6 49.9949
      vertex 5.90304 6 56.6377
      vertex 5 6 49.9949
    endloop
  endfacet
  facet normal 0 1 0
    outer loop
      vertex 5.8592 6 56.6968
      vertex 0 6 49.9949
      vertex 5.59321 6 57.0555
    endloop
  endfacet
  facet normal 0 1 0
    outer loop
      vertex 5.36366 6 57.4385
      vertex 0 6 49.9949
      vertex 5.32582 6 57.5016
    endloop
  endfacet
  facet normal 0 1 0
    outer loop
      vertex 5.29435 6 57.5681
      vertex 0 6 49.9949
      vertex 5.10344 6 57.9718
    endloop
  endfacet
  facet normal 0 1 0
    outer loop
      vertex 4.7 6 60
      vertex 0 6 49.9949
      vertex 0 6 70
    endloop
  endfacet
  facet normal 0.970022 0.243015 0
    outer loop
      vertex 17.9904 46.3235 4.5
      vertex 17.4419 48.5129 0
      vertex 17.4419 48.5129 4.5
    endloop
  endfacet
  facet normal 0.970022 0.243015 0
    outer loop
      vertex 17.4419 48.5129 0
      vertex 17.9904 46.3235 4.5
      vertex 17.9904 46.3235 0
    endloop
  endfacet
  facet normal -0.903996 0.427542 0
    outer loop
      vertex 60.2842 42.1579 0
      vertex 61.2492 44.1983 4.5
      vertex 61.2492 44.1983 0
    endloop
  endfacet
  facet normal -0.903996 0.427542 0
    outer loop
      vertex 61.2492 44.1983 4.5
      vertex 60.2842 42.1579 0
      vertex 60.2842 42.1579 4.5
    endloop
  endfacet
  facet normal -0.336886 0.941545 0
    outer loop
      vertex 48.8017 31.7508 0
      vertex 46.6765 30.9904 4.5
      vertex 48.8017 31.7508 4.5
    endloop
  endfacet
  facet normal -0.336886 0.941545 0
    outer loop
      vertex 46.6765 30.9904 4.5
      vertex 48.8017 31.7508 0
      vertex 46.6765 30.9904 0
    endloop
  endfacet
  facet normal -0.740988 0.671519 0
    outer loop
      vertex 56.2635 36.7365 0
      vertex 57.7792 38.409 4.5
      vertex 57.7792 38.409 0
    endloop
  endfacet
  facet normal -0.740988 0.671519 0
    outer loop
      vertex 57.7792 38.409 4.5
      vertex 56.2635 36.7365 0
      vertex 56.2635 36.7365 4.5
    endloop
  endfacet
  facet normal -0.970022 0.243015 0
    outer loop
      vertex 62.0096 46.3235 0
      vertex 62.5581 48.5129 4.5
      vertex 62.5581 48.5129 0
    endloop
  endfacet
  facet normal -0.970022 0.243015 0
    outer loop
      vertex 62.5581 48.5129 4.5
      vertex 62.0096 46.3235 0
      vertex 62.0096 46.3235 4.5
    endloop
  endfacet
  facet normal 0.336886 0.941545 -0
    outer loop
      vertex 33.3235 30.9904 0
      vertex 31.1983 31.7508 4.5
      vertex 33.3235 30.9904 4.5
    endloop
  endfacet
  facet normal 0.336886 0.941545 0
    outer loop
      vertex 31.1983 31.7508 4.5
      vertex 33.3235 30.9904 0
      vertex 31.1983 31.7508 0
    endloop
  endfacet
  facet normal 0.740988 0.671519 0
    outer loop
      vertex 23.7365 36.7365 4.5
      vertex 22.2208 38.409 0
      vertex 22.2208 38.409 4.5
    endloop
  endfacet
  facet normal 0.740988 0.671519 0
    outer loop
      vertex 22.2208 38.409 0
      vertex 23.7365 36.7365 4.5
      vertex 23.7365 36.7365 0
    endloop
  endfacet
  facet normal 0.803194 0.595717 0
    outer loop
      vertex 22.2208 38.409 4.5
      vertex 20.8762 40.2219 0
      vertex 20.8762 40.2219 4.5
    endloop
  endfacet
  facet normal 0.803194 0.595717 0
    outer loop
      vertex 20.8762 40.2219 0
      vertex 22.2208 38.409 4.5
      vertex 22.2208 38.409 0
    endloop
  endfacet
  facet normal -0.998794 0.0490891 0
    outer loop
      vertex 62.8892 50.7456 0
      vertex 63 53 4.5
      vertex 63 53 0
    endloop
  endfacet
  facet normal -0.998794 0.0490891 0
    outer loop
      vertex 63 53 4.5
      vertex 62.8892 50.7456 0
      vertex 62.8892 50.7456 4.5
    endloop
  endfacet
  facet normal -0.514105 0.857727 0
    outer loop
      vertex 52.7781 33.8762 0
      vertex 50.8421 32.7158 4.5
      vertex 52.7781 33.8762 4.5
    endloop
  endfacet
  facet normal -0.514105 0.857727 0
    outer loop
      vertex 50.8421 32.7158 4.5
      vertex 52.7781 33.8762 0
      vertex 50.8421 32.7158 0
    endloop
  endfacet
  facet normal -0.671519 0.740988 0
    outer loop
      vertex 56.2635 36.7365 0
      vertex 54.591 35.2208 4.5
      vertex 56.2635 36.7365 4.5
    endloop
  endfacet
  facet normal -0.671519 0.740988 0
    outer loop
      vertex 54.591 35.2208 4.5
      vertex 56.2635 36.7365 0
      vertex 54.591 35.2208 0
    endloop
  endfacet
  facet normal -0.595717 0.803194 0
    outer loop
      vertex 54.591 35.2208 0
      vertex 52.7781 33.8762 4.5
      vertex 54.591 35.2208 4.5
    endloop
  endfacet
  facet normal -0.595717 0.803194 0
    outer loop
      vertex 52.7781 33.8762 4.5
      vertex 54.591 35.2208 0
      vertex 52.7781 33.8762 0
    endloop
  endfacet
  facet normal -0.803194 0.595717 0
    outer loop
      vertex 57.7792 38.409 0
      vertex 59.1238 40.2219 4.5
      vertex 59.1238 40.2219 0
    endloop
  endfacet
  facet normal -0.803194 0.595717 0
    outer loop
      vertex 59.1238 40.2219 4.5
      vertex 57.7792 38.409 0
      vertex 57.7792 38.409 4.5
    endloop
  endfacet
  facet normal -0.857727 0.514105 0
    outer loop
      vertex 59.1238 40.2219 0
      vertex 60.2842 42.1579 4.5
      vertex 60.2842 42.1579 0
    endloop
  endfacet
  facet normal -0.857727 0.514105 0
    outer loop
      vertex 60.2842 42.1579 4.5
      vertex 59.1238 40.2219 0
      vertex 59.1238 40.2219 4.5
    endloop
  endfacet
  facet normal 0.671519 0.740988 -0
    outer loop
      vertex 25.409 35.2208 0
      vertex 23.7365 36.7365 4.5
      vertex 25.409 35.2208 4.5
    endloop
  endfacet
  facet normal 0.671519 0.740988 0
    outer loop
      vertex 23.7365 36.7365 4.5
      vertex 25.409 35.2208 0
      vertex 23.7365 36.7365 0
    endloop
  endfacet
  facet normal 0.595717 0.803194 -0
    outer loop
      vertex 27.2219 33.8762 0
      vertex 25.409 35.2208 4.5
      vertex 27.2219 33.8762 4.5
    endloop
  endfacet
  facet normal 0.595717 0.803194 0
    outer loop
      vertex 25.409 35.2208 4.5
      vertex 27.2219 33.8762 0
      vertex 25.409 35.2208 0
    endloop
  endfacet
  facet normal 0.514105 0.857727 -0
    outer loop
      vertex 29.1579 32.7158 0
      vertex 27.2219 33.8762 4.5
      vertex 29.1579 32.7158 4.5
    endloop
  endfacet
  facet normal 0.514105 0.857727 0
    outer loop
      vertex 27.2219 33.8762 4.5
      vertex 29.1579 32.7158 0
      vertex 27.2219 33.8762 0
    endloop
  endfacet
  facet normal 0.146692 0.989182 -0
    outer loop
      vertex 37.7456 30.1108 0
      vertex 35.5129 30.4419 4.5
      vertex 37.7456 30.1108 4.5
    endloop
  endfacet
  facet normal 0.146692 0.989182 0
    outer loop
      vertex 35.5129 30.4419 4.5
      vertex 37.7456 30.1108 0
      vertex 35.5129 30.4419 0
    endloop
  endfacet
  facet normal 0.903996 0.427542 0
    outer loop
      vertex 19.7158 42.1579 4.5
      vertex 18.7508 44.1983 0
      vertex 18.7508 44.1983 4.5
    endloop
  endfacet
  facet normal 0.903996 0.427542 0
    outer loop
      vertex 18.7508 44.1983 0
      vertex 19.7158 42.1579 4.5
      vertex 19.7158 42.1579 0
    endloop
  endfacet
  facet normal 0.941545 0.336886 0
    outer loop
      vertex 18.7508 44.1983 4.5
      vertex 17.9904 46.3235 0
      vertex 17.9904 46.3235 4.5
    endloop
  endfacet
  facet normal 0.941545 0.336886 0
    outer loop
      vertex 17.9904 46.3235 0
      vertex 18.7508 44.1983 4.5
      vertex 18.7508 44.1983 0
    endloop
  endfacet
  facet normal 0.998794 0.0490891 0
    outer loop
      vertex 17.1108 50.7456 4.5
      vertex 17 53 0
      vertex 17 53 4.5
    endloop
  endfacet
  facet normal 0.998794 0.0490891 0
    outer loop
      vertex 17 53 0
      vertex 17.1108 50.7456 4.5
      vertex 17.1108 50.7456 0
    endloop
  endfacet
  facet normal -0.0490891 0.998794 0
    outer loop
      vertex 42.2544 30.1108 0
      vertex 40 30 4.5
      vertex 42.2544 30.1108 4.5
    endloop
  endfacet
  facet normal -0.0490891 0.998794 0
    outer loop
      vertex 40 30 4.5
      vertex 42.2544 30.1108 0
      vertex 40 30 0
    endloop
  endfacet
  facet normal -0.243015 0.970022 0
    outer loop
      vertex 46.6765 30.9904 0
      vertex 44.4871 30.4419 4.5
      vertex 46.6765 30.9904 4.5
    endloop
  endfacet
  facet normal -0.243015 0.970022 0
    outer loop
      vertex 44.4871 30.4419 4.5
      vertex 46.6765 30.9904 0
      vertex 44.4871 30.4419 0
    endloop
  endfacet
  facet normal -0.427542 0.903996 0
    outer loop
      vertex 50.8421 32.7158 0
      vertex 48.8017 31.7508 4.5
      vertex 50.8421 32.7158 4.5
    endloop
  endfacet
  facet normal -0.427542 0.903996 0
    outer loop
      vertex 48.8017 31.7508 4.5
      vertex 50.8421 32.7158 0
      vertex 48.8017 31.7508 0
    endloop
  endfacet
  facet normal -0.941545 0.336886 0
    outer loop
      vertex 61.2492 44.1983 0
      vertex 62.0096 46.3235 4.5
      vertex 62.0096 46.3235 0
    endloop
  endfacet
  facet normal -0.941545 0.336886 0
    outer loop
      vertex 62.0096 46.3235 4.5
      vertex 61.2492 44.1983 0
      vertex 61.2492 44.1983 4.5
    endloop
  endfacet
  facet normal -0.989182 0.146692 0
    outer loop
      vertex 62.5581 48.5129 0
      vertex 62.8892 50.7456 4.5
      vertex 62.8892 50.7456 0
    endloop
  endfacet
  facet normal -0.989182 0.146692 0
    outer loop
      vertex 62.8892 50.7456 4.5
      vertex 62.5581 48.5129 0
      vertex 62.5581 48.5129 4.5
    endloop
  endfacet
  facet normal 0.427542 0.903996 -0
    outer loop
      vertex 31.1983 31.7508 0
      vertex 29.1579 32.7158 4.5
      vertex 31.1983 31.7508 4.5
    endloop
  endfacet
  facet normal 0.427542 0.903996 0
    outer loop
      vertex 29.1579 32.7158 4.5
      vertex 31.1983 31.7508 0
      vertex 29.1579 32.7158 0
    endloop
  endfacet
  facet normal 0.243015 0.970022 -0
    outer loop
      vertex 35.5129 30.4419 0
      vertex 33.3235 30.9904 4.5
      vertex 35.5129 30.4419 4.5
    endloop
  endfacet
  facet normal 0.243015 0.970022 0
    outer loop
      vertex 33.3235 30.9904 4.5
      vertex 35.5129 30.4419 0
      vertex 33.3235 30.9904 0
    endloop
  endfacet
  facet normal 0.0490891 0.998794 -0
    outer loop
      vertex 40 30 0
      vertex 37.7456 30.1108 4.5
      vertex 40 30 4.5
    endloop
  endfacet
  facet normal 0.0490891 0.998794 0
    outer loop
      vertex 37.7456 30.1108 4.5
      vertex 40 30 0
      vertex 37.7456 30.1108 0
    endloop
  endfacet
  facet normal 0.857727 0.514105 0
    outer loop
      vertex 20.8762 40.2219 4.5
      vertex 19.7158 42.1579 0
      vertex 19.7158 42.1579 4.5
    endloop
  endfacet
  facet normal 0.857727 0.514105 0
    outer loop
      vertex 19.7158 42.1579 0
      vertex 20.8762 40.2219 4.5
      vertex 20.8762 40.2219 0
    endloop
  endfacet
  facet normal 0.989182 0.146692 0
    outer loop
      vertex 17.4419 48.5129 4.5
      vertex 17.1108 50.7456 0
      vertex 17.1108 50.7456 4.5
    endloop
  endfacet
  facet normal 0.989182 0.146692 0
    outer loop
      vertex 17.1108 50.7456 0
      vertex 17.4419 48.5129 4.5
      vertex 17.4419 48.5129 0
    endloop
  endfacet
  facet normal -0.146692 0.989182 0
    outer loop
      vertex 44.4871 30.4419 0
      vertex 42.2544 30.1108 4.5
      vertex 44.4871 30.4419 4.5
    endloop
  endfacet
  facet normal -0.146692 0.989182 0
    outer loop
      vertex 42.2544 30.1108 4.5
      vertex 44.4871 30.4419 0
      vertex 42.2544 30.1108 0
    endloop
  endfacet
  facet normal 1 -0 0
    outer loop
      vertex 17 53 4.5
      vertex 17 96 0
      vertex 17 96 4.5
    endloop
  endfacet
  facet normal 1 0 0
    outer loop
      vertex 17 96 0
      vertex 17 53 4.5
      vertex 17 53 0
    endloop
  endfacet
  facet normal -1 0 0
    outer loop
      vertex 63 53 0
      vertex 63 96 4.5
      vertex 63 96 0
    endloop
  endfacet
  facet normal -1 -0 0
    outer loop
      vertex 63 96 4.5
      vertex 63 53 0
      vertex 63 53 4.5
    endloop
  endfacet
  facet normal -0.699894 0.103822 0.706661
    outer loop
      vertex 64.0292 48.2203 6
      vertex 64.3798 50.5838 6
      vertex 62.5581 48.5129 4.5
    endloop
  endfacet
  facet normal -0.706658 0.0347311 0.706702
    outer loop
      vertex 62.8892 50.7456 4.5
      vertex 64.3828 50.6135 6
      vertex 63 53 4.5
    endloop
  endfacet
  facet normal -0.706435 0.0379294 0.706761
    outer loop
      vertex 64.3828 50.6135 6
      vertex 62.8892 50.7456 4.5
      vertex 64.382 50.5986 6
    endloop
  endfacet
  facet normal 0.699875 0.103789 0.706684
    outer loop
      vertex 17.1108 50.7456 4.5
      vertex 15.6202 50.5838 6
      vertex 17.4419 48.5129 4.5
    endloop
  endfacet
  facet normal 0.699844 0.104031 0.70668
    outer loop
      vertex 15.6202 50.5838 6
      vertex 17.1108 50.7456 4.5
      vertex 15.618 50.5986 6
    endloop
  endfacet
  facet normal -0.0379294 0.706435 0.706761
    outer loop
      vertex 42.2544 30.1108 4.5
      vertex 42.3865 28.6172 6
      vertex 42.4014 28.618 6
    endloop
  endfacet
  facet normal -0.0347311 0.706658 0.706702
    outer loop
      vertex 42.3865 28.6172 6
      vertex 42.2544 30.1108 4.5
      vertex 40 30 4.5
    endloop
  endfacet
  facet normal -0.523332 0.476185 0.706662
    outer loop
      vertex 57.7792 38.409 4.5
      vertex 58.9287 37.4463 6
      vertex 58.9388 37.4574 6
    endloop
  endfacet
  facet normal -0.524266 0.475115 0.706691
    outer loop
      vertex 58.9287 37.4463 6
      vertex 57.7792 38.409 4.5
      vertex 56.2635 36.7365 4.5
    endloop
  endfacet
  facet normal 0.421466 0.568282 0.706698
    outer loop
      vertex 26.3765 32.6379 6
      vertex 25.409 35.2208 4.5
      vertex 24.4574 34.0612 6
    endloop
  endfacet
  facet normal 0.171922 0.686326 0.706682
    outer loop
      vertex 35.2058 28.9744 6
      vertex 33.3235 30.9904 4.5
      vertex 32.888 29.555 6
    endloop
  endfacet
  facet normal -0.666161 0.238354 0.706694
    outer loop
      vertex 61.2492 44.1983 4.5
      vertex 62.6401 43.6383 6
      vertex 62.0096 46.3235 4.5
    endloop
  endfacet
  facet normal -0.664714 0.242146 0.706768
    outer loop
      vertex 62.6401 43.6383 6
      vertex 61.2492 44.1983 4.5
      vertex 62.635 43.6243 6
    endloop
  endfacet
  facet normal -0.706681 0.0347048 0.706681
    outer loop
      vertex 64.3828 50.6135 6
      vertex 64.5 53 6
      vertex 63 53 4.5
    endloop
  endfacet
  facet normal -0.475115 0.524266 0.706691
    outer loop
      vertex 54.591 35.2208 4.5
      vertex 55.5537 34.0713 6
      vertex 56.2635 36.7365 4.5
    endloop
  endfacet
  facet normal -0.476185 0.523332 0.706662
    outer loop
      vertex 55.5537 34.0713 6
      vertex 54.591 35.2208 4.5
      vertex 55.5426 34.0612 6
    endloop
  endfacet
  facet normal -0.103822 0.699894 0.706661
    outer loop
      vertex 44.7797 28.9708 6
      vertex 44.4871 30.4419 4.5
      vertex 42.4162 28.6202 6
    endloop
  endfacet
  facet normal -0.421466 0.568282 0.706698
    outer loop
      vertex 55.5426 34.0612 6
      vertex 54.591 35.2208 4.5
      vertex 53.6235 32.6379 6
    endloop
  endfacet
  facet normal 0.363747 0.606872 0.706679
    outer loop
      vertex 27.2219 33.8762 4.5
      vertex 26.4014 32.6213 6
      vertex 29.1579 32.7158 4.5
    endloop
  endfacet
  facet normal 0.362651 0.607558 0.706653
    outer loop
      vertex 26.4014 32.6213 6
      vertex 27.2219 33.8762 4.5
      vertex 26.3885 32.629 6
    endloop
  endfacet
  facet normal 0.238345 0.666175 0.706684
    outer loop
      vertex 32.888 29.555 6
      vertex 33.3235 30.9904 4.5
      vertex 30.6383 30.3599 6
    endloop
  endfacet
  facet normal 0.0347311 0.706658 0.706702
    outer loop
      vertex 37.7456 30.1108 4.5
      vertex 37.6135 28.6172 6
      vertex 40 30 4.5
    endloop
  endfacet
  facet normal 0.0379294 0.706435 0.706761
    outer loop
      vertex 37.6135 28.6172 6
      vertex 37.7456 30.1108 4.5
      vertex 37.5986 28.618 6
    endloop
  endfacet
  facet normal -0.699844 0.104031 0.70668
    outer loop
      vertex 62.8892 50.7456 4.5
      vertex 64.3798 50.5838 6
      vertex 64.382 50.5986 6
    endloop
  endfacet
  facet normal -0.699875 0.103789 0.706684
    outer loop
      vertex 64.3798 50.5838 6
      vertex 62.8892 50.7456 4.5
      vertex 62.5581 48.5129 4.5
    endloop
  endfacet
  facet normal -0.68667 0.170484 0.706696
    outer loop
      vertex 62.5581 48.5129 4.5
      vertex 64.0256 48.2058 6
      vertex 64.0292 48.2203 6
    endloop
  endfacet
  facet normal -0.686335 0.171944 0.706667
    outer loop
      vertex 64.0256 48.2058 6
      vertex 62.5581 48.5129 4.5
      vertex 62.0096 46.3235 4.5
    endloop
  endfacet
  facet normal -0.639593 0.302518 0.706685
    outer loop
      vertex 61.6071 41.4508 6
      vertex 62.6287 43.6107 6
      vertex 60.2842 42.1579 4.5
    endloop
  endfacet
  facet normal -0.568282 0.421466 0.706698
    outer loop
      vertex 58.9388 37.4574 6
      vertex 60.3621 39.3765 6
      vertex 57.7792 38.409 4.5
    endloop
  endfacet
  facet normal -0.60687 0.363737 0.706685
    outer loop
      vertex 60.3787 39.4013 6
      vertex 61.6071 41.4508 6
      vertex 60.2842 42.1579 4.5
    endloop
  endfacet
  facet normal -0.606861 0.363741 0.706691
    outer loop
      vertex 59.1238 40.2219 4.5
      vertex 60.3787 39.4013 6
      vertex 60.2842 42.1579 4.5
    endloop
  endfacet
  facet normal -0.606259 0.364702 0.706713
    outer loop
      vertex 60.3787 39.4013 6
      vertex 59.1238 40.2219 4.5
      vertex 60.371 39.3885 6
    endloop
  endfacet
  facet normal -0.171944 0.686335 0.706667
    outer loop
      vertex 44.4871 30.4419 4.5
      vertex 44.7942 28.9744 6
      vertex 46.6765 30.9904 4.5
    endloop
  endfacet
  facet normal -0.170484 0.68667 0.706696
    outer loop
      vertex 44.7942 28.9744 6
      vertex 44.4871 30.4419 4.5
      vertex 44.7797 28.9708 6
    endloop
  endfacet
  facet normal -0.363737 0.60687 0.706685
    outer loop
      vertex 51.5492 31.3929 6
      vertex 53.5987 32.6213 6
      vertex 50.8421 32.7158 4.5
    endloop
  endfacet
  facet normal -0.238345 0.666175 0.706684
    outer loop
      vertex 47.112 29.555 6
      vertex 49.3617 30.3599 6
      vertex 46.6765 30.9904 4.5
    endloop
  endfacet
  facet normal -0.475164 0.524262 0.70666
    outer loop
      vertex 57.3241 35.6759 6
      vertex 56.2635 36.7365 4.5
      vertex 55.5537 34.0713 6
    endloop
  endfacet
  facet normal -0.524262 0.475164 0.70666
    outer loop
      vertex 57.3241 35.6759 6
      vertex 58.9287 37.4463 6
      vertex 56.2635 36.7365 4.5
    endloop
  endfacet
  facet normal 0.42148 0.568287 0.706686
    outer loop
      vertex 27.2219 33.8762 4.5
      vertex 26.3765 32.6379 6
      vertex 26.3885 32.629 6
    endloop
  endfacet
  facet normal 0.421486 0.568282 0.706686
    outer loop
      vertex 26.3765 32.6379 6
      vertex 27.2219 33.8762 4.5
      vertex 25.409 35.2208 4.5
    endloop
  endfacet
  facet normal 0.524266 0.475115 0.706691
    outer loop
      vertex 22.2208 38.409 4.5
      vertex 21.0713 37.4463 6
      vertex 23.7365 36.7365 4.5
    endloop
  endfacet
  facet normal 0.523332 0.476185 0.706662
    outer loop
      vertex 21.0713 37.4463 6
      vertex 22.2208 38.409 4.5
      vertex 21.0612 37.4574 6
    endloop
  endfacet
  facet normal 0.60687 0.363737 0.706685
    outer loop
      vertex 19.6213 39.4013 6
      vertex 19.7158 42.1579 4.5
      vertex 18.3929 41.4508 6
    endloop
  endfacet
  facet normal 0.686335 0.171944 0.706667
    outer loop
      vertex 17.4419 48.5129 4.5
      vertex 15.9744 48.2058 6
      vertex 17.9904 46.3235 4.5
    endloop
  endfacet
  facet normal 0.68667 0.170484 0.706696
    outer loop
      vertex 15.9744 48.2058 6
      vertex 17.4419 48.5129 4.5
      vertex 15.9708 48.2203 6
    endloop
  endfacet
  facet normal 0.297344 0.641886 0.706801
    outer loop
      vertex 31.1983 31.7508 4.5
      vertex 30.6107 30.3713 6
      vertex 30.6243 30.365 6
    endloop
  endfacet
  facet normal 0.30249 0.639587 0.706702
    outer loop
      vertex 30.6107 30.3713 6
      vertex 31.1983 31.7508 4.5
      vertex 29.1579 32.7158 4.5
    endloop
  endfacet
  facet normal 0.170484 0.68667 0.706696
    outer loop
      vertex 35.5129 30.4419 4.5
      vertex 35.2058 28.9744 6
      vertex 35.2203 28.9708 6
    endloop
  endfacet
  facet normal 0.171944 0.686335 0.706667
    outer loop
      vertex 35.2058 28.9744 6
      vertex 35.5129 30.4419 4.5
      vertex 33.3235 30.9904 4.5
    endloop
  endfacet
  facet normal 0.0347048 0.706681 0.706681
    outer loop
      vertex 40 28.5 6
      vertex 40 30 4.5
      vertex 37.6135 28.6172 6
    endloop
  endfacet
  facet normal -0.0347048 0.706681 0.706681
    outer loop
      vertex 42.3865 28.6172 6
      vertex 40 30 4.5
      vertex 40 28.5 6
    endloop
  endfacet
  facet normal -0.686326 0.171922 0.706682
    outer loop
      vertex 63.445 45.888 6
      vertex 64.0256 48.2058 6
      vertex 62.0096 46.3235 4.5
    endloop
  endfacet
  facet normal -0.666175 0.238345 0.706684
    outer loop
      vertex 62.6401 43.6383 6
      vertex 63.445 45.888 6
      vertex 62.0096 46.3235 4.5
    endloop
  endfacet
  facet normal -0.641886 0.297344 0.706801
    outer loop
      vertex 61.2492 44.1983 4.5
      vertex 62.6287 43.6107 6
      vertex 62.635 43.6243 6
    endloop
  endfacet
  facet normal -0.639587 0.30249 0.706702
    outer loop
      vertex 62.6287 43.6107 6
      vertex 61.2492 44.1983 4.5
      vertex 60.2842 42.1579 4.5
    endloop
  endfacet
  facet normal -0.103789 0.699875 0.706684
    outer loop
      vertex 42.2544 30.1108 4.5
      vertex 42.4162 28.6202 6
      vertex 44.4871 30.4419 4.5
    endloop
  endfacet
  facet normal -0.104031 0.699844 0.70668
    outer loop
      vertex 42.4162 28.6202 6
      vertex 42.2544 30.1108 4.5
      vertex 42.4014 28.618 6
    endloop
  endfacet
  facet normal -0.30249 0.639587 0.706702
    outer loop
      vertex 48.8017 31.7508 4.5
      vertex 49.3893 30.3713 6
      vertex 50.8421 32.7158 4.5
    endloop
  endfacet
  facet normal -0.297344 0.641886 0.706801
    outer loop
      vertex 49.3893 30.3713 6
      vertex 48.8017 31.7508 4.5
      vertex 49.3757 30.365 6
    endloop
  endfacet
  facet normal -0.421486 0.568282 0.706686
    outer loop
      vertex 52.7781 33.8762 4.5
      vertex 53.6235 32.6379 6
      vertex 54.591 35.2208 4.5
    endloop
  endfacet
  facet normal -0.42148 0.568287 0.706686
    outer loop
      vertex 53.6235 32.6379 6
      vertex 52.7781 33.8762 4.5
      vertex 53.6115 32.629 6
    endloop
  endfacet
  facet normal -0.364702 0.606259 0.706713
    outer loop
      vertex 52.7781 33.8762 4.5
      vertex 53.5987 32.6213 6
      vertex 53.6115 32.629 6
    endloop
  endfacet
  facet normal -0.363741 0.606861 0.706691
    outer loop
      vertex 53.5987 32.6213 6
      vertex 52.7781 33.8762 4.5
      vertex 50.8421 32.7158 4.5
    endloop
  endfacet
  facet normal -0.171922 0.686326 0.706682
    outer loop
      vertex 47.112 29.555 6
      vertex 46.6765 30.9904 4.5
      vertex 44.7942 28.9744 6
    endloop
  endfacet
  facet normal -0.302518 0.639593 0.706685
    outer loop
      vertex 51.5492 31.3929 6
      vertex 50.8421 32.7158 4.5
      vertex 49.3893 30.3713 6
    endloop
  endfacet
  facet normal 0.699894 0.103822 0.706661
    outer loop
      vertex 15.9708 48.2203 6
      vertex 17.4419 48.5129 4.5
      vertex 15.6202 50.5838 6
    endloop
  endfacet
  facet normal 0.476185 0.523332 0.706662
    outer loop
      vertex 25.409 35.2208 4.5
      vertex 24.4463 34.0713 6
      vertex 24.4574 34.0612 6
    endloop
  endfacet
  facet normal 0.475115 0.524266 0.706691
    outer loop
      vertex 24.4463 34.0713 6
      vertex 25.409 35.2208 4.5
      vertex 23.7365 36.7365 4.5
    endloop
  endfacet
  facet normal 0.606861 0.363741 0.706691
    outer loop
      vertex 19.6213 39.4013 6
      vertex 20.8762 40.2219 4.5
      vertex 19.7158 42.1579 4.5
    endloop
  endfacet
  facet normal 0.606259 0.364702 0.706713
    outer loop
      vertex 20.8762 40.2219 4.5
      vertex 19.6213 39.4013 6
      vertex 19.629 39.3885 6
    endloop
  endfacet
  facet normal 0.568282 0.421466 0.706698
    outer loop
      vertex 21.0612 37.4574 6
      vertex 22.2208 38.409 4.5
      vertex 19.6379 39.3765 6
    endloop
  endfacet
  facet normal 0.666161 0.238354 0.706694
    outer loop
      vertex 17.3599 43.6383 6
      vertex 18.7508 44.1983 4.5
      vertex 17.9904 46.3235 4.5
    endloop
  endfacet
  facet normal 0.664714 0.242146 0.706768
    outer loop
      vertex 18.7508 44.1983 4.5
      vertex 17.3599 43.6383 6
      vertex 17.365 43.6243 6
    endloop
  endfacet
  facet normal 0.302518 0.639593 0.706685
    outer loop
      vertex 30.6107 30.3713 6
      vertex 29.1579 32.7158 4.5
      vertex 28.4508 31.3929 6
    endloop
  endfacet
  facet normal 0.363751 0.606863 0.706685
    outer loop
      vertex 28.4508 31.3929 6
      vertex 29.1579 32.7158 4.5
      vertex 26.4014 32.6213 6
    endloop
  endfacet
  facet normal 0.104031 0.699844 0.70668
    outer loop
      vertex 37.7456 30.1108 4.5
      vertex 37.5838 28.6202 6
      vertex 37.5986 28.618 6
    endloop
  endfacet
  facet normal 0.103789 0.699875 0.706684
    outer loop
      vertex 37.5838 28.6202 6
      vertex 37.7456 30.1108 4.5
      vertex 35.5129 30.4419 4.5
    endloop
  endfacet
  facet normal 0.103822 0.699894 0.706661
    outer loop
      vertex 37.5838 28.6202 6
      vertex 35.5129 30.4419 4.5
      vertex 35.2203 28.9708 6
    endloop
  endfacet
  facet normal 0.706681 0.0347048 0.706681
    outer loop
      vertex 15.6172 50.6135 6
      vertex 17 53 4.5
      vertex 15.5 53 6
    endloop
  endfacet
  facet normal -0.568287 0.42148 0.706686
    outer loop
      vertex 59.1238 40.2219 4.5
      vertex 60.3621 39.3765 6
      vertex 60.371 39.3885 6
    endloop
  endfacet
  facet normal -0.568282 0.421486 0.706686
    outer loop
      vertex 60.3621 39.3765 6
      vertex 59.1238 40.2219 4.5
      vertex 57.7792 38.409 4.5
    endloop
  endfacet
  facet normal -0.242146 0.664714 0.706768
    outer loop
      vertex 48.8017 31.7508 4.5
      vertex 49.3617 30.3599 6
      vertex 49.3757 30.365 6
    endloop
  endfacet
  facet normal -0.238354 0.666161 0.706694
    outer loop
      vertex 49.3617 30.3599 6
      vertex 48.8017 31.7508 4.5
      vertex 46.6765 30.9904 4.5
    endloop
  endfacet
  facet normal 0.666175 0.238345 0.706684
    outer loop
      vertex 17.3599 43.6383 6
      vertex 17.9904 46.3235 4.5
      vertex 16.555 45.888 6
    endloop
  endfacet
  facet normal 0.686326 0.171922 0.706682
    outer loop
      vertex 16.555 45.888 6
      vertex 17.9904 46.3235 4.5
      vertex 15.9744 48.2058 6
    endloop
  endfacet
  facet normal 0.524262 0.475164 0.70666
    outer loop
      vertex 22.6759 35.6759 6
      vertex 23.7365 36.7365 4.5
      vertex 21.0713 37.4463 6
    endloop
  endfacet
  facet normal 0.475164 0.524262 0.70666
    outer loop
      vertex 24.4463 34.0713 6
      vertex 23.7365 36.7365 4.5
      vertex 22.6759 35.6759 6
    endloop
  endfacet
  facet normal 0.639593 0.302518 0.706685
    outer loop
      vertex 18.3929 41.4508 6
      vertex 19.7158 42.1579 4.5
      vertex 17.3713 43.6107 6
    endloop
  endfacet
  facet normal 0.639587 0.30249 0.706702
    outer loop
      vertex 18.7508 44.1983 4.5
      vertex 17.3713 43.6107 6
      vertex 19.7158 42.1579 4.5
    endloop
  endfacet
  facet normal 0.641886 0.297344 0.706801
    outer loop
      vertex 17.3713 43.6107 6
      vertex 18.7508 44.1983 4.5
      vertex 17.365 43.6243 6
    endloop
  endfacet
  facet normal 0.238354 0.666161 0.706694
    outer loop
      vertex 31.1983 31.7508 4.5
      vertex 30.6383 30.3599 6
      vertex 33.3235 30.9904 4.5
    endloop
  endfacet
  facet normal 0.242146 0.664714 0.706768
    outer loop
      vertex 30.6383 30.3599 6
      vertex 31.1983 31.7508 4.5
      vertex 30.6243 30.365 6
    endloop
  endfacet
  facet normal 0.568282 0.421486 0.706686
    outer loop
      vertex 20.8762 40.2219 4.5
      vertex 19.6379 39.3765 6
      vertex 22.2208 38.409 4.5
    endloop
  endfacet
  facet normal 0.568287 0.42148 0.706686
    outer loop
      vertex 19.6379 39.3765 6
      vertex 20.8762 40.2219 4.5
      vertex 19.629 39.3885 6
    endloop
  endfacet
  facet normal 0.706658 0.0347311 0.706702
    outer loop
      vertex 15.6172 50.6135 6
      vertex 17.1108 50.7456 4.5
      vertex 17 53 4.5
    endloop
  endfacet
  facet normal 0.706435 0.0379294 0.706761
    outer loop
      vertex 17.1108 50.7456 4.5
      vertex 15.6172 50.6135 6
      vertex 15.618 50.5986 6
    endloop
  endfacet
  facet normal 0.707138 -0 0.707075
    outer loop
      vertex 15.49 94.0199 6.01
      vertex 15.8284 98.8284 5.67157
      vertex 15.49 99.1273 6.01
    endloop
  endfacet
  facet normal 0.707109 4.12425e-06 0.707105
    outer loop
      vertex 15.8284 98.8284 5.67157
      vertex 15.49 94.0199 6.01
      vertex 15.5 94.01 6
    endloop
  endfacet
  facet normal 0.707062 6.77179e-05 0.707152
    outer loop
      vertex 15.5 94.01 6
      vertex 17 96 4.5
      vertex 16.9807 96.3921 4.51926
    endloop
  endfacet
  facet normal 0.707114 2.28761e-06 0.707099
    outer loop
      vertex 15.5 94.01 6
      vertex 16.9807 96.3921 4.51926
      vertex 16.9231 96.7804 4.57686
    endloop
  endfacet
  facet normal 0.707211 -9.65456e-05 0.707003
    outer loop
      vertex 15.5 94.01 6
      vertex 16.9231 96.7804 4.57686
      vertex 16.8278 97.1611 4.67224
    endloop
  endfacet
  facet normal 0.707027 5.79496e-05 0.707186
    outer loop
      vertex 15.5 94.01 6
      vertex 16.8278 97.1611 4.67224
      vertex 16.6955 97.5307 4.80448
    endloop
  endfacet
  facet normal 0.707158 -3.09722e-05 0.707055
    outer loop
      vertex 15.5 94.01 6
      vertex 16.6955 97.5307 4.80448
      vertex 16.5277 97.8856 4.97232
    endloop
  endfacet
  facet normal 0.707105 -2.52977e-06 0.707109
    outer loop
      vertex 15.5 94.01 6
      vertex 16.5277 97.8856 4.97232
      vertex 16.3259 98.2223 5.17412
    endloop
  endfacet
  facet normal 0.707033 2.54767e-05 0.70718
    outer loop
      vertex 15.5 94.01 6
      vertex 16.3259 98.2223 5.17412
      vertex 16.092 98.5376 5.40796
    endloop
  endfacet
  facet normal 0.707122 2.3942e-06 0.707092
    outer loop
      vertex 15.5 94.01 6
      vertex 16.092 98.5376 5.40796
      vertex 15.8284 98.8284 5.67157
    endloop
  endfacet
  facet normal 0.705544 -0.00359589 0.708657
    outer loop
      vertex 15.49 99.1273 6.01
      vertex 15.8284 98.8284 5.67157
      vertex 15.5376 99.092 5.96243
    endloop
  endfacet
  facet normal 0.707107 0 0.707107
    outer loop
      vertex 17 96 4.5
      vertex 15.5 94.01 6
      vertex 17 53 4.5
    endloop
  endfacet
  facet normal 0.707107 -0 0.707107
    outer loop
      vertex 15.5 53.2035 6
      vertex 17 53 4.5
      vertex 15.5 94.01 6
    endloop
  endfacet
  facet normal 0.707107 0 0.707107
    outer loop
      vertex 17 53 4.5
      vertex 15.5 53.2035 6
      vertex 15.5 53 6
    endloop
  endfacet
  facet normal 1 -0 0
    outer loop
      vertex 15.49 97 9
      vertex 15.49 99.1273 6.01
      vertex 15.49 99.1273 9
    endloop
  endfacet
  facet normal 1 0 0
    outer loop
      vertex 15.49 99.1273 6.01
      vertex 15.49 97 9
      vertex 15.49 94.0199 6.01
    endloop
  endfacet
  facet normal -1 0 0
    outer loop
      vertex 64.51 99.1273 6.01
      vertex 64.51 97 9
      vertex 64.51 99.1273 9
    endloop
  endfacet
  facet normal -1 0 -0
    outer loop
      vertex 64.51 97 9
      vertex 64.51 99.1273 6.01
      vertex 64.51 94.0199 6.01
    endloop
  endfacet
  facet normal -0.705544 -0.00359589 0.708657
    outer loop
      vertex 64.1716 98.8284 5.67157
      vertex 64.51 99.1273 6.01
      vertex 64.4624 99.092 5.96243
    endloop
  endfacet
  facet normal -0.707121 2.34191e-06 0.707092
    outer loop
      vertex 64.51 94.0199 6.01
      vertex 64.1716 98.8284 5.67157
      vertex 63.908 98.5376 5.40796
    endloop
  endfacet
  facet normal -0.707033 2.58e-05 0.70718
    outer loop
      vertex 64.51 94.0199 6.01
      vertex 63.908 98.5376 5.40796
      vertex 63.6741 98.2223 5.17412
    endloop
  endfacet
  facet normal -0.707118 -7.75964e-06 0.707096
    outer loop
      vertex 64.51 94.0199 6.01
      vertex 63.6741 98.2223 5.17412
      vertex 63.4723 97.8856 4.97231
    endloop
  endfacet
  facet normal -0.707146 -2.28117e-05 0.707068
    outer loop
      vertex 64.51 94.0199 6.01
      vertex 63.4723 97.8856 4.97231
      vertex 63.3045 97.5307 4.80448
    endloop
  endfacet
  facet normal -0.707028 5.82639e-05 0.707186
    outer loop
      vertex 64.51 94.0199 6.01
      vertex 63.3045 97.5307 4.80448
      vertex 63.1722 97.1611 4.67224
    endloop
  endfacet
  facet normal -0.70721 -9.69032e-05 0.707004
    outer loop
      vertex 64.51 94.0199 6.01
      vertex 63.1722 97.1611 4.67224
      vertex 63.0769 96.7804 4.57686
    endloop
  endfacet
  facet normal -0.707114 2.27702e-06 0.707099
    outer loop
      vertex 64.51 94.0199 6.01
      vertex 63.0769 96.7804 4.57686
      vertex 63.0193 96.3921 4.51926
    endloop
  endfacet
  facet normal -0.707062 6.77659e-05 0.707151
    outer loop
      vertex 64.51 94.0199 6.01
      vertex 63.0193 96.3921 4.51926
      vertex 63 96 4.5
    endloop
  endfacet
  facet normal -0.707138 0 0.707075
    outer loop
      vertex 64.1716 98.8284 5.67157
      vertex 64.51 94.0199 6.01
      vertex 64.51 99.1273 6.01
    endloop
  endfacet
  facet normal -0.707107 1.62657e-13 0.707107
    outer loop
      vertex 63 96 4.5
      vertex 64.5 94.01 6
      vertex 64.51 94.0199 6.01
    endloop
  endfacet
  facet normal -0.707107 0 0.707107
    outer loop
      vertex 63 53 4.5
      vertex 64.5 94.01 6
      vertex 63 96 4.5
    endloop
  endfacet
  facet normal -0.707107 0 0.707107
    outer loop
      vertex 64.5 94.01 6
      vertex 63 53 4.5
      vertex 64.5 53.2035 6
    endloop
  endfacet
  facet normal -0.707107 0 0.707107
    outer loop
      vertex 64.5 53.2035 6
      vertex 63 53 4.5
      vertex 64.5 53 6
    endloop
  endfacet
  facet normal 0.998791 0.0491626 0
    outer loop
      vertex 17 96 4.5
      vertex 16.9807 96.3921 0
      vertex 16.9807 96.3921 4.51926
    endloop
  endfacet
  facet normal 0.998791 0.0491626 0
    outer loop
      vertex 16.9807 96.3921 0
      vertex 17 96 4.5
      vertex 17 96 0
    endloop
  endfacet
  facet normal 0.671607 0.740908 0
    outer loop
      vertex 15.5376 99.092 0
      vertex 15.8284 98.8284 5.67157
      vertex 15.8284 98.8284 0
    endloop
  endfacet
  facet normal 0.671607 0.740908 0
    outer loop
      vertex 15.8284 98.8284 5.67157
      vertex 15.5376 99.092 0
      vertex 15.5376 99.092 5.96243
    endloop
  endfacet
  facet normal 0.904044 0.42744 0
    outer loop
      vertex 16.6955 97.5307 4.80448
      vertex 16.5277 97.8856 0
      vertex 16.5277 97.8856 4.97232
    endloop
  endfacet
  facet normal 0.904044 0.42744 0
    outer loop
      vertex 16.5277 97.8856 0
      vertex 16.6955 97.5307 4.80448
      vertex 16.6955 97.5307 0
    endloop
  endfacet
  facet normal 0.337014 0.9415 -0
    outer loop
      vertex 14.5307 99.6955 0
      vertex 14.1611 99.8278 9
      vertex 14.5307 99.6955 9
    endloop
  endfacet
  facet normal 0.337014 0.9415 0
    outer loop
      vertex 14.1611 99.8278 9
      vertex 14.5307 99.6955 0
      vertex 14.1611 99.8278 0
    endloop
  endfacet
  facet normal 0.514084 0.85774 -0
    outer loop
      vertex 15.2223 99.3259 0
      vertex 14.8856 99.5277 9
      vertex 15.2223 99.3259 9
    endloop
  endfacet
  facet normal 0.514084 0.85774 0
    outer loop
      vertex 14.8856 99.5277 9
      vertex 15.2223 99.3259 0
      vertex 14.8856 99.5277 0
    endloop
  endfacet
  facet normal 0.970068 0.242835 0
    outer loop
      vertex 16.9231 96.7804 4.57686
      vertex 16.8278 97.1611 0
      vertex 16.8278 97.1611 4.67224
    endloop
  endfacet
  facet normal 0.970068 0.242835 0
    outer loop
      vertex 16.8278 97.1611 0
      vertex 16.9231 96.7804 4.57686
      vertex 16.9231 96.7804 0
    endloop
  endfacet
  facet normal 0.989176 0.146733 0
    outer loop
      vertex 16.9807 96.3921 4.51926
      vertex 16.9231 96.7804 0
      vertex 16.9231 96.7804 4.57686
    endloop
  endfacet
  facet normal 0.989176 0.146733 0
    outer loop
      vertex 16.9231 96.7804 0
      vertex 16.9807 96.3921 4.51926
      vertex 16.9807 96.3921 0
    endloop
  endfacet
  facet normal 0.9415 0.337014 0
    outer loop
      vertex 16.8278 97.1611 4.67224
      vertex 16.6955 97.5307 0
      vertex 16.6955 97.5307 4.80448
    endloop
  endfacet
  facet normal 0.9415 0.337014 0
    outer loop
      vertex 16.6955 97.5307 0
      vertex 16.8278 97.1611 4.67224
      vertex 16.8278 97.1611 0
    endloop
  endfacet
  facet normal 0.803137 0.595794 0
    outer loop
      vertex 16.3259 98.2223 5.17412
      vertex 16.092 98.5376 0
      vertex 16.092 98.5376 5.40796
    endloop
  endfacet
  facet normal 0.803137 0.595794 0
    outer loop
      vertex 16.092 98.5376 0
      vertex 16.3259 98.2223 5.17412
      vertex 16.3259 98.2223 0
    endloop
  endfacet
  facet normal 0.740908 0.671607 0
    outer loop
      vertex 16.092 98.5376 5.40796
      vertex 15.8284 98.8284 0
      vertex 15.8284 98.8284 5.67157
    endloop
  endfacet
  facet normal 0.740908 0.671607 0
    outer loop
      vertex 15.8284 98.8284 0
      vertex 16.092 98.5376 5.40796
      vertex 16.092 98.5376 0
    endloop
  endfacet
  facet normal 0.85774 0.514084 0
    outer loop
      vertex 16.5277 97.8856 4.97232
      vertex 16.3259 98.2223 0
      vertex 16.3259 98.2223 5.17412
    endloop
  endfacet
  facet normal 0.85774 0.514084 0
    outer loop
      vertex 16.3259 98.2223 0
      vertex 16.5277 97.8856 4.97232
      vertex 16.5277 97.8856 0
    endloop
  endfacet
  facet normal 0.146733 0.989176 -0
    outer loop
      vertex 13.7804 99.9231 0
      vertex 13.3921 99.9807 9
      vertex 13.7804 99.9231 9
    endloop
  endfacet
  facet normal 0.146733 0.989176 0
    outer loop
      vertex 13.3921 99.9807 9
      vertex 13.7804 99.9231 0
      vertex 13.3921 99.9807 0
    endloop
  endfacet
  facet normal 0.242835 0.970068 -0
    outer loop
      vertex 14.1611 99.8278 0
      vertex 13.7804 99.9231 9
      vertex 14.1611 99.8278 9
    endloop
  endfacet
  facet normal 0.242835 0.970068 0
    outer loop
      vertex 13.7804 99.9231 9
      vertex 14.1611 99.8278 0
      vertex 13.7804 99.9231 0
    endloop
  endfacet
  facet normal 0.0491626 0.998791 -0
    outer loop
      vertex 13.3921 99.9807 0
      vertex 13 100 9
      vertex 13.3921 99.9807 9
    endloop
  endfacet
  facet normal 0.0491626 0.998791 0
    outer loop
      vertex 13 100 9
      vertex 13.3921 99.9807 0
      vertex 13 100 0
    endloop
  endfacet
  facet normal 0.42744 0.904044 -0
    outer loop
      vertex 14.8856 99.5277 0
      vertex 14.5307 99.6955 9
      vertex 14.8856 99.5277 9
    endloop
  endfacet
  facet normal 0.42744 0.904044 0
    outer loop
      vertex 14.5307 99.6955 9
      vertex 14.8856 99.5277 0
      vertex 14.5307 99.6955 0
    endloop
  endfacet
  facet normal 0.595816 0.803121 -0
    outer loop
      vertex 15.49 99.1273 6.01
      vertex 15.2223 99.3259 9
      vertex 15.49 99.1273 9
    endloop
  endfacet
  facet normal 0.595794 0.803137 0
    outer loop
      vertex 15.2223 99.3259 0
      vertex 15.5376 99.092 5.96243
      vertex 15.5376 99.092 0
    endloop
  endfacet
  facet normal 0.595678 0.803224 9.54265e-06
    outer loop
      vertex 15.5376 99.092 5.96243
      vertex 15.2223 99.3259 0
      vertex 15.49 99.1273 6.01
    endloop
  endfacet
  facet normal 0.595816 0.803121 0
    outer loop
      vertex 15.49 99.1273 6.01
      vertex 15.2223 99.3259 0
      vertex 15.2223 99.3259 9
    endloop
  endfacet
  facet normal -0.0491626 0.998791 0
    outer loop
      vertex 67 100 0
      vertex 66.6079 99.9807 9
      vertex 67 100 9
    endloop
  endfacet
  facet normal -0.0491626 0.998791 0
    outer loop
      vertex 66.6079 99.9807 9
      vertex 67 100 0
      vertex 66.6079 99.9807 0
    endloop
  endfacet
  facet normal -0.740908 0.671607 0
    outer loop
      vertex 63.908 98.5376 5.40796
      vertex 64.1716 98.8284 0
      vertex 63.908 98.5376 0
    endloop
  endfacet
  facet normal -0.740908 0.671607 0
    outer loop
      vertex 64.1716 98.8284 0
      vertex 63.908 98.5376 5.40796
      vertex 64.1716 98.8284 5.67157
    endloop
  endfacet
  facet normal -0.42744 0.904044 0
    outer loop
      vertex 65.4693 99.6955 0
      vertex 65.1144 99.5277 9
      vertex 65.4693 99.6955 9
    endloop
  endfacet
  facet normal -0.42744 0.904044 0
    outer loop
      vertex 65.1144 99.5277 9
      vertex 65.4693 99.6955 0
      vertex 65.1144 99.5277 0
    endloop
  endfacet
  facet normal -0.904044 0.42744 0
    outer loop
      vertex 63.3045 97.5307 4.80448
      vertex 63.4723 97.8856 0
      vertex 63.3045 97.5307 0
    endloop
  endfacet
  facet normal -0.904044 0.42744 0
    outer loop
      vertex 63.4723 97.8856 0
      vertex 63.3045 97.5307 4.80448
      vertex 63.4723 97.8856 4.97231
    endloop
  endfacet
  facet normal -0.85774 0.514084 0
    outer loop
      vertex 63.4723 97.8856 4.97231
      vertex 63.6741 98.2223 0
      vertex 63.4723 97.8856 0
    endloop
  endfacet
  facet normal -0.85774 0.514084 0
    outer loop
      vertex 63.6741 98.2223 0
      vertex 63.4723 97.8856 4.97231
      vertex 63.6741 98.2223 5.17412
    endloop
  endfacet
  facet normal -0.242835 0.970068 0
    outer loop
      vertex 66.2196 99.9231 0
      vertex 65.8389 99.8278 9
      vertex 66.2196 99.9231 9
    endloop
  endfacet
  facet normal -0.242835 0.970068 0
    outer loop
      vertex 65.8389 99.8278 9
      vertex 66.2196 99.9231 0
      vertex 65.8389 99.8278 0
    endloop
  endfacet
  facet normal -0.989176 0.146733 0
    outer loop
      vertex 63.0193 96.3921 4.51926
      vertex 63.0769 96.7804 0
      vertex 63.0193 96.3921 0
    endloop
  endfacet
  facet normal -0.989176 0.146733 0
    outer loop
      vertex 63.0769 96.7804 0
      vertex 63.0193 96.3921 4.51926
      vertex 63.0769 96.7804 4.57686
    endloop
  endfacet
  facet normal -0.9415 0.337014 0
    outer loop
      vertex 63.1722 97.1611 4.67224
      vertex 63.3045 97.5307 0
      vertex 63.1722 97.1611 0
    endloop
  endfacet
  facet normal -0.9415 0.337014 0
    outer loop
      vertex 63.3045 97.5307 0
      vertex 63.1722 97.1611 4.67224
      vertex 63.3045 97.5307 4.80448
    endloop
  endfacet
  facet normal -0.970068 0.242835 0
    outer loop
      vertex 63.0769 96.7804 4.57686
      vertex 63.1722 97.1611 0
      vertex 63.0769 96.7804 0
    endloop
  endfacet
  facet normal -0.970068 0.242835 0
    outer loop
      vertex 63.1722 97.1611 0
      vertex 63.0769 96.7804 4.57686
      vertex 63.1722 97.1611 4.67224
    endloop
  endfacet
  facet normal -0.998791 0.0491626 0
    outer loop
      vertex 63 96 4.5
      vertex 63.0193 96.3921 0
      vertex 63 96 0
    endloop
  endfacet
  facet normal -0.998791 0.0491626 0
    outer loop
      vertex 63.0193 96.3921 0
      vertex 63 96 4.5
      vertex 63.0193 96.3921 4.51926
    endloop
  endfacet
  facet normal -0.595816 0.803121 0
    outer loop
      vertex 64.7777 99.3259 9
      vertex 64.51 99.1273 6.01
      vertex 64.51 99.1273 9
    endloop
  endfacet
  facet normal -0.595816 0.803121 0
    outer loop
      vertex 64.7777 99.3259 0
      vertex 64.51 99.1273 6.01
      vertex 64.7777 99.3259 9
    endloop
  endfacet
  facet normal -0.595678 0.803224 9.54265e-06
    outer loop
      vertex 64.7777 99.3259 0
      vertex 64.4624 99.092 5.96243
      vertex 64.51 99.1273 6.01
    endloop
  endfacet
  facet normal -0.595794 0.803137 0
    outer loop
      vertex 64.4624 99.092 5.96243
      vertex 64.7777 99.3259 0
      vertex 64.4624 99.092 0
    endloop
  endfacet
  facet normal -0.146733 0.989176 0
    outer loop
      vertex 66.6079 99.9807 0
      vertex 66.2196 99.9231 9
      vertex 66.6079 99.9807 9
    endloop
  endfacet
  facet normal -0.146733 0.989176 0
    outer loop
      vertex 66.2196 99.9231 9
      vertex 66.6079 99.9807 0
      vertex 66.2196 99.9231 0
    endloop
  endfacet
  facet normal -0.803137 0.595794 0
    outer loop
      vertex 63.6741 98.2223 5.17412
      vertex 63.908 98.5376 0
      vertex 63.6741 98.2223 0
    endloop
  endfacet
  facet normal -0.803137 0.595794 0
    outer loop
      vertex 63.908 98.5376 0
      vertex 63.6741 98.2223 5.17412
      vertex 63.908 98.5376 5.40796
    endloop
  endfacet
  facet normal -0.671607 0.740908 0
    outer loop
      vertex 64.4624 99.092 0
      vertex 64.1716 98.8284 5.67157
      vertex 64.4624 99.092 5.96243
    endloop
  endfacet
  facet normal -0.671607 0.740908 0
    outer loop
      vertex 64.1716 98.8284 5.67157
      vertex 64.4624 99.092 0
      vertex 64.1716 98.8284 0
    endloop
  endfacet
  facet normal -0.514084 0.85774 0
    outer loop
      vertex 65.1144 99.5277 0
      vertex 64.7777 99.3259 9
      vertex 65.1144 99.5277 9
    endloop
  endfacet
  facet normal -0.514084 0.85774 0
    outer loop
      vertex 64.7777 99.3259 9
      vertex 65.1144 99.5277 0
      vertex 64.7777 99.3259 0
    endloop
  endfacet
  facet normal -0.337014 0.9415 0
    outer loop
      vertex 65.8389 99.8278 0
      vertex 65.4693 99.6955 9
      vertex 65.8389 99.8278 9
    endloop
  endfacet
  facet normal -0.337014 0.9415 0
    outer loop
      vertex 65.4693 99.6955 9
      vertex 65.8389 99.8278 0
      vertex 65.4693 99.6955 0
    endloop
  endfacet
  facet normal -0.998795 0 0.0490716
    outer loop
      vertex 12.687 0 59.7354
      vertex 12.7 3.4 60
      vertex 12.687 3.4 59.7354
    endloop
  endfacet
  facet normal -0.998795 0 0.0490716
    outer loop
      vertex 12.7 3.4 60
      vertex 12.687 0 59.7354
      vertex 12.7 0 60
    endloop
  endfacet
  facet normal 0.998795 -0 0.0490716
    outer loop
      vertex 7.3 0 60
      vertex 7.313 3.4 59.7354
      vertex 7.3 3.4 60
    endloop
  endfacet
  facet normal 0.998795 0 0.0490716
    outer loop
      vertex 7.313 3.4 59.7354
      vertex 7.3 0 60
      vertex 7.313 0 59.7354
    endloop
  endfacet
  facet normal -0.0490716 0 0.998795
    outer loop
      vertex 10 3.4 57.3
      vertex 10.2646 0 57.313
      vertex 10.2646 3.4 57.313
    endloop
  endfacet
  facet normal -0.0490716 0 0.998795
    outer loop
      vertex 10.2646 0 57.313
      vertex 10 3.4 57.3
      vertex 10 0 57.3
    endloop
  endfacet
  facet normal -0.740981 0 0.671526
    outer loop
      vertex 11.9092 0 58.0908
      vertex 12.0871 3.4 58.2871
      vertex 11.9092 3.4 58.0908
    endloop
  endfacet
  facet normal -0.740981 0 0.671526
    outer loop
      vertex 12.0871 3.4 58.2871
      vertex 11.9092 0 58.0908
      vertex 12.0871 0 58.2871
    endloop
  endfacet
  facet normal 0.67147 0 0.741032
    outer loop
      vertex 8.09081 3.4 58.0908
      vertex 8.28714 0 57.9129
      vertex 8.28714 3.4 57.9129
    endloop
  endfacet
  facet normal 0.67147 0 0.741032
    outer loop
      vertex 8.28714 0 57.9129
      vertex 8.09081 3.4 58.0908
      vertex 8.09081 0 58.0908
    endloop
  endfacet
  facet normal 0.336671 0 0.941622
    outer loop
      vertex 8.96675 3.4 57.5055
      vertex 9.21623 0 57.4163
      vertex 9.21623 3.4 57.4163
    endloop
  endfacet
  facet normal 0.336671 0 0.941622
    outer loop
      vertex 9.21623 0 57.4163
      vertex 8.96675 3.4 57.5055
      vertex 8.96675 0 57.5055
    endloop
  endfacet
  facet normal 0.970049 0 -0.242908
    outer loop
      vertex 7.41626 0 60.7838
      vertex 7.35188 3.4 60.5267
      vertex 7.41626 3.4 60.7838
    endloop
  endfacet
  facet normal 0.970049 0 -0.242908
    outer loop
      vertex 7.35188 3.4 60.5267
      vertex 7.41626 0 60.7838
      vertex 7.35188 0 60.5267
    endloop
  endfacet
  facet normal -0.941588 0 0.336767
    outer loop
      vertex 12.4945 0 58.9668
      vertex 12.5837 3.4 59.2162
      vertex 12.4945 3.4 58.9668
    endloop
  endfacet
  facet normal -0.941588 0 0.336767
    outer loop
      vertex 12.5837 3.4 59.2162
      vertex 12.4945 0 58.9668
      vertex 12.5837 0 59.2162
    endloop
  endfacet
  facet normal -0.989165 0 0.146809
    outer loop
      vertex 12.6481 0 59.4733
      vertex 12.687 3.4 59.7354
      vertex 12.6481 3.4 59.4733
    endloop
  endfacet
  facet normal -0.989165 0 0.146809
    outer loop
      vertex 12.687 3.4 59.7354
      vertex 12.6481 0 59.4733
      vertex 12.687 0 59.7354
    endloop
  endfacet
  facet normal -0.427486 0 0.904022
    outer loop
      vertex 11.0332 3.4 57.5055
      vertex 11.2728 0 57.6188
      vertex 11.2728 3.4 57.6188
    endloop
  endfacet
  facet normal -0.427486 0 0.904022
    outer loop
      vertex 11.2728 0 57.6188
      vertex 11.0332 3.4 57.5055
      vertex 11.0332 0 57.5055
    endloop
  endfacet
  facet normal 0.857659 -0 0.514218
    outer loop
      vertex 7.61881 0 58.7272
      vertex 7.75503 3.4 58.5
      vertex 7.61881 3.4 58.7272
    endloop
  endfacet
  facet normal 0.857659 0 0.514218
    outer loop
      vertex 7.75503 3.4 58.5
      vertex 7.61881 0 58.7272
      vertex 7.75503 0 58.5
    endloop
  endfacet
  facet normal 0.803311 -0 0.59556
    outer loop
      vertex 7.75503 0 58.5
      vertex 7.91287 3.4 58.2871
      vertex 7.75503 3.4 58.5
    endloop
  endfacet
  facet normal 0.803311 0 0.59556
    outer loop
      vertex 7.91287 3.4 58.2871
      vertex 7.75503 0 58.5
      vertex 7.91287 0 58.2871
    endloop
  endfacet
  facet normal 0.146814 0 0.989164
    outer loop
      vertex 9.47326 3.4 57.3519
      vertex 9.73535 0 57.313
      vertex 9.73535 3.4 57.313
    endloop
  endfacet
  facet normal 0.146814 0 0.989164
    outer loop
      vertex 9.73535 0 57.313
      vertex 9.47326 3.4 57.3519
      vertex 9.47326 0 57.3519
    endloop
  endfacet
  facet normal -0.857693 0 -0.514163
    outer loop
      vertex 12.3812 0 61.2728
      vertex 12.245 3.4 61.5
      vertex 12.3812 3.4 61.2728
    endloop
  endfacet
  facet normal -0.857693 -0 -0.514163
    outer loop
      vertex 12.245 3.4 61.5
      vertex 12.3812 0 61.2728
      vertex 12.245 0 61.5
    endloop
  endfacet
  facet normal -0.242979 0 -0.970031
    outer loop
      vertex 10.5267 0 62.6481
      vertex 10.7838 3.4 62.5837
      vertex 10.7838 0 62.5837
    endloop
  endfacet
  facet normal -0.242979 0 -0.970031
    outer loop
      vertex 10.7838 3.4 62.5837
      vertex 10.5267 0 62.6481
      vertex 10.5267 3.4 62.6481
    endloop
  endfacet
  facet normal -0.671526 0 -0.740981
    outer loop
      vertex 11.7129 0 62.0871
      vertex 11.9092 3.4 61.9092
      vertex 11.9092 0 61.9092
    endloop
  endfacet
  facet normal -0.671526 0 -0.740981
    outer loop
      vertex 11.9092 3.4 61.9092
      vertex 11.7129 0 62.0871
      vertex 11.7129 3.4 62.0871
    endloop
  endfacet
  facet normal -0.941588 0 -0.336767
    outer loop
      vertex 12.5837 0 60.7838
      vertex 12.4945 3.4 61.0332
      vertex 12.5837 3.4 60.7838
    endloop
  endfacet
  facet normal -0.941588 -0 -0.336767
    outer loop
      vertex 12.4945 3.4 61.0332
      vertex 12.5837 0 60.7838
      vertex 12.4945 0 61.0332
    endloop
  endfacet
  facet normal 0.336671 0 -0.941622
    outer loop
      vertex 8.96675 0 62.4945
      vertex 9.21623 3.4 62.5837
      vertex 9.21623 0 62.5837
    endloop
  endfacet
  facet normal 0.336671 0 -0.941622
    outer loop
      vertex 9.21623 3.4 62.5837
      vertex 8.96675 0 62.4945
      vertex 8.96675 3.4 62.4945
    endloop
  endfacet
  facet normal 0.740906 0 -0.671609
    outer loop
      vertex 8.09081 0 61.9092
      vertex 7.91287 3.4 61.7129
      vertex 8.09081 3.4 61.9092
    endloop
  endfacet
  facet normal 0.740906 0 -0.671609
    outer loop
      vertex 7.91287 3.4 61.7129
      vertex 8.09081 0 61.9092
      vertex 7.91287 0 61.7129
    endloop
  endfacet
  facet normal 0.803311 0 -0.59556
    outer loop
      vertex 7.91287 0 61.7129
      vertex 7.75503 3.4 61.5
      vertex 7.91287 3.4 61.7129
    endloop
  endfacet
  facet normal 0.803311 0 -0.59556
    outer loop
      vertex 7.75503 3.4 61.5
      vertex 7.91287 0 61.7129
      vertex 7.75503 0 61.5
    endloop
  endfacet
  facet normal -0.970031 0 0.242979
    outer loop
      vertex 12.5837 0 59.2162
      vertex 12.6481 3.4 59.4733
      vertex 12.5837 3.4 59.2162
    endloop
  endfacet
  facet normal -0.970031 0 0.242979
    outer loop
      vertex 12.6481 3.4 59.4733
      vertex 12.5837 0 59.2162
      vertex 12.6481 0 59.4733
    endloop
  endfacet
  facet normal -0.857693 0 0.514163
    outer loop
      vertex 12.245 0 58.5
      vertex 12.3812 3.4 58.7272
      vertex 12.245 3.4 58.5
    endloop
  endfacet
  facet normal -0.857693 0 0.514163
    outer loop
      vertex 12.3812 3.4 58.7272
      vertex 12.245 0 58.5
      vertex 12.3812 0 58.7272
    endloop
  endfacet
  facet normal -0.904022 0 0.427486
    outer loop
      vertex 12.3812 0 58.7272
      vertex 12.4945 3.4 58.9668
      vertex 12.3812 3.4 58.7272
    endloop
  endfacet
  facet normal -0.904022 0 0.427486
    outer loop
      vertex 12.4945 3.4 58.9668
      vertex 12.3812 0 58.7272
      vertex 12.4945 0 58.9668
    endloop
  endfacet
  facet normal -0.242979 0 0.970031
    outer loop
      vertex 10.5267 3.4 57.3519
      vertex 10.7838 0 57.4163
      vertex 10.7838 3.4 57.4163
    endloop
  endfacet
  facet normal -0.242979 0 0.970031
    outer loop
      vertex 10.7838 0 57.4163
      vertex 10.5267 3.4 57.3519
      vertex 10.5267 0 57.3519
    endloop
  endfacet
  facet normal -0.146809 0 0.989165
    outer loop
      vertex 10.2646 3.4 57.313
      vertex 10.5267 0 57.3519
      vertex 10.5267 3.4 57.3519
    endloop
  endfacet
  facet normal -0.146809 0 0.989165
    outer loop
      vertex 10.5267 0 57.3519
      vertex 10.2646 3.4 57.313
      vertex 10.2646 0 57.313
    endloop
  endfacet
  facet normal -0.595706 0 0.803203
    outer loop
      vertex 11.5 3.4 57.755
      vertex 11.7129 0 57.9129
      vertex 11.7129 3.4 57.9129
    endloop
  endfacet
  facet normal -0.595706 0 0.803203
    outer loop
      vertex 11.7129 0 57.9129
      vertex 11.5 3.4 57.755
      vertex 11.5 0 57.755
    endloop
  endfacet
  facet normal -0.671526 0 0.740981
    outer loop
      vertex 11.7129 3.4 57.9129
      vertex 11.9092 0 58.0908
      vertex 11.9092 3.4 58.0908
    endloop
  endfacet
  facet normal -0.671526 0 0.740981
    outer loop
      vertex 11.9092 0 58.0908
      vertex 11.7129 3.4 57.9129
      vertex 11.7129 0 57.9129
    endloop
  endfacet
  facet normal 0.970049 -0 0.242908
    outer loop
      vertex 7.35188 0 59.4733
      vertex 7.41626 3.4 59.2162
      vertex 7.35188 3.4 59.4733
    endloop
  endfacet
  facet normal 0.970049 0 0.242908
    outer loop
      vertex 7.41626 3.4 59.2162
      vertex 7.35188 0 59.4733
      vertex 7.41626 0 59.2162
    endloop
  endfacet
  facet normal 0.740906 -0 0.671609
    outer loop
      vertex 7.91287 0 58.2871
      vertex 8.09081 3.4 58.0908
      vertex 7.91287 3.4 58.2871
    endloop
  endfacet
  facet normal 0.740906 0 0.671609
    outer loop
      vertex 8.09081 3.4 58.0908
      vertex 7.91287 0 58.2871
      vertex 8.09081 0 58.0908
    endloop
  endfacet
  facet normal 0.904051 -0 0.427424
    outer loop
      vertex 7.50553 0 58.9668
      vertex 7.61881 3.4 58.7272
      vertex 7.50553 3.4 58.9668
    endloop
  endfacet
  facet normal 0.904051 0 0.427424
    outer loop
      vertex 7.61881 3.4 58.7272
      vertex 7.50553 0 58.9668
      vertex 7.61881 0 58.7272
    endloop
  endfacet
  facet normal 0.941504 -0 0.337001
    outer loop
      vertex 7.41626 0 59.2162
      vertex 7.50553 3.4 58.9668
      vertex 7.41626 3.4 59.2162
    endloop
  endfacet
  facet normal 0.941504 0 0.337001
    outer loop
      vertex 7.50553 3.4 58.9668
      vertex 7.41626 0 59.2162
      vertex 7.50553 0 58.9668
    endloop
  endfacet
  facet normal 0.989176 -0 0.146735
    outer loop
      vertex 7.313 0 59.7354
      vertex 7.35188 3.4 59.4733
      vertex 7.313 3.4 59.7354
    endloop
  endfacet
  facet normal 0.989176 0 0.146735
    outer loop
      vertex 7.35188 3.4 59.4733
      vertex 7.313 0 59.7354
      vertex 7.35188 0 59.4733
    endloop
  endfacet
  facet normal 0.427603 0 0.903967
    outer loop
      vertex 8.72723 3.4 57.6188
      vertex 8.96675 0 57.5055
      vertex 8.96675 3.4 57.5055
    endloop
  endfacet
  facet normal 0.427603 0 0.903967
    outer loop
      vertex 8.96675 0 57.5055
      vertex 8.72723 3.4 57.6188
      vertex 8.72723 0 57.6188
    endloop
  endfacet
  facet normal 0.514046 0 0.857763
    outer loop
      vertex 8.49996 3.4 57.755
      vertex 8.72723 0 57.6188
      vertex 8.72723 3.4 57.6188
    endloop
  endfacet
  facet normal 0.514046 0 0.857763
    outer loop
      vertex 8.72723 0 57.6188
      vertex 8.49996 3.4 57.755
      vertex 8.49996 0 57.755
    endloop
  endfacet
  facet normal 0.59585 0 0.803096
    outer loop
      vertex 8.28714 3.4 57.9129
      vertex 8.49996 0 57.755
      vertex 8.49996 3.4 57.755
    endloop
  endfacet
  facet normal 0.59585 0 0.803096
    outer loop
      vertex 8.49996 0 57.755
      vertex 8.28714 3.4 57.9129
      vertex 8.28714 0 57.9129
    endloop
  endfacet
  facet normal 0.243042 0 0.970016
    outer loop
      vertex 9.21623 3.4 57.4163
      vertex 9.47326 0 57.3519
      vertex 9.47326 3.4 57.3519
    endloop
  endfacet
  facet normal 0.243042 0 0.970016
    outer loop
      vertex 9.47326 0 57.3519
      vertex 9.21623 3.4 57.4163
      vertex 9.21623 0 57.4163
    endloop
  endfacet
  facet normal 0.0490623 0 0.998796
    outer loop
      vertex 9.73535 3.4 57.313
      vertex 10 0 57.3
      vertex 10 3.4 57.3
    endloop
  endfacet
  facet normal 0.0490623 0 0.998796
    outer loop
      vertex 10 0 57.3
      vertex 9.73535 3.4 57.313
      vertex 9.73535 0 57.313
    endloop
  endfacet
  facet normal -0.0490716 0 -0.998795
    outer loop
      vertex 10 0 62.7
      vertex 10.2646 3.4 62.687
      vertex 10.2646 0 62.687
    endloop
  endfacet
  facet normal -0.0490716 0 -0.998795
    outer loop
      vertex 10.2646 3.4 62.687
      vertex 10 0 62.7
      vertex 10 3.4 62.7
    endloop
  endfacet
  facet normal -0.427486 0 -0.904022
    outer loop
      vertex 11.0332 0 62.4945
      vertex 11.2728 3.4 62.3812
      vertex 11.2728 0 62.3812
    endloop
  endfacet
  facet normal -0.427486 0 -0.904022
    outer loop
      vertex 11.2728 3.4 62.3812
      vertex 11.0332 0 62.4945
      vertex 11.0332 3.4 62.4945
    endloop
  endfacet
  facet normal -0.595706 0 -0.803203
    outer loop
      vertex 11.5 0 62.245
      vertex 11.7129 3.4 62.0871
      vertex 11.7129 0 62.0871
    endloop
  endfacet
  facet normal -0.595706 0 -0.803203
    outer loop
      vertex 11.7129 3.4 62.0871
      vertex 11.5 0 62.245
      vertex 11.5 3.4 62.245
    endloop
  endfacet
  facet normal -0.740981 0 -0.671526
    outer loop
      vertex 12.0871 0 61.7129
      vertex 11.9092 3.4 61.9092
      vertex 12.0871 3.4 61.7129
    endloop
  endfacet
  facet normal -0.740981 -0 -0.671526
    outer loop
      vertex 11.9092 3.4 61.9092
      vertex 12.0871 0 61.7129
      vertex 11.9092 0 61.9092
    endloop
  endfacet
  facet normal -0.803203 0 -0.595706
    outer loop
      vertex 12.245 0 61.5
      vertex 12.0871 3.4 61.7129
      vertex 12.245 3.4 61.5
    endloop
  endfacet
  facet normal -0.803203 -0 -0.595706
    outer loop
      vertex 12.0871 3.4 61.7129
      vertex 12.245 0 61.5
      vertex 12.0871 0 61.7129
    endloop
  endfacet
  facet normal 0.67147 0 -0.741032
    outer loop
      vertex 8.09081 0 61.9092
      vertex 8.28714 3.4 62.0871
      vertex 8.28714 0 62.0871
    endloop
  endfacet
  facet normal 0.67147 0 -0.741032
    outer loop
      vertex 8.28714 3.4 62.0871
      vertex 8.09081 0 61.9092
      vertex 8.09081 3.4 61.9092
    endloop
  endfacet
  facet normal 0.59585 0 -0.803096
    outer loop
      vertex 8.28714 0 62.0871
      vertex 8.49996 3.4 62.245
      vertex 8.49996 0 62.245
    endloop
  endfacet
  facet normal 0.59585 0 -0.803096
    outer loop
      vertex 8.49996 3.4 62.245
      vertex 8.28714 0 62.0871
      vertex 8.28714 3.4 62.0871
    endloop
  endfacet
  facet normal 0.514046 0 -0.857763
    outer loop
      vertex 8.49996 0 62.245
      vertex 8.72723 3.4 62.3812
      vertex 8.72723 0 62.3812
    endloop
  endfacet
  facet normal 0.514046 0 -0.857763
    outer loop
      vertex 8.72723 3.4 62.3812
      vertex 8.49996 0 62.245
      vertex 8.49996 3.4 62.245
    endloop
  endfacet
  facet normal 0.146814 0 -0.989164
    outer loop
      vertex 9.47326 0 62.6481
      vertex 9.73535 3.4 62.687
      vertex 9.73535 0 62.687
    endloop
  endfacet
  facet normal 0.146814 0 -0.989164
    outer loop
      vertex 9.73535 3.4 62.687
      vertex 9.47326 0 62.6481
      vertex 9.47326 3.4 62.6481
    endloop
  endfacet
  facet normal 0.904051 0 -0.427424
    outer loop
      vertex 7.61881 0 61.2728
      vertex 7.50553 3.4 61.0332
      vertex 7.61881 3.4 61.2728
    endloop
  endfacet
  facet normal 0.904051 0 -0.427424
    outer loop
      vertex 7.50553 3.4 61.0332
      vertex 7.61881 0 61.2728
      vertex 7.50553 0 61.0332
    endloop
  endfacet
  facet normal 0.941504 0 -0.337001
    outer loop
      vertex 7.50553 0 61.0332
      vertex 7.41626 3.4 60.7838
      vertex 7.50553 3.4 61.0332
    endloop
  endfacet
  facet normal 0.941504 0 -0.337001
    outer loop
      vertex 7.41626 3.4 60.7838
      vertex 7.50553 0 61.0332
      vertex 7.41626 0 60.7838
    endloop
  endfacet
  facet normal 0.998795 0 -0.0490716
    outer loop
      vertex 7.313 0 60.2646
      vertex 7.3 3.4 60
      vertex 7.313 3.4 60.2646
    endloop
  endfacet
  facet normal 0.998795 0 -0.0490716
    outer loop
      vertex 7.3 3.4 60
      vertex 7.313 0 60.2646
      vertex 7.3 0 60
    endloop
  endfacet
  facet normal -0.803203 0 0.595706
    outer loop
      vertex 12.0871 0 58.2871
      vertex 12.245 3.4 58.5
      vertex 12.0871 3.4 58.2871
    endloop
  endfacet
  facet normal -0.803203 0 0.595706
    outer loop
      vertex 12.245 3.4 58.5
      vertex 12.0871 0 58.2871
      vertex 12.245 0 58.5
    endloop
  endfacet
  facet normal -0.336767 0 0.941588
    outer loop
      vertex 10.7838 3.4 57.4163
      vertex 11.0332 0 57.5055
      vertex 11.0332 3.4 57.5055
    endloop
  endfacet
  facet normal -0.336767 0 0.941588
    outer loop
      vertex 11.0332 0 57.5055
      vertex 10.7838 3.4 57.4163
      vertex 10.7838 0 57.4163
    endloop
  endfacet
  facet normal -0.514163 0 0.857693
    outer loop
      vertex 11.2728 3.4 57.6188
      vertex 11.5 0 57.755
      vertex 11.5 3.4 57.755
    endloop
  endfacet
  facet normal -0.514163 0 0.857693
    outer loop
      vertex 11.5 0 57.755
      vertex 11.2728 3.4 57.6188
      vertex 11.2728 0 57.6188
    endloop
  endfacet
  facet normal -0.998795 0 -0.0490716
    outer loop
      vertex 12.7 0 60
      vertex 12.687 3.4 60.2646
      vertex 12.7 3.4 60
    endloop
  endfacet
  facet normal -0.998795 -0 -0.0490716
    outer loop
      vertex 12.687 3.4 60.2646
      vertex 12.7 0 60
      vertex 12.687 0 60.2646
    endloop
  endfacet
  facet normal -0.146809 0 -0.989165
    outer loop
      vertex 10.2646 0 62.687
      vertex 10.5267 3.4 62.6481
      vertex 10.5267 0 62.6481
    endloop
  endfacet
  facet normal -0.146809 0 -0.989165
    outer loop
      vertex 10.5267 3.4 62.6481
      vertex 10.2646 0 62.687
      vertex 10.2646 3.4 62.687
    endloop
  endfacet
  facet normal -0.336767 0 -0.941588
    outer loop
      vertex 10.7838 0 62.5837
      vertex 11.0332 3.4 62.4945
      vertex 11.0332 0 62.4945
    endloop
  endfacet
  facet normal -0.336767 0 -0.941588
    outer loop
      vertex 11.0332 3.4 62.4945
      vertex 10.7838 0 62.5837
      vertex 10.7838 3.4 62.5837
    endloop
  endfacet
  facet normal -0.514163 0 -0.857693
    outer loop
      vertex 11.2728 0 62.3812
      vertex 11.5 3.4 62.245
      vertex 11.5 0 62.245
    endloop
  endfacet
  facet normal -0.514163 0 -0.857693
    outer loop
      vertex 11.5 3.4 62.245
      vertex 11.2728 0 62.3812
      vertex 11.2728 3.4 62.3812
    endloop
  endfacet
  facet normal -0.904022 0 -0.427486
    outer loop
      vertex 12.4945 0 61.0332
      vertex 12.3812 3.4 61.2728
      vertex 12.4945 3.4 61.0332
    endloop
  endfacet
  facet normal -0.904022 -0 -0.427486
    outer loop
      vertex 12.3812 3.4 61.2728
      vertex 12.4945 0 61.0332
      vertex 12.3812 0 61.2728
    endloop
  endfacet
  facet normal -0.970031 0 -0.242979
    outer loop
      vertex 12.6481 0 60.5267
      vertex 12.5837 3.4 60.7838
      vertex 12.6481 3.4 60.5267
    endloop
  endfacet
  facet normal -0.970031 -0 -0.242979
    outer loop
      vertex 12.5837 3.4 60.7838
      vertex 12.6481 0 60.5267
      vertex 12.5837 0 60.7838
    endloop
  endfacet
  facet normal -0.989165 0 -0.146809
    outer loop
      vertex 12.687 0 60.2646
      vertex 12.6481 3.4 60.5267
      vertex 12.687 3.4 60.2646
    endloop
  endfacet
  facet normal -0.989165 -0 -0.146809
    outer loop
      vertex 12.6481 3.4 60.5267
      vertex 12.687 0 60.2646
      vertex 12.6481 0 60.5267
    endloop
  endfacet
  facet normal 0.427603 0 -0.903967
    outer loop
      vertex 8.72723 0 62.3812
      vertex 8.96675 3.4 62.4945
      vertex 8.96675 0 62.4945
    endloop
  endfacet
  facet normal 0.427603 0 -0.903967
    outer loop
      vertex 8.96675 3.4 62.4945
      vertex 8.72723 0 62.3812
      vertex 8.72723 3.4 62.3812
    endloop
  endfacet
  facet normal 0.243042 0 -0.970016
    outer loop
      vertex 9.21623 0 62.5837
      vertex 9.47326 3.4 62.6481
      vertex 9.47326 0 62.6481
    endloop
  endfacet
  facet normal 0.243042 0 -0.970016
    outer loop
      vertex 9.47326 3.4 62.6481
      vertex 9.21623 0 62.5837
      vertex 9.21623 3.4 62.5837
    endloop
  endfacet
  facet normal 0.0490623 0 -0.998796
    outer loop
      vertex 9.73535 0 62.687
      vertex 10 3.4 62.7
      vertex 10 0 62.7
    endloop
  endfacet
  facet normal 0.0490623 0 -0.998796
    outer loop
      vertex 10 3.4 62.7
      vertex 9.73535 0 62.687
      vertex 9.73535 3.4 62.687
    endloop
  endfacet
  facet normal 0.857659 0 -0.514218
    outer loop
      vertex 7.75503 0 61.5
      vertex 7.61881 3.4 61.2728
      vertex 7.75503 3.4 61.5
    endloop
  endfacet
  facet normal 0.857659 0 -0.514218
    outer loop
      vertex 7.61881 3.4 61.2728
      vertex 7.75503 0 61.5
      vertex 7.61881 0 61.2728
    endloop
  endfacet
  facet normal 0.989176 0 -0.146735
    outer loop
      vertex 7.35188 0 60.5267
      vertex 7.313 3.4 60.2646
      vertex 7.35188 3.4 60.5267
    endloop
  endfacet
  facet normal 0.989176 0 -0.146735
    outer loop
      vertex 7.313 3.4 60.2646
      vertex 7.35188 0 60.5267
      vertex 7.313 0 60.2646
    endloop
  endfacet
  facet normal -0.524333 0.706682 -0.475053
    outer loop
      vertex 13.7477 6 63.7477
      vertex 14.0475 6 63.4168
      vertex 11.9092 3.4 61.9092
    endloop
  endfacet
  facet normal -0.706681 0.706681 0.0347003
    outer loop
      vertex 15.3 6 60
      vertex 15.2781 6 59.554
      vertex 12.7 3.4 60
    endloop
  endfacet
  facet normal -0.706685 0.706681 0.0346131
    outer loop
      vertex 12.687 3.4 59.7354
      vertex 15.2781 6 59.554
      vertex 15.2745 6 59.4805
    endloop
  endfacet
  facet normal -0.706679 0.706682 0.0347197
    outer loop
      vertex 15.2781 6 59.554
      vertex 12.687 3.4 59.7354
      vertex 12.7 3.4 60
    endloop
  endfacet
  facet normal -0.706679 0.706682 -0.0347197
    outer loop
      vertex 12.687 3.4 60.2646
      vertex 15.2781 6 60.446
      vertex 12.7 3.4 60
    endloop
  endfacet
  facet normal -0.706685 0.706681 -0.0346131
    outer loop
      vertex 15.2781 6 60.446
      vertex 12.687 3.4 60.2646
      vertex 15.2745 6 60.5195
    endloop
  endfacet
  facet normal 0.699874 0.706682 -0.103816
    outer loop
      vertex 4.79104 6 60.9612
      vertex 7.313 3.4 60.2646
      vertex 4.72552 6 60.5195
    endloop
  endfacet
  facet normal 0.10379 0.706684 0.699876
    outer loop
      vertex 9.73535 3.4 57.313
      vertex 9.48051 6 54.7255
      vertex 9.03883 6 54.791
    endloop
  endfacet
  facet normal -0.0347003 0.706681 -0.706681
    outer loop
      vertex 10 6 65.3
      vertex 10.446 6 65.2781
      vertex 10 3.4 62.7
    endloop
  endfacet
  facet normal 0.56837 0.706679 0.421379
    outer loop
      vertex 7.91287 3.4 58.2871
      vertex 5.8592 6 56.6968
      vertex 7.75503 3.4 58.5
    endloop
  endfacet
  facet normal 0.568257 0.706681 0.421529
    outer loop
      vertex 5.8592 6 56.6968
      vertex 7.91287 3.4 58.2871
      vertex 5.90304 6 56.6377
    endloop
  endfacet
  facet normal -0.666182 0.706682 -0.23833
    outer loop
      vertex 14.8966 6 62.0282
      vertex 15.047 6 61.6078
      vertex 12.4945 3.4 61.0332
    endloop
  endfacet
  facet normal 0.421581 0.706685 -0.568213
    outer loop
      vertex 8.28714 3.4 62.0871
      vertex 6.69683 6 64.1408
      vertex 8.49996 3.4 62.245
    endloop
  endfacet
  facet normal 0.421235 0.706681 -0.568475
    outer loop
      vertex 6.69683 6 64.1408
      vertex 8.28714 3.4 62.0871
      vertex 6.63772 6 64.097
    endloop
  endfacet
  facet normal 0.639535 0.706682 -0.302649
    outer loop
      vertex 7.61881 3.4 61.2728
      vertex 5.29435 6 62.4319
      vertex 5.32582 6 62.4984
    endloop
  endfacet
  facet normal 0.639647 0.706679 -0.302417
    outer loop
      vertex 5.29435 6 62.4319
      vertex 7.61881 3.4 61.2728
      vertex 7.50553 3.4 61.0332
    endloop
  endfacet
  facet normal 0.302541 0.706686 0.639582
    outer loop
      vertex 7.56813 6 55.2943
      vertex 8.72723 3.4 57.6188
      vertex 8.96675 3.4 57.5055
    endloop
  endfacet
  facet normal 0.30277 0.706688 0.63947
    outer loop
      vertex 8.72723 3.4 57.6188
      vertex 7.56813 6 55.2943
      vertex 7.5016 6 55.3258
    endloop
  endfacet
  facet normal -0.699875 0.706685 -0.103785
    outer loop
      vertex 15.209 6 60.9612
      vertex 15.2745 6 60.5195
      vertex 12.687 3.4 60.2646
    endloop
  endfacet
  facet normal -0.706681 0.706681 -0.0347003
    outer loop
      vertex 15.2781 6 60.446
      vertex 15.3 6 60
      vertex 12.7 3.4 60
    endloop
  endfacet
  facet normal -0.686315 0.70669 -0.171935
    outer loop
      vertex 15.0897 6 61.4671
      vertex 15.1982 6 61.034
      vertex 12.6481 3.4 60.5267
    endloop
  endfacet
  facet normal -0.606917 0.706677 -0.363675
    outer loop
      vertex 14.4068 6 62.9445
      vertex 14.6363 6 62.5615
      vertex 12.245 3.4 61.5
    endloop
  endfacet
  facet normal -0.568318 0.706681 -0.421446
    outer loop
      vertex 14.1408 6 63.3032
      vertex 14.4068 6 62.9445
      vertex 12.245 3.4 61.5
    endloop
  endfacet
  facet normal -0.639416 0.706689 -0.302881
    outer loop
      vertex 14.7057 6 62.4319
      vertex 12.3812 3.4 61.2728
      vertex 14.6742 6 62.4984
    endloop
  endfacet
  facet normal -0.639621 0.706685 -0.302459
    outer loop
      vertex 12.3812 3.4 61.2728
      vertex 14.7057 6 62.4319
      vertex 12.4945 3.4 61.0332
    endloop
  endfacet
  facet normal -0.63962 0.706685 -0.302461
    outer loop
      vertex 14.7057 6 62.4319
      vertex 14.8966 6 62.0282
      vertex 12.4945 3.4 61.0332
    endloop
  endfacet
  facet normal -0.302461 0.706685 -0.63962
    outer loop
      vertex 12.0282 6 64.8966
      vertex 12.4319 6 64.7057
      vertex 11.0332 3.4 62.4945
    endloop
  endfacet
  facet normal -0.421446 0.706681 -0.568318
    outer loop
      vertex 12.9445 6 64.4068
      vertex 13.3032 6 64.1408
      vertex 11.5 3.4 62.245
    endloop
  endfacet
  facet normal 0.238393 0.706687 -0.666155
    outer loop
      vertex 9.21623 3.4 62.5837
      vertex 8.39219 6 65.047
      vertex 8.46149 6 65.0718
    endloop
  endfacet
  facet normal 0.238203 0.706689 -0.666221
    outer loop
      vertex 8.39219 6 65.047
      vertex 9.21623 3.4 62.5837
      vertex 8.96675 3.4 62.4945
    endloop
  endfacet
  facet normal 0.171924 0.706688 -0.686319
    outer loop
      vertex 8.96602 6 65.1982
      vertex 9.47326 3.4 62.6481
      vertex 8.53289 6 65.0897
    endloop
  endfacet
  facet normal -0.421281 0.706681 0.568441
    outer loop
      vertex 13.3032 6 55.8592
      vertex 11.7129 3.4 57.9129
      vertex 13.3623 6 55.903
    endloop
  endfacet
  facet normal -0.42148 0.706683 0.56829
    outer loop
      vertex 11.7129 3.4 57.9129
      vertex 13.3032 6 55.8592
      vertex 11.5 3.4 57.755
    endloop
  endfacet
  facet normal 0.666148 0.706678 0.23844
    outer loop
      vertex 4.95301 6 58.3922
      vertex 7.41626 3.4 59.2162
      vertex 7.50553 3.4 58.9668
    endloop
  endfacet
  facet normal 0.666192 0.706679 0.23831
    outer loop
      vertex 7.41626 3.4 59.2162
      vertex 4.95301 6 58.3922
      vertex 4.92822 6 58.4615
    endloop
  endfacet
  facet normal 0.686326 0.706682 0.171922
    outer loop
      vertex 7.35188 3.4 59.4733
      vertex 4.91033 6 58.5329
      vertex 4.80184 6 58.966
    endloop
  endfacet
  facet normal -0.699864 0.70669 -0.103826
    outer loop
      vertex 15.209 6 60.9612
      vertex 12.6481 3.4 60.5267
      vertex 15.1982 6 61.034
    endloop
  endfacet
  facet normal -0.699857 0.70669 -0.10387
    outer loop
      vertex 12.6481 3.4 60.5267
      vertex 15.209 6 60.9612
      vertex 12.687 3.4 60.2646
    endloop
  endfacet
  facet normal -0.686285 0.70669 -0.172052
    outer loop
      vertex 15.0897 6 61.4671
      vertex 12.5837 3.4 60.7838
      vertex 15.0718 6 61.5385
    endloop
  endfacet
  facet normal -0.686321 0.706688 -0.171914
    outer loop
      vertex 12.5837 3.4 60.7838
      vertex 15.0897 6 61.4671
      vertex 12.6481 3.4 60.5267
    endloop
  endfacet
  facet normal -0.666157 0.706685 -0.238394
    outer loop
      vertex 12.5837 3.4 60.7838
      vertex 15.047 6 61.6078
      vertex 15.0718 6 61.5385
    endloop
  endfacet
  facet normal -0.666199 0.706686 -0.238272
    outer loop
      vertex 15.047 6 61.6078
      vertex 12.5837 3.4 60.7838
      vertex 12.4945 3.4 61.0332
    endloop
  endfacet
  facet normal -0.568441 0.706681 -0.421281
    outer loop
      vertex 14.1408 6 63.3032
      vertex 12.0871 3.4 61.7129
      vertex 14.097 6 63.3623
    endloop
  endfacet
  facet normal -0.56829 0.706683 -0.42148
    outer loop
      vertex 12.0871 3.4 61.7129
      vertex 14.1408 6 63.3032
      vertex 12.245 3.4 61.5
    endloop
  endfacet
  facet normal -0.523759 0.706667 -0.475708
    outer loop
      vertex 12.0871 3.4 61.7129
      vertex 14.0475 6 63.4168
      vertex 14.097 6 63.3623
    endloop
  endfacet
  facet normal -0.524272 0.706676 -0.47513
    outer loop
      vertex 14.0475 6 63.4168
      vertex 12.0871 3.4 61.7129
      vertex 11.9092 3.4 61.9092
    endloop
  endfacet
  facet normal -0.60655 0.706663 -0.364314
    outer loop
      vertex 12.3812 3.4 61.2728
      vertex 14.6363 6 62.5615
      vertex 14.6742 6 62.4984
    endloop
  endfacet
  facet normal -0.606856 0.706669 -0.363793
    outer loop
      vertex 14.6363 6 62.5615
      vertex 12.3812 3.4 61.2728
      vertex 12.245 3.4 61.5
    endloop
  endfacet
  facet normal -0.171935 0.70669 -0.686315
    outer loop
      vertex 11.034 6 65.1982
      vertex 11.4671 6 65.0897
      vertex 10.5267 3.4 62.6481
    endloop
  endfacet
  facet normal -0.238394 0.706685 -0.666157
    outer loop
      vertex 11.6078 6 65.047
      vertex 10.7838 3.4 62.5837
      vertex 11.5385 6 65.0718
    endloop
  endfacet
  facet normal -0.238272 0.706686 -0.666199
    outer loop
      vertex 10.7838 3.4 62.5837
      vertex 11.6078 6 65.047
      vertex 11.0332 3.4 62.4945
    endloop
  endfacet
  facet normal -0.23833 0.706682 -0.666182
    outer loop
      vertex 11.6078 6 65.047
      vertex 12.0282 6 64.8966
      vertex 11.0332 3.4 62.4945
    endloop
  endfacet
  facet normal -0.103826 0.70669 -0.699864
    outer loop
      vertex 10.5267 3.4 62.6481
      vertex 10.9612 6 65.209
      vertex 11.034 6 65.1982
    endloop
  endfacet
  facet normal -0.10387 0.70669 -0.699857
    outer loop
      vertex 10.9612 6 65.209
      vertex 10.5267 3.4 62.6481
      vertex 10.2646 3.4 62.687
    endloop
  endfacet
  facet normal -0.363675 0.706677 -0.606917
    outer loop
      vertex 12.5615 6 64.6363
      vertex 12.9445 6 64.4068
      vertex 11.5 3.4 62.245
    endloop
  endfacet
  facet normal -0.475708 0.706667 -0.523759
    outer loop
      vertex 13.4168 6 64.0475
      vertex 11.7129 3.4 62.0871
      vertex 13.3623 6 64.097
    endloop
  endfacet
  facet normal -0.47513 0.706676 -0.524272
    outer loop
      vertex 11.7129 3.4 62.0871
      vertex 13.4168 6 64.0475
      vertex 11.9092 3.4 61.9092
    endloop
  endfacet
  facet normal -0.475053 0.706682 -0.524333
    outer loop
      vertex 13.4168 6 64.0475
      vertex 13.7477 6 63.7477
      vertex 11.9092 3.4 61.9092
    endloop
  endfacet
  facet normal 0.686318 0.70668 -0.171964
    outer loop
      vertex 7.41626 3.4 60.7838
      vertex 4.91033 6 61.4671
      vertex 4.92822 6 61.5385
    endloop
  endfacet
  facet normal 0.686343 0.706679 -0.171866
    outer loop
      vertex 4.91033 6 61.4671
      vertex 7.41626 3.4 60.7838
      vertex 7.35188 3.4 60.5267
    endloop
  endfacet
  facet normal 0.524286 0.706681 -0.475106
    outer loop
      vertex 6.25233 6 63.7477
      vertex 8.09081 3.4 61.9092
      vertex 5.95247 6 63.4168
    endloop
  endfacet
  facet normal 0.568257 0.706681 -0.421529
    outer loop
      vertex 7.91287 3.4 61.7129
      vertex 5.8592 6 63.3032
      vertex 5.90304 6 63.3623
    endloop
  endfacet
  facet normal 0.56837 0.706679 -0.421379
    outer loop
      vertex 5.8592 6 63.3032
      vertex 7.91287 3.4 61.7129
      vertex 7.75503 3.4 61.5
    endloop
  endfacet
  facet normal 0.0347132 0.706682 -0.70668
    outer loop
      vertex 9.73535 3.4 62.687
      vertex 9.55402 6 65.2781
      vertex 10 3.4 62.7
    endloop
  endfacet
  facet normal 0.0346085 0.706681 -0.706686
    outer loop
      vertex 9.55402 6 65.2781
      vertex 9.73535 3.4 62.687
      vertex 9.48051 6 65.2745
    endloop
  endfacet
  facet normal 0.364184 0.706668 -0.606621
    outer loop
      vertex 8.72723 3.4 62.3812
      vertex 7.43847 6 64.6363
      vertex 7.5016 6 64.6742
    endloop
  endfacet
  facet normal 0.363708 0.706674 -0.6069
    outer loop
      vertex 7.43847 6 64.6363
      vertex 8.72723 3.4 62.3812
      vertex 8.49996 3.4 62.245
    endloop
  endfacet
  facet normal -0.238272 0.706686 0.666199
    outer loop
      vertex 11.6078 6 54.953
      vertex 10.7838 3.4 57.4163
      vertex 11.0332 3.4 57.5055
    endloop
  endfacet
  facet normal -0.238394 0.706685 0.666157
    outer loop
      vertex 10.7838 3.4 57.4163
      vertex 11.6078 6 54.953
      vertex 11.5385 6 54.9282
    endloop
  endfacet
  facet normal -0.171935 0.70669 0.686315
    outer loop
      vertex 11.4671 6 54.9103
      vertex 11.034 6 54.8018
      vertex 10.5267 3.4 57.3519
    endloop
  endfacet
  facet normal -0.60655 0.706663 0.364314
    outer loop
      vertex 14.6363 6 57.4385
      vertex 12.3812 3.4 58.7272
      vertex 14.6742 6 57.5016
    endloop
  endfacet
  facet normal -0.606856 0.706669 0.363793
    outer loop
      vertex 12.3812 3.4 58.7272
      vertex 14.6363 6 57.4385
      vertex 12.245 3.4 58.5
    endloop
  endfacet
  facet normal 0.171958 0.70669 0.686309
    outer loop
      vertex 8.53289 6 54.9103
      vertex 9.21623 3.4 57.4163
      vertex 9.47326 3.4 57.3519
    endloop
  endfacet
  facet normal 0.172052 0.706691 0.686284
    outer loop
      vertex 9.21623 3.4 57.4163
      vertex 8.53289 6 54.9103
      vertex 8.46149 6 54.9282
    endloop
  endfacet
  facet normal 0.475093 0.706681 0.524298
    outer loop
      vertex 8.09081 3.4 58.0908
      vertex 6.58318 6 55.9525
      vertex 6.25233 6 56.2523
    endloop
  endfacet
  facet normal 0.421581 0.706685 0.568213
    outer loop
      vertex 6.69683 6 55.8592
      vertex 8.28714 3.4 57.9129
      vertex 8.49996 3.4 57.755
    endloop
  endfacet
  facet normal 0.421235 0.706681 0.568475
    outer loop
      vertex 8.28714 3.4 57.9129
      vertex 6.69683 6 55.8592
      vertex 6.63772 6 55.903
    endloop
  endfacet
  facet normal 0.699873 0.706682 0.103819
    outer loop
      vertex 7.35188 3.4 59.4733
      vertex 4.79104 6 59.0388
      vertex 7.313 3.4 59.7354
    endloop
  endfacet
  facet normal 0.699872 0.706682 0.103827
    outer loop
      vertex 4.79104 6 59.0388
      vertex 7.35188 3.4 59.4733
      vertex 4.80184 6 58.966
    endloop
  endfacet
  facet normal -0.172052 0.70669 -0.686285
    outer loop
      vertex 10.7838 3.4 62.5837
      vertex 11.4671 6 65.0897
      vertex 11.5385 6 65.0718
    endloop
  endfacet
  facet normal -0.171914 0.706688 -0.686321
    outer loop
      vertex 11.4671 6 65.0897
      vertex 10.7838 3.4 62.5837
      vertex 10.5267 3.4 62.6481
    endloop
  endfacet
  facet normal -0.103785 0.706685 -0.699875
    outer loop
      vertex 10.5195 6 65.2745
      vertex 10.9612 6 65.209
      vertex 10.2646 3.4 62.687
    endloop
  endfacet
  facet normal -0.0346131 0.706681 -0.706685
    outer loop
      vertex 10.2646 3.4 62.687
      vertex 10.446 6 65.2781
      vertex 10.5195 6 65.2745
    endloop
  endfacet
  facet normal -0.0347197 0.706682 -0.706679
    outer loop
      vertex 10.446 6 65.2781
      vertex 10.2646 3.4 62.687
      vertex 10 3.4 62.7
    endloop
  endfacet
  facet normal -0.364314 0.706663 -0.60655
    outer loop
      vertex 12.5615 6 64.6363
      vertex 11.2728 3.4 62.3812
      vertex 12.4984 6 64.6742
    endloop
  endfacet
  facet normal -0.363793 0.706669 -0.606856
    outer loop
      vertex 11.2728 3.4 62.3812
      vertex 12.5615 6 64.6363
      vertex 11.5 3.4 62.245
    endloop
  endfacet
  facet normal -0.302881 0.706689 -0.639416
    outer loop
      vertex 11.2728 3.4 62.3812
      vertex 12.4319 6 64.7057
      vertex 12.4984 6 64.6742
    endloop
  endfacet
  facet normal -0.302459 0.706685 -0.639621
    outer loop
      vertex 12.4319 6 64.7057
      vertex 11.2728 3.4 62.3812
      vertex 11.0332 3.4 62.4945
    endloop
  endfacet
  facet normal -0.421281 0.706681 -0.568441
    outer loop
      vertex 11.7129 3.4 62.0871
      vertex 13.3032 6 64.1408
      vertex 13.3623 6 64.097
    endloop
  endfacet
  facet normal -0.42148 0.706683 -0.56829
    outer loop
      vertex 13.3032 6 64.1408
      vertex 11.7129 3.4 62.0871
      vertex 11.5 3.4 62.245
    endloop
  endfacet
  facet normal 0.686326 0.706682 -0.171922
    outer loop
      vertex 4.91033 6 61.4671
      vertex 7.35188 3.4 60.5267
      vertex 4.80184 6 61.034
    endloop
  endfacet
  facet normal 0.699872 0.706682 -0.103827
    outer loop
      vertex 7.35188 3.4 60.5267
      vertex 4.79104 6 60.9612
      vertex 4.80184 6 61.034
    endloop
  endfacet
  facet normal 0.699873 0.706682 -0.103819
    outer loop
      vertex 4.79104 6 60.9612
      vertex 7.35188 3.4 60.5267
      vertex 7.313 3.4 60.2646
    endloop
  endfacet
  facet normal 0.475093 0.706681 -0.524298
    outer loop
      vertex 6.58318 6 64.0475
      vertex 8.09081 3.4 61.9092
      vertex 6.25233 6 63.7477
    endloop
  endfacet
  facet normal 0.606878 0.706681 -0.363731
    outer loop
      vertex 5.59321 6 62.9445
      vertex 7.75503 3.4 61.5
      vertex 5.36366 6 62.5615
    endloop
  endfacet
  facet normal 0.666167 0.706682 -0.238372
    outer loop
      vertex 5.10344 6 62.0282
      vertex 7.50553 3.4 61.0332
      vertex 4.95301 6 61.6078
    endloop
  endfacet
  facet normal 0.639616 0.706683 -0.302475
    outer loop
      vertex 5.29435 6 62.4319
      vertex 7.50553 3.4 61.0332
      vertex 5.10344 6 62.0282
    endloop
  endfacet
  facet normal 0.363682 0.706676 -0.606914
    outer loop
      vertex 7.43847 6 64.6363
      vertex 8.49996 3.4 62.245
      vertex 7.05548 6 64.4068
    endloop
  endfacet
  facet normal 0.421486 0.706678 -0.568293
    outer loop
      vertex 7.05548 6 64.4068
      vertex 8.49996 3.4 62.245
      vertex 6.69683 6 64.1408
    endloop
  endfacet
  facet normal 0.10379 0.706684 -0.699876
    outer loop
      vertex 9.48051 6 65.2745
      vertex 9.73535 3.4 62.687
      vertex 9.03883 6 65.209
    endloop
  endfacet
  facet normal 0.0347018 0.706681 -0.706681
    outer loop
      vertex 10 6 65.3
      vertex 10 3.4 62.7
      vertex 9.55402 6 65.2781
    endloop
  endfacet
  facet normal 0.171958 0.70669 -0.686309
    outer loop
      vertex 9.21623 3.4 62.5837
      vertex 8.53289 6 65.0897
      vertex 9.47326 3.4 62.6481
    endloop
  endfacet
  facet normal 0.172052 0.706691 -0.686284
    outer loop
      vertex 8.53289 6 65.0897
      vertex 9.21623 3.4 62.5837
      vertex 8.46149 6 65.0718
    endloop
  endfacet
  facet normal 0.302493 0.706682 -0.639608
    outer loop
      vertex 7.97178 6 64.8966
      vertex 8.96675 3.4 62.4945
      vertex 7.56813 6 64.7057
    endloop
  endfacet
  facet normal 0.238325 0.706681 -0.666185
    outer loop
      vertex 8.39219 6 65.047
      vertex 8.96675 3.4 62.4945
      vertex 7.97178 6 64.8966
    endloop
  endfacet
  facet normal -0.103826 0.70669 0.699864
    outer loop
      vertex 10.9612 6 54.791
      vertex 10.5267 3.4 57.3519
      vertex 11.034 6 54.8018
    endloop
  endfacet
  facet normal -0.10387 0.70669 0.699857
    outer loop
      vertex 10.5267 3.4 57.3519
      vertex 10.9612 6 54.791
      vertex 10.2646 3.4 57.313
    endloop
  endfacet
  facet normal -0.523759 0.706667 0.475708
    outer loop
      vertex 14.0475 6 56.5832
      vertex 12.0871 3.4 58.2871
      vertex 14.097 6 56.6377
    endloop
  endfacet
  facet normal -0.524272 0.706676 0.47513
    outer loop
      vertex 12.0871 3.4 58.2871
      vertex 14.0475 6 56.5832
      vertex 11.9092 3.4 58.0908
    endloop
  endfacet
  facet normal -0.63962 0.706685 0.302461
    outer loop
      vertex 14.8966 6 57.9718
      vertex 14.7057 6 57.5681
      vertex 12.4945 3.4 58.9668
    endloop
  endfacet
  facet normal -0.686321 0.706688 0.171914
    outer loop
      vertex 15.0897 6 58.5329
      vertex 12.5837 3.4 59.2162
      vertex 12.6481 3.4 59.4733
    endloop
  endfacet
  facet normal -0.686285 0.70669 0.172052
    outer loop
      vertex 12.5837 3.4 59.2162
      vertex 15.0897 6 58.5329
      vertex 15.0718 6 58.4615
    endloop
  endfacet
  facet normal -0.699875 0.706685 0.103785
    outer loop
      vertex 15.2745 6 59.4805
      vertex 15.209 6 59.0388
      vertex 12.687 3.4 59.7354
    endloop
  endfacet
  facet normal 0.171924 0.706688 0.686319
    outer loop
      vertex 9.47326 3.4 57.3519
      vertex 8.96602 6 54.8018
      vertex 8.53289 6 54.9103
    endloop
  endfacet
  facet normal 0.103874 0.706689 0.699858
    outer loop
      vertex 9.03883 6 54.791
      vertex 9.47326 3.4 57.3519
      vertex 9.73535 3.4 57.313
    endloop
  endfacet
  facet normal 0.103812 0.706688 0.699868
    outer loop
      vertex 9.47326 3.4 57.3519
      vertex 9.03883 6 54.791
      vertex 8.96602 6 54.8018
    endloop
  endfacet
  facet normal 0.524286 0.706681 0.475106
    outer loop
      vertex 8.09081 3.4 58.0908
      vertex 6.25233 6 56.2523
      vertex 5.95247 6 56.5832
    endloop
  endfacet
  facet normal 0.363682 0.706676 0.606914
    outer loop
      vertex 8.49996 3.4 57.755
      vertex 7.43847 6 55.3637
      vertex 7.05548 6 55.5932
    endloop
  endfacet
  facet normal 0.238325 0.706681 0.666185
    outer loop
      vertex 8.96675 3.4 57.5055
      vertex 8.39219 6 54.953
      vertex 7.97178 6 55.1034
    endloop
  endfacet
  facet normal 0.302493 0.706682 0.639608
    outer loop
      vertex 8.96675 3.4 57.5055
      vertex 7.97178 6 55.1034
      vertex 7.56813 6 55.2943
    endloop
  endfacet
  facet normal 0.606878 0.706681 0.363731
    outer loop
      vertex 7.75503 3.4 58.5
      vertex 5.59321 6 57.0555
      vertex 5.36366 6 57.4385
    endloop
  endfacet
  facet normal 0.568324 0.706683 0.421434
    outer loop
      vertex 7.75503 3.4 58.5
      vertex 5.8592 6 56.6968
      vertex 5.59321 6 57.0555
    endloop
  endfacet
  facet normal 0.706681 0.706681 -0.0347091
    outer loop
      vertex 7.313 3.4 60.2646
      vertex 4.72191 6 60.446
      vertex 4.72552 6 60.5195
    endloop
  endfacet
  facet normal 0.70668 0.706681 -0.0347197
    outer loop
      vertex 4.72191 6 60.446
      vertex 7.313 3.4 60.2646
      vertex 7.3 3.4 60
    endloop
  endfacet
  facet normal 0.686343 0.706679 0.171866
    outer loop
      vertex 7.41626 3.4 59.2162
      vertex 4.91033 6 58.5329
      vertex 7.35188 3.4 59.4733
    endloop
  endfacet
  facet normal 0.686318 0.70668 0.171964
    outer loop
      vertex 4.91033 6 58.5329
      vertex 7.41626 3.4 59.2162
      vertex 4.92822 6 58.4615
    endloop
  endfacet
  facet normal 0.639616 0.706683 0.302475
    outer loop
      vertex 7.50553 3.4 58.9668
      vertex 5.29435 6 57.5681
      vertex 5.10344 6 57.9718
    endloop
  endfacet
  facet normal 0.666167 0.706682 0.238372
    outer loop
      vertex 7.50553 3.4 58.9668
      vertex 5.10344 6 57.9718
      vertex 4.95301 6 58.3922
    endloop
  endfacet
  facet normal 0.666148 0.706678 -0.23844
    outer loop
      vertex 7.41626 3.4 60.7838
      vertex 4.95301 6 61.6078
      vertex 7.50553 3.4 61.0332
    endloop
  endfacet
  facet normal 0.666192 0.706679 -0.23831
    outer loop
      vertex 4.95301 6 61.6078
      vertex 7.41626 3.4 60.7838
      vertex 4.92822 6 61.5385
    endloop
  endfacet
  facet normal 0.606827 0.706674 -0.363829
    outer loop
      vertex 7.61881 3.4 61.2728
      vertex 5.36366 6 62.5615
      vertex 7.75503 3.4 61.5
    endloop
  endfacet
  facet normal 0.606795 0.706674 -0.363885
    outer loop
      vertex 5.36366 6 62.5615
      vertex 7.61881 3.4 61.2728
      vertex 5.32582 6 62.4984
    endloop
  endfacet
  facet normal 0.475511 0.706676 -0.523926
    outer loop
      vertex 8.28714 3.4 62.0871
      vertex 6.58318 6 64.0475
      vertex 6.63772 6 64.097
    endloop
  endfacet
  facet normal 0.475086 0.706682 -0.524304
    outer loop
      vertex 6.58318 6 64.0475
      vertex 8.28714 3.4 62.0871
      vertex 8.09081 3.4 61.9092
    endloop
  endfacet
  facet normal 0.568324 0.706683 -0.421434
    outer loop
      vertex 5.8592 6 63.3032
      vertex 7.75503 3.4 61.5
      vertex 5.59321 6 62.9445
    endloop
  endfacet
  facet normal 0.302541 0.706686 -0.639582
    outer loop
      vertex 8.72723 3.4 62.3812
      vertex 7.56813 6 64.7057
      vertex 8.96675 3.4 62.4945
    endloop
  endfacet
  facet normal 0.30277 0.706688 -0.63947
    outer loop
      vertex 7.56813 6 64.7057
      vertex 8.72723 3.4 62.3812
      vertex 7.5016 6 64.6742
    endloop
  endfacet
  facet normal 0.103874 0.706689 -0.699858
    outer loop
      vertex 9.47326 3.4 62.6481
      vertex 9.03883 6 65.209
      vertex 9.73535 3.4 62.687
    endloop
  endfacet
  facet normal 0.103812 0.706688 -0.699868
    outer loop
      vertex 9.03883 6 65.209
      vertex 9.47326 3.4 62.6481
      vertex 8.96602 6 65.1982
    endloop
  endfacet
  facet normal -0.363675 0.706677 0.606917
    outer loop
      vertex 12.9445 6 55.5932
      vertex 12.5615 6 55.3637
      vertex 11.5 3.4 57.755
    endloop
  endfacet
  facet normal -0.421446 0.706681 0.568318
    outer loop
      vertex 13.3032 6 55.8592
      vertex 12.9445 6 55.5932
      vertex 11.5 3.4 57.755
    endloop
  endfacet
  facet normal 0.0347132 0.706682 0.70668
    outer loop
      vertex 9.55402 6 54.7219
      vertex 9.73535 3.4 57.313
      vertex 10 3.4 57.3
    endloop
  endfacet
  facet normal 0.0346085 0.706681 0.706686
    outer loop
      vertex 9.73535 3.4 57.313
      vertex 9.55402 6 54.7219
      vertex 9.48051 6 54.7255
    endloop
  endfacet
  facet normal -0.172052 0.70669 0.686285
    outer loop
      vertex 11.4671 6 54.9103
      vertex 10.7838 3.4 57.4163
      vertex 11.5385 6 54.9282
    endloop
  endfacet
  facet normal -0.171914 0.706688 0.686321
    outer loop
      vertex 10.7838 3.4 57.4163
      vertex 11.4671 6 54.9103
      vertex 10.5267 3.4 57.3519
    endloop
  endfacet
  facet normal -0.302461 0.706685 0.63962
    outer loop
      vertex 12.4319 6 55.2943
      vertex 12.0282 6 55.1034
      vertex 11.0332 3.4 57.5055
    endloop
  endfacet
  facet normal -0.23833 0.706682 0.666182
    outer loop
      vertex 12.0282 6 55.1034
      vertex 11.6078 6 54.953
      vertex 11.0332 3.4 57.5055
    endloop
  endfacet
  facet normal -0.47513 0.706676 0.524272
    outer loop
      vertex 13.4168 6 55.9525
      vertex 11.7129 3.4 57.9129
      vertex 11.9092 3.4 58.0908
    endloop
  endfacet
  facet normal -0.475708 0.706667 0.523759
    outer loop
      vertex 11.7129 3.4 57.9129
      vertex 13.4168 6 55.9525
      vertex 13.3623 6 55.903
    endloop
  endfacet
  facet normal -0.666182 0.706682 0.23833
    outer loop
      vertex 15.047 6 58.3922
      vertex 14.8966 6 57.9718
      vertex 12.4945 3.4 58.9668
    endloop
  endfacet
  facet normal -0.666157 0.706685 0.238394
    outer loop
      vertex 15.047 6 58.3922
      vertex 12.5837 3.4 59.2162
      vertex 15.0718 6 58.4615
    endloop
  endfacet
  facet normal -0.666199 0.706686 0.238272
    outer loop
      vertex 12.5837 3.4 59.2162
      vertex 15.047 6 58.3922
      vertex 12.4945 3.4 58.9668
    endloop
  endfacet
  facet normal -0.686315 0.70669 0.171935
    outer loop
      vertex 15.1982 6 58.966
      vertex 15.0897 6 58.5329
      vertex 12.6481 3.4 59.4733
    endloop
  endfacet
  facet normal -0.699857 0.70669 0.10387
    outer loop
      vertex 15.209 6 59.0388
      vertex 12.6481 3.4 59.4733
      vertex 12.687 3.4 59.7354
    endloop
  endfacet
  facet normal -0.699864 0.70669 0.103826
    outer loop
      vertex 12.6481 3.4 59.4733
      vertex 15.209 6 59.0388
      vertex 15.1982 6 58.966
    endloop
  endfacet
  facet normal 0.238203 0.706689 0.666221
    outer loop
      vertex 9.21623 3.4 57.4163
      vertex 8.39219 6 54.953
      vertex 8.96675 3.4 57.5055
    endloop
  endfacet
  facet normal 0.238393 0.706687 0.666155
    outer loop
      vertex 8.39219 6 54.953
      vertex 9.21623 3.4 57.4163
      vertex 8.46149 6 54.9282
    endloop
  endfacet
  facet normal 0.363708 0.706674 0.6069
    outer loop
      vertex 8.72723 3.4 57.6188
      vertex 7.43847 6 55.3637
      vertex 8.49996 3.4 57.755
    endloop
  endfacet
  facet normal 0.364184 0.706668 0.606621
    outer loop
      vertex 7.43847 6 55.3637
      vertex 8.72723 3.4 57.6188
      vertex 7.5016 6 55.3258
    endloop
  endfacet
  facet normal 0.524219 0.706675 0.475189
    outer loop
      vertex 5.95247 6 56.5832
      vertex 7.91287 3.4 58.2871
      vertex 8.09081 3.4 58.0908
    endloop
  endfacet
  facet normal 0.52409 0.706673 0.475335
    outer loop
      vertex 7.91287 3.4 58.2871
      vertex 5.95247 6 56.5832
      vertex 5.90304 6 56.6377
    endloop
  endfacet
  facet normal 0.421486 0.706678 0.568293
    outer loop
      vertex 8.49996 3.4 57.755
      vertex 7.05548 6 55.5932
      vertex 6.69683 6 55.8592
    endloop
  endfacet
  facet normal 0.639647 0.706679 0.302417
    outer loop
      vertex 7.61881 3.4 58.7272
      vertex 5.29435 6 57.5681
      vertex 7.50553 3.4 58.9668
    endloop
  endfacet
  facet normal 0.639535 0.706682 0.302649
    outer loop
      vertex 5.29435 6 57.5681
      vertex 7.61881 3.4 58.7272
      vertex 5.32582 6 57.5016
    endloop
  endfacet
  facet normal 0.606827 0.706674 0.363829
    outer loop
      vertex 5.36366 6 57.4385
      vertex 7.61881 3.4 58.7272
      vertex 7.75503 3.4 58.5
    endloop
  endfacet
  facet normal 0.606795 0.706674 0.363885
    outer loop
      vertex 7.61881 3.4 58.7272
      vertex 5.36366 6 57.4385
      vertex 5.32582 6 57.5016
    endloop
  endfacet
  facet normal 0.706681 0.706681 0.0347161
    outer loop
      vertex 7.3 3.4 60
      vertex 4.72191 6 59.554
      vertex 4.7 6 60
    endloop
  endfacet
  facet normal 0.706681 0.706681 -0.0347161
    outer loop
      vertex 4.72191 6 60.446
      vertex 7.3 3.4 60
      vertex 4.7 6 60
    endloop
  endfacet
  facet normal 0.70668 0.706681 0.0347197
    outer loop
      vertex 7.313 3.4 59.7354
      vertex 4.72191 6 59.554
      vertex 7.3 3.4 60
    endloop
  endfacet
  facet normal 0.706681 0.706681 0.0347091
    outer loop
      vertex 4.72191 6 59.554
      vertex 7.313 3.4 59.7354
      vertex 4.72552 6 59.4805
    endloop
  endfacet
  facet normal 0.699874 0.706682 0.103816
    outer loop
      vertex 7.313 3.4 59.7354
      vertex 4.79104 6 59.0388
      vertex 4.72552 6 59.4805
    endloop
  endfacet
  facet normal 0.524219 0.706675 -0.475189
    outer loop
      vertex 7.91287 3.4 61.7129
      vertex 5.95247 6 63.4168
      vertex 8.09081 3.4 61.9092
    endloop
  endfacet
  facet normal 0.52409 0.706673 -0.475335
    outer loop
      vertex 5.95247 6 63.4168
      vertex 7.91287 3.4 61.7129
      vertex 5.90304 6 63.3623
    endloop
  endfacet
  facet normal -0.302881 0.706689 0.639416
    outer loop
      vertex 12.4319 6 55.2943
      vertex 11.2728 3.4 57.6188
      vertex 12.4984 6 55.3258
    endloop
  endfacet
  facet normal -0.302459 0.706685 0.639621
    outer loop
      vertex 11.2728 3.4 57.6188
      vertex 12.4319 6 55.2943
      vertex 11.0332 3.4 57.5055
    endloop
  endfacet
  facet normal -0.363793 0.706669 0.606856
    outer loop
      vertex 12.5615 6 55.3637
      vertex 11.2728 3.4 57.6188
      vertex 11.5 3.4 57.755
    endloop
  endfacet
  facet normal -0.364314 0.706663 0.60655
    outer loop
      vertex 11.2728 3.4 57.6188
      vertex 12.5615 6 55.3637
      vertex 12.4984 6 55.3258
    endloop
  endfacet
  facet normal -0.0347003 0.706681 0.706681
    outer loop
      vertex 10.446 6 54.7219
      vertex 10 6 54.7
      vertex 10 3.4 57.3
    endloop
  endfacet
  facet normal 0.0347018 0.706681 0.706681
    outer loop
      vertex 10 3.4 57.3
      vertex 10 6 54.7
      vertex 9.55402 6 54.7219
    endloop
  endfacet
  facet normal -0.0346131 0.706681 0.706685
    outer loop
      vertex 10.446 6 54.7219
      vertex 10.2646 3.4 57.313
      vertex 10.5195 6 54.7255
    endloop
  endfacet
  facet normal -0.0347197 0.706682 0.706679
    outer loop
      vertex 10.2646 3.4 57.313
      vertex 10.446 6 54.7219
      vertex 10 3.4 57.3
    endloop
  endfacet
  facet normal -0.103785 0.706685 0.699875
    outer loop
      vertex 10.9612 6 54.791
      vertex 10.5195 6 54.7255
      vertex 10.2646 3.4 57.313
    endloop
  endfacet
  facet normal -0.568318 0.706681 0.421446
    outer loop
      vertex 14.4068 6 57.0555
      vertex 14.1408 6 56.6968
      vertex 12.245 3.4 58.5
    endloop
  endfacet
  facet normal -0.606917 0.706677 0.363675
    outer loop
      vertex 14.6363 6 57.4385
      vertex 14.4068 6 57.0555
      vertex 12.245 3.4 58.5
    endloop
  endfacet
  facet normal -0.524333 0.706682 0.475053
    outer loop
      vertex 14.0475 6 56.5832
      vertex 13.7477 6 56.2523
      vertex 11.9092 3.4 58.0908
    endloop
  endfacet
  facet normal -0.475053 0.706682 0.524333
    outer loop
      vertex 13.7477 6 56.2523
      vertex 13.4168 6 55.9525
      vertex 11.9092 3.4 58.0908
    endloop
  endfacet
  facet normal -0.639621 0.706685 0.302459
    outer loop
      vertex 14.7057 6 57.5681
      vertex 12.3812 3.4 58.7272
      vertex 12.4945 3.4 58.9668
    endloop
  endfacet
  facet normal -0.639416 0.706689 0.302881
    outer loop
      vertex 12.3812 3.4 58.7272
      vertex 14.7057 6 57.5681
      vertex 14.6742 6 57.5016
    endloop
  endfacet
  facet normal 0.475086 0.706682 0.524304
    outer loop
      vertex 8.28714 3.4 57.9129
      vertex 6.58318 6 55.9525
      vertex 8.09081 3.4 58.0908
    endloop
  endfacet
  facet normal 0.475511 0.706676 0.523926
    outer loop
      vertex 6.58318 6 55.9525
      vertex 8.28714 3.4 57.9129
      vertex 6.63772 6 55.903
    endloop
  endfacet
  facet normal -0.56829 0.706683 0.42148
    outer loop
      vertex 14.1408 6 56.6968
      vertex 12.0871 3.4 58.2871
      vertex 12.245 3.4 58.5
    endloop
  endfacet
  facet normal -0.568441 0.706681 0.421281
    outer loop
      vertex 12.0871 3.4 58.2871
      vertex 14.1408 6 56.6968
      vertex 14.097 6 56.6377
    endloop
  endfacet
  facet normal -0.998795 0 0.0490716
    outer loop
      vertex 72.687 0 59.7354
      vertex 72.7 3.4 60
      vertex 72.687 3.4 59.7354
    endloop
  endfacet
  facet normal -0.998795 0 0.0490716
    outer loop
      vertex 72.7 3.4 60
      vertex 72.687 0 59.7354
      vertex 72.7 0 60
    endloop
  endfacet
  facet normal 0.998795 -0 0.0490716
    outer loop
      vertex 67.3 0 60
      vertex 67.313 3.4 59.7354
      vertex 67.3 3.4 60
    endloop
  endfacet
  facet normal 0.998795 0 0.0490716
    outer loop
      vertex 67.313 3.4 59.7354
      vertex 67.3 0 60
      vertex 67.313 0 59.7354
    endloop
  endfacet
  facet normal -0.0490716 0 0.998795
    outer loop
      vertex 70 3.4 57.3
      vertex 70.2646 0 57.313
      vertex 70.2646 3.4 57.313
    endloop
  endfacet
  facet normal -0.0490716 0 0.998795
    outer loop
      vertex 70.2646 0 57.313
      vertex 70 3.4 57.3
      vertex 70 0 57.3
    endloop
  endfacet
  facet normal -0.740981 0 0.671526
    outer loop
      vertex 71.9092 0 58.0908
      vertex 72.0871 3.4 58.2871
      vertex 71.9092 3.4 58.0908
    endloop
  endfacet
  facet normal -0.740981 0 0.671526
    outer loop
      vertex 72.0871 3.4 58.2871
      vertex 71.9092 0 58.0908
      vertex 72.0871 0 58.2871
    endloop
  endfacet
  facet normal 0.671526 0 0.740981
    outer loop
      vertex 68.0908 3.4 58.0908
      vertex 68.2871 0 57.9129
      vertex 68.2871 3.4 57.9129
    endloop
  endfacet
  facet normal 0.671526 0 0.740981
    outer loop
      vertex 68.2871 0 57.9129
      vertex 68.0908 3.4 58.0908
      vertex 68.0908 0 58.0908
    endloop
  endfacet
  facet normal 0.336767 0 0.941588
    outer loop
      vertex 68.9668 3.4 57.5055
      vertex 69.2162 0 57.4163
      vertex 69.2162 3.4 57.4163
    endloop
  endfacet
  facet normal 0.336767 0 0.941588
    outer loop
      vertex 69.2162 0 57.4163
      vertex 68.9668 3.4 57.5055
      vertex 68.9668 0 57.5055
    endloop
  endfacet
  facet normal 0.970031 0 -0.242979
    outer loop
      vertex 67.4163 0 60.7838
      vertex 67.3519 3.4 60.5267
      vertex 67.4163 3.4 60.7838
    endloop
  endfacet
  facet normal 0.970031 0 -0.242979
    outer loop
      vertex 67.3519 3.4 60.5267
      vertex 67.4163 0 60.7838
      vertex 67.3519 0 60.5267
    endloop
  endfacet
  facet normal -0.941588 0 0.336767
    outer loop
      vertex 72.4945 0 58.9668
      vertex 72.5837 3.4 59.2162
      vertex 72.4945 3.4 58.9668
    endloop
  endfacet
  facet normal -0.941588 0 0.336767
    outer loop
      vertex 72.5837 3.4 59.2162
      vertex 72.4945 0 58.9668
      vertex 72.5837 0 59.2162
    endloop
  endfacet
  facet normal -0.989165 0 0.146809
    outer loop
      vertex 72.6481 0 59.4733
      vertex 72.687 3.4 59.7354
      vertex 72.6481 3.4 59.4733
    endloop
  endfacet
  facet normal -0.989165 0 0.146809
    outer loop
      vertex 72.687 3.4 59.7354
      vertex 72.6481 0 59.4733
      vertex 72.687 0 59.7354
    endloop
  endfacet
  facet normal -0.427486 0 0.904022
    outer loop
      vertex 71.0332 3.4 57.5055
      vertex 71.2728 0 57.6188
      vertex 71.2728 3.4 57.6188
    endloop
  endfacet
  facet normal -0.427486 0 0.904022
    outer loop
      vertex 71.2728 0 57.6188
      vertex 71.0332 3.4 57.5055
      vertex 71.0332 0 57.5055
    endloop
  endfacet
  facet normal 0.857693 -0 0.514163
    outer loop
      vertex 67.6188 0 58.7272
      vertex 67.755 3.4 58.5
      vertex 67.6188 3.4 58.7272
    endloop
  endfacet
  facet normal 0.857693 0 0.514163
    outer loop
      vertex 67.755 3.4 58.5
      vertex 67.6188 0 58.7272
      vertex 67.755 0 58.5
    endloop
  endfacet
  facet normal 0.803203 -0 0.595706
    outer loop
      vertex 67.755 0 58.5
      vertex 67.9129 3.4 58.2871
      vertex 67.755 3.4 58.5
    endloop
  endfacet
  facet normal 0.803203 0 0.595706
    outer loop
      vertex 67.9129 3.4 58.2871
      vertex 67.755 0 58.5
      vertex 67.9129 0 58.2871
    endloop
  endfacet
  facet normal 0.146809 0 0.989165
    outer loop
      vertex 69.4733 3.4 57.3519
      vertex 69.7354 0 57.313
      vertex 69.7354 3.4 57.313
    endloop
  endfacet
  facet normal 0.146809 0 0.989165
    outer loop
      vertex 69.7354 0 57.313
      vertex 69.4733 3.4 57.3519
      vertex 69.4733 0 57.3519
    endloop
  endfacet
  facet normal -0.857693 0 -0.514163
    outer loop
      vertex 72.3812 0 61.2728
      vertex 72.245 3.4 61.5
      vertex 72.3812 3.4 61.2728
    endloop
  endfacet
  facet normal -0.857693 -0 -0.514163
    outer loop
      vertex 72.245 3.4 61.5
      vertex 72.3812 0 61.2728
      vertex 72.245 0 61.5
    endloop
  endfacet
  facet normal -0.242979 0 -0.970031
    outer loop
      vertex 70.5267 0 62.6481
      vertex 70.7838 3.4 62.5837
      vertex 70.7838 0 62.5837
    endloop
  endfacet
  facet normal -0.242979 0 -0.970031
    outer loop
      vertex 70.7838 3.4 62.5837
      vertex 70.5267 0 62.6481
      vertex 70.5267 3.4 62.6481
    endloop
  endfacet
  facet normal -0.671526 0 -0.740981
    outer loop
      vertex 71.7129 0 62.0871
      vertex 71.9092 3.4 61.9092
      vertex 71.9092 0 61.9092
    endloop
  endfacet
  facet normal -0.671526 0 -0.740981
    outer loop
      vertex 71.9092 3.4 61.9092
      vertex 71.7129 0 62.0871
      vertex 71.7129 3.4 62.0871
    endloop
  endfacet
  facet normal -0.941588 0 -0.336767
    outer loop
      vertex 72.5837 0 60.7838
      vertex 72.4945 3.4 61.0332
      vertex 72.5837 3.4 60.7838
    endloop
  endfacet
  facet normal -0.941588 -0 -0.336767
    outer loop
      vertex 72.4945 3.4 61.0332
      vertex 72.5837 0 60.7838
      vertex 72.4945 0 61.0332
    endloop
  endfacet
  facet normal 0.336767 0 -0.941588
    outer loop
      vertex 68.9668 0 62.4945
      vertex 69.2162 3.4 62.5837
      vertex 69.2162 0 62.5837
    endloop
  endfacet
  facet normal 0.336767 0 -0.941588
    outer loop
      vertex 69.2162 3.4 62.5837
      vertex 68.9668 0 62.4945
      vertex 68.9668 3.4 62.4945
    endloop
  endfacet
  facet normal 0.740981 0 -0.671526
    outer loop
      vertex 68.0908 0 61.9092
      vertex 67.9129 3.4 61.7129
      vertex 68.0908 3.4 61.9092
    endloop
  endfacet
  facet normal 0.740981 0 -0.671526
    outer loop
      vertex 67.9129 3.4 61.7129
      vertex 68.0908 0 61.9092
      vertex 67.9129 0 61.7129
    endloop
  endfacet
  facet normal 0.803203 0 -0.595706
    outer loop
      vertex 67.9129 0 61.7129
      vertex 67.755 3.4 61.5
      vertex 67.9129 3.4 61.7129
    endloop
  endfacet
  facet normal 0.803203 0 -0.595706
    outer loop
      vertex 67.755 3.4 61.5
      vertex 67.9129 0 61.7129
      vertex 67.755 0 61.5
    endloop
  endfacet
  facet normal -0.970031 0 0.242979
    outer loop
      vertex 72.5837 0 59.2162
      vertex 72.6481 3.4 59.4733
      vertex 72.5837 3.4 59.2162
    endloop
  endfacet
  facet normal -0.970031 0 0.242979
    outer loop
      vertex 72.6481 3.4 59.4733
      vertex 72.5837 0 59.2162
      vertex 72.6481 0 59.4733
    endloop
  endfacet
  facet normal -0.857693 0 0.514163
    outer loop
      vertex 72.245 0 58.5
      vertex 72.3812 3.4 58.7272
      vertex 72.245 3.4 58.5
    endloop
  endfacet
  facet normal -0.857693 0 0.514163
    outer loop
      vertex 72.3812 3.4 58.7272
      vertex 72.245 0 58.5
      vertex 72.3812 0 58.7272
    endloop
  endfacet
  facet normal -0.904022 0 0.427486
    outer loop
      vertex 72.3812 0 58.7272
      vertex 72.4945 3.4 58.9668
      vertex 72.3812 3.4 58.7272
    endloop
  endfacet
  facet normal -0.904022 0 0.427486
    outer loop
      vertex 72.4945 3.4 58.9668
      vertex 72.3812 0 58.7272
      vertex 72.4945 0 58.9668
    endloop
  endfacet
  facet normal -0.242979 0 0.970031
    outer loop
      vertex 70.5267 3.4 57.3519
      vertex 70.7838 0 57.4163
      vertex 70.7838 3.4 57.4163
    endloop
  endfacet
  facet normal -0.242979 0 0.970031
    outer loop
      vertex 70.7838 0 57.4163
      vertex 70.5267 3.4 57.3519
      vertex 70.5267 0 57.3519
    endloop
  endfacet
  facet normal -0.146809 0 0.989165
    outer loop
      vertex 70.2646 3.4 57.313
      vertex 70.5267 0 57.3519
      vertex 70.5267 3.4 57.3519
    endloop
  endfacet
  facet normal -0.146809 0 0.989165
    outer loop
      vertex 70.5267 0 57.3519
      vertex 70.2646 3.4 57.313
      vertex 70.2646 0 57.313
    endloop
  endfacet
  facet normal -0.595706 0 0.803203
    outer loop
      vertex 71.5 3.4 57.755
      vertex 71.7129 0 57.9129
      vertex 71.7129 3.4 57.9129
    endloop
  endfacet
  facet normal -0.595706 0 0.803203
    outer loop
      vertex 71.7129 0 57.9129
      vertex 71.5 3.4 57.755
      vertex 71.5 0 57.755
    endloop
  endfacet
  facet normal -0.671526 0 0.740981
    outer loop
      vertex 71.7129 3.4 57.9129
      vertex 71.9092 0 58.0908
      vertex 71.9092 3.4 58.0908
    endloop
  endfacet
  facet normal -0.671526 0 0.740981
    outer loop
      vertex 71.9092 0 58.0908
      vertex 71.7129 3.4 57.9129
      vertex 71.7129 0 57.9129
    endloop
  endfacet
  facet normal 0.970031 -0 0.242979
    outer loop
      vertex 67.3519 0 59.4733
      vertex 67.4163 3.4 59.2162
      vertex 67.3519 3.4 59.4733
    endloop
  endfacet
  facet normal 0.970031 0 0.242979
    outer loop
      vertex 67.4163 3.4 59.2162
      vertex 67.3519 0 59.4733
      vertex 67.4163 0 59.2162
    endloop
  endfacet
  facet normal 0.740981 -0 0.671526
    outer loop
      vertex 67.9129 0 58.2871
      vertex 68.0908 3.4 58.0908
      vertex 67.9129 3.4 58.2871
    endloop
  endfacet
  facet normal 0.740981 0 0.671526
    outer loop
      vertex 68.0908 3.4 58.0908
      vertex 67.9129 0 58.2871
      vertex 68.0908 0 58.0908
    endloop
  endfacet
  facet normal 0.904022 -0 0.427486
    outer loop
      vertex 67.5055 0 58.9668
      vertex 67.6188 3.4 58.7272
      vertex 67.5055 3.4 58.9668
    endloop
  endfacet
  facet normal 0.904022 0 0.427486
    outer loop
      vertex 67.6188 3.4 58.7272
      vertex 67.5055 0 58.9668
      vertex 67.6188 0 58.7272
    endloop
  endfacet
  facet normal 0.941588 -0 0.336767
    outer loop
      vertex 67.4163 0 59.2162
      vertex 67.5055 3.4 58.9668
      vertex 67.4163 3.4 59.2162
    endloop
  endfacet
  facet normal 0.941588 0 0.336767
    outer loop
      vertex 67.5055 3.4 58.9668
      vertex 67.4163 0 59.2162
      vertex 67.5055 0 58.9668
    endloop
  endfacet
  facet normal 0.989165 -0 0.146809
    outer loop
      vertex 67.313 0 59.7354
      vertex 67.3519 3.4 59.4733
      vertex 67.313 3.4 59.7354
    endloop
  endfacet
  facet normal 0.989165 0 0.146809
    outer loop
      vertex 67.3519 3.4 59.4733
      vertex 67.313 0 59.7354
      vertex 67.3519 0 59.4733
    endloop
  endfacet
  facet normal 0.427486 0 0.904022
    outer loop
      vertex 68.7272 3.4 57.6188
      vertex 68.9668 0 57.5055
      vertex 68.9668 3.4 57.5055
    endloop
  endfacet
  facet normal 0.427486 0 0.904022
    outer loop
      vertex 68.9668 0 57.5055
      vertex 68.7272 3.4 57.6188
      vertex 68.7272 0 57.6188
    endloop
  endfacet
  facet normal 0.514163 0 0.857693
    outer loop
      vertex 68.5 3.4 57.755
      vertex 68.7272 0 57.6188
      vertex 68.7272 3.4 57.6188
    endloop
  endfacet
  facet normal 0.514163 0 0.857693
    outer loop
      vertex 68.7272 0 57.6188
      vertex 68.5 3.4 57.755
      vertex 68.5 0 57.755
    endloop
  endfacet
  facet normal 0.595706 0 0.803203
    outer loop
      vertex 68.2871 3.4 57.9129
      vertex 68.5 0 57.755
      vertex 68.5 3.4 57.755
    endloop
  endfacet
  facet normal 0.595706 0 0.803203
    outer loop
      vertex 68.5 0 57.755
      vertex 68.2871 3.4 57.9129
      vertex 68.2871 0 57.9129
    endloop
  endfacet
  facet normal 0.242979 0 0.970031
    outer loop
      vertex 69.2162 3.4 57.4163
      vertex 69.4733 0 57.3519
      vertex 69.4733 3.4 57.3519
    endloop
  endfacet
  facet normal 0.242979 0 0.970031
    outer loop
      vertex 69.4733 0 57.3519
      vertex 69.2162 3.4 57.4163
      vertex 69.2162 0 57.4163
    endloop
  endfacet
  facet normal 0.0490716 0 0.998795
    outer loop
      vertex 69.7354 3.4 57.313
      vertex 70 0 57.3
      vertex 70 3.4 57.3
    endloop
  endfacet
  facet normal 0.0490716 0 0.998795
    outer loop
      vertex 70 0 57.3
      vertex 69.7354 3.4 57.313
      vertex 69.7354 0 57.313
    endloop
  endfacet
  facet normal -0.0490716 0 -0.998795
    outer loop
      vertex 70 0 62.7
      vertex 70.2646 3.4 62.687
      vertex 70.2646 0 62.687
    endloop
  endfacet
  facet normal -0.0490716 0 -0.998795
    outer loop
      vertex 70.2646 3.4 62.687
      vertex 70 0 62.7
      vertex 70 3.4 62.7
    endloop
  endfacet
  facet normal -0.427486 0 -0.904022
    outer loop
      vertex 71.0332 0 62.4945
      vertex 71.2728 3.4 62.3812
      vertex 71.2728 0 62.3812
    endloop
  endfacet
  facet normal -0.427486 0 -0.904022
    outer loop
      vertex 71.2728 3.4 62.3812
      vertex 71.0332 0 62.4945
      vertex 71.0332 3.4 62.4945
    endloop
  endfacet
  facet normal -0.595706 0 -0.803203
    outer loop
      vertex 71.5 0 62.245
      vertex 71.7129 3.4 62.0871
      vertex 71.7129 0 62.0871
    endloop
  endfacet
  facet normal -0.595706 0 -0.803203
    outer loop
      vertex 71.7129 3.4 62.0871
      vertex 71.5 0 62.245
      vertex 71.5 3.4 62.245
    endloop
  endfacet
  facet normal -0.740981 0 -0.671526
    outer loop
      vertex 72.0871 0 61.7129
      vertex 71.9092 3.4 61.9092
      vertex 72.0871 3.4 61.7129
    endloop
  endfacet
  facet normal -0.740981 -0 -0.671526
    outer loop
      vertex 71.9092 3.4 61.9092
      vertex 72.0871 0 61.7129
      vertex 71.9092 0 61.9092
    endloop
  endfacet
  facet normal -0.803203 0 -0.595706
    outer loop
      vertex 72.245 0 61.5
      vertex 72.0871 3.4 61.7129
      vertex 72.245 3.4 61.5
    endloop
  endfacet
  facet normal -0.803203 -0 -0.595706
    outer loop
      vertex 72.0871 3.4 61.7129
      vertex 72.245 0 61.5
      vertex 72.0871 0 61.7129
    endloop
  endfacet
  facet normal 0.671526 0 -0.740981
    outer loop
      vertex 68.0908 0 61.9092
      vertex 68.2871 3.4 62.0871
      vertex 68.2871 0 62.0871
    endloop
  endfacet
  facet normal 0.671526 0 -0.740981
    outer loop
      vertex 68.2871 3.4 62.0871
      vertex 68.0908 0 61.9092
      vertex 68.0908 3.4 61.9092
    endloop
  endfacet
  facet normal 0.595706 0 -0.803203
    outer loop
      vertex 68.2871 0 62.0871
      vertex 68.5 3.4 62.245
      vertex 68.5 0 62.245
    endloop
  endfacet
  facet normal 0.595706 0 -0.803203
    outer loop
      vertex 68.5 3.4 62.245
      vertex 68.2871 0 62.0871
      vertex 68.2871 3.4 62.0871
    endloop
  endfacet
  facet normal 0.514163 0 -0.857693
    outer loop
      vertex 68.5 0 62.245
      vertex 68.7272 3.4 62.3812
      vertex 68.7272 0 62.3812
    endloop
  endfacet
  facet normal 0.514163 0 -0.857693
    outer loop
      vertex 68.7272 3.4 62.3812
      vertex 68.5 0 62.245
      vertex 68.5 3.4 62.245
    endloop
  endfacet
  facet normal 0.146809 0 -0.989165
    outer loop
      vertex 69.4733 0 62.6481
      vertex 69.7354 3.4 62.687
      vertex 69.7354 0 62.687
    endloop
  endfacet
  facet normal 0.146809 0 -0.989165
    outer loop
      vertex 69.7354 3.4 62.687
      vertex 69.4733 0 62.6481
      vertex 69.4733 3.4 62.6481
    endloop
  endfacet
  facet normal 0.904022 0 -0.427486
    outer loop
      vertex 67.6188 0 61.2728
      vertex 67.5055 3.4 61.0332
      vertex 67.6188 3.4 61.2728
    endloop
  endfacet
  facet normal 0.904022 0 -0.427486
    outer loop
      vertex 67.5055 3.4 61.0332
      vertex 67.6188 0 61.2728
      vertex 67.5055 0 61.0332
    endloop
  endfacet
  facet normal 0.941588 0 -0.336767
    outer loop
      vertex 67.5055 0 61.0332
      vertex 67.4163 3.4 60.7838
      vertex 67.5055 3.4 61.0332
    endloop
  endfacet
  facet normal 0.941588 0 -0.336767
    outer loop
      vertex 67.4163 3.4 60.7838
      vertex 67.5055 0 61.0332
      vertex 67.4163 0 60.7838
    endloop
  endfacet
  facet normal 0.998795 0 -0.0490716
    outer loop
      vertex 67.313 0 60.2646
      vertex 67.3 3.4 60
      vertex 67.313 3.4 60.2646
    endloop
  endfacet
  facet normal 0.998795 0 -0.0490716
    outer loop
      vertex 67.3 3.4 60
      vertex 67.313 0 60.2646
      vertex 67.3 0 60
    endloop
  endfacet
  facet normal -0.803203 0 0.595706
    outer loop
      vertex 72.0871 0 58.2871
      vertex 72.245 3.4 58.5
      vertex 72.0871 3.4 58.2871
    endloop
  endfacet
  facet normal -0.803203 0 0.595706
    outer loop
      vertex 72.245 3.4 58.5
      vertex 72.0871 0 58.2871
      vertex 72.245 0 58.5
    endloop
  endfacet
  facet normal -0.336767 0 0.941588
    outer loop
      vertex 70.7838 3.4 57.4163
      vertex 71.0332 0 57.5055
      vertex 71.0332 3.4 57.5055
    endloop
  endfacet
  facet normal -0.336767 0 0.941588
    outer loop
      vertex 71.0332 0 57.5055
      vertex 70.7838 3.4 57.4163
      vertex 70.7838 0 57.4163
    endloop
  endfacet
  facet normal -0.514163 0 0.857693
    outer loop
      vertex 71.2728 3.4 57.6188
      vertex 71.5 0 57.755
      vertex 71.5 3.4 57.755
    endloop
  endfacet
  facet normal -0.514163 0 0.857693
    outer loop
      vertex 71.5 0 57.755
      vertex 71.2728 3.4 57.6188
      vertex 71.2728 0 57.6188
    endloop
  endfacet
  facet normal -0.998795 0 -0.0490716
    outer loop
      vertex 72.7 0 60
      vertex 72.687 3.4 60.2646
      vertex 72.7 3.4 60
    endloop
  endfacet
  facet normal -0.998795 -0 -0.0490716
    outer loop
      vertex 72.687 3.4 60.2646
      vertex 72.7 0 60
      vertex 72.687 0 60.2646
    endloop
  endfacet
  facet normal -0.146809 0 -0.989165
    outer loop
      vertex 70.2646 0 62.687
      vertex 70.5267 3.4 62.6481
      vertex 70.5267 0 62.6481
    endloop
  endfacet
  facet normal -0.146809 0 -0.989165
    outer loop
      vertex 70.5267 3.4 62.6481
      vertex 70.2646 0 62.687
      vertex 70.2646 3.4 62.687
    endloop
  endfacet
  facet normal -0.336767 0 -0.941588
    outer loop
      vertex 70.7838 0 62.5837
      vertex 71.0332 3.4 62.4945
      vertex 71.0332 0 62.4945
    endloop
  endfacet
  facet normal -0.336767 0 -0.941588
    outer loop
      vertex 71.0332 3.4 62.4945
      vertex 70.7838 0 62.5837
      vertex 70.7838 3.4 62.5837
    endloop
  endfacet
  facet normal -0.514163 0 -0.857693
    outer loop
      vertex 71.2728 0 62.3812
      vertex 71.5 3.4 62.245
      vertex 71.5 0 62.245
    endloop
  endfacet
  facet normal -0.514163 0 -0.857693
    outer loop
      vertex 71.5 3.4 62.245
      vertex 71.2728 0 62.3812
      vertex 71.2728 3.4 62.3812
    endloop
  endfacet
  facet normal -0.904022 0 -0.427486
    outer loop
      vertex 72.4945 0 61.0332
      vertex 72.3812 3.4 61.2728
      vertex 72.4945 3.4 61.0332
    endloop
  endfacet
  facet normal -0.904022 -0 -0.427486
    outer loop
      vertex 72.3812 3.4 61.2728
      vertex 72.4945 0 61.0332
      vertex 72.3812 0 61.2728
    endloop
  endfacet
  facet normal -0.970031 0 -0.242979
    outer loop
      vertex 72.6481 0 60.5267
      vertex 72.5837 3.4 60.7838
      vertex 72.6481 3.4 60.5267
    endloop
  endfacet
  facet normal -0.970031 -0 -0.242979
    outer loop
      vertex 72.5837 3.4 60.7838
      vertex 72.6481 0 60.5267
      vertex 72.5837 0 60.7838
    endloop
  endfacet
  facet normal -0.989165 0 -0.146809
    outer loop
      vertex 72.687 0 60.2646
      vertex 72.6481 3.4 60.5267
      vertex 72.687 3.4 60.2646
    endloop
  endfacet
  facet normal -0.989165 -0 -0.146809
    outer loop
      vertex 72.6481 3.4 60.5267
      vertex 72.687 0 60.2646
      vertex 72.6481 0 60.5267
    endloop
  endfacet
  facet normal 0.427486 0 -0.904022
    outer loop
      vertex 68.7272 0 62.3812
      vertex 68.9668 3.4 62.4945
      vertex 68.9668 0 62.4945
    endloop
  endfacet
  facet normal 0.427486 0 -0.904022
    outer loop
      vertex 68.9668 3.4 62.4945
      vertex 68.7272 0 62.3812
      vertex 68.7272 3.4 62.3812
    endloop
  endfacet
  facet normal 0.242979 0 -0.970031
    outer loop
      vertex 69.2162 0 62.5837
      vertex 69.4733 3.4 62.6481
      vertex 69.4733 0 62.6481
    endloop
  endfacet
  facet normal 0.242979 0 -0.970031
    outer loop
      vertex 69.4733 3.4 62.6481
      vertex 69.2162 0 62.5837
      vertex 69.2162 3.4 62.5837
    endloop
  endfacet
  facet normal 0.0490716 0 -0.998795
    outer loop
      vertex 69.7354 0 62.687
      vertex 70 3.4 62.7
      vertex 70 0 62.7
    endloop
  endfacet
  facet normal 0.0490716 0 -0.998795
    outer loop
      vertex 70 3.4 62.7
      vertex 69.7354 0 62.687
      vertex 69.7354 3.4 62.687
    endloop
  endfacet
  facet normal 0.857693 0 -0.514163
    outer loop
      vertex 67.755 0 61.5
      vertex 67.6188 3.4 61.2728
      vertex 67.755 3.4 61.5
    endloop
  endfacet
  facet normal 0.857693 0 -0.514163
    outer loop
      vertex 67.6188 3.4 61.2728
      vertex 67.755 0 61.5
      vertex 67.6188 0 61.2728
    endloop
  endfacet
  facet normal 0.989165 0 -0.146809
    outer loop
      vertex 67.3519 0 60.5267
      vertex 67.313 3.4 60.2646
      vertex 67.3519 3.4 60.5267
    endloop
  endfacet
  facet normal 0.989165 0 -0.146809
    outer loop
      vertex 67.313 3.4 60.2646
      vertex 67.3519 0 60.5267
      vertex 67.313 0 60.2646
    endloop
  endfacet
  facet normal -0.524333 0.706682 -0.475053
    outer loop
      vertex 73.7477 6 63.7477
      vertex 74.0475 6 63.4168
      vertex 71.9092 3.4 61.9092
    endloop
  endfacet
  facet normal -0.706681 0.706681 0.0347003
    outer loop
      vertex 75.3 6 60
      vertex 75.2781 6 59.554
      vertex 72.7 3.4 60
    endloop
  endfacet
  facet normal -0.706679 0.706682 0.0347197
    outer loop
      vertex 75.2781 6 59.554
      vertex 72.687 3.4 59.7354
      vertex 72.7 3.4 60
    endloop
  endfacet
  facet normal -0.706685 0.706681 0.0346131
    outer loop
      vertex 72.687 3.4 59.7354
      vertex 75.2781 6 59.554
      vertex 75.2745 6 59.4805
    endloop
  endfacet
  facet normal -0.706685 0.706681 -0.0346131
    outer loop
      vertex 75.2781 6 60.446
      vertex 72.687 3.4 60.2646
      vertex 75.2745 6 60.5195
    endloop
  endfacet
  facet normal -0.706679 0.706682 -0.0347197
    outer loop
      vertex 72.687 3.4 60.2646
      vertex 75.2781 6 60.446
      vertex 72.7 3.4 60
    endloop
  endfacet
  facet normal 0.699875 0.706685 -0.103785
    outer loop
      vertex 64.791 6 60.9612
      vertex 67.313 3.4 60.2646
      vertex 64.7255 6 60.5195
    endloop
  endfacet
  facet normal 0.103785 0.706685 0.699875
    outer loop
      vertex 69.7354 3.4 57.313
      vertex 69.4805 6 54.7255
      vertex 69.0388 6 54.791
    endloop
  endfacet
  facet normal -0.0347003 0.706681 -0.706681
    outer loop
      vertex 70 6 65.3
      vertex 70.446 6 65.2781
      vertex 70 3.4 62.7
    endloop
  endfacet
  facet normal 0.56829 0.706683 0.42148
    outer loop
      vertex 67.9129 3.4 58.2871
      vertex 65.8592 6 56.6968
      vertex 67.755 3.4 58.5
    endloop
  endfacet
  facet normal 0.568441 0.706681 0.421281
    outer loop
      vertex 65.8592 6 56.6968
      vertex 67.9129 3.4 58.2871
      vertex 65.903 6 56.6377
    endloop
  endfacet
  facet normal -0.666182 0.706682 -0.23833
    outer loop
      vertex 74.8966 6 62.0282
      vertex 75.047 6 61.6078
      vertex 72.4945 3.4 61.0332
    endloop
  endfacet
  facet normal 0.42148 0.706683 -0.56829
    outer loop
      vertex 68.2871 3.4 62.0871
      vertex 66.6968 6 64.1408
      vertex 68.5 3.4 62.245
    endloop
  endfacet
  facet normal 0.421281 0.706681 -0.568441
    outer loop
      vertex 66.6968 6 64.1408
      vertex 68.2871 3.4 62.0871
      vertex 66.6377 6 64.097
    endloop
  endfacet
  facet normal 0.639416 0.706689 -0.302881
    outer loop
      vertex 67.6188 3.4 61.2728
      vertex 65.2943 6 62.4319
      vertex 65.3258 6 62.4984
    endloop
  endfacet
  facet normal 0.639621 0.706685 -0.302459
    outer loop
      vertex 65.2943 6 62.4319
      vertex 67.6188 3.4 61.2728
      vertex 67.5055 3.4 61.0332
    endloop
  endfacet
  facet normal 0.302459 0.706685 0.639621
    outer loop
      vertex 67.5681 6 55.2943
      vertex 68.7272 3.4 57.6188
      vertex 68.9668 3.4 57.5055
    endloop
  endfacet
  facet normal 0.302881 0.706689 0.639416
    outer loop
      vertex 68.7272 3.4 57.6188
      vertex 67.5681 6 55.2943
      vertex 67.5016 6 55.3258
    endloop
  endfacet
  facet normal -0.699875 0.706685 -0.103785
    outer loop
      vertex 75.209 6 60.9612
      vertex 75.2745 6 60.5195
      vertex 72.687 3.4 60.2646
    endloop
  endfacet
  facet normal -0.706681 0.706681 -0.0347003
    outer loop
      vertex 75.2781 6 60.446
      vertex 75.3 6 60
      vertex 72.7 3.4 60
    endloop
  endfacet
  facet normal -0.686315 0.70669 -0.171935
    outer loop
      vertex 75.0897 6 61.4671
      vertex 75.1982 6 61.034
      vertex 72.6481 3.4 60.5267
    endloop
  endfacet
  facet normal -0.606917 0.706677 -0.363675
    outer loop
      vertex 74.4068 6 62.9445
      vertex 74.6363 6 62.5615
      vertex 72.245 3.4 61.5
    endloop
  endfacet
  facet normal -0.568318 0.706681 -0.421446
    outer loop
      vertex 74.1408 6 63.3032
      vertex 74.4068 6 62.9445
      vertex 72.245 3.4 61.5
    endloop
  endfacet
  facet normal -0.639416 0.706689 -0.302881
    outer loop
      vertex 74.7057 6 62.4319
      vertex 72.3812 3.4 61.2728
      vertex 74.6742 6 62.4984
    endloop
  endfacet
  facet normal -0.639621 0.706685 -0.302459
    outer loop
      vertex 72.3812 3.4 61.2728
      vertex 74.7057 6 62.4319
      vertex 72.4945 3.4 61.0332
    endloop
  endfacet
  facet normal -0.63962 0.706685 -0.302461
    outer loop
      vertex 74.7057 6 62.4319
      vertex 74.8966 6 62.0282
      vertex 72.4945 3.4 61.0332
    endloop
  endfacet
  facet normal -0.302461 0.706685 -0.63962
    outer loop
      vertex 72.0282 6 64.8966
      vertex 72.4319 6 64.7057
      vertex 71.0332 3.4 62.4945
    endloop
  endfacet
  facet normal -0.421446 0.706681 -0.568318
    outer loop
      vertex 72.9445 6 64.4068
      vertex 73.3032 6 64.1408
      vertex 71.5 3.4 62.245
    endloop
  endfacet
  facet normal 0.238394 0.706685 -0.666157
    outer loop
      vertex 69.2162 3.4 62.5837
      vertex 68.3922 6 65.047
      vertex 68.4615 6 65.0718
    endloop
  endfacet
  facet normal 0.238272 0.706686 -0.666199
    outer loop
      vertex 68.3922 6 65.047
      vertex 69.2162 3.4 62.5837
      vertex 68.9668 3.4 62.4945
    endloop
  endfacet
  facet normal 0.171935 0.70669 -0.686315
    outer loop
      vertex 68.966 6 65.1982
      vertex 69.4733 3.4 62.6481
      vertex 68.5329 6 65.0897
    endloop
  endfacet
  facet normal -0.421281 0.706681 0.568441
    outer loop
      vertex 73.3032 6 55.8592
      vertex 71.7129 3.4 57.9129
      vertex 73.3623 6 55.903
    endloop
  endfacet
  facet normal -0.42148 0.706683 0.56829
    outer loop
      vertex 71.7129 3.4 57.9129
      vertex 73.3032 6 55.8592
      vertex 71.5 3.4 57.755
    endloop
  endfacet
  facet normal 0.666199 0.706686 0.238272
    outer loop
      vertex 64.953 6 58.3922
      vertex 67.4163 3.4 59.2162
      vertex 67.5055 3.4 58.9668
    endloop
  endfacet
  facet normal 0.666157 0.706685 0.238394
    outer loop
      vertex 67.4163 3.4 59.2162
      vertex 64.953 6 58.3922
      vertex 64.9282 6 58.4615
    endloop
  endfacet
  facet normal 0.686315 0.70669 0.171935
    outer loop
      vertex 67.3519 3.4 59.4733
      vertex 64.9103 6 58.5329
      vertex 64.8018 6 58.966
    endloop
  endfacet
  facet normal -0.699864 0.70669 -0.103826
    outer loop
      vertex 75.209 6 60.9612
      vertex 72.6481 3.4 60.5267
      vertex 75.1982 6 61.034
    endloop
  endfacet
  facet normal -0.699857 0.70669 -0.10387
    outer loop
      vertex 72.6481 3.4 60.5267
      vertex 75.209 6 60.9612
      vertex 72.687 3.4 60.2646
    endloop
  endfacet
  facet normal -0.686285 0.70669 -0.172052
    outer loop
      vertex 75.0897 6 61.4671
      vertex 72.5837 3.4 60.7838
      vertex 75.0718 6 61.5385
    endloop
  endfacet
  facet normal -0.686321 0.706688 -0.171914
    outer loop
      vertex 72.5837 3.4 60.7838
      vertex 75.0897 6 61.4671
      vertex 72.6481 3.4 60.5267
    endloop
  endfacet
  facet normal -0.666157 0.706685 -0.238394
    outer loop
      vertex 72.5837 3.4 60.7838
      vertex 75.047 6 61.6078
      vertex 75.0718 6 61.5385
    endloop
  endfacet
  facet normal -0.666199 0.706686 -0.238272
    outer loop
      vertex 75.047 6 61.6078
      vertex 72.5837 3.4 60.7838
      vertex 72.4945 3.4 61.0332
    endloop
  endfacet
  facet normal -0.568441 0.706681 -0.421281
    outer loop
      vertex 74.1408 6 63.3032
      vertex 72.0871 3.4 61.7129
      vertex 74.097 6 63.3623
    endloop
  endfacet
  facet normal -0.56829 0.706683 -0.42148
    outer loop
      vertex 72.0871 3.4 61.7129
      vertex 74.1408 6 63.3032
      vertex 72.245 3.4 61.5
    endloop
  endfacet
  facet normal -0.523759 0.706667 -0.475708
    outer loop
      vertex 72.0871 3.4 61.7129
      vertex 74.0475 6 63.4168
      vertex 74.097 6 63.3623
    endloop
  endfacet
  facet normal -0.524272 0.706676 -0.47513
    outer loop
      vertex 74.0475 6 63.4168
      vertex 72.0871 3.4 61.7129
      vertex 71.9092 3.4 61.9092
    endloop
  endfacet
  facet normal -0.60655 0.706663 -0.364314
    outer loop
      vertex 72.3812 3.4 61.2728
      vertex 74.6363 6 62.5615
      vertex 74.6742 6 62.4984
    endloop
  endfacet
  facet normal -0.606856 0.706669 -0.363793
    outer loop
      vertex 74.6363 6 62.5615
      vertex 72.3812 3.4 61.2728
      vertex 72.245 3.4 61.5
    endloop
  endfacet
  facet normal -0.171935 0.70669 -0.686315
    outer loop
      vertex 71.034 6 65.1982
      vertex 71.4671 6 65.0897
      vertex 70.5267 3.4 62.6481
    endloop
  endfacet
  facet normal -0.238394 0.706685 -0.666157
    outer loop
      vertex 71.6078 6 65.047
      vertex 70.7838 3.4 62.5837
      vertex 71.5385 6 65.0718
    endloop
  endfacet
  facet normal -0.238272 0.706686 -0.666199
    outer loop
      vertex 70.7838 3.4 62.5837
      vertex 71.6078 6 65.047
      vertex 71.0332 3.4 62.4945
    endloop
  endfacet
  facet normal -0.23833 0.706682 -0.666182
    outer loop
      vertex 71.6078 6 65.047
      vertex 72.0282 6 64.8966
      vertex 71.0332 3.4 62.4945
    endloop
  endfacet
  facet normal -0.103826 0.70669 -0.699864
    outer loop
      vertex 70.5267 3.4 62.6481
      vertex 70.9612 6 65.209
      vertex 71.034 6 65.1982
    endloop
  endfacet
  facet normal -0.10387 0.70669 -0.699857
    outer loop
      vertex 70.9612 6 65.209
      vertex 70.5267 3.4 62.6481
      vertex 70.2646 3.4 62.687
    endloop
  endfacet
  facet normal -0.363675 0.706677 -0.606917
    outer loop
      vertex 72.5615 6 64.6363
      vertex 72.9445 6 64.4068
      vertex 71.5 3.4 62.245
    endloop
  endfacet
  facet normal -0.475708 0.706667 -0.523759
    outer loop
      vertex 73.4168 6 64.0475
      vertex 71.7129 3.4 62.0871
      vertex 73.3623 6 64.097
    endloop
  endfacet
  facet normal -0.47513 0.706676 -0.524272
    outer loop
      vertex 71.7129 3.4 62.0871
      vertex 73.4168 6 64.0475
      vertex 71.9092 3.4 61.9092
    endloop
  endfacet
  facet normal -0.475053 0.706682 -0.524333
    outer loop
      vertex 73.4168 6 64.0475
      vertex 73.7477 6 63.7477
      vertex 71.9092 3.4 61.9092
    endloop
  endfacet
  facet normal 0.686285 0.70669 -0.172052
    outer loop
      vertex 67.4163 3.4 60.7838
      vertex 64.9103 6 61.4671
      vertex 64.9282 6 61.5385
    endloop
  endfacet
  facet normal 0.686321 0.706688 -0.171914
    outer loop
      vertex 64.9103 6 61.4671
      vertex 67.4163 3.4 60.7838
      vertex 67.3519 3.4 60.5267
    endloop
  endfacet
  facet normal 0.524333 0.706682 -0.475053
    outer loop
      vertex 66.2523 6 63.7477
      vertex 68.0908 3.4 61.9092
      vertex 65.9525 6 63.4168
    endloop
  endfacet
  facet normal 0.568441 0.706681 -0.421281
    outer loop
      vertex 67.9129 3.4 61.7129
      vertex 65.8592 6 63.3032
      vertex 65.903 6 63.3623
    endloop
  endfacet
  facet normal 0.56829 0.706683 -0.42148
    outer loop
      vertex 65.8592 6 63.3032
      vertex 67.9129 3.4 61.7129
      vertex 67.755 3.4 61.5
    endloop
  endfacet
  facet normal 0.0347197 0.706682 -0.706679
    outer loop
      vertex 69.7354 3.4 62.687
      vertex 69.554 6 65.2781
      vertex 70 3.4 62.7
    endloop
  endfacet
  facet normal 0.0346131 0.706681 -0.706685
    outer loop
      vertex 69.554 6 65.2781
      vertex 69.7354 3.4 62.687
      vertex 69.4805 6 65.2745
    endloop
  endfacet
  facet normal 0.364314 0.706663 -0.60655
    outer loop
      vertex 68.7272 3.4 62.3812
      vertex 67.4385 6 64.6363
      vertex 67.5016 6 64.6742
    endloop
  endfacet
  facet normal 0.363793 0.706669 -0.606856
    outer loop
      vertex 67.4385 6 64.6363
      vertex 68.7272 3.4 62.3812
      vertex 68.5 3.4 62.245
    endloop
  endfacet
  facet normal -0.238272 0.706686 0.666199
    outer loop
      vertex 71.6078 6 54.953
      vertex 70.7838 3.4 57.4163
      vertex 71.0332 3.4 57.5055
    endloop
  endfacet
  facet normal -0.238394 0.706685 0.666157
    outer loop
      vertex 70.7838 3.4 57.4163
      vertex 71.6078 6 54.953
      vertex 71.5385 6 54.9282
    endloop
  endfacet
  facet normal -0.171935 0.70669 0.686315
    outer loop
      vertex 71.4671 6 54.9103
      vertex 71.034 6 54.8018
      vertex 70.5267 3.4 57.3519
    endloop
  endfacet
  facet normal -0.60655 0.706663 0.364314
    outer loop
      vertex 74.6363 6 57.4385
      vertex 72.3812 3.4 58.7272
      vertex 74.6742 6 57.5016
    endloop
  endfacet
  facet normal -0.606856 0.706669 0.363793
    outer loop
      vertex 72.3812 3.4 58.7272
      vertex 74.6363 6 57.4385
      vertex 72.245 3.4 58.5
    endloop
  endfacet
  facet normal 0.171914 0.706688 0.686321
    outer loop
      vertex 68.5329 6 54.9103
      vertex 69.2162 3.4 57.4163
      vertex 69.4733 3.4 57.3519
    endloop
  endfacet
  facet normal 0.172052 0.70669 0.686285
    outer loop
      vertex 69.2162 3.4 57.4163
      vertex 68.5329 6 54.9103
      vertex 68.4615 6 54.9282
    endloop
  endfacet
  facet normal 0.475053 0.706682 0.524333
    outer loop
      vertex 68.0908 3.4 58.0908
      vertex 66.5832 6 55.9525
      vertex 66.2523 6 56.2523
    endloop
  endfacet
  facet normal 0.42148 0.706683 0.56829
    outer loop
      vertex 66.6968 6 55.8592
      vertex 68.2871 3.4 57.9129
      vertex 68.5 3.4 57.755
    endloop
  endfacet
  facet normal 0.421281 0.706681 0.568441
    outer loop
      vertex 68.2871 3.4 57.9129
      vertex 66.6968 6 55.8592
      vertex 66.6377 6 55.903
    endloop
  endfacet
  facet normal 0.699857 0.70669 0.10387
    outer loop
      vertex 67.3519 3.4 59.4733
      vertex 64.791 6 59.0388
      vertex 67.313 3.4 59.7354
    endloop
  endfacet
  facet normal 0.699864 0.70669 0.103826
    outer loop
      vertex 64.791 6 59.0388
      vertex 67.3519 3.4 59.4733
      vertex 64.8018 6 58.966
    endloop
  endfacet
  facet normal -0.172052 0.70669 -0.686285
    outer loop
      vertex 70.7838 3.4 62.5837
      vertex 71.4671 6 65.0897
      vertex 71.5385 6 65.0718
    endloop
  endfacet
  facet normal -0.171914 0.706688 -0.686321
    outer loop
      vertex 71.4671 6 65.0897
      vertex 70.7838 3.4 62.5837
      vertex 70.5267 3.4 62.6481
    endloop
  endfacet
  facet normal -0.103785 0.706685 -0.699875
    outer loop
      vertex 70.5195 6 65.2745
      vertex 70.9612 6 65.209
      vertex 70.2646 3.4 62.687
    endloop
  endfacet
  facet normal -0.0346131 0.706681 -0.706685
    outer loop
      vertex 70.2646 3.4 62.687
      vertex 70.446 6 65.2781
      vertex 70.5195 6 65.2745
    endloop
  endfacet
  facet normal -0.0347197 0.706682 -0.706679
    outer loop
      vertex 70.446 6 65.2781
      vertex 70.2646 3.4 62.687
      vertex 70 3.4 62.7
    endloop
  endfacet
  facet normal -0.364314 0.706663 -0.60655
    outer loop
      vertex 72.5615 6 64.6363
      vertex 71.2728 3.4 62.3812
      vertex 72.4984 6 64.6742
    endloop
  endfacet
  facet normal -0.363793 0.706669 -0.606856
    outer loop
      vertex 71.2728 3.4 62.3812
      vertex 72.5615 6 64.6363
      vertex 71.5 3.4 62.245
    endloop
  endfacet
  facet normal -0.302881 0.706689 -0.639416
    outer loop
      vertex 71.2728 3.4 62.3812
      vertex 72.4319 6 64.7057
      vertex 72.4984 6 64.6742
    endloop
  endfacet
  facet normal -0.302459 0.706685 -0.639621
    outer loop
      vertex 72.4319 6 64.7057
      vertex 71.2728 3.4 62.3812
      vertex 71.0332 3.4 62.4945
    endloop
  endfacet
  facet normal -0.421281 0.706681 -0.568441
    outer loop
      vertex 71.7129 3.4 62.0871
      vertex 73.3032 6 64.1408
      vertex 73.3623 6 64.097
    endloop
  endfacet
  facet normal -0.42148 0.706683 -0.56829
    outer loop
      vertex 73.3032 6 64.1408
      vertex 71.7129 3.4 62.0871
      vertex 71.5 3.4 62.245
    endloop
  endfacet
  facet normal 0.686315 0.70669 -0.171935
    outer loop
      vertex 64.9103 6 61.4671
      vertex 67.3519 3.4 60.5267
      vertex 64.8018 6 61.034
    endloop
  endfacet
  facet normal 0.699864 0.70669 -0.103826
    outer loop
      vertex 67.3519 3.4 60.5267
      vertex 64.791 6 60.9612
      vertex 64.8018 6 61.034
    endloop
  endfacet
  facet normal 0.699857 0.70669 -0.10387
    outer loop
      vertex 64.791 6 60.9612
      vertex 67.3519 3.4 60.5267
      vertex 67.313 3.4 60.2646
    endloop
  endfacet
  facet normal 0.475053 0.706682 -0.524333
    outer loop
      vertex 66.5832 6 64.0475
      vertex 68.0908 3.4 61.9092
      vertex 66.2523 6 63.7477
    endloop
  endfacet
  facet normal 0.606917 0.706677 -0.363675
    outer loop
      vertex 65.5932 6 62.9445
      vertex 67.755 3.4 61.5
      vertex 65.3637 6 62.5615
    endloop
  endfacet
  facet normal 0.666182 0.706682 -0.23833
    outer loop
      vertex 65.1034 6 62.0282
      vertex 67.5055 3.4 61.0332
      vertex 64.953 6 61.6078
    endloop
  endfacet
  facet normal 0.63962 0.706685 -0.302461
    outer loop
      vertex 65.2943 6 62.4319
      vertex 67.5055 3.4 61.0332
      vertex 65.1034 6 62.0282
    endloop
  endfacet
  facet normal 0.363675 0.706677 -0.606917
    outer loop
      vertex 67.4385 6 64.6363
      vertex 68.5 3.4 62.245
      vertex 67.0555 6 64.4068
    endloop
  endfacet
  facet normal 0.421446 0.706681 -0.568318
    outer loop
      vertex 67.0555 6 64.4068
      vertex 68.5 3.4 62.245
      vertex 66.6968 6 64.1408
    endloop
  endfacet
  facet normal 0.103785 0.706685 -0.699875
    outer loop
      vertex 69.4805 6 65.2745
      vertex 69.7354 3.4 62.687
      vertex 69.0388 6 65.209
    endloop
  endfacet
  facet normal 0.0347003 0.706681 -0.706681
    outer loop
      vertex 70 6 65.3
      vertex 70 3.4 62.7
      vertex 69.554 6 65.2781
    endloop
  endfacet
  facet normal 0.171914 0.706688 -0.686321
    outer loop
      vertex 69.2162 3.4 62.5837
      vertex 68.5329 6 65.0897
      vertex 69.4733 3.4 62.6481
    endloop
  endfacet
  facet normal 0.172052 0.70669 -0.686285
    outer loop
      vertex 68.5329 6 65.0897
      vertex 69.2162 3.4 62.5837
      vertex 68.4615 6 65.0718
    endloop
  endfacet
  facet normal 0.302461 0.706685 -0.63962
    outer loop
      vertex 67.9718 6 64.8966
      vertex 68.9668 3.4 62.4945
      vertex 67.5681 6 64.7057
    endloop
  endfacet
  facet normal 0.23833 0.706682 -0.666182
    outer loop
      vertex 68.3922 6 65.047
      vertex 68.9668 3.4 62.4945
      vertex 67.9718 6 64.8966
    endloop
  endfacet
  facet normal -0.103826 0.70669 0.699864
    outer loop
      vertex 70.9612 6 54.791
      vertex 70.5267 3.4 57.3519
      vertex 71.034 6 54.8018
    endloop
  endfacet
  facet normal -0.10387 0.70669 0.699857
    outer loop
      vertex 70.5267 3.4 57.3519
      vertex 70.9612 6 54.791
      vertex 70.2646 3.4 57.313
    endloop
  endfacet
  facet normal -0.523759 0.706667 0.475708
    outer loop
      vertex 74.0475 6 56.5832
      vertex 72.0871 3.4 58.2871
      vertex 74.097 6 56.6377
    endloop
  endfacet
  facet normal -0.524272 0.706676 0.47513
    outer loop
      vertex 72.0871 3.4 58.2871
      vertex 74.0475 6 56.5832
      vertex 71.9092 3.4 58.0908
    endloop
  endfacet
  facet normal -0.63962 0.706685 0.302461
    outer loop
      vertex 74.8966 6 57.9718
      vertex 74.7057 6 57.5681
      vertex 72.4945 3.4 58.9668
    endloop
  endfacet
  facet normal -0.686321 0.706688 0.171914
    outer loop
      vertex 75.0897 6 58.5329
      vertex 72.5837 3.4 59.2162
      vertex 72.6481 3.4 59.4733
    endloop
  endfacet
  facet normal -0.686285 0.70669 0.172052
    outer loop
      vertex 72.5837 3.4 59.2162
      vertex 75.0897 6 58.5329
      vertex 75.0718 6 58.4615
    endloop
  endfacet
  facet normal -0.699875 0.706685 0.103785
    outer loop
      vertex 75.2745 6 59.4805
      vertex 75.209 6 59.0388
      vertex 72.687 3.4 59.7354
    endloop
  endfacet
  facet normal 0.171935 0.70669 0.686315
    outer loop
      vertex 69.4733 3.4 57.3519
      vertex 68.966 6 54.8018
      vertex 68.5329 6 54.9103
    endloop
  endfacet
  facet normal 0.10387 0.70669 0.699857
    outer loop
      vertex 69.0388 6 54.791
      vertex 69.4733 3.4 57.3519
      vertex 69.7354 3.4 57.313
    endloop
  endfacet
  facet normal 0.103826 0.70669 0.699864
    outer loop
      vertex 69.4733 3.4 57.3519
      vertex 69.0388 6 54.791
      vertex 68.966 6 54.8018
    endloop
  endfacet
  facet normal 0.524333 0.706682 0.475053
    outer loop
      vertex 68.0908 3.4 58.0908
      vertex 66.2523 6 56.2523
      vertex 65.9525 6 56.5832
    endloop
  endfacet
  facet normal 0.363675 0.706677 0.606917
    outer loop
      vertex 68.5 3.4 57.755
      vertex 67.4385 6 55.3637
      vertex 67.0555 6 55.5932
    endloop
  endfacet
  facet normal 0.23833 0.706682 0.666182
    outer loop
      vertex 68.9668 3.4 57.5055
      vertex 68.3922 6 54.953
      vertex 67.9718 6 55.1034
    endloop
  endfacet
  facet normal 0.302461 0.706685 0.63962
    outer loop
      vertex 68.9668 3.4 57.5055
      vertex 67.9718 6 55.1034
      vertex 67.5681 6 55.2943
    endloop
  endfacet
  facet normal 0.606917 0.706677 0.363675
    outer loop
      vertex 67.755 3.4 58.5
      vertex 65.5932 6 57.0555
      vertex 65.3637 6 57.4385
    endloop
  endfacet
  facet normal 0.568318 0.706681 0.421446
    outer loop
      vertex 67.755 3.4 58.5
      vertex 65.8592 6 56.6968
      vertex 65.5932 6 57.0555
    endloop
  endfacet
  facet normal 0.706685 0.706681 -0.0346131
    outer loop
      vertex 67.313 3.4 60.2646
      vertex 64.7219 6 60.446
      vertex 64.7255 6 60.5195
    endloop
  endfacet
  facet normal 0.706679 0.706682 -0.0347197
    outer loop
      vertex 64.7219 6 60.446
      vertex 67.313 3.4 60.2646
      vertex 67.3 3.4 60
    endloop
  endfacet
  facet normal 0.686321 0.706688 0.171914
    outer loop
      vertex 67.4163 3.4 59.2162
      vertex 64.9103 6 58.5329
      vertex 67.3519 3.4 59.4733
    endloop
  endfacet
  facet normal 0.686285 0.70669 0.172052
    outer loop
      vertex 64.9103 6 58.5329
      vertex 67.4163 3.4 59.2162
      vertex 64.9282 6 58.4615
    endloop
  endfacet
  facet normal 0.63962 0.706685 0.302461
    outer loop
      vertex 67.5055 3.4 58.9668
      vertex 65.2943 6 57.5681
      vertex 65.1034 6 57.9718
    endloop
  endfacet
  facet normal 0.666182 0.706682 0.23833
    outer loop
      vertex 67.5055 3.4 58.9668
      vertex 65.1034 6 57.9718
      vertex 64.953 6 58.3922
    endloop
  endfacet
  facet normal 0.666199 0.706686 -0.238272
    outer loop
      vertex 67.4163 3.4 60.7838
      vertex 64.953 6 61.6078
      vertex 67.5055 3.4 61.0332
    endloop
  endfacet
  facet normal 0.666157 0.706685 -0.238394
    outer loop
      vertex 64.953 6 61.6078
      vertex 67.4163 3.4 60.7838
      vertex 64.9282 6 61.5385
    endloop
  endfacet
  facet normal 0.606856 0.706669 -0.363793
    outer loop
      vertex 67.6188 3.4 61.2728
      vertex 65.3637 6 62.5615
      vertex 67.755 3.4 61.5
    endloop
  endfacet
  facet normal 0.60655 0.706663 -0.364314
    outer loop
      vertex 65.3637 6 62.5615
      vertex 67.6188 3.4 61.2728
      vertex 65.3258 6 62.4984
    endloop
  endfacet
  facet normal 0.475708 0.706667 -0.523759
    outer loop
      vertex 68.2871 3.4 62.0871
      vertex 66.5832 6 64.0475
      vertex 66.6377 6 64.097
    endloop
  endfacet
  facet normal 0.47513 0.706676 -0.524272
    outer loop
      vertex 66.5832 6 64.0475
      vertex 68.2871 3.4 62.0871
      vertex 68.0908 3.4 61.9092
    endloop
  endfacet
  facet normal 0.568318 0.706681 -0.421446
    outer loop
      vertex 65.8592 6 63.3032
      vertex 67.755 3.4 61.5
      vertex 65.5932 6 62.9445
    endloop
  endfacet
  facet normal 0.302459 0.706685 -0.639621
    outer loop
      vertex 68.7272 3.4 62.3812
      vertex 67.5681 6 64.7057
      vertex 68.9668 3.4 62.4945
    endloop
  endfacet
  facet normal 0.302881 0.706689 -0.639416
    outer loop
      vertex 67.5681 6 64.7057
      vertex 68.7272 3.4 62.3812
      vertex 67.5016 6 64.6742
    endloop
  endfacet
  facet normal 0.10387 0.70669 -0.699857
    outer loop
      vertex 69.4733 3.4 62.6481
      vertex 69.0388 6 65.209
      vertex 69.7354 3.4 62.687
    endloop
  endfacet
  facet normal 0.103826 0.70669 -0.699864
    outer loop
      vertex 69.0388 6 65.209
      vertex 69.4733 3.4 62.6481
      vertex 68.966 6 65.1982
    endloop
  endfacet
  facet normal -0.363675 0.706677 0.606917
    outer loop
      vertex 72.9445 6 55.5932
      vertex 72.5615 6 55.3637
      vertex 71.5 3.4 57.755
    endloop
  endfacet
  facet normal -0.421446 0.706681 0.568318
    outer loop
      vertex 73.3032 6 55.8592
      vertex 72.9445 6 55.5932
      vertex 71.5 3.4 57.755
    endloop
  endfacet
  facet normal 0.0347197 0.706682 0.706679
    outer loop
      vertex 69.554 6 54.7219
      vertex 69.7354 3.4 57.313
      vertex 70 3.4 57.3
    endloop
  endfacet
  facet normal 0.0346131 0.706681 0.706685
    outer loop
      vertex 69.7354 3.4 57.313
      vertex 69.554 6 54.7219
      vertex 69.4805 6 54.7255
    endloop
  endfacet
  facet normal -0.172052 0.70669 0.686285
    outer loop
      vertex 71.4671 6 54.9103
      vertex 70.7838 3.4 57.4163
      vertex 71.5385 6 54.9282
    endloop
  endfacet
  facet normal -0.171914 0.706688 0.686321
    outer loop
      vertex 70.7838 3.4 57.4163
      vertex 71.4671 6 54.9103
      vertex 70.5267 3.4 57.3519
    endloop
  endfacet
  facet normal -0.302461 0.706685 0.63962
    outer loop
      vertex 72.4319 6 55.2943
      vertex 72.0282 6 55.1034
      vertex 71.0332 3.4 57.5055
    endloop
  endfacet
  facet normal -0.23833 0.706682 0.666182
    outer loop
      vertex 72.0282 6 55.1034
      vertex 71.6078 6 54.953
      vertex 71.0332 3.4 57.5055
    endloop
  endfacet
  facet normal -0.47513 0.706676 0.524272
    outer loop
      vertex 73.4168 6 55.9525
      vertex 71.7129 3.4 57.9129
      vertex 71.9092 3.4 58.0908
    endloop
  endfacet
  facet normal -0.475708 0.706667 0.523759
    outer loop
      vertex 71.7129 3.4 57.9129
      vertex 73.4168 6 55.9525
      vertex 73.3623 6 55.903
    endloop
  endfacet
  facet normal -0.666182 0.706682 0.23833
    outer loop
      vertex 75.047 6 58.3922
      vertex 74.8966 6 57.9718
      vertex 72.4945 3.4 58.9668
    endloop
  endfacet
  facet normal -0.666157 0.706685 0.238394
    outer loop
      vertex 75.047 6 58.3922
      vertex 72.5837 3.4 59.2162
      vertex 75.0718 6 58.4615
    endloop
  endfacet
  facet normal -0.666199 0.706686 0.238272
    outer loop
      vertex 72.5837 3.4 59.2162
      vertex 75.047 6 58.3922
      vertex 72.4945 3.4 58.9668
    endloop
  endfacet
  facet normal -0.686315 0.70669 0.171935
    outer loop
      vertex 75.1982 6 58.966
      vertex 75.0897 6 58.5329
      vertex 72.6481 3.4 59.4733
    endloop
  endfacet
  facet normal -0.699857 0.70669 0.10387
    outer loop
      vertex 75.209 6 59.0388
      vertex 72.6481 3.4 59.4733
      vertex 72.687 3.4 59.7354
    endloop
  endfacet
  facet normal -0.699864 0.70669 0.103826
    outer loop
      vertex 72.6481 3.4 59.4733
      vertex 75.209 6 59.0388
      vertex 75.1982 6 58.966
    endloop
  endfacet
  facet normal 0.238272 0.706686 0.666199
    outer loop
      vertex 69.2162 3.4 57.4163
      vertex 68.3922 6 54.953
      vertex 68.9668 3.4 57.5055
    endloop
  endfacet
  facet normal 0.238394 0.706685 0.666157
    outer loop
      vertex 68.3922 6 54.953
      vertex 69.2162 3.4 57.4163
      vertex 68.4615 6 54.9282
    endloop
  endfacet
  facet normal 0.363793 0.706669 0.606856
    outer loop
      vertex 68.7272 3.4 57.6188
      vertex 67.4385 6 55.3637
      vertex 68.5 3.4 57.755
    endloop
  endfacet
  facet normal 0.364314 0.706663 0.60655
    outer loop
      vertex 67.4385 6 55.3637
      vertex 68.7272 3.4 57.6188
      vertex 67.5016 6 55.3258
    endloop
  endfacet
  facet normal 0.524272 0.706676 0.47513
    outer loop
      vertex 65.9525 6 56.5832
      vertex 67.9129 3.4 58.2871
      vertex 68.0908 3.4 58.0908
    endloop
  endfacet
  facet normal 0.523759 0.706667 0.475708
    outer loop
      vertex 67.9129 3.4 58.2871
      vertex 65.9525 6 56.5832
      vertex 65.903 6 56.6377
    endloop
  endfacet
  facet normal 0.421446 0.706681 0.568318
    outer loop
      vertex 68.5 3.4 57.755
      vertex 67.0555 6 55.5932
      vertex 66.6968 6 55.8592
    endloop
  endfacet
  facet normal 0.639621 0.706685 0.302459
    outer loop
      vertex 67.6188 3.4 58.7272
      vertex 65.2943 6 57.5681
      vertex 67.5055 3.4 58.9668
    endloop
  endfacet
  facet normal 0.639416 0.706689 0.302881
    outer loop
      vertex 65.2943 6 57.5681
      vertex 67.6188 3.4 58.7272
      vertex 65.3258 6 57.5016
    endloop
  endfacet
  facet normal 0.606856 0.706669 0.363793
    outer loop
      vertex 65.3637 6 57.4385
      vertex 67.6188 3.4 58.7272
      vertex 67.755 3.4 58.5
    endloop
  endfacet
  facet normal 0.60655 0.706663 0.364314
    outer loop
      vertex 67.6188 3.4 58.7272
      vertex 65.3637 6 57.4385
      vertex 65.3258 6 57.5016
    endloop
  endfacet
  facet normal 0.706681 0.706681 0.0347003
    outer loop
      vertex 67.3 3.4 60
      vertex 64.7219 6 59.554
      vertex 64.7 6 60
    endloop
  endfacet
  facet normal 0.706681 0.706681 -0.0347003
    outer loop
      vertex 64.7219 6 60.446
      vertex 67.3 3.4 60
      vertex 64.7 6 60
    endloop
  endfacet
  facet normal 0.706679 0.706682 0.0347197
    outer loop
      vertex 67.313 3.4 59.7354
      vertex 64.7219 6 59.554
      vertex 67.3 3.4 60
    endloop
  endfacet
  facet normal 0.706685 0.706681 0.0346131
    outer loop
      vertex 64.7219 6 59.554
      vertex 67.313 3.4 59.7354
      vertex 64.7255 6 59.4805
    endloop
  endfacet
  facet normal 0.699875 0.706685 0.103785
    outer loop
      vertex 67.313 3.4 59.7354
      vertex 64.791 6 59.0388
      vertex 64.7255 6 59.4805
    endloop
  endfacet
  facet normal 0.524272 0.706676 -0.47513
    outer loop
      vertex 67.9129 3.4 61.7129
      vertex 65.9525 6 63.4168
      vertex 68.0908 3.4 61.9092
    endloop
  endfacet
  facet normal 0.523759 0.706667 -0.475708
    outer loop
      vertex 65.9525 6 63.4168
      vertex 67.9129 3.4 61.7129
      vertex 65.903 6 63.3623
    endloop
  endfacet
  facet normal -0.302881 0.706689 0.639416
    outer loop
      vertex 72.4319 6 55.2943
      vertex 71.2728 3.4 57.6188
      vertex 72.4984 6 55.3258
    endloop
  endfacet
  facet normal -0.302459 0.706685 0.639621
    outer loop
      vertex 71.2728 3.4 57.6188
      vertex 72.4319 6 55.2943
      vertex 71.0332 3.4 57.5055
    endloop
  endfacet
  facet normal -0.363793 0.706669 0.606856
    outer loop
      vertex 72.5615 6 55.3637
      vertex 71.2728 3.4 57.6188
      vertex 71.5 3.4 57.755
    endloop
  endfacet
  facet normal -0.364314 0.706663 0.60655
    outer loop
      vertex 71.2728 3.4 57.6188
      vertex 72.5615 6 55.3637
      vertex 72.4984 6 55.3258
    endloop
  endfacet
  facet normal -0.0347003 0.706681 0.706681
    outer loop
      vertex 70.446 6 54.7219
      vertex 70 6 54.7
      vertex 70 3.4 57.3
    endloop
  endfacet
  facet normal 0.0347003 0.706681 0.706681
    outer loop
      vertex 70 3.4 57.3
      vertex 70 6 54.7
      vertex 69.554 6 54.7219
    endloop
  endfacet
  facet normal -0.0346131 0.706681 0.706685
    outer loop
      vertex 70.446 6 54.7219
      vertex 70.2646 3.4 57.313
      vertex 70.5195 6 54.7255
    endloop
  endfacet
  facet normal -0.0347197 0.706682 0.706679
    outer loop
      vertex 70.2646 3.4 57.313
      vertex 70.446 6 54.7219
      vertex 70 3.4 57.3
    endloop
  endfacet
  facet normal -0.103785 0.706685 0.699875
    outer loop
      vertex 70.9612 6 54.791
      vertex 70.5195 6 54.7255
      vertex 70.2646 3.4 57.313
    endloop
  endfacet
  facet normal -0.568318 0.706681 0.421446
    outer loop
      vertex 74.4068 6 57.0555
      vertex 74.1408 6 56.6968
      vertex 72.245 3.4 58.5
    endloop
  endfacet
  facet normal -0.606917 0.706677 0.363675
    outer loop
      vertex 74.6363 6 57.4385
      vertex 74.4068 6 57.0555
      vertex 72.245 3.4 58.5
    endloop
  endfacet
  facet normal -0.524333 0.706682 0.475053
    outer loop
      vertex 74.0475 6 56.5832
      vertex 73.7477 6 56.2523
      vertex 71.9092 3.4 58.0908
    endloop
  endfacet
  facet normal -0.475053 0.706682 0.524333
    outer loop
      vertex 73.7477 6 56.2523
      vertex 73.4168 6 55.9525
      vertex 71.9092 3.4 58.0908
    endloop
  endfacet
  facet normal -0.639621 0.706685 0.302459
    outer loop
      vertex 74.7057 6 57.5681
      vertex 72.3812 3.4 58.7272
      vertex 72.4945 3.4 58.9668
    endloop
  endfacet
  facet normal -0.639416 0.706689 0.302881
    outer loop
      vertex 72.3812 3.4 58.7272
      vertex 74.7057 6 57.5681
      vertex 74.6742 6 57.5016
    endloop
  endfacet
  facet normal 0.47513 0.706676 0.524272
    outer loop
      vertex 68.2871 3.4 57.9129
      vertex 66.5832 6 55.9525
      vertex 68.0908 3.4 58.0908
    endloop
  endfacet
  facet normal 0.475708 0.706667 0.523759
    outer loop
      vertex 66.5832 6 55.9525
      vertex 68.2871 3.4 57.9129
      vertex 66.6377 6 55.903
    endloop
  endfacet
  facet normal -0.56829 0.706683 0.42148
    outer loop
      vertex 74.1408 6 56.6968
      vertex 72.0871 3.4 58.2871
      vertex 72.245 3.4 58.5
    endloop
  endfacet
  facet normal -0.568441 0.706681 0.421281
    outer loop
      vertex 72.0871 3.4 58.2871
      vertex 74.1408 6 56.6968
      vertex 74.097 6 56.6377
    endloop
  endfacet
endsolid OpenSCAD_Model
